sku,name,brand,net_content,unit,price,list_price,discount_price,in_offer,saving_text,ppum,ppum_list_price,detail_url,image_url,group_name,category_name,category_url,source_next_data_url,extracted_at
766,Agua purificada Benedictino sin gas botella 1.5 L,Benedictino,1 un,litro,950,950,,False,,$633 x litro,$633 x litro,https://www.unimarc.cl/agua-min-benedictino-s-gas-1-5-l/p,https://unimarc.vtexassets.com/arquivos/ids/205097/000000000000186401-UN-01.jpg?v=637412623806270000,Aguas,Agua sin gas,https://www.unimarc.cl/category/bebidas-y-licores/aguas/agua-sin-gas,https://www.unimarc.cl/_next/data/0ucQ92dO_m9T9joH0FjVV/category/bebidas-y-licores/aguas/agua-sin-gas.json?categories=bebidas-y-licores&categories=aguas&categories=agua-sin-gas,2026-02-18T12:42:53
1172,Agua purificada Benedictino sin gas bidón 6.5 L,Benedictino,1 un,litro,2190,2190,,False,,$337 x litro,$337 x litro,https://www.unimarc.cl/agua-min-benedictino-s-gas-bidon-6-l/p,https://unimarc.vtexassets.com/arquivos/ids/205112/000000000000570568-UN-01.jpg?v=637412638610970000,Aguas,Agua sin gas,https://www.unimarc.cl/category/bebidas-y-licores/aguas/agua-sin-gas,https://www.unimarc.cl/_next/data/0ucQ92dO_m9T9joH0FjVV/category/bebidas-y-licores/aguas/agua-sin-gas.json?categories=bebidas-y-licores&categories=aguas&categories=agua-sin-gas,2026-02-18T12:42:53
230,Agua mineral Vital sin gas botella 1.6 L,Vital,1 un,litro,990,990,,False,,$619 x litro,$619 x litro,https://www.unimarc.cl/agua-min-vital-s-gas-1-6-l-no-retor/p,https://unimarc.vtexassets.com/arquivos/ids/252894/000000000000031263-UN-01.jpg?v=638983752576000000,Aguas,Agua sin gas,https://www.unimarc.cl/category/bebidas-y-licores/aguas/agua-sin-gas,https://www.unimarc.cl/_next/data/0ucQ92dO_m9T9joH0FjVV/category/bebidas-y-licores/aguas/agua-sin-gas.json?categories=bebidas-y-licores&categories=aguas&categories=agua-sin-gas,2026-02-18T12:42:53
4423,Agua purificada Benedictino sin gas botella 500 ml,Benedictino,1 un,litro,910,910,,False,,$1.820 x litro,$1.820 x litro,https://www.unimarc.cl/agua-benedictino-pet-s-gas-500-cc/p,https://unimarc.vtexassets.com/arquivos/ids/249456/000000000000186399-UN-01.jpg?v=638851049681100000,Aguas,Agua sin gas,https://www.unimarc.cl/category/bebidas-y-licores/aguas/agua-sin-gas,https://www.unimarc.cl/_next/data/0ucQ92dO_m9T9joH0FjVV/category/bebidas-y-licores/aguas/agua-sin-gas.json?categories=bebidas-y-licores&categories=aguas&categories=agua-sin-gas,2026-02-18T12:42:53
84609,Agua mineral Cachantun sin gas 600 ml,Cachantun,1 un,litro,820,820,,False,,$1.367 x litro,$1.367 x litro,https://www.unimarc.cl/agua-mineral-s-gas-cachantun-pet-600-ml/p,https://unimarc.vtexassets.com/arquivos/ids/245220/000000000000664949-UN-01.jpg?v=638669494796930000,Aguas,Agua sin gas,https://www.unimarc.cl/category/bebidas-y-licores/aguas/agua-sin-gas,https://www.unimarc.cl/_next/data/0ucQ92dO_m9T9joH0FjVV/category/bebidas-y-licores/aguas/agua-sin-gas.json?categories=bebidas-y-licores&categories=aguas&categories=agua-sin-gas,2026-02-18T12:42:53
93222,Agua mineral sin gas Manantial 3L,Manantial,1 un,litro,1000,1090,1000,True,Ahorras $90,$333 x litro,$363 x litro,https://www.unimarc.cl/agua-mineral-sin-gas-manantial-pet-3lt/p,https://unimarc.vtexassets.com/arquivos/ids/254799/000000000000670309-UN-01.jpg?v=639033167708770000,Aguas,Agua sin gas,https://www.unimarc.cl/category/bebidas-y-licores/aguas/agua-sin-gas,https://www.unimarc.cl/_next/data/0ucQ92dO_m9T9joH0FjVV/category/bebidas-y-licores/aguas/agua-sin-gas.json?categories=bebidas-y-licores&categories=aguas&categories=agua-sin-gas,2026-02-18T12:42:53
86819,Agua mineral Cachantun sin gas 2.5 L,Cachantun,1 un,litro,1490,1490,,False,,$596 x litro,$596 x litro,https://www.unimarc.cl/agua-mineral-sin-gas-cachantun-pet-2-5lt/p,https://unimarc.vtexassets.com/arquivos/ids/237839/000000000000666068-UN-01.jpg?v=638439717104130000,Aguas,Agua sin gas,https://www.unimarc.cl/category/bebidas-y-licores/aguas/agua-sin-gas,https://www.unimarc.cl/_next/data/0ucQ92dO_m9T9joH0FjVV/category/bebidas-y-licores/aguas/agua-sin-gas.json?categories=bebidas-y-licores&categories=aguas&categories=agua-sin-gas,2026-02-18T12:42:53
3257,Agua mineral Cachantun sin gas 1.6 L,Cachantun,1 un,litro,1150,1150,,False,,$719 x litro,$719 x litro,https://www.unimarc.cl/agua-cachantun-s-gas-no-ret-1-6-lt/p,https://unimarc.vtexassets.com/arquivos/ids/237614/000000000000022865-UN-01.jpg?v=638434287106070000,Aguas,Agua sin gas,https://www.unimarc.cl/category/bebidas-y-licores/aguas/agua-sin-gas,https://www.unimarc.cl/_next/data/0ucQ92dO_m9T9joH0FjVV/category/bebidas-y-licores/aguas/agua-sin-gas.json?categories=bebidas-y-licores&categories=aguas&categories=agua-sin-gas,2026-02-18T12:42:53
80250,Agua purificada Benedictino sin gas botella 3 L,Benedictino,1 un,litro,1290,1290,,False,,$430 x litro,$430 x litro,https://www.unimarc.cl/agua-benedictino-s-gas-3-lt/p,https://unimarc.vtexassets.com/arquivos/ids/222249/000000000000989932-UN-01.jpg?v=637750254970600000,Aguas,Agua sin gas,https://www.unimarc.cl/category/bebidas-y-licores/aguas/agua-sin-gas,https://www.unimarc.cl/_next/data/0ucQ92dO_m9T9joH0FjVV/category/bebidas-y-licores/aguas/agua-sin-gas.json?categories=bebidas-y-licores&categories=aguas&categories=agua-sin-gas,2026-02-18T12:42:53
161,Agua mineral Vital sin gas botella 600 ml,Vital,1 un,litro,930,930,,False,,$1.550 x litro,$1.550 x litro,https://www.unimarc.cl/agua-min-vital-s-gas-600-ml-no-retor/p,https://unimarc.vtexassets.com/arquivos/ids/252893/000000000000023281-UN-01.jpg?v=638983751953300000,Aguas,Agua sin gas,https://www.unimarc.cl/category/bebidas-y-licores/aguas/agua-sin-gas,https://www.unimarc.cl/_next/data/0ucQ92dO_m9T9joH0FjVV/category/bebidas-y-licores/aguas/agua-sin-gas.json?categories=bebidas-y-licores&categories=aguas&categories=agua-sin-gas,2026-02-18T12:42:53
84464,Agua mineral Awa Solar sin gas lata 355 ml,Awa Solar,1 un,litro,1350,1350,,False,,$3.803 x litro,$3.803 x litro,https://www.unimarc.cl/agua-mineral-sin-gas-awa-solar-355-ml/p,https://unimarc.vtexassets.com/arquivos/ids/233059/000000000000664005-UN-01.jpg?v=638187420867070000,Aguas,Agua sin gas,https://www.unimarc.cl/category/bebidas-y-licores/aguas/agua-sin-gas,https://www.unimarc.cl/_next/data/0ucQ92dO_m9T9joH0FjVV/category/bebidas-y-licores/aguas/agua-sin-gas.json?categories=bebidas-y-licores&categories=aguas&categories=agua-sin-gas,2026-02-18T12:42:53
3256,Agua Mineral Porvenir sin gas 1.5 L,Porvenir,1 un,litro,1340,1490,1340,True,Ahorras $150,$893 x litro,$993 x litro,https://www.unimarc.cl/agua-mineral-s-gas-pet-porvenir-1-5-lt/p,https://unimarc.vtexassets.com/arquivos/ids/180212/000000000000022862-UN.jpg?v=636765777687770000,Aguas,Agua sin gas,https://www.unimarc.cl/category/bebidas-y-licores/aguas/agua-sin-gas,https://www.unimarc.cl/_next/data/0ucQ92dO_m9T9joH0FjVV/category/bebidas-y-licores/aguas/agua-sin-gas.json?categories=bebidas-y-licores&categories=aguas&categories=agua-sin-gas,2026-02-18T12:42:53
765,Agua purificada Benedictino con gas botella 1.5 L,Benedictino,1 un,litro,950,950,,False,,$633 x litro,$633 x litro,https://www.unimarc.cl/agua-min-benedictino-c-gas-1-5-l/p,https://unimarc.vtexassets.com/arquivos/ids/205098/000000000000186400-UN-01.jpg?v=637412624942900000,Aguas,Agua con gas,https://www.unimarc.cl/category/bebidas-y-licores/aguas/agua-con-gas,https://www.unimarc.cl/_next/data/0ucQ92dO_m9T9joH0FjVV/category/bebidas-y-licores/aguas/agua-con-gas.json?categories=bebidas-y-licores&categories=aguas&categories=agua-con-gas,2026-02-18T12:43:00
93221,Agua mineral con gas Manantial 3L,Manantial,1 un,litro,1000,1090,1000,True,Ahorras $90,$333 x litro,$363 x litro,https://www.unimarc.cl/agua-mineral-con-gas-manantial-pet-3lt/p,https://unimarc.vtexassets.com/arquivos/ids/254801/000000000000670308-UN-01.jpg?v=639033167880800000,Aguas,Agua con gas,https://www.unimarc.cl/category/bebidas-y-licores/aguas/agua-con-gas,https://www.unimarc.cl/_next/data/0ucQ92dO_m9T9joH0FjVV/category/bebidas-y-licores/aguas/agua-con-gas.json?categories=bebidas-y-licores&categories=aguas&categories=agua-con-gas,2026-02-18T12:43:00
152,Agua mineral Cachantun con gas 1.6 L,Cachantun,1 un,litro,1150,1150,,False,,$719 x litro,$719 x litro,https://www.unimarc.cl/agua-min-cachantun-c-gas-1-6-l-no-retorn/p,https://unimarc.vtexassets.com/arquivos/ids/237613/000000000000022864-UN-01.jpg?v=638434287079430000,Aguas,Agua con gas,https://www.unimarc.cl/category/bebidas-y-licores/aguas/agua-con-gas,https://www.unimarc.cl/_next/data/0ucQ92dO_m9T9joH0FjVV/category/bebidas-y-licores/aguas/agua-con-gas.json?categories=bebidas-y-licores&categories=aguas&categories=agua-con-gas,2026-02-18T12:43:00
231,Agua mineral Vital con gas botella 1.6 L,Vital,1 un,litro,990,990,,False,,$619 x litro,$619 x litro,https://www.unimarc.cl/agua-min-vital-c-gas-1-6-l-no-retor/p,https://unimarc.vtexassets.com/arquivos/ids/252895/000000000000031264-UN-01.jpg?v=638983753205770000,Aguas,Agua con gas,https://www.unimarc.cl/category/bebidas-y-licores/aguas/agua-con-gas,https://www.unimarc.cl/_next/data/0ucQ92dO_m9T9joH0FjVV/category/bebidas-y-licores/aguas/agua-con-gas.json?categories=bebidas-y-licores&categories=aguas&categories=agua-con-gas,2026-02-18T12:43:00
90926,Agua mineral Cachantun strong con gas 1.6 L,Cachantun,1 un,litro,1150,1150,,False,,$719 x litro,$719 x litro,https://www.unimarc.cl/agua-min-strong-c-g-cachantun-pet-1-6-lt/p,https://unimarc.vtexassets.com/arquivos/ids/247121/000000000000674450-UN-01.jpg.jpg?v=638760313363670000,Aguas,Agua con gas,https://www.unimarc.cl/category/bebidas-y-licores/aguas/agua-con-gas,https://www.unimarc.cl/_next/data/0ucQ92dO_m9T9joH0FjVV/category/bebidas-y-licores/aguas/agua-con-gas.json?categories=bebidas-y-licores&categories=aguas&categories=agua-con-gas,2026-02-18T12:43:00
4422,Agua purificada Benedictino con gas botella 500 ml,Benedictino,1 un,litro,910,910,,False,,$1.820 x litro,$1.820 x litro,https://www.unimarc.cl/agua-pet-c-gas-benedictino-500-cc/p,https://unimarc.vtexassets.com/arquivos/ids/249455/000000000000186398-UN-01.jpg?v=638851048207270000,Aguas,Agua con gas,https://www.unimarc.cl/category/bebidas-y-licores/aguas/agua-con-gas,https://www.unimarc.cl/_next/data/0ucQ92dO_m9T9joH0FjVV/category/bebidas-y-licores/aguas/agua-con-gas.json?categories=bebidas-y-licores&categories=aguas&categories=agua-con-gas,2026-02-18T12:43:00
84751,Agua mineral Cachantun con gas 600 ml,Cachantun,1 un,litro,820,820,,False,,$1.367 x litro,$1.367 x litro,https://www.unimarc.cl/agua-mineral-c-gas-cachantun-pet-600-ml/p,https://unimarc.vtexassets.com/arquivos/ids/245221/000000000000665463-UN-01.jpg?v=638669495232700000,Aguas,Agua con gas,https://www.unimarc.cl/category/bebidas-y-licores/aguas/agua-con-gas,https://www.unimarc.cl/_next/data/0ucQ92dO_m9T9joH0FjVV/category/bebidas-y-licores/aguas/agua-con-gas.json?categories=bebidas-y-licores&categories=aguas&categories=agua-con-gas,2026-02-18T12:43:00
227,Agua mineral Cachantun light con gas 1.6 L,Cachantun,1 un,litro,1150,1150,,False,,$719 x litro,$719 x litro,https://www.unimarc.cl/agua-min-cachantun-light-gas-1-6l-no-ret/p,https://unimarc.vtexassets.com/arquivos/ids/237615/000000000000031113-UN-01.jpg?v=638434287130300000,Aguas,Agua con gas,https://www.unimarc.cl/category/bebidas-y-licores/aguas/agua-con-gas,https://www.unimarc.cl/_next/data/0ucQ92dO_m9T9joH0FjVV/category/bebidas-y-licores/aguas/agua-con-gas.json?categories=bebidas-y-licores&categories=aguas&categories=agua-con-gas,2026-02-18T12:43:00
90923,Agua mineral Cachantun strong con gas 600 ml,Cachantun,1 un,litro,820,820,,False,,$1.367 x litro,$1.367 x litro,https://www.unimarc.cl/agua-min-strong-c-g-cachantun-pet-600-cc/p,https://unimarc.vtexassets.com/arquivos/ids/247120/000000000000673977-UN-01.jpg.jpg?v=638760310838430000,Aguas,Agua con gas,https://www.unimarc.cl/category/bebidas-y-licores/aguas/agua-con-gas,https://www.unimarc.cl/_next/data/0ucQ92dO_m9T9joH0FjVV/category/bebidas-y-licores/aguas/agua-con-gas.json?categories=bebidas-y-licores&categories=aguas&categories=agua-con-gas,2026-02-18T12:43:00
86818,Agua mineral Cachantun con gas 2.5 L,Cachantun,1 un,litro,1490,1490,,False,,$596 x litro,$596 x litro,https://www.unimarc.cl/agua-mineral-con-gas-cachantun-pet-2-5lt/p,https://unimarc.vtexassets.com/arquivos/ids/237838/000000000000666067-UN-01.jpg?v=638439717101400000,Aguas,Agua con gas,https://www.unimarc.cl/category/bebidas-y-licores/aguas/agua-con-gas,https://www.unimarc.cl/_next/data/0ucQ92dO_m9T9joH0FjVV/category/bebidas-y-licores/aguas/agua-con-gas.json?categories=bebidas-y-licores&categories=aguas&categories=agua-con-gas,2026-02-18T12:43:00
84608,Agua mineral Cachantun light gas botella 600 ml,Cachantun,1 un,litro,820,820,,False,,$1.367 x litro,$1.367 x litro,https://www.unimarc.cl/agua-mineral-lev-gas-cachantun-pet-600ml/p,https://unimarc.vtexassets.com/arquivos/ids/245219/000000000000664948-UN-01.jpg?v=638669494380100000,Aguas,Agua con gas,https://www.unimarc.cl/category/bebidas-y-licores/aguas/agua-con-gas,https://www.unimarc.cl/_next/data/0ucQ92dO_m9T9joH0FjVV/category/bebidas-y-licores/aguas/agua-con-gas.json?categories=bebidas-y-licores&categories=aguas&categories=agua-con-gas,2026-02-18T12:43:00
93656,Agua Mas con gas limón y frambuesa sin azúcar lata 310 ml,Mas,1 un,litro,1090,1090,,False,,$3.516 x litro,$3.516 x litro,https://www.unimarc.cl/agua-c-gas-s-a-limon-framb-mas-310m-lata/p,https://unimarc.vtexassets.com/arquivos/ids/252983/000000000000691890-UN-01.jpg?v=638985716571600000,Aguas,Agua con gas,https://www.unimarc.cl/category/bebidas-y-licores/aguas/agua-con-gas,https://www.unimarc.cl/_next/data/0ucQ92dO_m9T9joH0FjVV/category/bebidas-y-licores/aguas/agua-con-gas.json?categories=bebidas-y-licores&categories=aguas&categories=agua-con-gas,2026-02-18T12:43:00
78959,Agua Benedictino con gas botella 3 L,Benedictino,1 un,litro,1290,1290,,False,,$430 x litro,$430 x litro,https://www.unimarc.cl/agua-pet-c-gas-benedictino-3-lt/p,https://unimarc.vtexassets.com/arquivos/ids/221825/000000000000989099-UN-01.jpg?v=637732112526500000,Aguas,Agua con gas,https://www.unimarc.cl/category/bebidas-y-licores/aguas/agua-con-gas,https://www.unimarc.cl/_next/data/0ucQ92dO_m9T9joH0FjVV/category/bebidas-y-licores/aguas/agua-con-gas.json?categories=bebidas-y-licores&categories=aguas&categories=agua-con-gas,2026-02-18T12:43:00
160,Agua mineral Vital con gas botella 600 ml,Vital,1 un,litro,930,930,,False,,$1.550 x litro,$1.550 x litro,https://www.unimarc.cl/agua-min-vital-c-gas-600-ml-no-retor/p,https://unimarc.vtexassets.com/arquivos/ids/252892/000000000000023279-UN-01.jpg?v=638983751166600000,Aguas,Agua con gas,https://www.unimarc.cl/category/bebidas-y-licores/aguas/agua-con-gas,https://www.unimarc.cl/_next/data/0ucQ92dO_m9T9joH0FjVV/category/bebidas-y-licores/aguas/agua-con-gas.json?categories=bebidas-y-licores&categories=aguas&categories=agua-con-gas,2026-02-18T12:43:00
33305,Pack agua mineral Perrier con gas 4 un de 330 ml,Perrier,1 un,litro,5790,5790,,False,,$4.386 x litro,$4.386 x litro,https://www.unimarc.cl/agua-mineral-perrier-330-cc/p,https://unimarc.vtexassets.com/arquivos/ids/243609/000000000000022839-DIS-01.jpg?v=638599387673930000,Aguas,Agua con gas,https://www.unimarc.cl/category/bebidas-y-licores/aguas/agua-con-gas,https://www.unimarc.cl/_next/data/0ucQ92dO_m9T9joH0FjVV/category/bebidas-y-licores/aguas/agua-con-gas.json?categories=bebidas-y-licores&categories=aguas&categories=agua-con-gas,2026-02-18T12:43:00
84463,Agua mineral Awa Solar con gas lata 355 ml,Awa Solar,1 un,litro,1350,1350,,False,,$3.803 x litro,$3.803 x litro,https://www.unimarc.cl/agua-mineral-con-gas-awa-solar-355-ml/p,https://unimarc.vtexassets.com/arquivos/ids/233058/000000000000664004-UN-01.jpg?v=638187407074770000,Aguas,Agua con gas,https://www.unimarc.cl/category/bebidas-y-licores/aguas/agua-con-gas,https://www.unimarc.cl/_next/data/0ucQ92dO_m9T9joH0FjVV/category/bebidas-y-licores/aguas/agua-con-gas.json?categories=bebidas-y-licores&categories=aguas&categories=agua-con-gas,2026-02-18T12:43:00
63562,Agua mineral San Pellegrino con gas botella 750 ml,San Pellegrino,1 un,litro,2190,2190,,False,,$2.920 x litro,$2.920 x litro,https://www.unimarc.cl/agua-min-c-gas-s-pellegrino-bot-vid-750c/p,https://unimarc.vtexassets.com/arquivos/ids/186935/Agua-Mineral-San-Pellegrino-con-gas-botella-750-ml-1-71905.jpg?v=637013946764900000,Aguas,Agua con gas,https://www.unimarc.cl/category/bebidas-y-licores/aguas/agua-con-gas,https://www.unimarc.cl/_next/data/0ucQ92dO_m9T9joH0FjVV/category/bebidas-y-licores/aguas/agua-con-gas.json?categories=bebidas-y-licores&categories=aguas&categories=agua-con-gas,2026-02-18T12:43:00
10912,Agua mineral Perrier con gas 750 ml,Perrier,1 un,litro,2290,2990,2290,True,Ahorras $700,$3.053 x litro,$3.987 x litro,https://www.unimarc.cl/agua-mineral-perrier-750-cc/p,https://unimarc.vtexassets.com/arquivos/ids/243633/000000000000182168-UN-01.jpg?v=638599387921770000,Aguas,Agua con gas,https://www.unimarc.cl/category/bebidas-y-licores/aguas/agua-con-gas,https://www.unimarc.cl/_next/data/0ucQ92dO_m9T9joH0FjVV/category/bebidas-y-licores/aguas/agua-con-gas.json?categories=bebidas-y-licores&categories=aguas&categories=agua-con-gas,2026-02-18T12:43:00
10817,Agua mineral Perrier con gas 330 ml,Perrier,1 un,litro,1650,1650,,False,,$5.000 x litro,$5.000 x litro,https://www.unimarc.cl/agua-mineral-perrier-330-cc-2/p,https://unimarc.vtexassets.com/arquivos/ids/243610/000000000000022839-UN-01.jpg?v=638599387680030000,Aguas,Agua con gas,https://www.unimarc.cl/category/bebidas-y-licores/aguas/agua-con-gas,https://www.unimarc.cl/_next/data/0ucQ92dO_m9T9joH0FjVV/category/bebidas-y-licores/aguas/agua-con-gas.json?categories=bebidas-y-licores&categories=aguas&categories=agua-con-gas,2026-02-18T12:43:00
3258,Agua Mineral Porvenir con gas 1.5 L,Porvenir,1 un,litro,990,990,,False,,$660 x litro,$660 x litro,https://www.unimarc.cl/agua-mineral-c-gas-porvenir-1-5-lt/p,https://unimarc.vtexassets.com/arquivos/ids/180213/000000000000022873-UN.jpg?v=636765778958730000,Aguas,Agua con gas,https://www.unimarc.cl/category/bebidas-y-licores/aguas/agua-con-gas,https://www.unimarc.cl/_next/data/0ucQ92dO_m9T9joH0FjVV/category/bebidas-y-licores/aguas/agua-con-gas.json?categories=bebidas-y-licores&categories=aguas&categories=agua-con-gas,2026-02-18T12:43:00
5993,Agua saborizada Más citrus 1.6 L,Mas,1 un,litro,1290,1290,,False,,$806 x litro,$806 x litro,https://www.unimarc.cl/mas-cachantun-citrus-pet-1-6-lt/p,https://unimarc.vtexassets.com/arquivos/ids/244148/000000000000615249-UN-01.jpg?v=638618364890830000,Aguas,Agua saborizada,https://www.unimarc.cl/category/bebidas-y-licores/aguas/agua-saborizada,https://www.unimarc.cl/_next/data/0ucQ92dO_m9T9joH0FjVV/category/bebidas-y-licores/aguas/agua-saborizada.json?categories=bebidas-y-licores&categories=aguas&categories=agua-saborizada,2026-02-18T12:43:07
1352,Agua saborizada Más granada 1.6 L,Mas,1 un,litro,1290,1290,,False,,$806 x litro,$806 x litro,https://www.unimarc.cl/agua-cachantun-mas-granada-1-6-l/p,https://unimarc.vtexassets.com/arquivos/ids/244149/000000000000615253-UN-01.jpg?v=638618365670670000,Aguas,Agua saborizada,https://www.unimarc.cl/category/bebidas-y-licores/aguas/agua-saborizada,https://www.unimarc.cl/_next/data/0ucQ92dO_m9T9joH0FjVV/category/bebidas-y-licores/aguas/agua-saborizada.json?categories=bebidas-y-licores&categories=aguas&categories=agua-saborizada,2026-02-18T12:43:07
5289,Agua saborizada Aquarius manzana sin azúcar botella 1.6 L,Aquarius,1 un,litro,1090,1220,1090,True,Ahorras $130,$681 x litro,$763 x litro,https://www.unimarc.cl/agua-aquarius-manzana-pet-1-5-lt/p,https://unimarc.vtexassets.com/arquivos/ids/204663/000000000000526124-UN-01.jpg?v=637405766084330000,Aguas,Agua saborizada,https://www.unimarc.cl/category/bebidas-y-licores/aguas/agua-saborizada,https://www.unimarc.cl/_next/data/0ucQ92dO_m9T9joH0FjVV/category/bebidas-y-licores/aguas/agua-saborizada.json?categories=bebidas-y-licores&categories=aguas&categories=agua-saborizada,2026-02-18T12:43:07
5290,Agua saborizada Aquarius pera sin azúcar botella 1.6 L,Aquarius,1 un,litro,950,1220,950,True,Ahorras $270,$594 x litro,$763 x litro,https://www.unimarc.cl/agua-aquarius-pera-pet-1-5-lt/p,https://unimarc.vtexassets.com/arquivos/ids/204664/000000000000526125-UN-01.jpg?v=637405767214600000,Aguas,Agua saborizada,https://www.unimarc.cl/category/bebidas-y-licores/aguas/agua-saborizada,https://www.unimarc.cl/_next/data/0ucQ92dO_m9T9joH0FjVV/category/bebidas-y-licores/aguas/agua-saborizada.json?categories=bebidas-y-licores&categories=aguas&categories=agua-saborizada,2026-02-18T12:43:07
1351,Agua saborizada Más manzana 1.6 L,Mas,1 un,litro,1290,1290,,False,,$806 x litro,$806 x litro,https://www.unimarc.cl/agua-cachantun-mas-manzana-1-6-l/p,https://unimarc.vtexassets.com/arquivos/ids/244150/000000000000615251-UN-01.jpg?v=638618366299630000,Aguas,Agua saborizada,https://www.unimarc.cl/category/bebidas-y-licores/aguas/agua-saborizada,https://www.unimarc.cl/_next/data/0ucQ92dO_m9T9joH0FjVV/category/bebidas-y-licores/aguas/agua-saborizada.json?categories=bebidas-y-licores&categories=aguas&categories=agua-saborizada,2026-02-18T12:43:07
1353,Agua saborizada Más pera 1.6 L,Mas,1 un,litro,1290,1290,,False,,$806 x litro,$806 x litro,https://www.unimarc.cl/agua-cachantun-mas-pera-1-6-l/p,https://unimarc.vtexassets.com/arquivos/ids/244151/000000000000615255-UN-01.jpg?v=638618366874730000,Aguas,Agua saborizada,https://www.unimarc.cl/category/bebidas-y-licores/aguas/agua-saborizada,https://www.unimarc.cl/_next/data/0ucQ92dO_m9T9joH0FjVV/category/bebidas-y-licores/aguas/agua-saborizada.json?categories=bebidas-y-licores&categories=aguas&categories=agua-saborizada,2026-02-18T12:43:07
67474,Agua saborizada Más piña 1.6 L,Mas,1 un,litro,1390,1390,,False,,$869 x litro,$869 x litro,https://www.unimarc.cl/agua-mas-s-gas-1-6lt-pina/p,https://unimarc.vtexassets.com/arquivos/ids/229764/000000000634886003-UN-01.jpg?v=638016334037430000,Aguas,Agua saborizada,https://www.unimarc.cl/category/bebidas-y-licores/aguas/agua-saborizada,https://www.unimarc.cl/_next/data/0ucQ92dO_m9T9joH0FjVV/category/bebidas-y-licores/aguas/agua-saborizada.json?categories=bebidas-y-licores&categories=aguas&categories=agua-saborizada,2026-02-18T12:43:07
5291,Agua saborizada Aquarius limonada sin azúcar botella 1.6 L,Aquarius,1 un,litro,1090,1220,1090,True,Ahorras $130,$681 x litro,$763 x litro,https://www.unimarc.cl/agua-aquarius-limon-pet-1-5-lt/p,https://unimarc.vtexassets.com/arquivos/ids/204665/000000000000526126-UN-01.jpg?v=637405768178270000,Aguas,Agua saborizada,https://www.unimarc.cl/category/bebidas-y-licores/aguas/agua-saborizada,https://www.unimarc.cl/_next/data/0ucQ92dO_m9T9joH0FjVV/category/bebidas-y-licores/aguas/agua-saborizada.json?categories=bebidas-y-licores&categories=aguas&categories=agua-saborizada,2026-02-18T12:43:07
5995,Agua saborizada Más uva 1.6 L,Mas,1 un,litro,1290,1290,,False,,$806 x litro,$806 x litro,https://www.unimarc.cl/mas-cachantun-uva-pet-1-6-lt/p,https://unimarc.vtexassets.com/arquivos/ids/244152/000000000000615254-UN-01.jpg?v=638618367436000000,Aguas,Agua saborizada,https://www.unimarc.cl/category/bebidas-y-licores/aguas/agua-saborizada,https://www.unimarc.cl/_next/data/0ucQ92dO_m9T9joH0FjVV/category/bebidas-y-licores/aguas/agua-saborizada.json?categories=bebidas-y-licores&categories=aguas&categories=agua-saborizada,2026-02-18T12:43:07
10492,Agua saborizada Aquarius uva sin azúcar añadida botella 1.6 L,Aquarius,1 un,litro,1090,1220,1090,True,Ahorras $130,$681 x litro,$763 x litro,https://www.unimarc.cl/agua-aquarius-uva-pet-1-5-lt/p,https://unimarc.vtexassets.com/arquivos/ids/196477/000000000000604402-UN-01.jpg?v=637273390753830000,Aguas,Agua saborizada,https://www.unimarc.cl/category/bebidas-y-licores/aguas/agua-saborizada,https://www.unimarc.cl/_next/data/0ucQ92dO_m9T9joH0FjVV/category/bebidas-y-licores/aguas/agua-saborizada.json?categories=bebidas-y-licores&categories=aguas&categories=agua-saborizada,2026-02-18T12:43:07
67473,Agua Cachantún Más sin gas limonada jengibre 1.6 L,Mas,1 un,litro,1390,1390,,False,,$869 x litro,$869 x litro,https://www.unimarc.cl/agua-mas-s-gas-1-6lt-limonada-jengibre/p,https://unimarc.vtexassets.com/arquivos/ids/196629/000000000634886002-UN-01.jpg?v=637274239911370000,Aguas,Agua saborizada,https://www.unimarc.cl/category/bebidas-y-licores/aguas/agua-saborizada,https://www.unimarc.cl/_next/data/0ucQ92dO_m9T9joH0FjVV/category/bebidas-y-licores/aguas/agua-saborizada.json?categories=bebidas-y-licores&categories=aguas&categories=agua-saborizada,2026-02-18T12:43:07
82499,Agua Más con gas citrus 600 ml,Mas,1 un,litro,990,990,,False,,$1.650 x litro,$1.650 x litro,https://www.unimarc.cl/agua-mas-c-gas-600-cc-citrus/p,https://unimarc.vtexassets.com/arquivos/ids/229762/000000000661458001-UN-01.jpg?v=638016331445770000,Aguas,Agua saborizada,https://www.unimarc.cl/category/bebidas-y-licores/aguas/agua-saborizada,https://www.unimarc.cl/_next/data/0ucQ92dO_m9T9joH0FjVV/category/bebidas-y-licores/aguas/agua-saborizada.json?categories=bebidas-y-licores&categories=aguas&categories=agua-saborizada,2026-02-18T12:43:07
82494,Agua Más sin gas granada 600 ml,Mas,1 un,litro,990,990,,False,,$1.650 x litro,$1.650 x litro,https://www.unimarc.cl/agua-mas-s-gas-600-cc-granada/p,https://unimarc.vtexassets.com/arquivos/ids/229028/000000000661457003-UN-01.jpg?v=637985855881170000,Aguas,Agua saborizada,https://www.unimarc.cl/category/bebidas-y-licores/aguas/agua-saborizada,https://www.unimarc.cl/_next/data/0ucQ92dO_m9T9joH0FjVV/category/bebidas-y-licores/aguas/agua-saborizada.json?categories=bebidas-y-licores&categories=aguas&categories=agua-saborizada,2026-02-18T12:43:07
82492,Agua Más sin gas manzana 600 ml,Mas,1 un,litro,990,990,,False,,$1.650 x litro,$1.650 x litro,https://www.unimarc.cl/agua-mas-s-gas-600-cc-manzana/p,https://unimarc.vtexassets.com/arquivos/ids/229030/000000000661457001-UN-01.jpg?v=637985862859530000,Aguas,Agua saborizada,https://www.unimarc.cl/category/bebidas-y-licores/aguas/agua-saborizada,https://www.unimarc.cl/_next/data/0ucQ92dO_m9T9joH0FjVV/category/bebidas-y-licores/aguas/agua-saborizada.json?categories=bebidas-y-licores&categories=aguas&categories=agua-saborizada,2026-02-18T12:43:07
82493,Agua Más sin gas pera 600 ml,Mas,1 un,litro,990,990,,False,,$1.650 x litro,$1.650 x litro,https://www.unimarc.cl/agua-mas-s-gas-600-cc-pera/p,https://unimarc.vtexassets.com/arquivos/ids/229029/000000000661457002-UN-01.jpg?v=637985860426430000,Aguas,Agua saborizada,https://www.unimarc.cl/category/bebidas-y-licores/aguas/agua-saborizada,https://www.unimarc.cl/_next/data/0ucQ92dO_m9T9joH0FjVV/category/bebidas-y-licores/aguas/agua-saborizada.json?categories=bebidas-y-licores&categories=aguas&categories=agua-saborizada,2026-02-18T12:43:07
96706,Agua saborizada Más mango y maracuyá 1.6 L,Mas,1 un,litro,1390,1390,,False,,$869 x litro,$869 x litro,https://www.unimarc.cl/agua-mas-s-gas-1-6lt-mango-maracuya/p,https://unimarc.vtexassets.com/arquivos/ids/256056/000000000634886004-UN-01.jpg?v=639065173282000000,Aguas,Agua saborizada,https://www.unimarc.cl/category/bebidas-y-licores/aguas/agua-saborizada,https://www.unimarc.cl/_next/data/0ucQ92dO_m9T9joH0FjVV/category/bebidas-y-licores/aguas/agua-saborizada.json?categories=bebidas-y-licores&categories=aguas&categories=agua-saborizada,2026-02-18T12:43:07
68838,Agua Benedictino manzana 500 ml,Benedictino,1 un,litro,1090,1090,,False,,$2.180 x litro,$2.180 x litro,https://www.unimarc.cl/agua-benedictino-pet-500-cc-manzana/p,https://unimarc.vtexassets.com/arquivos/ids/244436/000000000623920003-UN-01.jpg?v=638635800407030000,Aguas,Agua saborizada,https://www.unimarc.cl/category/bebidas-y-licores/aguas/agua-saborizada,https://www.unimarc.cl/_next/data/0ucQ92dO_m9T9joH0FjVV/category/bebidas-y-licores/aguas/agua-saborizada.json?categories=bebidas-y-licores&categories=aguas&categories=agua-saborizada,2026-02-18T12:43:07
68839,Agua Benedictino pera 500 ml,Benedictino,1 un,litro,1090,1090,,False,,$2.180 x litro,$2.180 x litro,https://www.unimarc.cl/agua-benedictino-pet-500-cc-pera/p,https://unimarc.vtexassets.com/arquivos/ids/221039/000000000623920004-UN-01.jpg?v=637702449576700000,Aguas,Agua saborizada,https://www.unimarc.cl/category/bebidas-y-licores/aguas/agua-saborizada,https://www.unimarc.cl/_next/data/0ucQ92dO_m9T9joH0FjVV/category/bebidas-y-licores/aguas/agua-saborizada.json?categories=bebidas-y-licores&categories=aguas&categories=agua-saborizada,2026-02-18T12:43:07
84484,Agua Benedictino limonada jengibre 2 L,Benedictino,1 un,litro,1000,1190,1000,True,Ahorras $190,$500 x litro,$595 x litro,https://www.unimarc.cl/agua-s-gas-benedictino-2lt-lim-jengibre/p,https://unimarc.vtexassets.com/arquivos/ids/233766/000000000665111003-UN-01.jpg?v=638213218914770000,Aguas,Agua saborizada,https://www.unimarc.cl/category/bebidas-y-licores/aguas/agua-saborizada,https://www.unimarc.cl/_next/data/0ucQ92dO_m9T9joH0FjVV/category/bebidas-y-licores/aguas/agua-saborizada.json?categories=bebidas-y-licores&categories=aguas&categories=agua-saborizada,2026-02-18T12:43:07
96367,Agua Benedictino sabor frutos rojos 2 L,Benedictino,1 un,litro,1000,1190,1000,True,Ahorras $190,$500 x litro,$595 x litro,https://www.unimarc.cl/agua-benedictino-pet-2-lt-frutos-rojos/p,https://unimarc.vtexassets.com/arquivos/ids/254845/000000000697190001-UN-01.jpg?v=639033878040400000,Aguas,Agua saborizada,https://www.unimarc.cl/category/bebidas-y-licores/aguas/agua-saborizada,https://www.unimarc.cl/_next/data/0ucQ92dO_m9T9joH0FjVV/category/bebidas-y-licores/aguas/agua-saborizada.json?categories=bebidas-y-licores&categories=aguas&categories=agua-saborizada,2026-02-18T12:43:07
84482,Agua Benedictino sin gas manzana 2 L,Benedictino,1 un,litro,1000,1190,1000,True,Ahorras $190,$500 x litro,$595 x litro,https://www.unimarc.cl/agua-s-gas-benedictino-2lt-manzana/p,https://unimarc.vtexassets.com/arquivos/ids/233772/000000000665111001-UN-01.jpg?v=638213333915900000,Aguas,Agua saborizada,https://www.unimarc.cl/category/bebidas-y-licores/aguas/agua-saborizada,https://www.unimarc.cl/_next/data/0ucQ92dO_m9T9joH0FjVV/category/bebidas-y-licores/aguas/agua-saborizada.json?categories=bebidas-y-licores&categories=aguas&categories=agua-saborizada,2026-02-18T12:43:07
84483,Agua Benedictino sin gas pera 2 L,Benedictino,1 un,litro,1000,1190,1000,True,Ahorras $190,$500 x litro,$595 x litro,https://www.unimarc.cl/agua-s-gas-benedictino-2lt-pera/p,https://unimarc.vtexassets.com/arquivos/ids/233773/000000000665111002-UN-01.jpg?v=638213336718730000,Aguas,Agua saborizada,https://www.unimarc.cl/category/bebidas-y-licores/aguas/agua-saborizada,https://www.unimarc.cl/_next/data/0ucQ92dO_m9T9joH0FjVV/category/bebidas-y-licores/aguas/agua-saborizada.json?categories=bebidas-y-licores&categories=aguas&categories=agua-saborizada,2026-02-18T12:43:07
84485,Agua Benedictino pomelo menta 2 L,Benedictino,1 un,litro,1000,1190,1000,True,Ahorras $190,$500 x litro,$595 x litro,https://www.unimarc.cl/agua-s-gas-benedictino-2lt-pomelo-menta/p,https://unimarc.vtexassets.com/arquivos/ids/233794/000000000665111004-UN-01.jpg?v=638216010713530000,Aguas,Agua saborizada,https://www.unimarc.cl/category/bebidas-y-licores/aguas/agua-saborizada,https://www.unimarc.cl/_next/data/0ucQ92dO_m9T9joH0FjVV/category/bebidas-y-licores/aguas/agua-saborizada.json?categories=bebidas-y-licores&categories=aguas&categories=agua-saborizada,2026-02-18T12:43:07
96222,Agua saborizada Más sabor frutos del bosque con gas 1.6 L Agua saborizada Más sabor frutos del bosque sin gas 1.6 L,Mas,1 un,litro,1390,1390,,False,,$869 x litro,$869 x litro,https://www.unimarc.cl/agua-mas-s-gas-1-6lt-frutos-del-bosque/p,https://unimarc.vtexassets.com/arquivos/ids/254594/000000000634886005-UN-01.jpg?v=639027301558300000,Aguas,Agua saborizada,https://www.unimarc.cl/category/bebidas-y-licores/aguas/agua-saborizada,https://www.unimarc.cl/_next/data/0ucQ92dO_m9T9joH0FjVV/category/bebidas-y-licores/aguas/agua-saborizada.json?categories=bebidas-y-licores&categories=aguas&categories=agua-saborizada,2026-02-18T12:43:07
90574,Agua Mas con gas citrus sin azúcar lata 310 ml,Mas,1 un,litro,1090,1090,,False,,$3.516 x litro,$3.516 x litro,https://www.unimarc.cl/agua-con-gas-s-a-citrus-mas-310-ml-lata/p,https://unimarc.vtexassets.com/arquivos/ids/247306/000000000000673901-UN-01.jpg?v=638769490216030000,Aguas,Agua saborizada,https://www.unimarc.cl/category/bebidas-y-licores/aguas/agua-saborizada,https://www.unimarc.cl/_next/data/0ucQ92dO_m9T9joH0FjVV/category/bebidas-y-licores/aguas/agua-saborizada.json?categories=bebidas-y-licores&categories=aguas&categories=agua-saborizada,2026-02-18T12:43:07
68182,Agua Benedictino limonada jengibre 1.5 L,Benedictino,1 un,litro,1250,1250,,False,,$833 x litro,$833 x litro,https://www.unimarc.cl/agua-benedictino-pet-limonada-jengibre/p,https://unimarc.vtexassets.com/arquivos/ids/244439/000000000623919003-UN-01.jpg?v=638635803455500000,Aguas,Agua saborizada,https://www.unimarc.cl/category/bebidas-y-licores/aguas/agua-saborizada,https://www.unimarc.cl/_next/data/0ucQ92dO_m9T9joH0FjVV/category/bebidas-y-licores/aguas/agua-saborizada.json?categories=bebidas-y-licores&categories=aguas&categories=agua-saborizada,2026-02-18T12:43:07
68183,Agua saborizada Benedictino sin gas manzana botella 1.5 L,Benedictino,1 un,litro,1250,1250,,False,,$833 x litro,$833 x litro,https://www.unimarc.cl/agua-benedictino-pet-1-5-lt-manzana/p,https://unimarc.vtexassets.com/arquivos/ids/244437/000000000623919004-UN-01.jpg?v=638635801504130000,Aguas,Agua saborizada,https://www.unimarc.cl/category/bebidas-y-licores/aguas/agua-saborizada,https://www.unimarc.cl/_next/data/0ucQ92dO_m9T9joH0FjVV/category/bebidas-y-licores/aguas/agua-saborizada.json?categories=bebidas-y-licores&categories=aguas&categories=agua-saborizada,2026-02-18T12:43:07
82624,Pack agua ginger beer San Pellegrino 4 un de 200 ml,San Pellegrino,1 un,litro,6890,6890,,False,,$8.613 x litro,$8.613 x litro,https://www.unimarc.cl/agua-ginger-beer-sn-pellegrino-200-cc-2/p,https://unimarc.vtexassets.com/arquivos/ids/230220/000000000000653632-DIS-01.jpg?v=638030006802500000,Aguas,Agua saborizada,https://www.unimarc.cl/category/bebidas-y-licores/aguas/agua-saborizada,https://www.unimarc.cl/_next/data/0ucQ92dO_m9T9joH0FjVV/category/bebidas-y-licores/aguas/agua-saborizada.json?categories=bebidas-y-licores&categories=aguas&categories=agua-saborizada,2026-02-18T12:43:07
63560,Agua San Pellegrino aranciata rossa lata 330 ml,San Pellegrino,1 un,litro,1790,1790,,False,,$5.424 x litro,$5.424 x litro,https://www.unimarc.cl/agua-aran-rossa-sn-pellegrino-lata-330cc/p,https://unimarc.vtexassets.com/arquivos/ids/217503/000000000000974879-UN-01.jpg?v=637617822043530000,Aguas,Agua saborizada,https://www.unimarc.cl/category/bebidas-y-licores/aguas/agua-saborizada,https://www.unimarc.cl/_next/data/0ucQ92dO_m9T9joH0FjVV/category/bebidas-y-licores/aguas/agua-saborizada.json?categories=bebidas-y-licores&categories=aguas&categories=agua-saborizada,2026-02-18T12:43:07
82623,Pack agua tónica San Pellegrino citrus 4 un de 200 ml,San Pellegrino,1 un,litro,6890,6890,,False,,$8.613 x litro,$8.613 x litro,https://www.unimarc.cl/agua-tonica-citrus-sn-pellegrino-200-cc-2/p,https://unimarc.vtexassets.com/arquivos/ids/230219/000000000000653631-DIS-01.jpg?v=638030003908100000,Aguas,Agua saborizada,https://www.unimarc.cl/category/bebidas-y-licores/aguas/agua-saborizada,https://www.unimarc.cl/_next/data/0ucQ92dO_m9T9joH0FjVV/category/bebidas-y-licores/aguas/agua-saborizada.json?categories=bebidas-y-licores&categories=aguas&categories=agua-saborizada,2026-02-18T12:43:07
80688,Agua San Pellegrino ginger beer botella 200 ml,San Pellegrino,1 un,litro,1950,1950,,False,,$9.750 x litro,$9.750 x litro,https://www.unimarc.cl/agua-ginger-beer-sn-pellegrino-200-cc/p,https://unimarc.vtexassets.com/arquivos/ids/223832/000000000000653632-UN-01.jpg?v=637794314024470000,Aguas,Agua saborizada,https://www.unimarc.cl/category/bebidas-y-licores/aguas/agua-saborizada,https://www.unimarc.cl/_next/data/0ucQ92dO_m9T9joH0FjVV/category/bebidas-y-licores/aguas/agua-saborizada.json?categories=bebidas-y-licores&categories=aguas&categories=agua-saborizada,2026-02-18T12:43:07
80687,Agua tónica San Pellegrino citrus botella 200 ml,San Pellegrino,1 un,litro,1950,1950,,False,,$9.750 x litro,$9.750 x litro,https://www.unimarc.cl/agua-tonica-citrus-sn-pellegrino-200-cc/p,https://unimarc.vtexassets.com/arquivos/ids/223829/000000000000653631-UN-01.jpg?v=637794310671230000,Aguas,Agua saborizada,https://www.unimarc.cl/category/bebidas-y-licores/aguas/agua-saborizada,https://www.unimarc.cl/_next/data/0ucQ92dO_m9T9joH0FjVV/category/bebidas-y-licores/aguas/agua-saborizada.json?categories=bebidas-y-licores&categories=aguas&categories=agua-saborizada,2026-02-18T12:43:07
91740,Agua saborizada Uni Ko con gas manzana lata 310 ml,Uni Ko,1 un,litro,1690,1690,,False,,$5.452 x litro,$5.452 x litro,https://www.unimarc.cl/agua-con-gas-sabor-uni-ko-310ml-manzana/p,https://unimarc.vtexassets.com/arquivos/ids/249609/000000000678964001-UN-01.jpg?v=638854215121030000,Aguas,Agua saborizada,https://www.unimarc.cl/category/bebidas-y-licores/aguas/agua-saborizada,https://www.unimarc.cl/_next/data/0ucQ92dO_m9T9joH0FjVV/category/bebidas-y-licores/aguas/agua-saborizada.json?categories=bebidas-y-licores&categories=aguas&categories=agua-saborizada,2026-02-18T12:43:07
81425,Bebida limonada Don Limón original botella 500 ml,Don Limon,1 un,litro,1290,1290,,False,,$2.580 x litro,$2.580 x litro,https://www.unimarc.cl/beb-don-limon-pet-500-ml-original/p,https://unimarc.vtexassets.com/arquivos/ids/225804/000000000655764001-UN-01.jpg?v=637853779361430000,Aguas,Agua saborizada,https://www.unimarc.cl/category/bebidas-y-licores/aguas/agua-saborizada,https://www.unimarc.cl/_next/data/0ucQ92dO_m9T9joH0FjVV/category/bebidas-y-licores/aguas/agua-saborizada.json?categories=bebidas-y-licores&categories=aguas&categories=agua-saborizada,2026-02-18T12:43:07
91741,Agua saborizada Uni Ko con gas arándano lata 310 ml,Uni Ko,1 un,litro,1690,1690,,False,,$5.452 x litro,$5.452 x litro,https://www.unimarc.cl/agua-con-gas-sabor-uni-ko-310m-arandano/p,https://unimarc.vtexassets.com/arquivos/ids/249610/000000000678964002-UN-01.jpg?v=638854215659300000,Aguas,Agua saborizada,https://www.unimarc.cl/category/bebidas-y-licores/aguas/agua-saborizada,https://www.unimarc.cl/_next/data/0ucQ92dO_m9T9joH0FjVV/category/bebidas-y-licores/aguas/agua-saborizada.json?categories=bebidas-y-licores&categories=aguas&categories=agua-saborizada,2026-02-18T12:43:07
81427,Bebida limonada Don Limón maqui arándanos botella 500 ml,Don Limon,1 un,litro,1290,1290,,False,,$2.580 x litro,$2.580 x litro,https://www.unimarc.cl/beb-don-limon-pet-500-ml-maqui-arandano/p,https://unimarc.vtexassets.com/arquivos/ids/225805/000000000655764003-UN-01.jpg?v=637853780579900000,Aguas,Agua saborizada,https://www.unimarc.cl/category/bebidas-y-licores/aguas/agua-saborizada,https://www.unimarc.cl/_next/data/0ucQ92dO_m9T9joH0FjVV/category/bebidas-y-licores/aguas/agua-saborizada.json?categories=bebidas-y-licores&categories=aguas&categories=agua-saborizada,2026-02-18T12:43:07
81426,Bebida limonada Don Limón menta jengibre botella 500 ml,Don Limon,1 un,litro,1290,1290,,False,,$2.580 x litro,$2.580 x litro,https://www.unimarc.cl/beb-don-limon-pet-500-ml-menta-jengibre/p,https://unimarc.vtexassets.com/arquivos/ids/225803/000000000655764002-UN-01.jpg?v=637853747564130000,Aguas,Agua saborizada,https://www.unimarc.cl/category/bebidas-y-licores/aguas/agua-saborizada,https://www.unimarc.cl/_next/data/0ucQ92dO_m9T9joH0FjVV/category/bebidas-y-licores/aguas/agua-saborizada.json?categories=bebidas-y-licores&categories=aguas&categories=agua-saborizada,2026-02-18T12:43:07
93851,Esencia chocolate Gourmet 60 ml,Gourmet,1 un,litro,2390,2390,,False,,$39.833 x litro,$39.833 x litro,https://www.unimarc.cl/esencia-chocolate-gourmet-60-ml/p,https://unimarc.vtexassets.com/arquivos/ids/253157/000000000000689833-UN-01.jpg?v=638991534562630000,Aguas,Agua saborizada,https://www.unimarc.cl/category/bebidas-y-licores/aguas/agua-saborizada,https://www.unimarc.cl/_next/data/0ucQ92dO_m9T9joH0FjVV/category/bebidas-y-licores/aguas/agua-saborizada.json?categories=bebidas-y-licores&categories=aguas&categories=agua-saborizada,2026-02-18T12:43:07
91743,Agua saborizada Uni Ko sin gas arándano lata 310 ml,Uni Ko,1 un,litro,1690,1690,,False,,$5.452 x litro,$5.452 x litro,https://www.unimarc.cl/agua-s-gas-sabor-uni-ko-310ml-arandano/p,https://unimarc.vtexassets.com/arquivos/ids/249612/000000000678986002-UN-01.jpg?v=638854216075970000,Aguas,Agua saborizada,https://www.unimarc.cl/category/bebidas-y-licores/aguas/agua-saborizada,https://www.unimarc.cl/_next/data/0ucQ92dO_m9T9joH0FjVV/category/bebidas-y-licores/aguas/agua-saborizada.json?categories=bebidas-y-licores&categories=aguas&categories=agua-saborizada,2026-02-18T12:43:07
96702,Agua saborizada Más con gas sabor limonada frambuesa 1.6 L,Mas,1 un,litro,1390,1390,,False,,$869 x litro,$869 x litro,https://www.unimarc.cl/agua-c-gas-limonada-frambuesa-mas-1-6-lt/p,https://unimarc.vtexassets.com/arquivos/ids/256054/000000000000699627-UN-01.jpg?v=639065173279370000,Aguas,Agua saborizada,https://www.unimarc.cl/category/bebidas-y-licores/aguas/agua-saborizada,https://www.unimarc.cl/_next/data/0ucQ92dO_m9T9joH0FjVV/category/bebidas-y-licores/aguas/agua-saborizada.json?categories=bebidas-y-licores&categories=aguas&categories=agua-saborizada,2026-02-18T12:43:07
91742,Agua saborizada Uni Ko sin gas manzana lata 310 ml,Uni Ko,1 un,litro,1690,1690,,False,,$5.452 x litro,$5.452 x litro,https://www.unimarc.cl/agua-s-gas-sabor-uni-ko-310ml-manzana/p,https://unimarc.vtexassets.com/arquivos/ids/249611/000000000678986001-UN-01.jpg?v=638854215883200000,Aguas,Agua saborizada,https://www.unimarc.cl/category/bebidas-y-licores/aguas/agua-saborizada,https://www.unimarc.cl/_next/data/0ucQ92dO_m9T9joH0FjVV/category/bebidas-y-licores/aguas/agua-saborizada.json?categories=bebidas-y-licores&categories=aguas&categories=agua-saborizada,2026-02-18T12:43:07
1666,Agua mineral Nestlé Pure Life sin gas bidón 6 L,Pure Life,1 un,litro,1990,1990,,False,,$332 x litro,$332 x litro,https://www.unimarc.cl/agua-min-nestle-pure-life-s-gas-bidon-6-l/p,https://unimarc.vtexassets.com/arquivos/ids/233432/000000000000913825-UN-01.jpg?v=638484515120530000,Aguas,Bidones,https://www.unimarc.cl/category/bebidas-y-licores/aguas/bidones,https://www.unimarc.cl/_next/data/0ucQ92dO_m9T9joH0FjVV/category/bebidas-y-licores/aguas/bidones.json?categories=bebidas-y-licores&categories=aguas&categories=bidones,2026-02-18T12:43:13
1450,Agua mineral Cachantun sin gas bidón 6 L,Cachantun,1 un,litro,2250,2250,,False,,$375 x litro,$375 x litro,https://www.unimarc.cl/agua-min-cachantun-s-gas-bidon-6-l/p,https://unimarc.vtexassets.com/arquivos/ids/237677/000000000000690391-UN-01.jpg?v=638434288331070000,Aguas,Bidones,https://www.unimarc.cl/category/bebidas-y-licores/aguas/bidones,https://www.unimarc.cl/_next/data/0ucQ92dO_m9T9joH0FjVV/category/bebidas-y-licores/aguas/bidones.json?categories=bebidas-y-licores&categories=aguas&categories=bidones,2026-02-18T12:43:13
3819,Bebida Coca Cola original 1 L,Coca Cola,1 un,litro,1490,1490,,False,,$1.490 x litro,$1.490 x litro,https://www.unimarc.cl/coca-cola-desechable-1-lt-2/p,https://unimarc.vtexassets.com/arquivos/ids/204615/000000000000144915-UN-01.jpg?v=638445516231370000,Bebidas,Bebidas regulares,https://www.unimarc.cl/category/bebidas-y-licores/bebidas/bebidas-regulares,https://www.unimarc.cl/_next/data/0ucQ92dO_m9T9joH0FjVV/category/bebidas-y-licores/bebidas/bebidas-regulares.json?categories=bebidas-y-licores&categories=bebidas&categories=bebidas-regulares,2026-02-18T12:43:23
484,Bebida Coca Cola original desechable 3 L,Coca Cola,1 un,litro,2590,3190,2590,True,Ahorras $600,$863 x litro,$1.063 x litro,https://www.unimarc.cl/beb-coca-cola-3-l-no-retor/p,https://unimarc.vtexassets.com/arquivos/ids/234057/000000000000123813-UN-01.jpg?v=638223576292330000,Bebidas,Bebidas regulares,https://www.unimarc.cl/category/bebidas-y-licores/bebidas/bebidas-regulares,https://www.unimarc.cl/_next/data/0ucQ92dO_m9T9joH0FjVV/category/bebidas-y-licores/bebidas/bebidas-regulares.json?categories=bebidas-y-licores&categories=bebidas&categories=bebidas-regulares,2026-02-18T12:43:23
3269,Pack Bebida Coca Cola original lata 6 un de 350 ml,Coca Cola,1 un,litro,4190,5990,4190,True,Ahorras $1.800,$1.995 x litro,$2.852 x litro,https://www.unimarc.cl/bebida-coca-cola-lata-6-u-x-350-ml/p,https://unimarc.vtexassets.com/arquivos/ids/248641/000000000000022938-DIS-01.jpg?v=639015045371500000,Bebidas,Bebidas regulares,https://www.unimarc.cl/category/bebidas-y-licores/bebidas/bebidas-regulares,https://www.unimarc.cl/_next/data/0ucQ92dO_m9T9joH0FjVV/category/bebidas-y-licores/bebidas/bebidas-regulares.json?categories=bebidas-y-licores&categories=bebidas&categories=bebidas-regulares,2026-02-18T12:43:23
3781,Bebida Kem piña no retornable 3 L,Kem Piña,1 un,litro,2390,2990,2390,True,Ahorras $600,$797 x litro,$997 x litro,https://www.unimarc.cl/kem-pina-desechable-3-lt/p,https://unimarc.vtexassets.com/arquivos/ids/226010/000000000000141356-UN-01.jpg?v=637861504950030000,Bebidas,Bebidas regulares,https://www.unimarc.cl/category/bebidas-y-licores/bebidas/bebidas-regulares,https://www.unimarc.cl/_next/data/0ucQ92dO_m9T9joH0FjVV/category/bebidas-y-licores/bebidas/bebidas-regulares.json?categories=bebidas-y-licores&categories=bebidas&categories=bebidas-regulares,2026-02-18T12:43:23
3801,Bebida Pepsi no retornable 3 L,Pepsi,1 un,litro,2190,2990,2190,True,Ahorras $800,$730 x litro,$997 x litro,https://www.unimarc.cl/pepsi-desechable-3-lt/p,https://unimarc.vtexassets.com/arquivos/ids/229468/000000000000142038-UN-01.jpg?v=637998041595400000,Bebidas,Bebidas regulares,https://www.unimarc.cl/category/bebidas-y-licores/bebidas/bebidas-regulares,https://www.unimarc.cl/_next/data/0ucQ92dO_m9T9joH0FjVV/category/bebidas-y-licores/bebidas/bebidas-regulares.json?categories=bebidas-y-licores&categories=bebidas&categories=bebidas-regulares,2026-02-18T12:43:23
5867,Bebida Coca Cola original botella 591 ml,Coca Cola,1 un,litro,1290,1290,,False,,$2.183 x litro,$2.183 x litro,https://www.unimarc.cl/bebida-coca-cola-591-cc-no-retornable/p,https://unimarc.vtexassets.com/arquivos/ids/255717/000000000000610484-UN-01.jpg?v=639046277573800000,Bebidas,Bebidas regulares,https://www.unimarc.cl/category/bebidas-y-licores/bebidas/bebidas-regulares,https://www.unimarc.cl/_next/data/0ucQ92dO_m9T9joH0FjVV/category/bebidas-y-licores/bebidas/bebidas-regulares.json?categories=bebidas-y-licores&categories=bebidas&categories=bebidas-regulares,2026-02-18T12:43:23
3816,Bebida Limón Soda no retornable 3 L,Limon Soda,1 un,litro,2390,2990,2390,True,Ahorras $600,$797 x litro,$997 x litro,https://www.unimarc.cl/limon-soda-desechable-3-lt/p,https://unimarc.vtexassets.com/arquivos/ids/229470/000000000000144641-UN-01.jpg?v=637998046116130000,Bebidas,Bebidas regulares,https://www.unimarc.cl/category/bebidas-y-licores/bebidas/bebidas-regulares,https://www.unimarc.cl/_next/data/0ucQ92dO_m9T9joH0FjVV/category/bebidas-y-licores/bebidas/bebidas-regulares.json?categories=bebidas-y-licores&categories=bebidas&categories=bebidas-regulares,2026-02-18T12:43:23
3783,Bebida Pap no retornable 3 L,Pap,1 un,litro,2390,2990,2390,True,Ahorras $600,$797 x litro,$997 x litro,https://www.unimarc.cl/pap-desechable-3-lt/p,https://unimarc.vtexassets.com/arquivos/ids/226020/000000000000141358-UN-01.jpg?v=637861548028630000,Bebidas,Bebidas regulares,https://www.unimarc.cl/category/bebidas-y-licores/bebidas/bebidas-regulares,https://www.unimarc.cl/_next/data/0ucQ92dO_m9T9joH0FjVV/category/bebidas-y-licores/bebidas/bebidas-regulares.json?categories=bebidas-y-licores&categories=bebidas&categories=bebidas-regulares,2026-02-18T12:43:23
3267,Pack Bebida Sprite lata 6 un de 350 ml,Sprite,1 un,litro,4190,5990,4190,True,Ahorras $1.800,$1.995 x litro,$2.852 x litro,https://www.unimarc.cl/bebida-sprite-lata-6-u-x-350-ml/p,https://unimarc.vtexassets.com/arquivos/ids/255165/000000000000022937-DIS.jpg?v=639040109728870000,Bebidas,Bebidas regulares,https://www.unimarc.cl/category/bebidas-y-licores/bebidas/bebidas-regulares,https://www.unimarc.cl/_next/data/0ucQ92dO_m9T9joH0FjVV/category/bebidas-y-licores/bebidas/bebidas-regulares.json?categories=bebidas-y-licores&categories=bebidas&categories=bebidas-regulares,2026-02-18T12:43:23
90384,Pack bebida sabor original Fanta lata 6un de  350 ml,Fanta,1 un,litro,4190,5990,4190,True,Ahorras $1.800,$1.995 x litro,$2.852 x litro,https://www.unimarc.cl/fanta-naranja-full-sugar-350ml-lata/p,https://unimarc.vtexassets.com/arquivos/ids/247563/000000000000673780-DIS-01.jpg?v=638781003230500000,Bebidas,Bebidas regulares,https://www.unimarc.cl/category/bebidas-y-licores/bebidas/bebidas-regulares,https://www.unimarc.cl/_next/data/0ucQ92dO_m9T9joH0FjVV/category/bebidas-y-licores/bebidas/bebidas-regulares.json?categories=bebidas-y-licores&categories=bebidas&categories=bebidas-regulares,2026-02-18T12:43:23
3782,Bebida Bilz no retornable 3 L,Bilz,1 un,litro,2390,2990,2390,True,Ahorras $600,$797 x litro,$997 x litro,https://www.unimarc.cl/bilz-desechable-3-lt/p,https://unimarc.vtexassets.com/arquivos/ids/226005/000000000000141357-UN-01.jpg?v=637861462815070000,Bebidas,Bebidas regulares,https://www.unimarc.cl/category/bebidas-y-licores/bebidas/bebidas-regulares,https://www.unimarc.cl/_next/data/0ucQ92dO_m9T9joH0FjVV/category/bebidas-y-licores/bebidas/bebidas-regulares.json?categories=bebidas-y-licores&categories=bebidas&categories=bebidas-regulares,2026-02-18T12:43:23
3876,Bebida Canada Dry ginger ale no retornable 3 L,Canada Dry,1 un,litro,2390,2990,2390,True,Ahorras $600,$797 x litro,$997 x litro,https://www.unimarc.cl/ginger-ale-canada-dry-desechable-3-lt/p,https://unimarc.vtexassets.com/arquivos/ids/229471/000000000000148703-UN-01.jpg?v=637998047751870000,Bebidas,Bebidas regulares,https://www.unimarc.cl/category/bebidas-y-licores/bebidas/bebidas-regulares,https://www.unimarc.cl/_next/data/0ucQ92dO_m9T9joH0FjVV/category/bebidas-y-licores/bebidas/bebidas-regulares.json?categories=bebidas-y-licores&categories=bebidas&categories=bebidas-regulares,2026-02-18T12:43:23
88175,Bebida agua tónica Schweppes lata 6 un de 310 ml,Schweppes,1 un,litro,4190,5990,4190,True,Ahorras $1.800,$2.253 x litro,$3.220 x litro,https://www.unimarc.cl/agua-tonica-schweppes-310-ml-lata/p,https://unimarc.vtexassets.com/arquivos/ids/243401/000000000000669502-DIS-01.jpg?v=638580389822000000,Bebidas,Bebidas regulares,https://www.unimarc.cl/category/bebidas-y-licores/bebidas/bebidas-regulares,https://www.unimarc.cl/_next/data/0ucQ92dO_m9T9joH0FjVV/category/bebidas-y-licores/bebidas/bebidas-regulares.json?categories=bebidas-y-licores&categories=bebidas&categories=bebidas-regulares,2026-02-18T12:43:23
91789,Bebida Fanta sabor pomelo lata 6 un de 350 ml,Fanta,1 un,litro,4190,5990,4190,True,Ahorras $1.800,$1.995 x litro,$2.852 x litro,https://www.unimarc.cl/fanta-pomelo-full-sugar-350-ml-lata-2/p,https://unimarc.vtexassets.com/arquivos/ids/249852/000000000000673777-DIS-01.jpg?v=638864547416000000,Bebidas,Bebidas regulares,https://www.unimarc.cl/category/bebidas-y-licores/bebidas/bebidas-regulares,https://www.unimarc.cl/_next/data/0ucQ92dO_m9T9joH0FjVV/category/bebidas-y-licores/bebidas/bebidas-regulares.json?categories=bebidas-y-licores&categories=bebidas&categories=bebidas-regulares,2026-02-18T12:43:23
89241,Bebida Schweppes pink tonic lata 6 un de 310 ml,Schweppes,1 un,litro,4190,5990,4190,True,Ahorras $1.800,$2.253 x litro,$3.220 x litro,https://www.unimarc.cl/bebida-pink-tonic-schweppes-310-cc-lata/p,https://unimarc.vtexassets.com/arquivos/ids/244683/000000000000670963-DIS-01.jpg?v=638645146613600000,Bebidas,Bebidas regulares,https://www.unimarc.cl/category/bebidas-y-licores/bebidas/bebidas-regulares,https://www.unimarc.cl/_next/data/0ucQ92dO_m9T9joH0FjVV/category/bebidas-y-licores/bebidas/bebidas-regulares.json?categories=bebidas-y-licores&categories=bebidas&categories=bebidas-regulares,2026-02-18T12:43:23
88177,Bebida Schweppes ginger ale lata 6 un de 310 ml,Schweppes,1 un,litro,4190,5990,4190,True,Ahorras $1.800,$2.253 x litro,$3.220 x litro,https://www.unimarc.cl/bebida-ginger-ale-schweppes-lata-310-ml/p,https://unimarc.vtexassets.com/arquivos/ids/243406/000000000000669587-DIS-01.jpg?v=638580389833770000,Bebidas,Bebidas regulares,https://www.unimarc.cl/category/bebidas-y-licores/bebidas/bebidas-regulares,https://www.unimarc.cl/_next/data/0ucQ92dO_m9T9joH0FjVV/category/bebidas-y-licores/bebidas/bebidas-regulares.json?categories=bebidas-y-licores&categories=bebidas&categories=bebidas-regulares,2026-02-18T12:43:23
3811,Bebida Orange Crush no retornable 3 L,Orange Crush,1 un,litro,2390,2990,2390,True,Ahorras $600,$797 x litro,$997 x litro,https://www.unimarc.cl/orange-crush-desechable-3-lt/p,https://unimarc.vtexassets.com/arquivos/ids/245023/000000000000143051-UN-01.jpg?v=638663250436230000,Bebidas,Bebidas regulares,https://www.unimarc.cl/category/bebidas-y-licores/bebidas/bebidas-regulares,https://www.unimarc.cl/_next/data/0ucQ92dO_m9T9joH0FjVV/category/bebidas-y-licores/bebidas/bebidas-regulares.json?categories=bebidas-y-licores&categories=bebidas&categories=bebidas-regulares,2026-02-18T12:43:23
3723,Bebida Sprite desechable 3 L,Sprite,1 un,litro,3190,3190,,False,,$1.063 x litro,$1.063 x litro,https://www.unimarc.cl/sprite-desechable-3-lt/p,https://unimarc.vtexassets.com/arquivos/ids/234116/000000000000136424-UN-01.jpg?v=638228015390200000,Bebidas,Bebidas regulares,https://www.unimarc.cl/category/bebidas-y-licores/bebidas/bebidas-regulares,https://www.unimarc.cl/_next/data/0ucQ92dO_m9T9joH0FjVV/category/bebidas-y-licores/bebidas/bebidas-regulares.json?categories=bebidas-y-licores&categories=bebidas&categories=bebidas-regulares,2026-02-18T12:43:23
6677,Bebida Sprite botella 591 ml,Sprite,1 un,litro,1290,1290,,False,,$2.183 x litro,$2.183 x litro,https://www.unimarc.cl/bebida-sprite-pet-591-cc/p,https://unimarc.vtexassets.com/arquivos/ids/234135/000000000000838416-UN-01.jpg?v=638228027500300000,Bebidas,Bebidas regulares,https://www.unimarc.cl/category/bebidas-y-licores/bebidas/bebidas-regulares,https://www.unimarc.cl/_next/data/0ucQ92dO_m9T9joH0FjVV/category/bebidas-y-licores/bebidas/bebidas-regulares.json?categories=bebidas-y-licores&categories=bebidas&categories=bebidas-regulares,2026-02-18T12:43:23
3585,Pack bebida Kem piña lata 6 un de 350 ml,Kem Piña,1 un,litro,4000,5690,4000,True,Ahorras $1.690,$1.905 x litro,$2.710 x litro,https://www.unimarc.cl/bebida-kem-pina-lata-6-u-x-350-ml/p,https://unimarc.vtexassets.com/arquivos/ids/243622/000000000000060228-DIS-01.jpg?v=638599390495730000,Bebidas,Bebidas regulares,https://www.unimarc.cl/category/bebidas-y-licores/bebidas/bebidas-regulares,https://www.unimarc.cl/_next/data/0ucQ92dO_m9T9joH0FjVV/category/bebidas-y-licores/bebidas/bebidas-regulares.json?categories=bebidas-y-licores&categories=bebidas&categories=bebidas-regulares,2026-02-18T12:43:23
3276,Pack bebida Pepsi lata 6 un de 350 ml,Pepsi,1 un,litro,4000,5690,4000,True,Ahorras $1.690,$1.905 x litro,$2.710 x litro,https://www.unimarc.cl/bebida-pepsi-lata-6-u-x-350-ml/p,https://unimarc.vtexassets.com/arquivos/ids/244115/000000000000023148-DIS-01.jpg?v=638618302236430000,Bebidas,Bebidas regulares,https://www.unimarc.cl/category/bebidas-y-licores/bebidas/bebidas-regulares,https://www.unimarc.cl/_next/data/0ucQ92dO_m9T9joH0FjVV/category/bebidas-y-licores/bebidas/bebidas-regulares.json?categories=bebidas-y-licores&categories=bebidas&categories=bebidas-regulares,2026-02-18T12:43:23
90391,FANTA NARANJA FULL SUGAR 591 ML PET,Fanta,1 un,litro,1290,1290,,False,,$2.183 x litro,$2.183 x litro,https://www.unimarc.cl/fanta-naranja-full-sugar-591-ml-pet/p,https://unimarc.vtexassets.com/arquivos/ids/246519/7801610002926-UN-01.jpg?v=638739399675200000,Bebidas,Bebidas regulares,https://www.unimarc.cl/category/bebidas-y-licores/bebidas/bebidas-regulares,https://www.unimarc.cl/_next/data/0ucQ92dO_m9T9joH0FjVV/category/bebidas-y-licores/bebidas/bebidas-regulares.json?categories=bebidas-y-licores&categories=bebidas&categories=bebidas-regulares,2026-02-18T12:43:23
3261,Pack bebida Limón Soda lata 6 un de 350 ml,Limon Soda,1 un,litro,4000,5690,4000,True,Ahorras $1.690,$1.905 x litro,$2.710 x litro,https://www.unimarc.cl/limon-soda-lata-350-cc-6-un/p,https://unimarc.vtexassets.com/arquivos/ids/243611/000000000000022905-DIS-01.jpg?v=638599390482200000,Bebidas,Bebidas regulares,https://www.unimarc.cl/category/bebidas-y-licores/bebidas/bebidas-regulares,https://www.unimarc.cl/_next/data/0ucQ92dO_m9T9joH0FjVV/category/bebidas-y-licores/bebidas/bebidas-regulares.json?categories=bebidas-y-licores&categories=bebidas&categories=bebidas-regulares,2026-02-18T12:43:23
86459,Bebida Bilz 600 cc,Bilz,1 un,litro,1290,1290,,False,,$2.150 x litro,$2.150 x litro,https://www.unimarc.cl/bilz-600-cc-pet/p,https://unimarc.vtexassets.com/arquivos/ids/245112/000000000000667476-UN-01.jpg?v=638665860798500000,Bebidas,Bebidas regulares,https://www.unimarc.cl/category/bebidas-y-licores/bebidas/bebidas-regulares,https://www.unimarc.cl/_next/data/0ucQ92dO_m9T9joH0FjVV/category/bebidas-y-licores/bebidas/bebidas-regulares.json?categories=bebidas-y-licores&categories=bebidas&categories=bebidas-regulares,2026-02-18T12:43:23
93201,Bebida Limón Soda desechable 1.25 L,Limon Soda,1 un,litro,1850,1850,,False,,$1.480 x litro,$1.480 x litro,https://www.unimarc.cl/limon-soda-pet-1-25-lt/p,https://unimarc.vtexassets.com/arquivos/ids/251697/000000000000687512-UN-01.jpg?v=638945049625170000,Bebidas,Bebidas regulares,https://www.unimarc.cl/category/bebidas-y-licores/bebidas/bebidas-regulares,https://www.unimarc.cl/_next/data/0ucQ92dO_m9T9joH0FjVV/category/bebidas-y-licores/bebidas/bebidas-regulares.json?categories=bebidas-y-licores&categories=bebidas&categories=bebidas-regulares,2026-02-18T12:43:23
96506,Bebida Fanta naranja desechable 1.25 L,Fanta,1 un,litro,1890,1890,,False,,$1.512 x litro,$1.512 x litro,https://www.unimarc.cl/fanta-naranja-desechable-1-25-lt/p,https://unimarc.vtexassets.com/arquivos/ids/255287/000000000000697796-UN-01.jpg?v=639041678799570000,Bebidas,Bebidas regulares,https://www.unimarc.cl/category/bebidas-y-licores/bebidas/bebidas-regulares,https://www.unimarc.cl/_next/data/0ucQ92dO_m9T9joH0FjVV/category/bebidas-y-licores/bebidas/bebidas-regulares.json?categories=bebidas-y-licores&categories=bebidas&categories=bebidas-regulares,2026-02-18T12:43:23
93199,Bebida Pap desechable 1.25 L,Pap,1 un,litro,1850,1850,,False,,$1.480 x litro,$1.480 x litro,https://www.unimarc.cl/pap-pet-1-25-lt/p,https://unimarc.vtexassets.com/arquivos/ids/251700/000000000000687500-UN-01.jpg?v=638945054534800000,Bebidas,Bebidas regulares,https://www.unimarc.cl/category/bebidas-y-licores/bebidas/bebidas-regulares,https://www.unimarc.cl/_next/data/0ucQ92dO_m9T9joH0FjVV/category/bebidas-y-licores/bebidas/bebidas-regulares.json?categories=bebidas-y-licores&categories=bebidas&categories=bebidas-regulares,2026-02-18T12:43:23
86456,Bebida Limón soda 600 cc,Limon Soda,1 un,litro,1290,1290,,False,,$2.150 x litro,$2.150 x litro,https://www.unimarc.cl/limon-soda-600-cc-pet/p,https://unimarc.vtexassets.com/arquivos/ids/245033/000000000000667470-UN-01.jpg?v=638663266838630000,Bebidas,Bebidas regulares,https://www.unimarc.cl/category/bebidas-y-licores/bebidas/bebidas-regulares,https://www.unimarc.cl/_next/data/0ucQ92dO_m9T9joH0FjVV/category/bebidas-y-licores/bebidas/bebidas-regulares.json?categories=bebidas-y-licores&categories=bebidas&categories=bebidas-regulares,2026-02-18T12:43:23
86455,Bebida gaseosa pap 600ml,Pap,1 un,litro,1290,1290,,False,,$2.150 x litro,$2.150 x litro,https://www.unimarc.cl/pap-600-cc-pet/p,https://unimarc.vtexassets.com/arquivos/ids/245031/000000000000667468-UN-01.jpg?v=638663266157400000,Bebidas,Bebidas regulares,https://www.unimarc.cl/category/bebidas-y-licores/bebidas/bebidas-regulares,https://www.unimarc.cl/_next/data/0ucQ92dO_m9T9joH0FjVV/category/bebidas-y-licores/bebidas/bebidas-regulares.json?categories=bebidas-y-licores&categories=bebidas&categories=bebidas-regulares,2026-02-18T12:43:23
86457,Bebida Kem 600 cc,Kem,1 un,litro,1290,1290,,False,,$2.150 x litro,$2.150 x litro,https://www.unimarc.cl/kem-600-cc-pet/p,https://unimarc.vtexassets.com/arquivos/ids/244275/000000000000667472-UN-01.jpg?v=638628663728900000,Bebidas,Bebidas regulares,https://www.unimarc.cl/category/bebidas-y-licores/bebidas/bebidas-regulares,https://www.unimarc.cl/_next/data/0ucQ92dO_m9T9joH0FjVV/category/bebidas-y-licores/bebidas/bebidas-regulares.json?categories=bebidas-y-licores&categories=bebidas&categories=bebidas-regulares,2026-02-18T12:43:23
82351,Bebida Pepsi 600 ml,Pepsi,1 un,litro,1290,1290,,False,,$2.150 x litro,$2.150 x litro,https://www.unimarc.cl/pepsi-pet-600-cc/p,https://unimarc.vtexassets.com/arquivos/ids/228279/000000000000661488-UN-01.jpg?v=638599374234530000,Bebidas,Bebidas regulares,https://www.unimarc.cl/category/bebidas-y-licores/bebidas/bebidas-regulares,https://www.unimarc.cl/_next/data/0ucQ92dO_m9T9joH0FjVV/category/bebidas-y-licores/bebidas/bebidas-regulares.json?categories=bebidas-y-licores&categories=bebidas&categories=bebidas-regulares,2026-02-18T12:43:23
93197,Bebida Bilz desechable 1.25 L,Bilz,1 un,litro,1850,1850,,False,,$1.480 x litro,$1.480 x litro,https://www.unimarc.cl/bilz-pet-1-25-lt/p,https://unimarc.vtexassets.com/arquivos/ids/251695/000000000000687498-UN-01.jpg?v=638945046342330000,Bebidas,Bebidas regulares,https://www.unimarc.cl/category/bebidas-y-licores/bebidas/bebidas-regulares,https://www.unimarc.cl/_next/data/0ucQ92dO_m9T9joH0FjVV/category/bebidas-y-licores/bebidas/bebidas-regulares.json?categories=bebidas-y-licores&categories=bebidas&categories=bebidas-regulares,2026-02-18T12:43:23
96507,Bebida Sprite desechable 1.25 L,Sprite,1 un,litro,1890,1890,,False,,$1.512 x litro,$1.512 x litro,https://www.unimarc.cl/sprite-desechable-1-25-lt/p,https://unimarc.vtexassets.com/arquivos/ids/255305/000000000000697797-UN-01.jpg?v=639041749002000000,Bebidas,Bebidas regulares,https://www.unimarc.cl/category/bebidas-y-licores/bebidas/bebidas-regulares,https://www.unimarc.cl/_next/data/0ucQ92dO_m9T9joH0FjVV/category/bebidas-y-licores/bebidas/bebidas-regulares.json?categories=bebidas-y-licores&categories=bebidas&categories=bebidas-regulares,2026-02-18T12:43:23
93195,Bebida Kem piña desechable 1.25 L,Kem,1 un,litro,1850,1850,,False,,$1.480 x litro,$1.480 x litro,https://www.unimarc.cl/kem-pet-1-25-lt/p,https://unimarc.vtexassets.com/arquivos/ids/251694/000000000000687496-UN-01.jpg?v=638945044774970000,Bebidas,Bebidas regulares,https://www.unimarc.cl/category/bebidas-y-licores/bebidas/bebidas-regulares,https://www.unimarc.cl/_next/data/0ucQ92dO_m9T9joH0FjVV/category/bebidas-y-licores/bebidas/bebidas-regulares.json?categories=bebidas-y-licores&categories=bebidas&categories=bebidas-regulares,2026-02-18T12:43:23
82352,Bebida Kem Xtreme 600 ml,Kem Xtreme,1 un,litro,1290,1290,,False,,$2.150 x litro,$2.150 x litro,https://www.unimarc.cl/kem-xtreme-pet-600-cc/p,https://unimarc.vtexassets.com/arquivos/ids/228277/000000000000661490-UN-01.jpg?v=638599374249500000,Bebidas,Bebidas regulares,https://www.unimarc.cl/category/bebidas-y-licores/bebidas/bebidas-regulares,https://www.unimarc.cl/_next/data/0ucQ92dO_m9T9joH0FjVV/category/bebidas-y-licores/bebidas/bebidas-regulares.json?categories=bebidas-y-licores&categories=bebidas&categories=bebidas-regulares,2026-02-18T12:43:23
53686,Bebida Pepsi desechable 1.75 L,Pepsi,1 un,litro,1990,1990,,False,,$1.137 x litro,$1.137 x litro,https://www.unimarc.cl/bebida-pet-pepsi-1750-cc/p,https://unimarc.vtexassets.com/arquivos/ids/216215/000000000000600185-UN-01.jpg?v=637589342346770000,Bebidas,Bebidas regulares,https://www.unimarc.cl/category/bebidas-y-licores/bebidas/bebidas-regulares,https://www.unimarc.cl/_next/data/0ucQ92dO_m9T9joH0FjVV/category/bebidas-y-licores/bebidas/bebidas-regulares.json?categories=bebidas-y-licores&categories=bebidas&categories=bebidas-regulares,2026-02-18T12:43:23
86458,Bebida Crush 600 cc,Crush,1 un,litro,1290,1290,,False,,$2.150 x litro,$2.150 x litro,https://www.unimarc.cl/crush-600-cc-pet/p,https://unimarc.vtexassets.com/arquivos/ids/245036/000000000000667474-UN-01.jpg?v=638663270178400000,Bebidas,Bebidas regulares,https://www.unimarc.cl/category/bebidas-y-licores/bebidas/bebidas-regulares,https://www.unimarc.cl/_next/data/0ucQ92dO_m9T9joH0FjVV/category/bebidas-y-licores/bebidas/bebidas-regulares.json?categories=bebidas-y-licores&categories=bebidas&categories=bebidas-regulares,2026-02-18T12:43:23
12770,Bebida Kem Xtreme no retornable 1.5 L,Kem Xtreme,1 un,litro,1590,2150,1590,True,Ahorras $560,$1.060 x litro,$1.433 x litro,https://www.unimarc.cl/kem-xtreme-desechable-1-5-lt/p,https://unimarc.vtexassets.com/arquivos/ids/243629/000000000000164675-UN-01.jpg?v=638599387857070000,Bebidas,Bebidas regulares,https://www.unimarc.cl/category/bebidas-y-licores/bebidas/bebidas-regulares,https://www.unimarc.cl/_next/data/0ucQ92dO_m9T9joH0FjVV/category/bebidas-y-licores/bebidas/bebidas-regulares.json?categories=bebidas-y-licores&categories=bebidas&categories=bebidas-regulares,2026-02-18T12:43:23
3259,Pack bebida Canada Dry ginger ale lata 6 un de 350 ml,Canada Dry,1 un,litro,4000,5690,4000,True,Ahorras $1.690,$1.905 x litro,$2.710 x litro,https://www.unimarc.cl/bebida-ginger-ale-canada-dry-lata-6-u-x-350-ml/p,https://unimarc.vtexassets.com/arquivos/ids/180144/000000000000022904-DIS.jpg?v=636764932284400000,Bebidas,Bebidas regulares,https://www.unimarc.cl/category/bebidas-y-licores/bebidas/bebidas-regulares,https://www.unimarc.cl/_next/data/0ucQ92dO_m9T9joH0FjVV/category/bebidas-y-licores/bebidas/bebidas-regulares.json?categories=bebidas-y-licores&categories=bebidas&categories=bebidas-regulares,2026-02-18T12:43:23
3263,Pack bebida Pap lata 6 un de 350 ml,Pap,1 un,litro,4000,5690,4000,True,Ahorras $1.690,$1.905 x litro,$2.710 x litro,https://www.unimarc.cl/bebida-pap-lata-6-u-x-350-ml/p,https://unimarc.vtexassets.com/arquivos/ids/243612/000000000000022906-DIS-01.jpg?v=638599387693300000,Bebidas,Bebidas regulares,https://www.unimarc.cl/category/bebidas-y-licores/bebidas/bebidas-regulares,https://www.unimarc.cl/_next/data/0ucQ92dO_m9T9joH0FjVV/category/bebidas-y-licores/bebidas/bebidas-regulares.json?categories=bebidas-y-licores&categories=bebidas&categories=bebidas-regulares,2026-02-18T12:43:23
3280,Pack bebida Bilz lata 6 un de 350 ml,Bilz,1 un,litro,4000,5690,4000,True,Ahorras $1.690,$1.905 x litro,$2.710 x litro,https://www.unimarc.cl/bebida-bilz-lata-6-u-x-350-cc/p,https://unimarc.vtexassets.com/arquivos/ids/243616/000000000000023156-DIS-01.jpg?v=638599387720570000,Bebidas,Bebidas regulares,https://www.unimarc.cl/category/bebidas-y-licores/bebidas/bebidas-regulares,https://www.unimarc.cl/_next/data/0ucQ92dO_m9T9joH0FjVV/category/bebidas-y-licores/bebidas/bebidas-regulares.json?categories=bebidas-y-licores&categories=bebidas&categories=bebidas-regulares,2026-02-18T12:43:23
3278,Pack bebida Orange Crush lata 6 un de 350 ml,Orange Crush,1 un,litro,4000,5690,4000,True,Ahorras $1.690,$1.905 x litro,$2.710 x litro,https://www.unimarc.cl/bebida-orange-crush-lata-6-u-x-350-ml/p,https://unimarc.vtexassets.com/arquivos/ids/245045/000000000000023154-DIS-01.jpg?v=638663279660900000,Bebidas,Bebidas regulares,https://www.unimarc.cl/category/bebidas-y-licores/bebidas/bebidas-regulares,https://www.unimarc.cl/_next/data/0ucQ92dO_m9T9joH0FjVV/category/bebidas-y-licores/bebidas/bebidas-regulares.json?categories=bebidas-y-licores&categories=bebidas&categories=bebidas-regulares,2026-02-18T12:43:23
12571,Bebida Canada Dry ginger ale no retornable 1.5 L,Canada Dry,1 un,litro,1590,2150,1590,True,Ahorras $560,$1.060 x litro,$1.433 x litro,https://www.unimarc.cl/ginger-ale-canada-dry-desechable-1-5-lt/p,https://unimarc.vtexassets.com/arquivos/ids/243618/000000000000023190-UN-01.jpg?v=638599387732670000,Bebidas,Bebidas regulares,https://www.unimarc.cl/category/bebidas-y-licores/bebidas/bebidas-regulares,https://www.unimarc.cl/_next/data/0ucQ92dO_m9T9joH0FjVV/category/bebidas-y-licores/bebidas/bebidas-regulares.json?categories=bebidas-y-licores&categories=bebidas&categories=bebidas-regulares,2026-02-18T12:43:23
3265,Pack bebida Canada Dry agua tónica lata 6 un de 350 ml,Canada Dry,1 un,litro,4000,5690,4000,True,Ahorras $1.690,$1.905 x litro,$2.710 x litro,https://www.unimarc.cl/agua-tonica-canada-dry-lata-350-cc-6-un/p,https://unimarc.vtexassets.com/arquivos/ids/243613/000000000000022907-DIS-01.jpg?v=638599390485970000,Bebidas,Bebidas regulares,https://www.unimarc.cl/category/bebidas-y-licores/bebidas/bebidas-regulares,https://www.unimarc.cl/_next/data/0ucQ92dO_m9T9joH0FjVV/category/bebidas-y-licores/bebidas/bebidas-regulares.json?categories=bebidas-y-licores&categories=bebidas&categories=bebidas-regulares,2026-02-18T12:43:23
13268,Bebida Pap retornable 2 L + envase,Pap,1 un,litro,1590,2250,1590,True,Ahorras $660,$795 x litro,$1.125 x litro,https://www.unimarc.cl/pap-retornable-2-lt/p,https://unimarc.vtexassets.com/arquivos/ids/243624/000000000000118167-UN-01.jpg?v=638599387777130000,Bebidas,Bebidas regulares,https://www.unimarc.cl/category/bebidas-y-licores/bebidas/bebidas-regulares,https://www.unimarc.cl/_next/data/0ucQ92dO_m9T9joH0FjVV/category/bebidas-y-licores/bebidas/bebidas-regulares.json?categories=bebidas-y-licores&categories=bebidas&categories=bebidas-regulares,2026-02-18T12:43:23
12313,Bebida Bilz retornable 2 L + envase,Bilz,1 un,litro,1590,2250,1590,True,Ahorras $660,$795 x litro,$1.125 x litro,https://www.unimarc.cl/bilz-retornable-2-lt/p,https://unimarc.vtexassets.com/arquivos/ids/243623/000000000000118165-UN-01.jpg?v=638599387770100000,Bebidas,Bebidas regulares,https://www.unimarc.cl/category/bebidas-y-licores/bebidas/bebidas-regulares,https://www.unimarc.cl/_next/data/0ucQ92dO_m9T9joH0FjVV/category/bebidas-y-licores/bebidas/bebidas-regulares.json?categories=bebidas-y-licores&categories=bebidas&categories=bebidas-regulares,2026-02-18T12:43:23
13269,Bebida Limón soda retornable 2 L + envase,Limon Soda,1 un,litro,1590,2250,1590,True,Ahorras $660,$795 x litro,$1.125 x litro,https://www.unimarc.cl/limon-soda-retornable-2-lt/p,https://unimarc.vtexassets.com/arquivos/ids/245034/000000000000118161-UN-01.jpg?v=638663269499200000,Bebidas,Bebidas regulares,https://www.unimarc.cl/category/bebidas-y-licores/bebidas/bebidas-regulares,https://www.unimarc.cl/_next/data/0ucQ92dO_m9T9joH0FjVV/category/bebidas-y-licores/bebidas/bebidas-regulares.json?categories=bebidas-y-licores&categories=bebidas&categories=bebidas-regulares,2026-02-18T12:43:23
13271,Bebida Kem piña retornable 2 L + envase,Kem Piña,1 un,litro,1590,2250,1590,True,Ahorras $660,$795 x litro,$1.125 x litro,https://www.unimarc.cl/kem-pina-retornable-2-lt/p,https://unimarc.vtexassets.com/arquivos/ids/184286/KEM-PIÑA-RETORNABLE-2-LT-1-3502.jpg?v=636964029202270000,Bebidas,Bebidas regulares,https://www.unimarc.cl/category/bebidas-y-licores/bebidas/bebidas-regulares,https://www.unimarc.cl/_next/data/0ucQ92dO_m9T9joH0FjVV/category/bebidas-y-licores/bebidas/bebidas-regulares.json?categories=bebidas-y-licores&categories=bebidas&categories=bebidas-regulares,2026-02-18T12:43:23
3274,Bebida Coca Cola original 1.5 L,Coca Cola,1 un,litro,2150,2150,,False,,$1.433 x litro,$1.433 x litro,https://www.unimarc.cl/beb-coca-cola-1-5-l-no-retor-3/p,https://unimarc.vtexassets.com/arquivos/ids/229663/000000000000023002-UN-01.jpg?v=638004190113400000,Bebidas,Bebidas regulares,https://www.unimarc.cl/category/bebidas-y-licores/bebidas/bebidas-regulares,https://www.unimarc.cl/_next/data/0ucQ92dO_m9T9joH0FjVV/category/bebidas-y-licores/bebidas/bebidas-regulares.json?categories=bebidas-y-licores&categories=bebidas&categories=bebidas-regulares,2026-02-18T12:43:23
96682,Pack bebida Coca Cola + Fanta 2 un de 3 L,Coca Cola,1 un,litro,4890,5690,4890,True,Ahorras $800,$815 x litro,$948 x litro,https://www.unimarc.cl/pack-bebida-coca-cola-fanta-2x3-lt-pet/p,https://unimarc.vtexassets.com/arquivos/ids/256002/000000000000699324-UN-01.jpg?v=639062596264200000,Bebidas,Bebidas regulares,https://www.unimarc.cl/category/bebidas-y-licores/bebidas/bebidas-regulares,https://www.unimarc.cl/_next/data/0ucQ92dO_m9T9joH0FjVV/category/bebidas-y-licores/bebidas/bebidas-regulares.json?categories=bebidas-y-licores&categories=bebidas&categories=bebidas-regulares,2026-02-18T12:43:23
3287,Bebida Canada Dry agua tónica no retornable 1.5 L,Canada Dry,1 un,litro,2150,2150,,False,,$1.433 x litro,$1.433 x litro,https://www.unimarc.cl/agua-tonica-desechable-1-5-lt/p,https://unimarc.vtexassets.com/arquivos/ids/254031/000000000000023192-UN-01.jpg?v=639010664780530000,Bebidas,Bebidas regulares,https://www.unimarc.cl/category/bebidas-y-licores/bebidas/bebidas-regulares,https://www.unimarc.cl/_next/data/0ucQ92dO_m9T9joH0FjVV/category/bebidas-y-licores/bebidas/bebidas-regulares.json?page=2&categories=bebidas-y-licores&categories=bebidas&categories=bebidas-regulares,2026-02-18T12:43:26
90382,FANTA NARANJA FULL SUGAR 3 LT PET,Fanta,1 un,litro,3190,3190,,False,,$1.063 x litro,$1.063 x litro,https://www.unimarc.cl/fanta-naranja-full-sugar-3-lt-pet/p,https://unimarc.vtexassets.com/arquivos/ids/246521/7801610003084-UN-01.jpg?v=638739400470900000,Bebidas,Bebidas regulares,https://www.unimarc.cl/category/bebidas-y-licores/bebidas/bebidas-regulares,https://www.unimarc.cl/_next/data/0ucQ92dO_m9T9joH0FjVV/category/bebidas-y-licores/bebidas/bebidas-regulares.json?page=2&categories=bebidas-y-licores&categories=bebidas&categories=bebidas-regulares,2026-02-18T12:43:26
455,Bebida Sprite 1.5 L,Sprite,1 un,litro,2150,2150,,False,,$1.433 x litro,$1.433 x litro,https://www.unimarc.cl/beb-sprite-1-5-l-no-retor/p,https://unimarc.vtexassets.com/arquivos/ids/230604/000000000000060332-UN-01.jpg?v=638042018433330000,Bebidas,Bebidas regulares,https://www.unimarc.cl/category/bebidas-y-licores/bebidas/bebidas-regulares,https://www.unimarc.cl/_next/data/0ucQ92dO_m9T9joH0FjVV/category/bebidas-y-licores/bebidas/bebidas-regulares.json?page=2&categories=bebidas-y-licores&categories=bebidas&categories=bebidas-regulares,2026-02-18T12:43:26
471,Bebida Coca Cola retornable 2 L + envase,Coca Cola,1 un,litro,1990,1990,,False,,$995 x litro,$995 x litro,https://www.unimarc.cl/beb-coca-cola-2-l-retorn/p,https://unimarc.vtexassets.com/arquivos/ids/235259/000000000000118159-UN-01.png?v=638276387703400000,Bebidas,Bebidas regulares,https://www.unimarc.cl/category/bebidas-y-licores/bebidas/bebidas-regulares,https://www.unimarc.cl/_next/data/0ucQ92dO_m9T9joH0FjVV/category/bebidas-y-licores/bebidas/bebidas-regulares.json?page=2&categories=bebidas-y-licores&categories=bebidas&categories=bebidas-regulares,2026-02-18T12:43:26
76549,Bebida Inca Kola desechable 3 L,Inca Kola,1 un,litro,3190,3190,,False,,$1.063 x litro,$1.063 x litro,https://www.unimarc.cl/inca-kola-desechable-3-lt/p,https://unimarc.vtexassets.com/arquivos/ids/234128/000000000000651140-UN-01.jpg?v=638228023148030000,Bebidas,Bebidas regulares,https://www.unimarc.cl/category/bebidas-y-licores/bebidas/bebidas-regulares,https://www.unimarc.cl/_next/data/0ucQ92dO_m9T9joH0FjVV/category/bebidas-y-licores/bebidas/bebidas-regulares.json?page=2&categories=bebidas-y-licores&categories=bebidas&categories=bebidas-regulares,2026-02-18T12:43:26
83633,Bebida agua tónica Schweppes desechable 1.5 L,Schweppes,1 un,litro,2150,2150,,False,,$1.433 x litro,$1.433 x litro,https://www.unimarc.cl/agua-tonica-schweppes-1-5-lt-pet/p,https://unimarc.vtexassets.com/arquivos/ids/232180/000000000000663656-UN-01.png?v=638138145228300000,Bebidas,Bebidas regulares,https://www.unimarc.cl/category/bebidas-y-licores/bebidas/bebidas-regulares,https://www.unimarc.cl/_next/data/0ucQ92dO_m9T9joH0FjVV/category/bebidas-y-licores/bebidas/bebidas-regulares.json?page=2&categories=bebidas-y-licores&categories=bebidas&categories=bebidas-regulares,2026-02-18T12:43:26
90392,FANTA NARANJA FULL SUGAR 1.5 LT PET,Fanta,1 un,litro,2150,2150,,False,,$1.433 x litro,$1.433 x litro,https://www.unimarc.cl/fanta-naranja-full-sugar-1-5-lt-pet/p,https://unimarc.vtexassets.com/arquivos/ids/246520/7801610003046-UN-01.jpg?v=638739400016570000,Bebidas,Bebidas regulares,https://www.unimarc.cl/category/bebidas-y-licores/bebidas/bebidas-regulares,https://www.unimarc.cl/_next/data/0ucQ92dO_m9T9joH0FjVV/category/bebidas-y-licores/bebidas/bebidas-regulares.json?page=2&categories=bebidas-y-licores&categories=bebidas&categories=bebidas-regulares,2026-02-18T12:43:26
90383,FANTA POMELO FULL SUGAR 1.5 LT PET,Fanta,1 un,litro,2150,2150,,False,,$1.433 x litro,$1.433 x litro,https://www.unimarc.cl/fanta-pomelo-full-sugar-1-5-lt-pet/p,https://unimarc.vtexassets.com/arquivos/ids/246517/7801610002452-UN-01.jpg?v=638739398672700000,Bebidas,Bebidas regulares,https://www.unimarc.cl/category/bebidas-y-licores/bebidas/bebidas-regulares,https://www.unimarc.cl/_next/data/0ucQ92dO_m9T9joH0FjVV/category/bebidas-y-licores/bebidas/bebidas-regulares.json?page=2&categories=bebidas-y-licores&categories=bebidas&categories=bebidas-regulares,2026-02-18T12:43:26
96016,Bebida Kem piña maracuyá desechable 2 L,Kem,1 un,litro,2390,2390,,False,,$1.195 x litro,$1.195 x litro,https://www.unimarc.cl/kem-pina-maracuya-pet-2-lt/p,https://unimarc.vtexassets.com/arquivos/ids/254309/000000000000695702-UN-01.jpg?v=639015772406530000,Bebidas,Bebidas regulares,https://www.unimarc.cl/category/bebidas-y-licores/bebidas/bebidas-regulares,https://www.unimarc.cl/_next/data/0ucQ92dO_m9T9joH0FjVV/category/bebidas-y-licores/bebidas/bebidas-regulares.json?page=2&categories=bebidas-y-licores&categories=bebidas&categories=bebidas-regulares,2026-02-18T12:43:26
3283,Bebida Pap no retornable 1.5 L,Pap,1 un,litro,2150,2150,,False,,$1.433 x litro,$1.433 x litro,https://www.unimarc.cl/pap-desechable-1-5-lt/p,https://unimarc.vtexassets.com/arquivos/ids/226018/000000000000023180-UN-01.jpg?v=637861542452730000,Bebidas,Bebidas regulares,https://www.unimarc.cl/category/bebidas-y-licores/bebidas/bebidas-regulares,https://www.unimarc.cl/_next/data/0ucQ92dO_m9T9joH0FjVV/category/bebidas-y-licores/bebidas/bebidas-regulares.json?page=2&categories=bebidas-y-licores&categories=bebidas&categories=bebidas-regulares,2026-02-18T12:43:26
3285,Bebida Kem piña no retornable 1.5 L,Kem Piña,1 un,litro,2150,2150,,False,,$1.433 x litro,$1.433 x litro,https://www.unimarc.cl/kem-pina-desechable-1-5-lt/p,https://unimarc.vtexassets.com/arquivos/ids/226008/000000000000023186-UN-01.jpg?v=637861500960470000,Bebidas,Bebidas regulares,https://www.unimarc.cl/category/bebidas-y-licores/bebidas/bebidas-regulares,https://www.unimarc.cl/_next/data/0ucQ92dO_m9T9joH0FjVV/category/bebidas-y-licores/bebidas/bebidas-regulares.json?page=2&categories=bebidas-y-licores&categories=bebidas&categories=bebidas-regulares,2026-02-18T12:43:26
92943,Bebida aloe vera My Way original 500 ml,My Way,1 un,litro,990,990,,False,,$1.980 x litro,$1.980 x litro,https://www.unimarc.cl/bebida-aloe-vera-my-way-500ml-original/p,https://unimarc.vtexassets.com/arquivos/ids/251510/000000000675109001-UN-01.jpg?v=638937175147970000,Bebidas,Bebidas regulares,https://www.unimarc.cl/category/bebidas-y-licores/bebidas/bebidas-regulares,https://www.unimarc.cl/_next/data/0ucQ92dO_m9T9joH0FjVV/category/bebidas-y-licores/bebidas/bebidas-regulares.json?page=2&categories=bebidas-y-licores&categories=bebidas&categories=bebidas-regulares,2026-02-18T12:43:26
63975,Pack bebida Guaraná Antártica original 12 un de 350 ml,Guarana Antarctica,1 un,litro,16450,16450,,False,,$3.917 x litro,$3.917 x litro,https://www.unimarc.cl/bebida-guarana-antartica-original-350-cc/p,https://unimarc.vtexassets.com/arquivos/ids/254515/000000000000634650-DIS-01.jpg?v=639021213820800000,Bebidas,Bebidas regulares,https://www.unimarc.cl/category/bebidas-y-licores/bebidas/bebidas-regulares,https://www.unimarc.cl/_next/data/0ucQ92dO_m9T9joH0FjVV/category/bebidas-y-licores/bebidas/bebidas-regulares.json?page=2&categories=bebidas-y-licores&categories=bebidas&categories=bebidas-regulares,2026-02-18T12:43:26
83641,Bebida Schweppes ginger ale desechable 1.5 L,Schweppes,1 un,litro,2150,2150,,False,,$1.433 x litro,$1.433 x litro,https://www.unimarc.cl/schweppes-ginger-ale-pet-1500/p,https://unimarc.vtexassets.com/arquivos/ids/232178/000000000000663666-UN-01.jpg?v=638138133355630000,Bebidas,Bebidas regulares,https://www.unimarc.cl/category/bebidas-y-licores/bebidas/bebidas-regulares,https://www.unimarc.cl/_next/data/0ucQ92dO_m9T9joH0FjVV/category/bebidas-y-licores/bebidas/bebidas-regulares.json?page=2&categories=bebidas-y-licores&categories=bebidas&categories=bebidas-regulares,2026-02-18T12:43:26
3282,Bebida Bilz no retornable 1.5 L,Bilz,1 un,litro,2150,2150,,False,,$1.433 x litro,$1.433 x litro,https://www.unimarc.cl/bilz-desechable-1-5-lt/p,https://unimarc.vtexassets.com/arquivos/ids/226004/000000000000023178-UN-01.jpg?v=637861449587270000,Bebidas,Bebidas regulares,https://www.unimarc.cl/category/bebidas-y-licores/bebidas/bebidas-regulares,https://www.unimarc.cl/_next/data/0ucQ92dO_m9T9joH0FjVV/category/bebidas-y-licores/bebidas/bebidas-regulares.json?page=2&categories=bebidas-y-licores&categories=bebidas&categories=bebidas-regulares,2026-02-18T12:43:26
3286,Bebida Limón Soda no retornable 1.5 L,Limon Soda,1 un,litro,2150,2150,,False,,$1.433 x litro,$1.433 x litro,https://www.unimarc.cl/limon-soda-desechable-1-5-lt/p,https://unimarc.vtexassets.com/arquivos/ids/243617/000000000000023188-UN-01.jpg?v=638599390489370000,Bebidas,Bebidas regulares,https://www.unimarc.cl/category/bebidas-y-licores/bebidas/bebidas-regulares,https://www.unimarc.cl/_next/data/0ucQ92dO_m9T9joH0FjVV/category/bebidas-y-licores/bebidas/bebidas-regulares.json?page=2&categories=bebidas-y-licores&categories=bebidas&categories=bebidas-regulares,2026-02-18T12:43:26
75154,Bebida Britvic ginger beer 200 ml,Britvic,1 un,litro,1890,1890,,False,,$9.450 x litro,$9.450 x litro,https://www.unimarc.cl/bebida-britvic-200-cc/p,https://unimarc.vtexassets.com/arquivos/ids/207078/000000000000649834-UN-01.jpg?v=637472613180770000,Bebidas,Bebidas regulares,https://www.unimarc.cl/category/bebidas-y-licores/bebidas/bebidas-regulares,https://www.unimarc.cl/_next/data/0ucQ92dO_m9T9joH0FjVV/category/bebidas-y-licores/bebidas/bebidas-regulares.json?page=2&categories=bebidas-y-licores&categories=bebidas&categories=bebidas-regulares,2026-02-18T12:43:26
9838,Bebida Pepsi no retornable 1.5 L,Pepsi,1 un,litro,2150,2150,,False,,$1.433 x litro,$1.433 x litro,https://www.unimarc.cl/pepsi-desechable-15-l/p,https://unimarc.vtexassets.com/arquivos/ids/167587/000000000000023301-UN-01.jpg?v=638599387750700000,Bebidas,Bebidas regulares,https://www.unimarc.cl/category/bebidas-y-licores/bebidas/bebidas-regulares,https://www.unimarc.cl/_next/data/0ucQ92dO_m9T9joH0FjVV/category/bebidas-y-licores/bebidas/bebidas-regulares.json?page=2&categories=bebidas-y-licores&categories=bebidas&categories=bebidas-regulares,2026-02-18T12:43:26
82787,Pack bebida ginger beer Fever Tree premium botella 4 un de 200 ml,Fever Tree,1 un,litro,7790,7790,,False,,$9.738 x litro,$9.738 x litro,https://www.unimarc.cl/ginger-beer-fever-tree-200-ml-bot/p,https://unimarc.vtexassets.com/arquivos/ids/230223/000000000000661572-DIS-01.jpg?v=638030026293230000,Bebidas,Bebidas regulares,https://www.unimarc.cl/category/bebidas-y-licores/bebidas/bebidas-regulares,https://www.unimarc.cl/_next/data/0ucQ92dO_m9T9joH0FjVV/category/bebidas-y-licores/bebidas/bebidas-regulares.json?page=2&categories=bebidas-y-licores&categories=bebidas&categories=bebidas-regulares,2026-02-18T12:43:26
90385,FANTA NARANJA FULL SUGAR 350ML LATA,Fanta,1 un,litro,1050,1050,,False,,$3.000 x litro,$3.000 x litro,https://www.unimarc.cl/fanta-naranja-full-sugar-350ml-lata-2/p,https://unimarc.vtexassets.com/arquivos/ids/246518/7801610002858-UN-01.jpg?v=638739399088200000,Bebidas,Bebidas regulares,https://www.unimarc.cl/category/bebidas-y-licores/bebidas/bebidas-regulares,https://www.unimarc.cl/_next/data/0ucQ92dO_m9T9joH0FjVV/category/bebidas-y-licores/bebidas/bebidas-regulares.json?page=2&categories=bebidas-y-licores&categories=bebidas&categories=bebidas-regulares,2026-02-18T12:43:26
92948,Bebida aloe vera My Way granada 1 L,My Way,1 un,litro,1950,1950,,False,,$1.950 x litro,$1.950 x litro,https://www.unimarc.cl/bebida-aloe-vera-my-way-1-lt-granada/p,https://unimarc.vtexassets.com/arquivos/ids/251515/000000000675142001-UN-01.jpg?v=638937175157800000,Bebidas,Bebidas regulares,https://www.unimarc.cl/category/bebidas-y-licores/bebidas/bebidas-regulares,https://www.unimarc.cl/_next/data/0ucQ92dO_m9T9joH0FjVV/category/bebidas-y-licores/bebidas/bebidas-regulares.json?page=2&categories=bebidas-y-licores&categories=bebidas&categories=bebidas-regulares,2026-02-18T12:43:26
3284,Bebida Orange Crush no retornable 1.5 L,Orange Crush,1 un,litro,2150,2150,,False,,$1.433 x litro,$1.433 x litro,https://www.unimarc.cl/orange-crush-desechable-1-5-lt/p,https://unimarc.vtexassets.com/arquivos/ids/245042/000000000000023184-UN-01.jpg?v=638663276691000000,Bebidas,Bebidas regulares,https://www.unimarc.cl/category/bebidas-y-licores/bebidas/bebidas-regulares,https://www.unimarc.cl/_next/data/0ucQ92dO_m9T9joH0FjVV/category/bebidas-y-licores/bebidas/bebidas-regulares.json?page=2&categories=bebidas-y-licores&categories=bebidas&categories=bebidas-regulares,2026-02-18T12:43:26
92950,Bebida aloe vera My Way original 1 L,My Way,1 un,litro,1950,1950,,False,,$1.950 x litro,$1.950 x litro,https://www.unimarc.cl/bebida-aloe-vera-my-way-1-lt-original/p,https://unimarc.vtexassets.com/arquivos/ids/251517/000000000675142003-UN-01.jpg?v=638937175162500000,Bebidas,Bebidas regulares,https://www.unimarc.cl/category/bebidas-y-licores/bebidas/bebidas-regulares,https://www.unimarc.cl/_next/data/0ucQ92dO_m9T9joH0FjVV/category/bebidas-y-licores/bebidas/bebidas-regulares.json?page=2&categories=bebidas-y-licores&categories=bebidas&categories=bebidas-regulares,2026-02-18T12:43:26
82783,Pack agua tónica Fever Tree indian botella 4 un de 200 ml,Fever Tree,1 un,litro,7790,7790,,False,,$9.738 x litro,$9.738 x litro,https://www.unimarc.cl/agua-tonica-indian-fever-tree-200-ml-bot/p,https://unimarc.vtexassets.com/arquivos/ids/229751/000000000000661570-DIS-01.jpg?v=638012901932970000,Bebidas,Bebidas regulares,https://www.unimarc.cl/category/bebidas-y-licores/bebidas/bebidas-regulares,https://www.unimarc.cl/_next/data/0ucQ92dO_m9T9joH0FjVV/category/bebidas-y-licores/bebidas/bebidas-regulares.json?page=2&categories=bebidas-y-licores&categories=bebidas&categories=bebidas-regulares,2026-02-18T12:43:26
3611,Bebida Sprite retornable 2 L + envase,Sprite,1 un,litro,1990,1990,,False,,$995 x litro,$995 x litro,https://www.unimarc.cl/sprite-retornable-2-lt/p,https://unimarc.vtexassets.com/arquivos/ids/235261/000000000000118160-UN-01.png?v=638276390547800000,Bebidas,Bebidas regulares,https://www.unimarc.cl/category/bebidas-y-licores/bebidas/bebidas-regulares,https://www.unimarc.cl/_next/data/0ucQ92dO_m9T9joH0FjVV/category/bebidas-y-licores/bebidas/bebidas-regulares.json?page=2&categories=bebidas-y-licores&categories=bebidas&categories=bebidas-regulares,2026-02-18T12:43:26
82785,Pack bebida ginger ale Fever Tree premium botella 4 un de 200 ml,Fever Tree,1 un,litro,7790,7790,,False,,$9.738 x litro,$9.738 x litro,https://www.unimarc.cl/ginger-ale-premium-fever-tree-200-ml-bot/p,https://unimarc.vtexassets.com/arquivos/ids/230222/000000000000661571-DIS-01.jpg?v=638030025766800000,Bebidas,Bebidas regulares,https://www.unimarc.cl/category/bebidas-y-licores/bebidas/bebidas-regulares,https://www.unimarc.cl/_next/data/0ucQ92dO_m9T9joH0FjVV/category/bebidas-y-licores/bebidas/bebidas-regulares.json?page=2&categories=bebidas-y-licores&categories=bebidas&categories=bebidas-regulares,2026-02-18T12:43:26
92949,Bebida aloe vera My Way mango 1 L,My Way,1 un,litro,1950,1950,,False,,$1.950 x litro,$1.950 x litro,https://www.unimarc.cl/bebida-aloe-vera-my-way-1-lt-mango/p,https://unimarc.vtexassets.com/arquivos/ids/251516/000000000675142002-UN-01.jpg?v=638937175160000000,Bebidas,Bebidas regulares,https://www.unimarc.cl/category/bebidas-y-licores/bebidas/bebidas-regulares,https://www.unimarc.cl/_next/data/0ucQ92dO_m9T9joH0FjVV/category/bebidas-y-licores/bebidas/bebidas-regulares.json?page=2&categories=bebidas-y-licores&categories=bebidas&categories=bebidas-regulares,2026-02-18T12:43:26
57399,Bebida Coca Cola zero 1 L,Coca Cola Zero,1 un,litro,1490,1490,,False,,$1.490 x litro,$1.490 x litro,https://www.unimarc.cl/coca-cola-zero-pet-1-lts/p,https://unimarc.vtexassets.com/arquivos/ids/250998/000000000000175602-UN-01.jpg?v=638917365966270000,Bebidas,Bebidas light y zero,https://www.unimarc.cl/category/bebidas-y-licores/bebidas/bebidas-light-y-zero,https://www.unimarc.cl/_next/data/0ucQ92dO_m9T9joH0FjVV/category/bebidas-y-licores/bebidas/bebidas-light-y-zero.json?categories=bebidas-y-licores&categories=bebidas&categories=bebidas-light-y-zero,2026-02-18T12:43:36
655,Bebida Coca Cola zero desechable 3 L,Coca Cola Zero,1 un,litro,2590,3190,2590,True,Ahorras $600,$863 x litro,$1.063 x litro,https://www.unimarc.cl/bebida-coca-cola-sin-azucar-no-retornable-3-l/p,https://unimarc.vtexassets.com/arquivos/ids/253710/000000000000175598-UN-01.jpg?v=639064211099000000,Bebidas,Bebidas light y zero,https://www.unimarc.cl/category/bebidas-y-licores/bebidas/bebidas-light-y-zero,https://www.unimarc.cl/_next/data/0ucQ92dO_m9T9joH0FjVV/category/bebidas-y-licores/bebidas/bebidas-light-y-zero.json?categories=bebidas-y-licores&categories=bebidas&categories=bebidas-light-y-zero,2026-02-18T12:43:36
4147,Pack Bebida Coca Cola zero lata 6 un de 350 ml,Coca Cola Zero,1 un,litro,4190,5990,4190,True,Ahorras $1.800,$1.995 x litro,$2.852 x litro,https://www.unimarc.cl/bebida-coca-cola-zero-lata-350-ml-6-un/p,https://unimarc.vtexassets.com/arquivos/ids/251945/000000000000175605-DIS-01.jpg?v=639064211356800000,Bebidas,Bebidas light y zero,https://www.unimarc.cl/category/bebidas-y-licores/bebidas/bebidas-light-y-zero,https://www.unimarc.cl/_next/data/0ucQ92dO_m9T9joH0FjVV/category/bebidas-y-licores/bebidas/bebidas-light-y-zero.json?categories=bebidas-y-licores&categories=bebidas&categories=bebidas-light-y-zero,2026-02-18T12:43:36
9944,Bebida Pepsi zero no retornable 3 L,Pepsi,1 un,litro,2190,2990,2190,True,Ahorras $800,$730 x litro,$997 x litro,https://www.unimarc.cl/pepsi-zero-pet-3-l/p,https://unimarc.vtexassets.com/arquivos/ids/229473/000000000000616137-UN-01.jpg?v=637998050786430000,Bebidas,Bebidas light y zero,https://www.unimarc.cl/category/bebidas-y-licores/bebidas/bebidas-light-y-zero,https://www.unimarc.cl/_next/data/0ucQ92dO_m9T9joH0FjVV/category/bebidas-y-licores/bebidas/bebidas-light-y-zero.json?categories=bebidas-y-licores&categories=bebidas&categories=bebidas-light-y-zero,2026-02-18T12:43:36
3365,Pack Bebida Coca Cola light lata 6 un de 350 ml,Coca Cola Light,1 un,litro,4190,5990,4190,True,Ahorras $1.800,$1.995 x litro,$2.852 x litro,https://www.unimarc.cl/bebida-coca-cola-light-lata-350-ml-6-un/p,https://unimarc.vtexassets.com/arquivos/ids/221618/000000000000031354-DIS-01.jpg?v=637726021735600000,Bebidas,Bebidas light y zero,https://www.unimarc.cl/category/bebidas-y-licores/bebidas/bebidas-light-y-zero,https://www.unimarc.cl/_next/data/0ucQ92dO_m9T9joH0FjVV/category/bebidas-y-licores/bebidas/bebidas-light-y-zero.json?categories=bebidas-y-licores&categories=bebidas&categories=bebidas-light-y-zero,2026-02-18T12:43:36
569,Bebida Coca Cola light 1 L,Coca Cola Light,1 un,litro,1490,1490,,False,,$1.490 x litro,$1.490 x litro,https://www.unimarc.cl/beb-coca-cola-light-1-l-no-retor/p,https://unimarc.vtexassets.com/arquivos/ids/235772/000000000000148589-UN-01.jpg?v=638445516239370000,Bebidas,Bebidas light y zero,https://www.unimarc.cl/category/bebidas-y-licores/bebidas/bebidas-light-y-zero,https://www.unimarc.cl/_next/data/0ucQ92dO_m9T9joH0FjVV/category/bebidas-y-licores/bebidas/bebidas-light-y-zero.json?categories=bebidas-y-licores&categories=bebidas&categories=bebidas-light-y-zero,2026-02-18T12:43:36
3560,Pack bebida Sprite zero lata 6 un de 350 ml,Sprite,1 un,litro,4190,5990,4190,True,Ahorras $1.800,$1.995 x litro,$2.852 x litro,https://www.unimarc.cl/bebida-sprite-zero-lata-6-u-x-350-ml/p,https://unimarc.vtexassets.com/arquivos/ids/255166/000000000000057846-DIS.png?v=639040110443500000,Bebidas,Bebidas light y zero,https://www.unimarc.cl/category/bebidas-y-licores/bebidas/bebidas-light-y-zero,https://www.unimarc.cl/_next/data/0ucQ92dO_m9T9joH0FjVV/category/bebidas-y-licores/bebidas/bebidas-light-y-zero.json?categories=bebidas-y-licores&categories=bebidas&categories=bebidas-light-y-zero,2026-02-18T12:43:36
4642,Pack Bebida Fanta sin azúcar lata 6 un de 350 ml,Fanta,1 un,litro,4190,5990,4190,True,Ahorras $1.800,$1.995 x litro,$2.852 x litro,https://www.unimarc.cl/fanta-zero-lata-350-cc-6-un/p,https://unimarc.vtexassets.com/arquivos/ids/251940/000000000000202263-DIS-01.jpg?v=639002190843730000,Bebidas,Bebidas light y zero,https://www.unimarc.cl/category/bebidas-y-licores/bebidas/bebidas-light-y-zero,https://www.unimarc.cl/_next/data/0ucQ92dO_m9T9joH0FjVV/category/bebidas-y-licores/bebidas/bebidas-light-y-zero.json?categories=bebidas-y-licores&categories=bebidas&categories=bebidas-light-y-zero,2026-02-18T12:43:36
88179,Bebida Schweppes ginger ale sin azúcar lata 6 un de 310 ml,Schweppes,1 un,litro,4190,5990,4190,True,Ahorras $1.800,$2.253 x litro,$3.220 x litro,https://www.unimarc.cl/ginger-ale-schwe-sin-azucar-lata-310-ml/p,https://unimarc.vtexassets.com/arquivos/ids/243407/000000000000669588-DIS-01.jpg?v=638580389836600000,Bebidas,Bebidas light y zero,https://www.unimarc.cl/category/bebidas-y-licores/bebidas/bebidas-light-y-zero,https://www.unimarc.cl/_next/data/0ucQ92dO_m9T9joH0FjVV/category/bebidas-y-licores/bebidas/bebidas-light-y-zero.json?categories=bebidas-y-licores&categories=bebidas&categories=bebidas-light-y-zero,2026-02-18T12:43:36
578,Bebida Coca Cola light desechable 3 L,Coca Cola Light,1 un,litro,2590,3190,2590,True,Ahorras $600,$863 x litro,$1.063 x litro,https://www.unimarc.cl/beb-coca-cola-light-3-l-no-retor/p,https://unimarc.vtexassets.com/arquivos/ids/235159/000000000000153659-UN-01.jpg?v=638271891348270000,Bebidas,Bebidas light y zero,https://www.unimarc.cl/category/bebidas-y-licores/bebidas/bebidas-light-y-zero,https://www.unimarc.cl/_next/data/0ucQ92dO_m9T9joH0FjVV/category/bebidas-y-licores/bebidas/bebidas-light-y-zero.json?categories=bebidas-y-licores&categories=bebidas&categories=bebidas-light-y-zero,2026-02-18T12:43:36
5871,Bebida Coca Cola zero botella 591 ml,Coca Cola Zero,1 un,litro,1290,1290,,False,,$2.183 x litro,$2.183 x litro,https://www.unimarc.cl/bebida-coca-cola-zero-591cc/p,https://unimarc.vtexassets.com/arquivos/ids/255720/000000000000610486-UN-01.jpg?v=639046278118100000,Bebidas,Bebidas light y zero,https://www.unimarc.cl/category/bebidas-y-licores/bebidas/bebidas-light-y-zero,https://www.unimarc.cl/_next/data/0ucQ92dO_m9T9joH0FjVV/category/bebidas-y-licores/bebidas/bebidas-light-y-zero.json?categories=bebidas-y-licores&categories=bebidas&categories=bebidas-light-y-zero,2026-02-18T12:43:36
6434,Bebida Sprite zero desechable 3 L,Sprite,1 un,litro,3190,3190,,False,,$1.063 x litro,$1.063 x litro,https://www.unimarc.cl/sprite-zero-desechable-3-lt/p,https://unimarc.vtexassets.com/arquivos/ids/228897/000000000000750074-UN-01.jpg?v=637975705357730000,Bebidas,Bebidas light y zero,https://www.unimarc.cl/category/bebidas-y-licores/bebidas/bebidas-light-y-zero,https://www.unimarc.cl/_next/data/0ucQ92dO_m9T9joH0FjVV/category/bebidas-y-licores/bebidas/bebidas-light-y-zero.json?categories=bebidas-y-licores&categories=bebidas&categories=bebidas-light-y-zero,2026-02-18T12:43:36
55295,Bebida Canada Dry ginger ale zero no retornable 3 L,Canada Dry,1 un,litro,2390,2990,2390,True,Ahorras $600,$797 x litro,$997 x litro,https://www.unimarc.cl/canada-dry-ginger-ale-zero-desechab-3-lt/p,https://unimarc.vtexassets.com/arquivos/ids/185392/CANADA-DRY-GINGER-ALE-ZERO-DESECHAB-3-LT-1-62935.jpg?v=636981966263900000,Bebidas,Bebidas light y zero,https://www.unimarc.cl/category/bebidas-y-licores/bebidas/bebidas-light-y-zero,https://www.unimarc.cl/_next/data/0ucQ92dO_m9T9joH0FjVV/category/bebidas-y-licores/bebidas/bebidas-light-y-zero.json?categories=bebidas-y-licores&categories=bebidas&categories=bebidas-light-y-zero,2026-02-18T12:43:36
659,Bebida Coca Cola zero 1.5 L,Coca Cola Zero,1 un,litro,2150,2150,,False,,$1.433 x litro,$1.433 x litro,https://www.unimarc.cl/beb-coca-cola-zero-1-5-l-no-retor/p,https://unimarc.vtexassets.com/arquivos/ids/253713/000000000000175610-UN-01.jpg?v=639064211670930000,Bebidas,Bebidas light y zero,https://www.unimarc.cl/category/bebidas-y-licores/bebidas/bebidas-light-y-zero,https://www.unimarc.cl/_next/data/0ucQ92dO_m9T9joH0FjVV/category/bebidas-y-licores/bebidas/bebidas-light-y-zero.json?categories=bebidas-y-licores&categories=bebidas&categories=bebidas-light-y-zero,2026-02-18T12:43:36
6011,Pack bebida Pepsi zero lata 6 un de 350 ml,Pepsi,1 un,litro,4000,5690,4000,True,Ahorras $1.690,$1.905 x litro,$2.710 x litro,https://www.unimarc.cl/pepsi-zero-lata-350-cc-6-un/p,https://unimarc.vtexassets.com/arquivos/ids/244130/000000000000616132-DIS-01.jpg?v=638618316237800000,Bebidas,Bebidas light y zero,https://www.unimarc.cl/category/bebidas-y-licores/bebidas/bebidas-light-y-zero,https://www.unimarc.cl/_next/data/0ucQ92dO_m9T9joH0FjVV/category/bebidas-y-licores/bebidas/bebidas-light-y-zero.json?categories=bebidas-y-licores&categories=bebidas&categories=bebidas-light-y-zero,2026-02-18T12:43:36
12589,Bebida Limón Soda zero no retornable 3 L,Limon Soda,1 un,litro,2390,2990,2390,True,Ahorras $600,$797 x litro,$997 x litro,https://www.unimarc.cl/limon-soda-zero-desechable-3-lt/p,https://unimarc.vtexassets.com/arquivos/ids/229472/000000000000172514-UN-01.jpg?v=637998049195670000,Bebidas,Bebidas light y zero,https://www.unimarc.cl/category/bebidas-y-licores/bebidas/bebidas-light-y-zero,https://www.unimarc.cl/_next/data/0ucQ92dO_m9T9joH0FjVV/category/bebidas-y-licores/bebidas/bebidas-light-y-zero.json?categories=bebidas-y-licores&categories=bebidas&categories=bebidas-light-y-zero,2026-02-18T12:43:36
5869,Bebida Coca Cola light botella 591 ml,Coca Cola Light,1 un,litro,1290,1290,,False,,$2.183 x litro,$2.183 x litro,https://www.unimarc.cl/bebida-coca-cola-light-591-ml-no-retornable/p,https://unimarc.vtexassets.com/arquivos/ids/221624/000000000000610485-UN-01.jpg?v=637726028758630000,Bebidas,Bebidas light y zero,https://www.unimarc.cl/category/bebidas-y-licores/bebidas/bebidas-light-y-zero,https://www.unimarc.cl/_next/data/0ucQ92dO_m9T9joH0FjVV/category/bebidas-y-licores/bebidas/bebidas-light-y-zero.json?categories=bebidas-y-licores&categories=bebidas&categories=bebidas-light-y-zero,2026-02-18T12:43:36
14032,Bebida Orange Crush zero no retornable 3 L,Crush,1 un,litro,2390,2990,2390,True,Ahorras $600,$797 x litro,$997 x litro,https://www.unimarc.cl/bebida-orange-crush-zero-pet-3-lt/p,https://unimarc.vtexassets.com/arquivos/ids/229474/000000000000622348-UN-01.jpg?v=637998053521500000,Bebidas,Bebidas light y zero,https://www.unimarc.cl/category/bebidas-y-licores/bebidas/bebidas-light-y-zero,https://www.unimarc.cl/_next/data/0ucQ92dO_m9T9joH0FjVV/category/bebidas-y-licores/bebidas/bebidas-light-y-zero.json?categories=bebidas-y-licores&categories=bebidas&categories=bebidas-light-y-zero,2026-02-18T12:43:36
14276,Bebida Fanta sin azúcar botella 591 ml,Fanta,1 un,litro,1290,1290,,False,,$2.183 x litro,$2.183 x litro,https://www.unimarc.cl/bebida-fanta-zero-pet-591-cc/p,https://unimarc.vtexassets.com/arquivos/ids/251013/000000000000984246-UN-01.jpg?v=638917374742500000,Bebidas,Bebidas light y zero,https://www.unimarc.cl/category/bebidas-y-licores/bebidas/bebidas-light-y-zero,https://www.unimarc.cl/_next/data/0ucQ92dO_m9T9joH0FjVV/category/bebidas-y-licores/bebidas/bebidas-light-y-zero.json?categories=bebidas-y-licores&categories=bebidas&categories=bebidas-light-y-zero,2026-02-18T12:43:36
1722,Bebida Sprite zero botella 591 ml,Sprite,1 un,litro,1290,1290,,False,,$2.183 x litro,$2.183 x litro,https://www.unimarc.cl/bebida-sprite-zero-pet-591-cc/p,https://unimarc.vtexassets.com/arquivos/ids/234137/000000000000984247-UN-01.jpg?v=638228028743400000,Bebidas,Bebidas light y zero,https://www.unimarc.cl/category/bebidas-y-licores/bebidas/bebidas-light-y-zero,https://www.unimarc.cl/_next/data/0ucQ92dO_m9T9joH0FjVV/category/bebidas-y-licores/bebidas/bebidas-light-y-zero.json?categories=bebidas-y-licores&categories=bebidas&categories=bebidas-light-y-zero,2026-02-18T12:43:36
6345,Bebida Kem zero no retornable 3 L,Kem Zero,1 un,litro,2390,2990,2390,True,Ahorras $600,$797 x litro,$997 x litro,https://www.unimarc.cl/kem-zero-desechable-3-lt/p,https://unimarc.vtexassets.com/arquivos/ids/229478/000000000000710448-UN-01.jpg?v=637998060316970000,Bebidas,Bebidas light y zero,https://www.unimarc.cl/category/bebidas-y-licores/bebidas/bebidas-light-y-zero,https://www.unimarc.cl/_next/data/0ucQ92dO_m9T9joH0FjVV/category/bebidas-y-licores/bebidas/bebidas-light-y-zero.json?categories=bebidas-y-licores&categories=bebidas&categories=bebidas-light-y-zero,2026-02-18T12:43:36
82350,Bebida Pepsi zero 600 ml,Pepsi,1 un,litro,1290,1290,,False,,$2.150 x litro,$2.150 x litro,https://www.unimarc.cl/pepsi-zero-pet-600-cc/p,https://unimarc.vtexassets.com/arquivos/ids/228281/000000000000661486-UN-01.jpg?v=638599374227570000,Bebidas,Bebidas light y zero,https://www.unimarc.cl/category/bebidas-y-licores/bebidas/bebidas-light-y-zero,https://www.unimarc.cl/_next/data/0ucQ92dO_m9T9joH0FjVV/category/bebidas-y-licores/bebidas/bebidas-light-y-zero.json?categories=bebidas-y-licores&categories=bebidas&categories=bebidas-light-y-zero,2026-02-18T12:43:36
96677,Bebida Sprite zero desechable 1.25 L,Sprite,1 un,litro,1890,1890,,False,,$1.512 x litro,$1.512 x litro,https://www.unimarc.cl/bebida-zero-azucar-sprite-1-25-lt-pet/p,https://unimarc.vtexassets.com/arquivos/ids/256069/000000000000698322-UN-01.jpg?v=639065276878200000,Bebidas,Bebidas light y zero,https://www.unimarc.cl/category/bebidas-y-licores/bebidas/bebidas-light-y-zero,https://www.unimarc.cl/_next/data/0ucQ92dO_m9T9joH0FjVV/category/bebidas-y-licores/bebidas/bebidas-light-y-zero.json?categories=bebidas-y-licores&categories=bebidas&categories=bebidas-light-y-zero,2026-02-18T12:43:36
77438,Bebida Pepsi zero desechable 1.75 L,Pepsi,1 un,litro,1990,1990,,False,,$1.137 x litro,$1.137 x litro,https://www.unimarc.cl/pepsi-zero-pet-1-75-lt/p,https://unimarc.vtexassets.com/arquivos/ids/216203/000000000000651576-UN-01.jpg?v=637589329221300000,Bebidas,Bebidas light y zero,https://www.unimarc.cl/category/bebidas-y-licores/bebidas/bebidas-light-y-zero,https://www.unimarc.cl/_next/data/0ucQ92dO_m9T9joH0FjVV/category/bebidas-y-licores/bebidas/bebidas-light-y-zero.json?categories=bebidas-y-licores&categories=bebidas&categories=bebidas-light-y-zero,2026-02-18T12:43:36
96603,Bebida Fanta naranja sin azúcar 1.25 L,Fanta,1 un,litro,1890,1890,,False,,$1.512 x litro,$1.512 x litro,https://www.unimarc.cl/bebida-naranj-zero-azuc-fanta-1-25lt-pet/p,https://unimarc.vtexassets.com/arquivos/ids/255920/000000000000698469-UN-01.jpg?v=639053852799670000,Bebidas,Bebidas light y zero,https://www.unimarc.cl/category/bebidas-y-licores/bebidas/bebidas-light-y-zero,https://www.unimarc.cl/_next/data/0ucQ92dO_m9T9joH0FjVV/category/bebidas-y-licores/bebidas/bebidas-light-y-zero.json?categories=bebidas-y-licores&categories=bebidas&categories=bebidas-light-y-zero,2026-02-18T12:43:36
86614,Bebida Kem zero 600 ml,Kem Zero,1 un,litro,1290,1290,,False,,$2.150 x litro,$2.150 x litro,https://www.unimarc.cl/kem-zero-600-cc-pet/p,https://unimarc.vtexassets.com/arquivos/ids/244274/000000000000667471-UN-01.jpg?v=638628663333030000,Bebidas,Bebidas light y zero,https://www.unimarc.cl/category/bebidas-y-licores/bebidas/bebidas-light-y-zero,https://www.unimarc.cl/_next/data/0ucQ92dO_m9T9joH0FjVV/category/bebidas-y-licores/bebidas/bebidas-light-y-zero.json?categories=bebidas-y-licores&categories=bebidas&categories=bebidas-light-y-zero,2026-02-18T12:43:36
55293,Bebida Canada Dry ginger ale zero no retornable 1.5 L,Canada Dry,1 un,litro,1590,2150,1590,True,Ahorras $560,$1.060 x litro,$1.433 x litro,https://www.unimarc.cl/canada-dry-ging-ale-zero-desechab-1-5-lt/p,https://unimarc.vtexassets.com/arquivos/ids/243642/000000000000636366-UN-01.jpg?v=638599388189430000,Bebidas,Bebidas light y zero,https://www.unimarc.cl/category/bebidas-y-licores/bebidas/bebidas-light-y-zero,https://www.unimarc.cl/_next/data/0ucQ92dO_m9T9joH0FjVV/category/bebidas-y-licores/bebidas/bebidas-light-y-zero.json?categories=bebidas-y-licores&categories=bebidas&categories=bebidas-light-y-zero,2026-02-18T12:43:36
93202,Bebida Limón Soda zero desechable 1.25 L,Limon Soda,1 un,litro,1850,1850,,False,,$1.480 x litro,$1.480 x litro,https://www.unimarc.cl/limon-soda-zero-pet-1-25-lt/p,https://unimarc.vtexassets.com/arquivos/ids/251698/000000000000687513-UN-01.jpg?v=638945051068930000,Bebidas,Bebidas light y zero,https://www.unimarc.cl/category/bebidas-y-licores/bebidas/bebidas-light-y-zero,https://www.unimarc.cl/_next/data/0ucQ92dO_m9T9joH0FjVV/category/bebidas-y-licores/bebidas/bebidas-light-y-zero.json?categories=bebidas-y-licores&categories=bebidas&categories=bebidas-light-y-zero,2026-02-18T12:43:36
93196,Bebida Kem zero desechable 1.25 L,Kem,1 un,litro,1850,1850,,False,,$1.480 x litro,$1.480 x litro,https://www.unimarc.cl/kem-zero-pet-1-25-lt/p,https://unimarc.vtexassets.com/arquivos/ids/251699/000000000000687497-UN-01.jpg?v=638945052943070000,Bebidas,Bebidas light y zero,https://www.unimarc.cl/category/bebidas-y-licores/bebidas/bebidas-light-y-zero,https://www.unimarc.cl/_next/data/0ucQ92dO_m9T9joH0FjVV/category/bebidas-y-licores/bebidas/bebidas-light-y-zero.json?categories=bebidas-y-licores&categories=bebidas&categories=bebidas-light-y-zero,2026-02-18T12:43:36
82358,Bebida Kem Xtreme sugar free 600 ml,Kem Xtreme,1 un,litro,1290,1290,,False,,$2.150 x litro,$2.150 x litro,https://www.unimarc.cl/kem-xtreme-sugar-free-pet-600/p,https://unimarc.vtexassets.com/arquivos/ids/228278/000000000000661489-UN-01.jpg?v=638599374242500000,Bebidas,Bebidas light y zero,https://www.unimarc.cl/category/bebidas-y-licores/bebidas/bebidas-light-y-zero,https://www.unimarc.cl/_next/data/0ucQ92dO_m9T9joH0FjVV/category/bebidas-y-licores/bebidas/bebidas-light-y-zero.json?categories=bebidas-y-licores&categories=bebidas&categories=bebidas-light-y-zero,2026-02-18T12:43:36
86463,Bebida Limón soda zero sin azúcar 600 cc,Limon Soda,1 un,litro,1290,1290,,False,,$2.150 x litro,$2.150 x litro,https://www.unimarc.cl/limon-soda-zero-600-cc-pet/p,https://unimarc.vtexassets.com/arquivos/ids/245032/000000000000667469-UN-01.jpg?v=638663266528730000,Bebidas,Bebidas light y zero,https://www.unimarc.cl/category/bebidas-y-licores/bebidas/bebidas-light-y-zero,https://www.unimarc.cl/_next/data/0ucQ92dO_m9T9joH0FjVV/category/bebidas-y-licores/bebidas/bebidas-light-y-zero.json?categories=bebidas-y-licores&categories=bebidas&categories=bebidas-light-y-zero,2026-02-18T12:43:36
93200,Bebida Pap zero desechable 1.25 L,Pap,1 un,litro,1850,1850,,False,,$1.480 x litro,$1.480 x litro,https://www.unimarc.cl/pap-zero-pet-1-25-lt/p,https://unimarc.vtexassets.com/arquivos/ids/251696/000000000000687511-UN-01.jpg?v=638945047912070000,Bebidas,Bebidas light y zero,https://www.unimarc.cl/category/bebidas-y-licores/bebidas/bebidas-light-y-zero,https://www.unimarc.cl/_next/data/0ucQ92dO_m9T9joH0FjVV/category/bebidas-y-licores/bebidas/bebidas-light-y-zero.json?categories=bebidas-y-licores&categories=bebidas&categories=bebidas-light-y-zero,2026-02-18T12:43:36
93198,Bebida Bilz zero desechable 1.25 L,Bilz,1 un,litro,1850,1850,,False,,$1.480 x litro,$1.480 x litro,https://www.unimarc.cl/bilz-zero-pet-1-25-lt/p,https://unimarc.vtexassets.com/arquivos/ids/251701/000000000000687499-UN-01.jpg?v=638945056037930000,Bebidas,Bebidas light y zero,https://www.unimarc.cl/category/bebidas-y-licores/bebidas/bebidas-light-y-zero,https://www.unimarc.cl/_next/data/0ucQ92dO_m9T9joH0FjVV/category/bebidas-y-licores/bebidas/bebidas-light-y-zero.json?categories=bebidas-y-licores&categories=bebidas&categories=bebidas-light-y-zero,2026-02-18T12:43:36
6324,Bebida Pap zero no retornable 3 L,Pap,1 un,litro,2390,2990,2390,True,Ahorras $600,$797 x litro,$997 x litro,https://www.unimarc.cl/pap-zero-desechable-3-lt/p,https://unimarc.vtexassets.com/arquivos/ids/229476/000000000000707134-UN-01.jpg?v=637998056967400000,Bebidas,Bebidas light y zero,https://www.unimarc.cl/category/bebidas-y-licores/bebidas/bebidas-light-y-zero,https://www.unimarc.cl/_next/data/0ucQ92dO_m9T9joH0FjVV/category/bebidas-y-licores/bebidas/bebidas-light-y-zero.json?categories=bebidas-y-licores&categories=bebidas&categories=bebidas-light-y-zero,2026-02-18T12:43:36
6325,Bebida Bilz zero no retornable 3 L,Bilz,1 un,litro,2390,2990,2390,True,Ahorras $600,$797 x litro,$997 x litro,https://www.unimarc.cl/bilz-zero-desechable-3-lt/p,https://unimarc.vtexassets.com/arquivos/ids/229477/000000000000707135-UN-01.jpg?v=637998059306800000,Bebidas,Bebidas light y zero,https://www.unimarc.cl/category/bebidas-y-licores/bebidas/bebidas-light-y-zero,https://www.unimarc.cl/_next/data/0ucQ92dO_m9T9joH0FjVV/category/bebidas-y-licores/bebidas/bebidas-light-y-zero.json?categories=bebidas-y-licores&categories=bebidas&categories=bebidas-light-y-zero,2026-02-18T12:43:36
3960,Bebida Canada Dry ginger ale light no retornable 1.5 L,Canada Dry,1 un,litro,1590,2150,1590,True,Ahorras $560,$1.060 x litro,$1.433 x litro,https://www.unimarc.cl/ginger-ale-light-can-dry-desechable-1-5l/p,https://unimarc.vtexassets.com/arquivos/ids/243626/000000000000158573-UN-01.jpg?v=638599387813000000,Bebidas,Bebidas light y zero,https://www.unimarc.cl/category/bebidas-y-licores/bebidas/bebidas-light-y-zero,https://www.unimarc.cl/_next/data/0ucQ92dO_m9T9joH0FjVV/category/bebidas-y-licores/bebidas/bebidas-light-y-zero.json?categories=bebidas-y-licores&categories=bebidas&categories=bebidas-light-y-zero,2026-02-18T12:43:36
14082,Bebida Canada Dry agua tónica zero desechable 1.5 L,Canada Dry,1 un,litro,1590,2150,1590,True,Ahorras $560,$1.060 x litro,$1.433 x litro,https://www.unimarc.cl/agua-ton-canada-dry-light-pet-1-5lt/p,https://unimarc.vtexassets.com/arquivos/ids/253321/000000000000626955-UN-0'1.jpg?v=638992574017500000,Bebidas,Bebidas light y zero,https://www.unimarc.cl/category/bebidas-y-licores/bebidas/bebidas-light-y-zero,https://www.unimarc.cl/_next/data/0ucQ92dO_m9T9joH0FjVV/category/bebidas-y-licores/bebidas/bebidas-light-y-zero.json?categories=bebidas-y-licores&categories=bebidas&categories=bebidas-light-y-zero,2026-02-18T12:43:36
441,Bebida Sprite zero 1.5 L,Sprite,1 un,litro,2150,2150,,False,,$1.433 x litro,$1.433 x litro,https://www.unimarc.cl/beb-sprite-zero-1-5-l-no-retor/p,https://unimarc.vtexassets.com/arquivos/ids/230109/000000000000057844-UN-01.jpg?v=638024789765600000,Bebidas,Bebidas light y zero,https://www.unimarc.cl/category/bebidas-y-licores/bebidas/bebidas-light-y-zero,https://www.unimarc.cl/_next/data/0ucQ92dO_m9T9joH0FjVV/category/bebidas-y-licores/bebidas/bebidas-light-y-zero.json?categories=bebidas-y-licores&categories=bebidas&categories=bebidas-light-y-zero,2026-02-18T12:43:36
96681,Pack bebida Coca Cola + Sprite sin azúcar 2 un 3 L,Coca Cola,1 un,litro,4890,5690,4890,True,Ahorras $800,$815 x litro,$948 x litro,https://www.unimarc.cl/pack-beb-s-a-coca-cola-sprite-2x3-lt-pet/p,https://unimarc.vtexassets.com/arquivos/ids/256001/000000000000699323-UN-01.jpg?v=639062596045600000,Bebidas,Bebidas light y zero,https://www.unimarc.cl/category/bebidas-y-licores/bebidas/bebidas-light-y-zero,https://www.unimarc.cl/_next/data/0ucQ92dO_m9T9joH0FjVV/category/bebidas-y-licores/bebidas/bebidas-light-y-zero.json?categories=bebidas-y-licores&categories=bebidas&categories=bebidas-light-y-zero,2026-02-18T12:43:36
96680,Pack bebida Coca Cola + Fanta sin azúcar 2 un de 3 L,Coca Cola,1 un,litro,4890,5690,4890,True,Ahorras $800,$815 x litro,$948 x litro,https://www.unimarc.cl/pack-beb-s-a-coca-cola-fanta-2x3-lt-pet/p,https://unimarc.vtexassets.com/arquivos/ids/256000/000000000000699322-UN-01.jpg?v=639062595864800000,Bebidas,Bebidas light y zero,https://www.unimarc.cl/category/bebidas-y-licores/bebidas/bebidas-light-y-zero,https://www.unimarc.cl/_next/data/0ucQ92dO_m9T9joH0FjVV/category/bebidas-y-licores/bebidas/bebidas-light-y-zero.json?categories=bebidas-y-licores&categories=bebidas&categories=bebidas-light-y-zero,2026-02-18T12:43:36
1502,Bebida Fanta sin azúcar desechable 3 L,Fanta,1 un,litro,3190,3190,,False,,$1.063 x litro,$1.063 x litro,https://www.unimarc.cl/beb-fanta-zero-3-l-no-retornable/p,https://unimarc.vtexassets.com/arquivos/ids/251010/000000000000750075-UN-01.jpg?v=638917373867870000,Bebidas,Bebidas light y zero,https://www.unimarc.cl/category/bebidas-y-licores/bebidas/bebidas-light-y-zero,https://www.unimarc.cl/_next/data/0ucQ92dO_m9T9joH0FjVV/category/bebidas-y-licores/bebidas/bebidas-light-y-zero.json?categories=bebidas-y-licores&categories=bebidas&categories=bebidas-light-y-zero,2026-02-18T12:43:36
83634,Bebida agua tónica Schweppes sin azúcar desechable 1.5 L,Schweppes,1 un,litro,2150,2150,,False,,$1.433 x litro,$1.433 x litro,https://www.unimarc.cl/agua-tonica-s-azucar-schweppes-1-5lt-pet/p,https://unimarc.vtexassets.com/arquivos/ids/232181/000000000000663657-UN-01.jpg?v=638138147813170000,Bebidas,Bebidas light y zero,https://www.unimarc.cl/category/bebidas-y-licores/bebidas/bebidas-light-y-zero,https://www.unimarc.cl/_next/data/0ucQ92dO_m9T9joH0FjVV/category/bebidas-y-licores/bebidas/bebidas-light-y-zero.json?categories=bebidas-y-licores&categories=bebidas&categories=bebidas-light-y-zero,2026-02-18T12:43:36
232,Bebida Coca Cola light 1.5 L,Coca Cola Light,1 un,litro,2150,2150,,False,,$1.433 x litro,$1.433 x litro,https://www.unimarc.cl/beb-coca-cola-light-1-5-l-no-retor/p,https://unimarc.vtexassets.com/arquivos/ids/230111/000000000000031352-UN-01.jpg?v=638024792551170000,Bebidas,Bebidas light y zero,https://www.unimarc.cl/category/bebidas-y-licores/bebidas/bebidas-light-y-zero,https://www.unimarc.cl/_next/data/0ucQ92dO_m9T9joH0FjVV/category/bebidas-y-licores/bebidas/bebidas-light-y-zero.json?categories=bebidas-y-licores&categories=bebidas&categories=bebidas-light-y-zero,2026-02-18T12:43:36
843,Bebida Fanta sin azúcar 1.5 L,Fanta,1 un,litro,2150,2150,,False,,$1.433 x litro,$1.433 x litro,https://www.unimarc.cl/beb-fanta-zero-1-5-l-no-retornable/p,https://unimarc.vtexassets.com/arquivos/ids/251893/000000000000202264-UN-01.jpg?v=639002191331770000,Bebidas,Bebidas light y zero,https://www.unimarc.cl/category/bebidas-y-licores/bebidas/bebidas-light-y-zero,https://www.unimarc.cl/_next/data/0ucQ92dO_m9T9joH0FjVV/category/bebidas-y-licores/bebidas/bebidas-light-y-zero.json?categories=bebidas-y-licores&categories=bebidas&categories=bebidas-light-y-zero,2026-02-18T12:43:36
83632,Bebida Schweppes ginger ale sin azúcar desechable 1.5 L,Schweppes,1 un,litro,2150,2150,,False,,$1.433 x litro,$1.433 x litro,https://www.unimarc.cl/ginger-ale-s-azucar-schweppes-1-5-lt-pet/p,https://unimarc.vtexassets.com/arquivos/ids/232179/000000000000663655-UN-01.png?v=638138141519500000,Bebidas,Bebidas light y zero,https://www.unimarc.cl/category/bebidas-y-licores/bebidas/bebidas-light-y-zero,https://www.unimarc.cl/_next/data/0ucQ92dO_m9T9joH0FjVV/category/bebidas-y-licores/bebidas/bebidas-light-y-zero.json?categories=bebidas-y-licores&categories=bebidas&categories=bebidas-light-y-zero,2026-02-18T12:43:36
13988,Bebida Pepsi zero no retornable 1.5 L,Pepsi,1 un,litro,2150,2150,,False,,$1.433 x litro,$1.433 x litro,https://www.unimarc.cl/pepsi-zero-pet-1-5-lt/p,https://unimarc.vtexassets.com/arquivos/ids/243640/000000000000616134-UN-01.jpg?v=638599388049200000,Bebidas,Bebidas light y zero,https://www.unimarc.cl/category/bebidas-y-licores/bebidas/bebidas-light-y-zero,https://www.unimarc.cl/_next/data/0ucQ92dO_m9T9joH0FjVV/category/bebidas-y-licores/bebidas/bebidas-light-y-zero.json?categories=bebidas-y-licores&categories=bebidas&categories=bebidas-light-y-zero,2026-02-18T12:43:36
6433,Bebida Nordic Mist ginger ale zero desechable 3 L,Nordic,1 un,litro,3190,3190,,False,,$1.063 x litro,$1.063 x litro,https://www.unimarc.cl/nordic-zero-desechable-3-lt/p,https://unimarc.vtexassets.com/arquivos/ids/234134/000000000000750073-UN-01.jpg?v=638228026926370000,Bebidas,Bebidas light y zero,https://www.unimarc.cl/category/bebidas-y-licores/bebidas/bebidas-light-y-zero,https://www.unimarc.cl/_next/data/0ucQ92dO_m9T9joH0FjVV/category/bebidas-y-licores/bebidas/bebidas-light-y-zero.json?categories=bebidas-y-licores&categories=bebidas&categories=bebidas-light-y-zero,2026-02-18T12:43:36
6301,Bebida Inca Kola zero 1.5 L,Inca Kola,1 un,litro,2150,2150,,False,,$1.433 x litro,$1.433 x litro,https://www.unimarc.cl/inca-kola-zero-desechable-1-5-lt/p,https://unimarc.vtexassets.com/arquivos/ids/234133/000000000000696375-UN-01.jpg?v=638228026430930000,Bebidas,Bebidas light y zero,https://www.unimarc.cl/category/bebidas-y-licores/bebidas/bebidas-light-y-zero,https://www.unimarc.cl/_next/data/0ucQ92dO_m9T9joH0FjVV/category/bebidas-y-licores/bebidas/bebidas-light-y-zero.json?categories=bebidas-y-licores&categories=bebidas&categories=bebidas-light-y-zero,2026-02-18T12:43:36
6179,Bebida Pap zero no retornable 1.5 L,Pap,1 un,litro,2150,2150,,False,,$1.433 x litro,$1.433 x litro,https://www.unimarc.cl/pap-zero-desechable-1-5-lt/p,https://unimarc.vtexassets.com/arquivos/ids/243643/000000000000654105-UN-01.jpg?v=638599388306830000,Bebidas,Bebidas light y zero,https://www.unimarc.cl/category/bebidas-y-licores/bebidas/bebidas-light-y-zero,https://www.unimarc.cl/_next/data/0ucQ92dO_m9T9joH0FjVV/category/bebidas-y-licores/bebidas/bebidas-light-y-zero.json?categories=bebidas-y-licores&categories=bebidas&categories=bebidas-light-y-zero,2026-02-18T12:43:36
6346,Bebida Kem zero no retornable 1.5 L,Kem Zero,1 un,litro,2150,2150,,False,,$1.433 x litro,$1.433 x litro,https://www.unimarc.cl/kem-zero-desechable-1-5-lt/p,https://unimarc.vtexassets.com/arquivos/ids/243652/000000000000710449-UN-01.jpg?v=638599388766470000,Bebidas,Bebidas light y zero,https://www.unimarc.cl/category/bebidas-y-licores/bebidas/bebidas-light-y-zero,https://www.unimarc.cl/_next/data/0ucQ92dO_m9T9joH0FjVV/category/bebidas-y-licores/bebidas/bebidas-light-y-zero.json?categories=bebidas-y-licores&categories=bebidas&categories=bebidas-light-y-zero,2026-02-18T12:43:36
633,Bebida Limón Soda light no retornable 1.5 L,Limon Soda,1 un,litro,2150,2150,,False,,$1.433 x litro,$1.433 x litro,https://www.unimarc.cl/beb-limon-soda-light-1-5-l-no-retornable/p,https://unimarc.vtexassets.com/arquivos/ids/243631/000000000000172513-UN-01.jpg?v=638599390549400000,Bebidas,Bebidas light y zero,https://www.unimarc.cl/category/bebidas-y-licores/bebidas/bebidas-light-y-zero,https://www.unimarc.cl/_next/data/0ucQ92dO_m9T9joH0FjVV/category/bebidas-y-licores/bebidas/bebidas-light-y-zero.json?page=2&categories=bebidas-y-licores&categories=bebidas&categories=bebidas-light-y-zero,2026-02-18T12:43:39
92947,Bebida aloe vera zero My Way original 1 L,My Way,1 un,litro,1950,1950,,False,,$1.950 x litro,$1.950 x litro,https://www.unimarc.cl/beb-zero-aloe-vera-my-way-1-lt-original/p,https://unimarc.vtexassets.com/arquivos/ids/251514/000000000675141003-UN-01.jpg?v=638937175155770000,Bebidas,Bebidas light y zero,https://www.unimarc.cl/category/bebidas-y-licores/bebidas/bebidas-light-y-zero,https://www.unimarc.cl/_next/data/0ucQ92dO_m9T9joH0FjVV/category/bebidas-y-licores/bebidas/bebidas-light-y-zero.json?page=2&categories=bebidas-y-licores&categories=bebidas&categories=bebidas-light-y-zero,2026-02-18T12:43:39
6177,Bebida Bilz zero no retronable 1.5 L,Bilz,1 un,litro,2150,2150,,False,,$1.433 x litro,$1.433 x litro,https://www.unimarc.cl/bilz-zero-desechable-1-5-lt/p,https://unimarc.vtexassets.com/arquivos/ids/227763/000000000000654013-UN-01.jpg?v=637921145112400000,Bebidas,Bebidas light y zero,https://www.unimarc.cl/category/bebidas-y-licores/bebidas/bebidas-light-y-zero,https://www.unimarc.cl/_next/data/0ucQ92dO_m9T9joH0FjVV/category/bebidas-y-licores/bebidas/bebidas-light-y-zero.json?page=2&categories=bebidas-y-licores&categories=bebidas&categories=bebidas-light-y-zero,2026-02-18T12:43:39
92944,Bebida aloe vera zero My Way original 500 ml,My Way,1 un,litro,990,990,,False,,$1.980 x litro,$1.980 x litro,https://www.unimarc.cl/beb-zero-aloe-vera-my-way-500m-original/p,https://unimarc.vtexassets.com/arquivos/ids/251511/000000000675110001-UN-01.jpg?v=638937175149730000,Bebidas,Bebidas light y zero,https://www.unimarc.cl/category/bebidas-y-licores/bebidas/bebidas-light-y-zero,https://www.unimarc.cl/_next/data/0ucQ92dO_m9T9joH0FjVV/category/bebidas-y-licores/bebidas/bebidas-light-y-zero.json?page=2&categories=bebidas-y-licores&categories=bebidas&categories=bebidas-light-y-zero,2026-02-18T12:43:39
3626,Bebida Orange Crush light no retornable 1.5 L,Orange Crush,1 un,litro,2150,2150,,False,,$1.433 x litro,$1.433 x litro,https://www.unimarc.cl/orange-crush-zero-pet-1-5-lt/p,https://unimarc.vtexassets.com/arquivos/ids/243625/000000000000119115-UN-01.jpg?v=638599387784000000,Bebidas,Bebidas light y zero,https://www.unimarc.cl/category/bebidas-y-licores/bebidas/bebidas-light-y-zero,https://www.unimarc.cl/_next/data/0ucQ92dO_m9T9joH0FjVV/category/bebidas-y-licores/bebidas/bebidas-light-y-zero.json?page=2&categories=bebidas-y-licores&categories=bebidas&categories=bebidas-light-y-zero,2026-02-18T12:43:39
92945,Bebida aloe vera zero My Way granada 1 L,My Way,1 un,litro,1950,1950,,False,,$1.950 x litro,$1.950 x litro,https://www.unimarc.cl/beb-zero-aloe-vera-my-way-1-lt-granada/p,https://unimarc.vtexassets.com/arquivos/ids/251512/000000000675141001-UN-01.jpg?v=638937175151700000,Bebidas,Bebidas light y zero,https://www.unimarc.cl/category/bebidas-y-licores/bebidas/bebidas-light-y-zero,https://www.unimarc.cl/_next/data/0ucQ92dO_m9T9joH0FjVV/category/bebidas-y-licores/bebidas/bebidas-light-y-zero.json?page=2&categories=bebidas-y-licores&categories=bebidas&categories=bebidas-light-y-zero,2026-02-18T12:43:39
92946,Bebida aloe vera zero My Way mango 1 L,My Way,1 un,litro,1950,1950,,False,,$1.950 x litro,$1.950 x litro,https://www.unimarc.cl/beb-zero-aloe-vera-my-way-1-lt-mango/p,https://unimarc.vtexassets.com/arquivos/ids/251513/000000000675141002-UN-01.jpg?v=638937175153600000,Bebidas,Bebidas light y zero,https://www.unimarc.cl/category/bebidas-y-licores/bebidas/bebidas-light-y-zero,https://www.unimarc.cl/_next/data/0ucQ92dO_m9T9joH0FjVV/category/bebidas-y-licores/bebidas/bebidas-light-y-zero.json?page=2&categories=bebidas-y-licores&categories=bebidas&categories=bebidas-light-y-zero,2026-02-18T12:43:39
96687,Bebida Fanta pomelo zero desechable 1.25 L,Fanta,1 un,litro,1890,1890,,False,,$1.512 x litro,$1.512 x litro,https://www.unimarc.cl/bebida-fanta-zero-pomelo-1-25-lt-pet/p,https://unimarc.vtexassets.com/arquivos/ids/255998/000000000000699297-UN-01.jpg?v=639062595227200000,Bebidas,Bebidas light y zero,https://www.unimarc.cl/category/bebidas-y-licores/bebidas/bebidas-light-y-zero,https://www.unimarc.cl/_next/data/0ucQ92dO_m9T9joH0FjVV/category/bebidas-y-licores/bebidas/bebidas-light-y-zero.json?page=2&categories=bebidas-y-licores&categories=bebidas&categories=bebidas-light-y-zero,2026-02-18T12:43:39
96689,Bebida Pepsi sin azúcar lata 473 ml,Pepsi,1 un,litro,1000,1290,1000,True,Ahorras $290,$2.114 x litro,$2.727 x litro,https://www.unimarc.cl/bebida-zero-azucar-pepsi-473-ml-lata/p,https://unimarc.vtexassets.com/arquivos/ids/256082/000000000000699442-UN-01.jpg?v=639065276895730000,Bebidas,Bebidas light y zero,https://www.unimarc.cl/category/bebidas-y-licores/bebidas/bebidas-light-y-zero,https://www.unimarc.cl/_next/data/0ucQ92dO_m9T9joH0FjVV/category/bebidas-y-licores/bebidas/bebidas-light-y-zero.json?page=2&categories=bebidas-y-licores&categories=bebidas&categories=bebidas-light-y-zero,2026-02-18T12:43:39
96679,Pack bebida Coca Cola + Nordic sin azúcar 2 un de 3 L,Coca Cola,1 un,litro,4890,5690,4890,True,Ahorras $800,$815 x litro,$948 x litro,https://www.unimarc.cl/pack-beb-s-a-cc-nordic-zero-2x3-lt-pet/p,https://unimarc.vtexassets.com/arquivos/ids/255999/000000000000699321-UN-01.jpg?v=639062595593330000,Bebidas,Bebidas light y zero,https://www.unimarc.cl/category/bebidas-y-licores/bebidas/bebidas-light-y-zero,https://www.unimarc.cl/_next/data/0ucQ92dO_m9T9joH0FjVV/category/bebidas-y-licores/bebidas/bebidas-light-y-zero.json?page=2&categories=bebidas-y-licores&categories=bebidas&categories=bebidas-light-y-zero,2026-02-18T12:43:39
96688,Bebida Schweppes ginger ale sin azúcar desechable 1.25 L,Schweppes,1 un,litro,1890,1890,,False,,$1.512 x litro,$1.512 x litro,https://www.unimarc.cl/beb-ginger-ale-s-a-schweppes-1-25-lt-pet/p,https://unimarc.vtexassets.com/arquivos/ids/256078/000000000000699342-UN-01.jpg?v=639065276890600000,Bebidas,Bebidas light y zero,https://www.unimarc.cl/category/bebidas-y-licores/bebidas/bebidas-light-y-zero,https://www.unimarc.cl/_next/data/0ucQ92dO_m9T9joH0FjVV/category/bebidas-y-licores/bebidas/bebidas-light-y-zero.json?page=2&categories=bebidas-y-licores&categories=bebidas&categories=bebidas-light-y-zero,2026-02-18T12:43:39
1474,Bebida energética Monster energy regular lata 473 ml,Monster,1 un,litro,1890,1890,,False,,$3.996 x litro,$3.996 x litro,https://www.unimarc.cl/beb-monster-energy-energetica-473-cc/p,https://unimarc.vtexassets.com/arquivos/ids/204572/000000000000712440-UN-01.jpg?v=637405632234900000,Bebidas,Energéticas,https://www.unimarc.cl/category/bebidas-y-licores/bebidas/energeticas,https://www.unimarc.cl/_next/data/0ucQ92dO_m9T9joH0FjVV/category/bebidas-y-licores/bebidas/energeticas.json?categories=bebidas-y-licores&categories=bebidas&categories=energeticas,2026-02-18T12:43:45
36989,Red Bull bebida energética sabor tropical lata 250 ml,Red Bull,1 un,litro,1890,1890,,False,,$7.560 x litro,$7.560 x litro,https://www.unimarc.cl/beb-energ-red-bull-yellow-edit-lat-250cc-2/p,https://unimarc.vtexassets.com/arquivos/ids/248812/000000000000618240-UN-01.jpg.jpg?v=638833471146770000,Bebidas,Energéticas,https://www.unimarc.cl/category/bebidas-y-licores/bebidas/energeticas,https://www.unimarc.cl/_next/data/0ucQ92dO_m9T9joH0FjVV/category/bebidas-y-licores/bebidas/energeticas.json?categories=bebidas-y-licores&categories=bebidas&categories=energeticas,2026-02-18T12:43:45
10489,Bebida energética Monster energy ultra lata 473 ml,Monster,1 un,litro,1890,1890,,False,,$3.996 x litro,$3.996 x litro,https://www.unimarc.cl/beb-energ-monster-energy-ultra-473-cc/p,https://unimarc.vtexassets.com/arquivos/ids/204576/000000000000603916-UN-01.jpg?v=637405636358400000,Bebidas,Energéticas,https://www.unimarc.cl/category/bebidas-y-licores/bebidas/energeticas,https://www.unimarc.cl/_next/data/0ucQ92dO_m9T9joH0FjVV/category/bebidas-y-licores/bebidas/energeticas.json?categories=bebidas-y-licores&categories=bebidas&categories=energeticas,2026-02-18T12:43:45
90608,Bebida energética Monster zero sugar lata 473 ml,Monster,1 un,litro,1890,1890,,False,,$3.996 x litro,$3.996 x litro,https://www.unimarc.cl/beb-ener-green-zero-sugar-monster-473-ml/p,https://unimarc.vtexassets.com/arquivos/ids/247308/000000000000674338-UN-01.jpg?v=638769490220270000,Bebidas,Energéticas,https://www.unimarc.cl/category/bebidas-y-licores/bebidas/energeticas,https://www.unimarc.cl/_next/data/0ucQ92dO_m9T9joH0FjVV/category/bebidas-y-licores/bebidas/energeticas.json?categories=bebidas-y-licores&categories=bebidas&categories=energeticas,2026-02-18T12:43:45
3932,Red Bull bebida energética lata 250 ml,Red Bull,1 un,litro,1890,1890,,False,,$7.560 x litro,$7.560 x litro,https://www.unimarc.cl/bebida-energetica-red-bull-250-cc-2/p,https://unimarc.vtexassets.com/arquivos/ids/228136/000000000000155394-UN-01.jpg?v=637935006504130000,Bebidas,Energéticas,https://www.unimarc.cl/category/bebidas-y-licores/bebidas/energeticas,https://www.unimarc.cl/_next/data/0ucQ92dO_m9T9joH0FjVV/category/bebidas-y-licores/bebidas/energeticas.json?categories=bebidas-y-licores&categories=bebidas&categories=energeticas,2026-02-18T12:43:45
91578,Bebida energética Score gorilla lata 473 ml,Score,1 un,litro,1000,1490,1000,True,Ahorras $490,$2.114 x litro,$3.150 x litro,https://www.unimarc.cl/bebida-energetica-gorilla-score-473-ml/p,https://unimarc.vtexassets.com/arquivos/ids/249202/000000000000676612-UN-01.jpg?v=638848108112730000,Bebidas,Energéticas,https://www.unimarc.cl/category/bebidas-y-licores/bebidas/energeticas,https://www.unimarc.cl/_next/data/0ucQ92dO_m9T9joH0FjVV/category/bebidas-y-licores/bebidas/energeticas.json?categories=bebidas-y-licores&categories=bebidas&categories=energeticas,2026-02-18T12:43:45
90609,Bebida energética Monster peachy keen sin azúcar lata 473 ml,Monster,1 un,litro,1890,1890,,False,,$3.996 x litro,$3.996 x litro,https://www.unimarc.cl/beb-ener-peachy-keen-s-az-monster-473-ml/p,https://unimarc.vtexassets.com/arquivos/ids/247309/000000000000674340-UN-01.jpg?v=638769490222630000,Bebidas,Energéticas,https://www.unimarc.cl/category/bebidas-y-licores/bebidas/energeticas,https://www.unimarc.cl/_next/data/0ucQ92dO_m9T9joH0FjVV/category/bebidas-y-licores/bebidas/energeticas.json?categories=bebidas-y-licores&categories=bebidas&categories=energeticas,2026-02-18T12:43:45
73903,Red Bull bebida energética sabor acaí lata 250 ml,Red Bull,1 un,litro,1890,1890,,False,,$7.560 x litro,$7.560 x litro,https://www.unimarc.cl/bebida-energ-red-bull-summer-acai-250-cc/p,https://unimarc.vtexassets.com/arquivos/ids/234354/000000000000648520-UN-01.jpg?v=638245966995100000,Bebidas,Energéticas,https://www.unimarc.cl/category/bebidas-y-licores/bebidas/energeticas,https://www.unimarc.cl/_next/data/0ucQ92dO_m9T9joH0FjVV/category/bebidas-y-licores/bebidas/energeticas.json?categories=bebidas-y-licores&categories=bebidas&categories=energeticas,2026-02-18T12:43:45
76258,Red Bull bebida energética sabor sandía 250 ml,Red Bull,1 un,litro,1890,1890,,False,,$7.560 x litro,$7.560 x litro,https://www.unimarc.cl/beb-energ-red-edit-sandia-red-bull-250cc/p,https://unimarc.vtexassets.com/arquivos/ids/228133/000000000000650624-UN-01.jpg?v=637935004981000000,Bebidas,Energéticas,https://www.unimarc.cl/category/bebidas-y-licores/bebidas/energeticas,https://www.unimarc.cl/_next/data/0ucQ92dO_m9T9joH0FjVV/category/bebidas-y-licores/bebidas/energeticas.json?categories=bebidas-y-licores&categories=bebidas&categories=energeticas,2026-02-18T12:43:45
85869,Bebida energética Red bull sabor fruta del dragón 250 ml,Red Bull,1 un,litro,1890,1890,,False,,$7.560 x litro,$7.560 x litro,https://www.unimarc.cl/beb-en-fruta-del-dragon-red-bull-250-ml/p,https://unimarc.vtexassets.com/arquivos/ids/237399/000000000000666229-UN-01.jpg?v=638409311186800000,Bebidas,Energéticas,https://www.unimarc.cl/category/bebidas-y-licores/bebidas/energeticas,https://www.unimarc.cl/_next/data/0ucQ92dO_m9T9joH0FjVV/category/bebidas-y-licores/bebidas/energeticas.json?categories=bebidas-y-licores&categories=bebidas&categories=energeticas,2026-02-18T12:43:45
73975,Bebida energética Monster mango loco lata 473 ml,Monster,1 un,litro,1890,1890,,False,,$3.996 x litro,$3.996 x litro,https://www.unimarc.cl/beb-ener-mango-loco-monster-473-cc-lata/p,https://unimarc.vtexassets.com/arquivos/ids/221003/000000000000648240-UN-01.jpg?v=637701883053570000,Bebidas,Energéticas,https://www.unimarc.cl/category/bebidas-y-licores/bebidas/energeticas,https://www.unimarc.cl/_next/data/0ucQ92dO_m9T9joH0FjVV/category/bebidas-y-licores/bebidas/energeticas.json?categories=bebidas-y-licores&categories=bebidas&categories=energeticas,2026-02-18T12:43:45
91363,Red Bull bebida energética zero lata 250 ml,Red Bull,1 un,litro,1890,1890,,False,,$7.560 x litro,$7.560 x litro,https://www.unimarc.cl/bebida-energ-zero-red-bull-250-cc-lata/p,https://unimarc.vtexassets.com/arquivos/ids/249562/000000000000675611-UN-01.jpg?v=638853590408030000,Bebidas,Energéticas,https://www.unimarc.cl/category/bebidas-y-licores/bebidas/energeticas,https://www.unimarc.cl/_next/data/0ucQ92dO_m9T9joH0FjVV/category/bebidas-y-licores/bebidas/energeticas.json?categories=bebidas-y-licores&categories=bebidas&categories=energeticas,2026-02-18T12:43:45
6624,Bebida energética Monster energy juice riper lata 473 ml,Monster,1 un,litro,1890,1890,,False,,$3.996 x litro,$3.996 x litro,https://www.unimarc.cl/bebida-energetica-monster-ripper-473-cc/p,https://unimarc.vtexassets.com/arquivos/ids/204574/000000000000808339-UN-01.jpg?v=637405634425170000,Bebidas,Energéticas,https://www.unimarc.cl/category/bebidas-y-licores/bebidas/energeticas,https://www.unimarc.cl/_next/data/0ucQ92dO_m9T9joH0FjVV/category/bebidas-y-licores/bebidas/energeticas.json?categories=bebidas-y-licores&categories=bebidas&categories=energeticas,2026-02-18T12:43:45
73709,Bebida energética Monster ultra paradise sin azúcar lata  473 ml,Monster,1 un,litro,1890,1890,,False,,$3.996 x litro,$3.996 x litro,https://www.unimarc.cl/beb-ener-u-paradise-s-a-monster-473-lata/p,https://unimarc.vtexassets.com/arquivos/ids/221000/000000000000648239-UN-01.jpg?v=637701881935070000,Bebidas,Energéticas,https://www.unimarc.cl/category/bebidas-y-licores/bebidas/energeticas,https://www.unimarc.cl/_next/data/0ucQ92dO_m9T9joH0FjVV/category/bebidas-y-licores/bebidas/energeticas.json?categories=bebidas-y-licores&categories=bebidas&categories=energeticas,2026-02-18T12:43:45
1577,Red Bull bebida energética sabor arándano lata 250 ml,Red Bull,1 un,litro,1890,1890,,False,,$7.560 x litro,$7.560 x litro,https://www.unimarc.cl/bebida-energetica-blue-red-bull-250-cc/p,https://unimarc.vtexassets.com/arquivos/ids/228125/000000000000808903-UN-01.jpg?v=637934997859600000,Bebidas,Energéticas,https://www.unimarc.cl/category/bebidas-y-licores/bebidas/energeticas,https://www.unimarc.cl/_next/data/0ucQ92dO_m9T9joH0FjVV/category/bebidas-y-licores/bebidas/energeticas.json?categories=bebidas-y-licores&categories=bebidas&categories=energeticas,2026-02-18T12:43:45
90607,Bebida energética Monster aussie lemonade lata 473 ml,Monster,1 un,litro,1890,1890,,False,,$3.996 x litro,$3.996 x litro,https://www.unimarc.cl/beb-ener-aussie-lemonade-monster-473-ml/p,https://unimarc.vtexassets.com/arquivos/ids/247307/000000000000674337-UN-01.jpg?v=638769490218400000,Bebidas,Energéticas,https://www.unimarc.cl/category/bebidas-y-licores/bebidas/energeticas,https://www.unimarc.cl/_next/data/0ucQ92dO_m9T9joH0FjVV/category/bebidas-y-licores/bebidas/energeticas.json?categories=bebidas-y-licores&categories=bebidas&categories=energeticas,2026-02-18T12:43:45
91574,Bebida energética Score gorilla zero lata 473 ml,Score,1 un,litro,1000,1490,1000,True,Ahorras $490,$2.114 x litro,$3.150 x litro,https://www.unimarc.cl/bebida-energet-gorilla-zero-score-473-ml/p,https://unimarc.vtexassets.com/arquivos/ids/249190/000000000000670456-UN-01.jpg?v=638848108084700000,Bebidas,Energéticas,https://www.unimarc.cl/category/bebidas-y-licores/bebidas/energeticas,https://www.unimarc.cl/_next/data/0ucQ92dO_m9T9joH0FjVV/category/bebidas-y-licores/bebidas/energeticas.json?categories=bebidas-y-licores&categories=bebidas&categories=energeticas,2026-02-18T12:43:45
91575,Bebida energética Score original lata 473 ml,Score,1 un,litro,1000,1490,1000,True,Ahorras $490,$2.114 x litro,$3.150 x litro,https://www.unimarc.cl/bebida-energetica-original-score-473-ml/p,https://unimarc.vtexassets.com/arquivos/ids/249194/000000000000675084-UN-01.jpg?v=638848108094800000,Bebidas,Energéticas,https://www.unimarc.cl/category/bebidas-y-licores/bebidas/energeticas,https://www.unimarc.cl/_next/data/0ucQ92dO_m9T9joH0FjVV/category/bebidas-y-licores/bebidas/energeticas.json?categories=bebidas-y-licores&categories=bebidas&categories=energeticas,2026-02-18T12:43:45
87083,Bebida energética Rockstar original 500 ml,Rockstar,1 un,litro,1050,1450,1050,True,Ahorras $400,$2.100 x litro,$2.900 x litro,https://www.unimarc.cl/beb-energetica-rockstar-orig-500cc-pet/p,https://unimarc.vtexassets.com/arquivos/ids/238580/000000000000667443-UN-01.jpg?v=638488751940470000,Bebidas,Energéticas,https://www.unimarc.cl/category/bebidas-y-licores/bebidas/energeticas,https://www.unimarc.cl/_next/data/0ucQ92dO_m9T9joH0FjVV/category/bebidas-y-licores/bebidas/energeticas.json?categories=bebidas-y-licores&categories=bebidas&categories=energeticas,2026-02-18T12:43:45
90005,Bebida energética Rockstar mango power 500 ml,Rockstar,1 un,litro,1050,1450,1050,True,Ahorras $400,$2.100 x litro,$2.900 x litro,https://www.unimarc.cl/beb-energ-mango-power-rockstar-500cc-pet/p,https://unimarc.vtexassets.com/arquivos/ids/246090/000000000000671813-UN-01.jpg?v=638708398798070000,Bebidas,Energéticas,https://www.unimarc.cl/category/bebidas-y-licores/bebidas/energeticas,https://www.unimarc.cl/_next/data/0ucQ92dO_m9T9joH0FjVV/category/bebidas-y-licores/bebidas/energeticas.json?categories=bebidas-y-licores&categories=bebidas&categories=energeticas,2026-02-18T12:43:45
1549,Red Bull bebida energética lata 355 ml,Red Bull,1 un,litro,2140,2690,2140,True,Ahorras $550,$6.028 x litro,$7.577 x litro,https://www.unimarc.cl/beb-red-bull-energetica-lata-355-ml/p,https://unimarc.vtexassets.com/arquivos/ids/253319/000000000000776038-UN-01.jpg?v=638992564933670000,Bebidas,Energéticas,https://www.unimarc.cl/category/bebidas-y-licores/bebidas/energeticas,https://www.unimarc.cl/_next/data/0ucQ92dO_m9T9joH0FjVV/category/bebidas-y-licores/bebidas/energeticas.json?categories=bebidas-y-licores&categories=bebidas&categories=energeticas,2026-02-18T12:43:45
8147,Red Bull bebida energética sin azúcar lata 355 ml,Red Bull,1 un,litro,2140,2690,2140,True,Ahorras $550,$6.028 x litro,$7.577 x litro,https://www.unimarc.cl/beb-energ-red-bull-sugar-free-355cc-lata/p,https://unimarc.vtexassets.com/arquivos/ids/228161/000000000000631252-UN-01.jpg?v=637935033511970000,Bebidas,Energéticas,https://www.unimarc.cl/category/bebidas-y-licores/bebidas/energeticas,https://www.unimarc.cl/_next/data/0ucQ92dO_m9T9joH0FjVV/category/bebidas-y-licores/bebidas/energeticas.json?categories=bebidas-y-licores&categories=bebidas&categories=energeticas,2026-02-18T12:43:45
47519,Red Bull bebida energética sabor tropical 4 latas de 250 ml,Red Bull,1 un,litro,7560,7560,,False,,$7.560 x litro,$7.560 x litro,https://www.unimarc.cl/beb-energ-red-bull-yellow-edit-lat-250cc/p,https://unimarc.vtexassets.com/arquivos/ids/228155/000000000000618240-DIS-01.jpg?v=637935026520270000,Bebidas,Energéticas,https://www.unimarc.cl/category/bebidas-y-licores/bebidas/energeticas,https://www.unimarc.cl/_next/data/0ucQ92dO_m9T9joH0FjVV/category/bebidas-y-licores/bebidas/energeticas.json?categories=bebidas-y-licores&categories=bebidas&categories=energeticas,2026-02-18T12:43:45
5249,Red Bull bebida energética sin azúcar 4 latas de 250 ml,Red Bull,1 un,litro,7560,7560,,False,,$7.560 x litro,$7.560 x litro,https://www.unimarc.cl/bebida-red-bull-energetica-sugar-free-lata-250-ml-4-un/p,https://unimarc.vtexassets.com/arquivos/ids/228145/000000000000506345-DIS-01.jpg?v=637935015086270000,Bebidas,Energéticas,https://www.unimarc.cl/category/bebidas-y-licores/bebidas/energeticas,https://www.unimarc.cl/_next/data/0ucQ92dO_m9T9joH0FjVV/category/bebidas-y-licores/bebidas/energeticas.json?categories=bebidas-y-licores&categories=bebidas&categories=energeticas,2026-02-18T12:43:45
3931,Red Bull bebida energética 4 latas de 250 ml,Red Bull,1 un,litro,7560,7560,,False,,$7.560 x litro,$7.560 x litro,https://www.unimarc.cl/bebida-energetica-red-bull-250-cc-4-un/p,https://unimarc.vtexassets.com/arquivos/ids/228142/000000000000155394-DIS-01.jpg?v=637935013018900000,Bebidas,Energéticas,https://www.unimarc.cl/category/bebidas-y-licores/bebidas/energeticas,https://www.unimarc.cl/_next/data/0ucQ92dO_m9T9joH0FjVV/category/bebidas-y-licores/bebidas/energeticas.json?categories=bebidas-y-licores&categories=bebidas&categories=energeticas,2026-02-18T12:43:45
55398,Red Bull bebida energética lata 473 ml,Red Bull,1 un,litro,3350,3350,,False,,$7.082 x litro,$7.082 x litro,https://www.unimarc.cl/bebida-energetica-red-bull-473-cc-lata/p,https://unimarc.vtexassets.com/arquivos/ids/228164/000000000000636459-UN-01.jpg?v=637935072219330000,Bebidas,Energéticas,https://www.unimarc.cl/category/bebidas-y-licores/bebidas/energeticas,https://www.unimarc.cl/_next/data/0ucQ92dO_m9T9joH0FjVV/category/bebidas-y-licores/bebidas/energeticas.json?categories=bebidas-y-licores&categories=bebidas&categories=energeticas,2026-02-18T12:43:45
84298,Red Bull bebida energética sin azúcar lata 473 ml,Red Bull,1 un,litro,3350,3350,,False,,$7.082 x litro,$7.082 x litro,https://www.unimarc.cl/beb-energetica-sugar-free-red-bull-473cc/p,https://unimarc.vtexassets.com/arquivos/ids/233051/000000000000664325-UN-01.jpg?v=638186545405000000,Bebidas,Energéticas,https://www.unimarc.cl/category/bebidas-y-licores/bebidas/energeticas,https://www.unimarc.cl/_next/data/0ucQ92dO_m9T9joH0FjVV/category/bebidas-y-licores/bebidas/energeticas.json?categories=bebidas-y-licores&categories=bebidas&categories=energeticas,2026-02-18T12:43:45
6343,Bebida isotónica Gatorade cool blue 1 l,Gatorade,1 un,litro,1350,1350,,False,,$1.350 x litro,$1.350 x litro,https://www.unimarc.cl/beb-cool-blue-gatorade-1-lt/p,https://unimarc.vtexassets.com/arquivos/ids/243646/000000000000710443-UN-01.jpg?v=638599390767600000,Bebidas,Funcionales,https://www.unimarc.cl/category/bebidas-y-licores/bebidas/funcionales,https://www.unimarc.cl/_next/data/0ucQ92dO_m9T9joH0FjVV/category/bebidas-y-licores/bebidas/funcionales.json?categories=bebidas-y-licores&categories=bebidas&categories=funcionales,2026-02-18T12:43:52
1469,Bebida isotónica Gatorade Frutas Tropicales 1 L.,Gatorade,1 un,litro,1350,1350,,False,,$1.350 x litro,$1.350 x litro,https://www.unimarc.cl/beb-gatorade-isotonica-frutas-tropicales-1-l/p,https://unimarc.vtexassets.com/arquivos/ids/243645/000000000000710442-UN-01.jpg?v=638599390764170000,Bebidas,Funcionales,https://www.unimarc.cl/category/bebidas-y-licores/bebidas/funcionales,https://www.unimarc.cl/_next/data/0ucQ92dO_m9T9joH0FjVV/category/bebidas-y-licores/bebidas/funcionales.json?categories=bebidas-y-licores&categories=bebidas&categories=funcionales,2026-02-18T12:43:52
1471,Bebida isotónica Gatorade cool blue 750 ml,Gatorade,1 un,litro,1000,1450,1000,True,Ahorras $450,$1.333 x litro,$1.933 x litro,https://www.unimarc.cl/beb-gatorade-isotonica-cool-blue-750-ml/p,https://unimarc.vtexassets.com/arquivos/ids/243651/000000000000710446-UN-01.jpg?v=638599390777500000,Bebidas,Funcionales,https://www.unimarc.cl/category/bebidas-y-licores/bebidas/funcionales,https://www.unimarc.cl/_next/data/0ucQ92dO_m9T9joH0FjVV/category/bebidas-y-licores/bebidas/funcionales.json?categories=bebidas-y-licores&categories=bebidas&categories=funcionales,2026-02-18T12:43:52
86461,Bebida isotónica Gatorade zero blue berry 1 L,Gatorade,1 un,litro,1000,1350,1000,True,Ahorras $350,$1.000 x litro,$1.350 x litro,https://www.unimarc.cl/beb-isot-gatorade-zero-1l-pe-blue-berry/p,https://unimarc.vtexassets.com/arquivos/ids/245038/000000000667480002-UN-01.jpg?v=638663272056900000,Bebidas,Funcionales,https://www.unimarc.cl/category/bebidas-y-licores/bebidas/funcionales,https://www.unimarc.cl/_next/data/0ucQ92dO_m9T9joH0FjVV/category/bebidas-y-licores/bebidas/funcionales.json?categories=bebidas-y-licores&categories=bebidas&categories=funcionales,2026-02-18T12:43:52
82251,Bebida isotónica Suerox arándano pomelo 630 ml,Suerox,1 un,litro,2750,2750,,False,,$4.365 x litro,$4.365 x litro,https://www.unimarc.cl/beb-isot-suerox-630-cc-arandano-pomelo/p,https://unimarc.vtexassets.com/arquivos/ids/234080/000000000661106001-UN-01.jpg?v=638225196651300000,Bebidas,Funcionales,https://www.unimarc.cl/category/bebidas-y-licores/bebidas/funcionales,https://www.unimarc.cl/_next/data/0ucQ92dO_m9T9joH0FjVV/category/bebidas-y-licores/bebidas/funcionales.json?categories=bebidas-y-licores&categories=bebidas&categories=funcionales,2026-02-18T12:43:52
1470,Bebida isotónica Gatorade naranja 1 L,Gatorade,1 un,litro,1350,1350,,False,,$1.350 x litro,$1.350 x litro,https://www.unimarc.cl/beb-gatorade-isotonica-naranja-1-l/p,https://unimarc.vtexassets.com/arquivos/ids/243647/000000000000710444-UN-01.jpg?v=638599390771130000,Bebidas,Funcionales,https://www.unimarc.cl/category/bebidas-y-licores/bebidas/funcionales,https://www.unimarc.cl/_next/data/0ucQ92dO_m9T9joH0FjVV/category/bebidas-y-licores/bebidas/funcionales.json?categories=bebidas-y-licores&categories=bebidas&categories=funcionales,2026-02-18T12:43:52
85086,Bebida isotónica Powerade frozent blast botella 850 ml,Powerade,1 un,litro,1000,1550,1000,True,Ahorras $550,$1.176 x litro,$1.824 x litro,https://www.unimarc.cl/beb-isot-powerade-850-ml-frozen-blast/p,https://unimarc.vtexassets.com/arquivos/ids/235358/000000000666010001-UN-01.jpg?v=638289164011230000,Bebidas,Funcionales,https://www.unimarc.cl/category/bebidas-y-licores/bebidas/funcionales,https://www.unimarc.cl/_next/data/0ucQ92dO_m9T9joH0FjVV/category/bebidas-y-licores/bebidas/funcionales.json?categories=bebidas-y-licores&categories=bebidas&categories=funcionales,2026-02-18T12:43:52
91607,Bebida isotónica Suerox frutos rojos 630 ml,Suerox,1 un,litro,2750,2750,,False,,$4.365 x litro,$4.365 x litro,https://www.unimarc.cl/beb-isot-suerox-630-cc-frutos-rojos/p,https://unimarc.vtexassets.com/arquivos/ids/249131/000000000661106007-UN-01.jpg?v=638844252336900000,Bebidas,Funcionales,https://www.unimarc.cl/category/bebidas-y-licores/bebidas/funcionales,https://www.unimarc.cl/_next/data/0ucQ92dO_m9T9joH0FjVV/category/bebidas-y-licores/bebidas/funcionales.json?categories=bebidas-y-licores&categories=bebidas&categories=funcionales,2026-02-18T12:43:52
91806,Bebida isotónica Gatorade limón 1 L,Gatorade,1 un,litro,1350,1350,,False,,$1.350 x litro,$1.350 x litro,https://www.unimarc.cl/bebida-isotonica-limon-gatorade-pet-1lt/p,https://unimarc.vtexassets.com/arquivos/ids/249995/000000000000681355-UN-01.jpg?v=638878356829800000,Bebidas,Funcionales,https://www.unimarc.cl/category/bebidas-y-licores/bebidas/funcionales,https://www.unimarc.cl/_next/data/0ucQ92dO_m9T9joH0FjVV/category/bebidas-y-licores/bebidas/funcionales.json?categories=bebidas-y-licores&categories=bebidas&categories=funcionales,2026-02-18T12:43:52
93652,Bebida isotónica Gatorade sabor maracuyá 1 lt,Gatorade,1 un,litro,1350,1350,,False,,$1.350 x litro,$1.350 x litro,https://www.unimarc.cl/bebida-gatorade-1-lt-maracuya/p,https://unimarc.vtexassets.com/arquivos/ids/252919/000000000691927001-UN-01.jpg?v=638984701324470000,Bebidas,Funcionales,https://www.unimarc.cl/category/bebidas-y-licores/bebidas/funcionales,https://www.unimarc.cl/_next/data/0ucQ92dO_m9T9joH0FjVV/category/bebidas-y-licores/bebidas/funcionales.json?categories=bebidas-y-licores&categories=bebidas&categories=funcionales,2026-02-18T12:43:52
82376,Bebida isotónica Suerox piña 630 ml,Suerox,1 un,litro,2750,2750,,False,,$4.365 x litro,$4.365 x litro,https://www.unimarc.cl/beb-isot-suerox-630-cc-pina/p,https://unimarc.vtexassets.com/arquivos/ids/233685/000000000661106006-UN-01.jpg?v=638209900906530000,Bebidas,Funcionales,https://www.unimarc.cl/category/bebidas-y-licores/bebidas/funcionales,https://www.unimarc.cl/_next/data/0ucQ92dO_m9T9joH0FjVV/category/bebidas-y-licores/bebidas/funcionales.json?categories=bebidas-y-licores&categories=bebidas&categories=funcionales,2026-02-18T12:43:52
82254,Bebida isotónica Suerox frutilla kiwi 630 ml,Suerox,1 un,litro,2750,2750,,False,,$4.365 x litro,$4.365 x litro,https://www.unimarc.cl/beb-isot-suerox-630-cc-frutilla-kiwi/p,https://unimarc.vtexassets.com/arquivos/ids/233684/000000000661106004-UN-01.jpg?v=638209900313800000,Bebidas,Funcionales,https://www.unimarc.cl/category/bebidas-y-licores/bebidas/funcionales,https://www.unimarc.cl/_next/data/0ucQ92dO_m9T9joH0FjVV/category/bebidas-y-licores/bebidas/funcionales.json?categories=bebidas-y-licores&categories=bebidas&categories=funcionales,2026-02-18T12:43:52
82252,Bebida isotónica Suerox naranja 630 ml,Suerox,1 un,litro,2750,2750,,False,,$4.365 x litro,$4.365 x litro,https://www.unimarc.cl/beb-isot-suerox-630-cc-naranja/p,https://unimarc.vtexassets.com/arquivos/ids/233682/000000000661106002-UN-01.jpg?v=638209899081430000,Bebidas,Funcionales,https://www.unimarc.cl/category/bebidas-y-licores/bebidas/funcionales,https://www.unimarc.cl/_next/data/0ucQ92dO_m9T9joH0FjVV/category/bebidas-y-licores/bebidas/funcionales.json?categories=bebidas-y-licores&categories=bebidas&categories=funcionales,2026-02-18T12:43:52
6344,Bebida isotónica Gatorade frutas tropicales 750 ml,Gatorade,1 un,litro,1000,1450,1000,True,Ahorras $450,$1.333 x litro,$1.933 x litro,https://www.unimarc.cl/beb-frutas-tropicales-gatorade-750-cc/p,https://unimarc.vtexassets.com/arquivos/ids/243650/000000000000710445-UN-01.jpg?v=638599390774200000,Bebidas,Funcionales,https://www.unimarc.cl/category/bebidas-y-licores/bebidas/funcionales,https://www.unimarc.cl/_next/data/0ucQ92dO_m9T9joH0FjVV/category/bebidas-y-licores/bebidas/funcionales.json?categories=bebidas-y-licores&categories=bebidas&categories=funcionales,2026-02-18T12:43:52
85087,Bebida isotónica Powerade rojo botella 850 ml,Powerade,1 un,litro,1000,1550,1000,True,Ahorras $550,$1.176 x litro,$1.824 x litro,https://www.unimarc.cl/beb-isot-powerade-850-ml-rojo/p,https://unimarc.vtexassets.com/arquivos/ids/235359/000000000666010002-UN-01.jpg?v=638289165317100000,Bebidas,Funcionales,https://www.unimarc.cl/category/bebidas-y-licores/bebidas/funcionales,https://www.unimarc.cl/_next/data/0ucQ92dO_m9T9joH0FjVV/category/bebidas-y-licores/bebidas/funcionales.json?categories=bebidas-y-licores&categories=bebidas&categories=funcionales,2026-02-18T12:43:52
85088,Bebida isotónica Powerade naranja botella 850 ml,Powerade,1 un,litro,1000,1550,1000,True,Ahorras $550,$1.176 x litro,$1.824 x litro,https://www.unimarc.cl/beb-isot-powerade-850-ml-naranja/p,https://unimarc.vtexassets.com/arquivos/ids/235361/000000000666010003-UN-01.jpg?v=638289166819000000,Bebidas,Funcionales,https://www.unimarc.cl/category/bebidas-y-licores/bebidas/funcionales,https://www.unimarc.cl/_next/data/0ucQ92dO_m9T9joH0FjVV/category/bebidas-y-licores/bebidas/funcionales.json?categories=bebidas-y-licores&categories=bebidas&categories=funcionales,2026-02-18T12:43:52
96021,Bebida isotónica Gatorade zero sabor pink berry 1 L,Gatorade,1 un,litro,1000,1350,1000,True,Ahorras $350,$1.000 x litro,$1.350 x litro,https://www.unimarc.cl/beb-isot-gatorade-zero-1l-pe-pink-berry/p,https://unimarc.vtexassets.com/arquivos/ids/254611/000000000667480003-UN-01.jpg?v=639027311382730000,Bebidas,Funcionales,https://www.unimarc.cl/category/bebidas-y-licores/bebidas/funcionales,https://www.unimarc.cl/_next/data/0ucQ92dO_m9T9joH0FjVV/category/bebidas-y-licores/bebidas/funcionales.json?categories=bebidas-y-licores&categories=bebidas&categories=funcionales,2026-02-18T12:43:52
93636,Jugo fresco Watt's selección naranja y piña 1.6 lt,Watts,1 un,litro,5590,6990,5590,True,Ahorras $1.400,$3.494 x litro,$4.369 x litro,https://www.unimarc.cl/jugo-fresco-sel-naranja-pina-watts-1-6l/p,https://unimarc.vtexassets.com/arquivos/ids/252984/000000000000691908-UN-01.jpg?v=638985716573330000,Bebidas,Funcionales,https://www.unimarc.cl/category/bebidas-y-licores/bebidas/funcionales,https://www.unimarc.cl/_next/data/0ucQ92dO_m9T9joH0FjVV/category/bebidas-y-licores/bebidas/funcionales.json?categories=bebidas-y-licores&categories=bebidas&categories=funcionales,2026-02-18T12:43:52
87708,Bebida isotónica Fastlyte sandía 625 ml,Fastlyte,1 un,litro,2490,2790,2490,True,Ahorras $300,$3.984 x litro,$4.464 x litro,https://www.unimarc.cl/beb-isotonica-fastlyte-625-ml-sandia/p,https://unimarc.vtexassets.com/arquivos/ids/251018/000000000669568003-UN-01.jpg?v=638917376822400000,Bebidas,Funcionales,https://www.unimarc.cl/category/bebidas-y-licores/bebidas/funcionales,https://www.unimarc.cl/_next/data/0ucQ92dO_m9T9joH0FjVV/category/bebidas-y-licores/bebidas/funcionales.json?categories=bebidas-y-licores&categories=bebidas&categories=funcionales,2026-02-18T12:43:52
87707,Bebida isotónica Fastlyte frutilla 625 ml,Fastlyte,1 un,litro,2490,2790,2490,True,Ahorras $300,$3.984 x litro,$4.464 x litro,https://www.unimarc.cl/beb-isotonica-fastlyte-625-ml-frutilla/p,https://unimarc.vtexassets.com/arquivos/ids/251016/000000000669568002-UN-01.jpg?v=638917376185700000,Bebidas,Funcionales,https://www.unimarc.cl/category/bebidas-y-licores/bebidas/funcionales,https://www.unimarc.cl/_next/data/0ucQ92dO_m9T9joH0FjVV/category/bebidas-y-licores/bebidas/funcionales.json?categories=bebidas-y-licores&categories=bebidas&categories=funcionales,2026-02-18T12:43:52
83338,Bebida isotónica Powerade frozen blast 1.1 L,Powerade,1 un,litro,1290,1290,,False,,$1.173 x litro,$1.173 x litro,https://www.unimarc.cl/beb-isot-powerade-1-1-lt-frozen-blast/p,https://unimarc.vtexassets.com/arquivos/ids/255695/000000000663148001-UN-01.jpg?v=639045217669070000,Bebidas,Funcionales,https://www.unimarc.cl/category/bebidas-y-licores/bebidas/funcionales,https://www.unimarc.cl/_next/data/0ucQ92dO_m9T9joH0FjVV/category/bebidas-y-licores/bebidas/funcionales.json?categories=bebidas-y-licores&categories=bebidas&categories=funcionales,2026-02-18T12:43:52
83339,Bebida isotónica Powerade rojo 1.1 L,Powerade,1 un,litro,1290,1290,,False,,$1.173 x litro,$1.173 x litro,https://www.unimarc.cl/beb-isot-powerade-1-1-lt-rojo/p,https://unimarc.vtexassets.com/arquivos/ids/255696/000000000663148002-UN-01.jpg?v=639045218224170000,Bebidas,Funcionales,https://www.unimarc.cl/category/bebidas-y-licores/bebidas/funcionales,https://www.unimarc.cl/_next/data/0ucQ92dO_m9T9joH0FjVV/category/bebidas-y-licores/bebidas/funcionales.json?categories=bebidas-y-licores&categories=bebidas&categories=funcionales,2026-02-18T12:43:52
83343,Bebida isotónica zero Powerade uva 1.1 L,Powerade,1 un,litro,1290,1290,,False,,$1.173 x litro,$1.173 x litro,https://www.unimarc.cl/beb-isot-zero-powerade-1-1l-uva/p,https://unimarc.vtexassets.com/arquivos/ids/255694/000000000663147003-UN-01.jpg?v=639045216929970000,Bebidas,Funcionales,https://www.unimarc.cl/category/bebidas-y-licores/bebidas/funcionales,https://www.unimarc.cl/_next/data/0ucQ92dO_m9T9joH0FjVV/category/bebidas-y-licores/bebidas/funcionales.json?categories=bebidas-y-licores&categories=bebidas&categories=funcionales,2026-02-18T12:43:52
83341,Bebida isotónica zero Powerade frozen blast 1.1 L,Powerade,1 un,litro,1290,1290,,False,,$1.173 x litro,$1.173 x litro,https://www.unimarc.cl/beb-isot-zero-powerade-1-1-frozen-blast/p,https://unimarc.vtexassets.com/arquivos/ids/255692/000000000663147001-UN-01.jpg?v=639045215672770000,Bebidas,Funcionales,https://www.unimarc.cl/category/bebidas-y-licores/bebidas/funcionales,https://www.unimarc.cl/_next/data/0ucQ92dO_m9T9joH0FjVV/category/bebidas-y-licores/bebidas/funcionales.json?categories=bebidas-y-licores&categories=bebidas&categories=funcionales,2026-02-18T12:43:52
83342,Bebida isotónica zero Powerade lima limón 1.1 L,Powerade,1 un,litro,1290,1290,,False,,$1.173 x litro,$1.173 x litro,https://www.unimarc.cl/beb-isot-zero-powerade-1-1l-lima-limon/p,https://unimarc.vtexassets.com/arquivos/ids/255693/000000000663147002-UN-01.jpg?v=639045216337530000,Bebidas,Funcionales,https://www.unimarc.cl/category/bebidas-y-licores/bebidas/funcionales,https://www.unimarc.cl/_next/data/0ucQ92dO_m9T9joH0FjVV/category/bebidas-y-licores/bebidas/funcionales.json?categories=bebidas-y-licores&categories=bebidas&categories=funcionales,2026-02-18T12:43:52
85154,Bebida hidratante Electrolit sabor frutilla 625 ml,Electrolit,1 un,litro,1990,1990,,False,,$3.184 x litro,$3.184 x litro,https://www.unimarc.cl/beb-hidr-electrolit-625ml-frutilla/p,https://unimarc.vtexassets.com/arquivos/ids/235315/000000000663644001-UN-01.jpg?v=638278107639100000,Bebidas,Funcionales,https://www.unimarc.cl/category/bebidas-y-licores/bebidas/funcionales,https://www.unimarc.cl/_next/data/0ucQ92dO_m9T9joH0FjVV/category/bebidas-y-licores/bebidas/funcionales.json?categories=bebidas-y-licores&categories=bebidas&categories=funcionales,2026-02-18T12:43:52
83340,Bebida isotónica Powerade naranja 1.1 L,Powerade,1 un,litro,1290,1290,,False,,$1.173 x litro,$1.173 x litro,https://www.unimarc.cl/beb-isot-powerade-1-1-lt-naranja/p,https://unimarc.vtexassets.com/arquivos/ids/255697/000000000663148003-UN-01.jpg?v=639045219114830000,Bebidas,Funcionales,https://www.unimarc.cl/category/bebidas-y-licores/bebidas/funcionales,https://www.unimarc.cl/_next/data/0ucQ92dO_m9T9joH0FjVV/category/bebidas-y-licores/bebidas/funcionales.json?categories=bebidas-y-licores&categories=bebidas&categories=funcionales,2026-02-18T12:43:52
85655,Kombucha orgánico té negro lata 355 ml,Kombuchacha,1 un,litro,2290,2290,,False,,$6.451 x litro,$6.451 x litro,https://www.unimarc.cl/jugo-organico-kombucha-355cc-original/p,https://unimarc.vtexassets.com/arquivos/ids/239105/000000000666267003-UN-01.jpg?v=638502590717070000,Bebidas,Funcionales,https://www.unimarc.cl/category/bebidas-y-licores/bebidas/funcionales,https://www.unimarc.cl/_next/data/0ucQ92dO_m9T9joH0FjVV/category/bebidas-y-licores/bebidas/funcionales.json?categories=bebidas-y-licores&categories=bebidas&categories=funcionales,2026-02-18T12:43:52
6300,Agua vitaminizada Vitaminwater restore tropical botella 500 ml,Vitamin Water,1 un,litro,1090,1090,,False,,$2.180 x litro,$2.180 x litro,https://www.unimarc.cl/agua-vitamin-restore-glaceau-500-cc-2/p,https://unimarc.vtexassets.com/arquivos/ids/204596/000000000000696374-UN-01.jpg?v=637405668907900000,Bebidas,Funcionales,https://www.unimarc.cl/category/bebidas-y-licores/bebidas/funcionales,https://www.unimarc.cl/_next/data/0ucQ92dO_m9T9joH0FjVV/category/bebidas-y-licores/bebidas/funcionales.json?categories=bebidas-y-licores&categories=bebidas&categories=funcionales,2026-02-18T12:43:52
85155,Bebida hidratante Electrolit sabor uva 625 ml,Electrolit,1 un,litro,1990,1990,,False,,$3.184 x litro,$3.184 x litro,https://www.unimarc.cl/beb-hidr-electrolit-625ml-uva/p,https://unimarc.vtexassets.com/arquivos/ids/235313/000000000663644002-UN-01.jpg?v=638278098691730000,Bebidas,Funcionales,https://www.unimarc.cl/category/bebidas-y-licores/bebidas/funcionales,https://www.unimarc.cl/_next/data/0ucQ92dO_m9T9joH0FjVV/category/bebidas-y-licores/bebidas/funcionales.json?categories=bebidas-y-licores&categories=bebidas&categories=funcionales,2026-02-18T12:43:52
7494,Bebida isotónica Powerade frozent blast botella 600 ml,Powerade,1 un,litro,1090,1090,,False,,$1.817 x litro,$1.817 x litro,https://www.unimarc.cl/bebida-isotonica-frozent-blast-botella-600-cc-2/p,https://unimarc.vtexassets.com/arquivos/ids/204584/000000000402135002-UN-01.jpg?v=637405646476630000,Bebidas,Funcionales,https://www.unimarc.cl/category/bebidas-y-licores/bebidas/funcionales,https://www.unimarc.cl/_next/data/0ucQ92dO_m9T9joH0FjVV/category/bebidas-y-licores/bebidas/funcionales.json?categories=bebidas-y-licores&categories=bebidas&categories=funcionales,2026-02-18T12:43:52
96539,Bebida isotónica Extra Life polvo 4 un de 15 gr,Extra Life,1 un,Kg,6390,6390,,False,,$106.500 x Kg,$106.500 x Kg,https://www.unimarc.cl/bebida-isoton-variety-extra-life-4x15-gr/p,https://unimarc.vtexassets.com/arquivos/ids/255775/000000000000692540-UN-01.jpg?v=639047040588900000,Bebidas,Funcionales,https://www.unimarc.cl/category/bebidas-y-licores/bebidas/funcionales,https://www.unimarc.cl/_next/data/0ucQ92dO_m9T9joH0FjVV/category/bebidas-y-licores/bebidas/funcionales.json?categories=bebidas-y-licores&categories=bebidas&categories=funcionales,2026-02-18T12:43:52
4162,Bebida isotónica Gatorade cool blue 500 ml,Gatorade,1 un,litro,1290,1290,,False,,$2.580 x litro,$2.580 x litro,https://www.unimarc.cl/bebida-gatorade-isotonica-cool-blue-500-cc/p,https://unimarc.vtexassets.com/arquivos/ids/243632/000000000000176083-UN-01.jpg?v=638599390553470000,Bebidas,Funcionales,https://www.unimarc.cl/category/bebidas-y-licores/bebidas/funcionales,https://www.unimarc.cl/_next/data/0ucQ92dO_m9T9joH0FjVV/category/bebidas-y-licores/bebidas/funcionales.json?categories=bebidas-y-licores&categories=bebidas&categories=funcionales,2026-02-18T12:43:52
7330,Bebida isotónica Gatorade naranja 500 ml,Gatorade,1 un,litro,1290,1290,,False,,$2.580 x litro,$2.580 x litro,https://www.unimarc.cl/bebida-gatorade-pet-500cc-naranja-2/p,https://unimarc.vtexassets.com/arquivos/ids/244146/000000000400592002-UN-01.jpg?v=638618322919570000,Bebidas,Funcionales,https://www.unimarc.cl/category/bebidas-y-licores/bebidas/funcionales,https://www.unimarc.cl/_next/data/0ucQ92dO_m9T9joH0FjVV/category/bebidas-y-licores/bebidas/funcionales.json?categories=bebidas-y-licores&categories=bebidas&categories=funcionales,2026-02-18T12:43:52
96537,Bebida hidratante Electrolit sabor frambuesa 625 ml,Electrolit,1 un,litro,1990,1990,,False,,$3.184 x litro,$3.184 x litro,https://www.unimarc.cl/beb-hidr-electrolit-625ml-frambuesa/p,https://unimarc.vtexassets.com/arquivos/ids/255804/000000000663644005-UN-01.jpg?v=639050492376630000,Bebidas,Funcionales,https://www.unimarc.cl/category/bebidas-y-licores/bebidas/funcionales,https://www.unimarc.cl/_next/data/0ucQ92dO_m9T9joH0FjVV/category/bebidas-y-licores/bebidas/funcionales.json?categories=bebidas-y-licores&categories=bebidas&categories=funcionales,2026-02-18T12:43:52
91149,Bebida isotónica Isopro pure red 500 ml,Isopro,1 un,litro,2390,2390,,False,,$4.780 x litro,$4.780 x litro,https://www.unimarc.cl/bebida-isotonica-pure-isopro-500-ml-red/p,https://unimarc.vtexassets.com/arquivos/ids/248062/000000000671966002-UN-01.jpg?v=638799783226100000,Bebidas,Funcionales,https://www.unimarc.cl/category/bebidas-y-licores/bebidas/funcionales,https://www.unimarc.cl/_next/data/0ucQ92dO_m9T9joH0FjVV/category/bebidas-y-licores/bebidas/funcionales.json?categories=bebidas-y-licores&categories=bebidas&categories=funcionales,2026-02-18T12:43:52
96538,Bebida hidratante Electrolit sabor maracuyá 625 ml,Electrolit,1 un,litro,1990,1990,,False,,$3.184 x litro,$3.184 x litro,https://www.unimarc.cl/beb-hidr-electrolit-625ml-maracuya/p,https://unimarc.vtexassets.com/arquivos/ids/255805/000000000663644006-UN-01.jpg?v=639047040662370000,Bebidas,Funcionales,https://www.unimarc.cl/category/bebidas-y-licores/bebidas/funcionales,https://www.unimarc.cl/_next/data/0ucQ92dO_m9T9joH0FjVV/category/bebidas-y-licores/bebidas/funcionales.json?categories=bebidas-y-licores&categories=bebidas&categories=funcionales,2026-02-18T12:43:52
85613,Jugo zero don limón sabor manzana jengibre 500ml,Don Limon,1 un,litro,1250,1250,,False,,$2.500 x litro,$2.500 x litro,https://www.unimarc.cl/jugo-zero-don-limon-50-manzana-jengibre/p,https://unimarc.vtexassets.com/arquivos/ids/235971/000000000666095001-UN-01.jpg?v=638330835914270000,Bebidas,Funcionales,https://www.unimarc.cl/category/bebidas-y-licores/bebidas/funcionales,https://www.unimarc.cl/_next/data/0ucQ92dO_m9T9joH0FjVV/category/bebidas-y-licores/bebidas/funcionales.json?categories=bebidas-y-licores&categories=bebidas&categories=funcionales,2026-02-18T12:43:52
87709,Bebida isotónica Fastlyte uva 625 ml,Fastlyte,1 un,litro,2490,2790,2490,True,Ahorras $300,$3.984 x litro,$4.464 x litro,https://www.unimarc.cl/beb-isotonica-fastlyte-625-ml-uva/p,https://unimarc.vtexassets.com/arquivos/ids/251020/000000000669568004-UN-01.jpg?v=638917377482900000,Bebidas,Funcionales,https://www.unimarc.cl/category/bebidas-y-licores/bebidas/funcionales,https://www.unimarc.cl/_next/data/0ucQ92dO_m9T9joH0FjVV/category/bebidas-y-licores/bebidas/funcionales.json?categories=bebidas-y-licores&categories=bebidas&categories=funcionales,2026-02-18T12:43:52
85614,Jugo zero don limón sabor maracuyá 500ml,Don Limon,1 un,litro,1250,1250,,False,,$2.500 x litro,$2.500 x litro,https://www.unimarc.cl/jugo-zero-don-limon-500-maracuya/p,https://unimarc.vtexassets.com/arquivos/ids/235972/000000000666095002-UN-01.jpg?v=638330835917400000,Bebidas,Funcionales,https://www.unimarc.cl/category/bebidas-y-licores/bebidas/funcionales,https://www.unimarc.cl/_next/data/0ucQ92dO_m9T9joH0FjVV/category/bebidas-y-licores/bebidas/funcionales.json?categories=bebidas-y-licores&categories=bebidas&categories=funcionales,2026-02-18T12:43:52
87706,Bebida isotónica Fastlyte coco limón 625 ml,Fastlyte,1 un,litro,2490,2790,2490,True,Ahorras $300,$3.984 x litro,$4.464 x litro,https://www.unimarc.cl/beb-isotonica-fastlyte-625-m-coco-limon/p,https://unimarc.vtexassets.com/arquivos/ids/251014/000000000669568001-UN-01.jpg?v=638917375472600000,Bebidas,Funcionales,https://www.unimarc.cl/category/bebidas-y-licores/bebidas/funcionales,https://www.unimarc.cl/_next/data/0ucQ92dO_m9T9joH0FjVV/category/bebidas-y-licores/bebidas/funcionales.json?categories=bebidas-y-licores&categories=bebidas&categories=funcionales,2026-02-18T12:43:52
4160,Bebida isotónica Gatorade frutas tropicales 500 ml,Gatorade,1 un,litro,1290,1290,,False,,$2.580 x litro,$2.580 x litro,https://www.unimarc.cl/bebida-gatorade-isotonica-frutas-tropicales-500cc/p,https://unimarc.vtexassets.com/arquivos/ids/206175/000000000000176082-UN-01.jpg?v=637454594842730000,Bebidas,Funcionales,https://www.unimarc.cl/category/bebidas-y-licores/bebidas/funcionales,https://www.unimarc.cl/_next/data/0ucQ92dO_m9T9joH0FjVV/category/bebidas-y-licores/bebidas/funcionales.json?categories=bebidas-y-licores&categories=bebidas&categories=funcionales,2026-02-18T12:43:52
96719,Bebida isotónica Gatorlit sabor frutilla y kiwi 620 ml,Gatorlit,1 un,litro,2190,2690,2190,True,Ahorras $500,$3.532 x litro,$4.339 x litro,https://www.unimarc.cl/bebida-isot-gatorlit-620m-frutilla-kiwi/p,https://unimarc.vtexassets.com/arquivos/ids/256015/000000000699820002-UN-01.jpg?v=639062599819370000,Bebidas,Funcionales,https://www.unimarc.cl/category/bebidas-y-licores/bebidas/funcionales,https://www.unimarc.cl/_next/data/0ucQ92dO_m9T9joH0FjVV/category/bebidas-y-licores/bebidas/funcionales.json?categories=bebidas-y-licores&categories=bebidas&categories=funcionales,2026-02-18T12:43:52
96718,Bebida isotónica Gatorlit sabor uva 620 ml,Gatorlit,1 un,litro,2190,2690,2190,True,Ahorras $500,$3.532 x litro,$4.339 x litro,https://www.unimarc.cl/bebida-isot-gatorlit-620ml-uva/p,https://unimarc.vtexassets.com/arquivos/ids/256014/000000000699820001-UN-01.jpg?v=639062599680730000,Bebidas,Funcionales,https://www.unimarc.cl/category/bebidas-y-licores/bebidas/funcionales,https://www.unimarc.cl/_next/data/0ucQ92dO_m9T9joH0FjVV/category/bebidas-y-licores/bebidas/funcionales.json?categories=bebidas-y-licores&categories=bebidas&categories=funcionales,2026-02-18T12:43:52
91148,Bebida isotónica Isopro pure blue 500 ml,Isopro,1 un,litro,2390,2390,,False,,$4.780 x litro,$4.780 x litro,https://www.unimarc.cl/bebida-isotonica-pure-isopro-500-m-blue/p,https://unimarc.vtexassets.com/arquivos/ids/248061/000000000671966001-UN-01.jpg?v=638799783224030000,Bebidas,Funcionales,https://www.unimarc.cl/category/bebidas-y-licores/bebidas/funcionales,https://www.unimarc.cl/_next/data/0ucQ92dO_m9T9joH0FjVV/category/bebidas-y-licores/bebidas/funcionales.json?categories=bebidas-y-licores&categories=bebidas&categories=funcionales,2026-02-18T12:43:52
80852,Jugo 100% exprimido Citric naranja 1.5 L,Citric,1 un,litro,4890,5890,4890,True,Ahorras $1.000,$3.260 x litro,$3.927 x litro,https://www.unimarc.cl/jugo-100-citric-1-5l-naranja/p,https://unimarc.vtexassets.com/arquivos/ids/224696/000000000655095001-UN-01.jpg?v=637824560823100000,Jugos,Jugos frescos,https://www.unimarc.cl/category/bebidas-y-licores/jugos/jugos-frescos,https://www.unimarc.cl/_next/data/0ucQ92dO_m9T9joH0FjVV/category/bebidas-y-licores/jugos/jugos-frescos.json?categories=bebidas-y-licores&categories=jugos&categories=jugos-frescos,2026-02-18T12:43:59
82416,Jugo fresco Guallarauco frutos rojos 1 L,Guallarauco,1 un,litro,3890,5050,3890,True,Ahorras $1.160,$3.890 x litro,$5.050 x litro,https://www.unimarc.cl/jugo-guallarauco-1l-frutos-rojos/p,https://unimarc.vtexassets.com/arquivos/ids/252501/000000000638588005-UN-01.jpg?v=638973514552630000,Jugos,Jugos frescos,https://www.unimarc.cl/category/bebidas-y-licores/jugos/jugos-frescos,https://www.unimarc.cl/_next/data/0ucQ92dO_m9T9joH0FjVV/category/bebidas-y-licores/jugos/jugos-frescos.json?categories=bebidas-y-licores&categories=jugos&categories=jugos-frescos,2026-02-18T12:43:59
59442,Jugo refrigerado Guallarauco naranja 1 L,Guallarauco,1 un,litro,3890,5050,3890,True,Ahorras $1.160,$3.890 x litro,$5.050 x litro,https://www.unimarc.cl/jugo-refr-guallarauco-1l-naranja/p,https://unimarc.vtexassets.com/arquivos/ids/252474/000000000638588004-UN-01.jpg?v=638973458456930000,Jugos,Jugos frescos,https://www.unimarc.cl/category/bebidas-y-licores/jugos/jugos-frescos,https://www.unimarc.cl/_next/data/0ucQ92dO_m9T9joH0FjVV/category/bebidas-y-licores/jugos/jugos-frescos.json?categories=bebidas-y-licores&categories=jugos&categories=jugos-frescos,2026-02-18T12:43:59
59439,Jugo fresco Guallarauco mango tetra 1 L,Guallarauco,1 un,litro,3890,5050,3890,True,Ahorras $1.160,$3.890 x litro,$5.050 x litro,https://www.unimarc.cl/jugo-refr-guallarauco-1l-mango/p,https://unimarc.vtexassets.com/arquivos/ids/252472/000000000638588001-UN-01.jpg?v=638973457011470000,Jugos,Jugos frescos,https://www.unimarc.cl/category/bebidas-y-licores/jugos/jugos-frescos,https://www.unimarc.cl/_next/data/0ucQ92dO_m9T9joH0FjVV/category/bebidas-y-licores/jugos/jugos-frescos.json?categories=bebidas-y-licores&categories=jugos&categories=jugos-frescos,2026-02-18T12:43:59
8218,Jugo fresco Watt's selección naranja tetra 1.6 L,Watts,1 un,litro,6290,6990,6290,True,Ahorras $700,$3.931 x litro,$4.369 x litro,https://www.unimarc.cl/jugo-fresco-watt-s-1-75-lt-naranja/p,https://unimarc.vtexassets.com/arquivos/ids/248771/000000000630933001-UN-01.jpg.jpg?v=638830092523130000,Jugos,Jugos frescos,https://www.unimarc.cl/category/bebidas-y-licores/jugos/jugos-frescos,https://www.unimarc.cl/_next/data/0ucQ92dO_m9T9joH0FjVV/category/bebidas-y-licores/jugos/jugos-frescos.json?categories=bebidas-y-licores&categories=jugos&categories=jugos-frescos,2026-02-18T12:43:59
93937,Jugo fresco Watt's selección naranja y zanahoria 1.6 L,Watts,1 un,litro,5590,6990,5590,True,Ahorras $1.400,$3.494 x litro,$4.369 x litro,https://www.unimarc.cl/jugo-fresco-selec-naran-zana-watts-1-6l/p,https://unimarc.vtexassets.com/arquivos/ids/254435/000000000000693488-UN-01.jpg?v=639017410494800000,Jugos,Jugos frescos,https://www.unimarc.cl/category/bebidas-y-licores/jugos/jugos-frescos,https://www.unimarc.cl/_next/data/0ucQ92dO_m9T9joH0FjVV/category/bebidas-y-licores/jugos/jugos-frescos.json?categories=bebidas-y-licores&categories=jugos&categories=jugos-frescos,2026-02-18T12:43:59
1727,Jugo fresco Watt's selección 100% naranja 1 L,Watts,1 un,litro,4190,4890,4190,True,Ahorras $700,$4.190 x litro,$4.890 x litro,https://www.unimarc.cl/jugo-watt-s-fresco-100-naranja-1-l/p,https://unimarc.vtexassets.com/arquivos/ids/196518/000000000400051001-UN-01.jpg?v=637273491837170000,Jugos,Jugos frescos,https://www.unimarc.cl/category/bebidas-y-licores/jugos/jugos-frescos,https://www.unimarc.cl/_next/data/0ucQ92dO_m9T9joH0FjVV/category/bebidas-y-licores/jugos/jugos-frescos.json?categories=bebidas-y-licores&categories=jugos&categories=jugos-frescos,2026-02-18T12:43:59
80586,Jugo Vivo 100% jugo de fruta de manzana 1 L,Vivo,1 un,litro,2990,2990,,False,,$2.990 x litro,$2.990 x litro,https://www.unimarc.cl/jugo-100-jugo-fruta-vivo-1-lt-manzana/p,https://unimarc.vtexassets.com/arquivos/ids/230799/000000000654091002-UN-01.jpg?v=638048074310330000,Jugos,Jugos frescos,https://www.unimarc.cl/category/bebidas-y-licores/jugos/jugos-frescos,https://www.unimarc.cl/_next/data/0ucQ92dO_m9T9joH0FjVV/category/bebidas-y-licores/jugos/jugos-frescos.json?categories=bebidas-y-licores&categories=jugos&categories=jugos-frescos,2026-02-18T12:43:59
1815,Jugo fresco Sofruco naranja tetra 1 L,Sofruco,1 un,litro,5290,5290,,False,,$5.290 x litro,$5.290 x litro,https://www.unimarc.cl/jugo-fresco-sofruco-naranja-1-l/p,https://unimarc.vtexassets.com/arquivos/ids/198586/000000000562834001-UN-01.jpg?v=637293247295530000,Jugos,Jugos frescos,https://www.unimarc.cl/category/bebidas-y-licores/jugos/jugos-frescos,https://www.unimarc.cl/_next/data/0ucQ92dO_m9T9joH0FjVV/category/bebidas-y-licores/jugos/jugos-frescos.json?categories=bebidas-y-licores&categories=jugos&categories=jugos-frescos,2026-02-18T12:43:59
80585,Jugo Vivo 100% jugo de pera 1 L,Vivo,1 un,litro,2990,2990,,False,,$2.990 x litro,$2.990 x litro,https://www.unimarc.cl/jugo-100-jugo-fruta-vivo-1-lt-pera/p,https://unimarc.vtexassets.com/arquivos/ids/230797/000000000654091001-UN-01.jpg?v=638048073000230000,Jugos,Jugos frescos,https://www.unimarc.cl/category/bebidas-y-licores/jugos/jugos-frescos,https://www.unimarc.cl/_next/data/0ucQ92dO_m9T9joH0FjVV/category/bebidas-y-licores/jugos/jugos-frescos.json?categories=bebidas-y-licores&categories=jugos&categories=jugos-frescos,2026-02-18T12:43:59
1816,Jugo fresco Sofruco pomelo tetra 1 L,Sofruco,1 un,litro,5290,5290,,False,,$5.290 x litro,$5.290 x litro,https://www.unimarc.cl/jugo-fresco-sofruco-pomelo-tetra-1-l/p,https://unimarc.vtexassets.com/arquivos/ids/198585/000000000562834002-UN-01.jpg?v=637293245086800000,Jugos,Jugos frescos,https://www.unimarc.cl/category/bebidas-y-licores/jugos/jugos-frescos,https://www.unimarc.cl/_next/data/0ucQ92dO_m9T9joH0FjVV/category/bebidas-y-licores/jugos/jugos-frescos.json?categories=bebidas-y-licores&categories=jugos&categories=jugos-frescos,2026-02-18T12:43:59
90394,Jugo fresco Watt's selección naranja mix 1.6 L,Watts,1 un,litro,5790,5790,,False,,$3.619 x litro,$3.619 x litro,https://www.unimarc.cl/jugo-fresco-sel-watts-1-6l-naranja-mix/p,https://unimarc.vtexassets.com/arquivos/ids/246356/000000000673767001-UN-01.jpg?v=638726373946570000,Jugos,Jugos frescos,https://www.unimarc.cl/category/bebidas-y-licores/jugos/jugos-frescos,https://www.unimarc.cl/_next/data/0ucQ92dO_m9T9joH0FjVV/category/bebidas-y-licores/jugos/jugos-frescos.json?categories=bebidas-y-licores&categories=jugos&categories=jugos-frescos,2026-02-18T12:43:59
57097,Jugo Bless pepino-espirulina-manzana-piña-jengibre y limón 1 L,Bless,1 un,litro,5690,5690,,False,,$5.690 x litro,$5.690 x litro,https://www.unimarc.cl/jugo-bless-1lt-pepino-esp-mzna-pina/p,https://unimarc.vtexassets.com/arquivos/ids/229946/000000000637324004-UN-01.jpg?v=638019617627200000,Jugos,Jugos frescos,https://www.unimarc.cl/category/bebidas-y-licores/jugos/jugos-frescos,https://www.unimarc.cl/_next/data/0ucQ92dO_m9T9joH0FjVV/category/bebidas-y-licores/jugos/jugos-frescos.json?categories=bebidas-y-licores&categories=jugos&categories=jugos-frescos,2026-02-18T12:43:59
57094,Jugo Bless maracuyá-naranja-piña-manzana y limón 1 L,Bless,1 un,litro,5690,5690,,False,,$5.690 x litro,$5.690 x litro,https://www.unimarc.cl/jugo-bless-1lt-marac-nrja-pin-mzna/p,https://unimarc.vtexassets.com/arquivos/ids/229944/000000000637324001-UN-01.jpg?v=638019614305800000,Jugos,Jugos frescos,https://www.unimarc.cl/category/bebidas-y-licores/jugos/jugos-frescos,https://www.unimarc.cl/_next/data/0ucQ92dO_m9T9joH0FjVV/category/bebidas-y-licores/jugos/jugos-frescos.json?categories=bebidas-y-licores&categories=jugos&categories=jugos-frescos,2026-02-18T12:43:59
77417,Kombucha orgánica arándano botella 500 ml,Kombuchacha,1 un,litro,2990,2990,,False,,$5.980 x litro,$5.980 x litro,https://www.unimarc.cl/jugo-organico-kombuchacha-500c-arandano/p,https://unimarc.vtexassets.com/arquivos/ids/239102/000000000651602002-UN-01.jpg?v=638502589460370000,Jugos,Jugos frescos,https://www.unimarc.cl/category/bebidas-y-licores/jugos/jugos-frescos,https://www.unimarc.cl/_next/data/0ucQ92dO_m9T9joH0FjVV/category/bebidas-y-licores/jugos/jugos-frescos.json?categories=bebidas-y-licores&categories=jugos&categories=jugos-frescos,2026-02-18T12:43:59
75898,Jugo exprimido Bless naranja botella 1 L,Bless,1 un,litro,5690,5690,,False,,$5.690 x litro,$5.690 x litro,https://www.unimarc.cl/jugo-bless-1lt-naranja/p,https://unimarc.vtexassets.com/arquivos/ids/229947/000000000637324005-UN-01.jpg?v=638019618291700000,Jugos,Jugos frescos,https://www.unimarc.cl/category/bebidas-y-licores/jugos/jugos-frescos,https://www.unimarc.cl/_next/data/0ucQ92dO_m9T9joH0FjVV/category/bebidas-y-licores/jugos/jugos-frescos.json?categories=bebidas-y-licores&categories=jugos&categories=jugos-frescos,2026-02-18T12:43:59
77416,Kombucha orgánica cedrón botella 500 ml,Kombuchacha,1 un,litro,2990,2990,,False,,$5.980 x litro,$5.980 x litro,https://www.unimarc.cl/jugo-organico-kombuchacha-500c-cedron/p,https://unimarc.vtexassets.com/arquivos/ids/239101/000000000651602001-UN-01.jpg?v=638502589073800000,Jugos,Jugos frescos,https://www.unimarc.cl/category/bebidas-y-licores/jugos/jugos-frescos,https://www.unimarc.cl/_next/data/0ucQ92dO_m9T9joH0FjVV/category/bebidas-y-licores/jugos/jugos-frescos.json?categories=bebidas-y-licores&categories=jugos&categories=jugos-frescos,2026-02-18T12:43:59
87425,Jugo Bless mango naranja manzana 1 L,Bless,1 un,litro,5690,5690,,False,,$5.690 x litro,$5.690 x litro,https://www.unimarc.cl/jugo-bless-1lt-mango-naranj-manzan/p,https://unimarc.vtexassets.com/arquivos/ids/239787/000000000637324006-UN-01.jpg?v=638520104226100000,Jugos,Jugos frescos,https://www.unimarc.cl/category/bebidas-y-licores/jugos/jugos-frescos,https://www.unimarc.cl/_next/data/0ucQ92dO_m9T9joH0FjVV/category/bebidas-y-licores/jugos/jugos-frescos.json?categories=bebidas-y-licores&categories=jugos&categories=jugos-frescos,2026-02-18T12:43:59
7572,Néctar fresco Watt's selección guayaba 1 L,Watts,1 un,litro,3590,3590,,False,,$3.590 x litro,$3.590 x litro,https://www.unimarc.cl/nectar-watts-seleccion-1-lt-guayaba/p,https://unimarc.vtexassets.com/arquivos/ids/196348/000000000562867001-UN-01.jpg?v=637270037560770000,Jugos,Jugos frescos,https://www.unimarc.cl/category/bebidas-y-licores/jugos/jugos-frescos,https://www.unimarc.cl/_next/data/0ucQ92dO_m9T9joH0FjVV/category/bebidas-y-licores/jugos/jugos-frescos.json?categories=bebidas-y-licores&categories=jugos&categories=jugos-frescos,2026-02-18T12:43:59
7573,Néctar fresco Watt's selección mango maracuyá 1 L,Watts,1 un,litro,3590,3590,,False,,$3.590 x litro,$3.590 x litro,https://www.unimarc.cl/nectar-watts-seleccion-1-lt-maracuya/p,https://unimarc.vtexassets.com/arquivos/ids/196349/000000000562867004-UN-01.jpg?v=637270038449530000,Jugos,Jugos frescos,https://www.unimarc.cl/category/bebidas-y-licores/jugos/jugos-frescos,https://www.unimarc.cl/_next/data/0ucQ92dO_m9T9joH0FjVV/category/bebidas-y-licores/jugos/jugos-frescos.json?categories=bebidas-y-licores&categories=jugos&categories=jugos-frescos,2026-02-18T12:43:59
8220,Néctar fresco Watt's selección mango maracuyá tetra 1.6 L,Watts,1 un,litro,5590,5590,,False,,$3.494 x litro,$3.494 x litro,https://www.unimarc.cl/nectar-selec-watts-1-75l-mango-maracuya/p,https://unimarc.vtexassets.com/arquivos/ids/248767/000000000630934002-UN-01.jpg.jpg?v=638830086261700000,Jugos,Jugos frescos,https://www.unimarc.cl/category/bebidas-y-licores/jugos/jugos-frescos,https://www.unimarc.cl/_next/data/0ucQ92dO_m9T9joH0FjVV/category/bebidas-y-licores/jugos/jugos-frescos.json?categories=bebidas-y-licores&categories=jugos&categories=jugos-frescos,2026-02-18T12:43:59
8219,Néctar fresco Watt's selección frambuesa tetra 1.6 L,Watts,1 un,litro,5590,5590,,False,,$3.494 x litro,$3.494 x litro,https://www.unimarc.cl/nectar-selec-watts-1-75l-frambuesa/p,https://unimarc.vtexassets.com/arquivos/ids/248766/000000000630934001-UN-01.jpg.jpg?v=638830082727970000,Jugos,Jugos frescos,https://www.unimarc.cl/category/bebidas-y-licores/jugos/jugos-frescos,https://www.unimarc.cl/_next/data/0ucQ92dO_m9T9joH0FjVV/category/bebidas-y-licores/jugos/jugos-frescos.json?categories=bebidas-y-licores&categories=jugos&categories=jugos-frescos,2026-02-18T12:43:59
12559,Jugo fresco Watt's arándano 1 L,Watts,1 un,litro,6790,6790,,False,,$6.790 x litro,$6.790 x litro,https://www.unimarc.cl/jugo-fresco-arandano-watts-1-lt/p,https://unimarc.vtexassets.com/arquivos/ids/196347/000000000000537364-UN-01.jpg?v=637270036708600000,Jugos,Jugos frescos,https://www.unimarc.cl/category/bebidas-y-licores/jugos/jugos-frescos,https://www.unimarc.cl/_next/data/0ucQ92dO_m9T9joH0FjVV/category/bebidas-y-licores/jugos/jugos-frescos.json?categories=bebidas-y-licores&categories=jugos&categories=jugos-frescos,2026-02-18T12:43:59
32916,Jugo fresco Frugo maracuyá 1.75 L,Frugo,1 un,litro,2590,2590,,False,,$1.480 x litro,$1.480 x litro,https://www.unimarc.cl/jugo-frugo-1-75-l-maracuya/p,https://unimarc.vtexassets.com/arquivos/ids/207161/000000000633215006-UN-01.jpg?v=637474323431230000,Jugos,Jugos frescos,https://www.unimarc.cl/category/bebidas-y-licores/jugos/jugos-frescos,https://www.unimarc.cl/_next/data/0ucQ92dO_m9T9joH0FjVV/category/bebidas-y-licores/jugos/jugos-frescos.json?categories=bebidas-y-licores&categories=jugos&categories=jugos-frescos,2026-02-18T12:43:59
64388,Jugo Sofruco mandarina 1 L,Sofruco,1 un,litro,5290,5290,,False,,$5.290 x litro,$5.290 x litro,https://www.unimarc.cl/jugo-sofruco-1-lt-mandarina/p,https://unimarc.vtexassets.com/arquivos/ids/198251/000000000562834004-UN-01.jpg?v=637291269198000000,Jugos,Jugos frescos,https://www.unimarc.cl/category/bebidas-y-licores/jugos/jugos-frescos,https://www.unimarc.cl/_next/data/0ucQ92dO_m9T9joH0FjVV/category/bebidas-y-licores/jugos/jugos-frescos.json?categories=bebidas-y-licores&categories=jugos&categories=jugos-frescos,2026-02-18T12:43:59
81047,Néctar fresco Watt's selección papaya tetra 1.6 L,Watts,1 un,litro,5590,5590,,False,,$3.494 x litro,$3.494 x litro,https://www.unimarc.cl/nectar-selec-watts-1-75lt-papaya/p,https://unimarc.vtexassets.com/arquivos/ids/248769/000000000630934003-UN-01.jpg.jpg?v=638830088784870000,Jugos,Jugos frescos,https://www.unimarc.cl/category/bebidas-y-licores/jugos/jugos-frescos,https://www.unimarc.cl/_next/data/0ucQ92dO_m9T9joH0FjVV/category/bebidas-y-licores/jugos/jugos-frescos.json?categories=bebidas-y-licores&categories=jugos&categories=jugos-frescos,2026-02-18T12:43:59
57096,Jugo Bless arándano-frambuesa-frutilla y manzana 1 L,Bless,1 un,litro,5690,5690,,False,,$5.690 x litro,$5.690 x litro,https://www.unimarc.cl/jugo-bless-1lt-arand-frut-framb-mzna/p,https://unimarc.vtexassets.com/arquivos/ids/181881/637324003.jpg?v=636808451310730000,Jugos,Jugos frescos,https://www.unimarc.cl/category/bebidas-y-licores/jugos/jugos-frescos,https://www.unimarc.cl/_next/data/0ucQ92dO_m9T9joH0FjVV/category/bebidas-y-licores/jugos/jugos-frescos.json?categories=bebidas-y-licores&categories=jugos&categories=jugos-frescos,2026-02-18T12:43:59
1759,Néctar Watt's durazno boca ancha 1.5 L,Watts,1 un,litro,1690,1990,1690,True,Ahorras $300,$1.127 x litro,$1.327 x litro,https://www.unimarc.cl/nectar-watt-s-durazno-boca-ancha-1-5l/p,https://unimarc.vtexassets.com/arquivos/ids/238545/000000000400563003-UN-01.jpg?v=638484510127000000,Jugos,Jugos y néctares,https://www.unimarc.cl/category/bebidas-y-licores/jugos/jugos-y-nectares,https://www.unimarc.cl/_next/data/0ucQ92dO_m9T9joH0FjVV/category/bebidas-y-licores/jugos/jugos-y-nectares.json?categories=bebidas-y-licores&categories=jugos&categories=jugos-y-nectares,2026-02-18T12:44:07
1764,Néctar Watt's light naranja boca ancha 1.5 L,Watts,1 un,litro,1690,1990,1690,True,Ahorras $300,$1.127 x litro,$1.327 x litro,https://www.unimarc.cl/nectar-watt-s-light-naranja-boca-ancha-1-5-l/p,https://unimarc.vtexassets.com/arquivos/ids/238553/000000000400587003-UN-01.jpg?v=638484510158870000,Jugos,Jugos y néctares,https://www.unimarc.cl/category/bebidas-y-licores/jugos/jugos-y-nectares,https://www.unimarc.cl/_next/data/0ucQ92dO_m9T9joH0FjVV/category/bebidas-y-licores/jugos/jugos-y-nectares.json?categories=bebidas-y-licores&categories=jugos&categories=jugos-y-nectares,2026-02-18T12:44:07
1761,Néctar Watt's piña boca ancha 1.5 L,Watts,1 un,litro,1690,1990,1690,True,Ahorras $300,$1.127 x litro,$1.327 x litro,https://www.unimarc.cl/nectar-watt-s-pina-boca-ancha-1-5l/p,https://unimarc.vtexassets.com/arquivos/ids/238549/000000000400563005-UN-01.jpg?v=638484510142500000,Jugos,Jugos y néctares,https://www.unimarc.cl/category/bebidas-y-licores/jugos/jugos-y-nectares,https://www.unimarc.cl/_next/data/0ucQ92dO_m9T9joH0FjVV/category/bebidas-y-licores/jugos/jugos-y-nectares.json?categories=bebidas-y-licores&categories=jugos&categories=jugos-y-nectares,2026-02-18T12:44:07
564,Néctar Watt's tutti frutilla boca ancha 1.5 L,Watts,1 un,litro,1690,1990,1690,True,Ahorras $300,$1.127 x litro,$1.327 x litro,https://www.unimarc.cl/nectar-watt-s-tutti-frutilla-boca-ancha-1-5l/p,https://unimarc.vtexassets.com/arquivos/ids/238529/000000000000147806-UN-01.jpg?v=638484510046500000,Jugos,Jugos y néctares,https://www.unimarc.cl/category/bebidas-y-licores/jugos/jugos-y-nectares,https://www.unimarc.cl/_next/data/0ucQ92dO_m9T9joH0FjVV/category/bebidas-y-licores/jugos/jugos-y-nectares.json?categories=bebidas-y-licores&categories=jugos&categories=jugos-y-nectares,2026-02-18T12:44:07
14289,Néctar Watt's light piña 1.5 L,Watts,1 un,litro,1690,1990,1690,True,Ahorras $300,$1.127 x litro,$1.327 x litro,https://www.unimarc.cl/nectar-watts-light-pet-1-5l-pina/p,https://unimarc.vtexassets.com/arquivos/ids/238555/000000000400587004-UN-01.jpg?v=638484510166930000,Jugos,Jugos y néctares,https://www.unimarc.cl/category/bebidas-y-licores/jugos/jugos-y-nectares,https://www.unimarc.cl/_next/data/0ucQ92dO_m9T9joH0FjVV/category/bebidas-y-licores/jugos/jugos-y-nectares.json?categories=bebidas-y-licores&categories=jugos&categories=jugos-y-nectares,2026-02-18T12:44:07
1763,Néctar Watt's light durazno boca ancha 1.5 L,Watts,1 un,litro,1690,1990,1690,True,Ahorras $300,$1.127 x litro,$1.327 x litro,https://www.unimarc.cl/nectar-watt-s-light-durazno-boca-ancha-1-5l/p,https://unimarc.vtexassets.com/arquivos/ids/238551/000000000400587001-UN-01.jpg?v=638484510150470000,Jugos,Jugos y néctares,https://www.unimarc.cl/category/bebidas-y-licores/jugos/jugos-y-nectares,https://www.unimarc.cl/_next/data/0ucQ92dO_m9T9joH0FjVV/category/bebidas-y-licores/jugos/jugos-y-nectares.json?categories=bebidas-y-licores&categories=jugos&categories=jugos-y-nectares,2026-02-18T12:44:07
7325,Néctar Watt's naranja boca ancha 1.5 L,Watts,1 un,litro,1690,1990,1690,True,Ahorras $300,$1.127 x litro,$1.327 x litro,https://www.unimarc.cl/nectar-watts-pet-1-5l-naranja/p,https://unimarc.vtexassets.com/arquivos/ids/238543/000000000400563002-UN-01.jpg?v=638484510111670000,Jugos,Jugos y néctares,https://www.unimarc.cl/category/bebidas-y-licores/jugos/jugos-y-nectares,https://www.unimarc.cl/_next/data/0ucQ92dO_m9T9joH0FjVV/category/bebidas-y-licores/jugos/jugos-y-nectares.json?categories=bebidas-y-licores&categories=jugos&categories=jugos-y-nectares,2026-02-18T12:44:07
4661,Néctar Watt's tutti arándano botella 1.5 L,Watts,1 un,litro,1690,1990,1690,True,Ahorras $300,$1.127 x litro,$1.327 x litro,https://www.unimarc.cl/nectar-tuttiarandano-pet-watts-1-5-lt/p,https://unimarc.vtexassets.com/arquivos/ids/238536/000000000000204649-UN-01.jpg?v=638484510076600000,Jugos,Jugos y néctares,https://www.unimarc.cl/category/bebidas-y-licores/jugos/jugos-y-nectares,https://www.unimarc.cl/_next/data/0ucQ92dO_m9T9joH0FjVV/category/bebidas-y-licores/jugos/jugos-y-nectares.json?categories=bebidas-y-licores&categories=jugos&categories=jugos-y-nectares,2026-02-18T12:44:07
646,Néctar Watt's light tutti frutilla botella 1.5 L,Watts,1 un,litro,1690,1990,1690,True,Ahorras $300,$1.127 x litro,$1.327 x litro,https://www.unimarc.cl/nectar-watt-s-light-tutti-frutilla-botella-1-5l/p,https://unimarc.vtexassets.com/arquivos/ids/238533/000000000000174000-UN-01.jpg?v=638484510063830000,Jugos,Jugos y néctares,https://www.unimarc.cl/category/bebidas-y-licores/jugos/jugos-y-nectares,https://www.unimarc.cl/_next/data/0ucQ92dO_m9T9joH0FjVV/category/bebidas-y-licores/jugos/jugos-y-nectares.json?categories=bebidas-y-licores&categories=jugos&categories=jugos-y-nectares,2026-02-18T12:44:07
91784,Néctar Watt's naranja manzana botella 1.5 L,Watts,1 un,litro,1690,1990,1690,True,Ahorras $300,$1.127 x litro,$1.327 x litro,https://www.unimarc.cl/nectar-naranja-manzana-watts-pet-1-5lt/p,https://unimarc.vtexassets.com/arquivos/ids/249905/000000000000681356-UN-01.jpg?v=638865457996770000,Jugos,Jugos y néctares,https://www.unimarc.cl/category/bebidas-y-licores/jugos/jugos-y-nectares,https://www.unimarc.cl/_next/data/0ucQ92dO_m9T9joH0FjVV/category/bebidas-y-licores/jugos/jugos-y-nectares.json?categories=bebidas-y-licores&categories=jugos&categories=jugos-y-nectares,2026-02-18T12:44:07
73252,Néctar Andina naranja 1.75 L,Andina,1 un,litro,1990,1990,,False,,$1.137 x litro,$1.137 x litro,https://www.unimarc.cl/nectar-andina-pet-1-75lt-naranja/p,https://unimarc.vtexassets.com/arquivos/ids/232820/000000000647864001-UN-01.jpg?v=638176163023230000,Jugos,Jugos y néctares,https://www.unimarc.cl/category/bebidas-y-licores/jugos/jugos-y-nectares,https://www.unimarc.cl/_next/data/0ucQ92dO_m9T9joH0FjVV/category/bebidas-y-licores/jugos/jugos-y-nectares.json?categories=bebidas-y-licores&categories=jugos&categories=jugos-y-nectares,2026-02-18T12:44:07
73254,Néctar Andina piña 1.75 L,Andina,1 un,litro,1990,1990,,False,,$1.137 x litro,$1.137 x litro,https://www.unimarc.cl/nectar-andina-pet-1-75lt-pina/p,https://unimarc.vtexassets.com/arquivos/ids/232822/000000000647864003-UN-01.jpg?v=638176165320800000,Jugos,Jugos y néctares,https://www.unimarc.cl/category/bebidas-y-licores/jugos/jugos-y-nectares,https://www.unimarc.cl/_next/data/0ucQ92dO_m9T9joH0FjVV/category/bebidas-y-licores/jugos/jugos-y-nectares.json?categories=bebidas-y-licores&categories=jugos&categories=jugos-y-nectares,2026-02-18T12:44:07
73253,Néctar Andina durazno 1.75 L,Andina,1 un,litro,1990,1990,,False,,$1.137 x litro,$1.137 x litro,https://www.unimarc.cl/nectar-andina-pet-1-75lt-durazno/p,https://unimarc.vtexassets.com/arquivos/ids/232821/000000000647864002-UN-01.jpg?v=638176164595600000,Jugos,Jugos y néctares,https://www.unimarc.cl/category/bebidas-y-licores/jugos/jugos-y-nectares,https://www.unimarc.cl/_next/data/0ucQ92dO_m9T9joH0FjVV/category/bebidas-y-licores/jugos/jugos-y-nectares.json?categories=bebidas-y-licores&categories=jugos&categories=jugos-y-nectares,2026-02-18T12:44:07
74297,Jugo en polvo Sprim papaya rinde 1 L,Sprim,1 un,litro,320,320,,False,,$320 x litro,$320 x litro,https://www.unimarc.cl/bebida-polvo-sprim-r-1lt-papaya-2/p,https://unimarc.vtexassets.com/arquivos/ids/247287/000000000645975011-UN-01.jpg.jpg?v=638768048543900000,Jugos,Jugos y néctares,https://www.unimarc.cl/category/bebidas-y-licores/jugos/jugos-y-nectares,https://www.unimarc.cl/_next/data/0ucQ92dO_m9T9joH0FjVV/category/bebidas-y-licores/jugos/jugos-y-nectares.json?categories=bebidas-y-licores&categories=jugos&categories=jugos-y-nectares,2026-02-18T12:44:07
80013,Néctar Del Valle durazno light botella 1.75 L,Del Valle,1 un,litro,1990,1990,,False,,$1.137 x litro,$1.137 x litro,https://www.unimarc.cl/nectar-del-valle-light-1-75-lt-durazno/p,https://unimarc.vtexassets.com/arquivos/ids/232826/000000000652690002-UN-01.jpg?v=638176168595030000,Jugos,Jugos y néctares,https://www.unimarc.cl/category/bebidas-y-licores/jugos/jugos-y-nectares,https://www.unimarc.cl/_next/data/0ucQ92dO_m9T9joH0FjVV/category/bebidas-y-licores/jugos/jugos-y-nectares.json?categories=bebidas-y-licores&categories=jugos&categories=jugos-y-nectares,2026-02-18T12:44:07
90575,Néctar del Valle sabor durazno lata 340 ml,Andina,1 un,litro,1090,1090,,False,,$3.206 x litro,$3.206 x litro,https://www.unimarc.cl/nectar-frut-vit-del-valle-340-m-durazno/p,https://unimarc.vtexassets.com/arquivos/ids/256132/000000000674134001-UN-01.jpg?v=639065922761730000,Jugos,Jugos y néctares,https://www.unimarc.cl/category/bebidas-y-licores/jugos/jugos-y-nectares,https://www.unimarc.cl/_next/data/0ucQ92dO_m9T9joH0FjVV/category/bebidas-y-licores/jugos/jugos-y-nectares.json?categories=bebidas-y-licores&categories=jugos&categories=jugos-y-nectares,2026-02-18T12:44:07
80022,Néctar Del Valle naranja light botella 1.75 L,Del Valle,1 un,litro,1990,1990,,False,,$1.137 x litro,$1.137 x litro,https://www.unimarc.cl/nectar-del-valle-light-1-75-lt-naranja/p,https://unimarc.vtexassets.com/arquivos/ids/232825/000000000652690001-UN-01.jpg?v=638176167968070000,Jugos,Jugos y néctares,https://www.unimarc.cl/category/bebidas-y-licores/jugos/jugos-y-nectares,https://www.unimarc.cl/_next/data/0ucQ92dO_m9T9joH0FjVV/category/bebidas-y-licores/jugos/jugos-y-nectares.json?categories=bebidas-y-licores&categories=jugos&categories=jugos-y-nectares,2026-02-18T12:44:07
90576,Néctar del Valle sabor manzana lata 340 ml,Andina,1 un,litro,1090,1090,,False,,$3.206 x litro,$3.206 x litro,https://www.unimarc.cl/nectar-frut-vit-del-valle-340-m-manzana/p,https://unimarc.vtexassets.com/arquivos/ids/256133/000000000674134002-UN-01.jpg?v=639065923421300000,Jugos,Jugos y néctares,https://www.unimarc.cl/category/bebidas-y-licores/jugos/jugos-y-nectares,https://www.unimarc.cl/_next/data/0ucQ92dO_m9T9joH0FjVV/category/bebidas-y-licores/jugos/jugos-y-nectares.json?categories=bebidas-y-licores&categories=jugos&categories=jugos-y-nectares,2026-02-18T12:44:07
93947,Néctar del Valle sabor pera lata 340 ml,Del Valle,1 un,litro,1290,1290,,False,,$3.794 x litro,$3.794 x litro,https://www.unimarc.cl/nectar-del-valle-340-ml-lata-pera/p,https://unimarc.vtexassets.com/arquivos/ids/256134/000000000688277001-UN-01.jpg?v=639065923743330000,Jugos,Jugos y néctares,https://www.unimarc.cl/category/bebidas-y-licores/jugos/jugos-y-nectares,https://www.unimarc.cl/_next/data/0ucQ92dO_m9T9joH0FjVV/category/bebidas-y-licores/jugos/jugos-y-nectares.json?categories=bebidas-y-licores&categories=jugos&categories=jugos-y-nectares,2026-02-18T12:44:07
14656,Néctar Watt's selección mango maracuya 1 L,Watts,1 un,litro,2440,2990,2440,True,Ahorras $550,$2.440 x litro,$2.990 x litro,https://www.unimarc.cl/nectar-mango-maracuya-watts-selec-1-lt/p,https://unimarc.vtexassets.com/arquivos/ids/245029/000000000000603167-UN-01.jpg?v=638663263700430000,Jugos,Jugos y néctares,https://www.unimarc.cl/category/bebidas-y-licores/jugos/jugos-y-nectares,https://www.unimarc.cl/_next/data/0ucQ92dO_m9T9joH0FjVV/category/bebidas-y-licores/jugos/jugos-y-nectares.json?categories=bebidas-y-licores&categories=jugos&categories=jugos-y-nectares,2026-02-18T12:44:07
71387,Jugo Guallarauco naranja 0% azúcar añadida botella 1 L,Guallarauco,1 un,litro,3000,3590,3000,True,Ahorras $590,$3.000 x litro,$3.590 x litro,https://www.unimarc.cl/jugo-guallarauco-1lt-naranja/p,https://unimarc.vtexassets.com/arquivos/ids/252482/000000000646655001-UN-01.jpg?v=638973464309430000,Jugos,Jugos y néctares,https://www.unimarc.cl/category/bebidas-y-licores/jugos/jugos-y-nectares,https://www.unimarc.cl/_next/data/0ucQ92dO_m9T9joH0FjVV/category/bebidas-y-licores/jugos/jugos-y-nectares.json?categories=bebidas-y-licores&categories=jugos&categories=jugos-y-nectares,2026-02-18T12:44:07
5727,Néctar Watt's selección naranja valencia 1 L,Watts,1 un,litro,2440,2990,2440,True,Ahorras $550,$2.440 x litro,$2.990 x litro,https://www.unimarc.cl/nectar-naranja-valencia-watts-selec-1lt/p,https://unimarc.vtexassets.com/arquivos/ids/245027/000000000000603165-UN-01.jpg?v=638663253660630000,Jugos,Jugos y néctares,https://www.unimarc.cl/category/bebidas-y-licores/jugos/jugos-y-nectares,https://www.unimarc.cl/_next/data/0ucQ92dO_m9T9joH0FjVV/category/bebidas-y-licores/jugos/jugos-y-nectares.json?categories=bebidas-y-licores&categories=jugos&categories=jugos-y-nectares,2026-02-18T12:44:07
92301,Jugo de naranja Quillayes natural one 1.3 L,Quillayes,1 un,litro,5750,6590,5750,True,Ahorras $840,$4.423 x litro,$5.069 x litro,https://www.unimarc.cl/jugo-natural-one-naranja-quillayes-1-3lt/p,https://unimarc.vtexassets.com/arquivos/ids/251432/000000000000684135-UN-01.jpg?v=638936477305230000,Jugos,Jugos y néctares,https://www.unimarc.cl/category/bebidas-y-licores/jugos/jugos-y-nectares,https://www.unimarc.cl/_next/data/0ucQ92dO_m9T9joH0FjVV/category/bebidas-y-licores/jugos/jugos-y-nectares.json?categories=bebidas-y-licores&categories=jugos&categories=jugos-y-nectares,2026-02-18T12:44:07
14655,Néctar Watt's selección piña guayaba 1 L,Watts,1 un,litro,2440,2990,2440,True,Ahorras $550,$2.440 x litro,$2.990 x litro,https://www.unimarc.cl/nectar-pina-guayaba-watts-selec-1-lt/p,https://unimarc.vtexassets.com/arquivos/ids/245028/000000000000603166-UN-01.jpg?v=638663263317130000,Jugos,Jugos y néctares,https://www.unimarc.cl/category/bebidas-y-licores/jugos/jugos-y-nectares,https://www.unimarc.cl/_next/data/0ucQ92dO_m9T9joH0FjVV/category/bebidas-y-licores/jugos/jugos-y-nectares.json?categories=bebidas-y-licores&categories=jugos&categories=jugos-y-nectares,2026-02-18T12:44:07
96020,Néctar Watt's light mango boca ancha 1.5 L,Watts,1 un,litro,1690,1990,1690,True,Ahorras $300,$1.127 x litro,$1.327 x litro,https://www.unimarc.cl/nectar-watts-light-pet-1-5l-mango/p,https://unimarc.vtexassets.com/arquivos/ids/254438/000000000400587007-UN-01.jpg?v=639017410502800000,Jugos,Jugos y néctares,https://www.unimarc.cl/category/bebidas-y-licores/jugos/jugos-y-nectares,https://www.unimarc.cl/_next/data/0ucQ92dO_m9T9joH0FjVV/category/bebidas-y-licores/jugos/jugos-y-nectares.json?categories=bebidas-y-licores&categories=jugos&categories=jugos-y-nectares,2026-02-18T12:44:07
71389,Néctar Guallarauco mango 0% azúcar añadida 1 L,Guallarauco,1 un,litro,3000,3590,3000,True,Ahorras $590,$3.000 x litro,$3.590 x litro,https://www.unimarc.cl/nectar-guallarauco-1lt-mango-2/p,https://unimarc.vtexassets.com/arquivos/ids/252484/000000000646656001-UN-01.jpg?v=638973465691700000,Jugos,Jugos y néctares,https://www.unimarc.cl/category/bebidas-y-licores/jugos/jugos-y-nectares,https://www.unimarc.cl/_next/data/0ucQ92dO_m9T9joH0FjVV/category/bebidas-y-licores/jugos/jugos-y-nectares.json?categories=bebidas-y-licores&categories=jugos&categories=jugos-y-nectares,2026-02-18T12:44:07
77323,Jugo Quillayes natural one pink lemonade 900 ml,Quillayes,1 un,litro,3720,4150,3720,True,Ahorras $430,$4.133 x litro,$4.611 x litro,https://www.unimarc.cl/jugo-nat-one-quillayes-pink-lemon-900ml/p,https://unimarc.vtexassets.com/arquivos/ids/217419/000000000000646210-UN-01.jpg?v=637614517312330000,Jugos,Jugos y néctares,https://www.unimarc.cl/category/bebidas-y-licores/jugos/jugos-y-nectares,https://www.unimarc.cl/_next/data/0ucQ92dO_m9T9joH0FjVV/category/bebidas-y-licores/jugos/jugos-y-nectares.json?categories=bebidas-y-licores&categories=jugos&categories=jugos-y-nectares,2026-02-18T12:44:07
1800,Néctar del Valle naranja botella 1.5 L,Andina,1 un,litro,1790,1790,,False,,$1.193 x litro,$1.193 x litro,https://www.unimarc.cl/nectar-andina-naranja-bot-no-retorn-1-5-l/p,https://unimarc.vtexassets.com/arquivos/ids/234145/000000000402140003-UN-01.jpg?v=638228047636800000,Jugos,Jugos y néctares,https://www.unimarc.cl/category/bebidas-y-licores/jugos/jugos-y-nectares,https://www.unimarc.cl/_next/data/0ucQ92dO_m9T9joH0FjVV/category/bebidas-y-licores/jugos/jugos-y-nectares.json?categories=bebidas-y-licores&categories=jugos&categories=jugos-y-nectares,2026-02-18T12:44:07
1798,Néctar del Valle naranja 0% azúcar añadida botella 1.5 L,Andina,1 un,litro,1790,1790,,False,,$1.193 x litro,$1.193 x litro,https://www.unimarc.cl/nectar-andina-light-naranja-no-retorn-1-5-l/p,https://unimarc.vtexassets.com/arquivos/ids/234143/000000000402140001-UN-01.jpg?v=638228045906300000,Jugos,Jugos y néctares,https://www.unimarc.cl/category/bebidas-y-licores/jugos/jugos-y-nectares,https://www.unimarc.cl/_next/data/0ucQ92dO_m9T9joH0FjVV/category/bebidas-y-licores/jugos/jugos-y-nectares.json?categories=bebidas-y-licores&categories=jugos&categories=jugos-y-nectares,2026-02-18T12:44:07
7295,Néctar Soprole naranja 1 L,Soprole,1 un,litro,970,970,,False,,$970 x litro,$970 x litro,https://www.unimarc.cl/nectar-soprole-1-lt-naranja/p,https://unimarc.vtexassets.com/arquivos/ids/189534/frontal-26348.jpg?v=637088286421000000,Jugos,Jugos y néctares,https://www.unimarc.cl/category/bebidas-y-licores/jugos/jugos-y-nectares,https://www.unimarc.cl/_next/data/0ucQ92dO_m9T9joH0FjVV/category/bebidas-y-licores/jugos/jugos-y-nectares.json?categories=bebidas-y-licores&categories=jugos&categories=jugos-y-nectares,2026-02-18T12:44:07
7293,Néctar Soprole piña 1 L,Soprole,1 un,litro,970,970,,False,,$970 x litro,$970 x litro,https://www.unimarc.cl/nectar-soprole-1-lt-pina/p,https://unimarc.vtexassets.com/arquivos/ids/189532/frontal-26346.jpg?v=637088277514970000,Jugos,Jugos y néctares,https://www.unimarc.cl/category/bebidas-y-licores/jugos/jugos-y-nectares,https://www.unimarc.cl/_next/data/0ucQ92dO_m9T9joH0FjVV/category/bebidas-y-licores/jugos/jugos-y-nectares.json?categories=bebidas-y-licores&categories=jugos&categories=jugos-y-nectares,2026-02-18T12:44:07
1797,Néctar del Valle durazno botella 1.5 L,Andina,1 un,litro,1790,1790,,False,,$1.193 x litro,$1.193 x litro,https://www.unimarc.cl/nectar-andina-durazno-bot-no-retorn-1-5-l/p,https://unimarc.vtexassets.com/arquivos/ids/234142/000000000402139004-UN-01.jpg?v=638228045084670000,Jugos,Jugos y néctares,https://www.unimarc.cl/category/bebidas-y-licores/jugos/jugos-y-nectares,https://www.unimarc.cl/_next/data/0ucQ92dO_m9T9joH0FjVV/category/bebidas-y-licores/jugos/jugos-y-nectares.json?categories=bebidas-y-licores&categories=jugos&categories=jugos-y-nectares,2026-02-18T12:44:07
7488,Néctar del Valle durazno 0% azúcar añadida botella 1.5 L,Andina,1 un,litro,1790,1790,,False,,$1.193 x litro,$1.193 x litro,https://www.unimarc.cl/nectar-andina-pet-light-1-5-lt-durazno/p,https://unimarc.vtexassets.com/arquivos/ids/234138/000000000402130001-UN-01.jpg?v=638228029317870000,Jugos,Jugos y néctares,https://www.unimarc.cl/category/bebidas-y-licores/jugos/jugos-y-nectares,https://www.unimarc.cl/_next/data/0ucQ92dO_m9T9joH0FjVV/category/bebidas-y-licores/jugos/jugos-y-nectares.json?categories=bebidas-y-licores&categories=jugos&categories=jugos-y-nectares,2026-02-18T12:44:07
39712,Néctar Vivo piña 1 L,Vivo,1 un,litro,1390,1390,,False,,$1.390 x litro,$1.390 x litro,https://www.unimarc.cl/nectar-vivo-pina-1-lt/p,https://unimarc.vtexassets.com/arquivos/ids/191147/000000000000984105-UN-01.jpg?v=638351414730200000,Jugos,Jugos y néctares,https://www.unimarc.cl/category/bebidas-y-licores/jugos/jugos-y-nectares,https://www.unimarc.cl/_next/data/0ucQ92dO_m9T9joH0FjVV/category/bebidas-y-licores/jugos/jugos-y-nectares.json?categories=bebidas-y-licores&categories=jugos&categories=jugos-y-nectares,2026-02-18T12:44:07
1801,Néctar del Valle piña botella 1.5 L,Andina,1 un,litro,1790,1790,,False,,$1.193 x litro,$1.193 x litro,https://www.unimarc.cl/nectar-andina-pina-no-retorn-1-5-l/p,https://unimarc.vtexassets.com/arquivos/ids/235077/000000000402140004-UN-01.jpg?v=638266665080270000,Jugos,Jugos y néctares,https://www.unimarc.cl/category/bebidas-y-licores/jugos/jugos-y-nectares,https://www.unimarc.cl/_next/data/0ucQ92dO_m9T9joH0FjVV/category/bebidas-y-licores/jugos/jugos-y-nectares.json?categories=bebidas-y-licores&categories=jugos&categories=jugos-y-nectares,2026-02-18T12:44:07
36207,Néctar Vivo manzana 1 L,Vivo,1 un,litro,1390,1390,,False,,$1.390 x litro,$1.390 x litro,https://www.unimarc.cl/nectar-vivo-manzana-1-lt/p,https://unimarc.vtexassets.com/arquivos/ids/236472/000000000000609017-UN-01.jpg?v=638351523178600000,Jugos,Jugos y néctares,https://www.unimarc.cl/category/bebidas-y-licores/jugos/jugos-y-nectares,https://www.unimarc.cl/_next/data/0ucQ92dO_m9T9joH0FjVV/category/bebidas-y-licores/jugos/jugos-y-nectares.json?categories=bebidas-y-licores&categories=jugos&categories=jugos-y-nectares,2026-02-18T12:44:07
1779,Néctar Livean manzana 0% Azúcar botella 1.5 L,Livean,1 un,litro,2450,2450,,False,,$1.633 x litro,$1.633 x litro,https://www.unimarc.cl/nectar-livean-manzana-0-azucar-botella-1-5-l/p,https://unimarc.vtexassets.com/arquivos/ids/234448/000000000401707004-UN-01.jpg?v=638247695638870000,Jugos,Jugos y néctares,https://www.unimarc.cl/category/bebidas-y-licores/jugos/jugos-y-nectares,https://www.unimarc.cl/_next/data/0ucQ92dO_m9T9joH0FjVV/category/bebidas-y-licores/jugos/jugos-y-nectares.json?categories=bebidas-y-licores&categories=jugos&categories=jugos-y-nectares,2026-02-18T12:44:07
1778,Néctar Livean arándano 0% Azúcar botella 1.5 L,Livean,1 un,litro,2450,2450,,False,,$1.633 x litro,$1.633 x litro,https://www.unimarc.cl/nectar-livean-arandano-0-azucar-botella-1-5-l/p,https://unimarc.vtexassets.com/arquivos/ids/234451/000000000401707002-UN-01.jpg?v=638247697491870000,Jugos,Jugos y néctares,https://www.unimarc.cl/category/bebidas-y-licores/jugos/jugos-y-nectares,https://www.unimarc.cl/_next/data/0ucQ92dO_m9T9joH0FjVV/category/bebidas-y-licores/jugos/jugos-y-nectares.json?categories=bebidas-y-licores&categories=jugos&categories=jugos-y-nectares,2026-02-18T12:44:07
1799,Néctar del Valle manzana botella 1.5 L,Andina,1 un,litro,1790,1790,,False,,$1.193 x litro,$1.193 x litro,https://www.unimarc.cl/nectar-andina-manzana-botella-no-retorn-1-5-l/p,https://unimarc.vtexassets.com/arquivos/ids/234144/000000000402140002-UN-01.jpg?v=638228046745630000,Jugos,Jugos y néctares,https://www.unimarc.cl/category/bebidas-y-licores/jugos/jugos-y-nectares,https://www.unimarc.cl/_next/data/0ucQ92dO_m9T9joH0FjVV/category/bebidas-y-licores/jugos/jugos-y-nectares.json?categories=bebidas-y-licores&categories=jugos&categories=jugos-y-nectares,2026-02-18T12:44:07
77185,Jugo concentrado Berryvita cranberry 1 L,Berryvita,1 un,litro,15590,15590,,False,,$15.590 x litro,$15.590 x litro,https://www.unimarc.cl/jugo-conc-cranberry-azucar-berryvita-1lt/p,https://unimarc.vtexassets.com/arquivos/ids/221812/000000000000582698-UN-01.jpg?v=637732088742130000,Jugos,Jugos y néctares,https://www.unimarc.cl/category/bebidas-y-licores/jugos/jugos-y-nectares,https://www.unimarc.cl/_next/data/0ucQ92dO_m9T9joH0FjVV/category/bebidas-y-licores/jugos/jugos-y-nectares.json?categories=bebidas-y-licores&categories=jugos&categories=jugos-y-nectares,2026-02-18T12:44:07
93508,Jugo exprimido de naranja Selección Watts 1.5 L Jugo exprimido de naranja Selección Watts 1l,Watts,1 un,litro,6990,6990,,False,,$4.660 x litro,$4.660 x litro,https://www.unimarc.cl/jugo-exprimido-selec-naranja-watts-1/p,https://unimarc.vtexassets.com/arquivos/ids/254393/000000000000691109-UN-01.png?v=639016614201200000,Jugos,Jugos y néctares,https://www.unimarc.cl/category/bebidas-y-licores/jugos/jugos-y-nectares,https://www.unimarc.cl/_next/data/0ucQ92dO_m9T9joH0FjVV/category/bebidas-y-licores/jugos/jugos-y-nectares.json?categories=bebidas-y-licores&categories=jugos&categories=jugos-y-nectares,2026-02-18T12:44:07
85108,"Nectar del Valle Multifrutilla 1,5L",Del Valle,1 un,litro,1790,1790,,False,,$1.193 x litro,$1.193 x litro,https://www.unimarc.cl/nectar-del-valle-1-5-lt-multi-frutilla/p,https://unimarc.vtexassets.com/arquivos/ids/235709/000000000665690001-UN-01.jpg?v=638314267949430000,Jugos,Jugos y néctares,https://www.unimarc.cl/category/bebidas-y-licores/jugos/jugos-y-nectares,https://www.unimarc.cl/_next/data/0ucQ92dO_m9T9joH0FjVV/category/bebidas-y-licores/jugos/jugos-y-nectares.json?categories=bebidas-y-licores&categories=jugos&categories=jugos-y-nectares,2026-02-18T12:44:07
85653,Kombucha orgánico arándano lata 355 ml,Kombuchacha,1 un,litro,2290,2290,,False,,$6.451 x litro,$6.451 x litro,https://www.unimarc.cl/jugo-organico-kombucha-355cc-arandano/p,https://unimarc.vtexassets.com/arquivos/ids/239103/000000000666267001-UN-01.jpg?v=638502589907600000,Jugos,Jugos y néctares,https://www.unimarc.cl/category/bebidas-y-licores/jugos/jugos-y-nectares,https://www.unimarc.cl/_next/data/0ucQ92dO_m9T9joH0FjVV/category/bebidas-y-licores/jugos/jugos-y-nectares.json?categories=bebidas-y-licores&categories=jugos&categories=jugos-y-nectares,2026-02-18T12:44:07
1777,Néctar Livean naranja 0% Azúcar botella 1.5 L,Livean,1 un,litro,2450,2450,,False,,$1.633 x litro,$1.633 x litro,https://www.unimarc.cl/nectar-livean-naranja-0-azucar-botella-1-5-l/p,https://unimarc.vtexassets.com/arquivos/ids/234442/000000000401707001-UN-01.jpg?v=638247692097300000,Jugos,Jugos y néctares,https://www.unimarc.cl/category/bebidas-y-licores/jugos/jugos-y-nectares,https://www.unimarc.cl/_next/data/0ucQ92dO_m9T9joH0FjVV/category/bebidas-y-licores/jugos/jugos-y-nectares.json?categories=bebidas-y-licores&categories=jugos&categories=jugos-y-nectares,2026-02-18T12:44:07
39713,Néctar Vivo durazno 1 L,Vivo,1 un,litro,1390,1390,,False,,$1.390 x litro,$1.390 x litro,https://www.unimarc.cl/nectar-vivo-durazno-1-lt/p,https://unimarc.vtexassets.com/arquivos/ids/172633/000000000000984106-UN-01.jpg?v=638351414739600000,Jugos,Jugos y néctares,https://www.unimarc.cl/category/bebidas-y-licores/jugos/jugos-y-nectares,https://www.unimarc.cl/_next/data/0ucQ92dO_m9T9joH0FjVV/category/bebidas-y-licores/jugos/jugos-y-nectares.json?categories=bebidas-y-licores&categories=jugos&categories=jugos-y-nectares,2026-02-18T12:44:07
6679,Néctar Livean piña 0% azúcar botella 1.5 L,Livean,1 un,litro,2450,2450,,False,,$1.633 x litro,$1.633 x litro,https://www.unimarc.cl/nectar-pina-livean-1-5-lt/p,https://unimarc.vtexassets.com/arquivos/ids/234454/000000000000840024-UN-01.jpg?v=638247699232400000,Jugos,Jugos y néctares,https://www.unimarc.cl/category/bebidas-y-licores/jugos/jugos-y-nectares,https://www.unimarc.cl/_next/data/0ucQ92dO_m9T9joH0FjVV/category/bebidas-y-licores/jugos/jugos-y-nectares.json?categories=bebidas-y-licores&categories=jugos&categories=jugos-y-nectares,2026-02-18T12:44:07
7367,Néctar Livean durazno 0% azúcar botella 1.5 L,Livean,1 un,litro,2450,2450,,False,,$1.633 x litro,$1.633 x litro,https://www.unimarc.cl/nectar-livean-pet-1-5-lt-durazno/p,https://unimarc.vtexassets.com/arquivos/ids/234445/000000000401707005-UN-01.jpg?v=638247693783600000,Jugos,Jugos y néctares,https://www.unimarc.cl/category/bebidas-y-licores/jugos/jugos-y-nectares,https://www.unimarc.cl/_next/data/0ucQ92dO_m9T9joH0FjVV/category/bebidas-y-licores/jugos/jugos-y-nectares.json?categories=bebidas-y-licores&categories=jugos&categories=jugos-y-nectares,2026-02-18T12:44:07
13638,Jugo Afe manzana roja botella 1 L,Afe,1 un,litro,4390,4390,,False,,$4.390 x litro,$4.390 x litro,https://www.unimarc.cl/jugo-100-puro-afe-1-lt-manzana/p,https://unimarc.vtexassets.com/arquivos/ids/174957/000000000000011328-UN.png?v=636651831836500000,Jugos,Jugos y néctares,https://www.unimarc.cl/category/bebidas-y-licores/jugos/jugos-y-nectares,https://www.unimarc.cl/_next/data/0ucQ92dO_m9T9joH0FjVV/category/bebidas-y-licores/jugos/jugos-y-nectares.json?categories=bebidas-y-licores&categories=jugos&categories=jugos-y-nectares,2026-02-18T12:44:07
51447,Love Lemon limonada original 2 L,Love Lemon,1 un,litro,5450,5450,,False,,$2.725 x litro,$2.725 x litro,https://www.unimarc.cl/bebida-limonada-original-love-lemon-2-lt/p,https://unimarc.vtexassets.com/arquivos/ids/178792/000000000000631295-UN.jpg?v=636730363541970000,Jugos,Jugos y néctares,https://www.unimarc.cl/category/bebidas-y-licores/jugos/jugos-y-nectares,https://www.unimarc.cl/_next/data/0ucQ92dO_m9T9joH0FjVV/category/bebidas-y-licores/jugos/jugos-y-nectares.json?categories=bebidas-y-licores&categories=jugos&categories=jugos-y-nectares,2026-02-18T12:44:07
14363,Jugo orgánico Ama manzana 1 L,Ama,1 un,litro,6150,6150,,False,,$6.150 x litro,$6.150 x litro,https://www.unimarc.cl/jugo-organico-ama-1-lt-manzana/p,https://unimarc.vtexassets.com/arquivos/ids/222368/000000000616546001-UN-01.jpg?v=637752580040530000,Jugos,Jugos y néctares,https://www.unimarc.cl/category/bebidas-y-licores/jugos/jugos-y-nectares,https://www.unimarc.cl/_next/data/0ucQ92dO_m9T9joH0FjVV/category/bebidas-y-licores/jugos/jugos-y-nectares.json?categories=bebidas-y-licores&categories=jugos&categories=jugos-y-nectares,2026-02-18T12:44:07
83670,Limonada Love Lemon menta jengibre 2 L,Love Lemon,1 un,litro,5450,5450,,False,,$2.725 x litro,$2.725 x litro,https://www.unimarc.cl/beb-limonada-menta-jen-love-lemon-2-lt/p,https://unimarc.vtexassets.com/arquivos/ids/233052/000000000000663518-UN-01.jpg?v=638186556489970000,Jugos,Jugos y néctares,https://www.unimarc.cl/category/bebidas-y-licores/jugos/jugos-y-nectares,https://www.unimarc.cl/_next/data/0ucQ92dO_m9T9joH0FjVV/category/bebidas-y-licores/jugos/jugos-y-nectares.json?page=2&categories=bebidas-y-licores&categories=jugos&categories=jugos-y-nectares,2026-02-18T12:44:10
85654,Kombucha orgánica cedrón lata 355 ml,Kombuchacha,1 un,litro,2290,2290,,False,,$6.451 x litro,$6.451 x litro,https://www.unimarc.cl/jugo-organico-kombucha-355cc-cedron/p,https://unimarc.vtexassets.com/arquivos/ids/239104/000000000666267002-UN-01.jpg?v=638502590322500000,Jugos,Jugos y néctares,https://www.unimarc.cl/category/bebidas-y-licores/jugos/jugos-y-nectares,https://www.unimarc.cl/_next/data/0ucQ92dO_m9T9joH0FjVV/category/bebidas-y-licores/jugos/jugos-y-nectares.json?page=2&categories=bebidas-y-licores&categories=jugos&categories=jugos-y-nectares,2026-02-18T12:44:10
54380,Néctar Arizona cherry lima lata 695 ml,Arizona,1 un,litro,2450,2450,,False,,$3.769 x litro,$3.769 x litro,https://www.unimarc.cl/nectar-cherry-lima-arizona-lata-695cc/p,https://unimarc.vtexassets.com/arquivos/ids/227405/000000000000625043-UN-01.jpg?v=637908161917130000,Jugos,Jugos y néctares,https://www.unimarc.cl/category/bebidas-y-licores/jugos/jugos-y-nectares,https://www.unimarc.cl/_next/data/0ucQ92dO_m9T9joH0FjVV/category/bebidas-y-licores/jugos/jugos-y-nectares.json?page=2&categories=bebidas-y-licores&categories=jugos&categories=jugos-y-nectares,2026-02-18T12:44:10
11358,Bebida limonada pink Love Lemon 475 ml,Lovelemon,1 un,litro,2690,2690,,False,,$5.663 x litro,$5.663 x litro,https://www.unimarc.cl/bebida-limonada-pink-love-lemon-475cc/p,https://unimarc.vtexassets.com/arquivos/ids/178933/000000000000623655-UN.jpg?v=636734084858900000,Jugos,Jugos y néctares,https://www.unimarc.cl/category/bebidas-y-licores/jugos/jugos-y-nectares,https://www.unimarc.cl/_next/data/0ucQ92dO_m9T9joH0FjVV/category/bebidas-y-licores/jugos/jugos-y-nectares.json?page=2&categories=bebidas-y-licores&categories=jugos&categories=jugos-y-nectares,2026-02-18T12:44:10
10367,Jugo orgánico Ama manzana ciruela 1 L,Ama,1 un,litro,6150,6150,,False,,$6.150 x litro,$6.150 x litro,https://www.unimarc.cl/jugo-organico-manzana-ciruela-ama-1-lt/p,https://unimarc.vtexassets.com/arquivos/ids/222322/000000000000631861-UN-01.jpg?v=637751786501070000,Jugos,Jugos y néctares,https://www.unimarc.cl/category/bebidas-y-licores/jugos/jugos-y-nectares,https://www.unimarc.cl/_next/data/0ucQ92dO_m9T9joH0FjVV/category/bebidas-y-licores/jugos/jugos-y-nectares.json?page=2&categories=bebidas-y-licores&categories=jugos&categories=jugos-y-nectares,2026-02-18T12:44:10
13639,Jugo Afe pera botella 1 L,Afe,1 un,litro,4390,4390,,False,,$4.390 x litro,$4.390 x litro,https://www.unimarc.cl/jugo-100-puro-afe-1-lt-pera/p,https://unimarc.vtexassets.com/arquivos/ids/174956/000000000000011329-UN.jpg?v=636651831319100000,Jugos,Jugos y néctares,https://www.unimarc.cl/category/bebidas-y-licores/jugos/jugos-y-nectares,https://www.unimarc.cl/_next/data/0ucQ92dO_m9T9joH0FjVV/category/bebidas-y-licores/jugos/jugos-y-nectares.json?page=2&categories=bebidas-y-licores&categories=jugos&categories=jugos-y-nectares,2026-02-18T12:44:10
1817,Néctar Watt's selección frambuesa 1 L,Watts,1 un,litro,3590,3590,,False,,$3.590 x litro,$3.590 x litro,https://www.unimarc.cl/nectar-watt-s-seleccion-frambuesa-1-l/p,https://unimarc.vtexassets.com/arquivos/ids/207149/000000000562867002-UN-01.jpg?v=637473819227600000,Jugos,Jugos y néctares,https://www.unimarc.cl/category/bebidas-y-licores/jugos/jugos-y-nectares,https://www.unimarc.cl/_next/data/0ucQ92dO_m9T9joH0FjVV/category/bebidas-y-licores/jugos/jugos-y-nectares.json?page=2&categories=bebidas-y-licores&categories=jugos&categories=jugos-y-nectares,2026-02-18T12:44:10
38374,Néctar Arizona 100% natural uva 680 ml,Arizona,1 un,litro,2450,2450,,False,,$3.769 x litro,$3.769 x litro,https://www.unimarc.cl/nectar-uva-100-nat-arizona-680-ml-lata/p,https://unimarc.vtexassets.com/arquivos/ids/178813/686758.jpg?v=636730425585630000,Jugos,Jugos y néctares,https://www.unimarc.cl/category/bebidas-y-licores/jugos/jugos-y-nectares,https://www.unimarc.cl/_next/data/0ucQ92dO_m9T9joH0FjVV/category/bebidas-y-licores/jugos/jugos-y-nectares.json?page=2&categories=bebidas-y-licores&categories=jugos&categories=jugos-y-nectares,2026-02-18T12:44:10
51448,Love Lemon limonada light 2 L,Love Lemon,1 un,litro,5450,5450,,False,,$2.725 x litro,$2.725 x litro,https://www.unimarc.cl/bebida-limonada-light-love-lemon-2-l/p,https://unimarc.vtexassets.com/arquivos/ids/178791/000000000000631296-UN.jpg?v=636730361809230000,Jugos,Jugos y néctares,https://www.unimarc.cl/category/bebidas-y-licores/jugos/jugos-y-nectares,https://www.unimarc.cl/_next/data/0ucQ92dO_m9T9joH0FjVV/category/bebidas-y-licores/jugos/jugos-y-nectares.json?page=2&categories=bebidas-y-licores&categories=jugos&categories=jugos-y-nectares,2026-02-18T12:44:10
1129,Limonada original Love Lemon 475 ml,Lovelemon,1 un,litro,2690,2690,,False,,$5.663 x litro,$5.663 x litro,https://www.unimarc.cl/limonada-original-lovelemon-475cc/p,https://unimarc.vtexassets.com/arquivos/ids/162480/557788.jpg?v=636493616846300000,Jugos,Jugos y néctares,https://www.unimarc.cl/category/bebidas-y-licores/jugos/jugos-y-nectares,https://www.unimarc.cl/_next/data/0ucQ92dO_m9T9joH0FjVV/category/bebidas-y-licores/jugos/jugos-y-nectares.json?page=2&categories=bebidas-y-licores&categories=jugos&categories=jugos-y-nectares,2026-02-18T12:44:10
96280,Jugo Guallarauco naranja mix tetra 1.5 L,Guallarauco,1 un,litro,6290,6290,,False,,$4.193 x litro,$4.193 x litro,https://www.unimarc.cl/jugo-nar-mix-tetra-guallarauco-1-5-lt/p,https://unimarc.vtexassets.com/arquivos/ids/255021/000000000000692269-UN-01.jpg?v=639035750247570000,Jugos,Jugos y néctares,https://www.unimarc.cl/category/bebidas-y-licores/jugos/jugos-y-nectares,https://www.unimarc.cl/_next/data/0ucQ92dO_m9T9joH0FjVV/category/bebidas-y-licores/jugos/jugos-y-nectares.json?page=2&categories=bebidas-y-licores&categories=jugos&categories=jugos-y-nectares,2026-02-18T12:44:10
96281,Jugo Guallarauco naranja tetra 1.5 L,Guallarauco,1 un,litro,7490,7490,,False,,$4.993 x litro,$4.993 x litro,https://www.unimarc.cl/jugo-guallarauco-tetra-naranja-1-5lt/p,https://unimarc.vtexassets.com/arquivos/ids/255022/000000000000693224-UN-01.jpg?v=639035752606130000,Jugos,Jugos y néctares,https://www.unimarc.cl/category/bebidas-y-licores/jugos/jugos-y-nectares,https://www.unimarc.cl/_next/data/0ucQ92dO_m9T9joH0FjVV/category/bebidas-y-licores/jugos/jugos-y-nectares.json?page=2&categories=bebidas-y-licores&categories=jugos&categories=jugos-y-nectares,2026-02-18T12:44:10
78774,Néctar Arizona kiwi frutilla lata 680 ml,Arizona,1 un,litro,2450,2450,,False,,$3.769 x litro,$3.769 x litro,https://www.unimarc.cl/nectar-arizona-680ml-kiwi-frutilla/p,https://unimarc.vtexassets.com/arquivos/ids/227403/000000000000625935-UN-01.jpg?v=637908158241530000,Jugos,Jugos y néctares,https://www.unimarc.cl/category/bebidas-y-licores/jugos/jugos-y-nectares,https://www.unimarc.cl/_next/data/0ucQ92dO_m9T9joH0FjVV/category/bebidas-y-licores/jugos/jugos-y-nectares.json?page=2&categories=bebidas-y-licores&categories=jugos&categories=jugos-y-nectares,2026-02-18T12:44:10
56931,Jugo Ama orgánico manzana pera 1 L,Ama,1 un,litro,6150,6150,,False,,$6.150 x litro,$6.150 x litro,https://www.unimarc.cl/jugo-org-ama-1lt-manzana-pera/p,https://unimarc.vtexassets.com/arquivos/ids/222410/000000000637087001-UN-01.jpg?v=637752747061230000,Jugos,Jugos y néctares,https://www.unimarc.cl/category/bebidas-y-licores/jugos/jugos-y-nectares,https://www.unimarc.cl/_next/data/0ucQ92dO_m9T9joH0FjVV/category/bebidas-y-licores/jugos/jugos-y-nectares.json?page=2&categories=bebidas-y-licores&categories=jugos&categories=jugos-y-nectares,2026-02-18T12:44:10
32837,Jugo orgánico Ama manzana kiwi 1 L,Ama,1 un,litro,6150,6150,,False,,$6.150 x litro,$6.150 x litro,https://www.unimarc.cl/jugo-organico-ama-1-lt-manzana-kiwi/p,https://unimarc.vtexassets.com/arquivos/ids/222370/000000000616546002-UN-01.jpg?v=637752580770570000,Jugos,Jugos y néctares,https://www.unimarc.cl/category/bebidas-y-licores/jugos/jugos-y-nectares,https://www.unimarc.cl/_next/data/0ucQ92dO_m9T9joH0FjVV/category/bebidas-y-licores/jugos/jugos-y-nectares.json?page=2&categories=bebidas-y-licores&categories=jugos&categories=jugos-y-nectares,2026-02-18T12:44:10
96365,Limonada Guallarauco zero sabor frambuesa 1 L,Guallarauco,1 un,litro,3350,3350,,False,,$3.350 x litro,$3.350 x litro,https://www.unimarc.cl/limonada-zero-guallarauco-1lt-frambuesa/p,https://unimarc.vtexassets.com/arquivos/ids/254616/000000000697142001-UN-01.jpg?v=639027313605630000,Jugos,Jugos y néctares,https://www.unimarc.cl/category/bebidas-y-licores/jugos/jugos-y-nectares,https://www.unimarc.cl/_next/data/0ucQ92dO_m9T9joH0FjVV/category/bebidas-y-licores/jugos/jugos-y-nectares.json?page=2&categories=bebidas-y-licores&categories=jugos&categories=jugos-y-nectares,2026-02-18T12:44:10
92053,Bebida limonada blue Love Lemon 475 ml,Love Lemon,1 un,litro,2690,2690,,False,,$5.663 x litro,$5.663 x litro,https://www.unimarc.cl/bebida-limonada-blue-love-lemon-475-ml/p,https://unimarc.vtexassets.com/arquivos/ids/250611/000000000000672012-UN-01.jpg?v=638905428914370000,Jugos,Jugos y néctares,https://www.unimarc.cl/category/bebidas-y-licores/jugos/jugos-y-nectares,https://www.unimarc.cl/_next/data/0ucQ92dO_m9T9joH0FjVV/category/bebidas-y-licores/jugos/jugos-y-nectares.json?page=2&categories=bebidas-y-licores&categories=jugos&categories=jugos-y-nectares,2026-02-18T12:44:10
32914,Jugo Frugo naranja 1.75 L,Frugo,1 un,litro,2590,2590,,False,,$1.480 x litro,$1.480 x litro,https://www.unimarc.cl/jugo-frugo-1-75-l-naranja/p,https://unimarc.vtexassets.com/arquivos/ids/196488/000000000633215004-UN-01.jpg?v=637273424828100000,Jugos,Jugos y néctares,https://www.unimarc.cl/category/bebidas-y-licores/jugos/jugos-y-nectares,https://www.unimarc.cl/_next/data/0ucQ92dO_m9T9joH0FjVV/category/bebidas-y-licores/jugos/jugos-y-nectares.json?page=2&categories=bebidas-y-licores&categories=jugos&categories=jugos-y-nectares,2026-02-18T12:44:10
51449,Love Lemon limonada menta-jengibre 475 ml,Love Lemon,1 un,litro,2690,2690,,False,,$5.663 x litro,$5.663 x litro,https://www.unimarc.cl/bebida-limonada-menta-jengibre-love-lemon-475-ml/p,https://unimarc.vtexassets.com/arquivos/ids/178793/000000000000631370-UN.jpg?v=636730365391830000,Jugos,Jugos y néctares,https://www.unimarc.cl/category/bebidas-y-licores/jugos/jugos-y-nectares,https://www.unimarc.cl/_next/data/0ucQ92dO_m9T9joH0FjVV/category/bebidas-y-licores/jugos/jugos-y-nectares.json?page=2&categories=bebidas-y-licores&categories=jugos&categories=jugos-y-nectares,2026-02-18T12:44:10
93469,Jugo orgánico Ama manzana jengibre y cúrcuma 1 lt,Ama,1 un,litro,5590,5590,,False,,$5.590 x litro,$5.590 x litro,https://www.unimarc.cl/jugo-org-ama-1lt-manz-jeng-curc/p,https://unimarc.vtexassets.com/arquivos/ids/252457/000000000690432002-UN-01.jpg?v=638973415472000000,Jugos,Jugos y néctares,https://www.unimarc.cl/category/bebidas-y-licores/jugos/jugos-y-nectares,https://www.unimarc.cl/_next/data/0ucQ92dO_m9T9joH0FjVV/category/bebidas-y-licores/jugos/jugos-y-nectares.json?page=2&categories=bebidas-y-licores&categories=jugos&categories=jugos-y-nectares,2026-02-18T12:44:10
93468,Jugo orgánico Ama manzana mango y piña 1 lt,Ama,1 un,litro,5590,5590,,False,,$5.590 x litro,$5.590 x litro,https://www.unimarc.cl/jugo-org-ama-1lt-manz-mango-pina/p,https://unimarc.vtexassets.com/arquivos/ids/252456/000000000690432001-UN-01.jpg?v=638973415469800000,Jugos,Jugos y néctares,https://www.unimarc.cl/category/bebidas-y-licores/jugos/jugos-y-nectares,https://www.unimarc.cl/_next/data/0ucQ92dO_m9T9joH0FjVV/category/bebidas-y-licores/jugos/jugos-y-nectares.json?page=2&categories=bebidas-y-licores&categories=jugos&categories=jugos-y-nectares,2026-02-18T12:44:10
13853,Jugo de manzana Afe 100% orgánico 1 L,Afe,1 un,litro,5650,5650,,False,,$5.650 x litro,$5.650 x litro,https://www.unimarc.cl/jugo-manzana-org-100-afe-1-lt/p,https://unimarc.vtexassets.com/arquivos/ids/246312/000000000000537325-UN-01.jpg?v=638721087301900000,Jugos,Jugos y néctares,https://www.unimarc.cl/category/bebidas-y-licores/jugos/jugos-y-nectares,https://www.unimarc.cl/_next/data/0ucQ92dO_m9T9joH0FjVV/category/bebidas-y-licores/jugos/jugos-y-nectares.json?page=2&categories=bebidas-y-licores&categories=jugos&categories=jugos-y-nectares,2026-02-18T12:44:10
35997,Jugo Afe manzana verde 100% puro botella 1 L,Afe,1 un,litro,4390,4390,,False,,$4.390 x litro,$4.390 x litro,https://www.unimarc.cl/jugo-manzana-verde-100-puro-afe-1-lt/p,https://unimarc.vtexassets.com/arquivos/ids/183386/000000000000603917-UN.jpg?v=636874930915900000,Jugos,Jugos y néctares,https://www.unimarc.cl/category/bebidas-y-licores/jugos/jugos-y-nectares,https://www.unimarc.cl/_next/data/0ucQ92dO_m9T9joH0FjVV/category/bebidas-y-licores/jugos/jugos-y-nectares.json?page=2&categories=bebidas-y-licores&categories=jugos&categories=jugos-y-nectares,2026-02-18T12:44:10
93470,Jugo orgánico Ama manzana mango zanahoria y betarraga 1 lt,Ama,1 un,litro,5590,5590,,False,,$5.590 x litro,$5.590 x litro,https://www.unimarc.cl/jugo-org-ama-1lt-manz-man-zan-bet/p,https://unimarc.vtexassets.com/arquivos/ids/252458/000000000690432003-UN-01.jpg?v=638973415473730000,Jugos,Jugos y néctares,https://www.unimarc.cl/category/bebidas-y-licores/jugos/jugos-y-nectares,https://www.unimarc.cl/_next/data/0ucQ92dO_m9T9joH0FjVV/category/bebidas-y-licores/jugos/jugos-y-nectares.json?page=2&categories=bebidas-y-licores&categories=jugos&categories=jugos-y-nectares,2026-02-18T12:44:10
96745,Jugo orgánico Kombucha frambuesa lata 355 ml,Kombuchacha,1 un,litro,2470,2470,,False,,$6.958 x litro,$6.958 x litro,https://www.unimarc.cl/jugo-organico-frambuesa-kombucha-355ml/p,https://unimarc.vtexassets.com/arquivos/ids/256049/000000000000698941-UN-01.jpg?v=639065173272000000,Jugos,Jugos y néctares,https://www.unimarc.cl/category/bebidas-y-licores/jugos/jugos-y-nectares,https://www.unimarc.cl/_next/data/0ucQ92dO_m9T9joH0FjVV/category/bebidas-y-licores/jugos/jugos-y-nectares.json?page=2&categories=bebidas-y-licores&categories=jugos&categories=jugos-y-nectares,2026-02-18T12:44:10
85178,Té helado negro Lipton sabor durazno 1.5 L,Lipton,1 un,litro,1800,1990,1800,True,Ahorras $190,$1.200 x litro,$1.327 x litro,https://www.unimarc.cl/te-negro-helado-lipton-1-5-lt-durazno/p,https://unimarc.vtexassets.com/arquivos/ids/235353/000000000666058002-UN-01.jpg?v=638288469593230000,Jugos,Té líquido,https://www.unimarc.cl/category/bebidas-y-licores/jugos/te-liquido,https://www.unimarc.cl/_next/data/0ucQ92dO_m9T9joH0FjVV/category/bebidas-y-licores/jugos/te-liquido.json?categories=bebidas-y-licores&categories=jugos&categories=te-liquido,2026-02-18T12:44:16
85176,Té helado negro Lipton sabor frambuesa sin azúcar 1.5 L,Lipton,1 un,litro,1800,1990,1800,True,Ahorras $190,$1.200 x litro,$1.327 x litro,https://www.unimarc.cl/te-negro-helado-s-a-lipton-1-frambuesa/p,https://unimarc.vtexassets.com/arquivos/ids/235354/000000000666057001-UN-01.jpg?v=638288472710270000,Jugos,Té líquido,https://www.unimarc.cl/category/bebidas-y-licores/jugos/te-liquido,https://www.unimarc.cl/_next/data/0ucQ92dO_m9T9joH0FjVV/category/bebidas-y-licores/jugos/te-liquido.json?categories=bebidas-y-licores&categories=jugos&categories=te-liquido,2026-02-18T12:44:16
85177,Té helado negro Lipton sabor limón 1.5 L,Lipton,1 un,litro,1800,1990,1800,True,Ahorras $190,$1.200 x litro,$1.327 x litro,https://www.unimarc.cl/te-negro-helado-lipton-1-5-lt-limon/p,https://unimarc.vtexassets.com/arquivos/ids/235352/000000000666058001-UN-01.jpg?v=638288462279000000,Jugos,Té líquido,https://www.unimarc.cl/category/bebidas-y-licores/jugos/te-liquido,https://www.unimarc.cl/_next/data/0ucQ92dO_m9T9joH0FjVV/category/bebidas-y-licores/jugos/te-liquido.json?categories=bebidas-y-licores&categories=jugos&categories=te-liquido,2026-02-18T12:44:16
91854,Té negro My Way zero ice tea durazno 1.5 L,My Way,1 un,litro,1890,1890,,False,,$1.260 x litro,$1.260 x litro,https://www.unimarc.cl/te-negro-hdo-zero-my-way-1-5lt-durazno/p,https://unimarc.vtexassets.com/arquivos/ids/250178/000000000675144002-UN-01.jpg?v=638886993714130000,Jugos,Té líquido,https://www.unimarc.cl/category/bebidas-y-licores/jugos/te-liquido,https://www.unimarc.cl/_next/data/0ucQ92dO_m9T9joH0FjVV/category/bebidas-y-licores/jugos/te-liquido.json?categories=bebidas-y-licores&categories=jugos&categories=te-liquido,2026-02-18T12:44:16
91856,Té negro My Way zero ice tea frambuesa 1.5 L,My Way,1 un,litro,1890,1890,,False,,$1.260 x litro,$1.260 x litro,https://www.unimarc.cl/te-negro-hdo-zero-my-way-1-5l-frambuesa/p,https://unimarc.vtexassets.com/arquivos/ids/250177/000000000675144001-UN-01.jpg?v=638886993712100000,Jugos,Té líquido,https://www.unimarc.cl/category/bebidas-y-licores/jugos/te-liquido,https://www.unimarc.cl/_next/data/0ucQ92dO_m9T9joH0FjVV/category/bebidas-y-licores/jugos/te-liquido.json?categories=bebidas-y-licores&categories=jugos&categories=te-liquido,2026-02-18T12:44:16
91857,Té verde My Way zero ice tea limón 1.5 L,My Way,1 un,litro,1890,1890,,False,,$1.260 x litro,$1.260 x litro,https://www.unimarc.cl/te-verde-hdo-zero-my-way-1-5-lt-limon/p,https://unimarc.vtexassets.com/arquivos/ids/250176/000000000675143001-UN-01.jpg?v=638886993710370000,Jugos,Té líquido,https://www.unimarc.cl/category/bebidas-y-licores/jugos/te-liquido,https://www.unimarc.cl/_next/data/0ucQ92dO_m9T9joH0FjVV/category/bebidas-y-licores/jugos/te-liquido.json?categories=bebidas-y-licores&categories=jugos&categories=te-liquido,2026-02-18T12:44:16
34987,Té helado Arizona limón natural 680 ml,Arizona,1 un,litro,2450,2450,,False,,$3.769 x litro,$3.769 x litro,https://www.unimarc.cl/te-helado-limon-natural-arizona-680-cc/p,https://unimarc.vtexassets.com/arquivos/ids/177833/000000000000356313-UN.jpg?v=636679605900270000,Jugos,Té líquido,https://www.unimarc.cl/category/bebidas-y-licores/jugos/te-liquido,https://www.unimarc.cl/_next/data/0ucQ92dO_m9T9joH0FjVV/category/bebidas-y-licores/jugos/te-liquido.json?categories=bebidas-y-licores&categories=jugos&categories=te-liquido,2026-02-18T12:44:16
1011,Té helado Arizona con jugo de frambuesa 680 ml,Arizona,1 un,litro,2450,2450,,False,,$3.769 x litro,$3.769 x litro,https://www.unimarc.cl/te-negro-liq-c-jugo-de-frambuesa-arizona-680-m/p,https://unimarc.vtexassets.com/arquivos/ids/161477/Te-negro-liq-c-jugo-de-frambuesa-Arizona-680-m.jpg?v=636486716322900000,Jugos,Té líquido,https://www.unimarc.cl/category/bebidas-y-licores/jugos/te-liquido,https://www.unimarc.cl/_next/data/0ucQ92dO_m9T9joH0FjVV/category/bebidas-y-licores/jugos/te-liquido.json?categories=bebidas-y-licores&categories=jugos&categories=te-liquido,2026-02-18T12:44:16
50806,Bebida yerba mate Caa Yari frambuesa y maracuyá 475 ml,Caa Yari Mate,1 un,litro,2150,2150,,False,,$4.526 x litro,$4.526 x litro,https://www.unimarc.cl/infusion-caa-yari-ma-frambuesa-maracuya/p,https://unimarc.vtexassets.com/arquivos/ids/204847/000000000632287002-UN-01.jpg?v=638379123977570000,Jugos,Té líquido,https://www.unimarc.cl/category/bebidas-y-licores/jugos/te-liquido,https://www.unimarc.cl/_next/data/0ucQ92dO_m9T9joH0FjVV/category/bebidas-y-licores/jugos/te-liquido.json?categories=bebidas-y-licores&categories=jugos&categories=te-liquido,2026-02-18T12:44:16
50807,Bebida yerba mate Caa Yari frutilla y limón 475 ml,Caa Yari Mate,1 un,litro,2150,2150,,False,,$4.526 x litro,$4.526 x litro,https://www.unimarc.cl/infusion-caa-yari-mate-4-frutilla-limon/p,https://unimarc.vtexassets.com/arquivos/ids/236803/000000000632287003-UN-01.jpg?v=638379125449530000,Jugos,Té líquido,https://www.unimarc.cl/category/bebidas-y-licores/jugos/te-liquido,https://www.unimarc.cl/_next/data/0ucQ92dO_m9T9joH0FjVV/category/bebidas-y-licores/jugos/te-liquido.json?categories=bebidas-y-licores&categories=jugos&categories=te-liquido,2026-02-18T12:44:16
96715,Té negro Lipton sabor durazno lata 310 ml,Lipton,1 un,litro,890,1190,890,True,Ahorras $300,$2.871 x litro,$3.839 x litro,https://www.unimarc.cl/te-negro-durazno-lipton-310ml/p,https://unimarc.vtexassets.com/arquivos/ids/256048/000000000000698653-UN-01.jpg?v=639065173270300000,Jugos,Té líquido,https://www.unimarc.cl/category/bebidas-y-licores/jugos/te-liquido,https://www.unimarc.cl/_next/data/0ucQ92dO_m9T9joH0FjVV/category/bebidas-y-licores/jugos/te-liquido.json?categories=bebidas-y-licores&categories=jugos&categories=te-liquido,2026-02-18T12:44:16
96714,Té negro Lipton sabor limón lata 310 ml,Lipton,1 un,litro,890,1190,890,True,Ahorras $300,$2.871 x litro,$3.839 x litro,https://www.unimarc.cl/te-negro-limon-lipton-310ml/p,https://unimarc.vtexassets.com/arquivos/ids/256047/000000000000698652-UN-01.jpg?v=639065173268470000,Jugos,Té líquido,https://www.unimarc.cl/category/bebidas-y-licores/jugos/te-liquido,https://www.unimarc.cl/_next/data/0ucQ92dO_m9T9joH0FjVV/category/bebidas-y-licores/jugos/te-liquido.json?categories=bebidas-y-licores&categories=jugos&categories=te-liquido,2026-02-18T12:44:16
1782,Jugo en polvo Livean melón tuna rinde 1 L,Livean,1 un,litro,290,290,,False,,$290 x litro,$290 x litro,https://www.unimarc.cl/jugo-en-polvo-livean-melon-tuna-diet-7-g/p,https://unimarc.vtexassets.com/arquivos/ids/232570/000000000401724006-UN-01.jpg?v=638170012236900000,Jugos,Jugos en polvo,https://www.unimarc.cl/category/bebidas-y-licores/jugos/jugos-en-polvo,https://www.unimarc.cl/_next/data/0ucQ92dO_m9T9joH0FjVV/category/bebidas-y-licores/jugos/jugos-en-polvo.json?categories=bebidas-y-licores&categories=jugos&categories=jugos-en-polvo,2026-02-18T12:44:25
1786,Jugo en polvo Livean piña rinde 1 L,Livean,1 un,litro,290,290,,False,,$290 x litro,$290 x litro,https://www.unimarc.cl/jugo-en-polvo-livean-pina-diet-7-g/p,https://unimarc.vtexassets.com/arquivos/ids/232581/000000000401724011-UN-01.jpg?v=638170016705470000,Jugos,Jugos en polvo,https://www.unimarc.cl/category/bebidas-y-licores/jugos/jugos-en-polvo,https://www.unimarc.cl/_next/data/0ucQ92dO_m9T9joH0FjVV/category/bebidas-y-licores/jugos/jugos-en-polvo.json?categories=bebidas-y-licores&categories=jugos&categories=jugos-en-polvo,2026-02-18T12:44:25
1787,Jugo en polvo Livean frutilla rinde 1 L,Livean,1 un,litro,290,290,,False,,$290 x litro,$290 x litro,https://www.unimarc.cl/jugo-en-polvo-livean-frutilla-diet-7-g/p,https://unimarc.vtexassets.com/arquivos/ids/232558/000000000401724014-UN-01.jpg?v=638169967716700000,Jugos,Jugos en polvo,https://www.unimarc.cl/category/bebidas-y-licores/jugos/jugos-en-polvo,https://www.unimarc.cl/_next/data/0ucQ92dO_m9T9joH0FjVV/category/bebidas-y-licores/jugos/jugos-en-polvo.json?categories=bebidas-y-licores&categories=jugos&categories=jugos-en-polvo,2026-02-18T12:44:25
1784,Jugo en polvo Livean manzana rinde 1 L,Livean,1 un,litro,290,290,,False,,$290 x litro,$290 x litro,https://www.unimarc.cl/jugo-en-polvo-livean-manzana-diet-7-g/p,https://unimarc.vtexassets.com/arquivos/ids/232566/000000000401724009-UN-01.jpg?v=638170010468130000,Jugos,Jugos en polvo,https://www.unimarc.cl/category/bebidas-y-licores/jugos/jugos-en-polvo,https://www.unimarc.cl/_next/data/0ucQ92dO_m9T9joH0FjVV/category/bebidas-y-licores/jugos/jugos-en-polvo.json?categories=bebidas-y-licores&categories=jugos&categories=jugos-en-polvo,2026-02-18T12:44:25
1783,Jugo en polvo Livean berries rinde 1 L,Livean,1 un,litro,290,290,,False,,$290 x litro,$290 x litro,https://www.unimarc.cl/jugo-en-polvo-livean-berries-diet-7-g/p,https://unimarc.vtexassets.com/arquivos/ids/232554/000000000401724007-UN-01.jpg?v=638169965641470000,Jugos,Jugos en polvo,https://www.unimarc.cl/category/bebidas-y-licores/jugos/jugos-en-polvo,https://www.unimarc.cl/_next/data/0ucQ92dO_m9T9joH0FjVV/category/bebidas-y-licores/jugos/jugos-en-polvo.json?categories=bebidas-y-licores&categories=jugos&categories=jugos-en-polvo,2026-02-18T12:44:25
1780,Jugo en polvo Livean naranja rinde 1 L,Livean,1 un,litro,290,290,,False,,$290 x litro,$290 x litro,https://www.unimarc.cl/jugo-en-polvo-livean-naranja-diet-7-g/p,https://unimarc.vtexassets.com/arquivos/ids/232572/000000000401724001-UN-01.jpg?v=638170013576130000,Jugos,Jugos en polvo,https://www.unimarc.cl/category/bebidas-y-licores/jugos/jugos-en-polvo,https://www.unimarc.cl/_next/data/0ucQ92dO_m9T9joH0FjVV/category/bebidas-y-licores/jugos/jugos-en-polvo.json?categories=bebidas-y-licores&categories=jugos&categories=jugos-en-polvo,2026-02-18T12:44:25
1789,Jugo en polvo Livean mango rinde 1 L,Livean,1 un,litro,290,290,,False,,$290 x litro,$290 x litro,https://www.unimarc.cl/jugo-en-polvo-livean-mango-diet-7-g/p,https://unimarc.vtexassets.com/arquivos/ids/232564/000000000401724017-UN-01.jpg?v=638169979917530000,Jugos,Jugos en polvo,https://www.unimarc.cl/category/bebidas-y-licores/jugos/jugos-en-polvo,https://www.unimarc.cl/_next/data/0ucQ92dO_m9T9joH0FjVV/category/bebidas-y-licores/jugos/jugos-en-polvo.json?categories=bebidas-y-licores&categories=jugos&categories=jugos-en-polvo,2026-02-18T12:44:25
28320,Jugo en polvo Livean limonada rinde 1 L,Livean,1 un,litro,290,290,,False,,$290 x litro,$290 x litro,https://www.unimarc.cl/jugo-en-polvo-livean-limonada-diet-7-g/p,https://unimarc.vtexassets.com/arquivos/ids/232562/000000000000685549-UN-01.jpg?v=638169978592100000,Jugos,Jugos en polvo,https://www.unimarc.cl/category/bebidas-y-licores/jugos/jugos-en-polvo,https://www.unimarc.cl/_next/data/0ucQ92dO_m9T9joH0FjVV/category/bebidas-y-licores/jugos/jugos-en-polvo.json?categories=bebidas-y-licores&categories=jugos&categories=jugos-en-polvo,2026-02-18T12:44:25
1785,Jugo en polvo Livean durazno rinde 1 L,Livean,1 un,litro,290,290,,False,,$290 x litro,$290 x litro,https://www.unimarc.cl/jugo-en-polvo-livean-durazno-diet-7-g/p,https://unimarc.vtexassets.com/arquivos/ids/232556/000000000401724010-UN-01.jpg?v=638169966546500000,Jugos,Jugos en polvo,https://www.unimarc.cl/category/bebidas-y-licores/jugos/jugos-en-polvo,https://www.unimarc.cl/_next/data/0ucQ92dO_m9T9joH0FjVV/category/bebidas-y-licores/jugos/jugos-en-polvo.json?categories=bebidas-y-licores&categories=jugos&categories=jugos-en-polvo,2026-02-18T12:44:25
1781,Jugo en polvo Livean papaya rinde 1 L,Livean,1 un,litro,290,290,,False,,$290 x litro,$290 x litro,https://www.unimarc.cl/jugo-en-polvo-livean-papaya-diet-7-g/p,https://unimarc.vtexassets.com/arquivos/ids/232576/000000000401724002-UN-01.jpg?v=638170015056030000,Jugos,Jugos en polvo,https://www.unimarc.cl/category/bebidas-y-licores/jugos/jugos-en-polvo,https://www.unimarc.cl/_next/data/0ucQ92dO_m9T9joH0FjVV/category/bebidas-y-licores/jugos/jugos-en-polvo.json?categories=bebidas-y-licores&categories=jugos&categories=jugos-en-polvo,2026-02-18T12:44:25
6868,Jugo en polvo Zuko frambuesa rinde 1 L,Zuko,1 un,litro,280,280,,False,,$280 x litro,$280 x litro,https://www.unimarc.cl/jugo-polvo-frambuesa-zuko-35-gr/p,https://unimarc.vtexassets.com/arquivos/ids/253501/000000000000900821-UN-01.jpg?v=638997914640200000,Jugos,Jugos en polvo,https://www.unimarc.cl/category/bebidas-y-licores/jugos/jugos-en-polvo,https://www.unimarc.cl/_next/data/0ucQ92dO_m9T9joH0FjVV/category/bebidas-y-licores/jugos/jugos-en-polvo.json?categories=bebidas-y-licores&categories=jugos&categories=jugos-en-polvo,2026-02-18T12:44:25
6872,Jugo en polvo Zuko naranja plátano rinde 1 L,Zuko,1 un,litro,280,280,,False,,$280 x litro,$280 x litro,https://www.unimarc.cl/jugo-polvo-naranja-platano-zuko-35gr/p,https://unimarc.vtexassets.com/arquivos/ids/253334/000000000000900825-UN-01.jpg?v=638992610867800000,Jugos,Jugos en polvo,https://www.unimarc.cl/category/bebidas-y-licores/jugos/jugos-en-polvo,https://www.unimarc.cl/_next/data/0ucQ92dO_m9T9joH0FjVV/category/bebidas-y-licores/jugos/jugos-en-polvo.json?categories=bebidas-y-licores&categories=jugos&categories=jugos-en-polvo,2026-02-18T12:44:25
7576,Jugo en polvo Livean maracuyá rinde 1 L,Livean,1 un,litro,290,290,,False,,$290 x litro,$290 x litro,https://www.unimarc.cl/jugo-tropico-livean-7-grs-maracuya/p,https://unimarc.vtexassets.com/arquivos/ids/232568/000000000593562002-UN-01.jpg?v=638170011223030000,Jugos,Jugos en polvo,https://www.unimarc.cl/category/bebidas-y-licores/jugos/jugos-en-polvo,https://www.unimarc.cl/_next/data/0ucQ92dO_m9T9joH0FjVV/category/bebidas-y-licores/jugos/jugos-en-polvo.json?categories=bebidas-y-licores&categories=jugos&categories=jugos-en-polvo,2026-02-18T12:44:25
32173,Jugo en polvo Vivo berries rinde 1 L,Vivo,1 un,litro,290,290,,False,,$290 x litro,$290 x litro,https://www.unimarc.cl/jugo-en-polvo-vivo-berries-8-g/p,https://unimarc.vtexassets.com/arquivos/ids/227783/000000000400329005-UN-01.jpg?v=637922225611970000,Jugos,Jugos en polvo,https://www.unimarc.cl/category/bebidas-y-licores/jugos/jugos-en-polvo,https://www.unimarc.cl/_next/data/0ucQ92dO_m9T9joH0FjVV/category/bebidas-y-licores/jugos/jugos-en-polvo.json?categories=bebidas-y-licores&categories=jugos&categories=jugos-en-polvo,2026-02-18T12:44:25
6865,Jugo en polvo Zuko piña rinde 1 L,Zuko,1 un,litro,280,280,,False,,$280 x litro,$280 x litro,https://www.unimarc.cl/jugo-polvo-pina-zuko-35-gr/p,https://unimarc.vtexassets.com/arquivos/ids/253336/000000000000900818-UN-01.jpg?v=638992611773670000,Jugos,Jugos en polvo,https://www.unimarc.cl/category/bebidas-y-licores/jugos/jugos-en-polvo,https://www.unimarc.cl/_next/data/0ucQ92dO_m9T9joH0FjVV/category/bebidas-y-licores/jugos/jugos-en-polvo.json?categories=bebidas-y-licores&categories=jugos&categories=jugos-en-polvo,2026-02-18T12:44:25
6873,Jugo en polvo Zuko melón tuna rinde 1 L,Zuko,1 un,litro,280,280,,False,,$280 x litro,$280 x litro,https://www.unimarc.cl/jugo-polvo-melon-tuna-zuko-35-gr/p,https://unimarc.vtexassets.com/arquivos/ids/253503/000000000000900826-UN-01.jpg?v=638997915323200000,Jugos,Jugos en polvo,https://www.unimarc.cl/category/bebidas-y-licores/jugos/jugos-en-polvo,https://www.unimarc.cl/_next/data/0ucQ92dO_m9T9joH0FjVV/category/bebidas-y-licores/jugos/jugos-en-polvo.json?categories=bebidas-y-licores&categories=jugos&categories=jugos-en-polvo,2026-02-18T12:44:25
7260,Jugo en polvo Vivo piña rinde 1 L,Vivo,1 un,litro,290,290,,False,,$290 x litro,$290 x litro,https://www.unimarc.cl/jugo-vivo-8gr-pina/p,https://unimarc.vtexassets.com/arquivos/ids/227777/000000000400329003-UN-01.jpg?v=637922215164830000,Jugos,Jugos en polvo,https://www.unimarc.cl/category/bebidas-y-licores/jugos/jugos-en-polvo,https://www.unimarc.cl/_next/data/0ucQ92dO_m9T9joH0FjVV/category/bebidas-y-licores/jugos/jugos-en-polvo.json?categories=bebidas-y-licores&categories=jugos&categories=jugos-en-polvo,2026-02-18T12:44:25
6864,Jugo en polvo Zuko durazno rinde 1 L,Zuko,1 un,litro,280,280,,False,,$280 x litro,$280 x litro,https://www.unimarc.cl/jugo-polvo-durazno-zuko-35-gr/p,https://unimarc.vtexassets.com/arquivos/ids/253384/000000000000900817-UN-01.jpg?v=638993354028870000,Jugos,Jugos en polvo,https://www.unimarc.cl/category/bebidas-y-licores/jugos/jugos-en-polvo,https://www.unimarc.cl/_next/data/0ucQ92dO_m9T9joH0FjVV/category/bebidas-y-licores/jugos/jugos-en-polvo.json?categories=bebidas-y-licores&categories=jugos&categories=jugos-en-polvo,2026-02-18T12:44:25
6867,Jugo en polvo Zuko frutilla rinde 1 L,Zuko,1 un,litro,280,280,,False,,$280 x litro,$280 x litro,https://www.unimarc.cl/jugo-polvo-frutilla-zuko-35-gr/p,https://unimarc.vtexassets.com/arquivos/ids/253324/000000000000900820-UN-01.jpg?v=638992604293630000,Jugos,Jugos en polvo,https://www.unimarc.cl/category/bebidas-y-licores/jugos/jugos-en-polvo,https://www.unimarc.cl/_next/data/0ucQ92dO_m9T9joH0FjVV/category/bebidas-y-licores/jugos/jugos-en-polvo.json?categories=bebidas-y-licores&categories=jugos&categories=jugos-en-polvo,2026-02-18T12:44:25
6863,Jugo en polvo Zuko naranja rinde 1 L,Zuko,1 un,litro,280,280,,False,,$280 x litro,$280 x litro,https://www.unimarc.cl/jugo-polvo-naranja-zuko-25-gr/p,https://unimarc.vtexassets.com/arquivos/ids/253332/000000000000900816-UN-01.jpg?v=638992608937800000,Jugos,Jugos en polvo,https://www.unimarc.cl/category/bebidas-y-licores/jugos/jugos-en-polvo,https://www.unimarc.cl/_next/data/0ucQ92dO_m9T9joH0FjVV/category/bebidas-y-licores/jugos/jugos-en-polvo.json?categories=bebidas-y-licores&categories=jugos&categories=jugos-en-polvo,2026-02-18T12:44:25
7258,Jugo en polvo Vivo naranja rinde 1 L,Vivo,1 un,litro,290,290,,False,,$290 x litro,$290 x litro,https://www.unimarc.cl/jugo-vivo-8gr-naranja/p,https://unimarc.vtexassets.com/arquivos/ids/227775/000000000400329001-UN-01.jpg?v=637922211669870000,Jugos,Jugos en polvo,https://www.unimarc.cl/category/bebidas-y-licores/jugos/jugos-en-polvo,https://www.unimarc.cl/_next/data/0ucQ92dO_m9T9joH0FjVV/category/bebidas-y-licores/jugos/jugos-en-polvo.json?categories=bebidas-y-licores&categories=jugos&categories=jugos-en-polvo,2026-02-18T12:44:25
5226,Jugo en polvo Vivo pera rinde 1 L,Vivo,1 un,litro,290,290,,False,,$290 x litro,$290 x litro,https://www.unimarc.cl/jugos-vivo-pera-8-gr/p,https://unimarc.vtexassets.com/arquivos/ids/227794/000000000000502124-UN-01.jpg?v=637922940000530000,Jugos,Jugos en polvo,https://www.unimarc.cl/category/bebidas-y-licores/jugos/jugos-en-polvo,https://www.unimarc.cl/_next/data/0ucQ92dO_m9T9joH0FjVV/category/bebidas-y-licores/jugos/jugos-en-polvo.json?categories=bebidas-y-licores&categories=jugos&categories=jugos-en-polvo,2026-02-18T12:44:25
6876,Jugo en polvo Zuko limón dulce rinde 1 L,Zuko,1 un,litro,280,280,,False,,$280 x litro,$280 x litro,https://www.unimarc.cl/jugo-polvo-limon-dulce-zuko-35-gr/p,https://unimarc.vtexassets.com/arquivos/ids/253328/000000000000900831-UN-01.jpg?v=638992606538670000,Jugos,Jugos en polvo,https://www.unimarc.cl/category/bebidas-y-licores/jugos/jugos-en-polvo,https://www.unimarc.cl/_next/data/0ucQ92dO_m9T9joH0FjVV/category/bebidas-y-licores/jugos/jugos-en-polvo.json?categories=bebidas-y-licores&categories=jugos&categories=jugos-en-polvo,2026-02-18T12:44:25
6874,Jugo en polvo Zuko huesillo rinde 1 L,Zuko,1 un,litro,280,280,,False,,$280 x litro,$280 x litro,https://www.unimarc.cl/jugo-polvo-huesillo-zuko-35-gr/p,https://unimarc.vtexassets.com/arquivos/ids/253326/000000000000900827-UN-01.jpg?v=638992605366670000,Jugos,Jugos en polvo,https://www.unimarc.cl/category/bebidas-y-licores/jugos/jugos-en-polvo,https://www.unimarc.cl/_next/data/0ucQ92dO_m9T9joH0FjVV/category/bebidas-y-licores/jugos/jugos-en-polvo.json?categories=bebidas-y-licores&categories=jugos&categories=jugos-en-polvo,2026-02-18T12:44:25
7262,Jugo en polvo Vivo frutilla rinde 1 L,Vivo,1 un,litro,290,290,,False,,$290 x litro,$290 x litro,https://www.unimarc.cl/jugo-vivo-8gr-frutilla/p,https://unimarc.vtexassets.com/arquivos/ids/227779/000000000400329009-UN-01.jpg?v=637922220877830000,Jugos,Jugos en polvo,https://www.unimarc.cl/category/bebidas-y-licores/jugos/jugos-en-polvo,https://www.unimarc.cl/_next/data/0ucQ92dO_m9T9joH0FjVV/category/bebidas-y-licores/jugos/jugos-en-polvo.json?categories=bebidas-y-licores&categories=jugos&categories=jugos-en-polvo,2026-02-18T12:44:25
5455,Jugo en polvo Vivo equillibrio arándano ciruela rinde 1 L,Vivo,1 un,litro,290,290,,False,,$290 x litro,$290 x litro,https://www.unimarc.cl/jugo-vivo-equilibrio-arandano-ciruela-8g/p,https://unimarc.vtexassets.com/arquivos/ids/227795/000000000000561651-UN-01.jpg?v=637922941502370000,Jugos,Jugos en polvo,https://www.unimarc.cl/category/bebidas-y-licores/jugos/jugos-en-polvo,https://www.unimarc.cl/_next/data/0ucQ92dO_m9T9joH0FjVV/category/bebidas-y-licores/jugos/jugos-en-polvo.json?categories=bebidas-y-licores&categories=jugos&categories=jugos-en-polvo,2026-02-18T12:44:25
7263,Jugo en polvo Vivo manzana rinde 1 L,Vivo,1 un,litro,290,290,,False,,$290 x litro,$290 x litro,https://www.unimarc.cl/jugo-vivo-8gr-manzana/p,https://unimarc.vtexassets.com/arquivos/ids/227778/000000000400329010-UN-01.jpg?v=637922219394800000,Jugos,Jugos en polvo,https://www.unimarc.cl/category/bebidas-y-licores/jugos/jugos-en-polvo,https://www.unimarc.cl/_next/data/0ucQ92dO_m9T9joH0FjVV/category/bebidas-y-licores/jugos/jugos-en-polvo.json?categories=bebidas-y-licores&categories=jugos&categories=jugos-en-polvo,2026-02-18T12:44:25
6871,Jugo en polvo Zuko mango rinde 1 L,Zuko,1 un,litro,280,280,,False,,$280 x litro,$280 x litro,https://www.unimarc.cl/jugo-polvo-mango-zuko-35-gr/p,https://unimarc.vtexassets.com/arquivos/ids/253330/000000000000900824-UN-01.jpg?v=638992607502830000,Jugos,Jugos en polvo,https://www.unimarc.cl/category/bebidas-y-licores/jugos/jugos-en-polvo,https://www.unimarc.cl/_next/data/0ucQ92dO_m9T9joH0FjVV/category/bebidas-y-licores/jugos/jugos-en-polvo.json?categories=bebidas-y-licores&categories=jugos&categories=jugos-en-polvo,2026-02-18T12:44:25
69605,Jugo en polvo Sprim frambuesa rinde 1 L,Sprim,1 un,litro,320,320,,False,,$320 x litro,$320 x litro,https://www.unimarc.cl/bebida-polvo-sprim-r-1lt-frambuesa/p,https://unimarc.vtexassets.com/arquivos/ids/247282/000000000645975002-UN-01.jpg.jpg?v=638768047274800000,Jugos,Jugos en polvo,https://www.unimarc.cl/category/bebidas-y-licores/jugos/jugos-en-polvo,https://www.unimarc.cl/_next/data/0ucQ92dO_m9T9joH0FjVV/category/bebidas-y-licores/jugos/jugos-en-polvo.json?categories=bebidas-y-licores&categories=jugos&categories=jugos-en-polvo,2026-02-18T12:44:25
69607,Jugo en polvo Sprim naranja rinde 1 L,Sprim,1 un,litro,320,320,,False,,$320 x litro,$320 x litro,https://www.unimarc.cl/bebida-polvo-sprim-r-1lt-naranja/p,https://unimarc.vtexassets.com/arquivos/ids/247284/000000000645975004-UN-01.jpg.jpg?v=638768047751630000,Jugos,Jugos en polvo,https://www.unimarc.cl/category/bebidas-y-licores/jugos/jugos-en-polvo,https://www.unimarc.cl/_next/data/0ucQ92dO_m9T9joH0FjVV/category/bebidas-y-licores/jugos/jugos-en-polvo.json?categories=bebidas-y-licores&categories=jugos&categories=jugos-en-polvo,2026-02-18T12:44:25
7261,Jugo en polvo Vivo limonada rinde 1 L,Vivo,1 un,litro,290,290,,False,,$290 x litro,$290 x litro,https://www.unimarc.cl/jugo-vivo-8gr-lima-limon/p,https://unimarc.vtexassets.com/arquivos/ids/211122/000000000400329004-UN-01.jpg?v=637522875545430000,Jugos,Jugos en polvo,https://www.unimarc.cl/category/bebidas-y-licores/jugos/jugos-en-polvo,https://www.unimarc.cl/_next/data/0ucQ92dO_m9T9joH0FjVV/category/bebidas-y-licores/jugos/jugos-en-polvo.json?categories=bebidas-y-licores&categories=jugos&categories=jugos-en-polvo,2026-02-18T12:44:25
32174,Jugo en polvo Vivo mango rinde 1 L,Vivo,1 un,litro,290,290,,False,,$290 x litro,$290 x litro,https://www.unimarc.cl/jugo-en-polvo-vivo-mango-8-g/p,https://unimarc.vtexassets.com/arquivos/ids/227782/000000000400329006-UN-01.jpg?v=637922223493270000,Jugos,Jugos en polvo,https://www.unimarc.cl/category/bebidas-y-licores/jugos/jugos-en-polvo,https://www.unimarc.cl/_next/data/0ucQ92dO_m9T9joH0FjVV/category/bebidas-y-licores/jugos/jugos-en-polvo.json?categories=bebidas-y-licores&categories=jugos&categories=jugos-en-polvo,2026-02-18T12:44:25
69606,Jugo en polvo Sprim frutilla rinde 1 L,Sprim,1 un,litro,320,320,,False,,$320 x litro,$320 x litro,https://www.unimarc.cl/bebida-polvo-sprim-r-1lt-frutilla/p,https://unimarc.vtexassets.com/arquivos/ids/247283/000000000645975003-UN-01.jpg.jpg?v=638768047517700000,Jugos,Jugos en polvo,https://www.unimarc.cl/category/bebidas-y-licores/jugos/jugos-en-polvo,https://www.unimarc.cl/_next/data/0ucQ92dO_m9T9joH0FjVV/category/bebidas-y-licores/jugos/jugos-en-polvo.json?categories=bebidas-y-licores&categories=jugos&categories=jugos-en-polvo,2026-02-18T12:44:25
74295,Jugo en polvo Sprim piña rinde 1 L,Sprim,1 un,litro,320,320,,False,,$320 x litro,$320 x litro,https://www.unimarc.cl/bebida-polvo-sprim-r-1lt-pina-2/p,https://unimarc.vtexassets.com/arquivos/ids/247285/000000000645975005-UN-01.jpg.jpg?v=638768048027230000,Jugos,Jugos en polvo,https://www.unimarc.cl/category/bebidas-y-licores/jugos/jugos-en-polvo,https://www.unimarc.cl/_next/data/0ucQ92dO_m9T9joH0FjVV/category/bebidas-y-licores/jugos/jugos-en-polvo.json?categories=bebidas-y-licores&categories=jugos&categories=jugos-en-polvo,2026-02-18T12:44:25
69604,Jugo en polvo Sprim durazno rinde 1 L,Sprim,1 un,litro,320,320,,False,,$320 x litro,$320 x litro,https://www.unimarc.cl/bebida-polvo-sprim-r-1lt-durazno/p,https://unimarc.vtexassets.com/arquivos/ids/247281/000000000645975001-UN-01.jpg.jpg?v=638768047030400000,Jugos,Jugos en polvo,https://www.unimarc.cl/category/bebidas-y-licores/jugos/jugos-en-polvo,https://www.unimarc.cl/_next/data/0ucQ92dO_m9T9joH0FjVV/category/bebidas-y-licores/jugos/jugos-en-polvo.json?categories=bebidas-y-licores&categories=jugos&categories=jugos-en-polvo,2026-02-18T12:44:25
5225,Jugo en polvo Vivo papaya rinde 1 L,Vivo,1 un,litro,290,290,,False,,$290 x litro,$290 x litro,https://www.unimarc.cl/jugos-vivo-papaya-8-gr/p,https://unimarc.vtexassets.com/arquivos/ids/227784/000000000000502123-UN-01.jpg?v=637922227118300000,Jugos,Jugos en polvo,https://www.unimarc.cl/category/bebidas-y-licores/jugos/jugos-en-polvo,https://www.unimarc.cl/_next/data/0ucQ92dO_m9T9joH0FjVV/category/bebidas-y-licores/jugos/jugos-en-polvo.json?categories=bebidas-y-licores&categories=jugos&categories=jugos-en-polvo,2026-02-18T12:44:25
7259,Jugo en polvo Vivo durazno rinde 1 L,Vivo,1 un,litro,290,290,,False,,$290 x litro,$290 x litro,https://www.unimarc.cl/jugo-vivo-8gr-durazno/p,https://unimarc.vtexassets.com/arquivos/ids/227776/000000000400329002-UN-01.jpg?v=637922213556570000,Jugos,Jugos en polvo,https://www.unimarc.cl/category/bebidas-y-licores/jugos/jugos-en-polvo,https://www.unimarc.cl/_next/data/0ucQ92dO_m9T9joH0FjVV/category/bebidas-y-licores/jugos/jugos-en-polvo.json?categories=bebidas-y-licores&categories=jugos&categories=jugos-en-polvo,2026-02-18T12:44:25
6268,Jugo en polvo Vivo durazno huesillo rinde 1 L,Vivo,1 un,litro,290,290,,False,,$290 x litro,$290 x litro,https://www.unimarc.cl/jugo-durazno-huesillo-vivo-7-gr/p,https://unimarc.vtexassets.com/arquivos/ids/227797/000000000000686902-UN-01.jpg?v=637922950127570000,Jugos,Jugos en polvo,https://www.unimarc.cl/category/bebidas-y-licores/jugos/jugos-en-polvo,https://www.unimarc.cl/_next/data/0ucQ92dO_m9T9joH0FjVV/category/bebidas-y-licores/jugos/jugos-en-polvo.json?categories=bebidas-y-licores&categories=jugos&categories=jugos-en-polvo,2026-02-18T12:44:25
74296,Jugo en polvo Sprim melón tuna rinde 1 L,Sprim,1 un,litro,320,320,,False,,$320 x litro,$320 x litro,https://www.unimarc.cl/bebida-polvo-sprim-r-1lt-melon-tuna/p,https://unimarc.vtexassets.com/arquivos/ids/247286/000000000645975009-UN-01.jpg.jpg?v=638768048286530000,Jugos,Jugos en polvo,https://www.unimarc.cl/category/bebidas-y-licores/jugos/jugos-en-polvo,https://www.unimarc.cl/_next/data/0ucQ92dO_m9T9joH0FjVV/category/bebidas-y-licores/jugos/jugos-en-polvo.json?categories=bebidas-y-licores&categories=jugos&categories=jugos-en-polvo,2026-02-18T12:44:25
74375,Jugo en polvo Vivo maracuyá rinde 1 L,Vivo,1 un,litro,290,290,,False,,$290 x litro,$290 x litro,https://www.unimarc.cl/bebida-polvo-vivo-r-1lt-maracuya/p,https://unimarc.vtexassets.com/arquivos/ids/221824/000000000400329015-UN-01.jpg?v=637732112417800000,Jugos,Jugos en polvo,https://www.unimarc.cl/category/bebidas-y-licores/jugos/jugos-en-polvo,https://www.unimarc.cl/_next/data/0ucQ92dO_m9T9joH0FjVV/category/bebidas-y-licores/jugos/jugos-en-polvo.json?categories=bebidas-y-licores&categories=jugos&categories=jugos-en-polvo,2026-02-18T12:44:25
1788,Jugo en polvo Livean pera rinde 1 L,Livean,1 un,litro,290,290,,False,,$290 x litro,$290 x litro,https://www.unimarc.cl/jugo-en-polvo-livean-pera-diet-7-g/p,https://unimarc.vtexassets.com/arquivos/ids/232578/000000000401724015-UN-01.jpg?v=638170015757900000,Jugos,Jugos en polvo,https://www.unimarc.cl/category/bebidas-y-licores/jugos/jugos-en-polvo,https://www.unimarc.cl/_next/data/0ucQ92dO_m9T9joH0FjVV/category/bebidas-y-licores/jugos/jugos-en-polvo.json?categories=bebidas-y-licores&categories=jugos&categories=jugos-en-polvo,2026-02-18T12:44:25
75538,Jugo en polvo Sprim multifrut rinde 1 L,Sprim,1 un,litro,320,320,,False,,$320 x litro,$320 x litro,https://www.unimarc.cl/bebida-polvo-sprim-r-1lt-multifrut/p,https://unimarc.vtexassets.com/arquivos/ids/247288/000000000645975012-UN-01.jpg.jpg?v=638768048856400000,Jugos,Jugos en polvo,https://www.unimarc.cl/category/bebidas-y-licores/jugos/jugos-en-polvo,https://www.unimarc.cl/_next/data/0ucQ92dO_m9T9joH0FjVV/category/bebidas-y-licores/jugos/jugos-en-polvo.json?categories=bebidas-y-licores&categories=jugos&categories=jugos-en-polvo,2026-02-18T12:44:25
12845,Bebida en polvo Zuko Go light blue rinde 1 L,Zuko,1 un,litro,520,520,,False,,$520 x litro,$520 x litro,https://www.unimarc.cl/jugo-light-blue-go-zuko-8-gr/p,https://unimarc.vtexassets.com/arquivos/ids/234493/000000000000795022-UN-01.jpg?v=638247752419770000,Jugos,Jugos en polvo,https://www.unimarc.cl/category/bebidas-y-licores/jugos/jugos-en-polvo,https://www.unimarc.cl/_next/data/0ucQ92dO_m9T9joH0FjVV/category/bebidas-y-licores/jugos/jugos-en-polvo.json?categories=bebidas-y-licores&categories=jugos&categories=jugos-en-polvo,2026-02-18T12:44:25
41154,Pack néctar Watt's manzana 6 un de 200 ml,Watts,1 un,litro,2000,2390,2000,True,Ahorras $390,$1.667 x litro,$1.992 x litro,https://www.unimarc.cl/nectar-watt-s-manzana-individual-6u-x-200-ml/p,https://unimarc.vtexassets.com/arquivos/ids/251962/000000000400045003-PAQ-01.jpg?v=638950119025830000,Jugos,Jugos colación,https://www.unimarc.cl/category/bebidas-y-licores/jugos/jugos-colacion,https://www.unimarc.cl/_next/data/0ucQ92dO_m9T9joH0FjVV/category/bebidas-y-licores/jugos/jugos-colacion.json?categories=bebidas-y-licores&categories=jugos&categories=jugos-colacion,2026-02-18T12:44:31
41132,Pack néctar Watt's durazno 6 un de 200 ml,Watts,1 un,litro,2000,2390,2000,True,Ahorras $390,$1.667 x litro,$1.992 x litro,https://www.unimarc.cl/nectar-watt-s-durazno-cajita-6u-x-200-ml/p,https://unimarc.vtexassets.com/arquivos/ids/251960/000000000400045001-PAQ-01.jpg?v=638950118137600000,Jugos,Jugos colación,https://www.unimarc.cl/category/bebidas-y-licores/jugos/jugos-colacion,https://www.unimarc.cl/_next/data/0ucQ92dO_m9T9joH0FjVV/category/bebidas-y-licores/jugos/jugos-colacion.json?categories=bebidas-y-licores&categories=jugos&categories=jugos-colacion,2026-02-18T12:44:31
41133,Pack néctar Watt's piña 6 un de 200 ml,Watts,1 un,litro,2000,2390,2000,True,Ahorras $390,$1.667 x litro,$1.992 x litro,https://www.unimarc.cl/nectar-watt-s-pina-cajita-6-u-de-200-ml/p,https://unimarc.vtexassets.com/arquivos/ids/251961/000000000400045002-PAQ-01.jpg?v=638950118584630000,Jugos,Jugos colación,https://www.unimarc.cl/category/bebidas-y-licores/jugos/jugos-colacion,https://www.unimarc.cl/_next/data/0ucQ92dO_m9T9joH0FjVV/category/bebidas-y-licores/jugos/jugos-colacion.json?categories=bebidas-y-licores&categories=jugos&categories=jugos-colacion,2026-02-18T12:44:31
41155,Pack néctar Watt's naranja 6 un de 200 ml,Watts,1 un,litro,2000,2390,2000,True,Ahorras $390,$1.667 x litro,$1.992 x litro,https://www.unimarc.cl/nectar-de-naranja-individual-6-u-x-200-ml-2/p,https://unimarc.vtexassets.com/arquivos/ids/251963/000000000400045004-PAQ-01.jpg?v=638950120219330000,Jugos,Jugos colación,https://www.unimarc.cl/category/bebidas-y-licores/jugos/jugos-colacion,https://www.unimarc.cl/_next/data/0ucQ92dO_m9T9joH0FjVV/category/bebidas-y-licores/jugos/jugos-colacion.json?categories=bebidas-y-licores&categories=jugos&categories=jugos-colacion,2026-02-18T12:44:31
3119,Pack Néctar Andina del Valle naranja 6 un de 200 ml,Andina,1 un,litro,2000,2390,2000,True,Ahorras $390,$1.667 x litro,$1.992 x litro,https://www.unimarc.cl/nectar-andina-200-cc-naranja-6-un/p,https://unimarc.vtexassets.com/arquivos/ids/247130/000000000000011504-DIS-01.jpg.jpg?v=638766175420370000,Jugos,Jugos colación,https://www.unimarc.cl/category/bebidas-y-licores/jugos/jugos-colacion,https://www.unimarc.cl/_next/data/0ucQ92dO_m9T9joH0FjVV/category/bebidas-y-licores/jugos/jugos-colacion.json?categories=bebidas-y-licores&categories=jugos&categories=jugos-colacion,2026-02-18T12:44:31
7548,Pack néctar Livean manzana 0% azúcar 6 un de 200 ml,Livean,1 un,litro,2820,2820,,False,,$2.350 x litro,$2.350 x litro,https://www.unimarc.cl/nectar-livean-manzana-0-azucar-6-u-x-200-ml/p,https://unimarc.vtexassets.com/arquivos/ids/234469/000000000402622003-DIS-01.jpg?v=638247710691970000,Jugos,Jugos colación,https://www.unimarc.cl/category/bebidas-y-licores/jugos/jugos-colacion,https://www.unimarc.cl/_next/data/0ucQ92dO_m9T9joH0FjVV/category/bebidas-y-licores/jugos/jugos-colacion.json?categories=bebidas-y-licores&categories=jugos&categories=jugos-colacion,2026-02-18T12:44:31
6151,Pack néctar Livean piña 0% azúcar 6 un de 200 ml,Livean,1 un,litro,2820,2820,,False,,$2.350 x litro,$2.350 x litro,https://www.unimarc.cl/nectar-pina-livean-200-cc-6-un/p,https://unimarc.vtexassets.com/arquivos/ids/234463/000000000000646726-DIS-01.jpg?v=638247704695730000,Jugos,Jugos colación,https://www.unimarc.cl/category/bebidas-y-licores/jugos/jugos-colacion,https://www.unimarc.cl/_next/data/0ucQ92dO_m9T9joH0FjVV/category/bebidas-y-licores/jugos/jugos-colacion.json?categories=bebidas-y-licores&categories=jugos&categories=jugos-colacion,2026-02-18T12:44:31
7546,Pack néctar Livean durazno 0% azúcar 6 un de 200 ml,Livean,1 un,litro,2820,2820,,False,,$2.350 x litro,$2.350 x litro,https://www.unimarc.cl/nectar-livean-durazno-0-azucar-6-u-x-200-ml/p,https://unimarc.vtexassets.com/arquivos/ids/234471/000000000402622002-DIS-01.jpg?v=638247713280730000,Jugos,Jugos colación,https://www.unimarc.cl/category/bebidas-y-licores/jugos/jugos-colacion,https://www.unimarc.cl/_next/data/0ucQ92dO_m9T9joH0FjVV/category/bebidas-y-licores/jugos/jugos-colacion.json?categories=bebidas-y-licores&categories=jugos&categories=jugos-colacion,2026-02-18T12:44:31
7544,Pack néctar Livean naranja 0% azúcar 6 un de 200 ml,Livean,1 un,litro,2820,2820,,False,,$2.350 x litro,$2.350 x litro,https://www.unimarc.cl/nectar-livean-naranja-0-azucar-6-u-x-200-ml/p,https://unimarc.vtexassets.com/arquivos/ids/234465/000000000402622001-DIS-01.jpg?v=638247705939700000,Jugos,Jugos colación,https://www.unimarc.cl/category/bebidas-y-licores/jugos/jugos-colacion,https://www.unimarc.cl/_next/data/0ucQ92dO_m9T9joH0FjVV/category/bebidas-y-licores/jugos/jugos-colacion.json?categories=bebidas-y-licores&categories=jugos&categories=jugos-colacion,2026-02-18T12:44:31
1767,Néctar Watt's durazno boca ancha 300 ml,Watts,1 un,litro,1090,1090,,False,,$3.633 x litro,$3.633 x litro,https://www.unimarc.cl/nectar-watt-s-durazno-boca-ancha-300-ml/p,https://unimarc.vtexassets.com/arquivos/ids/245040/000000000400588005-UN-01.jpg?v=638663273996800000,Jugos,Jugos colación,https://www.unimarc.cl/category/bebidas-y-licores/jugos/jugos-colacion,https://www.unimarc.cl/_next/data/0ucQ92dO_m9T9joH0FjVV/category/bebidas-y-licores/jugos/jugos-colacion.json?categories=bebidas-y-licores&categories=jugos&categories=jugos-colacion,2026-02-18T12:44:31
92906,Pack néctar Watt's tuttifrutilla 6 un de 200 ml,Watts,1 un,litro,2000,2390,2000,True,Ahorras $390,$1.667 x litro,$1.992 x litro,https://www.unimarc.cl/nectar-watt-s-lv-200cc-tuttifrutilla/p,https://unimarc.vtexassets.com/arquivos/ids/251509/000000000400045009-PAQ-01.jpg?v=638937175145600000,Jugos,Jugos colación,https://www.unimarc.cl/category/bebidas-y-licores/jugos/jugos-colacion,https://www.unimarc.cl/_next/data/0ucQ92dO_m9T9joH0FjVV/category/bebidas-y-licores/jugos/jugos-colacion.json?categories=bebidas-y-licores&categories=jugos&categories=jugos-colacion,2026-02-18T12:44:31
1766,Néctar Watt's naranja boca ancha 300 ml,Watts,1 un,litro,1090,1090,,False,,$3.633 x litro,$3.633 x litro,https://www.unimarc.cl/nectar-watt-s-naranja-boca-ancha-300-ml/p,https://unimarc.vtexassets.com/arquivos/ids/245039/000000000400588004-UN-01.jpg?v=638663273515700000,Jugos,Jugos colación,https://www.unimarc.cl/category/bebidas-y-licores/jugos/jugos-colacion,https://www.unimarc.cl/_next/data/0ucQ92dO_m9T9joH0FjVV/category/bebidas-y-licores/jugos/jugos-colacion.json?categories=bebidas-y-licores&categories=jugos&categories=jugos-colacion,2026-02-18T12:44:31
1765,Néctar Watt's tutti frutilla boca ancha 300 ml,Watts,1 un,litro,1090,1090,,False,,$3.633 x litro,$3.633 x litro,https://www.unimarc.cl/nectar-watt-s-tutti-frutilla-boca-ancha-300-ml/p,https://unimarc.vtexassets.com/arquivos/ids/245026/000000000400588001-UN-01.jpg?v=638663251728970000,Jugos,Jugos colación,https://www.unimarc.cl/category/bebidas-y-licores/jugos/jugos-colacion,https://www.unimarc.cl/_next/data/0ucQ92dO_m9T9joH0FjVV/category/bebidas-y-licores/jugos/jugos-colacion.json?categories=bebidas-y-licores&categories=jugos&categories=jugos-colacion,2026-02-18T12:44:31
3123,Pack Néctar Andina del Valle durazno 6 un de 200 ml,Andina,1 un,litro,2000,2390,2000,True,Ahorras $390,$1.667 x litro,$1.992 x litro,https://www.unimarc.cl/nectar-andina-durazno-individual-6-u-x-200-ml/p,https://unimarc.vtexassets.com/arquivos/ids/247132/000000000000011506-DIS-01.jpg.jpg?v=638766176066300000,Jugos,Jugos colación,https://www.unimarc.cl/category/bebidas-y-licores/jugos/jugos-colacion,https://www.unimarc.cl/_next/data/0ucQ92dO_m9T9joH0FjVV/category/bebidas-y-licores/jugos/jugos-colacion.json?categories=bebidas-y-licores&categories=jugos&categories=jugos-colacion,2026-02-18T12:44:31
3127,Pack Néctar Andina del Valle manzana 6 un de 200 ml,Andina,1 un,litro,2000,2390,2000,True,Ahorras $390,$1.667 x litro,$1.992 x litro,https://www.unimarc.cl/nectar-andina-200-cc-manzana-6-un/p,https://unimarc.vtexassets.com/arquivos/ids/247133/000000000000011508-DIS-01.jpg.jpg?v=638766176458900000,Jugos,Jugos colación,https://www.unimarc.cl/category/bebidas-y-licores/jugos/jugos-colacion,https://www.unimarc.cl/_next/data/0ucQ92dO_m9T9joH0FjVV/category/bebidas-y-licores/jugos/jugos-colacion.json?categories=bebidas-y-licores&categories=jugos&categories=jugos-colacion,2026-02-18T12:44:31
3121,Pack Néctar Andina del Valle piña 6 un de 200 ml,Andina,1 un,litro,2000,2390,2000,True,Ahorras $390,$1.667 x litro,$1.992 x litro,https://www.unimarc.cl/nectar-andina-200-cc-pina-6-un/p,https://unimarc.vtexassets.com/arquivos/ids/247131/000000000000011505-DIS-01.jpg.jpg?v=638766175704470000,Jugos,Jugos colación,https://www.unimarc.cl/category/bebidas-y-licores/jugos/jugos-colacion,https://www.unimarc.cl/_next/data/0ucQ92dO_m9T9joH0FjVV/category/bebidas-y-licores/jugos/jugos-colacion.json?categories=bebidas-y-licores&categories=jugos&categories=jugos-colacion,2026-02-18T12:44:31
86985,Pack Néctar Andina del Valle multi frutilla 6 un de 200 ml,Del Valle,1 un,litro,2000,2390,2000,True,Ahorras $390,$1.667 x litro,$1.992 x litro,https://www.unimarc.cl/nectar-del-valle-200-ml-multi-frutilla-2/p,https://unimarc.vtexassets.com/arquivos/ids/238592/000000000665689001-DIS-01.jpg?v=638488751971600000,Jugos,Jugos colación,https://www.unimarc.cl/category/bebidas-y-licores/jugos/jugos-colacion,https://www.unimarc.cl/_next/data/0ucQ92dO_m9T9joH0FjVV/category/bebidas-y-licores/jugos/jugos-colacion.json?categories=bebidas-y-licores&categories=jugos&categories=jugos-colacion,2026-02-18T12:44:31
56667,Jugo orgánico Ama manzana tetra 200 ml,Ama,1 un,litro,900,1090,900,True,Ahorras $190,$4.500 x litro,$5.450 x litro,https://www.unimarc.cl/jugo-tetra-ama-200ml-manzana-2/p,https://unimarc.vtexassets.com/arquivos/ids/222382/000000000637082001-UN-01.jpg?v=637752587988170000,Jugos,Jugos colación,https://www.unimarc.cl/category/bebidas-y-licores/jugos/jugos-colacion,https://www.unimarc.cl/_next/data/0ucQ92dO_m9T9joH0FjVV/category/bebidas-y-licores/jugos/jugos-colacion.json?categories=bebidas-y-licores&categories=jugos&categories=jugos-colacion,2026-02-18T12:44:31
56928,Jugo orgánico Ama manzana durazno tetra 200 ml,Ama,1 un,litro,900,1090,900,True,Ahorras $190,$4.500 x litro,$5.450 x litro,https://www.unimarc.cl/jugo-tetra-ama-200ml-manzana-durazno-2/p,https://unimarc.vtexassets.com/arquivos/ids/222384/000000000637082002-UN-01.jpg?v=637752588762330000,Jugos,Jugos colación,https://www.unimarc.cl/category/bebidas-y-licores/jugos/jugos-colacion,https://www.unimarc.cl/_next/data/0ucQ92dO_m9T9joH0FjVV/category/bebidas-y-licores/jugos/jugos-colacion.json?categories=bebidas-y-licores&categories=jugos&categories=jugos-colacion,2026-02-18T12:44:31
56930,Jugo orgánico Ama manzana pera tetra 200 ml,Ama,1 un,litro,900,1090,900,True,Ahorras $190,$4.500 x litro,$5.450 x litro,https://www.unimarc.cl/jugo-tetra-ama-200ml-manzana-pera-2/p,https://unimarc.vtexassets.com/arquivos/ids/222408/000000000637082003-UN-01.jpg?v=637752745168700000,Jugos,Jugos colación,https://www.unimarc.cl/category/bebidas-y-licores/jugos/jugos-colacion,https://www.unimarc.cl/_next/data/0ucQ92dO_m9T9joH0FjVV/category/bebidas-y-licores/jugos/jugos-colacion.json?categories=bebidas-y-licores&categories=jugos&categories=jugos-colacion,2026-02-18T12:44:31
10557,Pack néctar Watt's piña light 6 un de 200 ml,Watts,1 un,litro,2390,2390,,False,,$1.992 x litro,$1.992 x litro,https://www.unimarc.cl/nectar-pina-light-watts-200-cc-6-un/p,https://unimarc.vtexassets.com/arquivos/ids/251958/000000000000606568-PAQ-01.jpg?v=638950115914200000,Jugos,Jugos colación,https://www.unimarc.cl/category/bebidas-y-licores/jugos/jugos-colacion,https://www.unimarc.cl/_next/data/0ucQ92dO_m9T9joH0FjVV/category/bebidas-y-licores/jugos/jugos-colacion.json?categories=bebidas-y-licores&categories=jugos&categories=jugos-colacion,2026-02-18T12:44:31
41134,Pack néctar Watt's naranja light 6 un de 200 ml,Watts,1 un,litro,2390,2390,,False,,$1.992 x litro,$1.992 x litro,https://www.unimarc.cl/nectar-watt-s-light-naranja-6-u-x-200-ml/p,https://unimarc.vtexassets.com/arquivos/ids/251959/000000000400066001-PAQ-01.jpg?v=638950116754270000,Jugos,Jugos colación,https://www.unimarc.cl/category/bebidas-y-licores/jugos/jugos-colacion,https://www.unimarc.cl/_next/data/0ucQ92dO_m9T9joH0FjVV/category/bebidas-y-licores/jugos/jugos-colacion.json?categories=bebidas-y-licores&categories=jugos&categories=jugos-colacion,2026-02-18T12:44:31
7531,Pack néctar Soprole piña cajita 6 un de 200 ml,Soprole,1 un,litro,2150,2150,,False,,$1.792 x litro,$1.792 x litro,https://www.unimarc.cl/nectar-soprole-200-cc-pina-6-un/p,https://unimarc.vtexassets.com/arquivos/ids/163101/nectar-soprole-200-cc-pina.jpg?v=636523088442830000,Jugos,Jugos colación,https://www.unimarc.cl/category/bebidas-y-licores/jugos/jugos-colacion,https://www.unimarc.cl/_next/data/0ucQ92dO_m9T9joH0FjVV/category/bebidas-y-licores/jugos/jugos-colacion.json?categories=bebidas-y-licores&categories=jugos&categories=jugos-colacion,2026-02-18T12:44:31
10556,Pack Néctar Watts manzana light 6 un de 200 ml,Watts,1 un,litro,2390,2390,,False,,$1.992 x litro,$1.992 x litro,https://www.unimarc.cl/nectar-manzana-light-watts-200-cc-pack-6-un/p,https://unimarc.vtexassets.com/arquivos/ids/251957/000000000000606567-PAQ-01.jpg?v=638950115164070000,Jugos,Jugos colación,https://www.unimarc.cl/category/bebidas-y-licores/jugos/jugos-colacion,https://www.unimarc.cl/_next/data/0ucQ92dO_m9T9joH0FjVV/category/bebidas-y-licores/jugos/jugos-colacion.json?categories=bebidas-y-licores&categories=jugos&categories=jugos-colacion,2026-02-18T12:44:31
7537,Pack néctar Soprole durazno cajita 6 un de 200 ml,Soprole,1 un,litro,2150,2150,,False,,$1.792 x litro,$1.792 x litro,https://www.unimarc.cl/nectar-soprole-200-cc-durazno-6-un/p,https://unimarc.vtexassets.com/arquivos/ids/163098/nectar-soprole-200-cc-durazno.jpg?v=636523088417130000,Jugos,Jugos colación,https://www.unimarc.cl/category/bebidas-y-licores/jugos/jugos-colacion,https://www.unimarc.cl/_next/data/0ucQ92dO_m9T9joH0FjVV/category/bebidas-y-licores/jugos/jugos-colacion.json?categories=bebidas-y-licores&categories=jugos&categories=jugos-colacion,2026-02-18T12:44:31
7536,Néctar Soprole naranja tetra 200 ml,Soprole,1 un,litro,360,360,,False,,$1.800 x litro,$1.800 x litro,https://www.unimarc.cl/nectar-soprole-200-cc-naranja-2/p,https://unimarc.vtexassets.com/arquivos/ids/226035/000000000402614003-UN-01.jpg?v=637861712173230000,Jugos,Jugos colación,https://www.unimarc.cl/category/bebidas-y-licores/jugos/jugos-colacion,https://www.unimarc.cl/_next/data/0ucQ92dO_m9T9joH0FjVV/category/bebidas-y-licores/jugos/jugos-colacion.json?categories=bebidas-y-licores&categories=jugos&categories=jugos-colacion,2026-02-18T12:44:31
67902,Pack Jugo Vivo 100% jugo de pera 3 un de 190 ml,Vivo,1 un,litro,2050,2050,,False,,$3.596 x litro,$3.596 x litro,https://www.unimarc.cl/jugo-vivo-100-fruta-190-ml-pera/p,https://unimarc.vtexassets.com/arquivos/ids/202695/000000000645075002-DIS-01.jpg?v=637377592874830000,Jugos,Jugos colación,https://www.unimarc.cl/category/bebidas-y-licores/jugos/jugos-colacion,https://www.unimarc.cl/_next/data/0ucQ92dO_m9T9joH0FjVV/category/bebidas-y-licores/jugos/jugos-colacion.json?categories=bebidas-y-licores&categories=jugos&categories=jugos-colacion,2026-02-18T12:44:31
7540,Néctar Soprole manzana tetra 200 ml,Soprole,1 un,litro,360,360,,False,,$1.800 x litro,$1.800 x litro,https://www.unimarc.cl/nectar-soprole-200-cc-manzana-2/p,https://unimarc.vtexassets.com/arquivos/ids/226034/000000000402614005-UN-01.jpg?v=637861711094670000,Jugos,Jugos colación,https://www.unimarc.cl/category/bebidas-y-licores/jugos/jugos-colacion,https://www.unimarc.cl/_next/data/0ucQ92dO_m9T9joH0FjVV/category/bebidas-y-licores/jugos/jugos-colacion.json?categories=bebidas-y-licores&categories=jugos&categories=jugos-colacion,2026-02-18T12:44:31
84565,Jugo orgánico Ama manzana 330 ml,Ama,1 un,litro,1790,1790,,False,,$5.424 x litro,$5.424 x litro,https://www.unimarc.cl/jugo-organico-ama-330cc-manzana/p,https://unimarc.vtexassets.com/arquivos/ids/234893/000000000664326001-UN-01.jpg?v=638259975734930000,Jugos,Jugos colación,https://www.unimarc.cl/category/bebidas-y-licores/jugos/jugos-colacion,https://www.unimarc.cl/_next/data/0ucQ92dO_m9T9joH0FjVV/category/bebidas-y-licores/jugos/jugos-colacion.json?categories=bebidas-y-licores&categories=jugos&categories=jugos-colacion,2026-02-18T12:44:31
1903,Pack cerveza Royal Guard lata 24 un de 350 cc,Royal Guard,1 un,litro,14690,18190,14690,True,Ahorras $3.500,$1.749 x litro,$2.165 x litro,https://www.unimarc.cl/cerv-royal-guard-24-x-350cc-lata/p,https://unimarc.vtexassets.com/arquivos/ids/230261/000000000000630787-DIS-01.jpg?v=638034237306130000,Cervezas,Cerveza nacional,https://www.unimarc.cl/category/bebidas-y-licores/cervezas/cerveza-nacional,https://www.unimarc.cl/_next/data/0ucQ92dO_m9T9joH0FjVV/category/bebidas-y-licores/cervezas/cerveza-nacional.json?categories=bebidas-y-licores&categories=cervezas&categories=cerveza-nacional,2026-02-18T12:44:42
8648,Cerveza Cristal botella 24 un de 355 cc,Cristal Cerveza,1 un,litro,12990,15190,12990,True,Ahorras $2.200,$1.525 x litro,$1.783 x litro,https://www.unimarc.cl/cerveza-cristal-24-x-355-cc-bot/p,https://unimarc.vtexassets.com/arquivos/ids/219645/000000000000622505-UN-01.jpg?v=637666432976030000,Cervezas,Cerveza nacional,https://www.unimarc.cl/category/bebidas-y-licores/cervezas/cerveza-nacional,https://www.unimarc.cl/_next/data/0ucQ92dO_m9T9joH0FjVV/category/bebidas-y-licores/cervezas/cerveza-nacional.json?categories=bebidas-y-licores&categories=cervezas&categories=cerveza-nacional,2026-02-18T12:44:42
5904,Cerveza Stones maracuyá lata 6 un de 350 cc,Lemon Stones,1 un,litro,4990,6590,4990,True,Ahorras $1.600,$2.376 x litro,$3.138 x litro,https://www.unimarc.cl/cerveza-maracuya-stones-350cc-lata-6-un/p,https://unimarc.vtexassets.com/arquivos/ids/252869/000000000000612233-DIS-01.jpg?v=638980343996870000,Cervezas,Cerveza nacional,https://www.unimarc.cl/category/bebidas-y-licores/cervezas/cerveza-nacional,https://www.unimarc.cl/_next/data/0ucQ92dO_m9T9joH0FjVV/category/bebidas-y-licores/cervezas/cerveza-nacional.json?categories=bebidas-y-licores&categories=cervezas&categories=cerveza-nacional,2026-02-18T12:44:42
1601,Pack Cerveza Becker lata 24 un de 354 cc,Becker,1 un,litro,10590,10650,10590,True,Ahorras $60,$1.246 x litro,$1.254 x litro,https://www.unimarc.cl/cerveza-becker-lata-350-ml-x-24-u/p,https://unimarc.vtexassets.com/arquivos/ids/251923/000000000000837427-UN-01.jpg?v=638949502606300000,Cervezas,Cerveza nacional,https://www.unimarc.cl/category/bebidas-y-licores/cervezas/cerveza-nacional,https://www.unimarc.cl/_next/data/0ucQ92dO_m9T9joH0FjVV/category/bebidas-y-licores/cervezas/cerveza-nacional.json?categories=bebidas-y-licores&categories=cervezas&categories=cerveza-nacional,2026-02-18T12:44:42
89415,Cerveza Stones berries lata 6 un de 350 ml,Stones,1 un,litro,4990,6590,4990,True,Ahorras $1.600,$2.376 x litro,$3.138 x litro,https://www.unimarc.cl/cerveza-berries-stones-350-cc-lata/p,https://unimarc.vtexassets.com/arquivos/ids/252865/000000000000671971-DIS-01.jpg?v=638980342702300000,Cervezas,Cerveza nacional,https://www.unimarc.cl/category/bebidas-y-licores/cervezas/cerveza-nacional,https://www.unimarc.cl/_next/data/0ucQ92dO_m9T9joH0FjVV/category/bebidas-y-licores/cervezas/cerveza-nacional.json?categories=bebidas-y-licores&categories=cervezas&categories=cerveza-nacional,2026-02-18T12:44:42
3646,Pack Cerveza Lemon Stones lata 6 un de 350 cc,Lemon Stones,1 un,litro,4990,6590,4990,True,Ahorras $1.600,$2.376 x litro,$3.138 x litro,https://www.unimarc.cl/cerv-lemon-stones-350-cc-lata/p,https://unimarc.vtexassets.com/arquivos/ids/252871/000000000000124981-DIS-01.jpg?v=638980344635100000,Cervezas,Cerveza nacional,https://www.unimarc.cl/category/bebidas-y-licores/cervezas/cerveza-nacional,https://www.unimarc.cl/_next/data/0ucQ92dO_m9T9joH0FjVV/category/bebidas-y-licores/cervezas/cerveza-nacional.json?categories=bebidas-y-licores&categories=cervezas&categories=cerveza-nacional,2026-02-18T12:44:42
1610,Pack Cerveza Heineken lata 12 un de 355 cc,Heineken,1 un,litro,7690,12350,7690,True,Ahorras $4.660,$1.805 x litro,$2.899 x litro,https://www.unimarc.cl/cerveza-heineken-lata-355-ml-x-12-u/p,https://unimarc.vtexassets.com/arquivos/ids/245046/000000000000848536-UN-01.jpg?v=638663280053700000,Cervezas,Cerveza nacional,https://www.unimarc.cl/category/bebidas-y-licores/cervezas/cerveza-nacional,https://www.unimarc.cl/_next/data/0ucQ92dO_m9T9joH0FjVV/category/bebidas-y-licores/cervezas/cerveza-nacional.json?categories=bebidas-y-licores&categories=cervezas&categories=cerveza-nacional,2026-02-18T12:44:42
92824,Cerveza Royal guard lager lata 710 cc,Royal Guard,1 un,litro,1650,1650,,False,,$2.324 x litro,$2.324 x litro,https://www.unimarc.cl/cerveza-royal-guard-710-cc-lata/p,https://unimarc.vtexassets.com/arquivos/ids/251296/000000000000686600-UN-01.jpg?v=638929580388670000,Cervezas,Cerveza nacional,https://www.unimarc.cl/category/bebidas-y-licores/cervezas/cerveza-nacional,https://www.unimarc.cl/_next/data/0ucQ92dO_m9T9joH0FjVV/category/bebidas-y-licores/cervezas/cerveza-nacional.json?categories=bebidas-y-licores&categories=cervezas&categories=cerveza-nacional,2026-02-18T12:44:42
7899,Pack Cerveza Heineken botella 6 un de 330 cc,Heineken,1 un,litro,5590,7090,5590,True,Ahorras $1.500,$2.823 x litro,$3.581 x litro,https://www.unimarc.cl/cerveza-heineken-330-ml-x-6-u-no-retornable/p,https://unimarc.vtexassets.com/arquivos/ids/245048/000000000000008892-DIS-01.jpg?v=638663281578500000,Cervezas,Cerveza nacional,https://www.unimarc.cl/category/bebidas-y-licores/cervezas/cerveza-nacional,https://www.unimarc.cl/_next/data/0ucQ92dO_m9T9joH0FjVV/category/bebidas-y-licores/cervezas/cerveza-nacional.json?categories=bebidas-y-licores&categories=cervezas&categories=cerveza-nacional,2026-02-18T12:44:42
615,Pack Cerveza Cristal lata 12 un de 350 cc,Cristal Cerveza,1 un,litro,6990,8390,6990,True,Ahorras $1.400,$1.664 x litro,$1.998 x litro,https://www.unimarc.cl/cerveza-lata-350-ml-x-12-u/p,https://unimarc.vtexassets.com/arquivos/ids/226212/000000000000168914-UN-01.jpg?v=637872898095030000,Cervezas,Cerveza nacional,https://www.unimarc.cl/category/bebidas-y-licores/cervezas/cerveza-nacional,https://www.unimarc.cl/_next/data/0ucQ92dO_m9T9joH0FjVV/category/bebidas-y-licores/cervezas/cerveza-nacional.json?categories=bebidas-y-licores&categories=cervezas&categories=cerveza-nacional,2026-02-18T12:44:42
92821,Cerveza Heineken lata 710 cc,Heineken,1 un,litro,1650,1650,,False,,$2.324 x litro,$2.324 x litro,https://www.unimarc.cl/cerveza-heineken-710-cc-lata/p,https://unimarc.vtexassets.com/arquivos/ids/251293/000000000000686451-UN-01.jpg?v=638929580380900000,Cervezas,Cerveza nacional,https://www.unimarc.cl/category/bebidas-y-licores/cervezas/cerveza-nacional,https://www.unimarc.cl/_next/data/0ucQ92dO_m9T9joH0FjVV/category/bebidas-y-licores/cervezas/cerveza-nacional.json?categories=bebidas-y-licores&categories=cervezas&categories=cerveza-nacional,2026-02-18T12:44:42
670,Pack Cerveza Escudo lata 12 un de 350 cc,Escudo,1 un,litro,6290,8650,6290,True,Ahorras $2.360,$1.498 x litro,$2.060 x litro,https://www.unimarc.cl/cerveza-escudo-lata-350-ml-x-12-u/p,https://unimarc.vtexassets.com/arquivos/ids/227994/000000000000178397-UN-01.jpg?v=637928284346930000,Cervezas,Cerveza nacional,https://www.unimarc.cl/category/bebidas-y-licores/cervezas/cerveza-nacional,https://www.unimarc.cl/_next/data/0ucQ92dO_m9T9joH0FjVV/category/bebidas-y-licores/cervezas/cerveza-nacional.json?categories=bebidas-y-licores&categories=cervezas&categories=cerveza-nacional,2026-02-18T12:44:42
29601,Cerveza Stones mango lata 6 un de 350 ml,Stones,1 un,litro,4990,6590,4990,True,Ahorras $1.600,$2.376 x litro,$3.138 x litro,https://www.unimarc.cl/cerveza-lemon-stones-mango-lata-350-ml-x-6-u/p,https://unimarc.vtexassets.com/arquivos/ids/252863/000000000000826240-DIS-01.jpg?v=638980342067700000,Cervezas,Cerveza nacional,https://www.unimarc.cl/category/bebidas-y-licores/cervezas/cerveza-nacional,https://www.unimarc.cl/_next/data/0ucQ92dO_m9T9joH0FjVV/category/bebidas-y-licores/cervezas/cerveza-nacional.json?categories=bebidas-y-licores&categories=cervezas&categories=cerveza-nacional,2026-02-18T12:44:42
91179,Cerveza Royal golden lager lata 6 un de 470 cc,Royal Guard,1 un,litro,5490,7290,5490,True,Ahorras $1.800,$1.947 x litro,$2.585 x litro,https://www.unimarc.cl/cerveza-golden-royal-g-470-cc-lata-2/p,https://unimarc.vtexassets.com/arquivos/ids/252411/000000000000674841-DIS-01.jpg?v=638972829556430000,Cervezas,Cerveza nacional,https://www.unimarc.cl/category/bebidas-y-licores/cervezas/cerveza-nacional,https://www.unimarc.cl/_next/data/0ucQ92dO_m9T9joH0FjVV/category/bebidas-y-licores/cervezas/cerveza-nacional.json?categories=bebidas-y-licores&categories=cervezas&categories=cerveza-nacional,2026-02-18T12:44:42
93315,Cerveza sabor sandía Stones 350ml,Stones,1 un,litro,4990,6590,4990,True,Ahorras $1.600,$2.376 x litro,$3.138 x litro,https://www.unimarc.cl/cerveza-sandia-stones-350-cc-lata/p,https://unimarc.vtexassets.com/arquivos/ids/252867/000000000000689879-DIS-01.jpg?v=638980343374270000,Cervezas,Cerveza nacional,https://www.unimarc.cl/category/bebidas-y-licores/cervezas/cerveza-nacional,https://www.unimarc.cl/_next/data/0ucQ92dO_m9T9joH0FjVV/category/bebidas-y-licores/cervezas/cerveza-nacional.json?categories=bebidas-y-licores&categories=cervezas&categories=cerveza-nacional,2026-02-18T12:44:42
69282,Pack Cerveza Escudo silver lata 12 un de 350 cc,Escudo Silver,1 un,litro,6290,7990,6290,True,Ahorras $1.700,$1.498 x litro,$1.902 x litro,https://www.unimarc.cl/cerveza-escudo-silver-12x350-cc-lata/p,https://unimarc.vtexassets.com/arquivos/ids/227993/000000000000645870-DIS-01.jpg?v=637928283155400000,Cervezas,Cerveza nacional,https://www.unimarc.cl/category/bebidas-y-licores/cervezas/cerveza-nacional,https://www.unimarc.cl/_next/data/0ucQ92dO_m9T9joH0FjVV/category/bebidas-y-licores/cervezas/cerveza-nacional.json?categories=bebidas-y-licores&categories=cervezas&categories=cerveza-nacional,2026-02-18T12:44:42
16700,Pack Cerveza Escudo lata 6 un de 470 cc,Escudo,1 un,litro,4590,5850,4590,True,Ahorras $1.260,$1.628 x litro,$2.074 x litro,https://www.unimarc.cl/cerveza-escudo-lata-400-ml-x-6-u/p,https://unimarc.vtexassets.com/arquivos/ids/244110/000000000000057969-DIS-01.jpg?v=638617640743530000,Cervezas,Cerveza nacional,https://www.unimarc.cl/category/bebidas-y-licores/cervezas/cerveza-nacional,https://www.unimarc.cl/_next/data/0ucQ92dO_m9T9joH0FjVV/category/bebidas-y-licores/cervezas/cerveza-nacional.json?categories=bebidas-y-licores&categories=cervezas&categories=cerveza-nacional,2026-02-18T12:44:42
48297,Cerveza Becker classic lager lata 710 cc,Becker,1 un,litro,1290,1290,,False,,$1.817 x litro,$1.817 x litro,https://www.unimarc.cl/cerveza-becker-classic-lager-lata-710-cc/p,https://unimarc.vtexassets.com/arquivos/ids/251389/000000000000734586-UN-01.jpg?v=638931249970130000,Cervezas,Cerveza nacional,https://www.unimarc.cl/category/bebidas-y-licores/cervezas/cerveza-nacional,https://www.unimarc.cl/_next/data/0ucQ92dO_m9T9joH0FjVV/category/bebidas-y-licores/cervezas/cerveza-nacional.json?categories=bebidas-y-licores&categories=cervezas&categories=cerveza-nacional,2026-02-18T12:44:42
83091,Cerveza Budweiser lata 710 cc,Budweiser,1 un,litro,1650,1650,,False,,$2.324 x litro,$2.324 x litro,https://www.unimarc.cl/cerveza-budweiser-710-cc-lata/p,https://unimarc.vtexassets.com/arquivos/ids/251391/000000000000662847-UN-01.jpg?v=638931251671330000,Cervezas,Cerveza nacional,https://www.unimarc.cl/category/bebidas-y-licores/cervezas/cerveza-nacional,https://www.unimarc.cl/_next/data/0ucQ92dO_m9T9joH0FjVV/category/bebidas-y-licores/cervezas/cerveza-nacional.json?categories=bebidas-y-licores&categories=cervezas&categories=cerveza-nacional,2026-02-18T12:44:42
2289,Pack Cerveza Becker lata 6 un de 473 cc,Becker,1 un,litro,4590,5550,4590,True,Ahorras $960,$1.617 x litro,$1.956 x litro,https://www.unimarc.cl/cerv-becker-473-cc-lata/p,https://unimarc.vtexassets.com/arquivos/ids/252609/000000000000698846-DIS-01.jpg?v=638974418737500000,Cervezas,Cerveza nacional,https://www.unimarc.cl/category/bebidas-y-licores/cervezas/cerveza-nacional,https://www.unimarc.cl/_next/data/0ucQ92dO_m9T9joH0FjVV/category/bebidas-y-licores/cervezas/cerveza-nacional.json?categories=bebidas-y-licores&categories=cervezas&categories=cerveza-nacional,2026-02-18T12:44:42
92980,Cerveza Escudo silver lata 710 cc,Escudo Silver,1 un,litro,1000,1350,1000,True,Ahorras $350,$1.408 x litro,$1.901 x litro,https://www.unimarc.cl/cerveza-escudo-silver-710-cc-lata/p,https://unimarc.vtexassets.com/arquivos/ids/251456/000000000000671929-UN-01.jpg?v=638936495806700000,Cervezas,Cerveza nacional,https://www.unimarc.cl/category/bebidas-y-licores/cervezas/cerveza-nacional,https://www.unimarc.cl/_next/data/0ucQ92dO_m9T9joH0FjVV/category/bebidas-y-licores/cervezas/cerveza-nacional.json?categories=bebidas-y-licores&categories=cervezas&categories=cerveza-nacional,2026-02-18T12:44:42
85077,Pack cerveza Royal Guard golden lager botella 6 un de 355 cc,Royal Guard,1 un,litro,6190,7190,6190,True,Ahorras $1.000,$2.906 x litro,$3.376 x litro,https://www.unimarc.cl/cerveza-golden-royal-guard-355-cc-bot/p,https://unimarc.vtexassets.com/arquivos/ids/252409/000000000000665929-DIS-01.jpg?v=638972828923630000,Cervezas,Cerveza nacional,https://www.unimarc.cl/category/bebidas-y-licores/cervezas/cerveza-nacional,https://www.unimarc.cl/_next/data/0ucQ92dO_m9T9joH0FjVV/category/bebidas-y-licores/cervezas/cerveza-nacional.json?categories=bebidas-y-licores&categories=cervezas&categories=cerveza-nacional,2026-02-18T12:44:42
92822,Cerveza Cristal lager botella 650 cc,Cristal Cerveza,1 un,litro,1000,1320,1000,True,Ahorras $320,$1.538 x litro,$2.031 x litro,https://www.unimarc.cl/cerveza-cristal-650-cc-bot/p,https://unimarc.vtexassets.com/arquivos/ids/251376/000000000000686452-UN-01.jpg?v=638931079421330000,Cervezas,Cerveza nacional,https://www.unimarc.cl/category/bebidas-y-licores/cervezas/cerveza-nacional,https://www.unimarc.cl/_next/data/0ucQ92dO_m9T9joH0FjVV/category/bebidas-y-licores/cervezas/cerveza-nacional.json?categories=bebidas-y-licores&categories=cervezas&categories=cerveza-nacional,2026-02-18T12:44:42
7905,Pack Cerveza Cristal lata 6 un de 470 cc,Cristal Cerveza,1 un,litro,5290,6090,5290,True,Ahorras $800,$1.876 x litro,$2.160 x litro,https://www.unimarc.cl/cerveza-cristal-470-cc-lata-6-un/p,https://unimarc.vtexassets.com/arquivos/ids/218750/000000000000008914-DIS-01.jpg?v=637643136061500000,Cervezas,Cerveza nacional,https://www.unimarc.cl/category/bebidas-y-licores/cervezas/cerveza-nacional,https://www.unimarc.cl/_next/data/0ucQ92dO_m9T9joH0FjVV/category/bebidas-y-licores/cervezas/cerveza-nacional.json?categories=bebidas-y-licores&categories=cervezas&categories=cerveza-nacional,2026-02-18T12:44:42
96502,Pack Cerveza Cristal ultra liviana lata 6 un de 470 cc,Cristal Cerveza,1 un,litro,4990,5990,4990,True,Ahorras $1.000,$1.770 x litro,$2.124 x litro,https://www.unimarc.cl/cerveza-cristal-ultra-liviana-470cc-lata/p,https://unimarc.vtexassets.com/arquivos/ids/255282/000000000000697287-DIS-01.jpg?v=639041678788970000,Cervezas,Cerveza nacional,https://www.unimarc.cl/category/bebidas-y-licores/cervezas/cerveza-nacional,https://www.unimarc.cl/_next/data/0ucQ92dO_m9T9joH0FjVV/category/bebidas-y-licores/cervezas/cerveza-nacional.json?categories=bebidas-y-licores&categories=cervezas&categories=cerveza-nacional,2026-02-18T12:44:42
84350,Pack Cerveza Heineken silver lata 6 un de 470 cc,Heineken,1 un,litro,5790,7890,5790,True,Ahorras $2.100,$2.053 x litro,$2.798 x litro,https://www.unimarc.cl/cerveza-silver-heineken-470-cc-lata/p,https://unimarc.vtexassets.com/arquivos/ids/232814/000000000000664236-DIS-01.jpg?v=638176015141270000,Cervezas,Cerveza nacional,https://www.unimarc.cl/category/bebidas-y-licores/cervezas/cerveza-nacional,https://www.unimarc.cl/_next/data/0ucQ92dO_m9T9joH0FjVV/category/bebidas-y-licores/cervezas/cerveza-nacional.json?categories=bebidas-y-licores&categories=cervezas&categories=cerveza-nacional,2026-02-18T12:44:42
47723,Pack cerveza Royal Guard lata 6 un de 470 cc,Royal Guard,1 un,litro,5590,7290,5590,True,Ahorras $1.700,$1.982 x litro,$2.585 x litro,https://www.unimarc.cl/cerveza-royal-guard-470-cc-lata/p,https://unimarc.vtexassets.com/arquivos/ids/251250/000000000000623438-DIS-01.jpg?v=638925255717500000,Cervezas,Cerveza nacional,https://www.unimarc.cl/category/bebidas-y-licores/cervezas/cerveza-nacional,https://www.unimarc.cl/_next/data/0ucQ92dO_m9T9joH0FjVV/category/bebidas-y-licores/cervezas/cerveza-nacional.json?categories=bebidas-y-licores&categories=cervezas&categories=cerveza-nacional,2026-02-18T12:44:42
6277,Pack Cerveza Cristal lata 18 un de 350 cc,Cristal Cerveza,1 un,litro,9990,11990,9990,True,Ahorras $2.000,$1.586 x litro,$1.903 x litro,https://www.unimarc.cl/cerv-cristal-18-x-350-cc-lata/p,https://unimarc.vtexassets.com/arquivos/ids/191017/frontal-20895.jpg?v=637147863376900000,Cervezas,Cerveza nacional,https://www.unimarc.cl/category/bebidas-y-licores/cervezas/cerveza-nacional,https://www.unimarc.cl/_next/data/0ucQ92dO_m9T9joH0FjVV/category/bebidas-y-licores/cervezas/cerveza-nacional.json?categories=bebidas-y-licores&categories=cervezas&categories=cerveza-nacional,2026-02-18T12:44:42
7915,Pack Cerveza Royal Guard botella 6 un de 355 cc,Royal Guard,1 un,litro,6190,7190,6190,True,Ahorras $1.000,$2.906 x litro,$3.376 x litro,https://www.unimarc.cl/cerveza-royal-guard-355-ml-x-6u-no-retornable/p,https://unimarc.vtexassets.com/arquivos/ids/210729/000000000000009009-DIS-01.jpg?v=637514428240430000,Cervezas,Cerveza nacional,https://www.unimarc.cl/category/bebidas-y-licores/cervezas/cerveza-nacional,https://www.unimarc.cl/_next/data/0ucQ92dO_m9T9joH0FjVV/category/bebidas-y-licores/cervezas/cerveza-nacional.json?categories=bebidas-y-licores&categories=cervezas&categories=cerveza-nacional,2026-02-18T12:44:42
96617,Cerveza Stones lemon lata 470 cc,Stones,1 un,litro,1000,1290,1000,True,Ahorras $290,$2.128 x litro,$2.745 x litro,https://www.unimarc.cl/cerveza-lemon-stones-470-cc-lata/p,https://unimarc.vtexassets.com/arquivos/ids/255921/000000000000698527-UN-01.jpg?v=639053852801700000,Cervezas,Cerveza nacional,https://www.unimarc.cl/category/bebidas-y-licores/cervezas/cerveza-nacional,https://www.unimarc.cl/_next/data/0ucQ92dO_m9T9joH0FjVV/category/bebidas-y-licores/cervezas/cerveza-nacional.json?categories=bebidas-y-licores&categories=cervezas&categories=cerveza-nacional,2026-02-18T12:44:42
96618,Cerveza Stones berries lata 470 cc,Stones,1 un,litro,1000,1290,1000,True,Ahorras $290,$2.128 x litro,$2.745 x litro,https://www.unimarc.cl/cerveza-berries-stones-470-cc-lata/p,https://unimarc.vtexassets.com/arquivos/ids/255923/000000000000698529-UN-01.jpg?v=639053852806400000,Cervezas,Cerveza nacional,https://www.unimarc.cl/category/bebidas-y-licores/cervezas/cerveza-nacional,https://www.unimarc.cl/_next/data/0ucQ92dO_m9T9joH0FjVV/category/bebidas-y-licores/cervezas/cerveza-nacional.json?categories=bebidas-y-licores&categories=cervezas&categories=cerveza-nacional,2026-02-18T12:44:42
96619,Cerveza Cristal ultra liviana botella 650 cc,Cristal Cerveza,1 un,litro,1000,1320,1000,True,Ahorras $320,$1.538 x litro,$2.031 x litro,https://www.unimarc.cl/cerveza-cristal-ultra-650-cc-bot/p,https://unimarc.vtexassets.com/arquivos/ids/255924/000000000000698530-UN-01.jpg?v=639053852808270000,Cervezas,Cerveza nacional,https://www.unimarc.cl/category/bebidas-y-licores/cervezas/cerveza-nacional,https://www.unimarc.cl/_next/data/0ucQ92dO_m9T9joH0FjVV/category/bebidas-y-licores/cervezas/cerveza-nacional.json?categories=bebidas-y-licores&categories=cervezas&categories=cerveza-nacional,2026-02-18T12:44:42
96620,Cerveza Stones maracuyá lata 470 cc,Stones,1 un,litro,1000,1290,1000,True,Ahorras $290,$2.128 x litro,$2.745 x litro,https://www.unimarc.cl/cerveza-maracuya-stones-470-cc-lata/p,https://unimarc.vtexassets.com/arquivos/ids/255922/000000000000698528-UN-01.jpg?v=639053852803730000,Cervezas,Cerveza nacional,https://www.unimarc.cl/category/bebidas-y-licores/cervezas/cerveza-nacional,https://www.unimarc.cl/_next/data/0ucQ92dO_m9T9joH0FjVV/category/bebidas-y-licores/cervezas/cerveza-nacional.json?categories=bebidas-y-licores&categories=cervezas&categories=cerveza-nacional,2026-02-18T12:44:42
91562,Cerveza Royal Guard hazy lager botella 6 un de 355 cc,Royal Guard,1 un,litro,6190,7450,6190,True,Ahorras $1.260,$2.906 x litro,$3.498 x litro,https://www.unimarc.cl/cerveza-hazy-lager-royal-guard-355cc-bot/p,https://unimarc.vtexassets.com/arquivos/ids/249213/000000000000678605-DIS-01.jpg?v=638848108137830000,Cervezas,Cerveza nacional,https://www.unimarc.cl/category/bebidas-y-licores/cervezas/cerveza-nacional,https://www.unimarc.cl/_next/data/0ucQ92dO_m9T9joH0FjVV/category/bebidas-y-licores/cervezas/cerveza-nacional.json?categories=bebidas-y-licores&categories=cervezas&categories=cerveza-nacional,2026-02-18T12:44:42
12764,Pack Cerveza Morenita lata 6 un de 350 cc,Morenita,1 un,litro,5790,5790,,False,,$2.757 x litro,$2.757 x litro,https://www.unimarc.cl/cerv-morenita-350-cc-lata-pack-6-un/p,https://unimarc.vtexassets.com/arquivos/ids/191215/000000000000751619-DIS-01.jpg?v=637151407154870000,Cervezas,Cerveza nacional,https://www.unimarc.cl/category/bebidas-y-licores/cervezas/cerveza-nacional,https://www.unimarc.cl/_next/data/0ucQ92dO_m9T9joH0FjVV/category/bebidas-y-licores/cervezas/cerveza-nacional.json?categories=bebidas-y-licores&categories=cervezas&categories=cerveza-nacional,2026-02-18T12:44:42
7911,Pack Cerveza Royal Guard lata 6 un de 350 cc,Royal Guard,1 un,litro,7190,7190,,False,,$3.424 x litro,$3.424 x litro,https://www.unimarc.cl/cerveza-royal-guard-lata-355-ml-x-6-u/p,https://unimarc.vtexassets.com/arquivos/ids/205926/000000000000008936-DIS-01.jpg?v=637443498243930000,Cervezas,Cerveza nacional,https://www.unimarc.cl/category/bebidas-y-licores/cervezas/cerveza-nacional,https://www.unimarc.cl/_next/data/0ucQ92dO_m9T9joH0FjVV/category/bebidas-y-licores/cervezas/cerveza-nacional.json?categories=bebidas-y-licores&categories=cervezas&categories=cerveza-nacional,2026-02-18T12:44:42
7924,Pack Cerveza Austral lager botella 4 un de 330 cc,Austral,1 un,litro,7650,7650,,False,,$5.795 x litro,$5.795 x litro,https://www.unimarc.cl/cerv-austral-330-cc-bot/p,https://unimarc.vtexassets.com/arquivos/ids/191002/frontal-578.jpg?v=637147815450870000,Cervezas,Cerveza nacional,https://www.unimarc.cl/category/bebidas-y-licores/cervezas/cerveza-nacional,https://www.unimarc.cl/_next/data/0ucQ92dO_m9T9joH0FjVV/category/bebidas-y-licores/cervezas/cerveza-nacional.json?categories=bebidas-y-licores&categories=cervezas&categories=cerveza-nacional,2026-02-18T12:44:42
7900,Cerveza Heineken botella 330 cc,Heineken,1 un,litro,1450,1450,,False,,$4.394 x litro,$4.394 x litro,https://www.unimarc.cl/cerveza-heineken-330-ml-no-retornable/p,https://unimarc.vtexassets.com/arquivos/ids/213453/000000000000008892-UN-01.jpg?v=637538373321900000,Cervezas,Cerveza nacional,https://www.unimarc.cl/category/bebidas-y-licores/cervezas/cerveza-nacional,https://www.unimarc.cl/_next/data/0ucQ92dO_m9T9joH0FjVV/category/bebidas-y-licores/cervezas/cerveza-nacional.json?categories=bebidas-y-licores&categories=cervezas&categories=cerveza-nacional,2026-02-18T12:44:42
7907,Pack Cerveza Cristal lata 6 un de 350 cc,Cristal Cerveza,1 un,litro,5490,5490,,False,,$2.614 x litro,$2.614 x litro,https://www.unimarc.cl/cerveza-cristal-350-cc-lata-6-un/p,https://unimarc.vtexassets.com/arquivos/ids/191014/frontal-559.jpg?v=637147860455170000,Cervezas,Cerveza nacional,https://www.unimarc.cl/category/bebidas-y-licores/cervezas/cerveza-nacional,https://www.unimarc.cl/_next/data/0ucQ92dO_m9T9joH0FjVV/category/bebidas-y-licores/cervezas/cerveza-nacional.json?categories=bebidas-y-licores&categories=cervezas&categories=cerveza-nacional,2026-02-18T12:44:42
89312,Cerveza Royal Guard Apa botella 6 un de 355 cc,Royal Guard,1 un,litro,6190,7190,6190,True,Ahorras $1.000,$2.906 x litro,$3.376 x litro,https://www.unimarc.cl/cerveza-royal-guard-apa-355-cc-bot/p,https://unimarc.vtexassets.com/arquivos/ids/244582/000000000000671728-DIS-01.jpg?v=638641667465130000,Cervezas,Cerveza nacional,https://www.unimarc.cl/category/bebidas-y-licores/cervezas/cerveza-nacional,https://www.unimarc.cl/_next/data/0ucQ92dO_m9T9joH0FjVV/category/bebidas-y-licores/cervezas/cerveza-nacional.json?categories=bebidas-y-licores&categories=cervezas&categories=cerveza-nacional,2026-02-18T12:44:42
83058,Pack Cerveza Heineken silver botella 6 un de 330 cc,Heineken,1 un,litro,7090,7090,,False,,$3.581 x litro,$3.581 x litro,https://www.unimarc.cl/cerveza-heineken-silver-330-cc-bot/p,https://unimarc.vtexassets.com/arquivos/ids/245054/000000000000662832-DIS-01.jpg?v=638663291899300000,Cervezas,Cerveza nacional,https://www.unimarc.cl/category/bebidas-y-licores/cervezas/cerveza-nacional,https://www.unimarc.cl/_next/data/0ucQ92dO_m9T9joH0FjVV/category/bebidas-y-licores/cervezas/cerveza-nacional.json?categories=bebidas-y-licores&categories=cervezas&categories=cerveza-nacional,2026-02-18T12:44:42
84351,Cerveza Heineken silver lata 470 cc,Heineken,1 un,litro,1350,1350,,False,,$2.872 x litro,$2.872 x litro,https://www.unimarc.cl/cerveza-silver-heineken-470-cc-lata-2/p,https://unimarc.vtexassets.com/arquivos/ids/238819/000000000000664236-UN-01.jpg?v=638494987992830000,Cervezas,Cerveza nacional,https://www.unimarc.cl/category/bebidas-y-licores/cervezas/cerveza-nacional,https://www.unimarc.cl/_next/data/0ucQ92dO_m9T9joH0FjVV/category/bebidas-y-licores/cervezas/cerveza-nacional.json?categories=bebidas-y-licores&categories=cervezas&categories=cerveza-nacional,2026-02-18T12:44:42
83059,Cerveza Heineken silver botella 330 cc,Heineken,1 un,litro,1450,1450,,False,,$4.394 x litro,$4.394 x litro,https://www.unimarc.cl/cerveza-heineken-silver-330-cc-bot-2/p,https://unimarc.vtexassets.com/arquivos/ids/238820/000000000000662832-UN-01.jpg?v=638494988837870000,Cervezas,Cerveza nacional,https://www.unimarc.cl/category/bebidas-y-licores/cervezas/cerveza-nacional,https://www.unimarc.cl/_next/data/0ucQ92dO_m9T9joH0FjVV/category/bebidas-y-licores/cervezas/cerveza-nacional.json?categories=bebidas-y-licores&categories=cervezas&categories=cerveza-nacional,2026-02-18T12:44:42
1180,Pack Cerveza Corona Extra botella 12 un de 330 cc,Corona,1 un,litro,10990,15550,10990,True,Ahorras $4.560,$2.775 x litro,$3.927 x litro,https://www.unimarc.cl/cerveza-corona-extra-355ml-x-12u-no-retor/p,https://unimarc.vtexassets.com/arquivos/ids/250104/000000000000572824-UN-01.jpg?v=638884486080600000,Cervezas,Cerveza importada,https://www.unimarc.cl/category/bebidas-y-licores/cervezas/cerveza-importada,https://www.unimarc.cl/_next/data/0ucQ92dO_m9T9joH0FjVV/category/bebidas-y-licores/cervezas/cerveza-importada.json?categories=bebidas-y-licores&categories=cervezas&categories=cerveza-importada,2026-02-18T12:44:50
80907,Pack cerveza Budweiser lata 24 un de 354 cc,Budweiser,1 un,litro,13990,15750,13990,True,Ahorras $1.760,$1.647 x litro,$1.854 x litro,https://www.unimarc.cl/cerveza-budweiser-lata-354cc-x24-un/p,https://unimarc.vtexassets.com/arquivos/ids/250088/000000000000655188-UN-01.jpg?v=638884479428100000,Cervezas,Cerveza importada,https://www.unimarc.cl/category/bebidas-y-licores/cervezas/cerveza-importada,https://www.unimarc.cl/_next/data/0ucQ92dO_m9T9joH0FjVV/category/bebidas-y-licores/cervezas/cerveza-importada.json?categories=bebidas-y-licores&categories=cervezas&categories=cerveza-importada,2026-02-18T12:44:50
61416,Pack Cerveza Coors original botella 6 un de 355 cc,Coors,1 un,litro,5690,6950,5690,True,Ahorras $1.260,$2.671 x litro,$3.263 x litro,https://www.unimarc.cl/cerveza-coors-original-355-cc-bot/p,https://unimarc.vtexassets.com/arquivos/ids/244134/000000000000639546-DIS-01.jpg?v=638618318162600000,Cervezas,Cerveza importada,https://www.unimarc.cl/category/bebidas-y-licores/cervezas/cerveza-importada,https://www.unimarc.cl/_next/data/0ucQ92dO_m9T9joH0FjVV/category/bebidas-y-licores/cervezas/cerveza-importada.json?categories=bebidas-y-licores&categories=cervezas&categories=cerveza-importada,2026-02-18T12:44:50
1240,Pack Cerveza Sol botella 12 un de 330 cc,Sol,1 un,litro,9990,12990,9990,True,Ahorras $3.000,$2.523 x litro,$3.280 x litro,https://www.unimarc.cl/cerveza-sol-12-x-330-ml-no-retor/p,https://unimarc.vtexassets.com/arquivos/ids/244128/000000000000604209-UN-01.jpg?v=638618315290130000,Cervezas,Cerveza importada,https://www.unimarc.cl/category/bebidas-y-licores/cervezas/cerveza-importada,https://www.unimarc.cl/_next/data/0ucQ92dO_m9T9joH0FjVV/category/bebidas-y-licores/cervezas/cerveza-importada.json?categories=bebidas-y-licores&categories=cervezas&categories=cerveza-importada,2026-02-18T12:44:50
74270,Pack Cerveza Stella Artois botella 24 un de 330 cc,Stella Artois,1 un,litro,16490,23990,16490,True,Ahorras $7.500,$2.082 x litro,$3.029 x litro,https://www.unimarc.cl/cerveza-stella-artois-330ccx24-bot/p,https://unimarc.vtexassets.com/arquivos/ids/251626/000000000000648807-UN-01.jpg?v=638944194642500000,Cervezas,Cerveza importada,https://www.unimarc.cl/category/bebidas-y-licores/cervezas/cerveza-importada,https://www.unimarc.cl/_next/data/0ucQ92dO_m9T9joH0FjVV/category/bebidas-y-licores/cervezas/cerveza-importada.json?categories=bebidas-y-licores&categories=cervezas&categories=cerveza-importada,2026-02-18T12:44:50
92209,Cerveza Coors original botella 12 un de 355 cc,Coors,1 un,litro,10990,12150,10990,True,Ahorras $1.160,$2.580 x litro,$2.852 x litro,https://www.unimarc.cl/cerveza-coors-original-355x12-cc-bot/p,https://unimarc.vtexassets.com/arquivos/ids/251197/000000000000652911-UN-01.jpg?v=638920786354330000,Cervezas,Cerveza importada,https://www.unimarc.cl/category/bebidas-y-licores/cervezas/cerveza-importada,https://www.unimarc.cl/_next/data/0ucQ92dO_m9T9joH0FjVV/category/bebidas-y-licores/cervezas/cerveza-importada.json?categories=bebidas-y-licores&categories=cervezas&categories=cerveza-importada,2026-02-18T12:44:50
54960,Pack Cerveza Quilmes clásica lata 6 un de 473 cc,Quilmes,1 un,litro,4990,6350,4990,True,Ahorras $1.360,$1.758 x litro,$2.237 x litro,https://www.unimarc.cl/cerveza-clasica-quilmes-473-cc-lata/p,https://unimarc.vtexassets.com/arquivos/ids/250139/000000000000636371-DIS-01.jpg?v=638884498378670000,Cervezas,Cerveza importada,https://www.unimarc.cl/category/bebidas-y-licores/cervezas/cerveza-importada,https://www.unimarc.cl/_next/data/0ucQ92dO_m9T9joH0FjVV/category/bebidas-y-licores/cervezas/cerveza-importada.json?categories=bebidas-y-licores&categories=cervezas&categories=cerveza-importada,2026-02-18T12:44:50
90304,Pack Cerveza Quilmes clásica botella 24 un de 300 cc,Quilmes,1 un,litro,15990,19990,15990,True,Ahorras $4.000,$2.221 x litro,$2.776 x litro,https://www.unimarc.cl/cerveza-clasica-quilmes-300-ml-bot/p,https://unimarc.vtexassets.com/arquivos/ids/250147/000000000000673438-CJ-01.jpg?v=638884500871130000,Cervezas,Cerveza importada,https://www.unimarc.cl/category/bebidas-y-licores/cervezas/cerveza-importada,https://www.unimarc.cl/_next/data/0ucQ92dO_m9T9joH0FjVV/category/bebidas-y-licores/cervezas/cerveza-importada.json?categories=bebidas-y-licores&categories=cervezas&categories=cerveza-importada,2026-02-18T12:44:50
92819,Cerveza Corona extra lata 6 un de 473 cc,Corona,1 un,litro,6390,6890,6390,True,Ahorras $500,$2.252 x litro,$2.428 x litro,https://www.unimarc.cl/cerveza-corona-473-lata/p,https://unimarc.vtexassets.com/arquivos/ids/251387/000000000000686446-DIS-01.jpg?v=638931245209570000,Cervezas,Cerveza importada,https://www.unimarc.cl/category/bebidas-y-licores/cervezas/cerveza-importada,https://www.unimarc.cl/_next/data/0ucQ92dO_m9T9joH0FjVV/category/bebidas-y-licores/cervezas/cerveza-importada.json?categories=bebidas-y-licores&categories=cervezas&categories=cerveza-importada,2026-02-18T12:44:50
78729,Pack Cerveza Budweiser botella 6 un de 330 cc,Budweiser,1 un,litro,5190,6390,5190,True,Ahorras $1.200,$2.621 x litro,$3.227 x litro,https://www.unimarc.cl/cerveza-budweiser-ow-330-ml-bot/p,https://unimarc.vtexassets.com/arquivos/ids/250080/000000000000652792-DIS-01.jpg?v=638884477975830000,Cervezas,Cerveza importada,https://www.unimarc.cl/category/bebidas-y-licores/cervezas/cerveza-importada,https://www.unimarc.cl/_next/data/0ucQ92dO_m9T9joH0FjVV/category/bebidas-y-licores/cervezas/cerveza-importada.json?categories=bebidas-y-licores&categories=cervezas&categories=cerveza-importada,2026-02-18T12:44:50
4165,Pack Cerveza Stella Artois botella 6 un de 330 cc,Stella Artois,1 un,litro,5590,6590,5590,True,Ahorras $1.000,$2.823 x litro,$3.328 x litro,https://www.unimarc.cl/cerveza-stella-artois-botella-330-ml-x-6-u/p,https://unimarc.vtexassets.com/arquivos/ids/250151/000000000000176169-DIS-01.jpg?v=638884502573900000,Cervezas,Cerveza importada,https://www.unimarc.cl/category/bebidas-y-licores/cervezas/cerveza-importada,https://www.unimarc.cl/_next/data/0ucQ92dO_m9T9joH0FjVV/category/bebidas-y-licores/cervezas/cerveza-importada.json?categories=bebidas-y-licores&categories=cervezas&categories=cerveza-importada,2026-02-18T12:44:50
1118,Pack Cerveza Stella Artois lata 12 un de 354 cc,Stella Artois,1 un,litro,8990,11150,8990,True,Ahorras $2.160,$2.116 x litro,$2.625 x litro,https://www.unimarc.cl/cerveza-stella-artois-lata-350-ml-x-12-u/p,https://unimarc.vtexassets.com/arquivos/ids/250402/000000000000548930-UN-01.jpg?v=638900073684570000,Cervezas,Cerveza importada,https://www.unimarc.cl/category/bebidas-y-licores/cervezas/cerveza-importada,https://www.unimarc.cl/_next/data/0ucQ92dO_m9T9joH0FjVV/category/bebidas-y-licores/cervezas/cerveza-importada.json?categories=bebidas-y-licores&categories=cervezas&categories=cerveza-importada,2026-02-18T12:44:50
5500,Pack Cerveza Corona extra botella 6 un de 330 cc,Corona,1 un,litro,6190,6890,6190,True,Ahorras $700,$3.126 x litro,$3.480 x litro,https://www.unimarc.cl/cerveza-corona-extra-355ml-no-retornable-6-un/p,https://unimarc.vtexassets.com/arquivos/ids/255961/000000000000566684-DIS-01.jpg?v=639059117791930000,Cervezas,Cerveza importada,https://www.unimarc.cl/category/bebidas-y-licores/cervezas/cerveza-importada,https://www.unimarc.cl/_next/data/0ucQ92dO_m9T9joH0FjVV/category/bebidas-y-licores/cervezas/cerveza-importada.json?categories=bebidas-y-licores&categories=cervezas&categories=cerveza-importada,2026-02-18T12:44:50
91898,Pack cerveza Corelli lager lata 6 un de 330 cc,Corelli,1 un,litro,3990,4690,3990,True,Ahorras $700,$2.015 x litro,$2.369 x litro,https://www.unimarc.cl/cerveza-corelli-330-cc-lata/p,https://unimarc.vtexassets.com/arquivos/ids/251259/000000000000661982-DIS-01.jpg?v=638929318586700000,Cervezas,Cerveza importada,https://www.unimarc.cl/category/bebidas-y-licores/cervezas/cerveza-importada,https://www.unimarc.cl/_next/data/0ucQ92dO_m9T9joH0FjVV/category/bebidas-y-licores/cervezas/cerveza-importada.json?categories=bebidas-y-licores&categories=cervezas&categories=cerveza-importada,2026-02-18T12:44:50
67048,Pack cerveza Coors original lata 12 un de 350 cc,Coors,1 un,litro,8990,11190,8990,True,Ahorras $2.200,$2.140 x litro,$2.664 x litro,https://www.unimarc.cl/cerveza-coors-original-350-cc-lata-3/p,https://unimarc.vtexassets.com/arquivos/ids/235016/000000000000639545-PAQ-01.jpg?v=638599374102300000,Cervezas,Cerveza importada,https://www.unimarc.cl/category/bebidas-y-licores/cervezas/cerveza-importada,https://www.unimarc.cl/_next/data/0ucQ92dO_m9T9joH0FjVV/category/bebidas-y-licores/cervezas/cerveza-importada.json?categories=bebidas-y-licores&categories=cervezas&categories=cerveza-importada,2026-02-18T12:44:50
5256,Pack Cerveza Cusqueña botella 6 un de 330 cc,Cusqueña,1 un,litro,4990,6290,4990,True,Ahorras $1.300,$2.520 x litro,$3.177 x litro,https://www.unimarc.cl/cerveza-cusquena-botella-330ml-desechable-6-un/p,https://unimarc.vtexassets.com/arquivos/ids/250119/000000000000507819-DIS-01.jpg?v=638884491770130000,Cervezas,Cerveza importada,https://www.unimarc.cl/category/bebidas-y-licores/cervezas/cerveza-importada,https://www.unimarc.cl/_next/data/0ucQ92dO_m9T9joH0FjVV/category/bebidas-y-licores/cervezas/cerveza-importada.json?categories=bebidas-y-licores&categories=cervezas&categories=cerveza-importada,2026-02-18T12:44:50
92818,Cerveza Quilmes lata 710 cc,Quilmes,1 un,litro,1650,1650,,False,,$2.324 x litro,$2.324 x litro,https://www.unimarc.cl/cerveza-quilmes-710-cc-lata/p,https://unimarc.vtexassets.com/arquivos/ids/251385/000000000000686340-UN-01.jpg?v=638931241818030000,Cervezas,Cerveza importada,https://www.unimarc.cl/category/bebidas-y-licores/cervezas/cerveza-importada,https://www.unimarc.cl/_next/data/0ucQ92dO_m9T9joH0FjVV/category/bebidas-y-licores/cervezas/cerveza-importada.json?categories=bebidas-y-licores&categories=cervezas&categories=cerveza-importada,2026-02-18T12:44:50
92823,Cerveza Cusqueña dorada lager lata 710 cc,Cusqueña,1 un,litro,1650,1650,,False,,$2.324 x litro,$2.324 x litro,https://www.unimarc.cl/cerveza-dorada-cusquena-710-cc-lata/p,https://unimarc.vtexassets.com/arquivos/ids/251294/000000000000686470-UN-01.jpg?v=638929580384070000,Cervezas,Cerveza importada,https://www.unimarc.cl/category/bebidas-y-licores/cervezas/cerveza-importada,https://www.unimarc.cl/_next/data/0ucQ92dO_m9T9joH0FjVV/category/bebidas-y-licores/cervezas/cerveza-importada.json?categories=bebidas-y-licores&categories=cervezas&categories=cerveza-importada,2026-02-18T12:44:50
94017,Cerveza rose Royal Guard lata 350ml,Royal Guard,1 un,litro,1000,1390,1000,True,Ahorras $390,$2.817 x litro,$3.915 x litro,https://www.unimarc.cl/cerveza-rose-royal-guard-350-cc-lata/p,https://unimarc.vtexassets.com/arquivos/ids/254092/000000000000694332-UN-01.jpg?v=639013961275200000,Cervezas,Cerveza importada,https://www.unimarc.cl/category/bebidas-y-licores/cervezas/cerveza-importada,https://www.unimarc.cl/_next/data/0ucQ92dO_m9T9joH0FjVV/category/bebidas-y-licores/cervezas/cerveza-importada.json?categories=bebidas-y-licores&categories=cervezas&categories=cerveza-importada,2026-02-18T12:44:50
93998,Cerveza Coors original botella 620 cc,Coors,1 un,litro,1290,1690,1290,True,Ahorras $400,$2.081 x litro,$2.726 x litro,https://www.unimarc.cl/cerveza-coors-original-620-cc-bot/p,https://unimarc.vtexassets.com/arquivos/ids/254009/000000000000692727-UN-01.jpg?v=639009641798270000,Cervezas,Cerveza importada,https://www.unimarc.cl/category/bebidas-y-licores/cervezas/cerveza-importada,https://www.unimarc.cl/_next/data/0ucQ92dO_m9T9joH0FjVV/category/bebidas-y-licores/cervezas/cerveza-importada.json?categories=bebidas-y-licores&categories=cervezas&categories=cerveza-importada,2026-02-18T12:44:50
7932,Pack Cerveza Sol botella 6 un de 330 cc,Sol,1 un,litro,6290,7450,6290,True,Ahorras $1.160,$3.177 x litro,$3.763 x litro,https://www.unimarc.cl/cerveza-sol-6-x-330-ml-no-retornable/p,https://unimarc.vtexassets.com/arquivos/ids/244109/000000000000009130-DIS-01.jpg?v=638617626902900000,Cervezas,Cerveza importada,https://www.unimarc.cl/category/bebidas-y-licores/cervezas/cerveza-importada,https://www.unimarc.cl/_next/data/0ucQ92dO_m9T9joH0FjVV/category/bebidas-y-licores/cervezas/cerveza-importada.json?categories=bebidas-y-licores&categories=cervezas&categories=cerveza-importada,2026-02-18T12:44:50
94016,Cerveza Sweet Royal Guard lata 350ml,Royal Guard,1 un,litro,1000,1390,1000,True,Ahorras $390,$2.817 x litro,$3.915 x litro,https://www.unimarc.cl/cerveza-sweet-royal-guard-350-cc-lata/p,https://unimarc.vtexassets.com/arquivos/ids/254091/000000000000694331-UN-01.jpg?v=639013961273300000,Cervezas,Cerveza importada,https://www.unimarc.cl/category/bebidas-y-licores/cervezas/cerveza-importada,https://www.unimarc.cl/_next/data/0ucQ92dO_m9T9joH0FjVV/category/bebidas-y-licores/cervezas/cerveza-importada.json?categories=bebidas-y-licores&categories=cervezas&categories=cerveza-importada,2026-02-18T12:44:50
87614,Pack Cerveza Coors original lata 6 un de 470 cc,Coors,1 un,litro,5990,7590,5990,True,Ahorras $1.600,$2.124 x litro,$2.691 x litro,https://www.unimarc.cl/cerveza-original-coors-470-ml-lata/p,https://unimarc.vtexassets.com/arquivos/ids/242735/000000000000668896-DIS-01.jpg?v=638556337523730000,Cervezas,Cerveza importada,https://www.unimarc.cl/category/bebidas-y-licores/cervezas/cerveza-importada,https://www.unimarc.cl/_next/data/0ucQ92dO_m9T9joH0FjVV/category/bebidas-y-licores/cervezas/cerveza-importada.json?categories=bebidas-y-licores&categories=cervezas&categories=cerveza-importada,2026-02-18T12:44:50
89828,Cerveza Sol mix mango margarita lata 6 un de 350 cc,Sol,1 un,litro,6190,7490,6190,True,Ahorras $1.300,$2.948 x litro,$3.567 x litro,https://www.unimarc.cl/cerveza-mix-mango-margarita-sol-350-lata/p,https://unimarc.vtexassets.com/arquivos/ids/245804/000000000000672092-DIS-01.jpg?v=638690837440270000,Cervezas,Cerveza importada,https://www.unimarc.cl/category/bebidas-y-licores/cervezas/cerveza-importada,https://www.unimarc.cl/_next/data/0ucQ92dO_m9T9joH0FjVV/category/bebidas-y-licores/cervezas/cerveza-importada.json?categories=bebidas-y-licores&categories=cervezas&categories=cerveza-importada,2026-02-18T12:44:50
72,Pack Cerveza Budweiser lata 12 un de 354 cc,Budweiser,1 un,litro,8490,9990,8490,True,Ahorras $1.500,$1.993 x litro,$2.345 x litro,https://www.unimarc.cl/cerveza-budweiser-lata-355-ml-x-12-u/p,https://unimarc.vtexassets.com/arquivos/ids/252613/000000000000009083-UN-01.jpg?v=638974420091230000,Cervezas,Cerveza importada,https://www.unimarc.cl/category/bebidas-y-licores/cervezas/cerveza-importada,https://www.unimarc.cl/_next/data/0ucQ92dO_m9T9joH0FjVV/category/bebidas-y-licores/cervezas/cerveza-importada.json?categories=bebidas-y-licores&categories=cervezas&categories=cerveza-importada,2026-02-18T12:44:50
82276,Pack cerveza Quilmes clásica lata 12 un de 354 cc,Quilmes,1 un,litro,6990,8990,6990,True,Ahorras $2.000,$1.645 x litro,$2.116 x litro,https://www.unimarc.cl/cerveza-clasica-quilmes-lata-354-cc/p,https://unimarc.vtexassets.com/arquivos/ids/250143/000000000000661595-DIS-01.jpg?v=638884499381930000,Cervezas,Cerveza importada,https://www.unimarc.cl/category/bebidas-y-licores/cervezas/cerveza-importada,https://www.unimarc.cl/_next/data/0ucQ92dO_m9T9joH0FjVV/category/bebidas-y-licores/cervezas/cerveza-importada.json?categories=bebidas-y-licores&categories=cervezas&categories=cerveza-importada,2026-02-18T12:44:50
9972,Pack Cerveza Budweiser lata 6 un de 473 cc,Budweiser,1 un,litro,6390,6390,,False,,$2.252 x litro,$2.252 x litro,https://www.unimarc.cl/cerveza-budweiser-lata-473cc-pack-6-un/p,https://unimarc.vtexassets.com/arquivos/ids/250074/000000000000626636-DIS-01.jpg?v=638884476035630000,Cervezas,Cerveza importada,https://www.unimarc.cl/category/bebidas-y-licores/cervezas/cerveza-importada,https://www.unimarc.cl/_next/data/0ucQ92dO_m9T9joH0FjVV/category/bebidas-y-licores/cervezas/cerveza-importada.json?categories=bebidas-y-licores&categories=cervezas&categories=cerveza-importada,2026-02-18T12:44:50
91122,Cerveza Guinness extra stout lata 473 cc,Guinness,1 un,litro,3290,3290,,False,,$6.956 x litro,$6.956 x litro,https://www.unimarc.cl/cerveza-extra-stout-guinness-473-ml-lata/p,https://unimarc.vtexassets.com/arquivos/ids/248011/000000000000674995-UN-01.jpg?v=638798953237230000,Cervezas,Cerveza importada,https://www.unimarc.cl/category/bebidas-y-licores/cervezas/cerveza-importada,https://www.unimarc.cl/_next/data/0ucQ92dO_m9T9joH0FjVV/category/bebidas-y-licores/cervezas/cerveza-importada.json?categories=bebidas-y-licores&categories=cervezas&categories=cerveza-importada,2026-02-18T12:44:50
5501,Cerveza Corona extra botella 330 cc,Corona,1 un,litro,1390,1390,,False,,$4.212 x litro,$4.212 x litro,https://www.unimarc.cl/cerveza-corona-extra-355ml-no-retornable/p,https://unimarc.vtexassets.com/arquivos/ids/250100/000000000000566684-UN-01.jpg?v=638884484914430000,Cervezas,Cerveza importada,https://www.unimarc.cl/category/bebidas-y-licores/cervezas/cerveza-importada,https://www.unimarc.cl/_next/data/0ucQ92dO_m9T9joH0FjVV/category/bebidas-y-licores/cervezas/cerveza-importada.json?categories=bebidas-y-licores&categories=cervezas&categories=cerveza-importada,2026-02-18T12:44:50
88730,Cerveza Peroni lager nastro azzurro botella 6 un de 330 cc,Peroni,1 un,litro,7990,7990,,False,,$4.035 x litro,$4.035 x litro,https://www.unimarc.cl/cerveza-peroni-lager-nastro-az-330cc-bot/p,https://unimarc.vtexassets.com/arquivos/ids/243781/000000000000633257-DIS-01.jpg?v=638604526000900000,Cervezas,Cerveza importada,https://www.unimarc.cl/category/bebidas-y-licores/cervezas/cerveza-importada,https://www.unimarc.cl/_next/data/0ucQ92dO_m9T9joH0FjVV/category/bebidas-y-licores/cervezas/cerveza-importada.json?categories=bebidas-y-licores&categories=cervezas&categories=cerveza-importada,2026-02-18T12:44:50
78283,Pack Cerveza Mahou sin gluten botella 6 un de 330 cc,Mahou,1 un,litro,10790,10790,,False,,$5.449 x litro,$5.449 x litro,https://www.unimarc.cl/cerveza-sin-gluten-mahou-330-ml-bot/p,https://unimarc.vtexassets.com/arquivos/ids/218537/000000000000652397-DIS-01.jpg?v=637636968958170000,Cervezas,Cerveza importada,https://www.unimarc.cl/category/bebidas-y-licores/cervezas/cerveza-importada,https://www.unimarc.cl/_next/data/0ucQ92dO_m9T9joH0FjVV/category/bebidas-y-licores/cervezas/cerveza-importada.json?categories=bebidas-y-licores&categories=cervezas&categories=cerveza-importada,2026-02-18T12:44:50
58924,Pack Cerveza Estrella Damm botella 6 un de 330 cc,Estrella Damm,1 un,litro,7990,7990,,False,,$4.035 x litro,$4.035 x litro,https://www.unimarc.cl/cerveza-estrella-damm-330-cc-bot/p,https://unimarc.vtexassets.com/arquivos/ids/204085/000000000000636649-DIS-01.jpg?v=637399779790000000,Cervezas,Cerveza importada,https://www.unimarc.cl/category/bebidas-y-licores/cervezas/cerveza-importada,https://www.unimarc.cl/_next/data/0ucQ92dO_m9T9joH0FjVV/category/bebidas-y-licores/cervezas/cerveza-importada.json?categories=bebidas-y-licores&categories=cervezas&categories=cerveza-importada,2026-02-18T12:44:50
78291,Pack Cerveza Alhambra roja botella 4 un de 330 cc,Alhambra,1 un,litro,7290,7290,,False,,$5.523 x litro,$5.523 x litro,https://www.unimarc.cl/cerveza-roja-alhambra-330-ml-bot/p,https://unimarc.vtexassets.com/arquivos/ids/219787/000000000000652401-DIS-01.jpg?v=637668142825370000,Cervezas,Cerveza importada,https://www.unimarc.cl/category/bebidas-y-licores/cervezas/cerveza-importada,https://www.unimarc.cl/_next/data/0ucQ92dO_m9T9joH0FjVV/category/bebidas-y-licores/cervezas/cerveza-importada.json?categories=bebidas-y-licores&categories=cervezas&categories=cerveza-importada,2026-02-18T12:44:50
78284,Cerveza Mahou sin gluten botella 330 cc,Mahou,1 un,litro,1850,1850,,False,,$5.606 x litro,$5.606 x litro,https://www.unimarc.cl/cerveza-sin-gluten-mahou-330-ml-bot-2/p,https://unimarc.vtexassets.com/arquivos/ids/219782/000000000000652397-UN-01.jpg?v=637668116913170000,Cervezas,Cerveza importada,https://www.unimarc.cl/category/bebidas-y-licores/cervezas/cerveza-importada,https://www.unimarc.cl/_next/data/0ucQ92dO_m9T9joH0FjVV/category/bebidas-y-licores/cervezas/cerveza-importada.json?categories=bebidas-y-licores&categories=cervezas&categories=cerveza-importada,2026-02-18T12:44:50
87615,Cerveza Coors original lata 470 cc,Coors,1 un,litro,1290,1290,,False,,$2.745 x litro,$2.745 x litro,https://www.unimarc.cl/cerveza-original-coors-470-ml-lata-2/p,https://unimarc.vtexassets.com/arquivos/ids/244143/000000000000668896-UN-01.jpg?v=638618321529200000,Cervezas,Cerveza importada,https://www.unimarc.cl/category/bebidas-y-licores/cervezas/cerveza-importada,https://www.unimarc.cl/_next/data/0ucQ92dO_m9T9joH0FjVV/category/bebidas-y-licores/cervezas/cerveza-importada.json?categories=bebidas-y-licores&categories=cervezas&categories=cerveza-importada,2026-02-18T12:44:50
58738,Pack Cerveza Mahou lager cinco estrellas botella 6 un de 330 cc,Mahou,1 un,litro,7590,7590,,False,,$3.833 x litro,$3.833 x litro,https://www.unimarc.cl/cerv-mahou-5-estrellas-330cc-bot-2/p,https://unimarc.vtexassets.com/arquivos/ids/190410/Pack-Cerveza-Mahou-lager-cinco-estrellas-botella-6-un-de-330-cc-1-66712.jpg?v=637133169318630000,Cervezas,Cerveza importada,https://www.unimarc.cl/category/bebidas-y-licores/cervezas/cerveza-importada,https://www.unimarc.cl/_next/data/0ucQ92dO_m9T9joH0FjVV/category/bebidas-y-licores/cervezas/cerveza-importada.json?categories=bebidas-y-licores&categories=cervezas&categories=cerveza-importada,2026-02-18T12:44:50
78730,Cerveza Budweiser botella 330 cc,Budweiser,1 un,litro,1190,1190,,False,,$3.606 x litro,$3.606 x litro,https://www.unimarc.cl/cerveza-budweiser-ow-330-ml-bot-2/p,https://unimarc.vtexassets.com/arquivos/ids/250084/000000000000652792-UN-01.jpg?v=638884478232930000,Cervezas,Cerveza importada,https://www.unimarc.cl/category/bebidas-y-licores/cervezas/cerveza-importada,https://www.unimarc.cl/_next/data/0ucQ92dO_m9T9joH0FjVV/category/bebidas-y-licores/cervezas/cerveza-importada.json?categories=bebidas-y-licores&categories=cervezas&categories=cerveza-importada,2026-02-18T12:44:50
65649,Cerveza Coors original botella 355 cc,Coors,1 un,litro,1250,1250,,False,,$3.521 x litro,$3.521 x litro,https://www.unimarc.cl/cerveza-coors-original-355-cc-bot-2/p,https://unimarc.vtexassets.com/arquivos/ids/244135/000000000000639546-UN-01.jpg?v=638618318561970000,Cervezas,Cerveza importada,https://www.unimarc.cl/category/bebidas-y-licores/cervezas/cerveza-importada,https://www.unimarc.cl/_next/data/0ucQ92dO_m9T9joH0FjVV/category/bebidas-y-licores/cervezas/cerveza-importada.json?categories=bebidas-y-licores&categories=cervezas&categories=cerveza-importada,2026-02-18T12:44:50
5257,Cerveza Cusqueña botella 330 cc,Cusqueña,1 un,litro,1150,1150,,False,,$3.485 x litro,$3.485 x litro,https://www.unimarc.cl/cerveza-cusquena-botella-330ml-desechable/p,https://unimarc.vtexassets.com/arquivos/ids/242840/000000000000507819-UN-01.jpg?v=638563069629100000,Cervezas,Cerveza importada,https://www.unimarc.cl/category/bebidas-y-licores/cervezas/cerveza-importada,https://www.unimarc.cl/_next/data/0ucQ92dO_m9T9joH0FjVV/category/bebidas-y-licores/cervezas/cerveza-importada.json?categories=bebidas-y-licores&categories=cervezas&categories=cerveza-importada,2026-02-18T12:44:50
35294,Cerveza Duvel moorgat botella 330 cc,Duvel,1 un,litro,3550,3550,,False,,$10.758 x litro,$10.758 x litro,https://www.unimarc.cl/cerv-moorgat-duvel-330-cc-bot/p,https://unimarc.vtexassets.com/arquivos/ids/219633/000000000000536215-UN-01.jpg?v=637666211003230000,Cervezas,Cerveza importada,https://www.unimarc.cl/category/bebidas-y-licores/cervezas/cerveza-importada,https://www.unimarc.cl/_next/data/0ucQ92dO_m9T9joH0FjVV/category/bebidas-y-licores/cervezas/cerveza-importada.json?categories=bebidas-y-licores&categories=cervezas&categories=cerveza-importada,2026-02-18T12:44:50
7933,Cerveza Sol botella 330 cc,Sol,1 un,litro,1490,1490,,False,,$4.515 x litro,$4.515 x litro,https://www.unimarc.cl/cerveza-sol-330-ml-no-retornable/p,https://unimarc.vtexassets.com/arquivos/ids/244112/000000000000009130-UN-01.jpg?v=638618300411070000,Cervezas,Cerveza importada,https://www.unimarc.cl/category/bebidas-y-licores/cervezas/cerveza-importada,https://www.unimarc.cl/_next/data/0ucQ92dO_m9T9joH0FjVV/category/bebidas-y-licores/cervezas/cerveza-importada.json?categories=bebidas-y-licores&categories=cervezas&categories=cerveza-importada,2026-02-18T12:44:50
78292,Cerveza Alhambra roja botella 330 cc,Alhambra,1 un,litro,1890,1890,,False,,$5.727 x litro,$5.727 x litro,https://www.unimarc.cl/cerveza-roja-alhambra-330-ml-bot-2/p,https://unimarc.vtexassets.com/arquivos/ids/219786/000000000000652401-UN-01.jpg?v=637668140703900000,Cervezas,Cerveza importada,https://www.unimarc.cl/category/bebidas-y-licores/cervezas/cerveza-importada,https://www.unimarc.cl/_next/data/0ucQ92dO_m9T9joH0FjVV/category/bebidas-y-licores/cervezas/cerveza-importada.json?categories=bebidas-y-licores&categories=cervezas&categories=cerveza-importada,2026-02-18T12:44:50
58925,Cerveza Estrella Damm botella 330 cc,Estrella Damm,1 un,litro,1590,1590,,False,,$4.818 x litro,$4.818 x litro,https://www.unimarc.cl/cerveza-estrella-damm-330-cc-bot-2/p,https://unimarc.vtexassets.com/arquivos/ids/200237/000000000000636649-UN-01.jpg?v=637327919353930000,Cervezas,Cerveza importada,https://www.unimarc.cl/category/bebidas-y-licores/cervezas/cerveza-importada,https://www.unimarc.cl/_next/data/0ucQ92dO_m9T9joH0FjVV/category/bebidas-y-licores/cervezas/cerveza-importada.json?categories=bebidas-y-licores&categories=cervezas&categories=cerveza-importada,2026-02-18T12:44:50
35746,Cerveza Mahou lager cinco estrellas botella 330 cc,Mahou,1 un,litro,1420,1420,,False,,$4.303 x litro,$4.303 x litro,https://www.unimarc.cl/cerv-mahou-5-estrellas-330cc-bot/p,https://unimarc.vtexassets.com/arquivos/ids/188756/Cerveza-Mahou-lager-cinco-estrellas-botella-330-cc-1-12867.jpg?v=637037237408430000,Cervezas,Cerveza importada,https://www.unimarc.cl/category/bebidas-y-licores/cervezas/cerveza-importada,https://www.unimarc.cl/_next/data/0ucQ92dO_m9T9joH0FjVV/category/bebidas-y-licores/cervezas/cerveza-importada.json?categories=bebidas-y-licores&categories=cervezas&categories=cerveza-importada,2026-02-18T12:44:50
81017,Pack Cerveza Cusqueña lata 6 un de 473 cc,Cusqueña,1 un,litro,5990,5990,,False,,$2.111 x litro,$2.111 x litro,https://www.unimarc.cl/cerveza-cusquena-473-cc-lata-3/p,https://unimarc.vtexassets.com/arquivos/ids/250127/000000000000647721-DIS-01.jpg.jpg?v=638884494598130000,Cervezas,Cerveza importada,https://www.unimarc.cl/category/bebidas-y-licores/cervezas/cerveza-importada,https://www.unimarc.cl/_next/data/0ucQ92dO_m9T9joH0FjVV/category/bebidas-y-licores/cervezas/cerveza-importada.json?categories=bebidas-y-licores&categories=cervezas&categories=cerveza-importada,2026-02-18T12:44:50
89307,Cerveza Kunstmann torobayo lata 10 un de 350 cc,Kunstmann,1 un,litro,11690,13090,11690,True,Ahorras $1.400,$3.340 x litro,$3.740 x litro,https://www.unimarc.cl/cerveza-torobayo-kunstmann-10x350cc-lata/p,https://unimarc.vtexassets.com/arquivos/ids/245057/000000000000671603-DIS-01.jpg?v=638663294308870000,Cervezas,Cerveza artesanal,https://www.unimarc.cl/category/bebidas-y-licores/cervezas/cerveza-artesanal,https://www.unimarc.cl/_next/data/0ucQ92dO_m9T9joH0FjVV/category/bebidas-y-licores/cervezas/cerveza-artesanal.json?categories=bebidas-y-licores&categories=cervezas&categories=cerveza-artesanal,2026-02-18T12:44:59
83884,Cerveza Kunstmann Valdivia pale lager lata 470 cc,Kunstmann,1 un,litro,1490,1490,,False,,$3.170 x litro,$3.170 x litro,https://www.unimarc.cl/cerv-valdivia-p-lager-kunstmann-470-lata/p,https://unimarc.vtexassets.com/arquivos/ids/232815/000000000000664031-UN-01.jpg?v=638176021706270000,Cervezas,Cerveza artesanal,https://www.unimarc.cl/category/bebidas-y-licores/cervezas/cerveza-artesanal,https://www.unimarc.cl/_next/data/0ucQ92dO_m9T9joH0FjVV/category/bebidas-y-licores/cervezas/cerveza-artesanal.json?categories=bebidas-y-licores&categories=cervezas&categories=cerveza-artesanal,2026-02-18T12:44:59
75738,Cerveza Patagonia austral hoppy lager lata 470 cc,Patagonia,1 un,litro,1490,1490,,False,,$3.170 x litro,$3.170 x litro,https://www.unimarc.cl/cerv-aust-hoppy-lager-patagonia-470-lata-2/p,https://unimarc.vtexassets.com/arquivos/ids/218743/000000000000649042-UN-01.jpg?v=638296928496630000,Cervezas,Cerveza artesanal,https://www.unimarc.cl/category/bebidas-y-licores/cervezas/cerveza-artesanal,https://www.unimarc.cl/_next/data/0ucQ92dO_m9T9joH0FjVV/category/bebidas-y-licores/cervezas/cerveza-artesanal.json?categories=bebidas-y-licores&categories=cervezas&categories=cerveza-artesanal,2026-02-18T12:44:59
91295,Cerveza calafate Austral lata 470 cc,Austral,1 un,litro,2250,2250,,False,,$4.787 x litro,$4.787 x litro,https://www.unimarc.cl/cerveza-calafate-austral-470-cc-lata/p,https://unimarc.vtexassets.com/arquivos/ids/248293/000000000000675565-UN-01.jpg?v=638809523233800000,Cervezas,Cerveza artesanal,https://www.unimarc.cl/category/bebidas-y-licores/cervezas/cerveza-artesanal,https://www.unimarc.cl/_next/data/0ucQ92dO_m9T9joH0FjVV/category/bebidas-y-licores/cervezas/cerveza-artesanal.json?categories=bebidas-y-licores&categories=cervezas&categories=cerveza-artesanal,2026-02-18T12:44:59
75756,Cerveza Patagonia austral red lager lata 470 cc,Patagonia,1 un,litro,1490,1490,,False,,$3.170 x litro,$3.170 x litro,https://www.unimarc.cl/cerv-aust-red-lager-patagonia-470cc-lata-2/p,https://unimarc.vtexassets.com/arquivos/ids/235211/000000000000649041-UN-01.jpg?v=638272809034670000,Cervezas,Cerveza artesanal,https://www.unimarc.cl/category/bebidas-y-licores/cervezas/cerveza-artesanal,https://www.unimarc.cl/_next/data/0ucQ92dO_m9T9joH0FjVV/category/bebidas-y-licores/cervezas/cerveza-artesanal.json?categories=bebidas-y-licores&categories=cervezas&categories=cerveza-artesanal,2026-02-18T12:44:59
88960,Pack Cerveza Austral calafate lata 6 un de 350 cc,Austral,1 un,litro,6990,8590,6990,True,Ahorras $1.600,$3.329 x litro,$4.090 x litro,https://www.unimarc.cl/cerveza-calafate-austral-350-cc-lata/p,https://unimarc.vtexassets.com/arquivos/ids/243766/000000000000671071-DIS-01.jpg?v=638603012411900000,Cervezas,Cerveza artesanal,https://www.unimarc.cl/category/bebidas-y-licores/cervezas/cerveza-artesanal,https://www.unimarc.cl/_next/data/0ucQ92dO_m9T9joH0FjVV/category/bebidas-y-licores/cervezas/cerveza-artesanal.json?categories=bebidas-y-licores&categories=cervezas&categories=cerveza-artesanal,2026-02-18T12:44:59
84470,Cerveza Kunstmann torobayo lata 470 cc,Kunstmann,1 un,litro,1990,1990,,False,,$4.234 x litro,$4.234 x litro,https://www.unimarc.cl/cerveza-torobayo-kunstmann-470-cc-lata/p,https://unimarc.vtexassets.com/arquivos/ids/233593/000000000000664134-UN-01.jpg?v=638205569878630000,Cervezas,Cerveza artesanal,https://www.unimarc.cl/category/bebidas-y-licores/cervezas/cerveza-artesanal,https://www.unimarc.cl/_next/data/0ucQ92dO_m9T9joH0FjVV/category/bebidas-y-licores/cervezas/cerveza-artesanal.json?categories=bebidas-y-licores&categories=cervezas&categories=cerveza-artesanal,2026-02-18T12:44:59
83079,Cerveza Patagonia austral megaloceros black lager lata 470 cc,Austral,1 un,litro,1490,1490,,False,,$3.170 x litro,$3.170 x litro,https://www.unimarc.cl/cerv-megaloceros-b-pat-austral-470c-lata-2/p,https://unimarc.vtexassets.com/arquivos/ids/235214/000000000000661579-UN-01.jpg?v=638272809901970000,Cervezas,Cerveza artesanal,https://www.unimarc.cl/category/bebidas-y-licores/cervezas/cerveza-artesanal,https://www.unimarc.cl/_next/data/0ucQ92dO_m9T9joH0FjVV/category/bebidas-y-licores/cervezas/cerveza-artesanal.json?categories=bebidas-y-licores&categories=cervezas&categories=cerveza-artesanal,2026-02-18T12:44:59
91296,Cerveza torres del paine Austral lata 470 cc,Austral,1 un,litro,2250,2250,,False,,$4.787 x litro,$4.787 x litro,https://www.unimarc.cl/cerveza-torres-del-paine-austral-470-cc/p,https://unimarc.vtexassets.com/arquivos/ids/248294/000000000000675566-UN-01.jpg?v=638809523235800000,Cervezas,Cerveza artesanal,https://www.unimarc.cl/category/bebidas-y-licores/cervezas/cerveza-artesanal,https://www.unimarc.cl/_next/data/0ucQ92dO_m9T9joH0FjVV/category/bebidas-y-licores/cervezas/cerveza-artesanal.json?categories=bebidas-y-licores&categories=cervezas&categories=cerveza-artesanal,2026-02-18T12:44:59
85071,Cerveza Patagonia austral blond lager lata 470 cc,Patagonia,1 un,litro,1490,1490,,False,,$3.170 x litro,$3.170 x litro,https://www.unimarc.cl/cerveza-blond-lager-patagonia-470cc-lata/p,https://unimarc.vtexassets.com/arquivos/ids/235208/000000000000665560-UN-01.jpg?v=638272787603730000,Cervezas,Cerveza artesanal,https://www.unimarc.cl/category/bebidas-y-licores/cervezas/cerveza-artesanal,https://www.unimarc.cl/_next/data/0ucQ92dO_m9T9joH0FjVV/category/bebidas-y-licores/cervezas/cerveza-artesanal.json?categories=bebidas-y-licores&categories=cervezas&categories=cerveza-artesanal,2026-02-18T12:44:59
89413,Cerveza Patagonia red lager whisky honey lata 350 cc,Patagonia,1 un,litro,1450,1450,,False,,$4.143 x litro,$4.143 x litro,https://www.unimarc.cl/cerv-r-lager-whi-honey-patagonia-350-lat/p,https://unimarc.vtexassets.com/arquivos/ids/245743/000000000000671917-UN-01.jpg?v=638688367345230000,Cervezas,Cerveza artesanal,https://www.unimarc.cl/category/bebidas-y-licores/cervezas/cerveza-artesanal,https://www.unimarc.cl/_next/data/0ucQ92dO_m9T9joH0FjVV/category/bebidas-y-licores/cervezas/cerveza-artesanal.json?categories=bebidas-y-licores&categories=cervezas&categories=cerveza-artesanal,2026-02-18T12:44:59
90899,Cerveza Volcanes del Sur summer lúcuma lata 470 cc,Volcanes Del Sur,1 un,litro,1650,1650,,False,,$3.511 x litro,$3.511 x litro,https://www.unimarc.cl/cerveza-summer-lucuma-vds-470-cc-lata/p,https://unimarc.vtexassets.com/arquivos/ids/247517/000000000000674722-UN-01.jpg?v=638778948273230000,Cervezas,Cerveza artesanal,https://www.unimarc.cl/category/bebidas-y-licores/cervezas/cerveza-artesanal,https://www.unimarc.cl/_next/data/0ucQ92dO_m9T9joH0FjVV/category/bebidas-y-licores/cervezas/cerveza-artesanal.json?categories=bebidas-y-licores&categories=cervezas&categories=cerveza-artesanal,2026-02-18T12:44:59
89414,Cerveza Patagonia hoppy lager gin tonic lata 350 cc,Patagonia,1 un,litro,1450,1450,,False,,$4.143 x litro,$4.143 x litro,https://www.unimarc.cl/cerv-h-lager-gin-tonic-patagonia-350-lat/p,https://unimarc.vtexassets.com/arquivos/ids/245742/000000000000671918-UN-01.jpg?v=638688366676800000,Cervezas,Cerveza artesanal,https://www.unimarc.cl/category/bebidas-y-licores/cervezas/cerveza-artesanal,https://www.unimarc.cl/_next/data/0ucQ92dO_m9T9joH0FjVV/category/bebidas-y-licores/cervezas/cerveza-artesanal.json?categories=bebidas-y-licores&categories=cervezas&categories=cerveza-artesanal,2026-02-18T12:44:59
91124,Cerveza Kross gold pale ale lata 470 cc,Kross,1 un,litro,2250,2250,,False,,$4.787 x litro,$4.787 x litro,https://www.unimarc.cl/cerveza-pale-ale-gold-kross-470-ml-lata/p,https://unimarc.vtexassets.com/arquivos/ids/248053/000000000000675071-UN-01.jpg?v=638799783204200000,Cervezas,Cerveza artesanal,https://www.unimarc.cl/category/bebidas-y-licores/cervezas/cerveza-artesanal,https://www.unimarc.cl/_next/data/0ucQ92dO_m9T9joH0FjVV/category/bebidas-y-licores/cervezas/cerveza-artesanal.json?categories=bebidas-y-licores&categories=cervezas&categories=cerveza-artesanal,2026-02-18T12:44:59
90898,Cerveza Volcanes del Sur premium lager lata 470 cc,Volcanes Del Sur,1 un,litro,1650,1650,,False,,$3.511 x litro,$3.511 x litro,https://www.unimarc.cl/cerveza-premium-lager-vds-470-cc-lata/p,https://unimarc.vtexassets.com/arquivos/ids/247516/000000000000674721-UN-01.jpg?v=638778948270570000,Cervezas,Cerveza artesanal,https://www.unimarc.cl/category/bebidas-y-licores/cervezas/cerveza-artesanal,https://www.unimarc.cl/_next/data/0ucQ92dO_m9T9joH0FjVV/category/bebidas-y-licores/cervezas/cerveza-artesanal.json?categories=bebidas-y-licores&categories=cervezas&categories=cerveza-artesanal,2026-02-18T12:44:59
90397,Cerveza Leyendas de origen trauco lata 473 cc,Leyendas De Origen,1 un,litro,1390,1390,,False,,$2.939 x litro,$2.939 x litro,https://www.unimarc.cl/cerveza-trauco-leyenda-d-origen-473-bot/p,https://unimarc.vtexassets.com/arquivos/ids/250131/000000000000673614-UN-01.jpg?v=638884495986030000,Cervezas,Cerveza artesanal,https://www.unimarc.cl/category/bebidas-y-licores/cervezas/cerveza-artesanal,https://www.unimarc.cl/_next/data/0ucQ92dO_m9T9joH0FjVV/category/bebidas-y-licores/cervezas/cerveza-artesanal.json?categories=bebidas-y-licores&categories=cervezas&categories=cerveza-artesanal,2026-02-18T12:44:59
88976,Cerveza Kunstmann Valdivia pale lager botella 6 un de 330 cc,Kunstmann,1 un,litro,7990,9290,7990,True,Ahorras $1.300,$4.035 x litro,$4.692 x litro,https://www.unimarc.cl/cerv-valdivia-p-lager-kunstmann-330c-bot/p,https://unimarc.vtexassets.com/arquivos/ids/244273/000000000000671068-DIS-01.jpg?v=638628056427400000,Cervezas,Cerveza artesanal,https://www.unimarc.cl/category/bebidas-y-licores/cervezas/cerveza-artesanal,https://www.unimarc.cl/_next/data/0ucQ92dO_m9T9joH0FjVV/category/bebidas-y-licores/cervezas/cerveza-artesanal.json?categories=bebidas-y-licores&categories=cervezas&categories=cerveza-artesanal,2026-02-18T12:44:59
94072,Cerveza Radler sabor pomelo Kunstmann lata 470ml,Kunstmann,1 un,litro,1990,1990,,False,,$4.234 x litro,$4.234 x litro,https://www.unimarc.cl/cerveza-radler-pomelo-kunstmann-470-lata/p,https://unimarc.vtexassets.com/arquivos/ids/254094/000000000000695420-UN-01.jpg?v=639013961280670000,Cervezas,Cerveza artesanal,https://www.unimarc.cl/category/bebidas-y-licores/cervezas/cerveza-artesanal,https://www.unimarc.cl/_next/data/0ucQ92dO_m9T9joH0FjVV/category/bebidas-y-licores/cervezas/cerveza-artesanal.json?categories=bebidas-y-licores&categories=cervezas&categories=cerveza-artesanal,2026-02-18T12:44:59
96637,Cerveza Austral patagonia lager lata 470 cc,Patagonia,1 un,litro,1500,1500,,False,,$3.191 x litro,$3.191 x litro,https://www.unimarc.cl/cerv-austral-lager-patagonia-470cc-lata/p,https://unimarc.vtexassets.com/arquivos/ids/255925/000000000000698581-UN-01.jpg?v=639053852811030000,Cervezas,Cerveza artesanal,https://www.unimarc.cl/category/bebidas-y-licores/cervezas/cerveza-artesanal,https://www.unimarc.cl/_next/data/0ucQ92dO_m9T9joH0FjVV/category/bebidas-y-licores/cervezas/cerveza-artesanal.json?categories=bebidas-y-licores&categories=cervezas&categories=cerveza-artesanal,2026-02-18T12:44:59
90396,Cerveza Leyendas de origen pincoya lata 473 cc,Leyendas De Origen,1 un,litro,1390,1390,,False,,$2.939 x litro,$2.939 x litro,https://www.unimarc.cl/cerveza-pincoya-leyenda-d-origen-473-bot/p,https://unimarc.vtexassets.com/arquivos/ids/250135/000000000000673615-UN-01.jpg?v=638884496798200000,Cervezas,Cerveza artesanal,https://www.unimarc.cl/category/bebidas-y-licores/cervezas/cerveza-artesanal,https://www.unimarc.cl/_next/data/0ucQ92dO_m9T9joH0FjVV/category/bebidas-y-licores/cervezas/cerveza-artesanal.json?categories=bebidas-y-licores&categories=cervezas&categories=cerveza-artesanal,2026-02-18T12:44:59
94015,Cerveza Blond lager Moscow mule Patagonia lata 350ml,Patagonia,1 un,litro,1590,1590,,False,,$4.479 x litro,$4.479 x litro,https://www.unimarc.cl/cerv-b-lager-moscow-mu-patagonia-350-lat/p,https://unimarc.vtexassets.com/arquivos/ids/254090/000000000000694260-UN-01.jpg?v=639013961271600000,Cervezas,Cerveza artesanal,https://www.unimarc.cl/category/bebidas-y-licores/cervezas/cerveza-artesanal,https://www.unimarc.cl/_next/data/0ucQ92dO_m9T9joH0FjVV/category/bebidas-y-licores/cervezas/cerveza-artesanal.json?categories=bebidas-y-licores&categories=cervezas&categories=cerveza-artesanal,2026-02-18T12:44:59
94018,Cerveza Radler sabor limón Kunstmann lata 470ml,Kunstmann,1 un,litro,1990,1990,,False,,$4.234 x litro,$4.234 x litro,https://www.unimarc.cl/cerveza-radler-limon-kunstmann-470c-lata/p,https://unimarc.vtexassets.com/arquivos/ids/254093/000000000000694754-UN-01.jpg?v=639013961278170000,Cervezas,Cerveza artesanal,https://www.unimarc.cl/category/bebidas-y-licores/cervezas/cerveza-artesanal,https://www.unimarc.cl/_next/data/0ucQ92dO_m9T9joH0FjVV/category/bebidas-y-licores/cervezas/cerveza-artesanal.json?categories=bebidas-y-licores&categories=cervezas&categories=cerveza-artesanal,2026-02-18T12:44:59
96307,Cerveza Austral lager lata 470 cc,Austral,1 un,litro,2090,2090,,False,,$4.447 x litro,$4.447 x litro,https://www.unimarc.cl/cerveza-austral-lager-470-cc-lata/p,https://unimarc.vtexassets.com/arquivos/ids/254600/000000000000694333-UN-01.jpg?v=639027306269170000,Cervezas,Cerveza artesanal,https://www.unimarc.cl/category/bebidas-y-licores/cervezas/cerveza-artesanal,https://www.unimarc.cl/_next/data/0ucQ92dO_m9T9joH0FjVV/category/bebidas-y-licores/cervezas/cerveza-artesanal.json?categories=bebidas-y-licores&categories=cervezas&categories=cerveza-artesanal,2026-02-18T12:44:59
96535,Cerveza Volcanes del Sur strong lager lata 470 cc,Volcanes Del Sur,1 un,litro,1590,1590,,False,,$3.383 x litro,$3.383 x litro,https://www.unimarc.cl/cerveza-strong-lager-v-del-sur-470c-lata/p,https://unimarc.vtexassets.com/arquivos/ids/255903/000000000000694755-UN-01.jpg?v=639053852761200000,Cervezas,Cerveza artesanal,https://www.unimarc.cl/category/bebidas-y-licores/cervezas/cerveza-artesanal,https://www.unimarc.cl/_next/data/0ucQ92dO_m9T9joH0FjVV/category/bebidas-y-licores/cervezas/cerveza-artesanal.json?categories=bebidas-y-licores&categories=cervezas&categories=cerveza-artesanal,2026-02-18T12:44:59
83481,Cerveza Dolbek maqui botella 4x330 cc,Dolbek,1 un,litro,7990,8590,7990,True,Ahorras $600,$6.053 x litro,$6.508 x litro,https://www.unimarc.cl/cerveza-dolbek-maqui-botella-330-cc/p,https://unimarc.vtexassets.com/arquivos/ids/235973/000000000000626247-DIS-01.jpg?v=638336953056030000,Cervezas,Cerveza artesanal,https://www.unimarc.cl/category/bebidas-y-licores/cervezas/cerveza-artesanal,https://www.unimarc.cl/_next/data/0ucQ92dO_m9T9joH0FjVV/category/bebidas-y-licores/cervezas/cerveza-artesanal.json?categories=bebidas-y-licores&categories=cervezas&categories=cerveza-artesanal,2026-02-18T12:44:59
9887,Pack Cerveza Kunstmann miel botella 4 un de 330 cc,Kunstmann,1 un,litro,8290,9290,8290,True,Ahorras $1.000,$6.280 x litro,$7.038 x litro,https://www.unimarc.cl/cerv-miel-kunstmann-330-cc-bot-pack-4-un/p,https://unimarc.vtexassets.com/arquivos/ids/244126/000000000000160531-DIS-01.jpg?v=638618314404930000,Cervezas,Cerveza artesanal,https://www.unimarc.cl/category/bebidas-y-licores/cervezas/cerveza-artesanal,https://www.unimarc.cl/_next/data/0ucQ92dO_m9T9joH0FjVV/category/bebidas-y-licores/cervezas/cerveza-artesanal.json?categories=bebidas-y-licores&categories=cervezas&categories=cerveza-artesanal,2026-02-18T12:44:59
87051,Pack Cerveza Patagonia red lager 6 un de 330 cc,Patagonia,1 un,litro,6690,7690,6690,True,Ahorras $1.000,$3.379 x litro,$3.884 x litro,https://www.unimarc.cl/cerv-aust-red-lager-patagonia-330-cc-bot/p,https://unimarc.vtexassets.com/arquivos/ids/238609/000000000000668148-DIS-01.jpg?v=638489838166200000,Cervezas,Cerveza artesanal,https://www.unimarc.cl/category/bebidas-y-licores/cervezas/cerveza-artesanal,https://www.unimarc.cl/_next/data/0ucQ92dO_m9T9joH0FjVV/category/bebidas-y-licores/cervezas/cerveza-artesanal.json?categories=bebidas-y-licores&categories=cervezas&categories=cerveza-artesanal,2026-02-18T12:44:59
3767,Pack Cerveza Kunstmann torobayo ale long neck botella 4 un de 330 cc,Kunstmann,1 un,litro,7590,8990,7590,True,Ahorras $1.400,$5.750 x litro,$6.811 x litro,https://www.unimarc.cl/cerveza-torobayo-kunstmann-330-cc-botella-4-un/p,https://unimarc.vtexassets.com/arquivos/ids/244122/000000000000140980-DIS-01.jpg?v=638618307306770000,Cervezas,Cerveza artesanal,https://www.unimarc.cl/category/bebidas-y-licores/cervezas/cerveza-artesanal,https://www.unimarc.cl/_next/data/0ucQ92dO_m9T9joH0FjVV/category/bebidas-y-licores/cervezas/cerveza-artesanal.json?categories=bebidas-y-licores&categories=cervezas&categories=cerveza-artesanal,2026-02-18T12:44:59
87153,Pack Cerveza Patagonia hoppy lager 6 un de 330 cc,Patagonia,1 un,litro,6690,7690,6690,True,Ahorras $1.000,$3.379 x litro,$3.884 x litro,https://www.unimarc.cl/cerv-aust-hoppy-lager-patagonia-330c-bot/p,https://unimarc.vtexassets.com/arquivos/ids/239039/000000000000668149-DIS-01.jpg?v=638500823395830000,Cervezas,Cerveza artesanal,https://www.unimarc.cl/category/bebidas-y-licores/cervezas/cerveza-artesanal,https://www.unimarc.cl/_next/data/0ucQ92dO_m9T9joH0FjVV/category/bebidas-y-licores/cervezas/cerveza-artesanal.json?categories=bebidas-y-licores&categories=cervezas&categories=cerveza-artesanal,2026-02-18T12:44:59
7934,Pack Cerveza Kunstmann lager rubia long neck botella 4 un de 330 cc,Kunstmann,1 un,litro,7590,8990,7590,True,Ahorras $1.400,$5.750 x litro,$6.811 x litro,https://www.unimarc.cl/cerveza-lager-kunstmann-330cc-botella-4-un/p,https://unimarc.vtexassets.com/arquivos/ids/244113/000000000000009158-DIS-01.jpg?v=638618301019700000,Cervezas,Cerveza artesanal,https://www.unimarc.cl/category/bebidas-y-licores/cervezas/cerveza-artesanal,https://www.unimarc.cl/_next/data/0ucQ92dO_m9T9joH0FjVV/category/bebidas-y-licores/cervezas/cerveza-artesanal.json?categories=bebidas-y-licores&categories=cervezas&categories=cerveza-artesanal,2026-02-18T12:44:59
3765,Pack Cerveza Kunstmann bock negra botella 4 un de 330 cc,Kunstmann,1 un,litro,7590,8990,7590,True,Ahorras $1.400,$5.750 x litro,$6.811 x litro,https://www.unimarc.cl/cerveza-bock-kunstmann-330-cc-botella-4-un/p,https://unimarc.vtexassets.com/arquivos/ids/244120/000000000000140979-DIS-01.jpg?v=638618306290330000,Cervezas,Cerveza artesanal,https://www.unimarc.cl/category/bebidas-y-licores/cervezas/cerveza-artesanal,https://www.unimarc.cl/_next/data/0ucQ92dO_m9T9joH0FjVV/category/bebidas-y-licores/cervezas/cerveza-artesanal.json?categories=bebidas-y-licores&categories=cervezas&categories=cerveza-artesanal,2026-02-18T12:44:59
89412,Cerveza Kross odissea amber ale lata 470 cc,Kross,1 un,litro,1290,1290,,False,,$2.745 x litro,$2.745 x litro,https://www.unimarc.cl/cerv-odissea-amber-ale-kross-470-cc-lata/p,https://unimarc.vtexassets.com/arquivos/ids/245069/000000000000671901-UN-01.jpg?v=638663476364400000,Cervezas,Cerveza artesanal,https://www.unimarc.cl/category/bebidas-y-licores/cervezas/cerveza-artesanal,https://www.unimarc.cl/_next/data/0ucQ92dO_m9T9joH0FjVV/category/bebidas-y-licores/cervezas/cerveza-artesanal.json?categories=bebidas-y-licores&categories=cervezas&categories=cerveza-artesanal,2026-02-18T12:44:59
96504,Cerveza Kunstmann lager blanc botella 6 un de 330 cc,Kunstmann,1 un,litro,7590,7990,7590,True,Ahorras $400,$3.833 x litro,$4.035 x litro,https://www.unimarc.cl/cerveza-kunstmann-lager-blanc-330-cc-bot/p,https://unimarc.vtexassets.com/arquivos/ids/255299/000000000000697288-DIS-01.jpg?v=639041748988830000,Cervezas,Cerveza artesanal,https://www.unimarc.cl/category/bebidas-y-licores/cervezas/cerveza-artesanal,https://www.unimarc.cl/_next/data/0ucQ92dO_m9T9joH0FjVV/category/bebidas-y-licores/cervezas/cerveza-artesanal.json?categories=bebidas-y-licores&categories=cervezas&categories=cerveza-artesanal,2026-02-18T12:44:59
87834,Cerveza Kross odissea hoppy ale lata 470 cc,Kross,1 un,litro,1290,1290,,False,,$2.745 x litro,$2.745 x litro,https://www.unimarc.cl/cerv-odissea-hoppy-ale-kross-lata-470-cc/p,https://unimarc.vtexassets.com/arquivos/ids/243400/000000000000669500-UN-01.jpg?v=638580389819400000,Cervezas,Cerveza artesanal,https://www.unimarc.cl/category/bebidas-y-licores/cervezas/cerveza-artesanal,https://www.unimarc.cl/_next/data/0ucQ92dO_m9T9joH0FjVV/category/bebidas-y-licores/cervezas/cerveza-artesanal.json?categories=bebidas-y-licores&categories=cervezas&categories=cerveza-artesanal,2026-02-18T12:44:59
6608,Pack Cerveza Kunstmann torobayo botella 6 un de 330 cc,Kunstmann,1 un,litro,10990,10990,,False,,$5.551 x litro,$5.551 x litro,https://www.unimarc.cl/cerv-l-n-torob-kunstmann-6x330-cc-bot/p,https://unimarc.vtexassets.com/arquivos/ids/244145/000000000000794212-UN-01.jpg?v=638618322480330000,Cervezas,Cerveza artesanal,https://www.unimarc.cl/category/bebidas-y-licores/cervezas/cerveza-artesanal,https://www.unimarc.cl/_next/data/0ucQ92dO_m9T9joH0FjVV/category/bebidas-y-licores/cervezas/cerveza-artesanal.json?categories=bebidas-y-licores&categories=cervezas&categories=cerveza-artesanal,2026-02-18T12:44:59
4634,Pack Cerveza Kross Stout botella 4 un de 330 cc,Kross,1 un,litro,8350,8350,,False,,$6.326 x litro,$6.326 x litro,https://www.unimarc.cl/cerveza-stout-kross-330-cc-botella-4-un/p,https://unimarc.vtexassets.com/arquivos/ids/245013/000000000000200944-DIS-01.jpg?v=638654619886630000,Cervezas,Cerveza artesanal,https://www.unimarc.cl/category/bebidas-y-licores/cervezas/cerveza-artesanal,https://www.unimarc.cl/_next/data/0ucQ92dO_m9T9joH0FjVV/category/bebidas-y-licores/cervezas/cerveza-artesanal.json?categories=bebidas-y-licores&categories=cervezas&categories=cerveza-artesanal,2026-02-18T12:44:59
4091,Pack Cerveza Austral calafate botella 4 un de 330 cc,Austral,1 un,litro,7650,7650,,False,,$5.795 x litro,$5.795 x litro,https://www.unimarc.cl/cerveza-calafate-austral-330cc-botella-4-un/p,https://unimarc.vtexassets.com/arquivos/ids/191004/frontal-5157.jpg?v=637147815459170000,Cervezas,Cerveza artesanal,https://www.unimarc.cl/category/bebidas-y-licores/cervezas/cerveza-artesanal,https://www.unimarc.cl/_next/data/0ucQ92dO_m9T9joH0FjVV/category/bebidas-y-licores/cervezas/cerveza-artesanal.json?categories=bebidas-y-licores&categories=cervezas&categories=cerveza-artesanal,2026-02-18T12:44:59
90508,Cerveza Odissea tropic ale lata 470 cc,Kross,1 un,litro,1290,1290,,False,,$2.745 x litro,$2.745 x litro,https://www.unimarc.cl/cerv-odissea-tropic-ale-kross-lata-470cc/p,https://unimarc.vtexassets.com/arquivos/ids/247084/000000000000674179-UN-01.jpg?v=638757514292030000,Cervezas,Cerveza artesanal,https://www.unimarc.cl/category/bebidas-y-licores/cervezas/cerveza-artesanal,https://www.unimarc.cl/_next/data/0ucQ92dO_m9T9joH0FjVV/category/bebidas-y-licores/cervezas/cerveza-artesanal.json?categories=bebidas-y-licores&categories=cervezas&categories=cerveza-artesanal,2026-02-18T12:44:59
9900,Cerveza Kross botella 750 cc,Kross,1 un,litro,6350,6350,,False,,$8.467 x litro,$8.467 x litro,https://www.unimarc.cl/cerv-kross-750-cc-bot/p,https://unimarc.vtexassets.com/arquivos/ids/204063/000000000000346244-UN-01.jpg?v=637399758553030000,Cervezas,Cerveza artesanal,https://www.unimarc.cl/category/bebidas-y-licores/cervezas/cerveza-artesanal,https://www.unimarc.cl/_next/data/0ucQ92dO_m9T9joH0FjVV/category/bebidas-y-licores/cervezas/cerveza-artesanal.json?categories=bebidas-y-licores&categories=cervezas&categories=cerveza-artesanal,2026-02-18T12:44:59
4630,Pack Cerveza Kross golden ale botella 4 un de 330 cc,Kross,1 un,litro,8290,8290,,False,,$6.280 x litro,$6.280 x litro,https://www.unimarc.cl/cerveza-kross-golden-ale-330-ml-no-retornable-4-un/p,https://unimarc.vtexassets.com/arquivos/ids/245008/000000000000200942-DIS-01.jpg?v=638654614750570000,Cervezas,Cerveza artesanal,https://www.unimarc.cl/category/bebidas-y-licores/cervezas/cerveza-artesanal,https://www.unimarc.cl/_next/data/0ucQ92dO_m9T9joH0FjVV/category/bebidas-y-licores/cervezas/cerveza-artesanal.json?categories=bebidas-y-licores&categories=cervezas&categories=cerveza-artesanal,2026-02-18T12:44:59
84444,Cerveza artesanal Loa minga loca ipa lata 470 cc,Loa,1 un,litro,2990,2990,,False,,$6.362 x litro,$6.362 x litro,https://www.unimarc.cl/cerveza-ipa-minga-loca-loa-470-cc-lata/p,https://unimarc.vtexassets.com/arquivos/ids/233060/000000000000663679-UN-01.jpg?v=638187460890870000,Cervezas,Cerveza artesanal,https://www.unimarc.cl/category/bebidas-y-licores/cervezas/cerveza-artesanal,https://www.unimarc.cl/_next/data/0ucQ92dO_m9T9joH0FjVV/category/bebidas-y-licores/cervezas/cerveza-artesanal.json?categories=bebidas-y-licores&categories=cervezas&categories=cerveza-artesanal,2026-02-18T12:44:59
3768,Cerveza Kunstmann torobayo ale long neck botella 330 cc,Kunstmann,1 un,litro,2150,2150,,False,,$6.515 x litro,$6.515 x litro,https://www.unimarc.cl/cerveza-torobayo-kunstmann-330-cc-botella/p,https://unimarc.vtexassets.com/arquivos/ids/244123/000000000000140980-UN-01.jpg?v=638618307698300000,Cervezas,Cerveza artesanal,https://www.unimarc.cl/category/bebidas-y-licores/cervezas/cerveza-artesanal,https://www.unimarc.cl/_next/data/0ucQ92dO_m9T9joH0FjVV/category/bebidas-y-licores/cervezas/cerveza-artesanal.json?categories=bebidas-y-licores&categories=cervezas&categories=cerveza-artesanal,2026-02-18T12:44:59
14774,Cerveza Dolbek maqui botella 330 cc,Dolbek,1 un,litro,2290,2290,,False,,$6.939 x litro,$6.939 x litro,https://www.unimarc.cl/cerv-dolbek-maqui-330-cc-bot/p,https://unimarc.vtexassets.com/arquivos/ids/191099/frontal-19272.jpg?v=637148779147000000,Cervezas,Cerveza artesanal,https://www.unimarc.cl/category/bebidas-y-licores/cervezas/cerveza-artesanal,https://www.unimarc.cl/_next/data/0ucQ92dO_m9T9joH0FjVV/category/bebidas-y-licores/cervezas/cerveza-artesanal.json?categories=bebidas-y-licores&categories=cervezas&categories=cerveza-artesanal,2026-02-18T12:44:59
4632,Pack Cerveza Kross pilsner botella 4 un de 330 cc,Kross,1 un,litro,8290,8290,,False,,$6.280 x litro,$6.280 x litro,https://www.unimarc.cl/cerveza-pilsner-kross-330-cc-botella-4-un/p,https://unimarc.vtexassets.com/arquivos/ids/245010/000000000000200943-DIS-01.jpg?v=638654617586630000,Cervezas,Cerveza artesanal,https://www.unimarc.cl/category/bebidas-y-licores/cervezas/cerveza-artesanal,https://www.unimarc.cl/_next/data/0ucQ92dO_m9T9joH0FjVV/category/bebidas-y-licores/cervezas/cerveza-artesanal.json?categories=bebidas-y-licores&categories=cervezas&categories=cerveza-artesanal,2026-02-18T12:44:59
9888,Cerveza Kunstmann miel long neck 330 cc,Kunstmann,1 un,litro,2350,2350,,False,,$7.121 x litro,$7.121 x litro,https://www.unimarc.cl/cerv-miel-kunstmann-330-cc-bot-2/p,https://unimarc.vtexassets.com/arquivos/ids/244127/000000000000160531-UN-01.jpg?v=638618314858830000,Cervezas,Cerveza artesanal,https://www.unimarc.cl/category/bebidas-y-licores/cervezas/cerveza-artesanal,https://www.unimarc.cl/_next/data/0ucQ92dO_m9T9joH0FjVV/category/bebidas-y-licores/cervezas/cerveza-artesanal.json?categories=bebidas-y-licores&categories=cervezas&categories=cerveza-artesanal,2026-02-18T12:44:59
84443,Cerveza artesanal Loa atrapanubes pale lager lata 470 cc,Loa,1 un,litro,2190,2190,,False,,$4.660 x litro,$4.660 x litro,https://www.unimarc.cl/cerveza-lager-atrapanubes-loa-470cc-lata/p,https://unimarc.vtexassets.com/arquivos/ids/233061/000000000000663677-UN-01.jpg?v=638187463990170000,Cervezas,Cerveza artesanal,https://www.unimarc.cl/category/bebidas-y-licores/cervezas/cerveza-artesanal,https://www.unimarc.cl/_next/data/0ucQ92dO_m9T9joH0FjVV/category/bebidas-y-licores/cervezas/cerveza-artesanal.json?categories=bebidas-y-licores&categories=cervezas&categories=cerveza-artesanal,2026-02-18T12:44:59
87612,Cerveza Austral torres del paine botella 4 un de 330 cc,Austral,1 un,litro,7650,7650,,False,,$5.795 x litro,$5.795 x litro,https://www.unimarc.cl/cerv-torres-del-paine-austral-330-cc-bot/p,https://unimarc.vtexassets.com/arquivos/ids/242733/000000000000668876-DIS-01.jpg?v=638556337517130000,Cervezas,Cerveza artesanal,https://www.unimarc.cl/category/bebidas-y-licores/cervezas/cerveza-artesanal,https://www.unimarc.cl/_next/data/0ucQ92dO_m9T9joH0FjVV/category/bebidas-y-licores/cervezas/cerveza-artesanal.json?categories=bebidas-y-licores&categories=cervezas&categories=cerveza-artesanal,2026-02-18T12:44:59
13885,Pack Cerveza Kross maibock botella 4 un de 330 cc,Kross,1 un,litro,8350,8350,,False,,$6.326 x litro,$6.326 x litro,https://www.unimarc.cl/cerv-maibock-kross-330-cc-bot-pack-4-u/p,https://unimarc.vtexassets.com/arquivos/ids/245015/000000000000570212-DIS-01.jpg?v=638654621578230000,Cervezas,Cerveza artesanal,https://www.unimarc.cl/category/bebidas-y-licores/cervezas/cerveza-artesanal,https://www.unimarc.cl/_next/data/0ucQ92dO_m9T9joH0FjVV/category/bebidas-y-licores/cervezas/cerveza-artesanal.json?categories=bebidas-y-licores&categories=cervezas&categories=cerveza-artesanal,2026-02-18T12:44:59
91920,Cerveza Loa flor de truco hazy ipa lata 470 cc,Loa,1 un,litro,3490,3490,,False,,$7.426 x litro,$7.426 x litro,https://www.unimarc.cl/cerveza-flor-truco-hazy-ipa-loa-470cc/p,https://unimarc.vtexassets.com/arquivos/ids/250340/000000000000681728-UN-01.jpg?v=638899215244700000,Cervezas,Cerveza artesanal,https://www.unimarc.cl/category/bebidas-y-licores/cervezas/cerveza-artesanal,https://www.unimarc.cl/_next/data/0ucQ92dO_m9T9joH0FjVV/category/bebidas-y-licores/cervezas/cerveza-artesanal.json?categories=bebidas-y-licores&categories=cervezas&categories=cerveza-artesanal,2026-02-18T12:44:59
84442,Cerveza artesanal Loa otra ronda amber ale lata 470 cc,Loa,1 un,litro,2350,2350,,False,,$5.000 x litro,$5.000 x litro,https://www.unimarc.cl/cerveza-amber-otra-ronda-loa-470-cc-lata/p,https://unimarc.vtexassets.com/arquivos/ids/233021/000000000000663678-UN-01.jpg?v=638182241024370000,Cervezas,Cerveza artesanal,https://www.unimarc.cl/category/bebidas-y-licores/cervezas/cerveza-artesanal,https://www.unimarc.cl/_next/data/0ucQ92dO_m9T9joH0FjVV/category/bebidas-y-licores/cervezas/cerveza-artesanal.json?categories=bebidas-y-licores&categories=cervezas&categories=cerveza-artesanal,2026-02-18T12:44:59
4092,Cerveza Austral Calafate botella 330 cc,Austral,1 un,litro,2190,2190,,False,,$6.636 x litro,$6.636 x litro,https://www.unimarc.cl/cerveza-calafate-austral-330cc-botella/p,https://unimarc.vtexassets.com/arquivos/ids/190977/frontal-5158.jpg?v=637147159091400000,Cervezas,Cerveza artesanal,https://www.unimarc.cl/category/bebidas-y-licores/cervezas/cerveza-artesanal,https://www.unimarc.cl/_next/data/0ucQ92dO_m9T9joH0FjVV/category/bebidas-y-licores/cervezas/cerveza-artesanal.json?page=2&categories=bebidas-y-licores&categories=cervezas&categories=cerveza-artesanal,2026-02-18T12:45:01
7935,Cerveza Kunstmann lager rubia long neck botella 330 cc,Kunstmann,1 un,litro,2150,2150,,False,,$6.515 x litro,$6.515 x litro,https://www.unimarc.cl/cerveza-lager-kunstmann-330cc-botella/p,https://unimarc.vtexassets.com/arquivos/ids/244114/000000000000009158-UN-01.jpg?v=638618301402930000,Cervezas,Cerveza artesanal,https://www.unimarc.cl/category/bebidas-y-licores/cervezas/cerveza-artesanal,https://www.unimarc.cl/_next/data/0ucQ92dO_m9T9joH0FjVV/category/bebidas-y-licores/cervezas/cerveza-artesanal.json?page=2&categories=bebidas-y-licores&categories=cervezas&categories=cerveza-artesanal,2026-02-18T12:45:01
87613,Cerveza Austral torres del paine botella 330 cc,Austral,1 un,litro,2190,2190,,False,,$6.636 x litro,$6.636 x litro,https://www.unimarc.cl/cerv-torres-del-paine-austral-330-cc-bot-2/p,https://unimarc.vtexassets.com/arquivos/ids/242734/000000000000668876-UN-01.jpg?v=638556337520400000,Cervezas,Cerveza artesanal,https://www.unimarc.cl/category/bebidas-y-licores/cervezas/cerveza-artesanal,https://www.unimarc.cl/_next/data/0ucQ92dO_m9T9joH0FjVV/category/bebidas-y-licores/cervezas/cerveza-artesanal.json?page=2&categories=bebidas-y-licores&categories=cervezas&categories=cerveza-artesanal,2026-02-18T12:45:01
4635,Cerveza Kross stout botella 330 cc,Kross,1 un,litro,2150,2150,,False,,$6.515 x litro,$6.515 x litro,https://www.unimarc.cl/cerveza-stout-kross-330-cc-botella/p,https://unimarc.vtexassets.com/arquivos/ids/245012/000000000000200944-UN-01.jpg?v=638654618993200000,Cervezas,Cerveza artesanal,https://www.unimarc.cl/category/bebidas-y-licores/cervezas/cerveza-artesanal,https://www.unimarc.cl/_next/data/0ucQ92dO_m9T9joH0FjVV/category/bebidas-y-licores/cervezas/cerveza-artesanal.json?page=2&categories=bebidas-y-licores&categories=cervezas&categories=cerveza-artesanal,2026-02-18T12:45:01
87154,Cerveza Patagonia hoppy lager botella 330 cc,Patagonia,1 un,litro,1590,1590,,False,,$4.818 x litro,$4.818 x litro,https://www.unimarc.cl/cerv-aust-hoppy-lager-patagonia-330c-bot-2/p,https://unimarc.vtexassets.com/arquivos/ids/239040/000000000000668149-UN-01.jpg?v=638500823735000000,Cervezas,Cerveza artesanal,https://www.unimarc.cl/category/bebidas-y-licores/cervezas/cerveza-artesanal,https://www.unimarc.cl/_next/data/0ucQ92dO_m9T9joH0FjVV/category/bebidas-y-licores/cervezas/cerveza-artesanal.json?page=2&categories=bebidas-y-licores&categories=cervezas&categories=cerveza-artesanal,2026-02-18T12:45:01
12988,Cerveza Kross maibock botella 330 cc,Kross,1 un,litro,2150,2150,,False,,$6.515 x litro,$6.515 x litro,https://www.unimarc.cl/cerv-maibock-kross-330-cc-bot-2/p,https://unimarc.vtexassets.com/arquivos/ids/245014/000000000000570212-UN-01.jpg?v=638654620677570000,Cervezas,Cerveza artesanal,https://www.unimarc.cl/category/bebidas-y-licores/cervezas/cerveza-artesanal,https://www.unimarc.cl/_next/data/0ucQ92dO_m9T9joH0FjVV/category/bebidas-y-licores/cervezas/cerveza-artesanal.json?page=2&categories=bebidas-y-licores&categories=cervezas&categories=cerveza-artesanal,2026-02-18T12:45:01
3766,Cerveza Kunstmann bock negra botella 330 cc,Kunstmann,1 un,litro,2150,2150,,False,,$6.515 x litro,$6.515 x litro,https://www.unimarc.cl/cerveza-bock-kunstmann-330-cc-botella/p,https://unimarc.vtexassets.com/arquivos/ids/244121/000000000000140979-UN-01.jpg?v=638618306683570000,Cervezas,Cerveza artesanal,https://www.unimarc.cl/category/bebidas-y-licores/cervezas/cerveza-artesanal,https://www.unimarc.cl/_next/data/0ucQ92dO_m9T9joH0FjVV/category/bebidas-y-licores/cervezas/cerveza-artesanal.json?page=2&categories=bebidas-y-licores&categories=cervezas&categories=cerveza-artesanal,2026-02-18T12:45:01
84324,Cerveza artesanal +56 ipa botella 330 cc,+56,1 un,litro,2390,2390,,False,,$7.242 x litro,$7.242 x litro,https://www.unimarc.cl/cerveza-artesanal-ipa-56-330-cc-bot/p,https://unimarc.vtexassets.com/arquivos/ids/232413/000000000000663374-UN-01.jpg?v=638167546055270000,Cervezas,Cerveza artesanal,https://www.unimarc.cl/category/bebidas-y-licores/cervezas/cerveza-artesanal,https://www.unimarc.cl/_next/data/0ucQ92dO_m9T9joH0FjVV/category/bebidas-y-licores/cervezas/cerveza-artesanal.json?page=2&categories=bebidas-y-licores&categories=cervezas&categories=cerveza-artesanal,2026-02-18T12:45:01
4631,Cerveza Kross golden ale botella 330 cc,Kross,1 un,litro,2090,2090,,False,,$6.333 x litro,$6.333 x litro,https://www.unimarc.cl/cerveza-kross-golden-ale-330-ml-no-retornable/p,https://unimarc.vtexassets.com/arquivos/ids/245009/000000000000200942-UN-01.jpg?v=638654615341930000,Cervezas,Cerveza artesanal,https://www.unimarc.cl/category/bebidas-y-licores/cervezas/cerveza-artesanal,https://www.unimarc.cl/_next/data/0ucQ92dO_m9T9joH0FjVV/category/bebidas-y-licores/cervezas/cerveza-artesanal.json?page=2&categories=bebidas-y-licores&categories=cervezas&categories=cerveza-artesanal,2026-02-18T12:45:01
7926,Cerveza Austral lager botella 330 cc,Austral,1 un,litro,2190,2190,,False,,$6.636 x litro,$6.636 x litro,https://www.unimarc.cl/cerv-austral-330-cc-bot-3/p,https://unimarc.vtexassets.com/arquivos/ids/190982/Cerveza-Austral-lager-botella-330-cc-1-580.jpg?v=637147161521470000,Cervezas,Cerveza artesanal,https://www.unimarc.cl/category/bebidas-y-licores/cervezas/cerveza-artesanal,https://www.unimarc.cl/_next/data/0ucQ92dO_m9T9joH0FjVV/category/bebidas-y-licores/cervezas/cerveza-artesanal.json?page=2&categories=bebidas-y-licores&categories=cervezas&categories=cerveza-artesanal,2026-02-18T12:45:01
4633,Cerveza Kross pilsner botella 330 cc,Kross,1 un,litro,2090,2090,,False,,$6.333 x litro,$6.333 x litro,https://www.unimarc.cl/cerveza-pilsner-kross-330-cc-botella/p,https://unimarc.vtexassets.com/arquivos/ids/245011/000000000000200943-UN-01.jpg?v=638654618106800000,Cervezas,Cerveza artesanal,https://www.unimarc.cl/category/bebidas-y-licores/cervezas/cerveza-artesanal,https://www.unimarc.cl/_next/data/0ucQ92dO_m9T9joH0FjVV/category/bebidas-y-licores/cervezas/cerveza-artesanal.json?page=2&categories=bebidas-y-licores&categories=cervezas&categories=cerveza-artesanal,2026-02-18T12:45:01
84325,Cerveza artesanal +56 stout con avena botella 330 cc,+56,1 un,litro,2090,2090,,False,,$6.333 x litro,$6.333 x litro,https://www.unimarc.cl/cerveza-artes-stout-c-avena-56-330cc-bot/p,https://unimarc.vtexassets.com/arquivos/ids/232411/000000000000663539-UN-01.jpg?v=638167541026470000,Cervezas,Cerveza artesanal,https://www.unimarc.cl/category/bebidas-y-licores/cervezas/cerveza-artesanal,https://www.unimarc.cl/_next/data/0ucQ92dO_m9T9joH0FjVV/category/bebidas-y-licores/cervezas/cerveza-artesanal.json?page=2&categories=bebidas-y-licores&categories=cervezas&categories=cerveza-artesanal,2026-02-18T12:45:01
87052,Cerveza Patagonia red lager botella 330 cc,Patagonia,1 un,litro,1590,1590,,False,,$4.818 x litro,$4.818 x litro,https://www.unimarc.cl/cerv-aust-red-lager-patagonia-330-cc-bot-2/p,https://unimarc.vtexassets.com/arquivos/ids/239038/000000000000668148-UN-01.jpg?v=638500823061100000,Cervezas,Cerveza artesanal,https://www.unimarc.cl/category/bebidas-y-licores/cervezas/cerveza-artesanal,https://www.unimarc.cl/_next/data/0ucQ92dO_m9T9joH0FjVV/category/bebidas-y-licores/cervezas/cerveza-artesanal.json?page=2&categories=bebidas-y-licores&categories=cervezas&categories=cerveza-artesanal,2026-02-18T12:45:01
96698,Cerveza Kross pink ale odissea lata 470 cc,Kross,1 un,litro,1810,1810,,False,,$3.851 x litro,$3.851 x litro,https://www.unimarc.cl/cerv-pink-ale-odissea-kross-470cc-lata/p,https://unimarc.vtexassets.com/arquivos/ids/256053/000000000000699607-UN-01.jpg?v=639065173278430000,Cervezas,Cerveza artesanal,https://www.unimarc.cl/category/bebidas-y-licores/cervezas/cerveza-artesanal,https://www.unimarc.cl/_next/data/0ucQ92dO_m9T9joH0FjVV/category/bebidas-y-licores/cervezas/cerveza-artesanal.json?page=2&categories=bebidas-y-licores&categories=cervezas&categories=cerveza-artesanal,2026-02-18T12:45:01
6042,Pack Cerveza Cristal Cero radler sin alcohol lata 6 un de 350 cc,Cristal Cerveza,1 un,litro,4590,5690,4590,True,Ahorras $1.100,$2.186 x litro,$2.710 x litro,https://www.unimarc.cl/cerveza-cristal-radler-sin-alcohol-350cc-lata-6-un/p,https://unimarc.vtexassets.com/arquivos/ids/238540/000000000000618012-DIS-01.jpg?v=638484510096430000,Cervezas,Cerveza sin alcohol,https://www.unimarc.cl/category/bebidas-y-licores/cervezas/cerveza-sin-alcohol,https://www.unimarc.cl/_next/data/0ucQ92dO_m9T9joH0FjVV/category/bebidas-y-licores/cervezas/cerveza-sin-alcohol.json?categories=bebidas-y-licores&categories=cervezas&categories=cerveza-sin-alcohol,2026-02-18T12:45:08
85185,Cerveza botella Corona cero 6 un 330 cc,Corona,1 un,litro,6290,7790,6290,True,Ahorras $1.500,$3.177 x litro,$3.934 x litro,https://www.unimarc.cl/cerveza-cero-corona-330-cc-bot/p,https://unimarc.vtexassets.com/arquivos/ids/251393/000000000000665453-DIS-01.jpg?v=638931252491270000,Cervezas,Cerveza sin alcohol,https://www.unimarc.cl/category/bebidas-y-licores/cervezas/cerveza-sin-alcohol,https://www.unimarc.cl/_next/data/0ucQ92dO_m9T9joH0FjVV/category/bebidas-y-licores/cervezas/cerveza-sin-alcohol.json?categories=bebidas-y-licores&categories=cervezas&categories=cerveza-sin-alcohol,2026-02-18T12:45:08
10309,Pack Cerveza Heineken cero botella 6 un de 330 cc,Heineken,1 un,litro,6290,7450,6290,True,Ahorras $1.160,$3.177 x litro,$3.763 x litro,https://www.unimarc.cl/cerv-heineken-cero-330-cc-bot-pack-6-un/p,https://unimarc.vtexassets.com/arquivos/ids/245053/000000000000631249-DIS-01.jpg?v=638663291458130000,Cervezas,Cerveza sin alcohol,https://www.unimarc.cl/category/bebidas-y-licores/cervezas/cerveza-sin-alcohol,https://www.unimarc.cl/_next/data/0ucQ92dO_m9T9joH0FjVV/category/bebidas-y-licores/cervezas/cerveza-sin-alcohol.json?categories=bebidas-y-licores&categories=cervezas&categories=cerveza-sin-alcohol,2026-02-18T12:45:08
84348,Cerveza Budweiser zero botella 6 un de 330 cc,Budweiser,1 un,litro,5490,6990,5490,True,Ahorras $1.500,$2.773 x litro,$3.530 x litro,https://www.unimarc.cl/cerveza-budweiser-zero-330-cc-bot/p,https://unimarc.vtexassets.com/arquivos/ids/250092/000000000000663675-DIS-01.jpg?v=638884480351270000,Cervezas,Cerveza sin alcohol,https://www.unimarc.cl/category/bebidas-y-licores/cervezas/cerveza-sin-alcohol,https://www.unimarc.cl/_next/data/0ucQ92dO_m9T9joH0FjVV/category/bebidas-y-licores/cervezas/cerveza-sin-alcohol.json?categories=bebidas-y-licores&categories=cervezas&categories=cerveza-sin-alcohol,2026-02-18T12:45:08
4762,Pack Cerveza Cristal Cero sin alcohol lata 6 un de 350 cc,Cristal Cerveza,1 un,litro,4590,5690,4590,True,Ahorras $1.100,$2.186 x litro,$2.710 x litro,https://www.unimarc.cl/cerveza-sin-alcohol-cristal-cero-lata-350-cc-x-6-un/p,https://unimarc.vtexassets.com/arquivos/ids/218734/000000000000215949-DIS-01.jpg?v=637643120294430000,Cervezas,Cerveza sin alcohol,https://www.unimarc.cl/category/bebidas-y-licores/cervezas/cerveza-sin-alcohol,https://www.unimarc.cl/_next/data/0ucQ92dO_m9T9joH0FjVV/category/bebidas-y-licores/cervezas/cerveza-sin-alcohol.json?categories=bebidas-y-licores&categories=cervezas&categories=cerveza-sin-alcohol,2026-02-18T12:45:08
82648,Cerveza Royal Guard cero premium lager botella 6 un de 355 cc,Royal Guard,1 un,litro,6190,7190,6190,True,Ahorras $1.000,$2.906 x litro,$3.376 x litro,https://www.unimarc.cl/cerveza-royal-guard-cero-355-cc-bot/p,https://unimarc.vtexassets.com/arquivos/ids/230104/000000000000661581-DIS-01.jpg?v=638024744863170000,Cervezas,Cerveza sin alcohol,https://www.unimarc.cl/category/bebidas-y-licores/cervezas/cerveza-sin-alcohol,https://www.unimarc.cl/_next/data/0ucQ92dO_m9T9joH0FjVV/category/bebidas-y-licores/cervezas/cerveza-sin-alcohol.json?categories=bebidas-y-licores&categories=cervezas&categories=cerveza-sin-alcohol,2026-02-18T12:45:08
82971,Pack Cerveza Stella Artois sin alcohol 6 un de 330 cc,Stella Artois,1 un,litro,5890,7450,5890,True,Ahorras $1.560,$2.975 x litro,$3.763 x litro,https://www.unimarc.cl/cerveza-stella-artois-s-alcoh-330cc-bot/p,https://unimarc.vtexassets.com/arquivos/ids/250163/000000000000661882-DIS-01.jpg?v=638884506610800000,Cervezas,Cerveza sin alcohol,https://www.unimarc.cl/category/bebidas-y-licores/cervezas/cerveza-sin-alcohol,https://www.unimarc.cl/_next/data/0ucQ92dO_m9T9joH0FjVV/category/bebidas-y-licores/cervezas/cerveza-sin-alcohol.json?categories=bebidas-y-licores&categories=cervezas&categories=cerveza-sin-alcohol,2026-02-18T12:45:08
2930,Pack Cerveza Kunstmann sin alcohol botella 4 un de 330 cc,Kunstmann,1 un,litro,6990,7990,6990,True,Ahorras $1.000,$5.295 x litro,$6.053 x litro,https://www.unimarc.cl/cerveza-lager-sin-alcohol-kunstmann-330-cc-bot/p,https://unimarc.vtexassets.com/arquivos/ids/236542/000000000000141042-DIS-01.jpg?v=638357380909600000,Cervezas,Cerveza sin alcohol,https://www.unimarc.cl/category/bebidas-y-licores/cervezas/cerveza-sin-alcohol,https://www.unimarc.cl/_next/data/0ucQ92dO_m9T9joH0FjVV/category/bebidas-y-licores/cervezas/cerveza-sin-alcohol.json?categories=bebidas-y-licores&categories=cervezas&categories=cerveza-sin-alcohol,2026-02-18T12:45:08
88642,Cerveza Mahou sin alcohol botella 6 un de 250 cc,Mahou,1 un,litro,4990,4990,,False,,$3.327 x litro,$3.327 x litro,https://www.unimarc.cl/cerv-mahou-sin-alcohol-6x250cc-botellin/p,https://unimarc.vtexassets.com/arquivos/ids/243765/000000000000669557-UN-01.jpg?v=638603005002770000,Cervezas,Cerveza sin alcohol,https://www.unimarc.cl/category/bebidas-y-licores/cervezas/cerveza-sin-alcohol,https://www.unimarc.cl/_next/data/0ucQ92dO_m9T9joH0FjVV/category/bebidas-y-licores/cervezas/cerveza-sin-alcohol.json?categories=bebidas-y-licores&categories=cervezas&categories=cerveza-sin-alcohol,2026-02-18T12:45:08
85186,Cerveza Corona cero botella 330 cc,Corona,1 un,litro,1450,1450,,False,,$4.394 x litro,$4.394 x litro,https://www.unimarc.cl/cerveza-cero-corona-330-cc-bot-2/p,https://unimarc.vtexassets.com/arquivos/ids/250112/000000000000665453-UN-01.jpg?v=638884488762700000,Cervezas,Cerveza sin alcohol,https://www.unimarc.cl/category/bebidas-y-licores/cervezas/cerveza-sin-alcohol,https://www.unimarc.cl/_next/data/0ucQ92dO_m9T9joH0FjVV/category/bebidas-y-licores/cervezas/cerveza-sin-alcohol.json?categories=bebidas-y-licores&categories=cervezas&categories=cerveza-sin-alcohol,2026-02-18T12:45:08
41742,Cerveza Heineken cero botella 330 cc,Heineken,1 un,litro,1450,1450,,False,,$4.394 x litro,$4.394 x litro,https://www.unimarc.cl/cerv-heineken-cero-330-cc-bot/p,https://unimarc.vtexassets.com/arquivos/ids/238541/000000000000631249-UN-01.jpg?v=638484510102200000,Cervezas,Cerveza sin alcohol,https://www.unimarc.cl/category/bebidas-y-licores/cervezas/cerveza-sin-alcohol,https://www.unimarc.cl/_next/data/0ucQ92dO_m9T9joH0FjVV/category/bebidas-y-licores/cervezas/cerveza-sin-alcohol.json?categories=bebidas-y-licores&categories=cervezas&categories=cerveza-sin-alcohol,2026-02-18T12:45:08
82649,Cerveza Royal Guard lager cero alcohol botella 355 cc,Royal Guard,1 un,litro,1350,1350,,False,,$3.803 x litro,$3.803 x litro,https://www.unimarc.cl/cerveza-royal-guard-cero-355-cc-bot-2/p,https://unimarc.vtexassets.com/arquivos/ids/230699/000000000000661581-UN-01.jpg?v=638599374269000000,Cervezas,Cerveza sin alcohol,https://www.unimarc.cl/category/bebidas-y-licores/cervezas/cerveza-sin-alcohol,https://www.unimarc.cl/_next/data/0ucQ92dO_m9T9joH0FjVV/category/bebidas-y-licores/cervezas/cerveza-sin-alcohol.json?categories=bebidas-y-licores&categories=cervezas&categories=cerveza-sin-alcohol,2026-02-18T12:45:08
82972,Cerveza Stella Artois sin alcohol 330 cc,Stella Artois,1 un,litro,1250,1250,,False,,$3.788 x litro,$3.788 x litro,https://www.unimarc.cl/cerveza-stella-artois-s-alcoh-330cc-bot-2/p,https://unimarc.vtexassets.com/arquivos/ids/250159/000000000000661882-UN-01.jpg?v=638884506437770000,Cervezas,Cerveza sin alcohol,https://www.unimarc.cl/category/bebidas-y-licores/cervezas/cerveza-sin-alcohol,https://www.unimarc.cl/_next/data/0ucQ92dO_m9T9joH0FjVV/category/bebidas-y-licores/cervezas/cerveza-sin-alcohol.json?categories=bebidas-y-licores&categories=cervezas&categories=cerveza-sin-alcohol,2026-02-18T12:45:08
3769,Cerveza Kunstmann sin alcohol botella 330 cc,Kunstmann,1 un,litro,2150,2150,,False,,$6.515 x litro,$6.515 x litro,https://www.unimarc.cl/cerv-lag-s-alc-kunstmann-330-cc-bot-2/p,https://unimarc.vtexassets.com/arquivos/ids/224034/000000000000141042-UN-01.jpg?v=638357375513330000,Cervezas,Cerveza sin alcohol,https://www.unimarc.cl/category/bebidas-y-licores/cervezas/cerveza-sin-alcohol,https://www.unimarc.cl/_next/data/0ucQ92dO_m9T9joH0FjVV/category/bebidas-y-licores/cervezas/cerveza-sin-alcohol.json?categories=bebidas-y-licores&categories=cervezas&categories=cerveza-sin-alcohol,2026-02-18T12:45:08
14745,Cerveza Mestra cero alcohol botella 330 cc,Mestra,1 un,litro,1890,1890,,False,,$5.727 x litro,$5.727 x litro,https://www.unimarc.cl/cerv-0-alc0hol-mestra-330cc-bot-2/p,https://unimarc.vtexassets.com/arquivos/ids/186664/frontal-17668.jpg?v=637013095767300000,Cervezas,Cerveza sin alcohol,https://www.unimarc.cl/category/bebidas-y-licores/cervezas/cerveza-sin-alcohol,https://www.unimarc.cl/_next/data/0ucQ92dO_m9T9joH0FjVV/category/bebidas-y-licores/cervezas/cerveza-sin-alcohol.json?categories=bebidas-y-licores&categories=cervezas&categories=cerveza-sin-alcohol,2026-02-18T12:45:08
14744,Pack Cerveza Mestra 0% alcohol botella 4 un de 330 cc,Mestra,1 un,litro,6390,6390,,False,,$4.841 x litro,$4.841 x litro,https://www.unimarc.cl/cerv-0-alc0hol-mestra-330cc-bot-pack-4-un/p,https://unimarc.vtexassets.com/arquivos/ids/191214/000000000000618799-DIS-01.jpg?v=637151406694400000,Cervezas,Cerveza sin alcohol,https://www.unimarc.cl/category/bebidas-y-licores/cervezas/cerveza-sin-alcohol,https://www.unimarc.cl/_next/data/0ucQ92dO_m9T9joH0FjVV/category/bebidas-y-licores/cervezas/cerveza-sin-alcohol.json?categories=bebidas-y-licores&categories=cervezas&categories=cerveza-sin-alcohol,2026-02-18T12:45:08
77839,Vino Mahuida gran reserva carmenere 750 cc,Mahuida,1 un,litro,4550,4550,,False,,$6.067 x litro,$6.067 x litro,https://www.unimarc.cl/vino-carm-gran-reserva-mahuida-750cc-bot/p,https://unimarc.vtexassets.com/arquivos/ids/219005/000000000000652125-UN-01.jpg?v=637650642480000000,Vinos Y Espumantes,Vino tinto,https://www.unimarc.cl/category/bebidas-y-licores/vinos-y-espumantes/vino-tinto,https://www.unimarc.cl/_next/data/0ucQ92dO_m9T9joH0FjVV/category/bebidas-y-licores/vinos-y-espumantes/vino-tinto.json?categories=bebidas-y-licores&categories=vinos-y-espumantes&categories=vino-tinto,2026-02-18T12:45:15
51850,Vino Diablo dark red ensamblaje botella 750 cc,Diablo,1 un,litro,6790,7990,6790,True,Ahorras $1.200,$9.053 x litro,$10.653 x litro,https://www.unimarc.cl/vino-dark-red-diablo-750-cc-bot/p,https://unimarc.vtexassets.com/arquivos/ids/203919/000000000000634240-UN-01.jpg?v=637397050431900000,Vinos Y Espumantes,Vino tinto,https://www.unimarc.cl/category/bebidas-y-licores/vinos-y-espumantes/vino-tinto,https://www.unimarc.cl/_next/data/0ucQ92dO_m9T9joH0FjVV/category/bebidas-y-licores/vinos-y-espumantes/vino-tinto.json?categories=bebidas-y-licores&categories=vinos-y-espumantes&categories=vino-tinto,2026-02-18T12:45:15
727,Vino Castillo de Molina gran reserva carmenere 750 cc,Castillo De Molina,1 un,litro,7450,9290,7450,True,Ahorras $1.840,$9.933 x litro,$12.387 x litro,https://www.unimarc.cl/vino-castillo-de-molina-reserva-carmenere-750-cc/p,https://unimarc.vtexassets.com/arquivos/ids/221489/000000000000180911-UN-01.jpg?v=637720604093300000,Vinos Y Espumantes,Vino tinto,https://www.unimarc.cl/category/bebidas-y-licores/vinos-y-espumantes/vino-tinto,https://www.unimarc.cl/_next/data/0ucQ92dO_m9T9joH0FjVV/category/bebidas-y-licores/vinos-y-espumantes/vino-tinto.json?categories=bebidas-y-licores&categories=vinos-y-espumantes&categories=vino-tinto,2026-02-18T12:45:15
88957,Vino Vientos del Sur carmenere botella 750 cc,Vientos Del Sur,1 un,litro,3250,3250,,False,,$4.333 x litro,$4.333 x litro,https://www.unimarc.cl/vino-carmenere-vientos-del-sur-750cc-bt/p,https://unimarc.vtexassets.com/arquivos/ids/244695/000000000000670956-UN-01.jpg?v=638645318797870000,Vinos Y Espumantes,Vino tinto,https://www.unimarc.cl/category/bebidas-y-licores/vinos-y-espumantes/vino-tinto,https://www.unimarc.cl/_next/data/0ucQ92dO_m9T9joH0FjVV/category/bebidas-y-licores/vinos-y-espumantes/vino-tinto.json?categories=bebidas-y-licores&categories=vinos-y-espumantes&categories=vino-tinto,2026-02-18T12:45:15
705,Vino Santa Rita medalla real carmenere 750 cc,Santa Rita,1 un,litro,3990,5990,3990,True,Ahorras $2.000,$5.320 x litro,$7.987 x litro,https://www.unimarc.cl/vino-sta-rita-med-real-carmenere-750-ml/p,https://unimarc.vtexassets.com/arquivos/ids/231367/000000000000179987-UN-01.jpg?v=638561277657900000,Vinos Y Espumantes,Vino tinto,https://www.unimarc.cl/category/bebidas-y-licores/vinos-y-espumantes/vino-tinto,https://www.unimarc.cl/_next/data/0ucQ92dO_m9T9joH0FjVV/category/bebidas-y-licores/vinos-y-espumantes/vino-tinto.json?categories=bebidas-y-licores&categories=vinos-y-espumantes&categories=vino-tinto,2026-02-18T12:45:15
77838,Vino Mahuida gran reserva cabernet sauvignon 750 cc,Mahuida,1 un,litro,4550,4550,,False,,$6.067 x litro,$6.067 x litro,https://www.unimarc.cl/vino-cab-saug-g-reserv-mahuida-750cc-bot/p,https://unimarc.vtexassets.com/arquivos/ids/219006/000000000000652124-UN-01.jpg?v=637650643344500000,Vinos Y Espumantes,Vino tinto,https://www.unimarc.cl/category/bebidas-y-licores/vinos-y-espumantes/vino-tinto,https://www.unimarc.cl/_next/data/0ucQ92dO_m9T9joH0FjVV/category/bebidas-y-licores/vinos-y-espumantes/vino-tinto.json?categories=bebidas-y-licores&categories=vinos-y-espumantes&categories=vino-tinto,2026-02-18T12:45:15
10399,Vino Casa Silva colección carmenere 750 cc,Casa Silva,1 un,litro,5590,5590,,False,,$7.453 x litro,$7.453 x litro,https://www.unimarc.cl/vino-carm-col-c-silva-750-cc-bot/p,https://unimarc.vtexassets.com/arquivos/ids/197595/000000000000631194-UN-01.jpg?v=637281932264270000,Vinos Y Espumantes,Vino tinto,https://www.unimarc.cl/category/bebidas-y-licores/vinos-y-espumantes/vino-tinto,https://www.unimarc.cl/_next/data/0ucQ92dO_m9T9joH0FjVV/category/bebidas-y-licores/vinos-y-espumantes/vino-tinto.json?categories=bebidas-y-licores&categories=vinos-y-espumantes&categories=vino-tinto,2026-02-18T12:45:15
4268,Vino Santa Rita medalla real cabernet sauvignon 750 cc,Santa Rita,1 un,litro,3990,5990,3990,True,Ahorras $2.000,$5.320 x litro,$7.987 x litro,https://www.unimarc.cl/vino-cab-m-real-srita-750-cc-bot/p,https://unimarc.vtexassets.com/arquivos/ids/231365/000000000000179983-UN-01.jpg?v=638561277626200000,Vinos Y Espumantes,Vino tinto,https://www.unimarc.cl/category/bebidas-y-licores/vinos-y-espumantes/vino-tinto,https://www.unimarc.cl/_next/data/0ucQ92dO_m9T9joH0FjVV/category/bebidas-y-licores/vinos-y-espumantes/vino-tinto.json?categories=bebidas-y-licores&categories=vinos-y-espumantes&categories=vino-tinto,2026-02-18T12:45:15
88956,Vino Vientos del Sur cabernet sauvignon botella 750 cc,Vientos Del Sur,1 un,litro,3250,3250,,False,,$4.333 x litro,$4.333 x litro,https://www.unimarc.cl/vino-cab-sauv-vientos-del-sur-750-cc-bot/p,https://unimarc.vtexassets.com/arquivos/ids/244693/000000000000670953-UN-01.jpg?v=638645318290570000,Vinos Y Espumantes,Vino tinto,https://www.unimarc.cl/category/bebidas-y-licores/vinos-y-espumantes/vino-tinto,https://www.unimarc.cl/_next/data/0ucQ92dO_m9T9joH0FjVV/category/bebidas-y-licores/vinos-y-espumantes/vino-tinto.json?categories=bebidas-y-licores&categories=vinos-y-espumantes&categories=vino-tinto,2026-02-18T12:45:15
14492,Vino Valdivieso caballo loco Nº18 ensamblaje 750 cc,Caballo Loco,1 un,litro,60290,69890,60290,True,Ahorras $9.600,$80.387 x litro,$93.187 x litro,https://www.unimarc.cl/vino-caballo-loco-valdivieso-750-cc-bot/p,https://unimarc.vtexassets.com/arquivos/ids/218876/000000000000180883-UN-01.jpg?v=637647455799400000,Vinos Y Espumantes,Vino tinto,https://www.unimarc.cl/category/bebidas-y-licores/vinos-y-espumantes/vino-tinto,https://www.unimarc.cl/_next/data/0ucQ92dO_m9T9joH0FjVV/category/bebidas-y-licores/vinos-y-espumantes/vino-tinto.json?categories=bebidas-y-licores&categories=vinos-y-espumantes&categories=vino-tinto,2026-02-18T12:45:15
10966,Vino Oveja Negra reserva ensamblaje 750 cc,Oveja Negra,1 un,litro,5290,5290,,False,,$7.053 x litro,$7.053 x litro,https://www.unimarc.cl/vino-carm-mer-o-negra-750-cc-bot/p,https://unimarc.vtexassets.com/arquivos/ids/180016/000000000000217231-UN.jpg?v=636758998653970000,Vinos Y Espumantes,Vino tinto,https://www.unimarc.cl/category/bebidas-y-licores/vinos-y-espumantes/vino-tinto,https://www.unimarc.cl/_next/data/0ucQ92dO_m9T9joH0FjVV/category/bebidas-y-licores/vinos-y-espumantes/vino-tinto.json?categories=bebidas-y-licores&categories=vinos-y-espumantes&categories=vino-tinto,2026-02-18T12:45:15
3925,Vino Casillero del Diablo reserva carmenere 750 cc,Casillero Del Diablo,1 un,litro,4990,5990,4990,True,Ahorras $1.000,$6.653 x litro,$7.987 x litro,https://www.unimarc.cl/vino-carm-c-diablo-750-cc-bot/p,https://unimarc.vtexassets.com/arquivos/ids/203138/000000000000154822-UN-01.jpg?v=637388486990200000,Vinos Y Espumantes,Vino tinto,https://www.unimarc.cl/category/bebidas-y-licores/vinos-y-espumantes/vino-tinto,https://www.unimarc.cl/_next/data/0ucQ92dO_m9T9joH0FjVV/category/bebidas-y-licores/vinos-y-espumantes/vino-tinto.json?categories=bebidas-y-licores&categories=vinos-y-espumantes&categories=vino-tinto,2026-02-18T12:45:15
4317,Vino Oveja Negra carmenere-cabernet franc 750 cc,Oveja Negra,1 un,litro,5290,5290,,False,,$7.053 x litro,$7.053 x litro,https://www.unimarc.cl/vino-cf-carm-res-o-neg-750cc-bot/p,https://unimarc.vtexassets.com/arquivos/ids/180015/000000000000180869-UN.jpg?v=636758997686030000,Vinos Y Espumantes,Vino tinto,https://www.unimarc.cl/category/bebidas-y-licores/vinos-y-espumantes/vino-tinto,https://www.unimarc.cl/_next/data/0ucQ92dO_m9T9joH0FjVV/category/bebidas-y-licores/vinos-y-espumantes/vino-tinto.json?categories=bebidas-y-licores&categories=vinos-y-espumantes&categories=vino-tinto,2026-02-18T12:45:15
497,Vino Tarapacá gran reserva carménère 750 cc,Gran Tarapaca,1 un,litro,8490,12150,8490,True,Ahorras $3.660,$11.320 x litro,$16.200 x litro,https://www.unimarc.cl/vino-carmen-re-gran-reserva-750-cc/p,https://unimarc.vtexassets.com/arquivos/ids/243801/000000000000133153-UN-01.jpg?v=638604534843730000,Vinos Y Espumantes,Vino tinto,https://www.unimarc.cl/category/bebidas-y-licores/vinos-y-espumantes/vino-tinto,https://www.unimarc.cl/_next/data/0ucQ92dO_m9T9joH0FjVV/category/bebidas-y-licores/vinos-y-espumantes/vino-tinto.json?categories=bebidas-y-licores&categories=vinos-y-espumantes&categories=vino-tinto,2026-02-18T12:45:15
68120,Vino Tarapacá gran reserva etiqueta negra carmenere 750 cc,Tarapaca,1 un,litro,16490,20190,16490,True,Ahorras $3.700,$21.987 x litro,$26.920 x litro,https://www.unimarc.cl/vino-carm-res-et-nga-tarapaca-750-cc-bot/p,https://unimarc.vtexassets.com/arquivos/ids/196124/000000000000641931-UN-01.jpg?v=637268131843970000,Vinos Y Espumantes,Vino tinto,https://www.unimarc.cl/category/bebidas-y-licores/vinos-y-espumantes/vino-tinto,https://www.unimarc.cl/_next/data/0ucQ92dO_m9T9joH0FjVV/category/bebidas-y-licores/vinos-y-espumantes/vino-tinto.json?categories=bebidas-y-licores&categories=vinos-y-espumantes&categories=vino-tinto,2026-02-18T12:45:15
83523,Vino Carmen frida kahlo reserva carmenere 750 cc,Carmen,1 un,litro,4390,5890,4390,True,Ahorras $1.500,$5.853 x litro,$7.853 x litro,https://www.unimarc.cl/vino-reser-carmenere-fk-carmen-750ml-bot/p,https://unimarc.vtexassets.com/arquivos/ids/232508/000000000000663352-UN-01.jpg?v=638561278296170000,Vinos Y Espumantes,Vino tinto,https://www.unimarc.cl/category/bebidas-y-licores/vinos-y-espumantes/vino-tinto,https://www.unimarc.cl/_next/data/0ucQ92dO_m9T9joH0FjVV/category/bebidas-y-licores/vinos-y-espumantes/vino-tinto.json?categories=bebidas-y-licores&categories=vinos-y-espumantes&categories=vino-tinto,2026-02-18T12:45:15
1110,Vino San Pedro altair sideral ensamblaje 750 cc,Altair,1 un,litro,26990,32990,26990,True,Ahorras $6.000,$35.987 x litro,$43.987 x litro,https://www.unimarc.cl/vino-ens-sider-altair-750cc-bot/p,https://unimarc.vtexassets.com/arquivos/ids/232213/000000000000547195-UN-01.jpg?v=638139061692570000,Vinos Y Espumantes,Vino tinto,https://www.unimarc.cl/category/bebidas-y-licores/vinos-y-espumantes/vino-tinto,https://www.unimarc.cl/_next/data/0ucQ92dO_m9T9joH0FjVV/category/bebidas-y-licores/vinos-y-espumantes/vino-tinto.json?categories=bebidas-y-licores&categories=vinos-y-espumantes&categories=vino-tinto,2026-02-18T12:45:15
84900,Vino Diablo deep carmenere botella 750 cc,Diablo,1 un,litro,6790,7990,6790,True,Ahorras $1.200,$9.053 x litro,$10.653 x litro,https://www.unimarc.cl/vino-carmenere-deep-diablo-750-cc-bot/p,https://unimarc.vtexassets.com/arquivos/ids/234994/000000000000665777-UN-01.jpg?v=638264258106100000,Vinos Y Espumantes,Vino tinto,https://www.unimarc.cl/category/bebidas-y-licores/vinos-y-espumantes/vino-tinto,https://www.unimarc.cl/_next/data/0ucQ92dO_m9T9joH0FjVV/category/bebidas-y-licores/vinos-y-espumantes/vino-tinto.json?categories=bebidas-y-licores&categories=vinos-y-espumantes&categories=vino-tinto,2026-02-18T12:45:15
76893,Vino Las Casas de Vaquería lago sur gran reserva carmenere 750 cc,Las Casas De Vaqueria,1 un,litro,6190,6190,,False,,$8.253 x litro,$8.253 x litro,https://www.unimarc.cl/vino-carm-gran-res-casas-de-vaq-750c-bot/p,https://unimarc.vtexassets.com/arquivos/ids/216779/000000000000650785-UN-01.jpg?v=637602324405630000,Vinos Y Espumantes,Vino tinto,https://www.unimarc.cl/category/bebidas-y-licores/vinos-y-espumantes/vino-tinto,https://www.unimarc.cl/_next/data/0ucQ92dO_m9T9joH0FjVV/category/bebidas-y-licores/vinos-y-espumantes/vino-tinto.json?categories=bebidas-y-licores&categories=vinos-y-espumantes&categories=vino-tinto,2026-02-18T12:45:15
9922,Vino Concha y Toro Marques de casa concha carmenere 750 cc,Concha Y Toro,1 un,litro,12490,15990,12490,True,Ahorras $3.500,$16.653 x litro,$21.320 x litro,https://www.unimarc.cl/vino-carm-marq-con-toro-750-cc-bot/p,https://unimarc.vtexassets.com/arquivos/ids/224328/000000000000561154-UN-01.jpg?v=638561277891170000,Vinos Y Espumantes,Vino tinto,https://www.unimarc.cl/category/bebidas-y-licores/vinos-y-espumantes/vino-tinto,https://www.unimarc.cl/_next/data/0ucQ92dO_m9T9joH0FjVV/category/bebidas-y-licores/vinos-y-espumantes/vino-tinto.json?categories=bebidas-y-licores&categories=vinos-y-espumantes&categories=vino-tinto,2026-02-18T12:45:15
10398,Vino Casa Silva colección cabernet sauvignon 750 cc,Casa Silva,1 un,litro,5590,5590,,False,,$7.453 x litro,$7.453 x litro,https://www.unimarc.cl/vino-cs-col-c-silva-750-cc-bot/p,https://unimarc.vtexassets.com/arquivos/ids/197589/000000000000631193-UN-01.jpg?v=637281927280900000,Vinos Y Espumantes,Vino tinto,https://www.unimarc.cl/category/bebidas-y-licores/vinos-y-espumantes/vino-tinto,https://www.unimarc.cl/_next/data/0ucQ92dO_m9T9joH0FjVV/category/bebidas-y-licores/vinos-y-espumantes/vino-tinto.json?categories=bebidas-y-licores&categories=vinos-y-espumantes&categories=vino-tinto,2026-02-18T12:45:15
4318,Vino Oveja Negra cabernet sauvignon-syrah 750 cc,Oveja Negra,1 un,litro,5290,5290,,False,,$7.053 x litro,$7.053 x litro,https://www.unimarc.cl/vino-cs-sy-oveja-negra-750cc-bot/p,https://unimarc.vtexassets.com/arquivos/ids/180014/000000000000180870-UN.jpg?v=636758996472700000,Vinos Y Espumantes,Vino tinto,https://www.unimarc.cl/category/bebidas-y-licores/vinos-y-espumantes/vino-tinto,https://www.unimarc.cl/_next/data/0ucQ92dO_m9T9joH0FjVV/category/bebidas-y-licores/vinos-y-espumantes/vino-tinto.json?categories=bebidas-y-licores&categories=vinos-y-espumantes&categories=vino-tinto,2026-02-18T12:45:15
9882,Vino Concha y Toro Terrunyo carmenere 750 cc,Concha Y Toro,1 un,litro,19990,29990,19990,True,Ahorras $10.000,$26.653 x litro,$39.987 x litro,https://www.unimarc.cl/vino-carm-terrunyo-con-toro-750-cc-bot/p,https://unimarc.vtexassets.com/arquivos/ids/203129/000000000000133087-UN-01.jpg?v=637388473449300000,Vinos Y Espumantes,Vino tinto,https://www.unimarc.cl/category/bebidas-y-licores/vinos-y-espumantes/vino-tinto,https://www.unimarc.cl/_next/data/0ucQ92dO_m9T9joH0FjVV/category/bebidas-y-licores/vinos-y-espumantes/vino-tinto.json?categories=bebidas-y-licores&categories=vinos-y-espumantes&categories=vino-tinto,2026-02-18T12:45:15
42859,Vino Aromo reserva privada cabernet sauvignon 750 cc,Aromo,1 un,litro,5590,5590,,False,,$7.453 x litro,$7.453 x litro,https://www.unimarc.cl/vino-cab-r-pr-aromo-750-cc-bot/p,https://unimarc.vtexassets.com/arquivos/ids/186917/Vino-Aromo-reserva-privada-cabernet-sauvignon-botella-750-cc-1-3227.jpg?v=637013946713200000,Vinos Y Espumantes,Vino tinto,https://www.unimarc.cl/category/bebidas-y-licores/vinos-y-espumantes/vino-tinto,https://www.unimarc.cl/_next/data/0ucQ92dO_m9T9joH0FjVV/category/bebidas-y-licores/vinos-y-espumantes/vino-tinto.json?categories=bebidas-y-licores&categories=vinos-y-espumantes&categories=vino-tinto,2026-02-18T12:45:15
42981,Vino Concha y Toro Terrunyo cabernet sauvignon 750 cc,Concha Y Toro,1 un,litro,19990,29990,19990,True,Ahorras $10.000,$26.653 x litro,$39.987 x litro,https://www.unimarc.cl/vino-cab-terrunyo-c-toro-750cc-bot/p,https://unimarc.vtexassets.com/arquivos/ids/203130/000000000000133086-UN-01.jpg?v=637388475185000000,Vinos Y Espumantes,Vino tinto,https://www.unimarc.cl/category/bebidas-y-licores/vinos-y-espumantes/vino-tinto,https://www.unimarc.cl/_next/data/0ucQ92dO_m9T9joH0FjVV/category/bebidas-y-licores/vinos-y-espumantes/vino-tinto.json?categories=bebidas-y-licores&categories=vinos-y-espumantes&categories=vino-tinto,2026-02-18T12:45:15
82991,Vino Indómita gran reserva carmenere 750 cc,Indomita,1 un,litro,6490,6490,,False,,$8.653 x litro,$8.653 x litro,https://www.unimarc.cl/vino-carmenere-gn-res-indomita-750cc-bot/p,https://unimarc.vtexassets.com/arquivos/ids/230086/000000000000660732-UN-01.jpg?v=638024073034600000,Vinos Y Espumantes,Vino tinto,https://www.unimarc.cl/category/bebidas-y-licores/vinos-y-espumantes/vino-tinto,https://www.unimarc.cl/_next/data/0ucQ92dO_m9T9joH0FjVV/category/bebidas-y-licores/vinos-y-espumantes/vino-tinto.json?categories=bebidas-y-licores&categories=vinos-y-espumantes&categories=vino-tinto,2026-02-18T12:45:15
94013,Vino vegano Carmenere gran reserva Vientos Del Sur 750ml,Vientos Del Sur,1 un,litro,5790,5790,,False,,$7.720 x litro,$7.720 x litro,https://www.unimarc.cl/vino-carm-gres-vegano-v-del-sur-750c-bot/p,https://unimarc.vtexassets.com/arquivos/ids/254079/000000000000693789-UN-01.jpg?v=639013961244630000,Vinos Y Espumantes,Vino tinto,https://www.unimarc.cl/category/bebidas-y-licores/vinos-y-espumantes/vino-tinto,https://www.unimarc.cl/_next/data/0ucQ92dO_m9T9joH0FjVV/category/bebidas-y-licores/vinos-y-espumantes/vino-tinto.json?categories=bebidas-y-licores&categories=vinos-y-espumantes&categories=vino-tinto,2026-02-18T12:45:15
80200,Vino Cabos de Hornos cabernet sauvignon botella 750 cc,Cabo De Hornos,1 un,litro,49990,71390,49990,True,Ahorras $21.400,$66.653 x litro,$95.187 x litro,https://www.unimarc.cl/vino-cab-sauv-cabos-de-hornos-750-cc-bot/p,https://unimarc.vtexassets.com/arquivos/ids/222238/000000000000180725-UN-01.jpg?v=637747449717900000,Vinos Y Espumantes,Vino tinto,https://www.unimarc.cl/category/bebidas-y-licores/vinos-y-espumantes/vino-tinto,https://www.unimarc.cl/_next/data/0ucQ92dO_m9T9joH0FjVV/category/bebidas-y-licores/vinos-y-espumantes/vino-tinto.json?categories=bebidas-y-licores&categories=vinos-y-espumantes&categories=vino-tinto,2026-02-18T12:45:15
10400,Vino Casa Silva colección syrah 750 cc,Casa Silva,1 un,litro,5590,5590,,False,,$7.453 x litro,$7.453 x litro,https://www.unimarc.cl/vino-sy-col-c-silva-750-cc-bot/p,https://unimarc.vtexassets.com/arquivos/ids/197604/000000000000631195-UN-01.jpg?v=637281953013930000,Vinos Y Espumantes,Vino tinto,https://www.unimarc.cl/category/bebidas-y-licores/vinos-y-espumantes/vino-tinto,https://www.unimarc.cl/_next/data/0ucQ92dO_m9T9joH0FjVV/category/bebidas-y-licores/vinos-y-espumantes/vino-tinto.json?categories=bebidas-y-licores&categories=vinos-y-espumantes&categories=vino-tinto,2026-02-18T12:45:15
79,Vino Castillo de Molina gran reserva cabernet sauvignon 750 cc,Castillo De Molina,1 un,litro,7450,9290,7450,True,Ahorras $1.840,$9.933 x litro,$12.387 x litro,https://www.unimarc.cl/vino-castillo-molina-res-cab-sauvignon-750-ml/p,https://unimarc.vtexassets.com/arquivos/ids/221483/000000000000009440-UN-01.jpg?v=637720600990530000,Vinos Y Espumantes,Vino tinto,https://www.unimarc.cl/category/bebidas-y-licores/vinos-y-espumantes/vino-tinto,https://www.unimarc.cl/_next/data/0ucQ92dO_m9T9joH0FjVV/category/bebidas-y-licores/vinos-y-espumantes/vino-tinto.json?categories=bebidas-y-licores&categories=vinos-y-espumantes&categories=vino-tinto,2026-02-18T12:45:15
94010,Vino Cabernet Sauvignon gran reserva vegano Vientos del Sur 750ml,Vientos Del Sur,1 un,litro,5790,5790,,False,,$7.720 x litro,$7.720 x litro,https://www.unimarc.cl/vino-cab-sauv-gres-vegano-v-sur-750c-bot/p,https://unimarc.vtexassets.com/arquivos/ids/254076/000000000000693786-UN-01.jpg?v=639013961239670000,Vinos Y Espumantes,Vino tinto,https://www.unimarc.cl/category/bebidas-y-licores/vinos-y-espumantes/vino-tinto,https://www.unimarc.cl/_next/data/0ucQ92dO_m9T9joH0FjVV/category/bebidas-y-licores/vinos-y-espumantes/vino-tinto.json?categories=bebidas-y-licores&categories=vinos-y-espumantes&categories=vino-tinto,2026-02-18T12:45:15
68678,Vino Palo Alto reserva merlot botella 750 cc,Palo Alto,1 un,litro,4750,4750,,False,,$6.333 x litro,$6.333 x litro,https://www.unimarc.cl/vino-merlot-res-palo-alto-750-cc-bot/p,https://unimarc.vtexassets.com/arquivos/ids/248383/000000000000632600-UN-01.jpg.jpg?v=638811294597300000,Vinos Y Espumantes,Vino tinto,https://www.unimarc.cl/category/bebidas-y-licores/vinos-y-espumantes/vino-tinto,https://www.unimarc.cl/_next/data/0ucQ92dO_m9T9joH0FjVV/category/bebidas-y-licores/vinos-y-espumantes/vino-tinto.json?categories=bebidas-y-licores&categories=vinos-y-espumantes&categories=vino-tinto,2026-02-18T12:45:15
94006,Vino rosé vegano Vientos Del Sur 750ml,Vientos Del Sur,1 un,litro,3290,3290,,False,,$4.387 x litro,$4.387 x litro,https://www.unimarc.cl/vino-rose-vegano-vto-del-sur-750-cc-bot/p,https://unimarc.vtexassets.com/arquivos/ids/254071/000000000000693781-UN-01.jpg?v=639013961231230000,Vinos Y Espumantes,Vino tinto,https://www.unimarc.cl/category/bebidas-y-licores/vinos-y-espumantes/vino-tinto,https://www.unimarc.cl/_next/data/0ucQ92dO_m9T9joH0FjVV/category/bebidas-y-licores/vinos-y-espumantes/vino-tinto.json?categories=bebidas-y-licores&categories=vinos-y-espumantes&categories=vino-tinto,2026-02-18T12:45:15
15421,Vino Aromo reserva carmenere botella 750 cc,Aromo,1 un,litro,5590,5590,,False,,$7.453 x litro,$7.453 x litro,https://www.unimarc.cl/vino-carm-res-aromo-750-cc-bot/p,https://unimarc.vtexassets.com/arquivos/ids/226695/000000000000318711-UN-01.jpg?v=637889257337570000,Vinos Y Espumantes,Vino tinto,https://www.unimarc.cl/category/bebidas-y-licores/vinos-y-espumantes/vino-tinto,https://www.unimarc.cl/_next/data/0ucQ92dO_m9T9joH0FjVV/category/bebidas-y-licores/vinos-y-espumantes/vino-tinto.json?categories=bebidas-y-licores&categories=vinos-y-espumantes&categories=vino-tinto,2026-02-18T12:45:15
77,Vino Casillero del Diablo reserva cabernet sauvignon 750 cc,Casillero Del Diablo,1 un,litro,4990,5990,4990,True,Ahorras $1.000,$6.653 x litro,$7.987 x litro,https://www.unimarc.cl/vino-casillero-del-diablo-cab-sauvignon-750-ml/p,https://unimarc.vtexassets.com/arquivos/ids/203835/000000000000009340-UN-01.jpg?v=637396961780670000,Vinos Y Espumantes,Vino tinto,https://www.unimarc.cl/category/bebidas-y-licores/vinos-y-espumantes/vino-tinto,https://www.unimarc.cl/_next/data/0ucQ92dO_m9T9joH0FjVV/category/bebidas-y-licores/vinos-y-espumantes/vino-tinto.json?categories=bebidas-y-licores&categories=vinos-y-espumantes&categories=vino-tinto,2026-02-18T12:45:15
50955,Vino Palo Alto reserva cabernet sauvignon franc y shiraz 750 cc,Palo Alto,1 un,litro,4750,4750,,False,,$6.333 x litro,$6.333 x litro,https://www.unimarc.cl/vino-cabernet-sauvignon-palo-alto-reserva-750cc/p,https://unimarc.vtexassets.com/arquivos/ids/182173/000000000000172459-UN.jpg?v=636824676962500000,Vinos Y Espumantes,Vino tinto,https://www.unimarc.cl/category/bebidas-y-licores/vinos-y-espumantes/vino-tinto,https://www.unimarc.cl/_next/data/0ucQ92dO_m9T9joH0FjVV/category/bebidas-y-licores/vinos-y-espumantes/vino-tinto.json?categories=bebidas-y-licores&categories=vinos-y-espumantes&categories=vino-tinto,2026-02-18T12:45:15
89217,Vino Casa Donoso private collection carmenere 750 cc,Casa Donoso,1 un,litro,6490,6490,,False,,$8.653 x litro,$8.653 x litro,https://www.unimarc.cl/vino-carm-pr-collection-c-donoso-750-bot/p,https://unimarc.vtexassets.com/arquivos/ids/244417/000000000000670982-UN-01.jpg?v=638633863099700000,Vinos Y Espumantes,Vino tinto,https://www.unimarc.cl/category/bebidas-y-licores/vinos-y-espumantes/vino-tinto,https://www.unimarc.cl/_next/data/0ucQ92dO_m9T9joH0FjVV/category/bebidas-y-licores/vinos-y-espumantes/vino-tinto.json?categories=bebidas-y-licores&categories=vinos-y-espumantes&categories=vino-tinto,2026-02-18T12:45:15
76894,Vino Las Casas de Vaquería lago sur gran reserva cabernet sauvignon 750 cc,Las Casas De Vaqueria,1 un,litro,6190,6190,,False,,$8.253 x litro,$8.253 x litro,https://www.unimarc.cl/vino-cab-sauv-g-res-casas-de-vaq-750-bot/p,https://unimarc.vtexassets.com/arquivos/ids/216780/000000000000651414-UN-01.jpg?v=637602325102330000,Vinos Y Espumantes,Vino tinto,https://www.unimarc.cl/category/bebidas-y-licores/vinos-y-espumantes/vino-tinto,https://www.unimarc.cl/_next/data/0ucQ92dO_m9T9joH0FjVV/category/bebidas-y-licores/vinos-y-espumantes/vino-tinto.json?categories=bebidas-y-licores&categories=vinos-y-espumantes&categories=vino-tinto,2026-02-18T12:45:15
10906,Vino Caliterra reserva carmenere reserva 750 cc,Caliterra,1 un,litro,5790,5790,,False,,$7.720 x litro,$7.720 x litro,https://www.unimarc.cl/vino-carm-res-caliterra-750-cc-bot/p,https://unimarc.vtexassets.com/arquivos/ids/179953/000000000000180802-UN.jpg?v=636758275756830000,Vinos Y Espumantes,Vino tinto,https://www.unimarc.cl/category/bebidas-y-licores/vinos-y-espumantes/vino-tinto,https://www.unimarc.cl/_next/data/0ucQ92dO_m9T9joH0FjVV/category/bebidas-y-licores/vinos-y-espumantes/vino-tinto.json?categories=bebidas-y-licores&categories=vinos-y-espumantes&categories=vino-tinto,2026-02-18T12:45:15
3479,Vino Gran Tarapacá reserva etiqueta negra cabernet sauvignon 750 cc,Tarapaca,1 un,litro,16490,20190,16490,True,Ahorras $3.700,$21.987 x litro,$26.920 x litro,https://www.unimarc.cl/vino-g-res-e-neg-tarap-750cc-bot/p,https://unimarc.vtexassets.com/arquivos/ids/243798/000000000000051131-UN-01.jpg?v=638604534837000000,Vinos Y Espumantes,Vino tinto,https://www.unimarc.cl/category/bebidas-y-licores/vinos-y-espumantes/vino-tinto,https://www.unimarc.cl/_next/data/0ucQ92dO_m9T9joH0FjVV/category/bebidas-y-licores/vinos-y-espumantes/vino-tinto.json?categories=bebidas-y-licores&categories=vinos-y-espumantes&categories=vino-tinto,2026-02-18T12:45:15
89303,Vino Marqués de casa Concha carmenere blue botella 750 cc,Marques De Casa Concha,1 un,litro,15990,22990,15990,True,Ahorras $7.000,$21.320 x litro,$30.653 x litro,https://www.unimarc.cl/vino-carmenere-blue-marq-d-cc-750-ml-bot/p,https://unimarc.vtexassets.com/arquivos/ids/244535/000000000000671542-UN-01.jpg?v=638640047195400000,Vinos Y Espumantes,Vino tinto,https://www.unimarc.cl/category/bebidas-y-licores/vinos-y-espumantes/vino-tinto,https://www.unimarc.cl/_next/data/0ucQ92dO_m9T9joH0FjVV/category/bebidas-y-licores/vinos-y-espumantes/vino-tinto.json?categories=bebidas-y-licores&categories=vinos-y-espumantes&categories=vino-tinto,2026-02-18T12:45:15
49040,Vino Valdivieso caballo loco grand cru maipo ensamblaje botella 750 cc,Caballo Loco,1 un,litro,29850,36990,29850,True,Ahorras $7.140,$39.800 x litro,$49.320 x litro,https://www.unimarc.cl/vino-c-loco-andes-vald-750cc-bot/p,https://unimarc.vtexassets.com/arquivos/ids/221362/000000000000886386-UN-01.jpg?v=637711128716770000,Vinos Y Espumantes,Vino tinto,https://www.unimarc.cl/category/bebidas-y-licores/vinos-y-espumantes/vino-tinto,https://www.unimarc.cl/_next/data/0ucQ92dO_m9T9joH0FjVV/category/bebidas-y-licores/vinos-y-espumantes/vino-tinto.json?categories=bebidas-y-licores&categories=vinos-y-espumantes&categories=vino-tinto,2026-02-18T12:45:15
91926,Vino Santa Helena reserva carmenere 750 cc,Santa Helena,1 un,litro,5590,5590,,False,,$7.453 x litro,$7.453 x litro,https://www.unimarc.cl/vino-carmene-res-sta-helena-750-cc-bot/p,https://unimarc.vtexassets.com/arquivos/ids/250661/000000000000675912-UN-01.jpg?v=638906238676170000,Vinos Y Espumantes,Vino tinto,https://www.unimarc.cl/category/bebidas-y-licores/vinos-y-espumantes/vino-tinto,https://www.unimarc.cl/_next/data/0ucQ92dO_m9T9joH0FjVV/category/bebidas-y-licores/vinos-y-espumantes/vino-tinto.json?categories=bebidas-y-licores&categories=vinos-y-espumantes&categories=vino-tinto,2026-02-18T12:45:15
65620,Vino Carmen Frida Kahlo gran reserva carmenere 750 cc,Carmen,1 un,litro,6790,8990,6790,True,Ahorras $2.200,$9.053 x litro,$11.987 x litro,https://www.unimarc.cl/vino-carm-gr-frid-kahlo-carmen-750cc-bot/p,https://unimarc.vtexassets.com/arquivos/ids/231370/000000000000636690-UN-01.jpg?v=638561278001500000,Vinos Y Espumantes,Vino tinto,https://www.unimarc.cl/category/bebidas-y-licores/vinos-y-espumantes/vino-tinto,https://www.unimarc.cl/_next/data/0ucQ92dO_m9T9joH0FjVV/category/bebidas-y-licores/vinos-y-espumantes/vino-tinto.json?categories=bebidas-y-licores&categories=vinos-y-espumantes&categories=vino-tinto,2026-02-18T12:45:15
50650,Vino Las Casas de Vaqueria reserva merlot 750 cc,Las Casas De Vaqueria,1 un,litro,4290,4290,,False,,$5.720 x litro,$5.720 x litro,https://www.unimarc.cl/vino-mer-casas-d-vaq-750-cc-bot/p,https://unimarc.vtexassets.com/arquivos/ids/187151/Vino-Las-Casas-de-Vaqueria-reserva-merlot-botella-750-cc-1-30938.jpg?v=637013950647600000,Vinos Y Espumantes,Vino tinto,https://www.unimarc.cl/category/bebidas-y-licores/vinos-y-espumantes/vino-tinto,https://www.unimarc.cl/_next/data/0ucQ92dO_m9T9joH0FjVV/category/bebidas-y-licores/vinos-y-espumantes/vino-tinto.json?categories=bebidas-y-licores&categories=vinos-y-espumantes&categories=vino-tinto,2026-02-18T12:45:15
82988,Vino Indómita gran reserva carignan 750 cc,Indomita,1 un,litro,6490,6490,,False,,$8.653 x litro,$8.653 x litro,https://www.unimarc.cl/vino-carignan-gn-res-indomita-750-cc-bot/p,https://unimarc.vtexassets.com/arquivos/ids/230084/000000000000660081-UN-01.jpg?v=638024062123730000,Vinos Y Espumantes,Vino tinto,https://www.unimarc.cl/category/bebidas-y-licores/vinos-y-espumantes/vino-tinto,https://www.unimarc.cl/_next/data/0ucQ92dO_m9T9joH0FjVV/category/bebidas-y-licores/vinos-y-espumantes/vino-tinto.json?categories=bebidas-y-licores&categories=vinos-y-espumantes&categories=vino-tinto,2026-02-18T12:45:15
421,Vino Marqués Casa Concha cabernet sauvignon 750 cc,Concha Y Toro,1 un,litro,12490,15990,12490,True,Ahorras $3.500,$16.653 x litro,$21.320 x litro,https://www.unimarc.cl/vino-marques-casa-concha-cab-sauvignon-750-ml/p,https://unimarc.vtexassets.com/arquivos/ids/242809/000000000000053692-UN-01.jpg?v=638561431451970000,Vinos Y Espumantes,Vino tinto,https://www.unimarc.cl/category/bebidas-y-licores/vinos-y-espumantes/vino-tinto,https://www.unimarc.cl/_next/data/0ucQ92dO_m9T9joH0FjVV/category/bebidas-y-licores/vinos-y-espumantes/vino-tinto.json?categories=bebidas-y-licores&categories=vinos-y-espumantes&categories=vino-tinto,2026-02-18T12:45:15
92890,Vino Casa Donoso Terroir carmenere 750 cc,Casa Donoso,1 un,litro,5990,5990,,False,,$7.987 x litro,$7.987 x litro,https://www.unimarc.cl/vino-carm-terroir-sel-c-donoso-750cc-bot/p,https://unimarc.vtexassets.com/arquivos/ids/251464/000000000000686218-UN-01.jpg?v=638936495829000000,Vinos Y Espumantes,Vino tinto,https://www.unimarc.cl/category/bebidas-y-licores/vinos-y-espumantes/vino-tinto,https://www.unimarc.cl/_next/data/0ucQ92dO_m9T9joH0FjVV/category/bebidas-y-licores/vinos-y-espumantes/vino-tinto.json?categories=bebidas-y-licores&categories=vinos-y-espumantes&categories=vino-tinto,2026-02-18T12:45:15
50651,Vino Las Casas de Vaqueria reserva carmenere 750 cc,Las Casas De Vaqueria,1 un,litro,4290,4290,,False,,$5.720 x litro,$5.720 x litro,https://www.unimarc.cl/vino-carm-casas-d-vaq-750-cc-bot/p,https://unimarc.vtexassets.com/arquivos/ids/187152/Vino-Las-Casas-de-Vaqueria-reserva-carmenere-botella-750-cc-1-30939.jpg?v=637013950650100000,Vinos Y Espumantes,Vino tinto,https://www.unimarc.cl/category/bebidas-y-licores/vinos-y-espumantes/vino-tinto,https://www.unimarc.cl/_next/data/0ucQ92dO_m9T9joH0FjVV/category/bebidas-y-licores/vinos-y-espumantes/vino-tinto.json?categories=bebidas-y-licores&categories=vinos-y-espumantes&categories=vino-tinto,2026-02-18T12:45:15
14866,Vino Valdivieso caballo loco grand cru apalta ensamblaje 750 cc,Caballo Loco,1 un,litro,29850,36990,29850,True,Ahorras $7.140,$39.800 x litro,$49.320 x litro,https://www.unimarc.cl/vino-c-loco-apalt-vald-750cc-bot/p,https://unimarc.vtexassets.com/arquivos/ids/218874/000000000000886385-UN-01.jpg?v=637647454697430000,Vinos Y Espumantes,Vino tinto,https://www.unimarc.cl/category/bebidas-y-licores/vinos-y-espumantes/vino-tinto,https://www.unimarc.cl/_next/data/0ucQ92dO_m9T9joH0FjVV/category/bebidas-y-licores/vinos-y-espumantes/vino-tinto.json?categories=bebidas-y-licores&categories=vinos-y-espumantes&categories=vino-tinto,2026-02-18T12:45:15
92891,Vino Casa Donoso Terroir merlot 750 cc,Casa Donoso,1 un,litro,5990,5990,,False,,$7.987 x litro,$7.987 x litro,https://www.unimarc.cl/vino-merlot-terroir-sel-c-donoso-750-bot/p,https://unimarc.vtexassets.com/arquivos/ids/251465/000000000000686219-UN-01.jpg?v=638936495831500000,Vinos Y Espumantes,Vino tinto,https://www.unimarc.cl/category/bebidas-y-licores/vinos-y-espumantes/vino-tinto,https://www.unimarc.cl/_next/data/0ucQ92dO_m9T9joH0FjVV/category/bebidas-y-licores/vinos-y-espumantes/vino-tinto.json?page=2&categories=bebidas-y-licores&categories=vinos-y-espumantes&categories=vino-tinto,2026-02-18T12:45:19
89218,Vino Casa Donoso private collection cabernet sauvignon 750 cc,Casa Donoso,1 un,litro,6490,6490,,False,,$8.653 x litro,$8.653 x litro,https://www.unimarc.cl/vino-cs-pr-collection-c-donoso-750c-bot/p,https://unimarc.vtexassets.com/arquivos/ids/244418/000000000000671013-UN-01.jpg?v=638633863101730000,Vinos Y Espumantes,Vino tinto,https://www.unimarc.cl/category/bebidas-y-licores/vinos-y-espumantes/vino-tinto,https://www.unimarc.cl/_next/data/0ucQ92dO_m9T9joH0FjVV/category/bebidas-y-licores/vinos-y-espumantes/vino-tinto.json?page=2&categories=bebidas-y-licores&categories=vinos-y-espumantes&categories=vino-tinto,2026-02-18T12:45:19
12969,Vino San Vicente reserva tatio carmenere 750 cc,San Vicente,1 un,litro,4590,4590,,False,,$6.120 x litro,$6.120 x litro,https://www.unimarc.cl/vino-carm-r-t-svicente-750cc-bot/p,https://unimarc.vtexassets.com/arquivos/ids/169812/VINO-CARM-R-T-SVICENTE-750CC-BOT-1-20281.jpg?v=636584352100400000,Vinos Y Espumantes,Vino tinto,https://www.unimarc.cl/category/bebidas-y-licores/vinos-y-espumantes/vino-tinto,https://www.unimarc.cl/_next/data/0ucQ92dO_m9T9joH0FjVV/category/bebidas-y-licores/vinos-y-espumantes/vino-tinto.json?page=2&categories=bebidas-y-licores&categories=vinos-y-espumantes&categories=vino-tinto,2026-02-18T12:45:19
94005,Vino sauvignon blanc vegano Vientos DEL SUR 750ml,Vientos Del Sur,1 un,litro,3290,3290,,False,,$4.387 x litro,$4.387 x litro,https://www.unimarc.cl/vino-sauv-blanc-vegano-v-del-sur-750-bot/p,https://unimarc.vtexassets.com/arquivos/ids/254070/000000000000693750-UN-01.jpg?v=639013961229670000,Vinos Y Espumantes,Vino tinto,https://www.unimarc.cl/category/bebidas-y-licores/vinos-y-espumantes/vino-tinto,https://www.unimarc.cl/_next/data/0ucQ92dO_m9T9joH0FjVV/category/bebidas-y-licores/vinos-y-espumantes/vino-tinto.json?page=2&categories=bebidas-y-licores&categories=vinos-y-espumantes&categories=vino-tinto,2026-02-18T12:45:19
82992,Vino Indómita gran reserva cabernet sauvignon 750 cc,Indomita,1 un,litro,6490,6490,,False,,$8.653 x litro,$8.653 x litro,https://www.unimarc.cl/vino-cab-sauv-gn-res-indomita-750-cc-bot/p,https://unimarc.vtexassets.com/arquivos/ids/230066/000000000000565040-UN-01.jpg?v=638023827186830000,Vinos Y Espumantes,Vino tinto,https://www.unimarc.cl/category/bebidas-y-licores/vinos-y-espumantes/vino-tinto,https://www.unimarc.cl/_next/data/0ucQ92dO_m9T9joH0FjVV/category/bebidas-y-licores/vinos-y-espumantes/vino-tinto.json?page=2&categories=bebidas-y-licores&categories=vinos-y-espumantes&categories=vino-tinto,2026-02-18T12:45:19
89138,Vino Tarapacá gran reserva etiqueta roja blend 750 cc,Gran Tarapaca,1 un,litro,8490,12150,8490,True,Ahorras $3.660,$11.320 x litro,$16.200 x litro,https://www.unimarc.cl/vino-blend-g-res-e-roja-tarapaca-750-bot/p,https://unimarc.vtexassets.com/arquivos/ids/243959/000000000000670493-UN-01.jpg?v=638616686471530000,Vinos Y Espumantes,Vino tinto,https://www.unimarc.cl/category/bebidas-y-licores/vinos-y-espumantes/vino-tinto,https://www.unimarc.cl/_next/data/0ucQ92dO_m9T9joH0FjVV/category/bebidas-y-licores/vinos-y-espumantes/vino-tinto.json?page=2&categories=bebidas-y-licores&categories=vinos-y-espumantes&categories=vino-tinto,2026-02-18T12:45:19
94008,Vino rosé vegano Reserva Vientos Del Sur 750ml,Vientos Del Sur,1 un,litro,4590,4590,,False,,$6.120 x litro,$6.120 x litro,https://www.unimarc.cl/vino-rose-res-vegano-v-del-sur-750cc-bot/p,https://unimarc.vtexassets.com/arquivos/ids/254073/000000000000693783-UN-01.jpg?v=639013961234800000,Vinos Y Espumantes,Vino tinto,https://www.unimarc.cl/category/bebidas-y-licores/vinos-y-espumantes/vino-tinto,https://www.unimarc.cl/_next/data/0ucQ92dO_m9T9joH0FjVV/category/bebidas-y-licores/vinos-y-espumantes/vino-tinto.json?page=2&categories=bebidas-y-licores&categories=vinos-y-espumantes&categories=vino-tinto,2026-02-18T12:45:19
80809,Vino tinto Acrux sutil 750 cc,Acrux,1 un,litro,19150,25490,19150,True,Ahorras $6.340,$25.533 x litro,$33.987 x litro,https://www.unimarc.cl/vino-tinto-acrux-750-cc-bot/p,https://unimarc.vtexassets.com/arquivos/ids/223736/000000000000333616-UN-01.jpg?v=637793188789670000,Vinos Y Espumantes,Vino tinto,https://www.unimarc.cl/category/bebidas-y-licores/vinos-y-espumantes/vino-tinto,https://www.unimarc.cl/_next/data/0ucQ92dO_m9T9joH0FjVV/category/bebidas-y-licores/vinos-y-espumantes/vino-tinto.json?page=2&categories=bebidas-y-licores&categories=vinos-y-espumantes&categories=vino-tinto,2026-02-18T12:45:19
94019,Vino tinto vegano Carmenere Reserva Vientos de Del Sur 750ml,Vientos Del Sur,1 un,litro,4390,4390,,False,,$5.853 x litro,$5.853 x litro,https://www.unimarc.cl/vino-carm-res-vegano-v-del-sur-750c-bot/p,https://unimarc.vtexassets.com/arquivos/ids/254074/000000000000693784-UN-01.jpg?v=639013961236370000,Vinos Y Espumantes,Vino tinto,https://www.unimarc.cl/category/bebidas-y-licores/vinos-y-espumantes/vino-tinto,https://www.unimarc.cl/_next/data/0ucQ92dO_m9T9joH0FjVV/category/bebidas-y-licores/vinos-y-espumantes/vino-tinto.json?page=2&categories=bebidas-y-licores&categories=vinos-y-espumantes&categories=vino-tinto,2026-02-18T12:45:19
4311,Vino Caliterra reserva cabernet sauvignon 750 cc,Caliterra,1 un,litro,5790,5790,,False,,$7.720 x litro,$7.720 x litro,https://www.unimarc.cl/vino-cab-res-caliterra-750-cc-bot/p,https://unimarc.vtexassets.com/arquivos/ids/179955/000000000000180801-UN.jpg?v=636758278059030000,Vinos Y Espumantes,Vino tinto,https://www.unimarc.cl/category/bebidas-y-licores/vinos-y-espumantes/vino-tinto,https://www.unimarc.cl/_next/data/0ucQ92dO_m9T9joH0FjVV/category/bebidas-y-licores/vinos-y-espumantes/vino-tinto.json?page=2&categories=bebidas-y-licores&categories=vinos-y-espumantes&categories=vino-tinto,2026-02-18T12:45:19
61953,Vino Sol de Chile reserva carmenere 750 cc,Sol De Chile,1 un,litro,4490,4490,,False,,$5.987 x litro,$5.987 x litro,https://www.unimarc.cl/vino-carm-res-s-chile-750cc-bot/p,https://unimarc.vtexassets.com/arquivos/ids/190644/Vino-Sol-de-Chile-reserva-carmenere-botella-750-cc-1-61197.jpg?v=637136574938300000,Vinos Y Espumantes,Vino tinto,https://www.unimarc.cl/category/bebidas-y-licores/vinos-y-espumantes/vino-tinto,https://www.unimarc.cl/_next/data/0ucQ92dO_m9T9joH0FjVV/category/bebidas-y-licores/vinos-y-espumantes/vino-tinto.json?page=2&categories=bebidas-y-licores&categories=vinos-y-espumantes&categories=vino-tinto,2026-02-18T12:45:19
91930,Vino Santa Helena carmenere 750 cc,Santa Helena,1 un,litro,4290,4290,,False,,$5.720 x litro,$5.720 x litro,https://www.unimarc.cl/vino-carmene-variet-sta-helena-750cc-bot/p,https://unimarc.vtexassets.com/arquivos/ids/250670/000000000000675916-UN-01.jpg?v=638906241169130000,Vinos Y Espumantes,Vino tinto,https://www.unimarc.cl/category/bebidas-y-licores/vinos-y-espumantes/vino-tinto,https://www.unimarc.cl/_next/data/0ucQ92dO_m9T9joH0FjVV/category/bebidas-y-licores/vinos-y-espumantes/vino-tinto.json?page=2&categories=bebidas-y-licores&categories=vinos-y-espumantes&categories=vino-tinto,2026-02-18T12:45:19
50649,Vino Las Casas de Vaqueria reserva cabernet sauvignon 750 cc,Las Casas De Vaqueria,1 un,litro,4290,4290,,False,,$5.720 x litro,$5.720 x litro,https://www.unimarc.cl/vino-cs-casas-d-vaquer-750cc-bot/p,https://unimarc.vtexassets.com/arquivos/ids/187150/Vino-Las-Casas-de-Vaqueria-reserva-cabernet-sauvignon-botella-750-cc-1-30937.jpg?v=637013950645800000,Vinos Y Espumantes,Vino tinto,https://www.unimarc.cl/category/bebidas-y-licores/vinos-y-espumantes/vino-tinto,https://www.unimarc.cl/_next/data/0ucQ92dO_m9T9joH0FjVV/category/bebidas-y-licores/vinos-y-espumantes/vino-tinto.json?page=2&categories=bebidas-y-licores&categories=vinos-y-espumantes&categories=vino-tinto,2026-02-18T12:45:19
91929,Vino Santa Helena merlot 750 cc,Santa Helena,1 un,litro,4290,4290,,False,,$5.720 x litro,$5.720 x litro,https://www.unimarc.cl/vino-merlot-varieta-sta-helena-750cc-bot/p,https://unimarc.vtexassets.com/arquivos/ids/250667/000000000000675915-UN-01.jpg?v=638906240018600000,Vinos Y Espumantes,Vino tinto,https://www.unimarc.cl/category/bebidas-y-licores/vinos-y-espumantes/vino-tinto,https://www.unimarc.cl/_next/data/0ucQ92dO_m9T9joH0FjVV/category/bebidas-y-licores/vinos-y-espumantes/vino-tinto.json?page=2&categories=bebidas-y-licores&categories=vinos-y-espumantes&categories=vino-tinto,2026-02-18T12:45:19
12786,Vino San Vicente reserva tatio merlot 750 cc,San Vicente,1 un,litro,4590,4590,,False,,$6.120 x litro,$6.120 x litro,https://www.unimarc.cl/vino-mer-res-tat-svicen-750ccbot/p,https://unimarc.vtexassets.com/arquivos/ids/169182/VINO-MER-RES-TAT-SVICEN-750CCBOT-1-20282.jpg?v=636582651074400000,Vinos Y Espumantes,Vino tinto,https://www.unimarc.cl/category/bebidas-y-licores/vinos-y-espumantes/vino-tinto,https://www.unimarc.cl/_next/data/0ucQ92dO_m9T9joH0FjVV/category/bebidas-y-licores/vinos-y-espumantes/vino-tinto.json?page=2&categories=bebidas-y-licores&categories=vinos-y-espumantes&categories=vino-tinto,2026-02-18T12:45:19
92896,Vino Chungará gran reserva merlot 750 cc,San Vicente,1 un,litro,6990,6990,,False,,$9.320 x litro,$9.320 x litro,https://www.unimarc.cl/vino-merlot-gr-chung-s-vicente-750cc-bot/p,https://unimarc.vtexassets.com/arquivos/ids/251502/000000000000686225-UN-01.jpg?v=638937175129230000,Vinos Y Espumantes,Vino tinto,https://www.unimarc.cl/category/bebidas-y-licores/vinos-y-espumantes/vino-tinto,https://www.unimarc.cl/_next/data/0ucQ92dO_m9T9joH0FjVV/category/bebidas-y-licores/vinos-y-espumantes/vino-tinto.json?page=2&categories=bebidas-y-licores&categories=vinos-y-espumantes&categories=vino-tinto,2026-02-18T12:45:19
83522,Vino Carmen frida kahlo reserva cabernet sauvignon 750 cc,Carmen,1 un,litro,4390,5890,4390,True,Ahorras $1.500,$5.853 x litro,$7.853 x litro,https://www.unimarc.cl/vino-res-cabern-sauv-fk-carmen-750ml-bot/p,https://unimarc.vtexassets.com/arquivos/ids/232507/000000000000663351-UN-01.jpg?v=638561278286270000,Vinos Y Espumantes,Vino tinto,https://www.unimarc.cl/category/bebidas-y-licores/vinos-y-espumantes/vino-tinto,https://www.unimarc.cl/_next/data/0ucQ92dO_m9T9joH0FjVV/category/bebidas-y-licores/vinos-y-espumantes/vino-tinto.json?page=2&categories=bebidas-y-licores&categories=vinos-y-espumantes&categories=vino-tinto,2026-02-18T12:45:19
4270,Vino Santa Rita medalla real merlot 750 cc,Santa Rita,1 un,litro,3990,5990,3990,True,Ahorras $2.000,$5.320 x litro,$7.987 x litro,https://www.unimarc.cl/vino-mer-m-real-srita-750-cc-bot/p,https://unimarc.vtexassets.com/arquivos/ids/231366/000000000000179985-UN-01.jpg?v=638561277642900000,Vinos Y Espumantes,Vino tinto,https://www.unimarc.cl/category/bebidas-y-licores/vinos-y-espumantes/vino-tinto,https://www.unimarc.cl/_next/data/0ucQ92dO_m9T9joH0FjVV/category/bebidas-y-licores/vinos-y-espumantes/vino-tinto.json?page=2&categories=bebidas-y-licores&categories=vinos-y-espumantes&categories=vino-tinto,2026-02-18T12:45:19
89143,Vino Castillo de Molina gran reserva red blend 750 cc,Castillo De Molina,1 un,litro,7450,9290,7450,True,Ahorras $1.840,$9.933 x litro,$12.387 x litro,https://www.unimarc.cl/vino-red-blend-gr-castillo-dm-750-cc-bot/p,https://unimarc.vtexassets.com/arquivos/ids/243966/000000000000671079-UN-01.jpg?v=638616688286400000,Vinos Y Espumantes,Vino tinto,https://www.unimarc.cl/category/bebidas-y-licores/vinos-y-espumantes/vino-tinto,https://www.unimarc.cl/_next/data/0ucQ92dO_m9T9joH0FjVV/category/bebidas-y-licores/vinos-y-espumantes/vino-tinto.json?page=2&categories=bebidas-y-licores&categories=vinos-y-espumantes&categories=vino-tinto,2026-02-18T12:45:19
73239,Vino Idolatría sangría botella 750 cc,Idolatria,1 un,litro,5950,5950,,False,,$7.933 x litro,$7.933 x litro,https://www.unimarc.cl/vino-sangria-idolatria-750-cc-bot/p,https://unimarc.vtexassets.com/arquivos/ids/200946/000000000000641989-UN-01.jpg?v=637340164671300000,Vinos Y Espumantes,Vino tinto,https://www.unimarc.cl/category/bebidas-y-licores/vinos-y-espumantes/vino-tinto,https://www.unimarc.cl/_next/data/0ucQ92dO_m9T9joH0FjVV/category/bebidas-y-licores/vinos-y-espumantes/vino-tinto.json?page=2&categories=bebidas-y-licores&categories=vinos-y-espumantes&categories=vino-tinto,2026-02-18T12:45:19
92894,Vino Chungará gran reserva carmenere 750 cc,San Vicente,1 un,litro,6990,6990,,False,,$9.320 x litro,$9.320 x litro,https://www.unimarc.cl/vino-car-gr-chungara-s-vicente-750cc-bot/p,https://unimarc.vtexassets.com/arquivos/ids/251499/000000000000686222-UN-01.jpg?v=638937175123130000,Vinos Y Espumantes,Vino tinto,https://www.unimarc.cl/category/bebidas-y-licores/vinos-y-espumantes/vino-tinto,https://www.unimarc.cl/_next/data/0ucQ92dO_m9T9joH0FjVV/category/bebidas-y-licores/vinos-y-espumantes/vino-tinto.json?page=2&categories=bebidas-y-licores&categories=vinos-y-espumantes&categories=vino-tinto,2026-02-18T12:45:19
89219,Vino Casa Donoso private collection merlot 750 cc,Casa Donoso,1 un,litro,6490,6490,,False,,$8.653 x litro,$8.653 x litro,https://www.unimarc.cl/vino-mer-pr-collection-c-donoso-750c-bot/p,https://unimarc.vtexassets.com/arquivos/ids/244419/000000000000671014-UN-01.jpg?v=638633863104270000,Vinos Y Espumantes,Vino tinto,https://www.unimarc.cl/category/bebidas-y-licores/vinos-y-espumantes/vino-tinto,https://www.unimarc.cl/_next/data/0ucQ92dO_m9T9joH0FjVV/category/bebidas-y-licores/vinos-y-espumantes/vino-tinto.json?page=2&categories=bebidas-y-licores&categories=vinos-y-espumantes&categories=vino-tinto,2026-02-18T12:45:19
91928,Vino Santa Helena cabernet sauvignon 750 cc,Santa Helena,1 un,litro,4290,4290,,False,,$5.720 x litro,$5.720 x litro,https://www.unimarc.cl/vino-cab-sauv-variet-sta-helena-750c-bot/p,https://unimarc.vtexassets.com/arquivos/ids/250702/000000000000675914-UN-01.jpg?v=638906259040900000,Vinos Y Espumantes,Vino tinto,https://www.unimarc.cl/category/bebidas-y-licores/vinos-y-espumantes/vino-tinto,https://www.unimarc.cl/_next/data/0ucQ92dO_m9T9joH0FjVV/category/bebidas-y-licores/vinos-y-espumantes/vino-tinto.json?page=2&categories=bebidas-y-licores&categories=vinos-y-espumantes&categories=vino-tinto,2026-02-18T12:45:19
92889,Vino Casa Donoso Terroir cabernet sauvignon 750 cc,Casa Donoso,1 un,litro,5990,5990,,False,,$7.987 x litro,$7.987 x litro,https://www.unimarc.cl/vino-c-sauv-terroir-sel-c-donoso-750-bot/p,https://unimarc.vtexassets.com/arquivos/ids/251463/000000000000686217-UN-01.jpg?v=638936495826830000,Vinos Y Espumantes,Vino tinto,https://www.unimarc.cl/category/bebidas-y-licores/vinos-y-espumantes/vino-tinto,https://www.unimarc.cl/_next/data/0ucQ92dO_m9T9joH0FjVV/category/bebidas-y-licores/vinos-y-espumantes/vino-tinto.json?page=2&categories=bebidas-y-licores&categories=vinos-y-espumantes&categories=vino-tinto,2026-02-18T12:45:19
91924,Vino Santa Helena reserva cabernet sauvignon 750 cc,Santa Helena,1 un,litro,5590,5590,,False,,$7.453 x litro,$7.453 x litro,https://www.unimarc.cl/vino-cab-sauv-res-sta-helena-750-cc-bot/p,https://unimarc.vtexassets.com/arquivos/ids/250337/000000000000675890-UN-01.jpg?v=638899215238130000,Vinos Y Espumantes,Vino tinto,https://www.unimarc.cl/category/bebidas-y-licores/vinos-y-espumantes/vino-tinto,https://www.unimarc.cl/_next/data/0ucQ92dO_m9T9joH0FjVV/category/bebidas-y-licores/vinos-y-espumantes/vino-tinto.json?page=2&categories=bebidas-y-licores&categories=vinos-y-espumantes&categories=vino-tinto,2026-02-18T12:45:19
91927,Vino Santa Helena reserva merlot 750 cc,Santa Helena,1 un,litro,5590,5590,,False,,$7.453 x litro,$7.453 x litro,https://www.unimarc.cl/vino-merlot-res-santa-helena-750-cc-bot/p,https://unimarc.vtexassets.com/arquivos/ids/250664/000000000000675913-UN-01.jpg?v=638906239326430000,Vinos Y Espumantes,Vino tinto,https://www.unimarc.cl/category/bebidas-y-licores/vinos-y-espumantes/vino-tinto,https://www.unimarc.cl/_next/data/0ucQ92dO_m9T9joH0FjVV/category/bebidas-y-licores/vinos-y-espumantes/vino-tinto.json?page=2&categories=bebidas-y-licores&categories=vinos-y-espumantes&categories=vino-tinto,2026-02-18T12:45:19
55462,Vino Casillero del Diablo reserva red blend botella 750 cc,Casillero Del Diablo,1 un,litro,4990,5990,4990,True,Ahorras $1.000,$6.653 x litro,$7.987 x litro,https://www.unimarc.cl/vino-red-blend-casill-d-diablo-750cc-bot/p,https://unimarc.vtexassets.com/arquivos/ids/203927/000000000000634604-UN-01.jpg?v=637399273543100000,Vinos Y Espumantes,Vino tinto,https://www.unimarc.cl/category/bebidas-y-licores/vinos-y-espumantes/vino-tinto,https://www.unimarc.cl/_next/data/0ucQ92dO_m9T9joH0FjVV/category/bebidas-y-licores/vinos-y-espumantes/vino-tinto.json?page=2&categories=bebidas-y-licores&categories=vinos-y-espumantes&categories=vino-tinto,2026-02-18T12:45:19
14889,Vino Gran Tarapaca blend 750 cc,Tarapaca,1 un,litro,22490,31990,22490,True,Ahorras $9.500,$29.987 x litro,$42.653 x litro,https://www.unimarc.cl/vino-blend-gr-tarapaca-750cc-bot/p,https://unimarc.vtexassets.com/arquivos/ids/232247/000000000000895675-UN-01.jpg?v=638603666658000000,Vinos Y Espumantes,Vino tinto,https://www.unimarc.cl/category/bebidas-y-licores/vinos-y-espumantes/vino-tinto,https://www.unimarc.cl/_next/data/0ucQ92dO_m9T9joH0FjVV/category/bebidas-y-licores/vinos-y-espumantes/vino-tinto.json?page=2&categories=bebidas-y-licores&categories=vinos-y-espumantes&categories=vino-tinto,2026-02-18T12:45:19
14022,Vino Casillero del Diablo reserva privada carmenere 750 cc,Casillero Del Diablo,1 un,litro,6990,10490,6990,True,Ahorras $3.500,$9.320 x litro,$13.987 x litro,https://www.unimarc.cl/vino-car-r-pr-c-diablo-750cc-bot/p,https://unimarc.vtexassets.com/arquivos/ids/203893/000000000000621634-UN-01.jpg?v=637397025031400000,Vinos Y Espumantes,Vino tinto,https://www.unimarc.cl/category/bebidas-y-licores/vinos-y-espumantes/vino-tinto,https://www.unimarc.cl/_next/data/0ucQ92dO_m9T9joH0FjVV/category/bebidas-y-licores/vinos-y-espumantes/vino-tinto.json?page=2&categories=bebidas-y-licores&categories=vinos-y-espumantes&categories=vino-tinto,2026-02-18T12:45:19
15525,Vino Concha y Toro marqués de casa concha merlot 750 cc,Concha Y Toro,1 un,litro,12490,15990,12490,True,Ahorras $3.500,$16.653 x litro,$21.320 x litro,https://www.unimarc.cl/vino-mer-marq-c-toro-750-cc-bot/p,https://unimarc.vtexassets.com/arquivos/ids/242810/000000000000053693-UN-01.jpg?v=638561431988000000,Vinos Y Espumantes,Vino tinto,https://www.unimarc.cl/category/bebidas-y-licores/vinos-y-espumantes/vino-tinto,https://www.unimarc.cl/_next/data/0ucQ92dO_m9T9joH0FjVV/category/bebidas-y-licores/vinos-y-espumantes/vino-tinto.json?page=2&categories=bebidas-y-licores&categories=vinos-y-espumantes&categories=vino-tinto,2026-02-18T12:45:19
89262,Vino Diablo velvet merlot botella 750 cc,Diablo,1 un,litro,6790,7990,6790,True,Ahorras $1.200,$9.053 x litro,$10.653 x litro,https://www.unimarc.cl/vino-merlot-velvet-diablo-750-ml-bot/p,https://unimarc.vtexassets.com/arquivos/ids/244581/000000000000671644-UN-01.jpg?v=638641667457030000,Vinos Y Espumantes,Vino tinto,https://www.unimarc.cl/category/bebidas-y-licores/vinos-y-espumantes/vino-tinto,https://www.unimarc.cl/_next/data/0ucQ92dO_m9T9joH0FjVV/category/bebidas-y-licores/vinos-y-espumantes/vino-tinto.json?page=2&categories=bebidas-y-licores&categories=vinos-y-espumantes&categories=vino-tinto,2026-02-18T12:45:19
720,Vino Casillero del Diablo reserva privada cabernet sauvignon 750 cc,Casillero Del Diablo,1 un,litro,6990,10490,6990,True,Ahorras $3.500,$9.320 x litro,$13.987 x litro,https://www.unimarc.cl/vino-cabernet-sauvignon-syrah-reserva-750cc/p,https://unimarc.vtexassets.com/arquivos/ids/203830/000000000000180806-UN-01.jpg?v=637396951043770000,Vinos Y Espumantes,Vino tinto,https://www.unimarc.cl/category/bebidas-y-licores/vinos-y-espumantes/vino-tinto,https://www.unimarc.cl/_next/data/0ucQ92dO_m9T9joH0FjVV/category/bebidas-y-licores/vinos-y-espumantes/vino-tinto.json?page=2&categories=bebidas-y-licores&categories=vinos-y-espumantes&categories=vino-tinto,2026-02-18T12:45:19
709,Vino Carmen gran reserva cabernet sauvignon 750 cc,Carmen,1 un,litro,6790,8990,6790,True,Ahorras $2.200,$9.053 x litro,$11.987 x litro,https://www.unimarc.cl/vino-cab-res-g-vid-carmen-750-cc-bot/p,https://unimarc.vtexassets.com/arquivos/ids/231372/000000000000180041-UN-01.jpg?v=638561277740230000,Vinos Y Espumantes,Vino tinto,https://www.unimarc.cl/category/bebidas-y-licores/vinos-y-espumantes/vino-tinto,https://www.unimarc.cl/_next/data/0ucQ92dO_m9T9joH0FjVV/category/bebidas-y-licores/vinos-y-espumantes/vino-tinto.json?page=2&categories=bebidas-y-licores&categories=vinos-y-espumantes&categories=vino-tinto,2026-02-18T12:45:19
89304,Vino Marqués de casa Concha cabernet sauvignon gold botella 750 cc,Marques De Casa Concha,1 un,litro,15990,22990,15990,True,Ahorras $7.000,$21.320 x litro,$30.653 x litro,https://www.unimarc.cl/vino-cab-sauv-marques-cc-gold-750-cc-bot/p,https://unimarc.vtexassets.com/arquivos/ids/244538/000000000000671745-UN-01.jpg?v=638640047226100000,Vinos Y Espumantes,Vino tinto,https://www.unimarc.cl/category/bebidas-y-licores/vinos-y-espumantes/vino-tinto,https://www.unimarc.cl/_next/data/0ucQ92dO_m9T9joH0FjVV/category/bebidas-y-licores/vinos-y-espumantes/vino-tinto.json?page=2&categories=bebidas-y-licores&categories=vinos-y-espumantes&categories=vino-tinto,2026-02-18T12:45:19
92972,Vino ensamblaje Marqués de Casa Concha noble blend 750 cc,Marques De Casa Concha,1 un,litro,12490,15990,12490,True,Ahorras $3.500,$16.653 x litro,$21.320 x litro,https://www.unimarc.cl/ensam-noble-blend-marques-c-c-750-ml-bot/p,https://unimarc.vtexassets.com/arquivos/ids/251469/000000000000686878-UN-01.jpg?v=638936495840100000,Vinos Y Espumantes,Vino tinto,https://www.unimarc.cl/category/bebidas-y-licores/vinos-y-espumantes/vino-tinto,https://www.unimarc.cl/_next/data/0ucQ92dO_m9T9joH0FjVV/category/bebidas-y-licores/vinos-y-espumantes/vino-tinto.json?page=2&categories=bebidas-y-licores&categories=vinos-y-espumantes&categories=vino-tinto,2026-02-18T12:45:19
89993,Cóctel de vino Donnaluna tinto rosso botella 750 cc,Donnaluna,1 un,litro,5943,8490,5943,True,Ahorras $2.547,$7.924 x litro,$11.320 x litro,https://www.unimarc.cl/vino-tinto-rosso-donnaluna-750-cc-bot/p,https://unimarc.vtexassets.com/arquivos/ids/245416/000000000000672446-UN-01.jpg?v=638677210329630000,Vinos Y Espumantes,Vino tinto,https://www.unimarc.cl/category/bebidas-y-licores/vinos-y-espumantes/vino-tinto,https://www.unimarc.cl/_next/data/0ucQ92dO_m9T9joH0FjVV/category/bebidas-y-licores/vinos-y-espumantes/vino-tinto.json?page=2&categories=bebidas-y-licores&categories=vinos-y-espumantes&categories=vino-tinto,2026-02-18T12:45:19
82655,Vino Diablo volcanic cabernet sauvignon botella 750 cc,Diablo,1 un,litro,6690,9990,6690,True,Ahorras $3.300,$8.920 x litro,$13.320 x litro,https://www.unimarc.cl/vino-cab-sauv-volcanic-diablo-750-cc-bot/p,https://unimarc.vtexassets.com/arquivos/ids/229546/000000000000662017-UN-01.jpg?v=637999830073900000,Vinos Y Espumantes,Vino tinto,https://www.unimarc.cl/category/bebidas-y-licores/vinos-y-espumantes/vino-tinto,https://www.unimarc.cl/_next/data/0ucQ92dO_m9T9joH0FjVV/category/bebidas-y-licores/vinos-y-espumantes/vino-tinto.json?page=2&categories=bebidas-y-licores&categories=vinos-y-espumantes&categories=vino-tinto,2026-02-18T12:45:19
12860,Vino Santa Rita medalla real cabernet sauvignon syrah 750 cc,Santa Rita,1 un,litro,3990,5990,3990,True,Ahorras $2.000,$5.320 x litro,$7.987 x litro,https://www.unimarc.cl/vino-cs-sy-m-real-srita-750ccbot/p,https://unimarc.vtexassets.com/arquivos/ids/231449/000000000000179988-UN-01.jpg?v=638561277665530000,Vinos Y Espumantes,Vino tinto,https://www.unimarc.cl/category/bebidas-y-licores/vinos-y-espumantes/vino-tinto,https://www.unimarc.cl/_next/data/0ucQ92dO_m9T9joH0FjVV/category/bebidas-y-licores/vinos-y-espumantes/vino-tinto.json?page=2&categories=bebidas-y-licores&categories=vinos-y-espumantes&categories=vino-tinto,2026-02-18T12:45:19
71298,Vino Diablo dark black cabernet sauvignon botella 750 cc,Diablo,1 un,litro,6790,7990,6790,True,Ahorras $1.200,$9.053 x litro,$10.653 x litro,https://www.unimarc.cl/vino-cab-sauv-diablo-black-750-cc-bot/p,https://unimarc.vtexassets.com/arquivos/ids/203939/000000000000646645-UN-01.jpg?v=637399282669730000,Vinos Y Espumantes,Vino tinto,https://www.unimarc.cl/category/bebidas-y-licores/vinos-y-espumantes/vino-tinto,https://www.unimarc.cl/_next/data/0ucQ92dO_m9T9joH0FjVV/category/bebidas-y-licores/vinos-y-espumantes/vino-tinto.json?page=2&categories=bebidas-y-licores&categories=vinos-y-espumantes&categories=vino-tinto,2026-02-18T12:45:19
4323,Vino Castillo de Molina gran reserva merlot 750 cc,Castillo De Molina,1 un,litro,7450,9290,7450,True,Ahorras $1.840,$9.933 x litro,$12.387 x litro,https://www.unimarc.cl/vino-mer-cast-molina-750-cc-bot/p,https://unimarc.vtexassets.com/arquivos/ids/221485/000000000000180912-UN-01.jpg?v=637720602139330000,Vinos Y Espumantes,Vino tinto,https://www.unimarc.cl/category/bebidas-y-licores/vinos-y-espumantes/vino-tinto,https://www.unimarc.cl/_next/data/0ucQ92dO_m9T9joH0FjVV/category/bebidas-y-licores/vinos-y-espumantes/vino-tinto.json?page=2&categories=bebidas-y-licores&categories=vinos-y-espumantes&categories=vino-tinto,2026-02-18T12:45:19
708,Vino Carmen gran reserva cabernet sauvignon 750 cc,Carmen,1 un,litro,6790,8990,6790,True,Ahorras $2.200,$9.053 x litro,$11.987 x litro,https://www.unimarc.cl/vino-carmen-res-cab-sauvignon-750-ml/p,https://unimarc.vtexassets.com/arquivos/ids/242785/000000000000180037-UN-01.jpg?v=638561409123500000,Vinos Y Espumantes,Vino tinto,https://www.unimarc.cl/category/bebidas-y-licores/vinos-y-espumantes/vino-tinto,https://www.unimarc.cl/_next/data/0ucQ92dO_m9T9joH0FjVV/category/bebidas-y-licores/vinos-y-espumantes/vino-tinto.json?page=2&categories=bebidas-y-licores&categories=vinos-y-espumantes&categories=vino-tinto,2026-02-18T12:45:19
89261,Vino Diablo purple malbec botella 750 cc,Diablo,1 un,litro,6790,7990,6790,True,Ahorras $1.200,$9.053 x litro,$10.653 x litro,https://www.unimarc.cl/vino-malbec-purple-diablo-750-ml-bot/p,https://unimarc.vtexassets.com/arquivos/ids/244579/000000000000671642-UN-01.jpg?v=638641667441830000,Vinos Y Espumantes,Vino tinto,https://www.unimarc.cl/category/bebidas-y-licores/vinos-y-espumantes/vino-tinto,https://www.unimarc.cl/_next/data/0ucQ92dO_m9T9joH0FjVV/category/bebidas-y-licores/vinos-y-espumantes/vino-tinto.json?page=2&categories=bebidas-y-licores&categories=vinos-y-espumantes&categories=vino-tinto,2026-02-18T12:45:19
3966,Vino Misiones de Rengo gran reserva cuvée carmenere 750 cc,Misiones De Rengo,1 un,litro,6490,7790,6490,True,Ahorras $1.300,$8.653 x litro,$10.387 x litro,https://www.unimarc.cl/vino-carm-gr-m-rengo-750-cc-bot/p,https://unimarc.vtexassets.com/arquivos/ids/249594/000000000000160076-UN-01.jpg?v=638853668356070000,Vinos Y Espumantes,Vino tinto,https://www.unimarc.cl/category/bebidas-y-licores/vinos-y-espumantes/vino-tinto,https://www.unimarc.cl/_next/data/0ucQ92dO_m9T9joH0FjVV/category/bebidas-y-licores/vinos-y-espumantes/vino-tinto.json?page=2&categories=bebidas-y-licores&categories=vinos-y-espumantes&categories=vino-tinto,2026-02-18T12:45:19
7960,Vino Tarapacá gran reserva cabernet sauvignon 750 cc,Tarapaca,1 un,litro,8490,12150,8490,True,Ahorras $3.660,$11.320 x litro,$16.200 x litro,https://www.unimarc.cl/vino-cab-g-res-tarap-750-cc-bot/p,https://unimarc.vtexassets.com/arquivos/ids/243777/000000000000009363-UN-01.jpg?v=638604534830230000,Vinos Y Espumantes,Vino tinto,https://www.unimarc.cl/category/bebidas-y-licores/vinos-y-espumantes/vino-tinto,https://www.unimarc.cl/_next/data/0ucQ92dO_m9T9joH0FjVV/category/bebidas-y-licores/vinos-y-espumantes/vino-tinto.json?page=2&categories=bebidas-y-licores&categories=vinos-y-espumantes&categories=vino-tinto,2026-02-18T12:45:19
83524,Vino Carmen frida kahlo reserva merlot 750 cc,Carmen,1 un,litro,4390,5890,4390,True,Ahorras $1.500,$5.853 x litro,$7.853 x litro,https://www.unimarc.cl/vino-reserva-merlot-fk-carmen-750ml-bot/p,https://unimarc.vtexassets.com/arquivos/ids/232509/000000000000663353-UN-01.jpg?v=638561278307470000,Vinos Y Espumantes,Vino tinto,https://www.unimarc.cl/category/bebidas-y-licores/vinos-y-espumantes/vino-tinto,https://www.unimarc.cl/_next/data/0ucQ92dO_m9T9joH0FjVV/category/bebidas-y-licores/vinos-y-espumantes/vino-tinto.json?page=2&categories=bebidas-y-licores&categories=vinos-y-espumantes&categories=vino-tinto,2026-02-18T12:45:19
13770,Vino Santa Rita medalla real syrah 750 cc,Santa Rita,1 un,litro,3990,5990,3990,True,Ahorras $2.000,$5.320 x litro,$7.987 x litro,https://www.unimarc.cl/vino-syrah-mreal-srita-750cc-bot/p,https://unimarc.vtexassets.com/arquivos/ids/242784/000000000000179989-UN-01.jpg?v=638561409120870000,Vinos Y Espumantes,Vino tinto,https://www.unimarc.cl/category/bebidas-y-licores/vinos-y-espumantes/vino-tinto,https://www.unimarc.cl/_next/data/0ucQ92dO_m9T9joH0FjVV/category/bebidas-y-licores/vinos-y-espumantes/vino-tinto.json?page=2&categories=bebidas-y-licores&categories=vinos-y-espumantes&categories=vino-tinto,2026-02-18T12:45:19
16084,Vino Medalla Real Santa Rita malbec botella 750 cc,Santa Rita,1 un,litro,3990,5990,3990,True,Ahorras $2.000,$5.320 x litro,$7.987 x litro,https://www.unimarc.cl/vino-malb-m-real-srita-750cc-bot/p,https://unimarc.vtexassets.com/arquivos/ids/242807/000000000000959316-UN-01.jpg?v=638561409197130000,Vinos Y Espumantes,Vino tinto,https://www.unimarc.cl/category/bebidas-y-licores/vinos-y-espumantes/vino-tinto,https://www.unimarc.cl/_next/data/0ucQ92dO_m9T9joH0FjVV/category/bebidas-y-licores/vinos-y-espumantes/vino-tinto.json?page=2&categories=bebidas-y-licores&categories=vinos-y-espumantes&categories=vino-tinto,2026-02-18T12:45:19
80950,Vino 1865 San Pedro master blend botella 750 cc,1865,1 un,litro,20690,25390,20690,True,Ahorras $4.700,$27.587 x litro,$33.853 x litro,https://www.unimarc.cl/vino-master-blend-1865-750-cc-bot/p,https://unimarc.vtexassets.com/arquivos/ids/232240/000000000000655215-UN-01.jpg?v=638139818741600000,Vinos Y Espumantes,Vino tinto,https://www.unimarc.cl/category/bebidas-y-licores/vinos-y-espumantes/vino-tinto,https://www.unimarc.cl/_next/data/0ucQ92dO_m9T9joH0FjVV/category/bebidas-y-licores/vinos-y-espumantes/vino-tinto.json?page=2&categories=bebidas-y-licores&categories=vinos-y-espumantes&categories=vino-tinto,2026-02-18T12:45:19
84766,Vino reserva Misiones de Rengo red blend medium sweet 750 cc,Misiones De Rengo,1 un,litro,4990,5990,4990,True,Ahorras $1.000,$6.653 x litro,$7.987 x litro,https://www.unimarc.cl/vino-rb-rva-ms-misiones-rengo-750-cc-bot/p,https://unimarc.vtexassets.com/arquivos/ids/234362/000000000000665604-UN-01.jpg?v=638246874895300000,Vinos Y Espumantes,Vino tinto,https://www.unimarc.cl/category/bebidas-y-licores/vinos-y-espumantes/vino-tinto,https://www.unimarc.cl/_next/data/0ucQ92dO_m9T9joH0FjVV/category/bebidas-y-licores/vinos-y-espumantes/vino-tinto.json?page=2&categories=bebidas-y-licores&categories=vinos-y-espumantes&categories=vino-tinto,2026-02-18T12:45:19
571,Vino Tarapacá gran reserva merlot 750 cc,Tarapaca,1 un,litro,8490,12150,8490,True,Ahorras $3.660,$11.320 x litro,$16.200 x litro,https://www.unimarc.cl/vino-tarapaca-gran-reserva-merlot-750-ml/p,https://unimarc.vtexassets.com/arquivos/ids/243779/000000000000150780-UN-01.jpg?v=638604534850000000,Vinos Y Espumantes,Vino tinto,https://www.unimarc.cl/category/bebidas-y-licores/vinos-y-espumantes/vino-tinto,https://www.unimarc.cl/_next/data/0ucQ92dO_m9T9joH0FjVV/category/bebidas-y-licores/vinos-y-espumantes/vino-tinto.json?page=2&categories=bebidas-y-licores&categories=vinos-y-espumantes&categories=vino-tinto,2026-02-18T12:45:19
10397,Vino Casa Silva colección chardonnay 750 cc,Casa Silva,1 un,litro,5590,5590,,False,,$7.453 x litro,$7.453 x litro,https://www.unimarc.cl/vino-chard-col-c-silva-750cc-bot/p,https://unimarc.vtexassets.com/arquivos/ids/197586/000000000000631192-UN-01.jpg?v=637281925197830000,Vinos Y Espumantes,Vino blanco,https://www.unimarc.cl/category/bebidas-y-licores/vinos-y-espumantes/vino-blanco,https://www.unimarc.cl/_next/data/0ucQ92dO_m9T9joH0FjVV/category/bebidas-y-licores/vinos-y-espumantes/vino-blanco.json?categories=bebidas-y-licores&categories=vinos-y-espumantes&categories=vino-blanco,2026-02-18T12:45:27
4269,Vino Santa Rita medalla real sauvignon blanc 750 cc,Santa Rita,1 un,litro,3990,5990,3990,True,Ahorras $2.000,$5.320 x litro,$7.987 x litro,https://www.unimarc.cl/vino-sauv-m-real-srita-750cc-bot/p,https://unimarc.vtexassets.com/arquivos/ids/231446/000000000000179984-UN-01.jpg?v=638561277633700000,Vinos Y Espumantes,Vino blanco,https://www.unimarc.cl/category/bebidas-y-licores/vinos-y-espumantes/vino-blanco,https://www.unimarc.cl/_next/data/0ucQ92dO_m9T9joH0FjVV/category/bebidas-y-licores/vinos-y-espumantes/vino-blanco.json?categories=bebidas-y-licores&categories=vinos-y-espumantes&categories=vino-blanco,2026-02-18T12:45:27
94012,Vino chardonnay gran reserva vegano Vientos del Sur 750ml,Vientos Del Sur,1 un,litro,5790,5790,,False,,$7.720 x litro,$7.720 x litro,https://www.unimarc.cl/vino-chard-gres-vegano-v-sur-750-cc-bot/p,https://unimarc.vtexassets.com/arquivos/ids/254078/000000000000693788-UN-01.jpg?v=639013961243100000,Vinos Y Espumantes,Vino blanco,https://www.unimarc.cl/category/bebidas-y-licores/vinos-y-espumantes/vino-blanco,https://www.unimarc.cl/_next/data/0ucQ92dO_m9T9joH0FjVV/category/bebidas-y-licores/vinos-y-espumantes/vino-blanco.json?categories=bebidas-y-licores&categories=vinos-y-espumantes&categories=vino-blanco,2026-02-18T12:45:27
76895,Vino Las Casas de Vaquería gran reserva sauvignon blanc 750 cc,Las Casas De Vaqueria,1 un,litro,6190,6190,,False,,$8.253 x litro,$8.253 x litro,https://www.unimarc.cl/vino-sauv-bl-g-res-casas-de-vaq-750c-bot/p,https://unimarc.vtexassets.com/arquivos/ids/217504/000000000000651415-UN-01.jpg?v=637617823340870000,Vinos Y Espumantes,Vino blanco,https://www.unimarc.cl/category/bebidas-y-licores/vinos-y-espumantes/vino-blanco,https://www.unimarc.cl/_next/data/0ucQ92dO_m9T9joH0FjVV/category/bebidas-y-licores/vinos-y-espumantes/vino-blanco.json?categories=bebidas-y-licores&categories=vinos-y-espumantes&categories=vino-blanco,2026-02-18T12:45:27
92899,Vino Chungará gran reserva sauvignon blanc 750 cc,San Vicente,1 un,litro,6990,6990,,False,,$9.320 x litro,$9.320 x litro,https://www.unimarc.cl/vino-s-blanc-gr-chung-s-vicente-750c-bot/p,https://unimarc.vtexassets.com/arquivos/ids/251501/000000000000686224-UN-01.jpg?v=638937175127070000,Vinos Y Espumantes,Vino blanco,https://www.unimarc.cl/category/bebidas-y-licores/vinos-y-espumantes/vino-blanco,https://www.unimarc.cl/_next/data/0ucQ92dO_m9T9joH0FjVV/category/bebidas-y-licores/vinos-y-espumantes/vino-blanco.json?categories=bebidas-y-licores&categories=vinos-y-espumantes&categories=vino-blanco,2026-02-18T12:45:27
92892,Vino Casa Donoso Terroir chardonnay 750 cc,Casa Donoso,1 un,litro,5990,5990,,False,,$7.987 x litro,$7.987 x litro,https://www.unimarc.cl/vino-chardo-terroir-sel-c-donoso-750-bot/p,https://unimarc.vtexassets.com/arquivos/ids/251466/000000000000686220-UN-01.jpg?v=638936495833500000,Vinos Y Espumantes,Vino blanco,https://www.unimarc.cl/category/bebidas-y-licores/vinos-y-espumantes/vino-blanco,https://www.unimarc.cl/_next/data/0ucQ92dO_m9T9joH0FjVV/category/bebidas-y-licores/vinos-y-espumantes/vino-blanco.json?categories=bebidas-y-licores&categories=vinos-y-espumantes&categories=vino-blanco,2026-02-18T12:45:27
92895,Vino Chungará gran reserva chardonnay 750 cc,San Vicente,1 un,litro,6990,6990,,False,,$9.320 x litro,$9.320 x litro,https://www.unimarc.cl/vino-chardo-gr-chung-s-vicente-750cc-bot/p,https://unimarc.vtexassets.com/arquivos/ids/251500/000000000000686223-UN-01.jpg?v=638937175125030000,Vinos Y Espumantes,Vino blanco,https://www.unimarc.cl/category/bebidas-y-licores/vinos-y-espumantes/vino-blanco,https://www.unimarc.cl/_next/data/0ucQ92dO_m9T9joH0FjVV/category/bebidas-y-licores/vinos-y-espumantes/vino-blanco.json?categories=bebidas-y-licores&categories=vinos-y-espumantes&categories=vino-blanco,2026-02-18T12:45:27
4271,Vino Santa Rita medalla real chardonnay botella 750 cc,Santa Rita,1 un,litro,3990,5990,3990,True,Ahorras $2.000,$5.320 x litro,$7.987 x litro,https://www.unimarc.cl/vino-chard-m-real-srita-750ccbot/p,https://unimarc.vtexassets.com/arquivos/ids/231448/000000000000179986-UN-01.jpg?v=638561277650570000,Vinos Y Espumantes,Vino blanco,https://www.unimarc.cl/category/bebidas-y-licores/vinos-y-espumantes/vino-blanco,https://www.unimarc.cl/_next/data/0ucQ92dO_m9T9joH0FjVV/category/bebidas-y-licores/vinos-y-espumantes/vino-blanco.json?categories=bebidas-y-licores&categories=vinos-y-espumantes&categories=vino-blanco,2026-02-18T12:45:27
89994,Cóctel de vino Donnaluna bianco botella 750 cc,Donnaluna,1 un,litro,5943,8490,5943,True,Ahorras $2.547,$7.924 x litro,$11.320 x litro,https://www.unimarc.cl/vino-bianco-donnaluna-750-cc-bot/p,https://unimarc.vtexassets.com/arquivos/ids/245414/000000000000672455-UN-01.jpg?v=638677208363870000,Vinos Y Espumantes,Vino blanco,https://www.unimarc.cl/category/bebidas-y-licores/vinos-y-espumantes/vino-blanco,https://www.unimarc.cl/_next/data/0ucQ92dO_m9T9joH0FjVV/category/bebidas-y-licores/vinos-y-espumantes/vino-blanco.json?categories=bebidas-y-licores&categories=vinos-y-espumantes&categories=vino-blanco,2026-02-18T12:45:27
78,Vino Castillo de Molina gran reserva sauvignon blanc 750 cc,Castillo De Molina,1 un,litro,7450,9290,7450,True,Ahorras $1.840,$9.933 x litro,$12.387 x litro,https://www.unimarc.cl/vino-castillo-molina-res-sauv-blanc-750-ml/p,https://unimarc.vtexassets.com/arquivos/ids/221493/000000000000009439-UN-01.jpg?v=637720606146200000,Vinos Y Espumantes,Vino blanco,https://www.unimarc.cl/category/bebidas-y-licores/vinos-y-espumantes/vino-blanco,https://www.unimarc.cl/_next/data/0ucQ92dO_m9T9joH0FjVV/category/bebidas-y-licores/vinos-y-espumantes/vino-blanco.json?categories=bebidas-y-licores&categories=vinos-y-espumantes&categories=vino-blanco,2026-02-18T12:45:27
7947,Vino Castillo de Molina gran reserva chardonnay 750 cc,Castillo De Molina,1 un,litro,7450,9290,7450,True,Ahorras $1.840,$9.933 x litro,$12.387 x litro,https://www.unimarc.cl/vino-chard-c-molina-750-cc-bot/p,https://unimarc.vtexassets.com/arquivos/ids/221481/000000000000009306-UN-01.jpg?v=637720600290500000,Vinos Y Espumantes,Vino blanco,https://www.unimarc.cl/category/bebidas-y-licores/vinos-y-espumantes/vino-blanco,https://www.unimarc.cl/_next/data/0ucQ92dO_m9T9joH0FjVV/category/bebidas-y-licores/vinos-y-espumantes/vino-blanco.json?categories=bebidas-y-licores&categories=vinos-y-espumantes&categories=vino-blanco,2026-02-18T12:45:27
73,Vino Casillero del Diablo reserva chardonnay 750 cc,Casillero Del Diablo,1 un,litro,4990,5990,4990,True,Ahorras $1.000,$6.653 x litro,$7.987 x litro,https://www.unimarc.cl/vino-chard-c-diablo-750-cc-bot/p,https://unimarc.vtexassets.com/arquivos/ids/203827/000000000000009315-UN-01.jpg?v=637396942556600000,Vinos Y Espumantes,Vino blanco,https://www.unimarc.cl/category/bebidas-y-licores/vinos-y-espumantes/vino-blanco,https://www.unimarc.cl/_next/data/0ucQ92dO_m9T9joH0FjVV/category/bebidas-y-licores/vinos-y-espumantes/vino-blanco.json?categories=bebidas-y-licores&categories=vinos-y-espumantes&categories=vino-blanco,2026-02-18T12:45:27
7952,Vino Tarapacá gran reserva chardonnay 750 cc,Tarapaca,1 un,litro,8490,12150,8490,True,Ahorras $3.660,$11.320 x litro,$16.200 x litro,https://www.unimarc.cl/vino-chard-g-res-tarap-750cc-bot/p,https://unimarc.vtexassets.com/arquivos/ids/243776/000000000000009352-UN-01.jpg?v=638604534823470000,Vinos Y Espumantes,Vino blanco,https://www.unimarc.cl/category/bebidas-y-licores/vinos-y-espumantes/vino-blanco,https://www.unimarc.cl/_next/data/0ucQ92dO_m9T9joH0FjVV/category/bebidas-y-licores/vinos-y-espumantes/vino-blanco.json?categories=bebidas-y-licores&categories=vinos-y-espumantes&categories=vino-blanco,2026-02-18T12:45:27
83526,Vino Carmen frida kahlo reserva rose 750 cc,Carmen,1 un,litro,4390,5890,4390,True,Ahorras $1.500,$5.853 x litro,$7.853 x litro,https://www.unimarc.cl/vino-reserva-rose-fk-carmen-750ml-bot/p,https://unimarc.vtexassets.com/arquivos/ids/232511/000000000000663355-UN-01.jpg?v=638561278322530000,Vinos Y Espumantes,Vino blanco,https://www.unimarc.cl/category/bebidas-y-licores/vinos-y-espumantes/vino-blanco,https://www.unimarc.cl/_next/data/0ucQ92dO_m9T9joH0FjVV/category/bebidas-y-licores/vinos-y-espumantes/vino-blanco.json?categories=bebidas-y-licores&categories=vinos-y-espumantes&categories=vino-blanco,2026-02-18T12:45:27
82656,Vino Diablo chardonay golden botella 750 cc,Diablo,1 un,litro,6790,7990,6790,True,Ahorras $1.200,$9.053 x litro,$10.653 x litro,https://www.unimarc.cl/vino-chardonnay-golden-diablo-750-cc-bot/p,https://unimarc.vtexassets.com/arquivos/ids/229547/000000000000662023-UN-01.jpg?v=637999835178930000,Vinos Y Espumantes,Vino blanco,https://www.unimarc.cl/category/bebidas-y-licores/vinos-y-espumantes/vino-blanco,https://www.unimarc.cl/_next/data/0ucQ92dO_m9T9joH0FjVV/category/bebidas-y-licores/vinos-y-espumantes/vino-blanco.json?categories=bebidas-y-licores&categories=vinos-y-espumantes&categories=vino-blanco,2026-02-18T12:45:27
34182,Vino blanco Santa Rita gran reserva botella 1.5 L,Santa Rita,1 un,litro,3990,4690,3990,True,Ahorras $700,$2.660 x litro,$3.127 x litro,https://www.unimarc.cl/vino-bco-gn-120-s-rita-1-5lt-bot/p,https://unimarc.vtexassets.com/arquivos/ids/239358/000000000000180010-UN-01.jpg?v=638561277713230000,Vinos Y Espumantes,Vino blanco,https://www.unimarc.cl/category/bebidas-y-licores/vinos-y-espumantes/vino-blanco,https://www.unimarc.cl/_next/data/0ucQ92dO_m9T9joH0FjVV/category/bebidas-y-licores/vinos-y-espumantes/vino-blanco.json?categories=bebidas-y-licores&categories=vinos-y-espumantes&categories=vino-blanco,2026-02-18T12:45:27
7951,Vino Tarapacá gran reserva sauvignon blanc 750 cc,Tarapaca,1 un,litro,8490,12150,8490,True,Ahorras $3.660,$11.320 x litro,$16.200 x litro,https://www.unimarc.cl/vino-sauv-g-res-tarap-750-cc-bot/p,https://unimarc.vtexassets.com/arquivos/ids/243791/000000000000009351-UN-01.jpg?v=638604534816670000,Vinos Y Espumantes,Vino blanco,https://www.unimarc.cl/category/bebidas-y-licores/vinos-y-espumantes/vino-blanco,https://www.unimarc.cl/_next/data/0ucQ92dO_m9T9joH0FjVV/category/bebidas-y-licores/vinos-y-espumantes/vino-blanco.json?categories=bebidas-y-licores&categories=vinos-y-espumantes&categories=vino-blanco,2026-02-18T12:45:27
83525,Vino Carmen frida kahlo reserva sauvignon blanc 750 cc,Carmen,1 un,litro,4390,5890,4390,True,Ahorras $1.500,$5.853 x litro,$7.853 x litro,https://www.unimarc.cl/vino-res-sauv-blanc-fk-carmen-750ml-bot/p,https://unimarc.vtexassets.com/arquivos/ids/232510/000000000000663354-UN-01.jpg?v=638561278315330000,Vinos Y Espumantes,Vino blanco,https://www.unimarc.cl/category/bebidas-y-licores/vinos-y-espumantes/vino-blanco,https://www.unimarc.cl/_next/data/0ucQ92dO_m9T9joH0FjVV/category/bebidas-y-licores/vinos-y-espumantes/vino-blanco.json?categories=bebidas-y-licores&categories=vinos-y-espumantes&categories=vino-blanco,2026-02-18T12:45:27
4276,Vino Santa Rita 120 3 medallas sauvignon blanc 700 cc,Santa Rita,1 un,litro,2890,3350,2890,True,Ahorras $460,$4.129 x litro,$4.786 x litro,https://www.unimarc.cl/vino-sauv-3m-120-srita-700cc-bot/p,https://unimarc.vtexassets.com/arquivos/ids/231451/000000000000179994-UN-01.jpg?v=638561277681130000,Vinos Y Espumantes,Vino blanco,https://www.unimarc.cl/category/bebidas-y-licores/vinos-y-espumantes/vino-blanco,https://www.unimarc.cl/_next/data/0ucQ92dO_m9T9joH0FjVV/category/bebidas-y-licores/vinos-y-espumantes/vino-blanco.json?categories=bebidas-y-licores&categories=vinos-y-espumantes&categories=vino-blanco,2026-02-18T12:45:27
74,Vino Casillero del Diablo reserva sauvignon blanc 750 cc,Casillero Del Diablo,1 un,litro,4990,5990,4990,True,Ahorras $1.000,$6.653 x litro,$7.987 x litro,https://www.unimarc.cl/vino-casillero-del-diablo-sauv-blanc-750-ml/p,https://unimarc.vtexassets.com/arquivos/ids/203834/000000000000009327-UN-01.jpg?v=637396959198300000,Vinos Y Espumantes,Vino blanco,https://www.unimarc.cl/category/bebidas-y-licores/vinos-y-espumantes/vino-blanco,https://www.unimarc.cl/_next/data/0ucQ92dO_m9T9joH0FjVV/category/bebidas-y-licores/vinos-y-espumantes/vino-blanco.json?categories=bebidas-y-licores&categories=vinos-y-espumantes&categories=vino-blanco,2026-02-18T12:45:27
14454,Vino Marques Concha y Toro chardonnay 750 cc,Marques De Casa Concha,1 un,litro,12490,15990,12490,True,Ahorras $3.500,$16.653 x litro,$21.320 x litro,https://www.unimarc.cl/vino-chard-marq-c-toro-750cc-bot/p,https://unimarc.vtexassets.com/arquivos/ids/224322/000000000000053691-UN-01.jpg?v=638561277561170000,Vinos Y Espumantes,Vino blanco,https://www.unimarc.cl/category/bebidas-y-licores/vinos-y-espumantes/vino-blanco,https://www.unimarc.cl/_next/data/0ucQ92dO_m9T9joH0FjVV/category/bebidas-y-licores/vinos-y-espumantes/vino-blanco.json?categories=bebidas-y-licores&categories=vinos-y-espumantes&categories=vino-blanco,2026-02-18T12:45:27
84767,Vino reserva Misiones de Rengo sauvignon blanc medium sweet 750 cc,Misiones De Rengo,1 un,litro,4990,5990,4990,True,Ahorras $1.000,$6.653 x litro,$7.987 x litro,https://www.unimarc.cl/vino-rb-rva-ms-misiones-rengo-750-cc-bot-2/p,https://unimarc.vtexassets.com/arquivos/ids/234819/000000000000665605-UN-01.jpg?v=638258180925300000,Vinos Y Espumantes,Vino blanco,https://www.unimarc.cl/category/bebidas-y-licores/vinos-y-espumantes/vino-blanco,https://www.unimarc.cl/_next/data/0ucQ92dO_m9T9joH0FjVV/category/bebidas-y-licores/vinos-y-espumantes/vino-blanco.json?categories=bebidas-y-licores&categories=vinos-y-espumantes&categories=vino-blanco,2026-02-18T12:45:27
90158,Vino Casillero del Diablo belight sauvignon blanc 750 cc,Casillero Del Diablo,1 un,litro,4990,5990,4990,True,Ahorras $1.000,$6.653 x litro,$7.987 x litro,https://www.unimarc.cl/vino-be-light-sauv-blanc-cdd-750-ml-bot/p,https://unimarc.vtexassets.com/arquivos/ids/245905/000000000000673398-UN-01.jpg?v=638696284168730000,Vinos Y Espumantes,Vino blanco,https://www.unimarc.cl/category/bebidas-y-licores/vinos-y-espumantes/vino-blanco,https://www.unimarc.cl/_next/data/0ucQ92dO_m9T9joH0FjVV/category/bebidas-y-licores/vinos-y-espumantes/vino-blanco.json?categories=bebidas-y-licores&categories=vinos-y-espumantes&categories=vino-blanco,2026-02-18T12:45:27
37899,Vino blanco Exportación caja 500 cc,Exportacion,1 un,litro,1190,1490,1190,True,Ahorras $300,$2.380 x litro,$2.980 x litro,https://www.unimarc.cl/vino-bco-exportacion-500cc-caja/p,https://unimarc.vtexassets.com/arquivos/ids/203912/000000000000627296-UN-01.jpg?v=637397043523230000,Vinos Y Espumantes,Vino blanco,https://www.unimarc.cl/category/bebidas-y-licores/vinos-y-espumantes/vino-blanco,https://www.unimarc.cl/_next/data/0ucQ92dO_m9T9joH0FjVV/category/bebidas-y-licores/vinos-y-espumantes/vino-blanco.json?categories=bebidas-y-licores&categories=vinos-y-espumantes&categories=vino-blanco,2026-02-18T12:45:27
3850,Vino Misiones de Rengo sauvignon blanc 750 cc,Misiones De Rengo,1 un,litro,3190,3790,3190,True,Ahorras $600,$4.253 x litro,$5.053 x litro,https://www.unimarc.cl/vino-sauvblanc-m-rengo-750cc-bot/p,https://unimarc.vtexassets.com/arquivos/ids/189872/000000000000146216-UN-01.jpg?v=638435188576630000,Vinos Y Espumantes,Vino blanco,https://www.unimarc.cl/category/bebidas-y-licores/vinos-y-espumantes/vino-blanco,https://www.unimarc.cl/_next/data/0ucQ92dO_m9T9joH0FjVV/category/bebidas-y-licores/vinos-y-espumantes/vino-blanco.json?categories=bebidas-y-licores&categories=vinos-y-espumantes&categories=vino-blanco,2026-02-18T12:45:27
3851,Vino Misiones de Rengo chardonnay 750 cc,Misiones De Rengo,1 un,litro,3190,3790,3190,True,Ahorras $600,$4.253 x litro,$5.053 x litro,https://www.unimarc.cl/vino-chard-m-rengo-750-cc-bot/p,https://unimarc.vtexassets.com/arquivos/ids/189873/000000000000146217-UN-01.jpg?v=638435188594670000,Vinos Y Espumantes,Vino blanco,https://www.unimarc.cl/category/bebidas-y-licores/vinos-y-espumantes/vino-blanco,https://www.unimarc.cl/_next/data/0ucQ92dO_m9T9joH0FjVV/category/bebidas-y-licores/vinos-y-espumantes/vino-blanco.json?categories=bebidas-y-licores&categories=vinos-y-espumantes&categories=vino-blanco,2026-02-18T12:45:27
7958,Vino Tarapacá reserva chardonnay 750 cc,Gran Tarapaca,1 un,litro,4990,5990,4990,True,Ahorras $1.000,$6.653 x litro,$7.987 x litro,https://www.unimarc.cl/vino-chard-gran-tarapaca-750-cc-bot/p,https://unimarc.vtexassets.com/arquivos/ids/248531/9359.jpg?v=638815554197830000,Vinos Y Espumantes,Vino blanco,https://www.unimarc.cl/category/bebidas-y-licores/vinos-y-espumantes/vino-blanco,https://www.unimarc.cl/_next/data/0ucQ92dO_m9T9joH0FjVV/category/bebidas-y-licores/vinos-y-espumantes/vino-blanco.json?categories=bebidas-y-licores&categories=vinos-y-espumantes&categories=vino-blanco,2026-02-18T12:45:27
15557,Vino blanco Gato 700 cc,Gato,1 un,litro,2490,2990,2490,True,Ahorras $500,$3.557 x litro,$4.271 x litro,https://www.unimarc.cl/vino-bco-gato-700-cc-bot/p,https://unimarc.vtexassets.com/arquivos/ids/232200/000000000000172573-UN-01.jpg?v=638139037834670000,Vinos Y Espumantes,Vino blanco,https://www.unimarc.cl/category/bebidas-y-licores/vinos-y-espumantes/vino-blanco,https://www.unimarc.cl/_next/data/0ucQ92dO_m9T9joH0FjVV/category/bebidas-y-licores/vinos-y-espumantes/vino-blanco.json?categories=bebidas-y-licores&categories=vinos-y-espumantes&categories=vino-blanco,2026-02-18T12:45:27
7950,Vino Tarapacá sauvignon blanc 750 cc,Gran Tarapaca,1 un,litro,4990,5990,4990,True,Ahorras $1.000,$6.653 x litro,$7.987 x litro,https://www.unimarc.cl/vino-sauvblanc-gran-tarapaca-750ccbot/p,https://unimarc.vtexassets.com/arquivos/ids/248534/souv-blanc.jpg?v=638815555541630000,Vinos Y Espumantes,Vino blanco,https://www.unimarc.cl/category/bebidas-y-licores/vinos-y-espumantes/vino-blanco,https://www.unimarc.cl/_next/data/0ucQ92dO_m9T9joH0FjVV/category/bebidas-y-licores/vinos-y-espumantes/vino-blanco.json?categories=bebidas-y-licores&categories=vinos-y-espumantes&categories=vino-blanco,2026-02-18T12:45:27
13734,Vino Cono Sur bicicleta reserva chardonnay 750 cc,Cono Sur,1 un,litro,3490,3990,3490,True,Ahorras $500,$4.653 x litro,$5.320 x litro,https://www.unimarc.cl/vino-chard-bicic-c-sur-750-cc-bot/p,https://unimarc.vtexassets.com/arquivos/ids/203955/000000000000118273-UN-01.jpg?v=638561277593830000,Vinos Y Espumantes,Vino blanco,https://www.unimarc.cl/category/bebidas-y-licores/vinos-y-espumantes/vino-blanco,https://www.unimarc.cl/_next/data/0ucQ92dO_m9T9joH0FjVV/category/bebidas-y-licores/vinos-y-espumantes/vino-blanco.json?categories=bebidas-y-licores&categories=vinos-y-espumantes&categories=vino-blanco,2026-02-18T12:45:27
12739,Vino Cono Sur bicicleta reserva sauvignon blanc 750 cc,Cono Sur,1 un,litro,3490,3990,3490,True,Ahorras $500,$4.653 x litro,$5.320 x litro,https://www.unimarc.cl/vino-sauv-bicicl-c-sur-750cc-bot/p,https://unimarc.vtexassets.com/arquivos/ids/203946/000000000000180828-UN-01.jpg?v=638561277806370000,Vinos Y Espumantes,Vino blanco,https://www.unimarc.cl/category/bebidas-y-licores/vinos-y-espumantes/vino-blanco,https://www.unimarc.cl/_next/data/0ucQ92dO_m9T9joH0FjVV/category/bebidas-y-licores/vinos-y-espumantes/vino-blanco.json?categories=bebidas-y-licores&categories=vinos-y-espumantes&categories=vino-blanco,2026-02-18T12:45:27
4293,Vino Carmen clásico sauvignon blanc rxn 750 cc,Carmen,1 un,litro,2890,3190,2890,True,Ahorras $300,$3.853 x litro,$4.253 x litro,https://www.unimarc.cl/vino-rhin-carmen-750-cc-bot/p,https://unimarc.vtexassets.com/arquivos/ids/242826/000000000000180049-UN-01.jpg?v=638561596547630000,Vinos Y Espumantes,Vino blanco,https://www.unimarc.cl/category/bebidas-y-licores/vinos-y-espumantes/vino-blanco,https://www.unimarc.cl/_next/data/0ucQ92dO_m9T9joH0FjVV/category/bebidas-y-licores/vinos-y-espumantes/vino-blanco.json?categories=bebidas-y-licores&categories=vinos-y-espumantes&categories=vino-blanco,2026-02-18T12:45:27
89144,Cóctel de vino Gato selección dulce chirimoya 750 cc,Gato,1 un,litro,3490,3490,,False,,$4.653 x litro,$4.653 x litro,https://www.unimarc.cl/coctel-vino-s-d-chirimoya-gato-750cc-bot/p,https://unimarc.vtexassets.com/arquivos/ids/243970/000000000000671202-UN-01.jpg?v=638616689191900000,Vinos Y Espumantes,Vino blanco,https://www.unimarc.cl/category/bebidas-y-licores/vinos-y-espumantes/vino-blanco,https://www.unimarc.cl/_next/data/0ucQ92dO_m9T9joH0FjVV/category/bebidas-y-licores/vinos-y-espumantes/vino-blanco.json?categories=bebidas-y-licores&categories=vinos-y-espumantes&categories=vino-blanco,2026-02-18T12:45:27
12590,Vino Doña Dominga chardonnay 750 cc,Doña Dominga,1 un,litro,4190,4190,,False,,$5.587 x litro,$5.587 x litro,https://www.unimarc.cl/vino-chard-dona-dominga-750ccbot/p,https://unimarc.vtexassets.com/arquivos/ids/197575/000000000000057596-UN-01.jpg?v=637281903566170000,Vinos Y Espumantes,Vino blanco,https://www.unimarc.cl/category/bebidas-y-licores/vinos-y-espumantes/vino-blanco,https://www.unimarc.cl/_next/data/0ucQ92dO_m9T9joH0FjVV/category/bebidas-y-licores/vinos-y-espumantes/vino-blanco.json?categories=bebidas-y-licores&categories=vinos-y-espumantes&categories=vino-blanco,2026-02-18T12:45:27
89246,Vino Diablo crystal sauvignon blanc botella 750 cc,Diablo,1 un,litro,7990,7990,,False,,$10.653 x litro,$10.653 x litro,https://www.unimarc.cl/vino-sauvignon-blanc-crystal-750ml-bot/p,https://unimarc.vtexassets.com/arquivos/ids/244578/000000000000671641-UN-01.jpg?v=638641667434500000,Vinos Y Espumantes,Vino blanco,https://www.unimarc.cl/category/bebidas-y-licores/vinos-y-espumantes/vino-blanco,https://www.unimarc.cl/_next/data/0ucQ92dO_m9T9joH0FjVV/category/bebidas-y-licores/vinos-y-espumantes/vino-blanco.json?categories=bebidas-y-licores&categories=vinos-y-espumantes&categories=vino-blanco,2026-02-18T12:45:27
4540,Vino Casas del Bosque reserva sauvignon blanc 750 cc,Casas Del Bosque,1 un,litro,9750,9750,,False,,$13.000 x litro,$13.000 x litro,https://www.unimarc.cl/vino-sb-res-c-bosque-750-cc-bot/p,https://unimarc.vtexassets.com/arquivos/ids/228892/000000000000192794-UN-01.jpg?v=637975555491130000,Vinos Y Espumantes,Vino blanco,https://www.unimarc.cl/category/bebidas-y-licores/vinos-y-espumantes/vino-blanco,https://www.unimarc.cl/_next/data/0ucQ92dO_m9T9joH0FjVV/category/bebidas-y-licores/vinos-y-espumantes/vino-blanco.json?categories=bebidas-y-licores&categories=vinos-y-espumantes&categories=vino-blanco,2026-02-18T12:45:27
10403,Vino Casa Silva colección sauvignon blanc 750 cc,Casa Silva,1 un,litro,5590,5590,,False,,$7.453 x litro,$7.453 x litro,https://www.unimarc.cl/vino-sb-colec-c-silva-750-cc-bot/p,https://unimarc.vtexassets.com/arquivos/ids/197603/000000000000631787-UN-01.jpg?v=637281950906630000,Vinos Y Espumantes,Vino blanco,https://www.unimarc.cl/category/bebidas-y-licores/vinos-y-espumantes/vino-blanco,https://www.unimarc.cl/_next/data/0ucQ92dO_m9T9joH0FjVV/category/bebidas-y-licores/vinos-y-espumantes/vino-blanco.json?categories=bebidas-y-licores&categories=vinos-y-espumantes&categories=vino-blanco,2026-02-18T12:45:27
726,Vino Emiliana Adobe orgánico reserva chardonnay 750 cc,Adobe,1 un,litro,5990,5990,,False,,$7.987 x litro,$7.987 x litro,https://www.unimarc.cl/vino-chard-org-adobe-750-cc-bot/p,https://unimarc.vtexassets.com/arquivos/ids/203156/000000000000180822-UN-01.jpg?v=637388529196630000,Vinos Y Espumantes,Vino blanco,https://www.unimarc.cl/category/bebidas-y-licores/vinos-y-espumantes/vino-blanco,https://www.unimarc.cl/_next/data/0ucQ92dO_m9T9joH0FjVV/category/bebidas-y-licores/vinos-y-espumantes/vino-blanco.json?categories=bebidas-y-licores&categories=vinos-y-espumantes&categories=vino-blanco,2026-02-18T12:45:27
13636,Vino Santa Emiliana chardonnay 700 cc,Sta Emiliana,1 un,litro,3490,3490,,False,,$4.986 x litro,$4.986 x litro,https://www.unimarc.cl/vino-chard-sta-emil-700-cc-bot/p,https://unimarc.vtexassets.com/arquivos/ids/203143/000000000000009333-UN-01.jpg?v=637388494393330000,Vinos Y Espumantes,Vino blanco,https://www.unimarc.cl/category/bebidas-y-licores/vinos-y-espumantes/vino-blanco,https://www.unimarc.cl/_next/data/0ucQ92dO_m9T9joH0FjVV/category/bebidas-y-licores/vinos-y-espumantes/vino-blanco.json?categories=bebidas-y-licores&categories=vinos-y-espumantes&categories=vino-blanco,2026-02-18T12:45:27
86231,Vino Maycas Limari reserva especial chardonnay 750 ml,Maycas Del Limari,1 un,litro,13990,13990,,False,,$18.653 x litro,$18.653 x litro,https://www.unimarc.cl/vino-chard-r-es-maycas-de-limari-750-bot/p,https://unimarc.vtexassets.com/arquivos/ids/236815/000000000000666072-UN-01.jpg?v=638385055367300000,Vinos Y Espumantes,Vino blanco,https://www.unimarc.cl/category/bebidas-y-licores/vinos-y-espumantes/vino-blanco,https://www.unimarc.cl/_next/data/0ucQ92dO_m9T9joH0FjVV/category/bebidas-y-licores/vinos-y-espumantes/vino-blanco.json?categories=bebidas-y-licores&categories=vinos-y-espumantes&categories=vino-blanco,2026-02-18T12:45:27
84505,Vino cousino macul sauvignon blanc don luis reserva botella 750ml,Cousino Macul,1 un,litro,5490,5490,,False,,$7.320 x litro,$7.320 x litro,https://www.unimarc.cl/vino-sauv-blan-d-luis-res-c-macul-750bot/p,https://unimarc.vtexassets.com/arquivos/ids/249066/000000000000665048-UN-01.jpg?v=638841514731600000,Vinos Y Espumantes,Vino blanco,https://www.unimarc.cl/category/bebidas-y-licores/vinos-y-espumantes/vino-blanco,https://www.unimarc.cl/_next/data/0ucQ92dO_m9T9joH0FjVV/category/bebidas-y-licores/vinos-y-espumantes/vino-blanco.json?categories=bebidas-y-licores&categories=vinos-y-espumantes&categories=vino-blanco,2026-02-18T12:45:27
14047,Pack vino Misiones de Rengo varietal sauvignon blanc 4 un de 187 cc,Misiones De Rengo,1 un,litro,5190,5190,,False,,$6.939 x litro,$6.939 x litro,https://www.unimarc.cl/vino-sauv-var-m-rengo-187-cc-bot-packa4au/p,https://unimarc.vtexassets.com/arquivos/ids/237716/000000000000624685-DIS-01.jpg?v=638435188734570000,Vinos Y Espumantes,Vino blanco,https://www.unimarc.cl/category/bebidas-y-licores/vinos-y-espumantes/vino-blanco,https://www.unimarc.cl/_next/data/0ucQ92dO_m9T9joH0FjVV/category/bebidas-y-licores/vinos-y-espumantes/vino-blanco.json?categories=bebidas-y-licores&categories=vinos-y-espumantes&categories=vino-blanco,2026-02-18T12:45:27
7948,Vino Santa Emiliana sauvignon blanc 700 cc,Sta Emiliana,1 un,litro,3490,3490,,False,,$4.986 x litro,$4.986 x litro,https://www.unimarc.cl/vino-sauvblanc-sta-emil-700ccbot/p,https://unimarc.vtexassets.com/arquivos/ids/203839/000000000000009321-UN-01.jpg?v=637396965396470000,Vinos Y Espumantes,Vino blanco,https://www.unimarc.cl/category/bebidas-y-licores/vinos-y-espumantes/vino-blanco,https://www.unimarc.cl/_next/data/0ucQ92dO_m9T9joH0FjVV/category/bebidas-y-licores/vinos-y-espumantes/vino-blanco.json?categories=bebidas-y-licores&categories=vinos-y-espumantes&categories=vino-blanco,2026-02-18T12:45:27
687,Vino Leyda classic reserva sauvignon blanc 750 cc,Leyda,1 un,litro,7990,7990,,False,,$10.653 x litro,$10.653 x litro,https://www.unimarc.cl/vino-sauv-r-clas-leyda-750cc-bot/p,https://unimarc.vtexassets.com/arquivos/ids/232203/000000000000179730-UN-01.jpg?v=638139053104170000,Vinos Y Espumantes,Vino blanco,https://www.unimarc.cl/category/bebidas-y-licores/vinos-y-espumantes/vino-blanco,https://www.unimarc.cl/_next/data/0ucQ92dO_m9T9joH0FjVV/category/bebidas-y-licores/vinos-y-espumantes/vino-blanco.json?categories=bebidas-y-licores&categories=vinos-y-espumantes&categories=vino-blanco,2026-02-18T12:45:27
4602,Vino Undurraga aliwen sauvignon blanc 750 cc,Undurraga,1 un,litro,4990,4990,,False,,$6.653 x litro,$6.653 x litro,https://www.unimarc.cl/vino-sb-aliwen-undurr-750-cc-bot/p,https://unimarc.vtexassets.com/arquivos/ids/166505/vino-sb-aliwen-undurr-750-cc-bot.jpg?v=636543166442530000,Vinos Y Espumantes,Vino blanco,https://www.unimarc.cl/category/bebidas-y-licores/vinos-y-espumantes/vino-blanco,https://www.unimarc.cl/_next/data/0ucQ92dO_m9T9joH0FjVV/category/bebidas-y-licores/vinos-y-espumantes/vino-blanco.json?categories=bebidas-y-licores&categories=vinos-y-espumantes&categories=vino-blanco,2026-02-18T12:45:27
4453,Vino Misiones de Rengo reserva sauvignon blanc 750 cc,Misiones De Rengo,1 un,litro,5990,5990,,False,,$7.987 x litro,$7.987 x litro,https://www.unimarc.cl/vino-sb-res-m-rengo-750-cc-bot/p,https://unimarc.vtexassets.com/arquivos/ids/237708/000000000000187417-UN-01.jpg?v=638435188656630000,Vinos Y Espumantes,Vino blanco,https://www.unimarc.cl/category/bebidas-y-licores/vinos-y-espumantes/vino-blanco,https://www.unimarc.cl/_next/data/0ucQ92dO_m9T9joH0FjVV/category/bebidas-y-licores/vinos-y-espumantes/vino-blanco.json?categories=bebidas-y-licores&categories=vinos-y-espumantes&categories=vino-blanco,2026-02-18T12:45:27
3847,Vino Misiones de Rengo reserva chardonnay 750 cc,Misiones De Rengo,1 un,litro,5990,5990,,False,,$7.987 x litro,$7.987 x litro,https://www.unimarc.cl/vino-chard-res-m-rengo-750cc-bot/p,https://unimarc.vtexassets.com/arquivos/ids/237704/000000000000146213-UN-01.jpg?v=638435188515100000,Vinos Y Espumantes,Vino blanco,https://www.unimarc.cl/category/bebidas-y-licores/vinos-y-espumantes/vino-blanco,https://www.unimarc.cl/_next/data/0ucQ92dO_m9T9joH0FjVV/category/bebidas-y-licores/vinos-y-espumantes/vino-blanco.json?categories=bebidas-y-licores&categories=vinos-y-espumantes&categories=vino-blanco,2026-02-18T12:45:27
84899,Vino patagonia sauvignon blanc 750ml,Patagonia,1 un,litro,8990,8990,,False,,$11.987 x litro,$11.987 x litro,https://www.unimarc.cl/vino-sauvignon-blanc-patagonia-750cc-bot/p,https://unimarc.vtexassets.com/arquivos/ids/238342/000000000000665740-UN-01.jpg?v=638466401884270000,Vinos Y Espumantes,Vino blanco,https://www.unimarc.cl/category/bebidas-y-licores/vinos-y-espumantes/vino-blanco,https://www.unimarc.cl/_next/data/0ucQ92dO_m9T9joH0FjVV/category/bebidas-y-licores/vinos-y-espumantes/vino-blanco.json?categories=bebidas-y-licores&categories=vinos-y-espumantes&categories=vino-blanco,2026-02-18T12:45:27
810,Vino Casas del Bosque reserva chardonnay 750 cc,Casas Del Bosque,1 un,litro,9750,9750,,False,,$13.000 x litro,$13.000 x litro,https://www.unimarc.cl/vino-casas-del-bosque-reserva-chardonnay-750-ml/p,https://unimarc.vtexassets.com/arquivos/ids/228891/000000000000192793-UN-01.jpg?v=637975554788000000,Vinos Y Espumantes,Vino blanco,https://www.unimarc.cl/category/bebidas-y-licores/vinos-y-espumantes/vino-blanco,https://www.unimarc.cl/_next/data/0ucQ92dO_m9T9joH0FjVV/category/bebidas-y-licores/vinos-y-espumantes/vino-blanco.json?categories=bebidas-y-licores&categories=vinos-y-espumantes&categories=vino-blanco,2026-02-18T12:45:27
1109,Vino Montgras amaral sauvignon blanc 750 cc,Montgras,1 un,litro,7590,7590,,False,,$10.120 x litro,$10.120 x litro,https://www.unimarc.cl/vino-sauvblanc-amaral-montgras-750ccbot/p,https://unimarc.vtexassets.com/arquivos/ids/193034/000000000000547186-UN-01.jpg?v=637213735012730000,Vinos Y Espumantes,Vino blanco,https://www.unimarc.cl/category/bebidas-y-licores/vinos-y-espumantes/vino-blanco,https://www.unimarc.cl/_next/data/0ucQ92dO_m9T9joH0FjVV/category/bebidas-y-licores/vinos-y-espumantes/vino-blanco.json?categories=bebidas-y-licores&categories=vinos-y-espumantes&categories=vino-blanco,2026-02-18T12:45:27
71655,Vino León de Tarapacá sauvignon blanc botella 750 cc,Leon De Tarapaca,1 un,litro,3650,3650,,False,,$4.867 x litro,$4.867 x litro,https://www.unimarc.cl/vino-sauvblanc-leon-d-tarapaca-750cc-bot/p,https://unimarc.vtexassets.com/arquivos/ids/232232/000000000000635722-UN-01.jpg?v=638139770453870000,Vinos Y Espumantes,Vino blanco,https://www.unimarc.cl/category/bebidas-y-licores/vinos-y-espumantes/vino-blanco,https://www.unimarc.cl/_next/data/0ucQ92dO_m9T9joH0FjVV/category/bebidas-y-licores/vinos-y-espumantes/vino-blanco.json?page=2&categories=bebidas-y-licores&categories=vinos-y-espumantes&categories=vino-blanco,2026-02-18T12:45:30
501,Vino Santa Ema select terroir reserva sauvignon blanc 750 cc,Sta Ema,1 un,litro,8690,8690,,False,,$11.587 x litro,$11.587 x litro,https://www.unimarc.cl/vino-sta-ema-sauvignon-blanc-750-cc/p,https://unimarc.vtexassets.com/arquivos/ids/228582/000000000000133872-UN-01.jpg?v=637963657564170000,Vinos Y Espumantes,Vino blanco,https://www.unimarc.cl/category/bebidas-y-licores/vinos-y-espumantes/vino-blanco,https://www.unimarc.cl/_next/data/0ucQ92dO_m9T9joH0FjVV/category/bebidas-y-licores/vinos-y-espumantes/vino-blanco.json?page=2&categories=bebidas-y-licores&categories=vinos-y-espumantes&categories=vino-blanco,2026-02-18T12:45:30
1111,Vino Garces Silva Amayna sauvignon blanc 750 cc,Amayna,1 un,litro,15290,15290,,False,,$20.387 x litro,$20.387 x litro,https://www.unimarc.cl/vino-sauvblanc-amayna-750-cc-bot/p,https://unimarc.vtexassets.com/arquivos/ids/248517/000000000000547197-UN-01.jpg.jpg?v=638815537277700000,Vinos Y Espumantes,Vino blanco,https://www.unimarc.cl/category/bebidas-y-licores/vinos-y-espumantes/vino-blanco,https://www.unimarc.cl/_next/data/0ucQ92dO_m9T9joH0FjVV/category/bebidas-y-licores/vinos-y-espumantes/vino-blanco.json?page=2&categories=bebidas-y-licores&categories=vinos-y-espumantes&categories=vino-blanco,2026-02-18T12:45:30
438,Vino Montes Alpha chardonnay 750 cc,Montes Alpha,1 un,litro,16290,16290,,False,,$21.720 x litro,$21.720 x litro,https://www.unimarc.cl/vino-chard-m-alpha-750-cc-bot/p,https://unimarc.vtexassets.com/arquivos/ids/162452/57575.jpg?v=636493027106300000,Vinos Y Espumantes,Vino blanco,https://www.unimarc.cl/category/bebidas-y-licores/vinos-y-espumantes/vino-blanco,https://www.unimarc.cl/_next/data/0ucQ92dO_m9T9joH0FjVV/category/bebidas-y-licores/vinos-y-espumantes/vino-blanco.json?page=2&categories=bebidas-y-licores&categories=vinos-y-espumantes&categories=vino-blanco,2026-02-18T12:45:30
4331,Vino Undurraga sibaris chardonnay 750 cc,Undurraga,1 un,litro,6990,6990,,False,,$9.320 x litro,$9.320 x litro,https://www.unimarc.cl/vino-chard-sib-undurr-750-cc-bot/p,https://unimarc.vtexassets.com/arquivos/ids/166115/vino-chard-sib-undurr-750-cc-bot.jpg?v=636543147295970000,Vinos Y Espumantes,Vino blanco,https://www.unimarc.cl/category/bebidas-y-licores/vinos-y-espumantes/vino-blanco,https://www.unimarc.cl/_next/data/0ucQ92dO_m9T9joH0FjVV/category/bebidas-y-licores/vinos-y-espumantes/vino-blanco.json?page=2&categories=bebidas-y-licores&categories=vinos-y-espumantes&categories=vino-blanco,2026-02-18T12:45:30
14216,Vino Leyda Coastal Vineyard chardonnay 750 cc,Leyda,1 un,litro,8050,8050,,False,,$10.733 x litro,$10.733 x litro,https://www.unimarc.cl/vino-chard-res-leyda-750cc-bot/p,https://unimarc.vtexassets.com/arquivos/ids/247295/000000000000889791-UN-01.jpg.jpg?v=638768079900100000,Vinos Y Espumantes,Vino blanco,https://www.unimarc.cl/category/bebidas-y-licores/vinos-y-espumantes/vino-blanco,https://www.unimarc.cl/_next/data/0ucQ92dO_m9T9joH0FjVV/category/bebidas-y-licores/vinos-y-espumantes/vino-blanco.json?page=2&categories=bebidas-y-licores&categories=vinos-y-espumantes&categories=vino-blanco,2026-02-18T12:45:30
56304,Vino Gato premium sauvignon blanc 750 cc,Gato,1 un,litro,3590,3590,,False,,$4.787 x litro,$4.787 x litro,https://www.unimarc.cl/vino-sauv-blanc-premium-gato-750-cc-bot/p,https://unimarc.vtexassets.com/arquivos/ids/232233/000000000000635795-UN-01.jpg?v=638139774828830000,Vinos Y Espumantes,Vino blanco,https://www.unimarc.cl/category/bebidas-y-licores/vinos-y-espumantes/vino-blanco,https://www.unimarc.cl/_next/data/0ucQ92dO_m9T9joH0FjVV/category/bebidas-y-licores/vinos-y-espumantes/vino-blanco.json?page=2&categories=bebidas-y-licores&categories=vinos-y-espumantes&categories=vino-blanco,2026-02-18T12:45:30
12926,Vino Clos De Pirque blanco caja 1 L,Clos De Pirque,1 un,litro,3590,3590,,False,,$3.590 x litro,$3.590 x litro,https://www.unimarc.cl/vino-bco-clos-de-pirque-1lt-caja/p,https://unimarc.vtexassets.com/arquivos/ids/203882/000000000000009335-UN-01.jpg?v=637397014333200000,Vinos Y Espumantes,Vino blanco,https://www.unimarc.cl/category/bebidas-y-licores/vinos-y-espumantes/vino-blanco,https://www.unimarc.cl/_next/data/0ucQ92dO_m9T9joH0FjVV/category/bebidas-y-licores/vinos-y-espumantes/vino-blanco.json?page=2&categories=bebidas-y-licores&categories=vinos-y-espumantes&categories=vino-blanco,2026-02-18T12:45:30
94007,Vino sauvignon blanc vegano reserva Vientos del sur 750ml,Vientos Del Sur,1 un,litro,4390,4390,,False,,$5.853 x litro,$5.853 x litro,https://www.unimarc.cl/vino-sauv-blanc-res-vegano-v-sur-750-bot/p,https://unimarc.vtexassets.com/arquivos/ids/254072/000000000000693782-UN-01.jpg?v=639013961233100000,Vinos Y Espumantes,Vino blanco,https://www.unimarc.cl/category/bebidas-y-licores/vinos-y-espumantes/vino-blanco,https://www.unimarc.cl/_next/data/0ucQ92dO_m9T9joH0FjVV/category/bebidas-y-licores/vinos-y-espumantes/vino-blanco.json?page=2&categories=bebidas-y-licores&categories=vinos-y-espumantes&categories=vino-blanco,2026-02-18T12:45:30
91925,Vino Santa Helena reserva sauvignon blanc 750 cc,Santa Helena,1 un,litro,5590,5590,,False,,$7.453 x litro,$7.453 x litro,https://www.unimarc.cl/vino-sauv-blanc-res-sta-helena-750cc-bot/p,https://unimarc.vtexassets.com/arquivos/ids/250658/000000000000675911-UN-01.jpg?v=638906237951130000,Vinos Y Espumantes,Vino blanco,https://www.unimarc.cl/category/bebidas-y-licores/vinos-y-espumantes/vino-blanco,https://www.unimarc.cl/_next/data/0ucQ92dO_m9T9joH0FjVV/category/bebidas-y-licores/vinos-y-espumantes/vino-blanco.json?page=2&categories=bebidas-y-licores&categories=vinos-y-espumantes&categories=vino-blanco,2026-02-18T12:45:30
96213,Vino Toro de Piedra reserva sauvignon blanc 750 cc,Toro De Piedra,1 un,litro,5590,6990,5590,True,Ahorras $1.400,$7.453 x litro,$9.320 x litro,https://www.unimarc.cl/vino-sauv-blanc-res-veg-t-piedra-750-bot/p,https://unimarc.vtexassets.com/arquivos/ids/254667/000000000000696058-UN-01.jpg?v=639029685502970000,Vinos Y Espumantes,Vino blanco,https://www.unimarc.cl/category/bebidas-y-licores/vinos-y-espumantes/vino-blanco,https://www.unimarc.cl/_next/data/0ucQ92dO_m9T9joH0FjVV/category/bebidas-y-licores/vinos-y-espumantes/vino-blanco.json?page=2&categories=bebidas-y-licores&categories=vinos-y-espumantes&categories=vino-blanco,2026-02-18T12:45:30
12941,Vino Arboleda chardonnay 750 cc,Arboleda,1 un,litro,17190,17190,,False,,$22.920 x litro,$22.920 x litro,https://www.unimarc.cl/vino-chard-arboleda-750-cc-bot/p,https://unimarc.vtexassets.com/arquivos/ids/234380/000000000000547669-UN-01.jpg?v=638246929320730000,Vinos Y Espumantes,Vino blanco,https://www.unimarc.cl/category/bebidas-y-licores/vinos-y-espumantes/vino-blanco,https://www.unimarc.cl/_next/data/0ucQ92dO_m9T9joH0FjVV/category/bebidas-y-licores/vinos-y-espumantes/vino-blanco.json?page=2&categories=bebidas-y-licores&categories=vinos-y-espumantes&categories=vino-blanco,2026-02-18T12:45:30
40667,Vino Cousino Macul reserva chardonnay 750 cc,Cousino Macul,1 un,litro,13590,13590,,False,,$18.120 x litro,$18.120 x litro,https://www.unimarc.cl/vino-chard-res-c-macul-750cc-bot/p,https://unimarc.vtexassets.com/arquivos/ids/249096/000000000000009194-UN-01.jpg?v=638841534495200000,Vinos Y Espumantes,Vino blanco,https://www.unimarc.cl/category/bebidas-y-licores/vinos-y-espumantes/vino-blanco,https://www.unimarc.cl/_next/data/0ucQ92dO_m9T9joH0FjVV/category/bebidas-y-licores/vinos-y-espumantes/vino-blanco.json?page=2&categories=bebidas-y-licores&categories=vinos-y-espumantes&categories=vino-blanco,2026-02-18T12:45:30
3048,Vino Las Encinas sauvignon blanc 750 cc,Las Encinas,1 un,litro,6890,6890,,False,,$9.187 x litro,$9.187 x litro,https://www.unimarc.cl/vino-bco-seco-las-encinas-750-cc-bot/p,https://unimarc.vtexassets.com/arquivos/ids/248537/000000000000009441-UN-01.jpg.jpg?v=638815557500300000,Vinos Y Espumantes,Vino blanco,https://www.unimarc.cl/category/bebidas-y-licores/vinos-y-espumantes/vino-blanco,https://www.unimarc.cl/_next/data/0ucQ92dO_m9T9joH0FjVV/category/bebidas-y-licores/vinos-y-espumantes/vino-blanco.json?page=2&categories=bebidas-y-licores&categories=vinos-y-espumantes&categories=vino-blanco,2026-02-18T12:45:30
14801,Vino Casas del Bosque pequeñas producciones Sauv.Blanc,Casas Del Bosque,1 un,litro,25290,25290,,False,,$33.720 x litro,$33.720 x litro,https://www.unimarc.cl/vino-sauv-p-pr-c-bosque-750ccbot/p,https://unimarc.vtexassets.com/arquivos/ids/173469/000000000000627856-UN.jpg?v=636632971377030000,Vinos Y Espumantes,Vino blanco,https://www.unimarc.cl/category/bebidas-y-licores/vinos-y-espumantes/vino-blanco,https://www.unimarc.cl/_next/data/0ucQ92dO_m9T9joH0FjVV/category/bebidas-y-licores/vinos-y-espumantes/vino-blanco.json?page=2&categories=bebidas-y-licores&categories=vinos-y-espumantes&categories=vino-blanco,2026-02-18T12:45:30
1650,Vino Santa Ema gran reserva sauvignon blanc 750 cc,Sta Ema,1 un,litro,11550,11550,,False,,$15.400 x litro,$15.400 x litro,https://www.unimarc.cl/vino-sauv-res-sta-ema-750cc-bot/p,https://unimarc.vtexassets.com/arquivos/ids/210940/000000000000896726-UN-01.jpg?v=637521144868800000,Vinos Y Espumantes,Vino blanco,https://www.unimarc.cl/category/bebidas-y-licores/vinos-y-espumantes/vino-blanco,https://www.unimarc.cl/_next/data/0ucQ92dO_m9T9joH0FjVV/category/bebidas-y-licores/vinos-y-espumantes/vino-blanco.json?page=2&categories=bebidas-y-licores&categories=vinos-y-espumantes&categories=vino-blanco,2026-02-18T12:45:30
89139,Vino Veramonte sauvignon blanc gran reserva orgánico botella 750 ml,Veramonte,1 un,litro,9990,9990,,False,,$13.320 x litro,$13.320 x litro,https://www.unimarc.cl/vino-s-bco-g-res-org-veramonte-750cc-bot/p,https://unimarc.vtexassets.com/arquivos/ids/244101/000000000000670998-UN-01.jpg?v=638617617695900000,Vinos Y Espumantes,Vino blanco,https://www.unimarc.cl/category/bebidas-y-licores/vinos-y-espumantes/vino-blanco,https://www.unimarc.cl/_next/data/0ucQ92dO_m9T9joH0FjVV/category/bebidas-y-licores/vinos-y-espumantes/vino-blanco.json?page=2&categories=bebidas-y-licores&categories=vinos-y-espumantes&categories=vino-blanco,2026-02-18T12:45:30
86987,Vino Sinzero chardonnay botella 750 cc,Sinzero,1 un,litro,7490,7490,,False,,$9.987 x litro,$9.987 x litro,https://www.unimarc.cl/vino-chardonnay-sinzero-750-cc-bot/p,https://unimarc.vtexassets.com/arquivos/ids/238581/000000000000667674-UN-01.jpg?v=638488751943130000,Vinos Y Espumantes,Vino blanco,https://www.unimarc.cl/category/bebidas-y-licores/vinos-y-espumantes/vino-blanco,https://www.unimarc.cl/_next/data/0ucQ92dO_m9T9joH0FjVV/category/bebidas-y-licores/vinos-y-espumantes/vino-blanco.json?page=2&categories=bebidas-y-licores&categories=vinos-y-espumantes&categories=vino-blanco,2026-02-18T12:45:30
14872,Vino Apaltagua reserva chardonnay 750 cc,Apaltagua,1 un,litro,7450,7450,,False,,$9.933 x litro,$9.933 x litro,https://www.unimarc.cl/vino-chard-res-apaltagua-750-cc-bot/p,https://unimarc.vtexassets.com/arquivos/ids/248519/000000000000887640-UN-01.jpg.jpg?v=638815538953900000,Vinos Y Espumantes,Vino blanco,https://www.unimarc.cl/category/bebidas-y-licores/vinos-y-espumantes/vino-blanco,https://www.unimarc.cl/_next/data/0ucQ92dO_m9T9joH0FjVV/category/bebidas-y-licores/vinos-y-espumantes/vino-blanco.json?page=2&categories=bebidas-y-licores&categories=vinos-y-espumantes&categories=vino-blanco,2026-02-18T12:45:30
956,Vino Jbouchon sauvignon blanc 750 cc,Jbouchon,1 un,litro,7350,7350,,False,,$9.800 x litro,$9.800 x litro,https://www.unimarc.cl/vino-sauvblanc-jbouchon-750ccbot/p,https://unimarc.vtexassets.com/arquivos/ids/162466/333533.jpg?v=636493055483000000,Vinos Y Espumantes,Vino blanco,https://www.unimarc.cl/category/bebidas-y-licores/vinos-y-espumantes/vino-blanco,https://www.unimarc.cl/_next/data/0ucQ92dO_m9T9joH0FjVV/category/bebidas-y-licores/vinos-y-espumantes/vino-blanco.json?page=2&categories=bebidas-y-licores&categories=vinos-y-espumantes&categories=vino-blanco,2026-02-18T12:45:30
62642,Vino Leyda sauvignon blanc 375 cc,Leyda,1 un,litro,4990,4990,,False,,$13.307 x litro,$13.307 x litro,https://www.unimarc.cl/vino-sauv-blanc-leyda-375-cc-bot/p,https://unimarc.vtexassets.com/arquivos/ids/248540/000000000000553134-UN-01.jpg?v=638815558069500000,Vinos Y Espumantes,Vino blanco,https://www.unimarc.cl/category/bebidas-y-licores/vinos-y-espumantes/vino-blanco,https://www.unimarc.cl/_next/data/0ucQ92dO_m9T9joH0FjVV/category/bebidas-y-licores/vinos-y-espumantes/vino-blanco.json?page=2&categories=bebidas-y-licores&categories=vinos-y-espumantes&categories=vino-blanco,2026-02-18T12:45:30
18799,Vino Leyda reserva chardonnay botella 750 cc,Leyda,1 un,litro,7990,7990,,False,,$10.653 x litro,$10.653 x litro,https://www.unimarc.cl/vino-leyda-res-chardonnay-classic-750-ml/p,https://unimarc.vtexassets.com/arquivos/ids/232211/000000000000501208-UN-01.jpg?v=638139060578700000,Vinos Y Espumantes,Vino blanco,https://www.unimarc.cl/category/bebidas-y-licores/vinos-y-espumantes/vino-blanco,https://www.unimarc.cl/_next/data/0ucQ92dO_m9T9joH0FjVV/category/bebidas-y-licores/vinos-y-espumantes/vino-blanco.json?page=2&categories=bebidas-y-licores&categories=vinos-y-espumantes&categories=vino-blanco,2026-02-18T12:45:30
34183,Vino blanco Bodega Uno caja 2 L,Bodega Uno,1 un,litro,3990,4790,3990,True,Ahorras $800,$1.995 x litro,$2.395 x litro,https://www.unimarc.cl/vino-bco-bodega-uno-2-lt-caja/p,https://unimarc.vtexassets.com/arquivos/ids/189755/Vino-blanco-Bodega-Uno-caja-2-L-1-5671.jpg?v=637109958240130000,Vinos Y Espumantes,Vino caja,https://www.unimarc.cl/category/bebidas-y-licores/vinos-y-espumantes/vino-caja,https://www.unimarc.cl/_next/data/0ucQ92dO_m9T9joH0FjVV/category/bebidas-y-licores/vinos-y-espumantes/vino-caja.json?categories=bebidas-y-licores&categories=vinos-y-espumantes&categories=vino-caja,2026-02-18T12:45:37
15563,Vino tinto Bodega Uno caja 2 L,Bodega Uno,1 un,litro,3990,4790,3990,True,Ahorras $800,$1.995 x litro,$2.395 x litro,https://www.unimarc.cl/vino-tto-bodega-uno-2-lt-caja/p,https://unimarc.vtexassets.com/arquivos/ids/172834/000000000000180030-UN-01.jpg?v=636615646394300000,Vinos Y Espumantes,Vino caja,https://www.unimarc.cl/category/bebidas-y-licores/vinos-y-espumantes/vino-caja,https://www.unimarc.cl/_next/data/0ucQ92dO_m9T9joH0FjVV/category/bebidas-y-licores/vinos-y-espumantes/vino-caja.json?categories=bebidas-y-licores&categories=vinos-y-espumantes&categories=vino-caja,2026-02-18T12:45:37
3747,Vino blanco Santa Helena tetra 2 L,Santa Helena,1 un,litro,4050,4550,4050,True,Ahorras $500,$2.025 x litro,$2.275 x litro,https://www.unimarc.cl/vino-bco-sta-helena-2-lt-caja/p,https://unimarc.vtexassets.com/arquivos/ids/232190/000000000000139922-UN-01.jpg?v=638138865943530000,Vinos Y Espumantes,Vino caja,https://www.unimarc.cl/category/bebidas-y-licores/vinos-y-espumantes/vino-caja,https://www.unimarc.cl/_next/data/0ucQ92dO_m9T9joH0FjVV/category/bebidas-y-licores/vinos-y-espumantes/vino-caja.json?categories=bebidas-y-licores&categories=vinos-y-espumantes&categories=vino-caja,2026-02-18T12:45:37
37900,Vino blanco Exportación caja 1 L,Exportacion,1 un,litro,2650,2950,2650,True,Ahorras $300,$2.650 x litro,$2.950 x litro,https://www.unimarc.cl/vino-bco-exportacion-1lt-caja/p,https://unimarc.vtexassets.com/arquivos/ids/203914/000000000000627297-UN-01.jpg?v=637397044805600000,Vinos Y Espumantes,Vino caja,https://www.unimarc.cl/category/bebidas-y-licores/vinos-y-espumantes/vino-caja,https://www.unimarc.cl/_next/data/0ucQ92dO_m9T9joH0FjVV/category/bebidas-y-licores/vinos-y-espumantes/vino-caja.json?categories=bebidas-y-licores&categories=vinos-y-espumantes&categories=vino-caja,2026-02-18T12:45:37
53951,Vino blanco Santa Helena tetra 1 L,Santa Helena,1 un,litro,2650,3290,2650,True,Ahorras $640,$2.650 x litro,$3.290 x litro,https://www.unimarc.cl/vino-bco-sta-helena-1-lt-caja/p,https://unimarc.vtexassets.com/arquivos/ids/189855/000000000000031356-UN-01.png?v=637115118892530000,Vinos Y Espumantes,Vino caja,https://www.unimarc.cl/category/bebidas-y-licores/vinos-y-espumantes/vino-caja,https://www.unimarc.cl/_next/data/0ucQ92dO_m9T9joH0FjVV/category/bebidas-y-licores/vinos-y-espumantes/vino-caja.json?categories=bebidas-y-licores&categories=vinos-y-espumantes&categories=vino-caja,2026-02-18T12:45:37
15927,Vino Tinto Exportacion 500Cc Caja,Exportacion,1 un,litro,1190,1490,1190,True,Ahorras $300,$2.380 x litro,$2.980 x litro,https://www.unimarc.cl/vino-tto-exportacion-500cc-caja/p,https://unimarc.vtexassets.com/arquivos/ids/203906/000000000000627292-UN-01.jpg?v=637397038259870000,Vinos Y Espumantes,Vino caja,https://www.unimarc.cl/category/bebidas-y-licores/vinos-y-espumantes/vino-caja,https://www.unimarc.cl/_next/data/0ucQ92dO_m9T9joH0FjVV/category/bebidas-y-licores/vinos-y-espumantes/vino-caja.json?categories=bebidas-y-licores&categories=vinos-y-espumantes&categories=vino-caja,2026-02-18T12:45:37
12894,Vino Clos de Pirque Merlot tetra 2 L,Clos De Pirque,1 un,litro,4430,5150,4430,True,Ahorras $720,$2.215 x litro,$2.575 x litro,https://www.unimarc.cl/vino-mer-c-pirque-2-lt-caja/p,https://unimarc.vtexassets.com/arquivos/ids/203151/000000000000155391-UN-01.jpg?v=637388513128030000,Vinos Y Espumantes,Vino caja,https://www.unimarc.cl/category/bebidas-y-licores/vinos-y-espumantes/vino-caja,https://www.unimarc.cl/_next/data/0ucQ92dO_m9T9joH0FjVV/category/bebidas-y-licores/vinos-y-espumantes/vino-caja.json?categories=bebidas-y-licores&categories=vinos-y-espumantes&categories=vino-caja,2026-02-18T12:45:37
523,Vino tinto Santa Helena tetra 2 L,Santa Helena,1 un,litro,4490,4550,4490,True,Ahorras $60,$2.245 x litro,$2.275 x litro,https://www.unimarc.cl/vino-santa-helena-tinto-2-l/p,https://unimarc.vtexassets.com/arquivos/ids/232189/000000000000139890-UN-01.jpg?v=638138865133170000,Vinos Y Espumantes,Vino caja,https://www.unimarc.cl/category/bebidas-y-licores/vinos-y-espumantes/vino-caja,https://www.unimarc.cl/_next/data/0ucQ92dO_m9T9joH0FjVV/category/bebidas-y-licores/vinos-y-espumantes/vino-caja.json?categories=bebidas-y-licores&categories=vinos-y-espumantes&categories=vino-caja,2026-02-18T12:45:37
76,Vino Clos De Pirque sauvignon blanc tetra 2 L,Clos De Pirque,1 un,litro,4430,5150,4430,True,Ahorras $720,$2.215 x litro,$2.575 x litro,https://www.unimarc.cl/vino-clos-de-pirque-sauvignon-blanc-tetra-2-l/p,https://unimarc.vtexassets.com/arquivos/ids/203884/000000000000009338-UN-01.jpg?v=637397016147930000,Vinos Y Espumantes,Vino caja,https://www.unimarc.cl/category/bebidas-y-licores/vinos-y-espumantes/vino-caja,https://www.unimarc.cl/_next/data/0ucQ92dO_m9T9joH0FjVV/category/bebidas-y-licores/vinos-y-espumantes/vino-caja.json?categories=bebidas-y-licores&categories=vinos-y-espumantes&categories=vino-caja,2026-02-18T12:45:37
15928,Vino Tinto Exportacion 1 Lt Caja,Exportacion,1 un,litro,2650,2950,2650,True,Ahorras $300,$2.650 x litro,$2.950 x litro,https://www.unimarc.cl/vino-tto-exportacion-1lt-caja/p,https://unimarc.vtexassets.com/arquivos/ids/203907/000000000000627293-UN-01.jpg?v=637397039607630000,Vinos Y Espumantes,Vino caja,https://www.unimarc.cl/category/bebidas-y-licores/vinos-y-espumantes/vino-caja,https://www.unimarc.cl/_next/data/0ucQ92dO_m9T9joH0FjVV/category/bebidas-y-licores/vinos-y-espumantes/vino-caja.json?categories=bebidas-y-licores&categories=vinos-y-espumantes&categories=vino-caja,2026-02-18T12:45:37
75,Vino Clos De Pirque cabernet sauvignon tetra 2 L,Clos De Pirque,1 un,litro,4430,5150,4430,True,Ahorras $720,$2.215 x litro,$2.575 x litro,https://www.unimarc.cl/vino-clos-de-pirque-cabernet-sauvignon-tetra-2-l/p,https://unimarc.vtexassets.com/arquivos/ids/203888/000000000000009336-UN-01.jpg?v=637397019566630000,Vinos Y Espumantes,Vino caja,https://www.unimarc.cl/category/bebidas-y-licores/vinos-y-espumantes/vino-caja,https://www.unimarc.cl/_next/data/0ucQ92dO_m9T9joH0FjVV/category/bebidas-y-licores/vinos-y-espumantes/vino-caja.json?categories=bebidas-y-licores&categories=vinos-y-espumantes&categories=vino-caja,2026-02-18T12:45:37
89332,Vino Santa Helena rosé caja 2 L,Santa Helena,1 un,litro,4490,4550,4490,True,Ahorras $60,$2.245 x litro,$2.275 x litro,https://www.unimarc.cl/vino-rose-santa-helena-2-lt-caja/p,https://unimarc.vtexassets.com/arquivos/ids/244623/000000000000671748-UN-01.jpg?v=638641667491200000,Vinos Y Espumantes,Vino caja,https://www.unimarc.cl/category/bebidas-y-licores/vinos-y-espumantes/vino-caja,https://www.unimarc.cl/_next/data/0ucQ92dO_m9T9joH0FjVV/category/bebidas-y-licores/vinos-y-espumantes/vino-caja.json?categories=bebidas-y-licores&categories=vinos-y-espumantes&categories=vino-caja,2026-02-18T12:45:37
707,Vino blanco Santa Rita 120 caja 500 cc,Santa Rita,1 un,litro,1890,1890,,False,,$3.780 x litro,$3.780 x litro,https://www.unimarc.cl/vino-bco-120-sta-rita-500cc-caja/p,https://unimarc.vtexassets.com/arquivos/ids/239360/000000000000180019-UN-01.jpg?v=638509541079670000,Vinos Y Espumantes,Vino caja,https://www.unimarc.cl/category/bebidas-y-licores/vinos-y-espumantes/vino-caja,https://www.unimarc.cl/_next/data/0ucQ92dO_m9T9joH0FjVV/category/bebidas-y-licores/vinos-y-espumantes/vino-caja.json?categories=bebidas-y-licores&categories=vinos-y-espumantes&categories=vino-caja,2026-02-18T12:45:37
3364,Vino Gato cabernet sauvignon tetra 2 L,Gato,1 un,litro,6290,6290,,False,,$3.145 x litro,$3.145 x litro,https://www.unimarc.cl/vino-tto-gato-2-lt-caja/p,https://unimarc.vtexassets.com/arquivos/ids/232185/000000000000031221-UN-01.jpg?v=638138859506230000,Vinos Y Espumantes,Vino caja,https://www.unimarc.cl/category/bebidas-y-licores/vinos-y-espumantes/vino-caja,https://www.unimarc.cl/_next/data/0ucQ92dO_m9T9joH0FjVV/category/bebidas-y-licores/vinos-y-espumantes/vino-caja.json?categories=bebidas-y-licores&categories=vinos-y-espumantes&categories=vino-caja,2026-02-18T12:45:37
229,Vino blanco Gato tetra 2 L,Gato,1 un,litro,6290,6290,,False,,$3.145 x litro,$3.145 x litro,https://www.unimarc.cl/vino-gato-blanco-tetra-2-l/p,https://unimarc.vtexassets.com/arquivos/ids/232186/000000000000031222-UN-01.jpg?v=638138860376530000,Vinos Y Espumantes,Vino caja,https://www.unimarc.cl/category/bebidas-y-licores/vinos-y-espumantes/vino-caja,https://www.unimarc.cl/_next/data/0ucQ92dO_m9T9joH0FjVV/category/bebidas-y-licores/vinos-y-espumantes/vino-caja.json?categories=bebidas-y-licores&categories=vinos-y-espumantes&categories=vino-caja,2026-02-18T12:45:37
12751,Vino blanco Gato caja 500 cc,Gato,1 un,litro,1850,1850,,False,,$3.700 x litro,$3.700 x litro,https://www.unimarc.cl/vino-bco-gato-500-cc-caja/p,https://unimarc.vtexassets.com/arquivos/ids/232188/000000000000134129-UN-01.jpg?v=638138864074030000,Vinos Y Espumantes,Vino caja,https://www.unimarc.cl/category/bebidas-y-licores/vinos-y-espumantes/vino-caja,https://www.unimarc.cl/_next/data/0ucQ92dO_m9T9joH0FjVV/category/bebidas-y-licores/vinos-y-espumantes/vino-caja.json?categories=bebidas-y-licores&categories=vinos-y-espumantes&categories=vino-caja,2026-02-18T12:45:37
16323,Vino blanco Gato tetra 1 L,Gato,1 un,litro,3990,3990,,False,,$3.990 x litro,$3.990 x litro,https://www.unimarc.cl/vino-gato-blanco-tetra-1-l/p,https://unimarc.vtexassets.com/arquivos/ids/232183/000000000000009451-UN-01.jpg?v=638138856935000000,Vinos Y Espumantes,Vino caja,https://www.unimarc.cl/category/bebidas-y-licores/vinos-y-espumantes/vino-caja,https://www.unimarc.cl/_next/data/0ucQ92dO_m9T9joH0FjVV/category/bebidas-y-licores/vinos-y-espumantes/vino-caja.json?categories=bebidas-y-licores&categories=vinos-y-espumantes&categories=vino-caja,2026-02-18T12:45:37
3713,Vino Gato cabernet sauvignon tetra 500 cc,Gato,1 un,litro,1850,1850,,False,,$3.700 x litro,$3.700 x litro,https://www.unimarc.cl/vino-tto-gato-500-cc-caja/p,https://unimarc.vtexassets.com/arquivos/ids/232187/000000000000134127-UN-01.jpg?v=638138862772070000,Vinos Y Espumantes,Vino caja,https://www.unimarc.cl/category/bebidas-y-licores/vinos-y-espumantes/vino-caja,https://www.unimarc.cl/_next/data/0ucQ92dO_m9T9joH0FjVV/category/bebidas-y-licores/vinos-y-espumantes/vino-caja.json?categories=bebidas-y-licores&categories=vinos-y-espumantes&categories=vino-caja,2026-02-18T12:45:37
37901,Vino Exportación blanco caja 2 L,Exportacion,1 un,litro,4590,4590,,False,,$2.295 x litro,$2.295 x litro,https://www.unimarc.cl/vino-bco-exportacion-2lt-caja/p,https://unimarc.vtexassets.com/arquivos/ids/203917/000000000000627299-UN-01.jpg?v=637397048404530000,Vinos Y Espumantes,Vino caja,https://www.unimarc.cl/category/bebidas-y-licores/vinos-y-espumantes/vino-caja,https://www.unimarc.cl/_next/data/0ucQ92dO_m9T9joH0FjVV/category/bebidas-y-licores/vinos-y-espumantes/vino-caja.json?categories=bebidas-y-licores&categories=vinos-y-espumantes&categories=vino-caja,2026-02-18T12:45:37
15929,Vino tinto Exportación caja 2 L,Exportacion,1 un,litro,4590,4590,,False,,$2.295 x litro,$2.295 x litro,https://www.unimarc.cl/vino-tto-exportacion-2lt-caja/p,https://unimarc.vtexassets.com/arquivos/ids/203910/000000000000627295-UN-01.jpg?v=637397042192100000,Vinos Y Espumantes,Vino caja,https://www.unimarc.cl/category/bebidas-y-licores/vinos-y-espumantes/vino-caja,https://www.unimarc.cl/_next/data/0ucQ92dO_m9T9joH0FjVV/category/bebidas-y-licores/vinos-y-espumantes/vino-caja.json?categories=bebidas-y-licores&categories=vinos-y-espumantes&categories=vino-caja,2026-02-18T12:45:37
33123,Vino tinto Gato caja 1 L,Gato,1 un,litro,3990,3990,,False,,$3.990 x litro,$3.990 x litro,https://www.unimarc.cl/vino-tto-gato-1-lt-caja/p,https://unimarc.vtexassets.com/arquivos/ids/232184/000000000000009452-UN-01.jpg?v=638138858407000000,Vinos Y Espumantes,Vino caja,https://www.unimarc.cl/category/bebidas-y-licores/vinos-y-espumantes/vino-caja,https://www.unimarc.cl/_next/data/0ucQ92dO_m9T9joH0FjVV/category/bebidas-y-licores/vinos-y-espumantes/vino-caja.json?categories=bebidas-y-licores&categories=vinos-y-espumantes&categories=vino-caja,2026-02-18T12:45:37
62485,Vino blanco Santa Rita 120 caja 2 L,Santa Rita,1 un,litro,5490,5490,,False,,$2.745 x litro,$2.745 x litro,https://www.unimarc.cl/vino-blanco-120-sta-rita-2-lt-caja/p,https://unimarc.vtexassets.com/arquivos/ids/239677/000000000000180017-UN-01.jpg?v=638514736020170000,Vinos Y Espumantes,Vino caja,https://www.unimarc.cl/category/bebidas-y-licores/vinos-y-espumantes/vino-caja,https://www.unimarc.cl/_next/data/0ucQ92dO_m9T9joH0FjVV/category/bebidas-y-licores/vinos-y-espumantes/vino-caja.json?categories=bebidas-y-licores&categories=vinos-y-espumantes&categories=vino-caja,2026-02-18T12:45:37
33115,Vino tinto Clos de Pirque caja 1 L,Clos De Pirque,1 un,litro,3590,3590,,False,,$3.590 x litro,$3.590 x litro,https://www.unimarc.cl/vino-tto-clos-de-pirque-1lt-caja/p,https://unimarc.vtexassets.com/arquivos/ids/203886/000000000000009334-UN-01.jpg?v=637397017697400000,Vinos Y Espumantes,Vino caja,https://www.unimarc.cl/category/bebidas-y-licores/vinos-y-espumantes/vino-caja,https://www.unimarc.cl/_next/data/0ucQ92dO_m9T9joH0FjVV/category/bebidas-y-licores/vinos-y-espumantes/vino-caja.json?categories=bebidas-y-licores&categories=vinos-y-espumantes&categories=vino-caja,2026-02-18T12:45:37
15561,Vino tinto Santa Rita 120 caja 2 L,Santa Rita,1 un,litro,5490,5490,,False,,$2.745 x litro,$2.745 x litro,https://www.unimarc.cl/vino-tto-120-sta-rita-2-lt-caja/p,https://unimarc.vtexassets.com/arquivos/ids/239676/000000000000180016-UN-01.jpg?v=638514735694330000,Vinos Y Espumantes,Vino caja,https://www.unimarc.cl/category/bebidas-y-licores/vinos-y-espumantes/vino-caja,https://www.unimarc.cl/_next/data/0ucQ92dO_m9T9joH0FjVV/category/bebidas-y-licores/vinos-y-espumantes/vino-caja.json?categories=bebidas-y-licores&categories=vinos-y-espumantes&categories=vino-caja,2026-02-18T12:45:37
34421,Vino blanco Clos de Pirque tetra 500 cc,Clos De Pirque,1 un,litro,1790,1790,,False,,$3.580 x litro,$3.580 x litro,https://www.unimarc.cl/vino-bco-c-pirque-500-cc-caja/p,https://unimarc.vtexassets.com/arquivos/ids/203881/000000000000195925-UN-01.jpg?v=637397013548200000,Vinos Y Espumantes,Vino caja,https://www.unimarc.cl/category/bebidas-y-licores/vinos-y-espumantes/vino-caja,https://www.unimarc.cl/_next/data/0ucQ92dO_m9T9joH0FjVV/category/bebidas-y-licores/vinos-y-espumantes/vino-caja.json?categories=bebidas-y-licores&categories=vinos-y-espumantes&categories=vino-caja,2026-02-18T12:45:37
4287,Vino blanco Bodega Uno tetra 1 L,Bodega Uno,1 un,litro,2990,2990,,False,,$2.990 x litro,$2.990 x litro,https://www.unimarc.cl/vino-bco-bodega-uno-1-lt-caja/p,https://unimarc.vtexassets.com/arquivos/ids/243981/000000000000180027-UN-01.jpg?v=638635581992700000,Vinos Y Espumantes,Vino caja,https://www.unimarc.cl/category/bebidas-y-licores/vinos-y-espumantes/vino-caja,https://www.unimarc.cl/_next/data/0ucQ92dO_m9T9joH0FjVV/category/bebidas-y-licores/vinos-y-espumantes/vino-caja.json?categories=bebidas-y-licores&categories=vinos-y-espumantes&categories=vino-caja,2026-02-18T12:45:37
34422,Vino Clos de Pirque tinto caja 500 cc,Clos De Pirque,1 un,litro,1790,1790,,False,,$3.580 x litro,$3.580 x litro,https://www.unimarc.cl/vino-tto-c-pirque-500-cc-caja/p,https://unimarc.vtexassets.com/arquivos/ids/203885/000000000000195926-UN-01.jpg?v=637397016990200000,Vinos Y Espumantes,Vino caja,https://www.unimarc.cl/category/bebidas-y-licores/vinos-y-espumantes/vino-caja,https://www.unimarc.cl/_next/data/0ucQ92dO_m9T9joH0FjVV/category/bebidas-y-licores/vinos-y-espumantes/vino-caja.json?categories=bebidas-y-licores&categories=vinos-y-espumantes&categories=vino-caja,2026-02-18T12:45:37
15531,Vino blanco Tocornal Caja 2 L,Tocornal,1 un,litro,4590,4590,,False,,$2.295 x litro,$2.295 x litro,https://www.unimarc.cl/vino-bco-tocornal-2-lt-caja/p,https://unimarc.vtexassets.com/arquivos/ids/203127/000000000000133062-UN-01.jpg?v=637388470420000000,Vinos Y Espumantes,Vino caja,https://www.unimarc.cl/category/bebidas-y-licores/vinos-y-espumantes/vino-caja,https://www.unimarc.cl/_next/data/0ucQ92dO_m9T9joH0FjVV/category/bebidas-y-licores/vinos-y-espumantes/vino-caja.json?categories=bebidas-y-licores&categories=vinos-y-espumantes&categories=vino-caja,2026-02-18T12:45:37
602,Espumante Viñamar brut 750 cc,Viña Mar,1 un,litro,6190,7390,6190,True,Ahorras $1.200,$8.253 x litro,$9.853 x litro,https://www.unimarc.cl/champagne-brut-750-cc/p,https://unimarc.vtexassets.com/arquivos/ids/232196/000000000000165520-UN-01.jpg?v=638139034357370000,Vinos Y Espumantes,Espumantes,https://www.unimarc.cl/category/bebidas-y-licores/vinos-y-espumantes/espumantes,https://www.unimarc.cl/_next/data/0ucQ92dO_m9T9joH0FjVV/category/bebidas-y-licores/vinos-y-espumantes/espumantes.json?categories=bebidas-y-licores&categories=vinos-y-espumantes&categories=espumantes,2026-02-18T12:45:45
78581,Espumante moscato Opera Prima blue botella 750 cc,Opera Prima,1 un,litro,6750,6750,,False,,$9.000 x litro,$9.000 x litro,https://www.unimarc.cl/espum-moscato-opera-prima-blue-750ml-bot/p,https://unimarc.vtexassets.com/arquivos/ids/220561/000000000000652499-UN-01.jpg?v=637687037227270000,Vinos Y Espumantes,Espumantes,https://www.unimarc.cl/category/bebidas-y-licores/vinos-y-espumantes/espumantes,https://www.unimarc.cl/_next/data/0ucQ92dO_m9T9joH0FjVV/category/bebidas-y-licores/vinos-y-espumantes/espumantes.json?categories=bebidas-y-licores&categories=vinos-y-espumantes&categories=espumantes,2026-02-18T12:45:45
78566,Espumante moscato Opera Prima pink botella 750 cc,Opera Prima,1 un,litro,6750,6750,,False,,$9.000 x litro,$9.000 x litro,https://www.unimarc.cl/espum-moscato-opera-prima-pink-750ml-bot/p,https://unimarc.vtexassets.com/arquivos/ids/220560/000000000000652498-UN-01.jpg?v=637687034775730000,Vinos Y Espumantes,Espumantes,https://www.unimarc.cl/category/bebidas-y-licores/vinos-y-espumantes/espumantes,https://www.unimarc.cl/_next/data/0ucQ92dO_m9T9joH0FjVV/category/bebidas-y-licores/vinos-y-espumantes/espumantes.json?categories=bebidas-y-licores&categories=vinos-y-espumantes&categories=espumantes,2026-02-18T12:45:45
84341,Espumante Diva brut 750 cc,Diva,1 un,litro,5390,5390,,False,,$7.187 x litro,$7.187 x litro,https://www.unimarc.cl/espumante-brut-diva-750-cc-bot/p,https://unimarc.vtexassets.com/arquivos/ids/254543/000000000000663957-UN-01.jpg?v=639026430812970000,Vinos Y Espumantes,Espumantes,https://www.unimarc.cl/category/bebidas-y-licores/vinos-y-espumantes/espumantes,https://www.unimarc.cl/_next/data/0ucQ92dO_m9T9joH0FjVV/category/bebidas-y-licores/vinos-y-espumantes/espumantes.json?categories=bebidas-y-licores&categories=vinos-y-espumantes&categories=espumantes,2026-02-18T12:45:45
56595,Espumante Misiones de Rengo rosé 750 cc,Misiones De Rengo,1 un,litro,4790,6790,4790,True,Ahorras $2.000,$6.387 x litro,$9.053 x litro,https://www.unimarc.cl/espumante-rose-misiones-rengo-750-cc-bot/p,https://unimarc.vtexassets.com/arquivos/ids/229599/000000000000637136-UN-01.jpg?v=638000622937370000,Vinos Y Espumantes,Espumantes,https://www.unimarc.cl/category/bebidas-y-licores/vinos-y-espumantes/espumantes,https://www.unimarc.cl/_next/data/0ucQ92dO_m9T9joH0FjVV/category/bebidas-y-licores/vinos-y-espumantes/espumantes.json?categories=bebidas-y-licores&categories=vinos-y-espumantes&categories=espumantes,2026-02-18T12:45:45
84342,Espumante Diva moscato 750 cc,Diva,1 un,litro,5390,5390,,False,,$7.187 x litro,$7.187 x litro,https://www.unimarc.cl/espumante-moscato-diva-750-cc-bot/p,https://unimarc.vtexassets.com/arquivos/ids/232645/000000000000663959-UN-01.jpg?v=638170838467200000,Vinos Y Espumantes,Espumantes,https://www.unimarc.cl/category/bebidas-y-licores/vinos-y-espumantes/espumantes,https://www.unimarc.cl/_next/data/0ucQ92dO_m9T9joH0FjVV/category/bebidas-y-licores/vinos-y-espumantes/espumantes.json?categories=bebidas-y-licores&categories=vinos-y-espumantes&categories=espumantes,2026-02-18T12:45:45
1372,Espumante Misiones de Rengo brut 750 cc,Misiones De Rengo,1 un,litro,4790,6790,4790,True,Ahorras $2.000,$6.387 x litro,$9.053 x litro,https://www.unimarc.cl/vino-espumante-misiones-de-rengo-brut-750-ml/p,https://unimarc.vtexassets.com/arquivos/ids/232221/000000000000617380-UN-01.jpg?v=638139748576870000,Vinos Y Espumantes,Espumantes,https://www.unimarc.cl/category/bebidas-y-licores/vinos-y-espumantes/espumantes,https://www.unimarc.cl/_next/data/0ucQ92dO_m9T9joH0FjVV/category/bebidas-y-licores/vinos-y-espumantes/espumantes.json?categories=bebidas-y-licores&categories=vinos-y-espumantes&categories=espumantes,2026-02-18T12:45:45
34126,Ponche Ambassador piña botella 750 cc,Ambassador,1 un,litro,3650,5450,3650,True,Ahorras $1.800,$4.867 x litro,$7.267 x litro,https://www.unimarc.cl/ponche-pina-ambassador-750cc-bot/p,https://unimarc.vtexassets.com/arquivos/ids/218883/000000000000173322-UN-01.jpg?v=637647460420730000,Vinos Y Espumantes,Espumantes,https://www.unimarc.cl/category/bebidas-y-licores/vinos-y-espumantes/espumantes,https://www.unimarc.cl/_next/data/0ucQ92dO_m9T9joH0FjVV/category/bebidas-y-licores/vinos-y-espumantes/espumantes.json?categories=bebidas-y-licores&categories=vinos-y-espumantes&categories=espumantes,2026-02-18T12:45:45
89245,Espumante Diva demi sec botella 750 cc,Diva,1 un,litro,5390,5390,,False,,$7.187 x litro,$7.187 x litro,https://www.unimarc.cl/espumante-demi-sec-diva-750-cc-bot/p,https://unimarc.vtexassets.com/arquivos/ids/246439/000000000000663958-UN-01.jpg?v=638737717710400000,Vinos Y Espumantes,Espumantes,https://www.unimarc.cl/category/bebidas-y-licores/vinos-y-espumantes/espumantes,https://www.unimarc.cl/_next/data/0ucQ92dO_m9T9joH0FjVV/category/bebidas-y-licores/vinos-y-espumantes/espumantes.json?categories=bebidas-y-licores&categories=vinos-y-espumantes&categories=espumantes,2026-02-18T12:45:45
87111,Espumante Fresita blueberry 750 cc,Fresita,1 un,litro,5590,5590,,False,,$7.453 x litro,$7.453 x litro,https://www.unimarc.cl/espum-arand-y-frambuesa-fresita-750m-bot/p,https://unimarc.vtexassets.com/arquivos/ids/239037/000000000000668118-UN-01.jpg?v=638500822682600000,Vinos Y Espumantes,Espumantes,https://www.unimarc.cl/category/bebidas-y-licores/vinos-y-espumantes/espumantes,https://www.unimarc.cl/_next/data/0ucQ92dO_m9T9joH0FjVV/category/bebidas-y-licores/vinos-y-espumantes/espumantes.json?categories=bebidas-y-licores&categories=vinos-y-espumantes&categories=espumantes,2026-02-18T12:45:45
1449,Espumante Viñamar extra brut botella 750 cc,Viña Mar,1 un,litro,8190,9290,8190,True,Ahorras $1.100,$10.920 x litro,$12.387 x litro,https://www.unimarc.cl/vino-espumante-extra-brut-750-ml/p,https://unimarc.vtexassets.com/arquivos/ids/249162/000000000000690389-UN-01.jpg?v=638844885624100000,Vinos Y Espumantes,Espumantes,https://www.unimarc.cl/category/bebidas-y-licores/vinos-y-espumantes/espumantes,https://www.unimarc.cl/_next/data/0ucQ92dO_m9T9joH0FjVV/category/bebidas-y-licores/vinos-y-espumantes/espumantes.json?categories=bebidas-y-licores&categories=vinos-y-espumantes&categories=espumantes,2026-02-18T12:45:45
92959,Espumante Diablo Sparkling rosé 750 cc,Diablo,1 un,litro,6790,8190,6790,True,Ahorras $1.400,$9.053 x litro,$10.920 x litro,https://www.unimarc.cl/espumante-rose-spark-diablo-750-ml-bot/p,https://unimarc.vtexassets.com/arquivos/ids/251471/000000000000686880-UN-01.jpg?v=638936495844170000,Vinos Y Espumantes,Espumantes,https://www.unimarc.cl/category/bebidas-y-licores/vinos-y-espumantes/espumantes,https://www.unimarc.cl/_next/data/0ucQ92dO_m9T9joH0FjVV/category/bebidas-y-licores/vinos-y-espumantes/espumantes.json?categories=bebidas-y-licores&categories=vinos-y-espumantes&categories=espumantes,2026-02-18T12:45:45
62981,Espumante Misiones de Rengo moscato botella 750 cc,Misiones De Rengo,1 un,litro,4790,6790,4790,True,Ahorras $2.000,$6.387 x litro,$9.053 x litro,https://www.unimarc.cl/espumante-moscato-mis-rengo-750-cc-bot/p,https://unimarc.vtexassets.com/arquivos/ids/229600/000000000000637135-UN-01.jpg?v=638000624813800000,Vinos Y Espumantes,Espumantes,https://www.unimarc.cl/category/bebidas-y-licores/vinos-y-espumantes/espumantes,https://www.unimarc.cl/_next/data/0ucQ92dO_m9T9joH0FjVV/category/bebidas-y-licores/vinos-y-espumantes/espumantes.json?categories=bebidas-y-licores&categories=vinos-y-espumantes&categories=espumantes,2026-02-18T12:45:45
89957,Espumante Undurraga moscato sweet botella 750 cc,Undurraga,1 un,litro,4250,5290,4250,True,Ahorras $1.040,$5.667 x litro,$7.053 x litro,https://www.unimarc.cl/espum-moscato-u-sparkl-undurraga-750-bot/p,https://unimarc.vtexassets.com/arquivos/ids/245784/000000000000672069-UN-01.jpg?v=638690279868000000,Vinos Y Espumantes,Espumantes,https://www.unimarc.cl/category/bebidas-y-licores/vinos-y-espumantes/espumantes,https://www.unimarc.cl/_next/data/0ucQ92dO_m9T9joH0FjVV/category/bebidas-y-licores/vinos-y-espumantes/espumantes.json?categories=bebidas-y-licores&categories=vinos-y-espumantes&categories=espumantes,2026-02-18T12:45:45
12107,Espumante Misiones de Rengo demisec 750 cc,Misiones De Rengo,1 un,litro,4790,6790,4790,True,Ahorras $2.000,$6.387 x litro,$9.053 x litro,https://www.unimarc.cl/espum-demisec-m-rengo-750cc-bot/p,https://unimarc.vtexassets.com/arquivos/ids/229601/000000000000617381-UN-01.jpg?v=638000625591900000,Vinos Y Espumantes,Espumantes,https://www.unimarc.cl/category/bebidas-y-licores/vinos-y-espumantes/espumantes,https://www.unimarc.cl/_next/data/0ucQ92dO_m9T9joH0FjVV/category/bebidas-y-licores/vinos-y-espumantes/espumantes.json?categories=bebidas-y-licores&categories=vinos-y-espumantes&categories=espumantes,2026-02-18T12:45:45
14,Espumante Valdivieso brut 750 cc,Valdivieso,1 un,litro,6890,6890,,False,,$9.187 x litro,$9.187 x litro,https://www.unimarc.cl/champagne-valdivieso-brut-750-ml/p,https://unimarc.vtexassets.com/arquivos/ids/218888/000000000000005474-UN-01.jpg?v=637647463883870000,Vinos Y Espumantes,Espumantes,https://www.unimarc.cl/category/bebidas-y-licores/vinos-y-espumantes/espumantes,https://www.unimarc.cl/_next/data/0ucQ92dO_m9T9joH0FjVV/category/bebidas-y-licores/vinos-y-espumantes/espumantes.json?categories=bebidas-y-licores&categories=vinos-y-espumantes&categories=espumantes,2026-02-18T12:45:45
89956,Espumante Undurraga brut botella 750 cc,Undurraga,1 un,litro,4250,5290,4250,True,Ahorras $1.040,$5.667 x litro,$7.053 x litro,https://www.unimarc.cl/espum-brut-u-sparkling-undurraga-750-bot/p,https://unimarc.vtexassets.com/arquivos/ids/245783/000000000000672068-UN-01.jpg?v=638690279866130000,Vinos Y Espumantes,Espumantes,https://www.unimarc.cl/category/bebidas-y-licores/vinos-y-espumantes/espumantes,https://www.unimarc.cl/_next/data/0ucQ92dO_m9T9joH0FjVV/category/bebidas-y-licores/vinos-y-espumantes/espumantes.json?categories=bebidas-y-licores&categories=vinos-y-espumantes&categories=espumantes,2026-02-18T12:45:45
40580,Espumante Viñamar ice 750 cc,Viña Mar,1 un,litro,9990,12990,9990,True,Ahorras $3.000,$13.320 x litro,$17.320 x litro,https://www.unimarc.cl/espum-vina-mar-ice-750-cc-bot/p,https://unimarc.vtexassets.com/arquivos/ids/232224/000000000000631912-UN-01.jpg?v=638139762415600000,Vinos Y Espumantes,Espumantes,https://www.unimarc.cl/category/bebidas-y-licores/vinos-y-espumantes/espumantes,https://www.unimarc.cl/_next/data/0ucQ92dO_m9T9joH0FjVV/category/bebidas-y-licores/vinos-y-espumantes/espumantes.json?categories=bebidas-y-licores&categories=vinos-y-espumantes&categories=espumantes,2026-02-18T12:45:45
68935,Viñamar zero desalcoholizado botella 750 cc,Viña Mar,1 un,litro,7390,8990,7390,True,Ahorras $1.600,$9.853 x litro,$11.987 x litro,https://www.unimarc.cl/espumante-s-alcohol-vina-mar-zero-750-cc/p,https://unimarc.vtexassets.com/arquivos/ids/249140/000000000000645696-UN-01.jpg?v=638844875458970000,Vinos Y Espumantes,Espumantes,https://www.unimarc.cl/category/bebidas-y-licores/vinos-y-espumantes/espumantes,https://www.unimarc.cl/_next/data/0ucQ92dO_m9T9joH0FjVV/category/bebidas-y-licores/vinos-y-espumantes/espumantes.json?categories=bebidas-y-licores&categories=vinos-y-espumantes&categories=espumantes,2026-02-18T12:45:45
6989,Espumante Valdivieso brut rosé 750 cc,Valdivieso,1 un,litro,6750,8450,6750,True,Ahorras $1.700,$9.000 x litro,$11.267 x litro,https://www.unimarc.cl/espum-br-rose-ltd-vald-750cc-bot/p,https://unimarc.vtexassets.com/arquivos/ids/218880/000000000000940466-UN-01.jpg?v=637647458684570000,Vinos Y Espumantes,Espumantes,https://www.unimarc.cl/category/bebidas-y-licores/vinos-y-espumantes/espumantes,https://www.unimarc.cl/_next/data/0ucQ92dO_m9T9joH0FjVV/category/bebidas-y-licores/vinos-y-espumantes/espumantes.json?categories=bebidas-y-licores&categories=vinos-y-espumantes&categories=espumantes,2026-02-18T12:45:45
84266,Espumante Viñamar brut rosé 750 cc,Viña Mar,1 un,litro,6190,7390,6190,True,Ahorras $1.200,$8.253 x litro,$9.853 x litro,https://www.unimarc.cl/espumante-rose-brut-vinamar-750-cc-bot/p,https://unimarc.vtexassets.com/arquivos/ids/233137/000000000000664060-UN-01.jpg?v=638191748890800000,Vinos Y Espumantes,Espumantes,https://www.unimarc.cl/category/bebidas-y-licores/vinos-y-espumantes/espumantes,https://www.unimarc.cl/_next/data/0ucQ92dO_m9T9joH0FjVV/category/bebidas-y-licores/vinos-y-espumantes/espumantes.json?categories=bebidas-y-licores&categories=vinos-y-espumantes&categories=espumantes,2026-02-18T12:45:45
92958,Espumante Diablo Sparkling blanc 750 cc,Diablo,1 un,litro,6790,8190,6790,True,Ahorras $1.400,$9.053 x litro,$10.920 x litro,https://www.unimarc.cl/espumante-blanc-spark-diablo-750-ml-bot/p,https://unimarc.vtexassets.com/arquivos/ids/251470/000000000000686879-UN-01.jpg?v=638936495842100000,Vinos Y Espumantes,Espumantes,https://www.unimarc.cl/category/bebidas-y-licores/vinos-y-espumantes/espumantes,https://www.unimarc.cl/_next/data/0ucQ92dO_m9T9joH0FjVV/category/bebidas-y-licores/vinos-y-espumantes/espumantes.json?categories=bebidas-y-licores&categories=vinos-y-espumantes&categories=espumantes,2026-02-18T12:45:45
1700,Espumante Viñamar unique brut 750 cc,Viña Mar,1 un,litro,7390,8790,7390,True,Ahorras $1.400,$9.853 x litro,$11.720 x litro,https://www.unimarc.cl/espum-brut-unique-vina-mar-750-cc-bot/p,https://unimarc.vtexassets.com/arquivos/ids/249174/000000000000954859-UN-01.jpg?v=638844893041100000,Vinos Y Espumantes,Espumantes,https://www.unimarc.cl/category/bebidas-y-licores/vinos-y-espumantes/espumantes,https://www.unimarc.cl/_next/data/0ucQ92dO_m9T9joH0FjVV/category/bebidas-y-licores/vinos-y-espumantes/espumantes.json?categories=bebidas-y-licores&categories=vinos-y-espumantes&categories=espumantes,2026-02-18T12:45:45
1687,Espumante Valdivieso brut limited 750 cc,Valdivieso,1 un,litro,6750,8450,6750,True,Ahorras $1.700,$9.000 x litro,$11.267 x litro,https://www.unimarc.cl/vino-espumante-valdivieso-brut-limited-750-ml/p,https://unimarc.vtexassets.com/arquivos/ids/218879/000000000000940465-UN-01.jpg?v=637647458130370000,Vinos Y Espumantes,Espumantes,https://www.unimarc.cl/category/bebidas-y-licores/vinos-y-espumantes/espumantes,https://www.unimarc.cl/_next/data/0ucQ92dO_m9T9joH0FjVV/category/bebidas-y-licores/vinos-y-espumantes/espumantes.json?categories=bebidas-y-licores&categories=vinos-y-espumantes&categories=espumantes,2026-02-18T12:45:45
69312,Espumante Valdivieso extra brut limited botella 750 cc,Valdivieso,1 un,litro,7850,9750,7850,True,Ahorras $1.900,$10.467 x litro,$13.000 x litro,https://www.unimarc.cl/espum-ex-brut-lim-valdivieso-750cc-bot/p,https://unimarc.vtexassets.com/arquivos/ids/218882/000000000000645714-UN-01.jpg?v=637647459905830000,Vinos Y Espumantes,Espumantes,https://www.unimarc.cl/category/bebidas-y-licores/vinos-y-espumantes/espumantes,https://www.unimarc.cl/_next/data/0ucQ92dO_m9T9joH0FjVV/category/bebidas-y-licores/vinos-y-espumantes/espumantes.json?categories=bebidas-y-licores&categories=vinos-y-espumantes&categories=espumantes,2026-02-18T12:45:45
84247,Espumante Viñamar moscato botella 750 cc,Viña Mar,1 un,litro,6190,7390,6190,True,Ahorras $1.200,$8.253 x litro,$9.853 x litro,https://www.unimarc.cl/vino-moscatel-vina-mar-750-cc-bot/p,https://unimarc.vtexassets.com/arquivos/ids/233192/000000000000661935-UN-01.jpg?v=638192623992230000,Vinos Y Espumantes,Espumantes,https://www.unimarc.cl/category/bebidas-y-licores/vinos-y-espumantes/espumantes,https://www.unimarc.cl/_next/data/0ucQ92dO_m9T9joH0FjVV/category/bebidas-y-licores/vinos-y-espumantes/espumantes.json?categories=bebidas-y-licores&categories=vinos-y-espumantes&categories=espumantes,2026-02-18T12:45:45
4641,Espumante Viñamar demi sec 750 cc,Viña Mar,1 un,litro,6190,7390,6190,True,Ahorras $1.200,$8.253 x litro,$9.853 x litro,https://www.unimarc.cl/espum-demisec-vina-mar-750cc-bot/p,https://unimarc.vtexassets.com/arquivos/ids/232208/000000000000202219-UN-01.jpg?v=638139057422570000,Vinos Y Espumantes,Espumantes,https://www.unimarc.cl/category/bebidas-y-licores/vinos-y-espumantes/espumantes,https://www.unimarc.cl/_next/data/0ucQ92dO_m9T9joH0FjVV/category/bebidas-y-licores/vinos-y-espumantes/espumantes.json?categories=bebidas-y-licores&categories=vinos-y-espumantes&categories=espumantes,2026-02-18T12:45:45
60428,Espumante Undurraga sweet moscato botella 750 cc,Undurraga,1 un,litro,6690,6690,,False,,$8.920 x litro,$8.920 x litro,https://www.unimarc.cl/espumante-s-moscato-undurraga-750-cc-bot/p,https://unimarc.vtexassets.com/arquivos/ids/201727/000000000000638473-UN-01.jpg?v=637364058340300000,Vinos Y Espumantes,Espumantes,https://www.unimarc.cl/category/bebidas-y-licores/vinos-y-espumantes/espumantes,https://www.unimarc.cl/_next/data/0ucQ92dO_m9T9joH0FjVV/category/bebidas-y-licores/vinos-y-espumantes/espumantes.json?categories=bebidas-y-licores&categories=vinos-y-espumantes&categories=espumantes,2026-02-18T12:45:45
4923,Espumante Subercaseaux brut 750 cc,Subercaseaux,1 un,litro,5490,5490,,False,,$7.320 x litro,$7.320 x litro,https://www.unimarc.cl/espum-brut-suberc-750-cc-bot/p,https://unimarc.vtexassets.com/arquivos/ids/203902/000000000000282222-UN-01.jpg?v=637397035116630000,Vinos Y Espumantes,Espumantes,https://www.unimarc.cl/category/bebidas-y-licores/vinos-y-espumantes/espumantes,https://www.unimarc.cl/_next/data/0ucQ92dO_m9T9joH0FjVV/category/bebidas-y-licores/vinos-y-espumantes/espumantes.json?categories=bebidas-y-licores&categories=vinos-y-espumantes&categories=espumantes,2026-02-18T12:45:45
1453,Espumante Riccadonna asti 750 cc,Riccadonna,1 un,litro,14690,14690,,False,,$19.587 x litro,$19.587 x litro,https://www.unimarc.cl/espum-asti-riccadonna-750cc-bot/p,https://unimarc.vtexassets.com/arquivos/ids/233248/000000000000694354-UN-01.jpg?v=638194996711000000,Vinos Y Espumantes,Espumantes,https://www.unimarc.cl/category/bebidas-y-licores/vinos-y-espumantes/espumantes,https://www.unimarc.cl/_next/data/0ucQ92dO_m9T9joH0FjVV/category/bebidas-y-licores/vinos-y-espumantes/espumantes.json?categories=bebidas-y-licores&categories=vinos-y-espumantes&categories=espumantes,2026-02-18T12:45:45
90372,Espumante Viñamar rosé sin alcohol 750 cc,Viña Mar,1 un,litro,8990,8990,,False,,$11.987 x litro,$11.987 x litro,https://www.unimarc.cl/esp-rose-sin-alcohol-vina-mar-750-cc-bot/p,https://unimarc.vtexassets.com/arquivos/ids/249159/000000000000673988-UN-01.jpg?v=638844884713430000,Vinos Y Espumantes,Espumantes,https://www.unimarc.cl/category/bebidas-y-licores/vinos-y-espumantes/espumantes,https://www.unimarc.cl/_next/data/0ucQ92dO_m9T9joH0FjVV/category/bebidas-y-licores/vinos-y-espumantes/espumantes.json?categories=bebidas-y-licores&categories=vinos-y-espumantes&categories=espumantes,2026-02-18T12:45:45
7882,Espumante Valdivieso moscato 750 cc,Valdivieso,1 un,litro,6890,6890,,False,,$9.187 x litro,$9.187 x litro,https://www.unimarc.cl/espum-mos-valdiv-750-cc-bot/p,https://unimarc.vtexassets.com/arquivos/ids/218885/000000000000008527-UN-01.jpg?v=637647461631570000,Vinos Y Espumantes,Espumantes,https://www.unimarc.cl/category/bebidas-y-licores/vinos-y-espumantes/espumantes,https://www.unimarc.cl/_next/data/0ucQ92dO_m9T9joH0FjVV/category/bebidas-y-licores/vinos-y-espumantes/espumantes.json?categories=bebidas-y-licores&categories=vinos-y-espumantes&categories=espumantes,2026-02-18T12:45:45
7688,Espumante Valdivieso rosé 750 cc,Valdivieso,1 un,litro,6890,6890,,False,,$9.187 x litro,$9.187 x litro,https://www.unimarc.cl/espum-rose-valdivieso-750-cc-bot/p,https://unimarc.vtexassets.com/arquivos/ids/218887/000000000000005488-UN-01.jpg?v=637647462991100000,Vinos Y Espumantes,Espumantes,https://www.unimarc.cl/category/bebidas-y-licores/vinos-y-espumantes/espumantes,https://www.unimarc.cl/_next/data/0ucQ92dO_m9T9joH0FjVV/category/bebidas-y-licores/vinos-y-espumantes/espumantes.json?categories=bebidas-y-licores&categories=vinos-y-espumantes&categories=espumantes,2026-02-18T12:45:45
64,Champagne Undurraga brut 750 cc,Undurraga,1 un,litro,6790,6790,,False,,$9.053 x litro,$9.053 x litro,https://www.unimarc.cl/champagne-undurraga-brut-750-ml/p,https://unimarc.vtexassets.com/arquivos/ids/161332/Champagne-Undurraga-Brut-750-ml.jpg?v=636486711705530000,Vinos Y Espumantes,Espumantes,https://www.unimarc.cl/category/bebidas-y-licores/vinos-y-espumantes/espumantes,https://www.unimarc.cl/_next/data/0ucQ92dO_m9T9joH0FjVV/category/bebidas-y-licores/vinos-y-espumantes/espumantes.json?categories=bebidas-y-licores&categories=vinos-y-espumantes&categories=espumantes,2026-02-18T12:45:45
7879,Espumante Valdivieso demi sec 750 cc,Valdivieso,1 un,litro,6890,6890,,False,,$9.187 x litro,$9.187 x litro,https://www.unimarc.cl/espum-d-sec-valdiv-750cc-bot/p,https://unimarc.vtexassets.com/arquivos/ids/218886/000000000000008509-UN-01.jpg?v=637647462438470000,Vinos Y Espumantes,Espumantes,https://www.unimarc.cl/category/bebidas-y-licores/vinos-y-espumantes/espumantes,https://www.unimarc.cl/_next/data/0ucQ92dO_m9T9joH0FjVV/category/bebidas-y-licores/vinos-y-espumantes/espumantes.json?categories=bebidas-y-licores&categories=vinos-y-espumantes&categories=espumantes,2026-02-18T12:45:45
37993,Espumante Riccadonna moscato rosé 750 cc,Riccadonna,1 un,litro,14690,14690,,False,,$19.587 x litro,$19.587 x litro,https://www.unimarc.cl/vino-riccadonna-mosc-ros-750cc/p,https://unimarc.vtexassets.com/arquivos/ids/233247/000000000000628393-UN-01.jpg?v=638194995157470000,Vinos Y Espumantes,Espumantes,https://www.unimarc.cl/category/bebidas-y-licores/vinos-y-espumantes/espumantes,https://www.unimarc.cl/_next/data/0ucQ92dO_m9T9joH0FjVV/category/bebidas-y-licores/vinos-y-espumantes/espumantes.json?categories=bebidas-y-licores&categories=vinos-y-espumantes&categories=espumantes,2026-02-18T12:45:45
7881,Champagne Subercaseaux moscato botella 750 cc,Subercaseaux,1 un,litro,5490,5490,,False,,$7.320 x litro,$7.320 x litro,https://www.unimarc.cl/espum-mos-suberc-750-cc-bot/p,https://unimarc.vtexassets.com/arquivos/ids/203128/000000000000008517-UN-01.jpg?v=637388471330770000,Vinos Y Espumantes,Espumantes,https://www.unimarc.cl/category/bebidas-y-licores/vinos-y-espumantes/espumantes,https://www.unimarc.cl/_next/data/0ucQ92dO_m9T9joH0FjVV/category/bebidas-y-licores/vinos-y-espumantes/espumantes.json?categories=bebidas-y-licores&categories=vinos-y-espumantes&categories=espumantes,2026-02-18T12:45:45
16259,Espumante Undurraga moscato sweet baron lacroix 750 cc,Undurraga,1 un,litro,5190,5190,,False,,$6.920 x litro,$6.920 x litro,https://www.unimarc.cl/champagne-undurraga-baron-lacroix-moscato-750ml/p,https://unimarc.vtexassets.com/arquivos/ids/191947/000000000000008528-UN-01.jpg?v=637177316426000000,Vinos Y Espumantes,Espumantes,https://www.unimarc.cl/category/bebidas-y-licores/vinos-y-espumantes/espumantes,https://www.unimarc.cl/_next/data/0ucQ92dO_m9T9joH0FjVV/category/bebidas-y-licores/vinos-y-espumantes/espumantes.json?categories=bebidas-y-licores&categories=vinos-y-espumantes&categories=espumantes,2026-02-18T12:45:45
919,Espumante Martini asti 750 cc,Martini,1 un,litro,16690,16690,,False,,$22.253 x litro,$22.253 x litro,https://www.unimarc.cl/champagne-martini-asti-750-ml/p,https://unimarc.vtexassets.com/arquivos/ids/180000/000000000000282966-UN.jpg?v=636758962993330000,Vinos Y Espumantes,Espumantes,https://www.unimarc.cl/category/bebidas-y-licores/vinos-y-espumantes/espumantes,https://www.unimarc.cl/_next/data/0ucQ92dO_m9T9joH0FjVV/category/bebidas-y-licores/vinos-y-espumantes/espumantes.json?categories=bebidas-y-licores&categories=vinos-y-espumantes&categories=espumantes,2026-02-18T12:45:45
63,Espumante Undurraga demi sec 750 cc,Undurraga,1 un,litro,6790,6790,,False,,$9.053 x litro,$9.053 x litro,https://www.unimarc.cl/champagne-undurraga-demi-sec-750-ml/p,https://unimarc.vtexassets.com/arquivos/ids/178850/000000000000008510-UN.jpg?v=636730543729900000,Vinos Y Espumantes,Espumantes,https://www.unimarc.cl/category/bebidas-y-licores/vinos-y-espumantes/espumantes,https://www.unimarc.cl/_next/data/0ucQ92dO_m9T9joH0FjVV/category/bebidas-y-licores/vinos-y-espumantes/espumantes.json?categories=bebidas-y-licores&categories=vinos-y-espumantes&categories=espumantes,2026-02-18T12:45:45
92996,Espumante Broccato brut secco botella 750 cc,Broccato,1 un,litro,6990,6990,,False,,$9.320 x litro,$9.320 x litro,https://www.unimarc.cl/vino-brut-secco-broccato-750-ml-bot/p,https://unimarc.vtexassets.com/arquivos/ids/251467/000000000000686876-UN-01.jpg?v=638936495835700000,Vinos Y Espumantes,Espumantes,https://www.unimarc.cl/category/bebidas-y-licores/vinos-y-espumantes/espumantes,https://www.unimarc.cl/_next/data/0ucQ92dO_m9T9joH0FjVV/category/bebidas-y-licores/vinos-y-espumantes/espumantes.json?categories=bebidas-y-licores&categories=vinos-y-espumantes&categories=espumantes,2026-02-18T12:45:45
7682,Espumante Subercaseaux demi sec 750 cc,Subercaseaux,1 un,litro,5490,5490,,False,,$7.320 x litro,$7.320 x litro,https://www.unimarc.cl/espum-d-sec-suberc-750-cc-bot/p,https://unimarc.vtexassets.com/arquivos/ids/254541/000000000000005473-UN-01.jpg?v=639026427652330000,Vinos Y Espumantes,Espumantes,https://www.unimarc.cl/category/bebidas-y-licores/vinos-y-espumantes/espumantes,https://www.unimarc.cl/_next/data/0ucQ92dO_m9T9joH0FjVV/category/bebidas-y-licores/vinos-y-espumantes/espumantes.json?categories=bebidas-y-licores&categories=vinos-y-espumantes&categories=espumantes,2026-02-18T12:45:45
84762,Espumante Valdivieso brut 12° lata 310 cc,Valdivieso,1 un,litro,2950,2950,,False,,$9.516 x litro,$9.516 x litro,https://www.unimarc.cl/espumante-brut-valdivieso-310-cc-lata/p,https://unimarc.vtexassets.com/arquivos/ids/234987/000000000000665516-UN-01.jpg?v=638264233806900000,Vinos Y Espumantes,Espumantes,https://www.unimarc.cl/category/bebidas-y-licores/vinos-y-espumantes/espumantes,https://www.unimarc.cl/_next/data/0ucQ92dO_m9T9joH0FjVV/category/bebidas-y-licores/vinos-y-espumantes/espumantes.json?categories=bebidas-y-licores&categories=vinos-y-espumantes&categories=espumantes,2026-02-18T12:45:45
84763,Espumante Valdivieso rosé 12° lata 310 cc,Valdivieso,1 un,litro,2950,2950,,False,,$9.516 x litro,$9.516 x litro,https://www.unimarc.cl/espumante-rose-valdivieso-310-cc-lata/p,https://unimarc.vtexassets.com/arquivos/ids/234989/000000000000665517-UN-01.jpg?v=638264238985800000,Vinos Y Espumantes,Espumantes,https://www.unimarc.cl/category/bebidas-y-licores/vinos-y-espumantes/espumantes,https://www.unimarc.cl/_next/data/0ucQ92dO_m9T9joH0FjVV/category/bebidas-y-licores/vinos-y-espumantes/espumantes.json?categories=bebidas-y-licores&categories=vinos-y-espumantes&categories=espumantes,2026-02-18T12:45:45
11460,Espumante Viñamar rosé botella 750 cc,Viña Mar,1 un,litro,8990,8990,,False,,$11.987 x litro,$11.987 x litro,https://www.unimarc.cl/espum-rose-vina-mar-750cc-bot/p,https://unimarc.vtexassets.com/arquivos/ids/249165/000000000000690390-UN-01.jpg?v=638844886436970000,Vinos Y Espumantes,Espumantes,https://www.unimarc.cl/category/bebidas-y-licores/vinos-y-espumantes/espumantes,https://www.unimarc.cl/_next/data/0ucQ92dO_m9T9joH0FjVV/category/bebidas-y-licores/vinos-y-espumantes/espumantes.json?categories=bebidas-y-licores&categories=vinos-y-espumantes&categories=espumantes,2026-02-18T12:45:45
5448,Espumante Undurraga baron lacroix brut 750 cc,Undurraga,1 un,litro,5190,5190,,False,,$6.920 x litro,$6.920 x litro,https://www.unimarc.cl/espum-brut-blacroix-750cc-bot/p,https://unimarc.vtexassets.com/arquivos/ids/180088/000000000000561001-UN.jpg?v=636764141213300000,Vinos Y Espumantes,Espumantes,https://www.unimarc.cl/category/bebidas-y-licores/vinos-y-espumantes/espumantes,https://www.unimarc.cl/_next/data/0ucQ92dO_m9T9joH0FjVV/category/bebidas-y-licores/vinos-y-espumantes/espumantes.json?categories=bebidas-y-licores&categories=vinos-y-espumantes&categories=espumantes,2026-02-18T12:45:45
11040,Espumante Viñamar brut 375 cc,Viña Mar,1 un,litro,4990,4990,,False,,$13.307 x litro,$13.307 x litro,https://www.unimarc.cl/espum-brut-vina-mar-375-cc-bot/p,https://unimarc.vtexassets.com/arquivos/ids/232350/000000000000561065-UN-01.jpg?v=638151981729430000,Vinos Y Espumantes,Espumantes,https://www.unimarc.cl/category/bebidas-y-licores/vinos-y-espumantes/espumantes,https://www.unimarc.cl/_next/data/0ucQ92dO_m9T9joH0FjVV/category/bebidas-y-licores/vinos-y-espumantes/espumantes.json?categories=bebidas-y-licores&categories=vinos-y-espumantes&categories=espumantes,2026-02-18T12:45:45
734,Espumante Undurraga brut royal botella 750 cc,Undurraga,1 un,litro,7990,7990,,False,,$10.653 x litro,$10.653 x litro,https://www.unimarc.cl/champagne-undurraga-brut-royal-750-ml/p,https://unimarc.vtexassets.com/arquivos/ids/161335/Champagne-Undurraga-Brut-Royal-750-ml.jpg?v=636486711733900000,Vinos Y Espumantes,Espumantes,https://www.unimarc.cl/category/bebidas-y-licores/vinos-y-espumantes/espumantes,https://www.unimarc.cl/_next/data/0ucQ92dO_m9T9joH0FjVV/category/bebidas-y-licores/vinos-y-espumantes/espumantes.json?categories=bebidas-y-licores&categories=vinos-y-espumantes&categories=espumantes,2026-02-18T12:45:45
92997,Espumante Broccato moscatel dolce botella 750 cc,Broccato,1 un,litro,6990,6990,,False,,$9.320 x litro,$9.320 x litro,https://www.unimarc.cl/vino-moscatel-dolce-broccato-750-ml-bot/p,https://unimarc.vtexassets.com/arquivos/ids/251468/000000000000686877-UN-01.jpg?v=638936495838070000,Vinos Y Espumantes,Espumantes,https://www.unimarc.cl/category/bebidas-y-licores/vinos-y-espumantes/espumantes,https://www.unimarc.cl/_next/data/0ucQ92dO_m9T9joH0FjVV/category/bebidas-y-licores/vinos-y-espumantes/espumantes.json?categories=bebidas-y-licores&categories=vinos-y-espumantes&categories=espumantes,2026-02-18T12:45:45
60430,Espumante Riccadonna ruby botella 750 cc,Riccadonna,1 un,litro,14690,14690,,False,,$19.587 x litro,$19.587 x litro,https://www.unimarc.cl/espumante-ruby-riccadonna-750-cc-bot/p,https://unimarc.vtexassets.com/arquivos/ids/201729/000000000000638475-UN-01.jpg?v=637364062057170000,Vinos Y Espumantes,Espumantes,https://www.unimarc.cl/category/bebidas-y-licores/vinos-y-espumantes/espumantes,https://www.unimarc.cl/_next/data/0ucQ92dO_m9T9joH0FjVV/category/bebidas-y-licores/vinos-y-espumantes/espumantes.json?categories=bebidas-y-licores&categories=vinos-y-espumantes&categories=espumantes,2026-02-18T12:45:45
34212,Espumante Undurraga extra brut botella 750 cc,Undurraga,1 un,litro,8190,8190,,False,,$10.920 x litro,$10.920 x litro,https://www.unimarc.cl/espum-undurraga-e-brut-750cc-bot/p,https://unimarc.vtexassets.com/arquivos/ids/248507/000000000000181246-UN-01.jpg.jpg?v=638815480968900000,Vinos Y Espumantes,Espumantes,https://www.unimarc.cl/category/bebidas-y-licores/vinos-y-espumantes/espumantes,https://www.unimarc.cl/_next/data/0ucQ92dO_m9T9joH0FjVV/category/bebidas-y-licores/vinos-y-espumantes/espumantes.json?page=2&categories=bebidas-y-licores&categories=vinos-y-espumantes&categories=espumantes,2026-02-18T12:45:48
38782,Espumante rosé Barón Lacroix 750 cc,Undurraga,1 un,litro,5190,5190,,False,,$6.920 x litro,$6.920 x litro,https://www.unimarc.cl/espum-rose-blacroix-750cc-bot/p,https://unimarc.vtexassets.com/arquivos/ids/172671/000000000000783925-UN-01.jpg?v=636615512844700000,Vinos Y Espumantes,Espumantes,https://www.unimarc.cl/category/bebidas-y-licores/vinos-y-espumantes/espumantes,https://www.unimarc.cl/_next/data/0ucQ92dO_m9T9joH0FjVV/category/bebidas-y-licores/vinos-y-espumantes/espumantes.json?page=2&categories=bebidas-y-licores&categories=vinos-y-espumantes&categories=espumantes,2026-02-18T12:45:48
38158,Espumante prosecco Martini 750 cc,Martini,1 un,litro,16690,16690,,False,,$22.253 x litro,$22.253 x litro,https://www.unimarc.cl/martini-proseco-martini-750ccbot/p,https://unimarc.vtexassets.com/arquivos/ids/248503/000000000000630474-UN-01.jpg.jpg?v=638815478249300000,Vinos Y Espumantes,Espumantes,https://www.unimarc.cl/category/bebidas-y-licores/vinos-y-espumantes/espumantes,https://www.unimarc.cl/_next/data/0ucQ92dO_m9T9joH0FjVV/category/bebidas-y-licores/vinos-y-espumantes/espumantes.json?page=2&categories=bebidas-y-licores&categories=vinos-y-espumantes&categories=espumantes,2026-02-18T12:45:48
36198,Espumante Undurraga dulce botella 750 cc,Undurraga,1 un,litro,8290,8290,,False,,$11.053 x litro,$11.053 x litro,https://www.unimarc.cl/espum-undur-dulce-750cc-bot/p,https://unimarc.vtexassets.com/arquivos/ids/248509/000000000000608848-UN-01.jpg.jpg?v=638815482187270000,Vinos Y Espumantes,Espumantes,https://www.unimarc.cl/category/bebidas-y-licores/vinos-y-espumantes/espumantes,https://www.unimarc.cl/_next/data/0ucQ92dO_m9T9joH0FjVV/category/bebidas-y-licores/vinos-y-espumantes/espumantes.json?page=2&categories=bebidas-y-licores&categories=vinos-y-espumantes&categories=espumantes,2026-02-18T12:45:48
60433,Espumante Riccadonna chardonnay brut botella 750 cc,Riccadonna,1 un,litro,14690,14690,,False,,$19.587 x litro,$19.587 x litro,https://www.unimarc.cl/espumante-chard-brut-riccadonna-750c-bot/p,https://unimarc.vtexassets.com/arquivos/ids/202907/000000000000638600-UN-01.jpg?v=637384508127000000,Vinos Y Espumantes,Espumantes,https://www.unimarc.cl/category/bebidas-y-licores/vinos-y-espumantes/espumantes,https://www.unimarc.cl/_next/data/0ucQ92dO_m9T9joH0FjVV/category/bebidas-y-licores/vinos-y-espumantes/espumantes.json?page=2&categories=bebidas-y-licores&categories=vinos-y-espumantes&categories=espumantes,2026-02-18T12:45:48
19643,Espumante Undurraga baron lacroix demi seco botella 750 cc,Undurraga,1 un,litro,5190,5190,,False,,$6.920 x litro,$6.920 x litro,https://www.unimarc.cl/champagne-undurraga-baron-lacroix-demi-sec-750ml/p,https://unimarc.vtexassets.com/arquivos/ids/173129/7804315003694.jpg?v=636626974621970000,Vinos Y Espumantes,Espumantes,https://www.unimarc.cl/category/bebidas-y-licores/vinos-y-espumantes/espumantes,https://www.unimarc.cl/_next/data/0ucQ92dO_m9T9joH0FjVV/category/bebidas-y-licores/vinos-y-espumantes/espumantes.json?page=2&categories=bebidas-y-licores&categories=vinos-y-espumantes&categories=espumantes,2026-02-18T12:45:48
1266,Espumante Casillero del diablo brut botella 750 cc,Casillero Del Diablo,1 un,litro,7990,7990,,False,,$10.653 x litro,$10.653 x litro,https://www.unimarc.cl/espum-brut-c-diablo-750cc-bot/p,https://unimarc.vtexassets.com/arquivos/ids/203856/000000000000608827-UN-01.jpg?v=637396981626530000,Vinos Y Espumantes,Espumantes,https://www.unimarc.cl/category/bebidas-y-licores/vinos-y-espumantes/espumantes,https://www.unimarc.cl/_next/data/0ucQ92dO_m9T9joH0FjVV/category/bebidas-y-licores/vinos-y-espumantes/espumantes.json?page=2&categories=bebidas-y-licores&categories=vinos-y-espumantes&categories=espumantes,2026-02-18T12:45:48
88168,Espumante Ambassador rosé 750 cc,Ambassador,1 un,litro,5690,5690,,False,,$7.587 x litro,$7.587 x litro,https://www.unimarc.cl/espumante-rose-ambassador-bot-750-ml/p,https://unimarc.vtexassets.com/arquivos/ids/243403/000000000000669543-UN-01.jpg?v=638580389826900000,Vinos Y Espumantes,Espumantes,https://www.unimarc.cl/category/bebidas-y-licores/vinos-y-espumantes/espumantes,https://www.unimarc.cl/_next/data/0ucQ92dO_m9T9joH0FjVV/category/bebidas-y-licores/vinos-y-espumantes/espumantes.json?page=2&categories=bebidas-y-licores&categories=vinos-y-espumantes&categories=espumantes,2026-02-18T12:45:48
42867,Vino espumante Freixenet cordón negro 750 cc,Freixenet,1 un,litro,14250,14250,,False,,$19.000 x litro,$19.000 x litro,https://www.unimarc.cl/vino-espum-c-neg-freix-750cc-bot/p,https://unimarc.vtexassets.com/arquivos/ids/216531/000000000000058937-UN-01.jpg?v=637599723930530000,Vinos Y Espumantes,Espumantes,https://www.unimarc.cl/category/bebidas-y-licores/vinos-y-espumantes/espumantes,https://www.unimarc.cl/_next/data/0ucQ92dO_m9T9joH0FjVV/category/bebidas-y-licores/vinos-y-espumantes/espumantes.json?page=2&categories=bebidas-y-licores&categories=vinos-y-espumantes&categories=espumantes,2026-02-18T12:45:48
75592,Espum Brut Sparkling C/Donoso 750 Cc Bot,Casa Donoso,1 un,litro,7490,7490,,False,,$9.987 x litro,$9.987 x litro,https://www.unimarc.cl/espum-brut-sparkling-c-donoso-750-cc-bot/p,https://unimarc.vtexassets.com/arquivos/ids/216777/000000000000650179-UN-01.jpg?v=637602322824100000,Vinos Y Espumantes,Espumantes,https://www.unimarc.cl/category/bebidas-y-licores/vinos-y-espumantes/espumantes,https://www.unimarc.cl/_next/data/0ucQ92dO_m9T9joH0FjVV/category/bebidas-y-licores/vinos-y-espumantes/espumantes.json?page=2&categories=bebidas-y-licores&categories=vinos-y-espumantes&categories=espumantes,2026-02-18T12:45:48
33100,Espumante Fresita 750 cc,Fresita,1 un,litro,5590,5590,,False,,$7.453 x litro,$7.453 x litro,https://www.unimarc.cl/espum-fresita-750-cc-bot/p,https://unimarc.vtexassets.com/arquivos/ids/187229/Espumante-Fresita-botella-750-cc-1-512.jpg?v=637015710464400000,Vinos Y Espumantes,Espumantes,https://www.unimarc.cl/category/bebidas-y-licores/vinos-y-espumantes/espumantes,https://www.unimarc.cl/_next/data/0ucQ92dO_m9T9joH0FjVV/category/bebidas-y-licores/vinos-y-espumantes/espumantes.json?page=2&categories=bebidas-y-licores&categories=vinos-y-espumantes&categories=espumantes,2026-02-18T12:45:48
60429,Espumante Riccadonna prosecco botella 750 cc,Riccadonna,1 un,litro,14690,14690,,False,,$19.587 x litro,$19.587 x litro,https://www.unimarc.cl/espumante-prosecc-riccadonna-750-cc-bot/p,https://unimarc.vtexassets.com/arquivos/ids/201728/000000000000638474-UN-01.jpg?v=637364060437500000,Vinos Y Espumantes,Espumantes,https://www.unimarc.cl/category/bebidas-y-licores/vinos-y-espumantes/espumantes,https://www.unimarc.cl/_next/data/0ucQ92dO_m9T9joH0FjVV/category/bebidas-y-licores/vinos-y-espumantes/espumantes.json?page=2&categories=bebidas-y-licores&categories=vinos-y-espumantes&categories=espumantes,2026-02-18T12:45:48
39228,Espumante Viñamar rosé 375 cc,Viña Mar,1 un,litro,6290,6290,,False,,$16.773 x litro,$16.773 x litro,https://www.unimarc.cl/espum-rose-vina-mar-375cc-bot/p,https://unimarc.vtexassets.com/arquivos/ids/189935/000000000000895676-UN-01.jpg?v=637116096112370000,Vinos Y Espumantes,Espumantes,https://www.unimarc.cl/category/bebidas-y-licores/vinos-y-espumantes/espumantes,https://www.unimarc.cl/_next/data/0ucQ92dO_m9T9joH0FjVV/category/bebidas-y-licores/vinos-y-espumantes/espumantes.json?page=2&categories=bebidas-y-licores&categories=vinos-y-espumantes&categories=espumantes,2026-02-18T12:45:48
96371,Espumante Undurraga moscato lata 310 cc,Undurraga,1 un,litro,2690,2690,,False,,$8.677 x litro,$8.677 x litro,https://www.unimarc.cl/espumante-moscato-undurraga-310-cc-lata/p,https://unimarc.vtexassets.com/arquivos/ids/254837/000000000000696345-UN-01.jpg?v=639033878022070000,Vinos Y Espumantes,Espumantes,https://www.unimarc.cl/category/bebidas-y-licores/vinos-y-espumantes/espumantes,https://www.unimarc.cl/_next/data/0ucQ92dO_m9T9joH0FjVV/category/bebidas-y-licores/vinos-y-espumantes/espumantes.json?page=2&categories=bebidas-y-licores&categories=vinos-y-espumantes&categories=espumantes,2026-02-18T12:45:48
96370,Espumante Undurraga brut lata 310 cc,Undurraga,1 un,litro,2690,2690,,False,,$8.677 x litro,$8.677 x litro,https://www.unimarc.cl/espumante-brut-undurraga-310-cc-lata/p,https://unimarc.vtexassets.com/arquivos/ids/254836/000000000000696344-UN-01.jpg?v=639033878020170000,Vinos Y Espumantes,Espumantes,https://www.unimarc.cl/category/bebidas-y-licores/vinos-y-espumantes/espumantes,https://www.unimarc.cl/_next/data/0ucQ92dO_m9T9joH0FjVV/category/bebidas-y-licores/vinos-y-espumantes/espumantes.json?page=2&categories=bebidas-y-licores&categories=vinos-y-espumantes&categories=espumantes,2026-02-18T12:45:48
90430,Cóctel de vino 120 sabores tinto frutilla botella 1.5 L,120 Santa Rita,1 un,litro,3790,4990,3790,True,Ahorras $1.200,$2.527 x litro,$3.327 x litro,https://www.unimarc.cl/coctel-vino-tinto-frutilla-120-1-5lt-bot/p,https://unimarc.vtexassets.com/arquivos/ids/246374/000000000000673760-UN-01.jpg?v=638730680419300000,Vinos Y Espumantes,Vinos botellón y otros,https://www.unimarc.cl/category/bebidas-y-licores/vinos-y-espumantes/vinos-botellon-y-otros,https://www.unimarc.cl/_next/data/0ucQ92dO_m9T9joH0FjVV/category/bebidas-y-licores/vinos-y-espumantes/vinos-botellon-y-otros.json?categories=bebidas-y-licores&categories=vinos-y-espumantes&categories=vinos-botellon-y-otros,2026-02-18T12:45:56
92101,Cóctel de vino 120 sabores sangría botella 1.5 L,120 Santa Rita,1 un,litro,3790,4990,3790,True,Ahorras $1.200,$2.527 x litro,$3.327 x litro,https://www.unimarc.cl/coctel-vino-sabor-sangria-120-1-5-lt-bot/p,https://unimarc.vtexassets.com/arquivos/ids/250824/000000000000684618-UN-01.jpg?v=638912020221970000,Vinos Y Espumantes,Vinos botellón y otros,https://www.unimarc.cl/category/bebidas-y-licores/vinos-y-espumantes/vinos-botellon-y-otros,https://www.unimarc.cl/_next/data/0ucQ92dO_m9T9joH0FjVV/category/bebidas-y-licores/vinos-y-espumantes/vinos-botellon-y-otros.json?categories=bebidas-y-licores&categories=vinos-y-espumantes&categories=vinos-botellon-y-otros,2026-02-18T12:45:56
90429,Cóctel de vino 120 sabores melvin melón tuna botella 1.5 L,120 Santa Rita,1 un,litro,3790,4990,3790,True,Ahorras $1.200,$2.527 x litro,$3.327 x litro,https://www.unimarc.cl/coctel-vino-melvin-m-tuna-120-1-5-lt-bot/p,https://unimarc.vtexassets.com/arquivos/ids/246380/000000000000673758-UN-01.jpg?v=638730682961530000,Vinos Y Espumantes,Vinos botellón y otros,https://www.unimarc.cl/category/bebidas-y-licores/vinos-y-espumantes/vinos-botellon-y-otros,https://www.unimarc.cl/_next/data/0ucQ92dO_m9T9joH0FjVV/category/bebidas-y-licores/vinos-y-espumantes/vinos-botellon-y-otros.json?categories=bebidas-y-licores&categories=vinos-y-espumantes&categories=vinos-botellon-y-otros,2026-02-18T12:45:56
10723,Vino tinto Gran 120 Santa Rita 1.5 L,Santa Rita,1 un,litro,3990,4690,3990,True,Ahorras $700,$2.660 x litro,$3.127 x litro,https://www.unimarc.cl/vino-tinto-gran-120-santarita-1-5-lt-botellon/p,https://unimarc.vtexassets.com/arquivos/ids/167593/000000000000180009-UN-01.jpg?v=638561277705470000,Vinos Y Espumantes,Vinos botellón y otros,https://www.unimarc.cl/category/bebidas-y-licores/vinos-y-espumantes/vinos-botellon-y-otros,https://www.unimarc.cl/_next/data/0ucQ92dO_m9T9joH0FjVV/category/bebidas-y-licores/vinos-y-espumantes/vinos-botellon-y-otros.json?categories=bebidas-y-licores&categories=vinos-y-espumantes&categories=vinos-botellon-y-otros,2026-02-18T12:45:56
39566,Vino Santa Rita cabernet sauvignon 120 gran reserva botellon 2 L,Santa Rita,1 un,litro,4390,5190,4390,True,Ahorras $800,$2.195 x litro,$2.595 x litro,https://www.unimarc.cl/vino-cs-gran-120-srita-2lt-bot/p,https://unimarc.vtexassets.com/arquivos/ids/235420/000000000000955613-UN-01.jpg?v=638635582683230000,Vinos Y Espumantes,Vinos botellón y otros,https://www.unimarc.cl/category/bebidas-y-licores/vinos-y-espumantes/vinos-botellon-y-otros,https://www.unimarc.cl/_next/data/0ucQ92dO_m9T9joH0FjVV/category/bebidas-y-licores/vinos-y-espumantes/vinos-botellon-y-otros.json?categories=bebidas-y-licores&categories=vinos-y-espumantes&categories=vinos-botellon-y-otros,2026-02-18T12:45:56
90431,Cóctel de vino 120 sabores ponche durazno botella 1.5 L,120 Santa Rita,1 un,litro,3790,4990,3790,True,Ahorras $1.200,$2.527 x litro,$3.327 x litro,https://www.unimarc.cl/coctel-vino-ponche-durazno-120-1-5lt-bot/p,https://unimarc.vtexassets.com/arquivos/ids/246377/000000000000673871-UN-01.jpg?v=638730681672870000,Vinos Y Espumantes,Vinos botellón y otros,https://www.unimarc.cl/category/bebidas-y-licores/vinos-y-espumantes/vinos-botellon-y-otros,https://www.unimarc.cl/_next/data/0ucQ92dO_m9T9joH0FjVV/category/bebidas-y-licores/vinos-y-espumantes/vinos-botellon-y-otros.json?categories=bebidas-y-licores&categories=vinos-y-espumantes&categories=vinos-botellon-y-otros,2026-02-18T12:45:56
34433,Vino Gran 120 Santa Rita merlot 1.5 L,Santa Rita,1 un,litro,3990,4690,3990,True,Ahorras $700,$2.660 x litro,$3.127 x litro,https://www.unimarc.cl/vino-mer-gn-120-srita-1-5-lt-bot/p,https://unimarc.vtexassets.com/arquivos/ids/242790/000000000000196224-UN-01.jpg?v=638561409137400000,Vinos Y Espumantes,Vinos botellón y otros,https://www.unimarc.cl/category/bebidas-y-licores/vinos-y-espumantes/vinos-botellon-y-otros,https://www.unimarc.cl/_next/data/0ucQ92dO_m9T9joH0FjVV/category/bebidas-y-licores/vinos-y-espumantes/vinos-botellon-y-otros.json?categories=bebidas-y-licores&categories=vinos-y-espumantes&categories=vinos-botellon-y-otros,2026-02-18T12:45:56
77528,Cóctel de vino Gato selección dulce tinto botellón 1.5 L,Gato,1 un,litro,4190,5290,4190,True,Ahorras $1.100,$2.793 x litro,$3.527 x litro,https://www.unimarc.cl/vino-tto-sel-dulce-blend-gato-1-5-lt-bot/p,https://unimarc.vtexassets.com/arquivos/ids/216700/000000000000651675-UN-01.jpg?v=637601664607600000,Vinos Y Espumantes,Vinos botellón y otros,https://www.unimarc.cl/category/bebidas-y-licores/vinos-y-espumantes/vinos-botellon-y-otros,https://www.unimarc.cl/_next/data/0ucQ92dO_m9T9joH0FjVV/category/bebidas-y-licores/vinos-y-espumantes/vinos-botellon-y-otros.json?categories=bebidas-y-licores&categories=vinos-y-espumantes&categories=vinos-botellon-y-otros,2026-02-18T12:45:56
89120,Cóctel de vino Gato selección dulce borgoña frutilla 1.5 L,Gato,1 un,litro,4690,5290,4690,True,Ahorras $600,$3.127 x litro,$3.527 x litro,https://www.unimarc.cl/coctel-vino-sd-borgona-frut-gato-1-5-bot/p,https://unimarc.vtexassets.com/arquivos/ids/243976/000000000000671205-UN-01.jpg?v=638616690718200000,Vinos Y Espumantes,Vinos botellón y otros,https://www.unimarc.cl/category/bebidas-y-licores/vinos-y-espumantes/vinos-botellon-y-otros,https://www.unimarc.cl/_next/data/0ucQ92dO_m9T9joH0FjVV/category/bebidas-y-licores/vinos-y-espumantes/vinos-botellon-y-otros.json?categories=bebidas-y-licores&categories=vinos-y-espumantes&categories=vinos-botellon-y-otros,2026-02-18T12:45:56
91874,Cóctel de vino Gato selección dulce chocolate botella 1.5 L,Gato,1 un,litro,4690,5690,4690,True,Ahorras $1.000,$3.127 x litro,$3.793 x litro,https://www.unimarc.cl/vino-tto-sel-dulce-chocolate-gato-1-5bot/p,https://unimarc.vtexassets.com/arquivos/ids/250247/000000000000682309-UN-01.jpg?v=638890496127000000,Vinos Y Espumantes,Vinos botellón y otros,https://www.unimarc.cl/category/bebidas-y-licores/vinos-y-espumantes/vinos-botellon-y-otros,https://www.unimarc.cl/_next/data/0ucQ92dO_m9T9joH0FjVV/category/bebidas-y-licores/vinos-y-espumantes/vinos-botellon-y-otros.json?categories=bebidas-y-licores&categories=vinos-y-espumantes&categories=vinos-botellon-y-otros,2026-02-18T12:45:56
91863,Sangría Manquehuito tetra 1.5 cc,Manquehuito,1 un,litro,3290,3990,3290,True,Ahorras $700,$2.193 x litro,$2.660 x litro,https://www.unimarc.cl/vino-sangria-manquehuito-tetra-1/p,https://unimarc.vtexassets.com/arquivos/ids/250046/000000000000682608-UN-01.jpg?v=638883845223930000,Vinos Y Espumantes,Vinos botellón y otros,https://www.unimarc.cl/category/bebidas-y-licores/vinos-y-espumantes/vinos-botellon-y-otros,https://www.unimarc.cl/_next/data/0ucQ92dO_m9T9joH0FjVV/category/bebidas-y-licores/vinos-y-espumantes/vinos-botellon-y-otros.json?categories=bebidas-y-licores&categories=vinos-y-espumantes&categories=vinos-botellon-y-otros,2026-02-18T12:45:56
54812,Sangría Epica botella 750 cc,Epica,1 un,litro,4590,5850,4590,True,Ahorras $1.260,$6.120 x litro,$7.800 x litro,https://www.unimarc.cl/vino-tinto-epica-sangria-750-cc-bot/p,https://unimarc.vtexassets.com/arquivos/ids/232236/000000000000636199-UN-01.jpg?v=638139815412800000,Vinos Y Espumantes,Vinos botellón y otros,https://www.unimarc.cl/category/bebidas-y-licores/vinos-y-espumantes/vinos-botellon-y-otros,https://www.unimarc.cl/_next/data/0ucQ92dO_m9T9joH0FjVV/category/bebidas-y-licores/vinos-y-espumantes/vinos-botellon-y-otros.json?categories=bebidas-y-licores&categories=vinos-y-espumantes&categories=vinos-botellon-y-otros,2026-02-18T12:45:56
39567,Vino 120 Santa Rita merlot 2 L,Santa Rita,1 un,litro,4390,5190,4390,True,Ahorras $800,$2.195 x litro,$2.595 x litro,https://www.unimarc.cl/vino-merlot-gn-120-srita-2lt-bot/p,https://unimarc.vtexassets.com/arquivos/ids/235421/000000000000955614-UN-01.jpg?v=638635582690500000,Vinos Y Espumantes,Vinos botellón y otros,https://www.unimarc.cl/category/bebidas-y-licores/vinos-y-espumantes/vinos-botellon-y-otros,https://www.unimarc.cl/_next/data/0ucQ92dO_m9T9joH0FjVV/category/bebidas-y-licores/vinos-y-espumantes/vinos-botellon-y-otros.json?categories=bebidas-y-licores&categories=vinos-y-espumantes&categories=vinos-botellon-y-otros,2026-02-18T12:45:56
35281,Vino 120 Santa Rita carmenere 1.5 L,Santa Rita,1 un,litro,3990,4690,3990,True,Ahorras $700,$2.660 x litro,$3.127 x litro,https://www.unimarc.cl/vino-carm-120-sta-rita-1-5lt-bot/p,https://unimarc.vtexassets.com/arquivos/ids/172832/000000000000528751-UN-01.jpg?v=638561277856730000,Vinos Y Espumantes,Vinos botellón y otros,https://www.unimarc.cl/category/bebidas-y-licores/vinos-y-espumantes/vinos-botellon-y-otros,https://www.unimarc.cl/_next/data/0ucQ92dO_m9T9joH0FjVV/category/bebidas-y-licores/vinos-y-espumantes/vinos-botellon-y-otros.json?categories=bebidas-y-licores&categories=vinos-y-espumantes&categories=vinos-botellon-y-otros,2026-02-18T12:45:56
89124,Cóctel de vino Gato selección dulce chirimoya 1.5 L,Gato,1 un,litro,4690,5290,4690,True,Ahorras $600,$3.127 x litro,$3.527 x litro,https://www.unimarc.cl/coctel-vino-s-d-chirimoya-gato-1-5lt-bot/p,https://unimarc.vtexassets.com/arquivos/ids/243972/000000000000671203-UN-01.jpg?v=638616689566230000,Vinos Y Espumantes,Vinos botellón y otros,https://www.unimarc.cl/category/bebidas-y-licores/vinos-y-espumantes/vinos-botellon-y-otros,https://www.unimarc.cl/_next/data/0ucQ92dO_m9T9joH0FjVV/category/bebidas-y-licores/vinos-y-espumantes/vinos-botellon-y-otros.json?categories=bebidas-y-licores&categories=vinos-y-espumantes&categories=vinos-botellon-y-otros,2026-02-18T12:45:56
39298,Cooler Manquehuito piña botella 1.35 L,Manquehuito,1 un,litro,3990,4690,3990,True,Ahorras $700,$2.956 x litro,$3.474 x litro,https://www.unimarc.cl/vino-pina-manquehuito-1-35lt-bot/p,https://unimarc.vtexassets.com/arquivos/ids/249168/000000000000907557-UN-01.jpg?v=638844890826000000,Vinos Y Espumantes,Vinos botellón y otros,https://www.unimarc.cl/category/bebidas-y-licores/vinos-y-espumantes/vinos-botellon-y-otros,https://www.unimarc.cl/_next/data/0ucQ92dO_m9T9joH0FjVV/category/bebidas-y-licores/vinos-y-espumantes/vinos-botellon-y-otros.json?categories=bebidas-y-licores&categories=vinos-y-espumantes&categories=vinos-botellon-y-otros,2026-02-18T12:45:56
12861,Vino Exportación selecto merlot 1.5 L,Exportacion,1 un,litro,4270,4770,4270,True,Ahorras $500,$2.847 x litro,$3.180 x litro,https://www.unimarc.cl/vino-mer-sel-exp-1-5-lt-bot/p,https://unimarc.vtexassets.com/arquivos/ids/203844/000000000000212382-UN-01.jpg?v=637396970633700000,Vinos Y Espumantes,Vinos botellón y otros,https://www.unimarc.cl/category/bebidas-y-licores/vinos-y-espumantes/vinos-botellon-y-otros,https://www.unimarc.cl/_next/data/0ucQ92dO_m9T9joH0FjVV/category/bebidas-y-licores/vinos-y-espumantes/vinos-botellon-y-otros.json?categories=bebidas-y-licores&categories=vinos-y-espumantes&categories=vinos-botellon-y-otros,2026-02-18T12:45:56
39299,Cooler Manquehuito frutos rojos botella 1.35 L,Manquehuito,1 un,litro,3990,4690,3990,True,Ahorras $700,$2.956 x litro,$3.474 x litro,https://www.unimarc.cl/vino-f-rojos-manqueh-1-35-lt-bot/p,https://unimarc.vtexassets.com/arquivos/ids/249171/000000000000907558-UN-01.jpg?v=638844892229530000,Vinos Y Espumantes,Vinos botellón y otros,https://www.unimarc.cl/category/bebidas-y-licores/vinos-y-espumantes/vinos-botellon-y-otros,https://www.unimarc.cl/_next/data/0ucQ92dO_m9T9joH0FjVV/category/bebidas-y-licores/vinos-y-espumantes/vinos-botellon-y-otros.json?categories=bebidas-y-licores&categories=vinos-y-espumantes&categories=vinos-botellon-y-otros,2026-02-18T12:45:56
91991,Vino Los Mentirosos cabernet sauvignon botella 1.5 L,Los Mentirosos,1 un,litro,4450,5150,4450,True,Ahorras $700,$2.967 x litro,$3.433 x litro,https://www.unimarc.cl/vino-tto-cabsauv-los-mentirosos-1-5l-bot/p,https://unimarc.vtexassets.com/arquivos/ids/250343/000000000000682240-UN-01.jpg?v=638899215253030000,Vinos Y Espumantes,Vinos botellón y otros,https://www.unimarc.cl/category/bebidas-y-licores/vinos-y-espumantes/vinos-botellon-y-otros,https://www.unimarc.cl/_next/data/0ucQ92dO_m9T9joH0FjVV/category/bebidas-y-licores/vinos-y-espumantes/vinos-botellon-y-otros.json?categories=bebidas-y-licores&categories=vinos-y-espumantes&categories=vinos-botellon-y-otros,2026-02-18T12:45:56
91992,Vino Los Mentirosos merlot botella 1.5 L,Los Mentirosos,1 un,litro,4450,5150,4450,True,Ahorras $700,$2.967 x litro,$3.433 x litro,https://www.unimarc.cl/vino-tto-merlot-los-mentirosos-1-5l-bot/p,https://unimarc.vtexassets.com/arquivos/ids/250346/000000000000682291-UN-01.jpg?v=638899215259930000,Vinos Y Espumantes,Vinos botellón y otros,https://www.unimarc.cl/category/bebidas-y-licores/vinos-y-espumantes/vinos-botellon-y-otros,https://www.unimarc.cl/_next/data/0ucQ92dO_m9T9joH0FjVV/category/bebidas-y-licores/vinos-y-espumantes/vinos-botellon-y-otros.json?categories=bebidas-y-licores&categories=vinos-y-espumantes&categories=vinos-botellon-y-otros,2026-02-18T12:45:56
10953,Vino Exportación cabernet sauvignon 1.5 L,Exportacion,1 un,litro,4270,4770,4270,True,Ahorras $500,$2.847 x litro,$3.180 x litro,https://www.unimarc.cl/vino-cabsauv-sel-exp-1-5-lt-bot/p,https://unimarc.vtexassets.com/arquivos/ids/203845/000000000000212297-UN-01.jpg?v=637396971394070000,Vinos Y Espumantes,Vinos botellón y otros,https://www.unimarc.cl/category/bebidas-y-licores/vinos-y-espumantes/vinos-botellon-y-otros,https://www.unimarc.cl/_next/data/0ucQ92dO_m9T9joH0FjVV/category/bebidas-y-licores/vinos-y-espumantes/vinos-botellon-y-otros.json?categories=bebidas-y-licores&categories=vinos-y-espumantes&categories=vinos-botellon-y-otros,2026-02-18T12:45:56
34946,Vino Exportación selecto carmenere 1.5 L,Exportacion,1 un,litro,4270,4770,4270,True,Ahorras $500,$2.847 x litro,$3.180 x litro,https://www.unimarc.cl/vino-carm-sel-exp-1-5-lt-bot/p,https://unimarc.vtexassets.com/arquivos/ids/203850/000000000000351227-UN-01.jpg?v=637396975857970000,Vinos Y Espumantes,Vinos botellón y otros,https://www.unimarc.cl/category/bebidas-y-licores/vinos-y-espumantes/vinos-botellon-y-otros,https://www.unimarc.cl/_next/data/0ucQ92dO_m9T9joH0FjVV/category/bebidas-y-licores/vinos-y-espumantes/vinos-botellon-y-otros.json?categories=bebidas-y-licores&categories=vinos-y-espumantes&categories=vinos-botellon-y-otros,2026-02-18T12:45:56
16049,Vino Clos de Pirque cabernet sauvignon syrah botellón 1.5 L,Clos De Pirque,1 un,litro,4050,4390,4050,True,Ahorras $340,$2.700 x litro,$2.927 x litro,https://www.unimarc.cl/vino-cs-sy-c-pirque-1-5-lt-bot/p,https://unimarc.vtexassets.com/arquivos/ids/246407/000000000000908626-UN-01.jpg?v=638731568449000000,Vinos Y Espumantes,Vinos botellón y otros,https://www.unimarc.cl/category/bebidas-y-licores/vinos-y-espumantes/vinos-botellon-y-otros,https://www.unimarc.cl/_next/data/0ucQ92dO_m9T9joH0FjVV/category/bebidas-y-licores/vinos-y-espumantes/vinos-botellon-y-otros.json?categories=bebidas-y-licores&categories=vinos-y-espumantes&categories=vinos-botellon-y-otros,2026-02-18T12:45:56
87686,Cóctel de vino Exportación frutilla naranja botella 1.5 L,Exportacion,1 un,litro,4990,4990,,False,,$3.327 x litro,$3.327 x litro,https://www.unimarc.cl/vino-coct-frut-nar-exportacion-1-5lt-bot/p,https://unimarc.vtexassets.com/arquivos/ids/242961/000000000000669468-UN-01.jpg?v=638569392196800000,Vinos Y Espumantes,Vinos botellón y otros,https://www.unimarc.cl/category/bebidas-y-licores/vinos-y-espumantes/vinos-botellon-y-otros,https://www.unimarc.cl/_next/data/0ucQ92dO_m9T9joH0FjVV/category/bebidas-y-licores/vinos-y-espumantes/vinos-botellon-y-otros.json?categories=bebidas-y-licores&categories=vinos-y-espumantes&categories=vinos-botellon-y-otros,2026-02-18T12:45:56
91862,Vino sangría Epica tetra 3 L,Epica,1 un,litro,18490,18490,,False,,$6.163 x litro,$6.163 x litro,https://www.unimarc.cl/vino-sangria-epica-bag-in-box-3-litros/p,https://unimarc.vtexassets.com/arquivos/ids/250049/000000000000682585-UN-01.jpg?v=638883847755830000,Vinos Y Espumantes,Vinos botellón y otros,https://www.unimarc.cl/category/bebidas-y-licores/vinos-y-espumantes/vinos-botellon-y-otros,https://www.unimarc.cl/_next/data/0ucQ92dO_m9T9joH0FjVV/category/bebidas-y-licores/vinos-y-espumantes/vinos-botellon-y-otros.json?categories=bebidas-y-licores&categories=vinos-y-espumantes&categories=vinos-botellon-y-otros,2026-02-18T12:45:56
12614,Vino blanco Concha y Toro exportación 1.5 L,Concha Y Toro,1 un,litro,4790,4790,,False,,$3.193 x litro,$3.193 x litro,https://www.unimarc.cl/vino-bco-exp-c-toro-1-5lt-bot/p,https://unimarc.vtexassets.com/arquivos/ids/203133/000000000000140169-UN-01.jpg?v=637388479600930000,Vinos Y Espumantes,Vinos botellón y otros,https://www.unimarc.cl/category/bebidas-y-licores/vinos-y-espumantes/vinos-botellon-y-otros,https://www.unimarc.cl/_next/data/0ucQ92dO_m9T9joH0FjVV/category/bebidas-y-licores/vinos-y-espumantes/vinos-botellon-y-otros.json?categories=bebidas-y-licores&categories=vinos-y-espumantes&categories=vinos-botellon-y-otros,2026-02-18T12:45:56
90457,Cóctel de vino Exportación tropical botella 1.5 L,Exportacion,1 un,litro,4990,4990,,False,,$3.327 x litro,$3.327 x litro,https://www.unimarc.cl/vino-coct-frut-trop-exportacion-1-5l-bot/p,https://unimarc.vtexassets.com/arquivos/ids/246487/000000000000673863-UN-01.jpg?v=638732603308130000,Vinos Y Espumantes,Vinos botellón y otros,https://www.unimarc.cl/category/bebidas-y-licores/vinos-y-espumantes/vinos-botellon-y-otros,https://www.unimarc.cl/_next/data/0ucQ92dO_m9T9joH0FjVV/category/bebidas-y-licores/vinos-y-espumantes/vinos-botellon-y-otros.json?categories=bebidas-y-licores&categories=vinos-y-espumantes&categories=vinos-botellon-y-otros,2026-02-18T12:45:56
34393,Vino Gato merlot 1.5 L,Gato,1 un,litro,5290,5290,,False,,$3.527 x litro,$3.527 x litro,https://www.unimarc.cl/vino-mer-gato-1-5-lt-bot/p,https://unimarc.vtexassets.com/arquivos/ids/232207/000000000000192845-UN-01.jpg?v=638139056615630000,Vinos Y Espumantes,Vinos botellón y otros,https://www.unimarc.cl/category/bebidas-y-licores/vinos-y-espumantes/vinos-botellon-y-otros,https://www.unimarc.cl/_next/data/0ucQ92dO_m9T9joH0FjVV/category/bebidas-y-licores/vinos-y-espumantes/vinos-botellon-y-otros.json?categories=bebidas-y-licores&categories=vinos-y-espumantes&categories=vinos-botellon-y-otros,2026-02-18T12:45:56
92056,Sangría mix Lola caja 1.5 L,Lola,1 un,litro,5450,5450,,False,,$3.633 x litro,$3.633 x litro,https://www.unimarc.cl/sangria-mix-lola-1-5-lt-caja/p,https://unimarc.vtexassets.com/arquivos/ids/250684/000000000000682174-UN-01.jpg?v=638906258817600000,Vinos Y Espumantes,Vinos botellón y otros,https://www.unimarc.cl/category/bebidas-y-licores/vinos-y-espumantes/vinos-botellon-y-otros,https://www.unimarc.cl/_next/data/0ucQ92dO_m9T9joH0FjVV/category/bebidas-y-licores/vinos-y-espumantes/vinos-botellon-y-otros.json?categories=bebidas-y-licores&categories=vinos-y-espumantes&categories=vinos-botellon-y-otros,2026-02-18T12:45:56
33850,Vino tinto Concha y Toro exportación 1.5 L,Concha Y Toro,1 un,litro,4790,4790,,False,,$3.193 x litro,$3.193 x litro,https://www.unimarc.cl/vino-tto-exp-c-toro-1-5lt-bot/p,https://unimarc.vtexassets.com/arquivos/ids/203134/000000000000140170-UN-01.jpg?v=637388480717500000,Vinos Y Espumantes,Vinos botellón y otros,https://www.unimarc.cl/category/bebidas-y-licores/vinos-y-espumantes/vinos-botellon-y-otros,https://www.unimarc.cl/_next/data/0ucQ92dO_m9T9joH0FjVV/category/bebidas-y-licores/vinos-y-espumantes/vinos-botellon-y-otros.json?categories=bebidas-y-licores&categories=vinos-y-espumantes&categories=vinos-botellon-y-otros,2026-02-18T12:45:56
12744,Vino 120 Santa Rita gran edición cabernet sauvignon 1.5 L,Santa Rita,1 un,litro,5350,5350,,False,,$3.567 x litro,$3.567 x litro,https://www.unimarc.cl/vino-cab-sy-g-ed-srita-1-5lt-bot/p,https://unimarc.vtexassets.com/arquivos/ids/243987/000000000000528786-UN-01.jpg?v=638617458068130000,Vinos Y Espumantes,Vinos botellón y otros,https://www.unimarc.cl/category/bebidas-y-licores/vinos-y-espumantes/vinos-botellon-y-otros,https://www.unimarc.cl/_next/data/0ucQ92dO_m9T9joH0FjVV/category/bebidas-y-licores/vinos-y-espumantes/vinos-botellon-y-otros.json?categories=bebidas-y-licores&categories=vinos-y-espumantes&categories=vinos-botellon-y-otros,2026-02-18T12:45:56
87685,Cóctel de vino Exportación naranja manzana botella 1.5 L,Exportacion,1 un,litro,4990,4990,,False,,$3.327 x litro,$3.327 x litro,https://www.unimarc.cl/vino-coct-nar-manz-exportacion-1-5lt-bot/p,https://unimarc.vtexassets.com/arquivos/ids/242960/000000000000669467-UN-01.jpg?v=638569391853730000,Vinos Y Espumantes,Vinos botellón y otros,https://www.unimarc.cl/category/bebidas-y-licores/vinos-y-espumantes/vinos-botellon-y-otros,https://www.unimarc.cl/_next/data/0ucQ92dO_m9T9joH0FjVV/category/bebidas-y-licores/vinos-y-espumantes/vinos-botellon-y-otros.json?categories=bebidas-y-licores&categories=vinos-y-espumantes&categories=vinos-botellon-y-otros,2026-02-18T12:45:56
14069,Sangria Clos De Pirque 1.5 L,Clos De Pirque,1 un,litro,4490,4490,,False,,$2.993 x litro,$2.993 x litro,https://www.unimarc.cl/sangria-clos-de-pirque-1-5lt-cj/p,https://unimarc.vtexassets.com/arquivos/ids/203918/000000000000626616-UN-01.jpg?v=637397049501100000,Vinos Y Espumantes,Vinos botellón y otros,https://www.unimarc.cl/category/bebidas-y-licores/vinos-y-espumantes/vinos-botellon-y-otros,https://www.unimarc.cl/_next/data/0ucQ92dO_m9T9joH0FjVV/category/bebidas-y-licores/vinos-y-espumantes/vinos-botellon-y-otros.json?categories=bebidas-y-licores&categories=vinos-y-espumantes&categories=vinos-botellon-y-otros,2026-02-18T12:45:56
85724,Sidra de frutos rojos outcider flo botella 330ml,Outcider,1 un,litro,2290,2290,,False,,$6.939 x litro,$6.939 x litro,https://www.unimarc.cl/sidra-frutos-rojos-flo-outcider-330c-bot/p,https://unimarc.vtexassets.com/arquivos/ids/236097/000000000000665612-UN-01.jpg?v=638337542784830000,Vinos Y Espumantes,Vinos botellón y otros,https://www.unimarc.cl/category/bebidas-y-licores/vinos-y-espumantes/vinos-botellon-y-otros,https://www.unimarc.cl/_next/data/0ucQ92dO_m9T9joH0FjVV/category/bebidas-y-licores/vinos-y-espumantes/vinos-botellon-y-otros.json?categories=bebidas-y-licores&categories=vinos-y-espumantes&categories=vinos-botellon-y-otros,2026-02-18T12:45:56
87688,Cóctel de vino Exportación frutilla botella 1.5 L,Exportacion,1 un,litro,4990,4990,,False,,$3.327 x litro,$3.327 x litro,https://www.unimarc.cl/vino-coct-frutilla-exportacion-1-5lt-bot/p,https://unimarc.vtexassets.com/arquivos/ids/242963/000000000000669470-UN-01.jpg?v=638569393765230000,Vinos Y Espumantes,Vinos botellón y otros,https://www.unimarc.cl/category/bebidas-y-licores/vinos-y-espumantes/vinos-botellon-y-otros,https://www.unimarc.cl/_next/data/0ucQ92dO_m9T9joH0FjVV/category/bebidas-y-licores/vinos-y-espumantes/vinos-botellon-y-otros.json?categories=bebidas-y-licores&categories=vinos-y-espumantes&categories=vinos-botellon-y-otros,2026-02-18T12:45:56
80398,Cóctel de vino tinto Exportación selección dulce botellón 1.5 L,Exportacion,1 un,litro,4990,4990,,False,,$3.327 x litro,$3.327 x litro,https://www.unimarc.cl/vino-tto-sel-dulce-exportacion-1-5lt-bot/p,https://unimarc.vtexassets.com/arquivos/ids/223267/000000000000653569-UN-01.jpg?v=638326459265230000,Vinos Y Espumantes,Vinos botellón y otros,https://www.unimarc.cl/category/bebidas-y-licores/vinos-y-espumantes/vinos-botellon-y-otros,https://www.unimarc.cl/_next/data/0ucQ92dO_m9T9joH0FjVV/category/bebidas-y-licores/vinos-y-espumantes/vinos-botellon-y-otros.json?categories=bebidas-y-licores&categories=vinos-y-espumantes&categories=vinos-botellon-y-otros,2026-02-18T12:45:56
87689,Cóctel de vino Exportación durazno botella 1.5 L,Exportacion,1 un,litro,4990,4990,,False,,$3.327 x litro,$3.327 x litro,https://www.unimarc.cl/vino-coct-durazno-exportacion-1-5lt-bot/p,https://unimarc.vtexassets.com/arquivos/ids/242964/000000000000669471-UN-01.jpg?v=638569394416200000,Vinos Y Espumantes,Vinos botellón y otros,https://www.unimarc.cl/category/bebidas-y-licores/vinos-y-espumantes/vinos-botellon-y-otros,https://www.unimarc.cl/_next/data/0ucQ92dO_m9T9joH0FjVV/category/bebidas-y-licores/vinos-y-espumantes/vinos-botellon-y-otros.json?categories=bebidas-y-licores&categories=vinos-y-espumantes&categories=vinos-botellon-y-otros,2026-02-18T12:45:56
83859,Sangría Lola sparkling botella 330 ml,Lola,1 un,litro,2150,2150,,False,,$6.515 x litro,$6.515 x litro,https://www.unimarc.cl/vino-sangria-sparkling-lola-330-ml-bot/p,https://unimarc.vtexassets.com/arquivos/ids/233213/000000000000645340-UN-01.jpg?v=638194116073600000,Vinos Y Espumantes,Vinos botellón y otros,https://www.unimarc.cl/category/bebidas-y-licores/vinos-y-espumantes/vinos-botellon-y-otros,https://www.unimarc.cl/_next/data/0ucQ92dO_m9T9joH0FjVV/category/bebidas-y-licores/vinos-y-espumantes/vinos-botellon-y-otros.json?categories=bebidas-y-licores&categories=vinos-y-espumantes&categories=vinos-botellon-y-otros,2026-02-18T12:45:56
12987,Vino 120 Santa Rita cabernet sauvignon carmenere 1.5 L,Santa Rita,1 un,litro,5350,5350,,False,,$3.567 x litro,$3.567 x litro,https://www.unimarc.cl/vino-cs-carm-120-srita-1-5lt-bot/p,https://unimarc.vtexassets.com/arquivos/ids/169803/VINO-CS-CARM-120-SRITA-15LT-BOT-1-5660.jpg?v=636584346085600000,Vinos Y Espumantes,Vinos botellón y otros,https://www.unimarc.cl/category/bebidas-y-licores/vinos-y-espumantes/vinos-botellon-y-otros,https://www.unimarc.cl/_next/data/0ucQ92dO_m9T9joH0FjVV/category/bebidas-y-licores/vinos-y-espumantes/vinos-botellon-y-otros.json?categories=bebidas-y-licores&categories=vinos-y-espumantes&categories=vinos-botellon-y-otros,2026-02-18T12:45:56
11323,Sangría Lola mola 750 cc,Lola,1 un,litro,6750,6750,,False,,$9.000 x litro,$9.000 x litro,https://www.unimarc.cl/sangria-original-lola-750cc-bot/p,https://unimarc.vtexassets.com/arquivos/ids/178927/000000000000622962-UN.jpg?v=636734033316030000,Vinos Y Espumantes,Vinos botellón y otros,https://www.unimarc.cl/category/bebidas-y-licores/vinos-y-espumantes/vinos-botellon-y-otros,https://www.unimarc.cl/_next/data/0ucQ92dO_m9T9joH0FjVV/category/bebidas-y-licores/vinos-y-espumantes/vinos-botellon-y-otros.json?categories=bebidas-y-licores&categories=vinos-y-espumantes&categories=vinos-botellon-y-otros,2026-02-18T12:45:56
33809,Vino blanco Gato botellón 1.5 L,Gato,1 un,litro,5290,5290,,False,,$3.527 x litro,$3.527 x litro,https://www.unimarc.cl/vino-bco-gato-1-5-lt-bot/p,https://unimarc.vtexassets.com/arquivos/ids/232192/000000000000134121-UN-01.jpg?v=638138872707100000,Vinos Y Espumantes,Vinos botellón y otros,https://www.unimarc.cl/category/bebidas-y-licores/vinos-y-espumantes/vinos-botellon-y-otros,https://www.unimarc.cl/_next/data/0ucQ92dO_m9T9joH0FjVV/category/bebidas-y-licores/vinos-y-espumantes/vinos-botellon-y-otros.json?categories=bebidas-y-licores&categories=vinos-y-espumantes&categories=vinos-botellon-y-otros,2026-02-18T12:45:56
34507,Cooler Manquehuito piña lata 6 un de 350 cc,Manquehuito,1 un,litro,6790,6790,,False,,$3.233 x litro,$3.233 x litro,https://www.unimarc.cl/vino-manquehuito-cooler-pina-lata-350-cc/p,https://unimarc.vtexassets.com/arquivos/ids/249948/000000000000209740-DIS-01.jpg?v=638875006056500000,Vinos Y Espumantes,Vinos botellón y otros,https://www.unimarc.cl/category/bebidas-y-licores/vinos-y-espumantes/vinos-botellon-y-otros,https://www.unimarc.cl/_next/data/0ucQ92dO_m9T9joH0FjVV/category/bebidas-y-licores/vinos-y-espumantes/vinos-botellon-y-otros.json?categories=bebidas-y-licores&categories=vinos-y-espumantes&categories=vinos-botellon-y-otros,2026-02-18T12:45:56
85725,Sidra de manzana outcider eva botella 330ml,Outcider,1 un,litro,2290,2290,,False,,$6.939 x litro,$6.939 x litro,https://www.unimarc.cl/sidra-manzana-eva-outcider-330-cc-bot/p,https://unimarc.vtexassets.com/arquivos/ids/236098/000000000000665613-UN-01.jpg?v=638337542788770000,Vinos Y Espumantes,Vinos botellón y otros,https://www.unimarc.cl/category/bebidas-y-licores/vinos-y-espumantes/vinos-botellon-y-otros,https://www.unimarc.cl/_next/data/0ucQ92dO_m9T9joH0FjVV/category/bebidas-y-licores/vinos-y-espumantes/vinos-botellon-y-otros.json?categories=bebidas-y-licores&categories=vinos-y-espumantes&categories=vinos-botellon-y-otros,2026-02-18T12:45:56
92973,Cóctel de vino Exportación cereza botella 1.5 L,Exportacion,1 un,litro,4990,4990,,False,,$3.327 x litro,$3.327 x litro,https://www.unimarc.cl/vino-coct-frut-cereza-exportacion-1-5bot/p,https://unimarc.vtexassets.com/arquivos/ids/251472/000000000000687201-UN-01.jpg?v=638936495846670000,Vinos Y Espumantes,Vinos botellón y otros,https://www.unimarc.cl/category/bebidas-y-licores/vinos-y-espumantes/vinos-botellon-y-otros,https://www.unimarc.cl/_next/data/0ucQ92dO_m9T9joH0FjVV/category/bebidas-y-licores/vinos-y-espumantes/vinos-botellon-y-otros.json?categories=bebidas-y-licores&categories=vinos-y-espumantes&categories=vinos-botellon-y-otros,2026-02-18T12:45:56
85723,Sidra de manzana outcider newton botella 330ml,Outcider,1 un,litro,2290,2290,,False,,$6.939 x litro,$6.939 x litro,https://www.unimarc.cl/sidra-manzana-newton-outcider-330-cc-bot/p,https://unimarc.vtexassets.com/arquivos/ids/236096/000000000000665611-UN-01.jpg?v=638337542782030000,Vinos Y Espumantes,Vinos botellón y otros,https://www.unimarc.cl/category/bebidas-y-licores/vinos-y-espumantes/vinos-botellon-y-otros,https://www.unimarc.cl/_next/data/0ucQ92dO_m9T9joH0FjVV/category/bebidas-y-licores/vinos-y-espumantes/vinos-botellon-y-otros.json?categories=bebidas-y-licores&categories=vinos-y-espumantes&categories=vinos-botellon-y-otros,2026-02-18T12:45:56
84334,Cooler Manquehuito piña botella 750 cc,Manquehuito,1 un,litro,2990,2990,,False,,$3.987 x litro,$3.987 x litro,https://www.unimarc.cl/ponche-pina-manquehuito-750-cc-bot/p,https://unimarc.vtexassets.com/arquivos/ids/249153/000000000000664041-UN-01.jpg?v=638844882736170000,Vinos Y Espumantes,Vinos botellón y otros,https://www.unimarc.cl/category/bebidas-y-licores/vinos-y-espumantes/vinos-botellon-y-otros,https://www.unimarc.cl/_next/data/0ucQ92dO_m9T9joH0FjVV/category/bebidas-y-licores/vinos-y-espumantes/vinos-botellon-y-otros.json?categories=bebidas-y-licores&categories=vinos-y-espumantes&categories=vinos-botellon-y-otros,2026-02-18T12:45:56
91860,Cooler Manquehuito limón botella 750 cc,Manquehuito,1 un,litro,2990,2990,,False,,$3.987 x litro,$3.987 x litro,https://www.unimarc.cl/ponche-limon-manquehuito-750-cc-bot/p,https://unimarc.vtexassets.com/arquivos/ids/250043/000000000000682471-UN-01.jpg?v=638883842258300000,Vinos Y Espumantes,Vinos botellón y otros,https://www.unimarc.cl/category/bebidas-y-licores/vinos-y-espumantes/vinos-botellon-y-otros,https://www.unimarc.cl/_next/data/0ucQ92dO_m9T9joH0FjVV/category/bebidas-y-licores/vinos-y-espumantes/vinos-botellon-y-otros.json?categories=bebidas-y-licores&categories=vinos-y-espumantes&categories=vinos-botellon-y-otros,2026-02-18T12:45:56
12787,Vino Concha y Toro late harvest 375 cc,Concha Y Toro,1 un,litro,3490,4190,3490,True,Ahorras $700,$9.307 x litro,$11.173 x litro,https://www.unimarc.cl/vino-l-harv-c-toro-375-cc-bot/p,https://unimarc.vtexassets.com/arquivos/ids/203837/000000000000009502-UN-01.jpg?v=637396963706500000,Vinos Y Espumantes,Vino Late harvest,https://www.unimarc.cl/category/bebidas-y-licores/vinos-y-espumantes/vino-late-harvest,https://www.unimarc.cl/_next/data/0ucQ92dO_m9T9joH0FjVV/category/bebidas-y-licores/vinos-y-espumantes/vino-late-harvest.json?categories=bebidas-y-licores&categories=vinos-y-espumantes&categories=vino-late-harvest,2026-02-18T12:46:03
4282,Vino Santa Rita late harvest 500 cc,Santa Rita,1 un,litro,3890,4890,3890,True,Ahorras $1.000,$7.780 x litro,$9.780 x litro,https://www.unimarc.cl/vino-l-harv-sta-rita-500-cc-bot/p,https://unimarc.vtexassets.com/arquivos/ids/165503/vino-l-harv-sta-rita-500-cc-bot.jpg?v=636543121172770000,Vinos Y Espumantes,Vino Late harvest,https://www.unimarc.cl/category/bebidas-y-licores/vinos-y-espumantes/vino-late-harvest,https://www.unimarc.cl/_next/data/0ucQ92dO_m9T9joH0FjVV/category/bebidas-y-licores/vinos-y-espumantes/vino-late-harvest.json?categories=bebidas-y-licores&categories=vinos-y-espumantes&categories=vino-late-harvest,2026-02-18T12:46:03
82399,Vino late harvest Misiones de Rengo botella 750 cc,Misiones De Rengo,1 un,litro,4990,5990,4990,True,Ahorras $1.000,$6.653 x litro,$7.987 x litro,https://www.unimarc.cl/vino-l-harvest-misiones-rengo-750-cc-bot/p,https://unimarc.vtexassets.com/arquivos/ids/230026/000000000000661643-UN-01.jpg?v=638023048916200000,Vinos Y Espumantes,Vino Late harvest,https://www.unimarc.cl/category/bebidas-y-licores/vinos-y-espumantes/vino-late-harvest,https://www.unimarc.cl/_next/data/0ucQ92dO_m9T9joH0FjVV/category/bebidas-y-licores/vinos-y-espumantes/vino-late-harvest.json?categories=bebidas-y-licores&categories=vinos-y-espumantes&categories=vino-late-harvest,2026-02-18T12:46:03
89149,Vino Misiones de Rengo late harvest rosé 750 cc,Misiones De Rengo,1 un,litro,5790,6490,5790,True,Ahorras $700,$7.720 x litro,$8.653 x litro,https://www.unimarc.cl/vino-l-harvest-rose-misiones-dr-750c-bot/p,https://unimarc.vtexassets.com/arquivos/ids/243964/000000000000671078-UN-01.jpg?v=638616687750370000,Vinos Y Espumantes,Vino Late harvest,https://www.unimarc.cl/category/bebidas-y-licores/vinos-y-espumantes/vino-late-harvest,https://www.unimarc.cl/_next/data/0ucQ92dO_m9T9joH0FjVV/category/bebidas-y-licores/vinos-y-espumantes/vino-late-harvest.json?categories=bebidas-y-licores&categories=vinos-y-espumantes&categories=vino-late-harvest,2026-02-18T12:46:03
80876,Vino late harvest rosé Concha y Toro botella 375 cc,Concha Y Toro,1 un,litro,3490,4190,3490,True,Ahorras $700,$9.307 x litro,$11.173 x litro,https://www.unimarc.cl/vino-late-harvest-rose-c-toro-375-cc-bot/p,https://unimarc.vtexassets.com/arquivos/ids/224051/000000000000654776-UN-01.jpg?v=637799506154700000,Vinos Y Espumantes,Vino Late harvest,https://www.unimarc.cl/category/bebidas-y-licores/vinos-y-espumantes/vino-late-harvest,https://www.unimarc.cl/_next/data/0ucQ92dO_m9T9joH0FjVV/category/bebidas-y-licores/vinos-y-espumantes/vino-late-harvest.json?categories=bebidas-y-licores&categories=vinos-y-espumantes&categories=vino-late-harvest,2026-02-18T12:46:03
3883,Vino Gran Tarapacá late harvest 500 cc,Tarapaca,1 un,litro,4490,5650,4490,True,Ahorras $1.160,$8.980 x litro,$11.300 x litro,https://www.unimarc.cl/vino-l-harv-tarap-500-cc-bot/p,https://unimarc.vtexassets.com/arquivos/ids/232475/000000000000150783-UN-01.jpg?v=638168394270770000,Vinos Y Espumantes,Vino Late harvest,https://www.unimarc.cl/category/bebidas-y-licores/vinos-y-espumantes/vino-late-harvest,https://www.unimarc.cl/_next/data/0ucQ92dO_m9T9joH0FjVV/category/bebidas-y-licores/vinos-y-espumantes/vino-late-harvest.json?categories=bebidas-y-licores&categories=vinos-y-espumantes&categories=vino-late-harvest,2026-02-18T12:46:03
82654,Vino Late Harvest Concha y Toro frontera botella 750 cc,Concha Y Toro,1 un,litro,3990,3990,,False,,$5.320 x litro,$5.320 x litro,https://www.unimarc.cl/vino-l-harvest-frontera-c-toro-750cc-bot/p,https://unimarc.vtexassets.com/arquivos/ids/230024/000000000000662016-UN-01.jpg?v=638023040501700000,Vinos Y Espumantes,Vino Late harvest,https://www.unimarc.cl/category/bebidas-y-licores/vinos-y-espumantes/vino-late-harvest,https://www.unimarc.cl/_next/data/0ucQ92dO_m9T9joH0FjVV/category/bebidas-y-licores/vinos-y-espumantes/vino-late-harvest.json?categories=bebidas-y-licores&categories=vinos-y-espumantes&categories=vino-late-harvest,2026-02-18T12:46:03
88164,Vino Casillero del Diablo late harvest 750 cc,Casillero Del Diablo,1 un,litro,5990,5990,,False,,$7.987 x litro,$7.987 x litro,https://www.unimarc.cl/vino-late-harvest-c-del-diablo-750cc-bot/p,https://unimarc.vtexassets.com/arquivos/ids/243408/000000000000669592-UN-01.jpg?v=638580389838770000,Vinos Y Espumantes,Vino Late harvest,https://www.unimarc.cl/category/bebidas-y-licores/vinos-y-espumantes/vino-late-harvest,https://www.unimarc.cl/_next/data/0ucQ92dO_m9T9joH0FjVV/category/bebidas-y-licores/vinos-y-espumantes/vino-late-harvest.json?categories=bebidas-y-licores&categories=vinos-y-espumantes&categories=vino-late-harvest,2026-02-18T12:46:03
40582,Vino Castillo de Molina late harvest 500 cc,Castillo De Molina,1 un,litro,5490,5490,,False,,$10.980 x litro,$10.980 x litro,https://www.unimarc.cl/vino-l-harv-c-molina-500-cc-bot/p,https://unimarc.vtexassets.com/arquivos/ids/221497/000000000000632256-UN-01.jpg?v=637720617713430000,Vinos Y Espumantes,Vino Late harvest,https://www.unimarc.cl/category/bebidas-y-licores/vinos-y-espumantes/vino-late-harvest,https://www.unimarc.cl/_next/data/0ucQ92dO_m9T9joH0FjVV/category/bebidas-y-licores/vinos-y-espumantes/vino-late-harvest.json?categories=bebidas-y-licores&categories=vinos-y-espumantes&categories=vino-late-harvest,2026-02-18T12:46:03
12853,Vino late harvest Francisco de Aguirre Prologo 12° botella 375 cc,Prologo,1 un,litro,3590,3590,,False,,$9.573 x litro,$9.573 x litro,https://www.unimarc.cl/vino-l-harv-prologo-375-cc-bot/p,https://unimarc.vtexassets.com/arquivos/ids/205150/000000000000145848-UN-01.jpg?v=637412690726000000,Vinos Y Espumantes,Vino Late harvest,https://www.unimarc.cl/category/bebidas-y-licores/vinos-y-espumantes/vino-late-harvest,https://www.unimarc.cl/_next/data/0ucQ92dO_m9T9joH0FjVV/category/bebidas-y-licores/vinos-y-espumantes/vino-late-harvest.json?categories=bebidas-y-licores&categories=vinos-y-espumantes&categories=vino-late-harvest,2026-02-18T12:46:03
82397,Vino late harvest Misiones de Rengo 375 ml,Misiones De Rengo,1 un,litro,3990,3990,,False,,$10.640 x litro,$10.640 x litro,https://www.unimarc.cl/vino-l-harvest-misiones-rengo-375-ml-bot/p,https://unimarc.vtexassets.com/arquivos/ids/229687/000000000000661212-UN-01.jpg?v=638006702362800000,Vinos Y Espumantes,Vino Late harvest,https://www.unimarc.cl/category/bebidas-y-licores/vinos-y-espumantes/vino-late-harvest,https://www.unimarc.cl/_next/data/0ucQ92dO_m9T9joH0FjVV/category/bebidas-y-licores/vinos-y-espumantes/vino-late-harvest.json?categories=bebidas-y-licores&categories=vinos-y-espumantes&categories=vino-late-harvest,2026-02-18T12:46:03
89995,Cóctel de vino Donnaluna rossato botella 750 cc,Donnaluna,1 un,litro,5943,8490,5943,True,Ahorras $2.547,$7.924 x litro,$11.320 x litro,https://www.unimarc.cl/vino-rossato-donnaluna-750-cc-bot/p,https://unimarc.vtexassets.com/arquivos/ids/245412/000000000000672456-UN-01.jpg?v=638677206564270000,Vinos Y Espumantes,Vino rosé,https://www.unimarc.cl/category/bebidas-y-licores/vinos-y-espumantes/vino-rose,https://www.unimarc.cl/_next/data/0ucQ92dO_m9T9joH0FjVV/category/bebidas-y-licores/vinos-y-espumantes/vino-rose.json?categories=bebidas-y-licores&categories=vinos-y-espumantes&categories=vino-rose,2026-02-18T12:46:09
91624,Vino Sutil Bella rosé botella 750 cc,Sutil,1 un,litro,6390,7990,6390,True,Ahorras $1.600,$8.520 x litro,$10.653 x litro,https://www.unimarc.cl/vino-rose-bella-sutil-750-cc-bot/p,https://unimarc.vtexassets.com/arquivos/ids/249198/000000000000675932-UN-01.jpg?v=638848108103530000,Vinos Y Espumantes,Vino rosé,https://www.unimarc.cl/category/bebidas-y-licores/vinos-y-espumantes/vino-rose,https://www.unimarc.cl/_next/data/0ucQ92dO_m9T9joH0FjVV/category/bebidas-y-licores/vinos-y-espumantes/vino-rose.json?categories=bebidas-y-licores&categories=vinos-y-espumantes&categories=vino-rose,2026-02-18T12:46:09
82657,Vino rosé Cono Sur bicicleta botella 750 cc,Cono Sur,1 un,litro,3490,3990,3490,True,Ahorras $500,$4.653 x litro,$5.320 x litro,https://www.unimarc.cl/vino-rose-bicicleta-cono-sur-750-cc-bot/p,https://unimarc.vtexassets.com/arquivos/ids/242808/000000000000662074-UN-01.jpg?v=638561430325900000,Vinos Y Espumantes,Vino rosé,https://www.unimarc.cl/category/bebidas-y-licores/vinos-y-espumantes/vino-rose,https://www.unimarc.cl/_next/data/0ucQ92dO_m9T9joH0FjVV/category/bebidas-y-licores/vinos-y-espumantes/vino-rose.json?categories=bebidas-y-licores&categories=vinos-y-espumantes&categories=vino-rose,2026-02-18T12:46:09
4297,Vino Carmen aperitiv rosé 750 cc,Carmen,1 un,litro,2890,3190,2890,True,Ahorras $300,$3.853 x litro,$4.253 x litro,https://www.unimarc.cl/vino-rose-aper-carmen-750-cc-bot/p,https://unimarc.vtexassets.com/arquivos/ids/165349/vino-rose-aper-carmen-750-cc-bot.jpg?v=636543115944070000,Vinos Y Espumantes,Vino rosé,https://www.unimarc.cl/category/bebidas-y-licores/vinos-y-espumantes/vino-rose,https://www.unimarc.cl/_next/data/0ucQ92dO_m9T9joH0FjVV/category/bebidas-y-licores/vinos-y-espumantes/vino-rose.json?categories=bebidas-y-licores&categories=vinos-y-espumantes&categories=vino-rose,2026-02-18T12:46:09
89247,Vino Diablo luminous rosé botella 750 cc,Diablo,1 un,litro,7990,7990,,False,,$10.653 x litro,$10.653 x litro,https://www.unimarc.cl/vino-rose-luminous-diablo-750-ml-bot/p,https://unimarc.vtexassets.com/arquivos/ids/244580/000000000000671643-UN-01.jpg?v=638663482273130000,Vinos Y Espumantes,Vino rosé,https://www.unimarc.cl/category/bebidas-y-licores/vinos-y-espumantes/vino-rose,https://www.unimarc.cl/_next/data/0ucQ92dO_m9T9joH0FjVV/category/bebidas-y-licores/vinos-y-espumantes/vino-rose.json?categories=bebidas-y-licores&categories=vinos-y-espumantes&categories=vino-rose,2026-02-18T12:46:09
80812,Vino Vik rosé piu belle botella 750 cc,Vik,1 un,litro,22590,22590,,False,,$30.120 x litro,$30.120 x litro,https://www.unimarc.cl/vino-rose-piu-belle-vik-750-cc-bot/p,https://unimarc.vtexassets.com/arquivos/ids/223700/000000000000654678-UN-01.jpg?v=637791104504870000,Vinos Y Espumantes,Vino rosé,https://www.unimarc.cl/category/bebidas-y-licores/vinos-y-espumantes/vino-rose,https://www.unimarc.cl/_next/data/0ucQ92dO_m9T9joH0FjVV/category/bebidas-y-licores/vinos-y-espumantes/vino-rose.json?categories=bebidas-y-licores&categories=vinos-y-espumantes&categories=vino-rose,2026-02-18T12:46:09
86988,Vino Sinzero rosé botella 750 cc,Sinzero,1 un,litro,7490,7490,,False,,$9.987 x litro,$9.987 x litro,https://www.unimarc.cl/vino-rose-sinzero-750-cc-bot/p,https://unimarc.vtexassets.com/arquivos/ids/238582/000000000000667675-UN-01.jpg?v=638488751945630000,Vinos Y Espumantes,Vino rosé,https://www.unimarc.cl/category/bebidas-y-licores/vinos-y-espumantes/vino-rose,https://www.unimarc.cl/_next/data/0ucQ92dO_m9T9joH0FjVV/category/bebidas-y-licores/vinos-y-espumantes/vino-rose.json?categories=bebidas-y-licores&categories=vinos-y-espumantes&categories=vino-rose,2026-02-18T12:46:09
86922,Cóctel de vino Gato selección dulce rosé botella 1.5 L,Gato,,,0,0,,False,,,,https://www.unimarc.cl/coctel-de-vino-rose-dulce-gato-1-5lt-bot/p,https://unimarc.vtexassets.com/arquivos/ids/238037/000000000000666004-UN-01.jpg?v=638457667308300000,Vinos Y Espumantes,Vino rosé,https://www.unimarc.cl/category/bebidas-y-licores/vinos-y-espumantes/vino-rose,https://www.unimarc.cl/_next/data/0ucQ92dO_m9T9joH0FjVV/category/bebidas-y-licores/vinos-y-espumantes/vino-rose.json?categories=bebidas-y-licores&categories=vinos-y-espumantes&categories=vino-rose,2026-02-18T12:46:09
96276,Cóctel de vino 120 spritz tinto de verano botella 1.5 L,120 Santa Rita,1 un,litro,3990,5090,3990,True,Ahorras $1.100,$2.660 x litro,$3.393 x litro,https://www.unimarc.cl/coctel-vino-tto-spritz-verano-120-1-5bot/p,https://unimarc.vtexassets.com/arquivos/ids/255965/000000000000695783-UN-01.jpg?v=639059190684470000,Destilados Y Licores,Cóctel,https://www.unimarc.cl/category/bebidas-y-licores/destilados-y-licores/coctel,https://www.unimarc.cl/_next/data/0ucQ92dO_m9T9joH0FjVV/category/bebidas-y-licores/destilados-y-licores/coctel.json?categories=bebidas-y-licores&categories=destilados-y-licores&categories=coctel,2026-02-18T12:46:16
88696,Cóctel Mistral ice blend lata 355 cc,Mistral,1 un,litro,1690,1690,,False,,$4.761 x litro,$4.761 x litro,https://www.unimarc.cl/coctel-mistral-ice-blend-355-cc-lata/p,https://unimarc.vtexassets.com/arquivos/ids/243740/000000000000670405-UN-01.jpg?v=638603654735470000,Destilados Y Licores,Cóctel,https://www.unimarc.cl/category/bebidas-y-licores/destilados-y-licores/coctel,https://www.unimarc.cl/_next/data/0ucQ92dO_m9T9joH0FjVV/category/bebidas-y-licores/destilados-y-licores/coctel.json?categories=bebidas-y-licores&categories=destilados-y-licores&categories=coctel,2026-02-18T12:46:16
93583,Cóctel Mistral ice sabor maqui granada 275 cc,Mistral Ice,1 un,litro,1690,1690,,False,,$6.145 x litro,$6.145 x litro,https://www.unimarc.cl/coctel-mistral-ice-maqui-granada-275-bot/p,https://unimarc.vtexassets.com/arquivos/ids/252582/000000000000691314-UN-01.jpg?v=638974228924900000,Destilados Y Licores,Cóctel,https://www.unimarc.cl/category/bebidas-y-licores/destilados-y-licores/coctel,https://www.unimarc.cl/_next/data/0ucQ92dO_m9T9joH0FjVV/category/bebidas-y-licores/destilados-y-licores/coctel.json?categories=bebidas-y-licores&categories=destilados-y-licores&categories=coctel,2026-02-18T12:46:16
96275,Cóctel de vino 120 spritz rosato botella 1.5 L,120 Santa Rita,1 un,litro,3990,5090,3990,True,Ahorras $1.100,$2.660 x litro,$3.393 x litro,https://www.unimarc.cl/coctel-vino-spritz-rosato-120-1-5-lt-bot/p,https://unimarc.vtexassets.com/arquivos/ids/255968/000000000000695782-UN-01.jpg?v=639059193364530000,Destilados Y Licores,Cóctel,https://www.unimarc.cl/category/bebidas-y-licores/destilados-y-licores/coctel,https://www.unimarc.cl/_next/data/0ucQ92dO_m9T9joH0FjVV/category/bebidas-y-licores/destilados-y-licores/coctel.json?categories=bebidas-y-licores&categories=destilados-y-licores&categories=coctel,2026-02-18T12:46:16
91717,Cóctel Alto del Carmen ice berries frutos rojos 275 cc,Alto Del Carmen,1 un,litro,1390,1390,,False,,$5.055 x litro,$5.055 x litro,https://www.unimarc.cl/coctel-berries-alto-d-carm-ice-275ml-bot/p,https://unimarc.vtexassets.com/arquivos/ids/249636/000000000000675398-UN-01.jpg?v=638854268092270000,Destilados Y Licores,Cóctel,https://www.unimarc.cl/category/bebidas-y-licores/destilados-y-licores/coctel,https://www.unimarc.cl/_next/data/0ucQ92dO_m9T9joH0FjVV/category/bebidas-y-licores/destilados-y-licores/coctel.json?categories=bebidas-y-licores&categories=destilados-y-licores&categories=coctel,2026-02-18T12:46:16
6569,Pisco Sour Campanario 1 L,Campanario,1 un,litro,4390,5690,4390,True,Ahorras $1.300,$4.390 x litro,$5.690 x litro,https://www.unimarc.cl/pisco-sour-campanario-1lt-bot/p,https://unimarc.vtexassets.com/arquivos/ids/255944/000000000000786457-UN-01.jpg?v=639057495708700000,Destilados Y Licores,Cóctel,https://www.unimarc.cl/category/bebidas-y-licores/destilados-y-licores/coctel,https://www.unimarc.cl/_next/data/0ucQ92dO_m9T9joH0FjVV/category/bebidas-y-licores/destilados-y-licores/coctel.json?categories=bebidas-y-licores&categories=destilados-y-licores&categories=coctel,2026-02-18T12:46:16
93846,Cóctel Mistral ice low lima limón botella 275 cc,Mistral Ice,1 un,litro,1690,1690,,False,,$6.145 x litro,$6.145 x litro,https://www.unimarc.cl/coctel-mistral-ice-low-275-cc-bot/p,https://unimarc.vtexassets.com/arquivos/ids/253729/000000000000675170-UN-01.jpg?v=639004569407570000,Destilados Y Licores,Cóctel,https://www.unimarc.cl/category/bebidas-y-licores/destilados-y-licores/coctel,https://www.unimarc.cl/_next/data/0ucQ92dO_m9T9joH0FjVV/category/bebidas-y-licores/destilados-y-licores/coctel.json?categories=bebidas-y-licores&categories=destilados-y-licores&categories=coctel,2026-02-18T12:46:16
77247,Cóctel Alto del Carmen ice fresh 275 ml,Alto Del Carmen,1 un,litro,1390,1390,,False,,$5.055 x litro,$5.055 x litro,https://www.unimarc.cl/coctel-ice-fresh-alto-d-carmen-275cc-bot/p,https://unimarc.vtexassets.com/arquivos/ids/249633/000000000000650199-UN-01.jpg?v=638854267108270000,Destilados Y Licores,Cóctel,https://www.unimarc.cl/category/bebidas-y-licores/destilados-y-licores/coctel,https://www.unimarc.cl/_next/data/0ucQ92dO_m9T9joH0FjVV/category/bebidas-y-licores/destilados-y-licores/coctel.json?categories=bebidas-y-licores&categories=destilados-y-licores&categories=coctel,2026-02-18T12:46:16
32957,Cóctel Alto del Carmen ice altonic 275 cc,Alto Del Carmen,1 un,litro,1390,1390,,False,,$5.055 x litro,$5.055 x litro,https://www.unimarc.cl/pisco-a-carmen-ice-tonic-275-bot-2/p,https://unimarc.vtexassets.com/arquivos/ids/249630/000000000000622978-UN-01.jpg?v=638854266068700000,Destilados Y Licores,Cóctel,https://www.unimarc.cl/category/bebidas-y-licores/destilados-y-licores/coctel,https://www.unimarc.cl/_next/data/0ucQ92dO_m9T9joH0FjVV/category/bebidas-y-licores/destilados-y-licores/coctel.json?categories=bebidas-y-licores&categories=destilados-y-licores&categories=coctel,2026-02-18T12:46:16
96277,Cóctel de vino 120 spritz blanco tropical botella 1.5 L,120 Santa Rita,1 un,litro,3990,5090,3990,True,Ahorras $1.100,$2.660 x litro,$3.393 x litro,https://www.unimarc.cl/coctel-vino-bco-spritz-tropic-120-1-5bot/p,https://unimarc.vtexassets.com/arquivos/ids/255971/000000000000695784-UN-01.jpg?v=639059194661500000,Destilados Y Licores,Cóctel,https://www.unimarc.cl/category/bebidas-y-licores/destilados-y-licores/coctel,https://www.unimarc.cl/_next/data/0ucQ92dO_m9T9joH0FjVV/category/bebidas-y-licores/destilados-y-licores/coctel.json?categories=bebidas-y-licores&categories=destilados-y-licores&categories=coctel,2026-02-18T12:46:16
89107,Mistral Ice energy en lata 350 cc,Mistral,1 un,litro,1690,1690,,False,,$4.761 x litro,$4.761 x litro,https://www.unimarc.cl/coctel-mistral-ice-energy-355-cc-lata/p,https://unimarc.vtexassets.com/arquivos/ids/244037/000000000000670404-UN-01.jpg?v=638617517928800000,Destilados Y Licores,Cóctel,https://www.unimarc.cl/category/bebidas-y-licores/destilados-y-licores/coctel,https://www.unimarc.cl/_next/data/0ucQ92dO_m9T9joH0FjVV/category/bebidas-y-licores/destilados-y-licores/coctel.json?categories=bebidas-y-licores&categories=destilados-y-licores&categories=coctel,2026-02-18T12:46:16
93546,Pisco Tres Erres frutos rojos botella 1 lt,Tres Erres,1 un,litro,6190,8890,6190,True,Ahorras $2.700,$6.190 x litro,$8.890 x litro,https://www.unimarc.cl/pisco-frutos-rojos-tres-erres-1-lt-bot/p,https://unimarc.vtexassets.com/arquivos/ids/252416/000000000000691316-UN-01.jpg?v=638972853509800000,Destilados Y Licores,Cóctel,https://www.unimarc.cl/category/bebidas-y-licores/destilados-y-licores/coctel,https://www.unimarc.cl/_next/data/0ucQ92dO_m9T9joH0FjVV/category/bebidas-y-licores/destilados-y-licores/coctel.json?categories=bebidas-y-licores&categories=destilados-y-licores&categories=coctel,2026-02-18T12:46:16
93545,Pisco Tres Erres mango maracuyá botella 1 lt,Tres Erres,1 un,litro,6190,8890,6190,True,Ahorras $2.700,$6.190 x litro,$8.890 x litro,https://www.unimarc.cl/pisco-mango-maracuya-tres-erres-1-lt-bot/p,https://unimarc.vtexassets.com/arquivos/ids/252418/000000000000691315-UN-01.jpg?v=638972855325770000,Destilados Y Licores,Cóctel,https://www.unimarc.cl/category/bebidas-y-licores/destilados-y-licores/coctel,https://www.unimarc.cl/_next/data/0ucQ92dO_m9T9joH0FjVV/category/bebidas-y-licores/destilados-y-licores/coctel.json?categories=bebidas-y-licores&categories=destilados-y-licores&categories=coctel,2026-02-18T12:46:16
91259,Licor Mal Paso fusión tropical botella 750 cc,Mal Paso,1 un,litro,9990,14990,9990,True,Ahorras $5.000,$13.320 x litro,$19.987 x litro,https://www.unimarc.cl/licor-fusion-tropical-mal-paso-750ml-bot/p,https://unimarc.vtexassets.com/arquivos/ids/248229/000000000000675562-UN-01.jpg.jpg?v=638808641874900000,Destilados Y Licores,Cóctel,https://www.unimarc.cl/category/bebidas-y-licores/destilados-y-licores/coctel,https://www.unimarc.cl/_next/data/0ucQ92dO_m9T9joH0FjVV/category/bebidas-y-licores/destilados-y-licores/coctel.json?categories=bebidas-y-licores&categories=destilados-y-licores&categories=coctel,2026-02-18T12:46:16
10424,Cóctel Ruta Cocktail sour limón 1.2 L,Ruta Sour,1 un,litro,4990,5990,4990,True,Ahorras $1.000,$4.158 x litro,$4.992 x litro,https://www.unimarc.cl/pisco-coctel-sour-lim-r-sour-1-2-lt-bot/p,https://unimarc.vtexassets.com/arquivos/ids/193086/000000000000632140-UN-01.jpg?v=638563943582970000,Destilados Y Licores,Cóctel,https://www.unimarc.cl/category/bebidas-y-licores/destilados-y-licores/coctel,https://www.unimarc.cl/_next/data/0ucQ92dO_m9T9joH0FjVV/category/bebidas-y-licores/destilados-y-licores/coctel.json?categories=bebidas-y-licores&categories=destilados-y-licores&categories=coctel,2026-02-18T12:46:16
91257,Licor Mal Paso manzana verde botella 750 cc,Mal Paso,1 un,litro,9990,14990,9990,True,Ahorras $5.000,$13.320 x litro,$19.987 x litro,https://www.unimarc.cl/licor-manzana-verde-mal-paso-750-ml-bot/p,https://unimarc.vtexassets.com/arquivos/ids/248228/000000000000675519-UN-01.jpg.jpg?v=638808639124600000,Destilados Y Licores,Cóctel,https://www.unimarc.cl/category/bebidas-y-licores/destilados-y-licores/coctel,https://www.unimarc.cl/_next/data/0ucQ92dO_m9T9joH0FjVV/category/bebidas-y-licores/destilados-y-licores/coctel.json?categories=bebidas-y-licores&categories=destilados-y-licores&categories=coctel,2026-02-18T12:46:16
2955,Piña colada Campanario 700 cc,Campanario,1 un,litro,4190,5390,4190,True,Ahorras $1.200,$5.986 x litro,$7.700 x litro,https://www.unimarc.cl/coctel-p-colada-campanario-700-cc-bot/p,https://unimarc.vtexassets.com/arquivos/ids/242897/000000000000208698-UN-01.jpg?v=638566516229370000,Destilados Y Licores,Cóctel,https://www.unimarc.cl/category/bebidas-y-licores/destilados-y-licores/coctel,https://www.unimarc.cl/_next/data/0ucQ92dO_m9T9joH0FjVV/category/bebidas-y-licores/destilados-y-licores/coctel.json?categories=bebidas-y-licores&categories=destilados-y-licores&categories=coctel,2026-02-18T12:46:16
10425,CÓctel Ruta cocktail mango sour 1.2 L,Ruta Sour,1 un,litro,4990,5990,4990,True,Ahorras $1.000,$4.158 x litro,$4.992 x litro,https://www.unimarc.cl/pisco-coctel-sour-mang-r-sour-1-2-lt-bot/p,https://unimarc.vtexassets.com/arquivos/ids/193087/000000000000632141-UN-01.jpg?v=638563943590770000,Destilados Y Licores,Cóctel,https://www.unimarc.cl/category/bebidas-y-licores/destilados-y-licores/coctel,https://www.unimarc.cl/_next/data/0ucQ92dO_m9T9joH0FjVV/category/bebidas-y-licores/destilados-y-licores/coctel.json?categories=bebidas-y-licores&categories=destilados-y-licores&categories=coctel,2026-02-18T12:46:16
12721,Coctel Mango Sour Campanario 1 L,Campanario,1 un,litro,4390,5690,4390,True,Ahorras $1.300,$4.390 x litro,$5.690 x litro,https://www.unimarc.cl/coctel-mango-sour-campanario-1-lt-bot/p,https://unimarc.vtexassets.com/arquivos/ids/193081/000000000000562182-UN-01.jpg?v=638563943509430000,Destilados Y Licores,Cóctel,https://www.unimarc.cl/category/bebidas-y-licores/destilados-y-licores/coctel,https://www.unimarc.cl/_next/data/0ucQ92dO_m9T9joH0FjVV/category/bebidas-y-licores/destilados-y-licores/coctel.json?categories=bebidas-y-licores&categories=destilados-y-licores&categories=coctel,2026-02-18T12:46:16
91258,Licor Mal Paso vainilla velvet botella 750 cc,Mal Paso,1 un,litro,9990,14990,9990,True,Ahorras $5.000,$13.320 x litro,$19.987 x litro,https://www.unimarc.cl/licor-vainilla-velvet-mal-paso-750ml-bot/p,https://unimarc.vtexassets.com/arquivos/ids/248230/000000000000675561-UN-01.jpg.jpg?v=638808644289300000,Destilados Y Licores,Cóctel,https://www.unimarc.cl/category/bebidas-y-licores/destilados-y-licores/coctel,https://www.unimarc.cl/_next/data/0ucQ92dO_m9T9joH0FjVV/category/bebidas-y-licores/destilados-y-licores/coctel.json?categories=bebidas-y-licores&categories=destilados-y-licores&categories=coctel,2026-02-18T12:46:16
93552,Cóctel sour calafate Estrella del Elqui 750 ml,Estrella Del Elqui,1 un,litro,6590,8390,6590,True,Ahorras $1.800,$8.787 x litro,$11.187 x litro,https://www.unimarc.cl/coctel-sour-calafate-e-del-elqui-750-bot/p,https://unimarc.vtexassets.com/arquivos/ids/252454/000000000000691365-UN-01.jpg?v=638973415465900000,Destilados Y Licores,Cóctel,https://www.unimarc.cl/category/bebidas-y-licores/destilados-y-licores/coctel,https://www.unimarc.cl/_next/data/0ucQ92dO_m9T9joH0FjVV/category/bebidas-y-licores/destilados-y-licores/coctel.json?categories=bebidas-y-licores&categories=destilados-y-licores&categories=coctel,2026-02-18T12:46:16
51705,Cóctel sour Sabor Andino 700 cc,Sabor Andino,1 un,litro,5490,6290,5490,True,Ahorras $800,$7.843 x litro,$8.986 x litro,https://www.unimarc.cl/coctel-sour-sabor-andino-700-cc/p,https://unimarc.vtexassets.com/arquivos/ids/242912/000000000000633673-UN-01.jpg?v=638566530491130000,Destilados Y Licores,Cóctel,https://www.unimarc.cl/category/bebidas-y-licores/destilados-y-licores/coctel,https://www.unimarc.cl/_next/data/0ucQ92dO_m9T9joH0FjVV/category/bebidas-y-licores/destilados-y-licores/coctel.json?categories=bebidas-y-licores&categories=destilados-y-licores&categories=coctel,2026-02-18T12:46:16
73516,Cóctel sour La Pizka natural limón sutil botella 1 L,La Pizka,1 un,litro,15190,15190,,False,,$15.190 x litro,$15.190 x litro,https://www.unimarc.cl/sour-natural-limon-sut-la-pizka-1lt-bot/p,https://unimarc.vtexassets.com/arquivos/ids/202738/000000000000648058-UN-01.jpg?v=637377843345900000,Destilados Y Licores,Cóctel,https://www.unimarc.cl/category/bebidas-y-licores/destilados-y-licores/coctel,https://www.unimarc.cl/_next/data/0ucQ92dO_m9T9joH0FjVV/category/bebidas-y-licores/destilados-y-licores/coctel.json?categories=bebidas-y-licores&categories=destilados-y-licores&categories=coctel,2026-02-18T12:46:16
4334,Cóctel Capel piña colada 12° botella 700 cc,Capel,1 un,litro,4790,5390,4790,True,Ahorras $600,$6.843 x litro,$7.700 x litro,https://www.unimarc.cl/pina-colada-prem-capel-700cc-bot/p,https://unimarc.vtexassets.com/arquivos/ids/245545/000000000000181263-UN-01.jpg?v=638678083832900000,Destilados Y Licores,Cóctel,https://www.unimarc.cl/category/bebidas-y-licores/destilados-y-licores/coctel,https://www.unimarc.cl/_next/data/0ucQ92dO_m9T9joH0FjVV/category/bebidas-y-licores/destilados-y-licores/coctel.json?categories=bebidas-y-licores&categories=destilados-y-licores&categories=coctel,2026-02-18T12:46:16
90099,Cóctel sour mango Estrella del Elqui botella 750 cc,Estrella Del Elqui,1 un,litro,6590,7950,6590,True,Ahorras $1.360,$8.787 x litro,$10.600 x litro,https://www.unimarc.cl/coct-sour-mango-estr-d-elqui-750-cc-bot/p,https://unimarc.vtexassets.com/arquivos/ids/245809/000000000000673291-UN-01.jpg?v=638690878660670000,Destilados Y Licores,Cóctel,https://www.unimarc.cl/category/bebidas-y-licores/destilados-y-licores/coctel,https://www.unimarc.cl/_next/data/0ucQ92dO_m9T9joH0FjVV/category/bebidas-y-licores/destilados-y-licores/coctel.json?categories=bebidas-y-licores&categories=destilados-y-licores&categories=coctel,2026-02-18T12:46:16
56273,Mango sour Sabor Andino 700 cc,Sabor Andino,1 un,litro,5490,6290,5490,True,Ahorras $800,$7.843 x litro,$8.986 x litro,https://www.unimarc.cl/mango-sour-sabor-andino-700-cc/p,https://unimarc.vtexassets.com/arquivos/ids/199391/000000000000636291-UN-01.jpg?v=638563943611170000,Destilados Y Licores,Cóctel,https://www.unimarc.cl/category/bebidas-y-licores/destilados-y-licores/coctel,https://www.unimarc.cl/_next/data/0ucQ92dO_m9T9joH0FjVV/category/bebidas-y-licores/destilados-y-licores/coctel.json?categories=bebidas-y-licores&categories=destilados-y-licores&categories=coctel,2026-02-18T12:46:16
63604,Cóctel Estrella del Elqui sour 14° botella 700 cc,Estrella De Elqui,1 un,litro,6590,7950,6590,True,Ahorras $1.360,$8.787 x litro,$10.600 x litro,https://www.unimarc.cl/coctel-sour-e-d-elqui-700-cc-bot/p,https://unimarc.vtexassets.com/arquivos/ids/205076/000000000000635306-UN-01.jpg?v=638599390663100000,Destilados Y Licores,Cóctel,https://www.unimarc.cl/category/bebidas-y-licores/destilados-y-licores/coctel,https://www.unimarc.cl/_next/data/0ucQ92dO_m9T9joH0FjVV/category/bebidas-y-licores/destilados-y-licores/coctel.json?categories=bebidas-y-licores&categories=destilados-y-licores&categories=coctel,2026-02-18T12:46:16
13408,Cóctel Capel mango colada 12° botella 700 cc,Capel,1 un,litro,4790,5390,4790,True,Ahorras $600,$6.843 x litro,$7.700 x litro,https://www.unimarc.cl/coctel-man-col-capel-700-cc-bot/p,https://unimarc.vtexassets.com/arquivos/ids/245546/000000000000195024-UN-01.jpg?v=638678084317170000,Destilados Y Licores,Cóctel,https://www.unimarc.cl/category/bebidas-y-licores/destilados-y-licores/coctel,https://www.unimarc.cl/_next/data/0ucQ92dO_m9T9joH0FjVV/category/bebidas-y-licores/destilados-y-licores/coctel.json?categories=bebidas-y-licores&categories=destilados-y-licores&categories=coctel,2026-02-18T12:46:16
14091,Pisco sour limón Secreto Peruano 1 L,Secreto Peruano,1 un,litro,5290,5290,,False,,$5.290 x litro,$5.290 x litro,https://www.unimarc.cl/pisco-sour-limo-s-peruano-1l-bot/p,https://unimarc.vtexassets.com/arquivos/ids/250261/000000000000627544-UN-01.jpg?v=638893362143530000,Destilados Y Licores,Cóctel,https://www.unimarc.cl/category/bebidas-y-licores/destilados-y-licores/coctel,https://www.unimarc.cl/_next/data/0ucQ92dO_m9T9joH0FjVV/category/bebidas-y-licores/destilados-y-licores/coctel.json?categories=bebidas-y-licores&categories=destilados-y-licores&categories=coctel,2026-02-18T12:46:16
13327,Cóctel Capel pisco sour 14° botella 1 L,Capel,1 un,litro,5690,5990,5690,True,Ahorras $300,$5.690 x litro,$5.990 x litro,https://www.unimarc.cl/pisco-sour-prem-capel-1-lt-bot/p,https://unimarc.vtexassets.com/arquivos/ids/245543/000000000000171592-UN-01.jpg?v=638678082790930000,Destilados Y Licores,Cóctel,https://www.unimarc.cl/category/bebidas-y-licores/destilados-y-licores/coctel,https://www.unimarc.cl/_next/data/0ucQ92dO_m9T9joH0FjVV/category/bebidas-y-licores/destilados-y-licores/coctel.json?categories=bebidas-y-licores&categories=destilados-y-licores&categories=coctel,2026-02-18T12:46:16
85912,Cóctel Campanario toffee con crema natural botella 700 ml,Campanario,1 un,litro,5090,5390,5090,True,Ahorras $300,$7.271 x litro,$7.700 x litro,https://www.unimarc.cl/coctel-sel-toffe-campanario-700-cc-bot/p,https://unimarc.vtexassets.com/arquivos/ids/244182/000000000000662861-UN-01.jpg?v=638626886890230000,Destilados Y Licores,Cóctel,https://www.unimarc.cl/category/bebidas-y-licores/destilados-y-licores/coctel,https://www.unimarc.cl/_next/data/0ucQ92dO_m9T9joH0FjVV/category/bebidas-y-licores/destilados-y-licores/coctel.json?categories=bebidas-y-licores&categories=destilados-y-licores&categories=coctel,2026-02-18T12:46:16
13414,Cóctel Capel mango sour 12° botella 1 L,Capel,1 un,litro,5690,5990,5690,True,Ahorras $300,$5.690 x litro,$5.990 x litro,https://www.unimarc.cl/coctel-mango-sour-capel-1-lt-bot/p,https://unimarc.vtexassets.com/arquivos/ids/245555/000000000000692549-UN-01.jpg?v=638678153132230000,Destilados Y Licores,Cóctel,https://www.unimarc.cl/category/bebidas-y-licores/destilados-y-licores/coctel,https://www.unimarc.cl/_next/data/0ucQ92dO_m9T9joH0FjVV/category/bebidas-y-licores/destilados-y-licores/coctel.json?categories=bebidas-y-licores&categories=destilados-y-licores&categories=coctel,2026-02-18T12:46:16
509,Jarabe De Goma Mitjans 900 cc,Mitjans,1 un,litro,6990,6990,,False,,$7.767 x litro,$7.767 x litro,https://www.unimarc.cl/jarabe-de-goma-mitjans-900-ml/p,https://unimarc.vtexassets.com/arquivos/ids/218871/000000000000137412-UN-01.jpg?v=637647453022770000,Destilados Y Licores,Cóctel,https://www.unimarc.cl/category/bebidas-y-licores/destilados-y-licores/coctel,https://www.unimarc.cl/_next/data/0ucQ92dO_m9T9joH0FjVV/category/bebidas-y-licores/destilados-y-licores/coctel.json?categories=bebidas-y-licores&categories=destilados-y-licores&categories=coctel,2026-02-18T12:46:16
37909,Pisco Sour Secreto Peruano mango botella 1 L,Secreto Peruano,1 un,litro,5290,5290,,False,,$5.290 x litro,$5.290 x litro,https://www.unimarc.cl/pisco-sour-mang-s-peruano-1l-bot/p,https://unimarc.vtexassets.com/arquivos/ids/250267/000000000000627547-UN-01.jpg?v=638893365805930000,Destilados Y Licores,Cóctel,https://www.unimarc.cl/category/bebidas-y-licores/destilados-y-licores/coctel,https://www.unimarc.cl/_next/data/0ucQ92dO_m9T9joH0FjVV/category/bebidas-y-licores/destilados-y-licores/coctel.json?categories=bebidas-y-licores&categories=destilados-y-licores&categories=coctel,2026-02-18T12:46:16
13426,"Cóctel mojito ice Sierra Morena botella 275 cc Cóctel mojito ice Sierra Morena, botella 275 cc",Sierra Morena,1 un,litro,1390,1390,,False,,$5.055 x litro,$5.055 x litro,https://www.unimarc.cl/coctel-moj-ice-s-morena-275ccbot-2/p,https://unimarc.vtexassets.com/arquivos/ids/242910/000000000000627872-UN-01.jpg?v=638566528722070000,Destilados Y Licores,Cóctel,https://www.unimarc.cl/category/bebidas-y-licores/destilados-y-licores/coctel,https://www.unimarc.cl/_next/data/0ucQ92dO_m9T9joH0FjVV/category/bebidas-y-licores/destilados-y-licores/coctel.json?categories=bebidas-y-licores&categories=destilados-y-licores&categories=coctel,2026-02-18T12:46:16
5046,Cóctel Mistral Ice blend botella 275 cc,Mistral,1 un,litro,1690,1690,,False,,$6.145 x litro,$6.145 x litro,https://www.unimarc.cl/coctel-blend-ice-pisco-mistral-275cc-botella/p,https://unimarc.vtexassets.com/arquivos/ids/242901/000000000000342883-UN-01.jpg?v=638566519684000000,Destilados Y Licores,Cóctel,https://www.unimarc.cl/category/bebidas-y-licores/destilados-y-licores/coctel,https://www.unimarc.cl/_next/data/0ucQ92dO_m9T9joH0FjVV/category/bebidas-y-licores/destilados-y-licores/coctel.json?categories=bebidas-y-licores&categories=destilados-y-licores&categories=coctel,2026-02-18T12:46:16
73513,Cóctel sour La Pizka natural menta jengibre botella 1 L,La Pizka,1 un,litro,15190,15190,,False,,$15.190 x litro,$15.190 x litro,https://www.unimarc.cl/sour-natural-menta-jeng-la-pizka-1lt-bot/p,https://unimarc.vtexassets.com/arquivos/ids/202736/000000000000648055-UN-01.jpg?v=637377841964100000,Destilados Y Licores,Cóctel,https://www.unimarc.cl/category/bebidas-y-licores/destilados-y-licores/coctel,https://www.unimarc.cl/_next/data/0ucQ92dO_m9T9joH0FjVV/category/bebidas-y-licores/destilados-y-licores/coctel.json?categories=bebidas-y-licores&categories=destilados-y-licores&categories=coctel,2026-02-18T12:46:16
60427,Pack Mojito ice Sierra Morena berries botella 4 un de 275 cc,Sierra Morena,1 un,litro,5560,5560,,False,,$5.055 x litro,$5.055 x litro,https://www.unimarc.cl/mojito-ice-berries-s-morena-275-cc-bot/p,https://unimarc.vtexassets.com/arquivos/ids/199411/000000000000638194-DIS-01.jpg?v=637309667732870000,Destilados Y Licores,Cóctel,https://www.unimarc.cl/category/bebidas-y-licores/destilados-y-licores/coctel,https://www.unimarc.cl/_next/data/0ucQ92dO_m9T9joH0FjVV/category/bebidas-y-licores/destilados-y-licores/coctel.json?categories=bebidas-y-licores&categories=destilados-y-licores&categories=coctel,2026-02-18T12:46:16
60436,Cóctel sour Sabor Andino 1 L,Sabor Andino,1 un,litro,7290,7290,,False,,$7.290 x litro,$7.290 x litro,https://www.unimarc.cl/coctel-sour-cusqueno-1-lt-bot/p,https://unimarc.vtexassets.com/arquivos/ids/242913/000000000000638892-UN-01.jpg?v=638566532917530000,Destilados Y Licores,Cóctel,https://www.unimarc.cl/category/bebidas-y-licores/destilados-y-licores/coctel,https://www.unimarc.cl/_next/data/0ucQ92dO_m9T9joH0FjVV/category/bebidas-y-licores/destilados-y-licores/coctel.json?categories=bebidas-y-licores&categories=destilados-y-licores&categories=coctel,2026-02-18T12:46:16
60435,Mango sour Sabor Andino 1 L,Sabor Andino,1 un,litro,7290,7290,,False,,$7.290 x litro,$7.290 x litro,https://www.unimarc.cl/mango-sour-sabor-andino-1-l/p,https://unimarc.vtexassets.com/arquivos/ids/238447/000000000000638891-UN-01.jpg?v=638563943637870000,Destilados Y Licores,Cóctel,https://www.unimarc.cl/category/bebidas-y-licores/destilados-y-licores/coctel,https://www.unimarc.cl/_next/data/0ucQ92dO_m9T9joH0FjVV/category/bebidas-y-licores/destilados-y-licores/coctel.json?categories=bebidas-y-licores&categories=destilados-y-licores&categories=coctel,2026-02-18T12:46:16
91859,Cóctel Sabor Andino calafate botella 1 L,Sabor Andino,1 un,litro,7290,7290,,False,,$7.290 x litro,$7.290 x litro,https://www.unimarc.cl/coctel-calafate-sabor-andino-1-lt-bot/p,https://unimarc.vtexassets.com/arquivos/ids/250036/000000000000680096-UN-01.jpg?v=638883822092730000,Destilados Y Licores,Cóctel,https://www.unimarc.cl/category/bebidas-y-licores/destilados-y-licores/coctel,https://www.unimarc.cl/_next/data/0ucQ92dO_m9T9joH0FjVV/category/bebidas-y-licores/destilados-y-licores/coctel.json?categories=bebidas-y-licores&categories=destilados-y-licores&categories=coctel,2026-02-18T12:46:16
91138,Cóctel red berries Dr Lemon con vodka botella 1 L,Dr. Lemon,1 un,litro,3650,3650,,False,,$3.650 x litro,$3.650 x litro,https://www.unimarc.cl/coctel-red-berries-vodk-dr-lemon-1lt-bot/p,https://unimarc.vtexassets.com/arquivos/ids/248009/000000000000674958-UN-01.jpg?v=638799781347730000,Destilados Y Licores,Cóctel,https://www.unimarc.cl/category/bebidas-y-licores/destilados-y-licores/coctel,https://www.unimarc.cl/_next/data/0ucQ92dO_m9T9joH0FjVV/category/bebidas-y-licores/destilados-y-licores/coctel.json?categories=bebidas-y-licores&categories=destilados-y-licores&categories=coctel,2026-02-18T12:46:16
90553,Cóctel Tres Erres ice berries botella 275 cc,Tres Erres,1 un,litro,1190,1190,,False,,$4.327 x litro,$4.327 x litro,https://www.unimarc.cl/coctel-ice-berries-3r-275-cc-bot/p,https://unimarc.vtexassets.com/arquivos/ids/247511/000000000000674187-UN-01.jpg?v=638778948250870000,Destilados Y Licores,Cóctel,https://www.unimarc.cl/category/bebidas-y-licores/destilados-y-licores/coctel,https://www.unimarc.cl/_next/data/0ucQ92dO_m9T9joH0FjVV/category/bebidas-y-licores/destilados-y-licores/coctel.json?categories=bebidas-y-licores&categories=destilados-y-licores&categories=coctel,2026-02-18T12:46:16
91137,Cóctel mojito Dr Lemon botella 1 L,Dr. Lemon,1 un,litro,3650,3650,,False,,$3.650 x litro,$3.650 x litro,https://www.unimarc.cl/coctel-mojito-dr-lemon-1-lt-bot/p,https://unimarc.vtexassets.com/arquivos/ids/248008/000000000000674957-UN-01.jpg?v=638799781344000000,Destilados Y Licores,Cóctel,https://www.unimarc.cl/category/bebidas-y-licores/destilados-y-licores/coctel,https://www.unimarc.cl/_next/data/0ucQ92dO_m9T9joH0FjVV/category/bebidas-y-licores/destilados-y-licores/coctel.json?categories=bebidas-y-licores&categories=destilados-y-licores&categories=coctel,2026-02-18T12:46:16
66191,Coctél limón Santa Mojito botella 750 cc,Santo Mojito,1 un,litro,5150,5150,,False,,$6.867 x litro,$6.867 x litro,https://www.unimarc.cl/coctel-lim-santo-mojito-750-cc-bot/p,https://unimarc.vtexassets.com/arquivos/ids/250462/000000000000638671-UN-01.jpg?v=638900887944500000,Destilados Y Licores,Cóctel,https://www.unimarc.cl/category/bebidas-y-licores/destilados-y-licores/coctel,https://www.unimarc.cl/_next/data/0ucQ92dO_m9T9joH0FjVV/category/bebidas-y-licores/destilados-y-licores/coctel.json?categories=bebidas-y-licores&categories=destilados-y-licores&categories=coctel,2026-02-18T12:46:16
78720,Pisco sour Horcón Quemado 645 cc,Horcon Quemado,1 un,litro,7790,7790,,False,,$12.078 x litro,$12.078 x litro,https://www.unimarc.cl/pisco-sour-horcon-quemado-645-cc-bot/p,https://unimarc.vtexassets.com/arquivos/ids/242916/000000000000652666-UN-01.jpg?v=638566535477670000,Destilados Y Licores,Cóctel,https://www.unimarc.cl/category/bebidas-y-licores/destilados-y-licores/coctel,https://www.unimarc.cl/_next/data/0ucQ92dO_m9T9joH0FjVV/category/bebidas-y-licores/destilados-y-licores/coctel.json?categories=bebidas-y-licores&categories=destilados-y-licores&categories=coctel,2026-02-18T12:46:16
91673,Cóctel mojito ice Sierra Morena maracuyá 275 cc,Sierra Morena,1 un,litro,1390,1390,,False,,$5.055 x litro,$5.055 x litro,https://www.unimarc.cl/mojito-ice-maracuya-sierra-mor-275ml-bot/p,https://unimarc.vtexassets.com/arquivos/ids/249578/000000000000678420-UN-01.jpg?v=638853590454730000,Destilados Y Licores,Cóctel,https://www.unimarc.cl/category/bebidas-y-licores/destilados-y-licores/coctel,https://www.unimarc.cl/_next/data/0ucQ92dO_m9T9joH0FjVV/category/bebidas-y-licores/destilados-y-licores/coctel.json?categories=bebidas-y-licores&categories=destilados-y-licores&categories=coctel,2026-02-18T12:46:16
13409,Cóctel Capel toffee cream 12° botella 700 cc,Capel,1 un,litro,5390,5390,,False,,$7.700 x litro,$7.700 x litro,https://www.unimarc.cl/coctel-tof-cream-capel-700cc-bot/p,https://unimarc.vtexassets.com/arquivos/ids/245548/000000000000214578-UN-01.jpg?v=638678085356570000,Destilados Y Licores,Cóctel,https://www.unimarc.cl/category/bebidas-y-licores/destilados-y-licores/coctel,https://www.unimarc.cl/_next/data/0ucQ92dO_m9T9joH0FjVV/category/bebidas-y-licores/destilados-y-licores/coctel.json?categories=bebidas-y-licores&categories=destilados-y-licores&categories=coctel,2026-02-18T12:46:16
13420,Pack Cóctel Sierra Morena mojito ice 4 un de 275 cc,Sierra Morena,1 un,litro,5560,5560,,False,,$5.055 x litro,$5.055 x litro,https://www.unimarc.cl/coctel-moj-ice-s-morena-275ccbot/p,https://unimarc.vtexassets.com/arquivos/ids/199412/000000000000627872-DIS-01.jpg?v=637309675766170000,Destilados Y Licores,Cóctel,https://www.unimarc.cl/category/bebidas-y-licores/destilados-y-licores/coctel,https://www.unimarc.cl/_next/data/0ucQ92dO_m9T9joH0FjVV/category/bebidas-y-licores/destilados-y-licores/coctel.json?categories=bebidas-y-licores&categories=destilados-y-licores&categories=coctel,2026-02-18T12:46:16
3118,Jarabe granadina Mitjans 900 cc,Mitjans,1 un,litro,6990,6990,,False,,$7.767 x litro,$7.767 x litro,https://www.unimarc.cl/jarabe-granad-mitjans-900cc-bot/p,https://unimarc.vtexassets.com/arquivos/ids/234991/000000000000011214-UN-01.jpg?v=638264240916500000,Destilados Y Licores,Cóctel,https://www.unimarc.cl/category/bebidas-y-licores/destilados-y-licores/coctel,https://www.unimarc.cl/_next/data/0ucQ92dO_m9T9joH0FjVV/category/bebidas-y-licores/destilados-y-licores/coctel.json?categories=bebidas-y-licores&categories=destilados-y-licores&categories=coctel,2026-02-18T12:46:16
90487,Cóctel Campanario café latte 700 cc,Campanario,1 un,litro,5650,5650,,False,,$8.071 x litro,$8.071 x litro,https://www.unimarc.cl/coctel-cafe-latte-campanario-700cc-bot/p,https://unimarc.vtexassets.com/arquivos/ids/246493/000000000000673228-UN-01.jpg?v=638735946135130000,Destilados Y Licores,Cóctel,https://www.unimarc.cl/category/bebidas-y-licores/destilados-y-licores/coctel,https://www.unimarc.cl/_next/data/0ucQ92dO_m9T9joH0FjVV/category/bebidas-y-licores/destilados-y-licores/coctel.json?page=2&categories=bebidas-y-licores&categories=destilados-y-licores&categories=coctel,2026-02-18T12:46:19
73514,Cóctel sour La Pizka natural maracuyá botella 1 L,La Pizka,1 un,litro,15190,15190,,False,,$15.190 x litro,$15.190 x litro,https://www.unimarc.cl/sour-natural-maracuya-la-pizka-1-lt-bot/p,https://unimarc.vtexassets.com/arquivos/ids/202734/000000000000648056-UN-01.jpg?v=637377839237700000,Destilados Y Licores,Cóctel,https://www.unimarc.cl/category/bebidas-y-licores/destilados-y-licores/coctel,https://www.unimarc.cl/_next/data/0ucQ92dO_m9T9joH0FjVV/category/bebidas-y-licores/destilados-y-licores/coctel.json?page=2&categories=bebidas-y-licores&categories=destilados-y-licores&categories=coctel,2026-02-18T12:46:19
91366,Cóctel Sierra Morena mojito ice lata 355 cc,Sierra Morena,1 un,litro,1590,1590,,False,,$4.479 x litro,$4.479 x litro,https://www.unimarc.cl/coctel-mojito-ice-s-morena-355-cc-lata/p,https://unimarc.vtexassets.com/arquivos/ids/248600/000000000000670406-UN-01.jpg?v=638816431909800000,Destilados Y Licores,Cóctel,https://www.unimarc.cl/category/bebidas-y-licores/destilados-y-licores/coctel,https://www.unimarc.cl/_next/data/0ucQ92dO_m9T9joH0FjVV/category/bebidas-y-licores/destilados-y-licores/coctel.json?page=2&categories=bebidas-y-licores&categories=destilados-y-licores&categories=coctel,2026-02-18T12:46:19
11098,Pisco Sour maracuyá Secreto Peruano 700 cc,Secreto Peruano,1 un,litro,4550,4550,,False,,$6.500 x litro,$6.500 x litro,https://www.unimarc.cl/coctel-sour-marac-s-peruano-700cc-bot/p,https://unimarc.vtexassets.com/arquivos/ids/250270/000000000000607722-UN-01.jpg?v=638893367273300000,Destilados Y Licores,Cóctel,https://www.unimarc.cl/category/bebidas-y-licores/destilados-y-licores/coctel,https://www.unimarc.cl/_next/data/0ucQ92dO_m9T9joH0FjVV/category/bebidas-y-licores/destilados-y-licores/coctel.json?page=2&categories=bebidas-y-licores&categories=destilados-y-licores&categories=coctel,2026-02-18T12:46:19
3696,Pisco sour Campanario 700 cc,Campanario,1 un,litro,5350,5350,,False,,$7.643 x litro,$7.643 x litro,https://www.unimarc.cl/coctel-p-sour-campanario-700-cc-bot/p,https://unimarc.vtexassets.com/arquivos/ids/192375/000000000000132599-UN-01.jpg?v=638563943346930000,Destilados Y Licores,Cóctel,https://www.unimarc.cl/category/bebidas-y-licores/destilados-y-licores/coctel,https://www.unimarc.cl/_next/data/0ucQ92dO_m9T9joH0FjVV/category/bebidas-y-licores/destilados-y-licores/coctel.json?page=2&categories=bebidas-y-licores&categories=destilados-y-licores&categories=coctel,2026-02-18T12:46:19
13429,Cóctel Mistral Ice dry botella 275 cc,Mistral,1 un,litro,1690,1690,,False,,$6.145 x litro,$6.145 x litro,https://www.unimarc.cl/licor-mistral-ice-dry-275-cc-bot-2/p,https://unimarc.vtexassets.com/arquivos/ids/242925/000000000000708283-UN-01.jpg?v=638566617672770000,Destilados Y Licores,Cóctel,https://www.unimarc.cl/category/bebidas-y-licores/destilados-y-licores/coctel,https://www.unimarc.cl/_next/data/0ucQ92dO_m9T9joH0FjVV/category/bebidas-y-licores/destilados-y-licores/coctel.json?page=2&categories=bebidas-y-licores&categories=destilados-y-licores&categories=coctel,2026-02-18T12:46:19
63557,Pack cóctel Mistral Ice energy 4 unidades de 275 cc,Mistral,1 un,litro,6760,6760,,False,,$6.145 x litro,$6.145 x litro,https://www.unimarc.cl/coctel-ice-energy-mistral-275-cc-bot/p,https://unimarc.vtexassets.com/arquivos/ids/242909/000000000000624855-DIS-01.jpg?v=638566527515430000,Destilados Y Licores,Cóctel,https://www.unimarc.cl/category/bebidas-y-licores/destilados-y-licores/coctel,https://www.unimarc.cl/_next/data/0ucQ92dO_m9T9joH0FjVV/category/bebidas-y-licores/destilados-y-licores/coctel.json?page=2&categories=bebidas-y-licores&categories=destilados-y-licores&categories=coctel,2026-02-18T12:46:19
90554,Cóctel Tres Erres ice guaraná botella 275 cc,Tres Erres,1 un,litro,1190,1190,,False,,$4.327 x litro,$4.327 x litro,https://www.unimarc.cl/coctel-ice-guarana-3r-275-cc-bot/p,https://unimarc.vtexassets.com/arquivos/ids/247512/000000000000674188-UN-01.jpg?v=638778948252730000,Destilados Y Licores,Cóctel,https://www.unimarc.cl/category/bebidas-y-licores/destilados-y-licores/coctel,https://www.unimarc.cl/_next/data/0ucQ92dO_m9T9joH0FjVV/category/bebidas-y-licores/destilados-y-licores/coctel.json?page=2&categories=bebidas-y-licores&categories=destilados-y-licores&categories=coctel,2026-02-18T12:46:19
4116,Mango sour Campanario 700 cc,Campanario,1 un,litro,5350,5350,,False,,$7.643 x litro,$7.643 x litro,https://www.unimarc.cl/coctel-mango-campanario-700-cc-bot/p,https://unimarc.vtexassets.com/arquivos/ids/193071/000000000000173298-UN-01.jpg?v=638563943368800000,Destilados Y Licores,Cóctel,https://www.unimarc.cl/category/bebidas-y-licores/destilados-y-licores/coctel,https://www.unimarc.cl/_next/data/0ucQ92dO_m9T9joH0FjVV/category/bebidas-y-licores/destilados-y-licores/coctel.json?page=2&categories=bebidas-y-licores&categories=destilados-y-licores&categories=coctel,2026-02-18T12:46:19
13422,Cóctel Campanario chirimoya colada 700 cc,Campanario,1 un,litro,5390,5390,,False,,$7.700 x litro,$7.700 x litro,https://www.unimarc.cl/coctel-chir-col-campanario-700-cc-bot/p,https://unimarc.vtexassets.com/arquivos/ids/242896/000000000000200354-UN-01.jpg?v=638566507131000000,Destilados Y Licores,Cóctel,https://www.unimarc.cl/category/bebidas-y-licores/destilados-y-licores/coctel,https://www.unimarc.cl/_next/data/0ucQ92dO_m9T9joH0FjVV/category/bebidas-y-licores/destilados-y-licores/coctel.json?page=2&categories=bebidas-y-licores&categories=destilados-y-licores&categories=coctel,2026-02-18T12:46:19
73515,Cóctel sour La Pizka natural sin azúcar botella 1 L,La Pizka,1 un,litro,17290,17290,,False,,$17.290 x litro,$17.290 x litro,https://www.unimarc.cl/sour-natural-s-azucar-la-pizka-1-lt-bot/p,https://unimarc.vtexassets.com/arquivos/ids/202732/000000000000648057-UN-01.jpg?v=637377837572330000,Destilados Y Licores,Cóctel,https://www.unimarc.cl/category/bebidas-y-licores/destilados-y-licores/coctel,https://www.unimarc.cl/_next/data/0ucQ92dO_m9T9joH0FjVV/category/bebidas-y-licores/destilados-y-licores/coctel.json?page=2&categories=bebidas-y-licores&categories=destilados-y-licores&categories=coctel,2026-02-18T12:46:19
1260,Coctel Sour Limón Secreto Peruano 700 cc,Secreto Peruano,1 un,litro,4550,4550,,False,,$6.500 x litro,$6.500 x litro,https://www.unimarc.cl/coctel-sour-lim-s-peruano-700ccbot/p,https://unimarc.vtexassets.com/arquivos/ids/250264/000000000000607721-UN-01.jpg?v=638893364281900000,Destilados Y Licores,Cóctel,https://www.unimarc.cl/category/bebidas-y-licores/destilados-y-licores/coctel,https://www.unimarc.cl/_next/data/0ucQ92dO_m9T9joH0FjVV/category/bebidas-y-licores/destilados-y-licores/coctel.json?page=2&categories=bebidas-y-licores&categories=destilados-y-licores&categories=coctel,2026-02-18T12:46:19
10483,Cóctel Ruta Cocktail sour limón 700 cc,Ruta Sour,1 un,litro,4390,4390,,False,,$6.271 x litro,$6.271 x litro,https://www.unimarc.cl/coctel-p-sour-ruta-sour-700-cc-bot/p,https://unimarc.vtexassets.com/arquivos/ids/242906/000000000000566323-UN-01.jpg?v=638566524933700000,Destilados Y Licores,Cóctel,https://www.unimarc.cl/category/bebidas-y-licores/destilados-y-licores/coctel,https://www.unimarc.cl/_next/data/0ucQ92dO_m9T9joH0FjVV/category/bebidas-y-licores/destilados-y-licores/coctel.json?page=2&categories=bebidas-y-licores&categories=destilados-y-licores&categories=coctel,2026-02-18T12:46:19
4096,Ruta cocktail mango 700 cc,Ruta Norte,1 un,litro,4390,4390,,False,,$6.271 x litro,$6.271 x litro,https://www.unimarc.cl/ruta-cocktail-mango-700-cc/p,https://unimarc.vtexassets.com/arquivos/ids/199397/000000000000171333-UN-01.jpg?v=638563943361500000,Destilados Y Licores,Cóctel,https://www.unimarc.cl/category/bebidas-y-licores/destilados-y-licores/coctel,https://www.unimarc.cl/_next/data/0ucQ92dO_m9T9joH0FjVV/category/bebidas-y-licores/destilados-y-licores/coctel.json?page=2&categories=bebidas-y-licores&categories=destilados-y-licores&categories=coctel,2026-02-18T12:46:19
90552,Cóctel Tres Erres ice citrus botella 275 cc,Tres Erres,1 un,litro,1190,1190,,False,,$4.327 x litro,$4.327 x litro,https://www.unimarc.cl/coctel-ice-citrus-3r-275-cc-bot/p,https://unimarc.vtexassets.com/arquivos/ids/247510/000000000000674186-UN-01.jpg?v=638778948248030000,Destilados Y Licores,Cóctel,https://www.unimarc.cl/category/bebidas-y-licores/destilados-y-licores/coctel,https://www.unimarc.cl/_next/data/0ucQ92dO_m9T9joH0FjVV/category/bebidas-y-licores/destilados-y-licores/coctel.json?page=2&categories=bebidas-y-licores&categories=destilados-y-licores&categories=coctel,2026-02-18T12:46:19
2942,Cóctel Capel mango 12° botella 700 cc,Capel,1 un,litro,4790,4790,,False,,$6.843 x litro,$6.843 x litro,https://www.unimarc.cl/mango-sour-capel-700-cc-bot/p,https://unimarc.vtexassets.com/arquivos/ids/245544/000000000000172456-UN-01.jpg?v=638678083323300000,Destilados Y Licores,Cóctel,https://www.unimarc.cl/category/bebidas-y-licores/destilados-y-licores/coctel,https://www.unimarc.cl/_next/data/0ucQ92dO_m9T9joH0FjVV/category/bebidas-y-licores/destilados-y-licores/coctel.json?page=2&categories=bebidas-y-licores&categories=destilados-y-licores&categories=coctel,2026-02-18T12:46:19
90631,Cóctel Capel pomelo sour botella 1 L,Capel,1 un,litro,5090,5990,5090,True,Ahorras $900,$5.090 x litro,$5.990 x litro,https://www.unimarc.cl/coctel-pomelo-capel-1-lt-bot/p,https://unimarc.vtexassets.com/arquivos/ids/246929/000000000000674433-UN-01.jpg?v=638754970762670000,Destilados Y Licores,Cóctel,https://www.unimarc.cl/category/bebidas-y-licores/destilados-y-licores/coctel,https://www.unimarc.cl/_next/data/0ucQ92dO_m9T9joH0FjVV/category/bebidas-y-licores/destilados-y-licores/coctel.json?page=2&categories=bebidas-y-licores&categories=destilados-y-licores&categories=coctel,2026-02-18T12:46:19
2954,Cóctel Capel chirimoya colada 12° botella 700 cc,Capel,1 un,litro,5390,5390,,False,,$7.700 x litro,$7.700 x litro,https://www.unimarc.cl/chirimoya-colad-capel-700cc-bot/p,https://unimarc.vtexassets.com/arquivos/ids/245547/000000000000203297-UN-01.jpg?v=638678084810930000,Destilados Y Licores,Cóctel,https://www.unimarc.cl/category/bebidas-y-licores/destilados-y-licores/coctel,https://www.unimarc.cl/_next/data/0ucQ92dO_m9T9joH0FjVV/category/bebidas-y-licores/destilados-y-licores/coctel.json?page=2&categories=bebidas-y-licores&categories=destilados-y-licores&categories=coctel,2026-02-18T12:46:19
91674,Cóctel mojito ice Sierra Morena original 710 cc,Sierra Morena,1 un,litro,3170,3170,,False,,$4.465 x litro,$4.465 x litro,https://www.unimarc.cl/mojito-ice-orig-sierra-morena-710-ml-bot/p,https://unimarc.vtexassets.com/arquivos/ids/249579/000000000000678565-UN-01.jpg?v=638853590456930000,Destilados Y Licores,Cóctel,https://www.unimarc.cl/category/bebidas-y-licores/destilados-y-licores/coctel,https://www.unimarc.cl/_next/data/0ucQ92dO_m9T9joH0FjVV/category/bebidas-y-licores/destilados-y-licores/coctel.json?page=2&categories=bebidas-y-licores&categories=destilados-y-licores&categories=coctel,2026-02-18T12:46:19
96697,Cóctel Tres Erres ice manzana botella 275 cc,Tres Erres,1 un,litro,1090,1190,1090,True,Ahorras $100,$3.964 x litro,$4.327 x litro,https://www.unimarc.cl/pisco-ice-manzana-tres-erres-275-ml-bot/p,https://unimarc.vtexassets.com/arquivos/ids/256079/000000000000699381-UN-01.jpg?v=639065276891530000,Destilados Y Licores,Cóctel,https://www.unimarc.cl/category/bebidas-y-licores/destilados-y-licores/coctel,https://www.unimarc.cl/_next/data/0ucQ92dO_m9T9joH0FjVV/category/bebidas-y-licores/destilados-y-licores/coctel.json?page=2&categories=bebidas-y-licores&categories=destilados-y-licores&categories=coctel,2026-02-18T12:46:19
96744,Cóctel Momentum sin azúcar botella 750 cc,Momentum,1 un,litro,12990,12990,,False,,$17.320 x litro,$17.320 x litro,https://www.unimarc.cl/cocktail-flor-sauco-0-momentum-750c-bot/p,https://unimarc.vtexassets.com/arquivos/ids/256061/000000000000694753-UN-01.jpg?v=639065276867970000,Destilados Y Licores,Cóctel,https://www.unimarc.cl/category/bebidas-y-licores/destilados-y-licores/coctel,https://www.unimarc.cl/_next/data/0ucQ92dO_m9T9joH0FjVV/category/bebidas-y-licores/destilados-y-licores/coctel.json?page=2&categories=bebidas-y-licores&categories=destilados-y-licores&categories=coctel,2026-02-18T12:46:19
96494,Cóctel La Pizka mojito natural 350 ml,La Pizka,1 un,litro,7490,7490,,False,,$21.400 x litro,$21.400 x litro,https://www.unimarc.cl/coctel-mojito-natural-la-pizka-350ml-bot/p,https://unimarc.vtexassets.com/arquivos/ids/256046/000000000000697715-UN-01.jpg?v=639065173264070000,Destilados Y Licores,Cóctel,https://www.unimarc.cl/category/bebidas-y-licores/destilados-y-licores/coctel,https://www.unimarc.cl/_next/data/0ucQ92dO_m9T9joH0FjVV/category/bebidas-y-licores/destilados-y-licores/coctel.json?page=2&categories=bebidas-y-licores&categories=destilados-y-licores&categories=coctel,2026-02-18T12:46:19
96493,Cóctel La Pizka mojito natural  1 L,La Pizka,1 un,litro,14990,14990,,False,,$14.990 x litro,$14.990 x litro,https://www.unimarc.cl/coctel-mojito-natural-la-pizka-1-lt-bot/p,https://unimarc.vtexassets.com/arquivos/ids/256127/000000000000697714-UN-01.jpg?v=639065872900930000,Destilados Y Licores,Cóctel,https://www.unimarc.cl/category/bebidas-y-licores/destilados-y-licores/coctel,https://www.unimarc.cl/_next/data/0ucQ92dO_m9T9joH0FjVV/category/bebidas-y-licores/destilados-y-licores/coctel.json?page=2&categories=bebidas-y-licores&categories=destilados-y-licores&categories=coctel,2026-02-18T12:46:19
3867,Cóctel Capel sour 14° botella 700 cc,Capel,1 un,litro,4790,4790,,False,,$6.843 x litro,$6.843 x litro,https://www.unimarc.cl/pisco-sour-prem-capel-700-cc-bot/p,https://unimarc.vtexassets.com/arquivos/ids/245542/000000000000147606-UN-01.jpg?v=638678082308600000,Destilados Y Licores,Cóctel,https://www.unimarc.cl/category/bebidas-y-licores/destilados-y-licores/coctel,https://www.unimarc.cl/_next/data/0ucQ92dO_m9T9joH0FjVV/category/bebidas-y-licores/destilados-y-licores/coctel.json?page=2&categories=bebidas-y-licores&categories=destilados-y-licores&categories=coctel,2026-02-18T12:46:19
868,Pack Pisco Mistral 35° botella 2 un de 750 cc,Mistral,1 un,litro,11790,14390,11790,True,Ahorras $2.600,$7.860 x litro,$9.593 x litro,https://www.unimarc.cl/pisco-mistral-35-750-ml-pack-2-u/p,https://unimarc.vtexassets.com/arquivos/ids/242898/000000000000210537-UN-01.jpg?v=638566516832000000,Destilados Y Licores,Piscos,https://www.unimarc.cl/category/bebidas-y-licores/destilados-y-licores/piscos,https://www.unimarc.cl/_next/data/0ucQ92dO_m9T9joH0FjVV/category/bebidas-y-licores/destilados-y-licores/piscos.json?categories=bebidas-y-licores&categories=destilados-y-licores&categories=piscos,2026-02-18T12:46:26
73571,Pisco Alto del Carmen especial botella 1.5 L,Alto Del Carmen,1 un,litro,11090,12990,11090,True,Ahorras $1.900,$7.393 x litro,$8.660 x litro,https://www.unimarc.cl/pisco-alto-del-carmen-especial-botella-1-5-l/p,https://unimarc.vtexassets.com/arquivos/ids/201888/000000000000648451-UN-01.jpg?v=638599374109330000,Destilados Y Licores,Piscos,https://www.unimarc.cl/category/bebidas-y-licores/destilados-y-licores/piscos,https://www.unimarc.cl/_next/data/0ucQ92dO_m9T9joH0FjVV/category/bebidas-y-licores/destilados-y-licores/piscos.json?categories=bebidas-y-licores&categories=destilados-y-licores&categories=piscos,2026-02-18T12:46:26
86583,Pisco mistral nobel apple botella 750 ml,Mistral,1 un,litro,12190,15590,12190,True,Ahorras $3.400,$16.253 x litro,$20.787 x litro,https://www.unimarc.cl/pisco-mistral-nobel-apple-750-cc-bot/p,https://unimarc.vtexassets.com/arquivos/ids/237310/000000000000666468-UN-01.jpg?v=638563943822000000,Destilados Y Licores,Piscos,https://www.unimarc.cl/category/bebidas-y-licores/destilados-y-licores/piscos,https://www.unimarc.cl/_next/data/0ucQ92dO_m9T9joH0FjVV/category/bebidas-y-licores/destilados-y-licores/piscos.json?categories=bebidas-y-licores&categories=destilados-y-licores&categories=piscos,2026-02-18T12:46:26
1010,Pisco Alto del Carmen reservado transparente 40° botella 750 cc,Alto Del Carmen,1 un,litro,8090,9550,8090,True,Ahorras $1.460,$10.787 x litro,$12.733 x litro,https://www.unimarc.cl/pisco-alto-del-carmen-40-transparente-750-ml/p,https://unimarc.vtexassets.com/arquivos/ids/243698/000000000000356297-UN-01.jpg?v=638599390592370000,Destilados Y Licores,Piscos,https://www.unimarc.cl/category/bebidas-y-licores/destilados-y-licores/piscos,https://www.unimarc.cl/_next/data/0ucQ92dO_m9T9joH0FjVV/category/bebidas-y-licores/destilados-y-licores/piscos.json?categories=bebidas-y-licores&categories=destilados-y-licores&categories=piscos,2026-02-18T12:46:26
79985,Pisco Mistral nobel barrica tostada botella 750 cc,Mistral,1 un,litro,12190,15590,12190,True,Ahorras $3.400,$16.253 x litro,$20.787 x litro,https://www.unimarc.cl/pisco-nobel-barrica-tost-mistral-750-bot/p,https://unimarc.vtexassets.com/arquivos/ids/221940/000000000000653425-UN-01.jpg?v=638563943722900000,Destilados Y Licores,Piscos,https://www.unimarc.cl/category/bebidas-y-licores/destilados-y-licores/piscos,https://www.unimarc.cl/_next/data/0ucQ92dO_m9T9joH0FjVV/category/bebidas-y-licores/destilados-y-licores/piscos.json?categories=bebidas-y-licores&categories=destilados-y-licores&categories=piscos,2026-02-18T12:46:26
71,Pisco Mistral 35° botella 750 cc,Mistral,1 un,litro,7190,9150,7190,True,Ahorras $1.960,$9.587 x litro,$12.200 x litro,https://www.unimarc.cl/pisco-mistral-35-750-ml/p,https://unimarc.vtexassets.com/arquivos/ids/242889/000000000000008644-UN-01.jpg?v=638566492689830000,Destilados Y Licores,Piscos,https://www.unimarc.cl/category/bebidas-y-licores/destilados-y-licores/piscos,https://www.unimarc.cl/_next/data/0ucQ92dO_m9T9joH0FjVV/category/bebidas-y-licores/destilados-y-licores/piscos.json?categories=bebidas-y-licores&categories=destilados-y-licores&categories=piscos,2026-02-18T12:46:26
7894,Pisco Mistral 40° reservado botella 750 cc,Mistral,1 un,litro,8490,10390,8490,True,Ahorras $1.900,$11.320 x litro,$13.853 x litro,https://www.unimarc.cl/pisco-mistral-roj-750-cc-bot/p,https://unimarc.vtexassets.com/arquivos/ids/193066/000000000000008645-UN-01.jpg?v=637214361476670000,Destilados Y Licores,Piscos,https://www.unimarc.cl/category/bebidas-y-licores/destilados-y-licores/piscos,https://www.unimarc.cl/_next/data/0ucQ92dO_m9T9joH0FjVV/category/bebidas-y-licores/destilados-y-licores/piscos.json?categories=bebidas-y-licores&categories=destilados-y-licores&categories=piscos,2026-02-18T12:46:26
12948,Pisco Tres Erres 35° botella 1 L,Tres Erres,1 un,litro,6490,8490,6490,True,Ahorras $2.000,$6.490 x litro,$8.490 x litro,https://www.unimarc.cl/pisco-tres-erres-bot-1-lt/p,https://unimarc.vtexassets.com/arquivos/ids/242908/000000000000616070-UN-01.jpg?v=638566526983970000,Destilados Y Licores,Piscos,https://www.unimarc.cl/category/bebidas-y-licores/destilados-y-licores/piscos,https://www.unimarc.cl/_next/data/0ucQ92dO_m9T9joH0FjVV/category/bebidas-y-licores/destilados-y-licores/piscos.json?categories=bebidas-y-licores&categories=destilados-y-licores&categories=piscos,2026-02-18T12:46:26
65652,Pisco Mistral nobel fire 30° 750 cc,Mistral,1 un,litro,13090,15590,13090,True,Ahorras $2.500,$17.453 x litro,$20.787 x litro,https://www.unimarc.cl/pisco-nobel-fire-mistral-750-cc-bot/p,https://unimarc.vtexassets.com/arquivos/ids/242914/000000000000641934-UN-01.jpg?v=638566533476700000,Destilados Y Licores,Piscos,https://www.unimarc.cl/category/bebidas-y-licores/destilados-y-licores/piscos,https://www.unimarc.cl/_next/data/0ucQ92dO_m9T9joH0FjVV/category/bebidas-y-licores/destilados-y-licores/piscos.json?categories=bebidas-y-licores&categories=destilados-y-licores&categories=piscos,2026-02-18T12:46:26
89955,Pisco Mal Paso Pedro Jiménez 40° 1 L,Mal Paso,1 un,litro,9590,11990,9590,True,Ahorras $2.400,$9.590 x litro,$11.990 x litro,https://www.unimarc.cl/pisco-pedro-jimenez-mal-paso-1-lt-bot/p,https://unimarc.vtexassets.com/arquivos/ids/245650/000000000000671903-UN-01.jpg?v=638682462826930000,Destilados Y Licores,Piscos,https://www.unimarc.cl/category/bebidas-y-licores/destilados-y-licores/piscos,https://www.unimarc.cl/_next/data/0ucQ92dO_m9T9joH0FjVV/category/bebidas-y-licores/destilados-y-licores/piscos.json?categories=bebidas-y-licores&categories=destilados-y-licores&categories=piscos,2026-02-18T12:46:26
89959,Pisco Diablo blend rosé botella 700 cc,Diablo,1 un,litro,9990,14990,9990,True,Ahorras $5.000,$14.271 x litro,$21.414 x litro,https://www.unimarc.cl/pisco-diablo-rose-700-cc-bot/p,https://unimarc.vtexassets.com/arquivos/ids/245691/000000000000672464-UN-01.jpg?v=638687450342070000,Destilados Y Licores,Piscos,https://www.unimarc.cl/category/bebidas-y-licores/destilados-y-licores/piscos,https://www.unimarc.cl/_next/data/0ucQ92dO_m9T9joH0FjVV/category/bebidas-y-licores/destilados-y-licores/piscos.json?categories=bebidas-y-licores&categories=destilados-y-licores&categories=piscos,2026-02-18T12:46:26
1537,Pisco Mistral 35° botella 1 L,Mistral,1 un,litro,10690,10690,,False,,$10.690 x litro,$10.690 x litro,https://www.unimarc.cl/pisco-mistral-35-1-l/p,https://unimarc.vtexassets.com/arquivos/ids/242926/000000000000759755-UN-01.jpg?v=638566618136370000,Destilados Y Licores,Piscos,https://www.unimarc.cl/category/bebidas-y-licores/destilados-y-licores/piscos,https://www.unimarc.cl/_next/data/0ucQ92dO_m9T9joH0FjVV/category/bebidas-y-licores/destilados-y-licores/piscos.json?categories=bebidas-y-licores&categories=destilados-y-licores&categories=piscos,2026-02-18T12:46:26
91493,Pisco Alto del Carmen roble del sur 1 L,Alto Del Carmen,1 un,litro,8490,9990,8490,True,Ahorras $1.500,$8.490 x litro,$9.990 x litro,https://www.unimarc.cl/pisco-roble-del-sur-esp-alto-d-c-1lt-bot/p,https://unimarc.vtexassets.com/arquivos/ids/248760/000000000000674467-UN-01.jpg?v=638829933951500000,Destilados Y Licores,Piscos,https://www.unimarc.cl/category/bebidas-y-licores/destilados-y-licores/piscos,https://www.unimarc.cl/_next/data/0ucQ92dO_m9T9joH0FjVV/category/bebidas-y-licores/destilados-y-licores/piscos.json?categories=bebidas-y-licores&categories=destilados-y-licores&categories=piscos,2026-02-18T12:46:26
86742,Pisco Mistral Nobel honey 750 ml,Mistral,1 un,litro,13090,15590,13090,True,Ahorras $2.500,$17.453 x litro,$20.787 x litro,https://www.unimarc.cl/pisco-nobel-honey-apple-mistral-750c-bot/p,https://unimarc.vtexassets.com/arquivos/ids/242886/000000000000667723-UN-01.jpg?v=638566472226200000,Destilados Y Licores,Piscos,https://www.unimarc.cl/category/bebidas-y-licores/destilados-y-licores/piscos,https://www.unimarc.cl/_next/data/0ucQ92dO_m9T9joH0FjVV/category/bebidas-y-licores/destilados-y-licores/piscos.json?categories=bebidas-y-licores&categories=destilados-y-licores&categories=piscos,2026-02-18T12:46:26
10790,Pisco Artesanos del Cochiguaz especial 35° botella 700 cc,Artesanos Del Cochiguaz,1 un,litro,4090,4990,4090,True,Ahorras $900,$5.843 x litro,$7.129 x litro,https://www.unimarc.cl/pisco-artesanos-700-cc-bot/p,https://unimarc.vtexassets.com/arquivos/ids/205082/000000000000008563-UN-01.jpg?v=638599390474130000,Destilados Y Licores,Piscos,https://www.unimarc.cl/category/bebidas-y-licores/destilados-y-licores/piscos,https://www.unimarc.cl/_next/data/0ucQ92dO_m9T9joH0FjVV/category/bebidas-y-licores/destilados-y-licores/piscos.json?categories=bebidas-y-licores&categories=destilados-y-licores&categories=piscos,2026-02-18T12:46:26
13423,Pisco Campanario reposado botella 1 L,Campanario,1 un,litro,5290,6590,5290,True,Ahorras $1.300,$5.290 x litro,$6.590 x litro,https://www.unimarc.cl/pisco-rep-campanario-1-lt-cc-bot/p,https://unimarc.vtexassets.com/arquivos/ids/199419/000000000000208697-UN-01.jpg?v=638563943435670000,Destilados Y Licores,Piscos,https://www.unimarc.cl/category/bebidas-y-licores/destilados-y-licores/piscos,https://www.unimarc.cl/_next/data/0ucQ92dO_m9T9joH0FjVV/category/bebidas-y-licores/destilados-y-licores/piscos.json?categories=bebidas-y-licores&categories=destilados-y-licores&categories=piscos,2026-02-18T12:46:26
82347,Pisco Alto del Carmen etiqueta blanca botella 750 cc,Alto Del Carmen,1 un,litro,12190,14790,12190,True,Ahorras $2.600,$16.253 x litro,$19.720 x litro,https://www.unimarc.cl/pisco-etiq-blanca-a-del-carmen-750cc-bot/p,https://unimarc.vtexassets.com/arquivos/ids/229692/000000000000661127-UN-01.jpg?v=638599374214430000,Destilados Y Licores,Piscos,https://www.unimarc.cl/category/bebidas-y-licores/destilados-y-licores/piscos,https://www.unimarc.cl/_next/data/0ucQ92dO_m9T9joH0FjVV/category/bebidas-y-licores/destilados-y-licores/piscos.json?categories=bebidas-y-licores&categories=destilados-y-licores&categories=piscos,2026-02-18T12:46:26
3982,Pisco Alto del Carmen envejecido 40º botella 750 cc,Alto Del Carmen,1 un,litro,12190,14790,12190,True,Ahorras $2.600,$16.253 x litro,$19.720 x litro,https://www.unimarc.cl/pisco-envej-a-carmen-750-cc-bot/p,https://unimarc.vtexassets.com/arquivos/ids/243695/000000000000162453-UN-01.jpg?v=638599390525730000,Destilados Y Licores,Piscos,https://www.unimarc.cl/category/bebidas-y-licores/destilados-y-licores/piscos,https://www.unimarc.cl/_next/data/0ucQ92dO_m9T9joH0FjVV/category/bebidas-y-licores/destilados-y-licores/piscos.json?categories=bebidas-y-licores&categories=destilados-y-licores&categories=piscos,2026-02-18T12:46:26
90450,Pisco especial Diablo 35° botella 1 L,Diablo,1 un,litro,8690,10890,8690,True,Ahorras $2.200,$8.690 x litro,$10.890 x litro,https://www.unimarc.cl/pisco-especial-diablo-1-lt-bot/p,https://unimarc.vtexassets.com/arquivos/ids/246440/000000000000665982-UN-01.jpg?v=638732464474430000,Destilados Y Licores,Piscos,https://www.unimarc.cl/category/bebidas-y-licores/destilados-y-licores/piscos,https://www.unimarc.cl/_next/data/0ucQ92dO_m9T9joH0FjVV/category/bebidas-y-licores/destilados-y-licores/piscos.json?categories=bebidas-y-licores&categories=destilados-y-licores&categories=piscos,2026-02-18T12:46:26
768,Pisco Mal Paso 35º botella 750 cc,Mal Paso,1 un,litro,7490,8990,7490,True,Ahorras $1.500,$9.987 x litro,$11.987 x litro,https://www.unimarc.cl/pisco-mal-paso-35-estuche-750-cc/p,https://unimarc.vtexassets.com/arquivos/ids/224320/000000000000186454-UN-01.jpg?v=637811348253900000,Destilados Y Licores,Piscos,https://www.unimarc.cl/category/bebidas-y-licores/destilados-y-licores/piscos,https://www.unimarc.cl/_next/data/0ucQ92dO_m9T9joH0FjVV/category/bebidas-y-licores/destilados-y-licores/piscos.json?categories=bebidas-y-licores&categories=destilados-y-licores&categories=piscos,2026-02-18T12:46:26
7887,Pisco Alto del Carmen especial 35° botella 750 cc,Alto Del Carmen,1 un,litro,7290,8590,7290,True,Ahorras $1.300,$9.720 x litro,$11.453 x litro,https://www.unimarc.cl/pisco-a-carmen-verde-750-cc-bot/p,https://unimarc.vtexassets.com/arquivos/ids/243688/000000000000008558-UN-01.jpg?v=638599390467930000,Destilados Y Licores,Piscos,https://www.unimarc.cl/category/bebidas-y-licores/destilados-y-licores/piscos,https://www.unimarc.cl/_next/data/0ucQ92dO_m9T9joH0FjVV/category/bebidas-y-licores/destilados-y-licores/piscos.json?categories=bebidas-y-licores&categories=destilados-y-licores&categories=piscos,2026-02-18T12:46:26
91140,Pisco Tres Erres reservado transparente 1 L,Tres Erres,1 un,litro,7490,9690,7490,True,Ahorras $2.200,$7.490 x litro,$9.690 x litro,https://www.unimarc.cl/pisco-reservado-tres-erres-1-lt-bot/p,https://unimarc.vtexassets.com/arquivos/ids/248013/000000000000675098-UN-01.jpg?v=638798953246770000,Destilados Y Licores,Piscos,https://www.unimarc.cl/category/bebidas-y-licores/destilados-y-licores/piscos,https://www.unimarc.cl/_next/data/0ucQ92dO_m9T9joH0FjVV/category/bebidas-y-licores/destilados-y-licores/piscos.json?categories=bebidas-y-licores&categories=destilados-y-licores&categories=piscos,2026-02-18T12:46:26
54298,Pisco Alto del Carmen Barricas de selección 750 cc,Alto Del Carmen,1 un,litro,8090,9550,8090,True,Ahorras $1.460,$10.787 x litro,$12.733 x litro,https://www.unimarc.cl/pisco-ed-ltda-alto-del-carmen-750-cc-bot/p,https://unimarc.vtexassets.com/arquivos/ids/234779/000000000000634916-UN-01.jpg?v=638599390657170000,Destilados Y Licores,Piscos,https://www.unimarc.cl/category/bebidas-y-licores/destilados-y-licores/piscos,https://www.unimarc.cl/_next/data/0ucQ92dO_m9T9joH0FjVV/category/bebidas-y-licores/destilados-y-licores/piscos.json?categories=bebidas-y-licores&categories=destilados-y-licores&categories=piscos,2026-02-18T12:46:26
91612,Pisco Diaguitas 40° transparente botella 750 cc,Diaguitas,1 un,litro,13190,15590,13190,True,Ahorras $2.400,$17.587 x litro,$20.787 x litro,https://www.unimarc.cl/pisco-transparente-diaguitas-750-ml-bot/p,https://unimarc.vtexassets.com/arquivos/ids/249197/000000000000675801-UN-01.jpg?v=638848108101370000,Destilados Y Licores,Piscos,https://www.unimarc.cl/category/bebidas-y-licores/destilados-y-licores/piscos,https://www.unimarc.cl/_next/data/0ucQ92dO_m9T9joH0FjVV/category/bebidas-y-licores/destilados-y-licores/piscos.json?categories=bebidas-y-licores&categories=destilados-y-licores&categories=piscos,2026-02-18T12:46:26
1368,Pisco Capel especial doble destilado 35° botella 1 L,Capel,1 un,litro,6090,7490,6090,True,Ahorras $1.400,$6.090 x litro,$7.490 x litro,https://www.unimarc.cl/pisco-especial-capel-1-lt-bot/p,https://unimarc.vtexassets.com/arquivos/ids/205061/000000000000616733-UN-01.jpg?v=638599390612270000,Destilados Y Licores,Piscos,https://www.unimarc.cl/category/bebidas-y-licores/destilados-y-licores/piscos,https://www.unimarc.cl/_next/data/0ucQ92dO_m9T9joH0FjVV/category/bebidas-y-licores/destilados-y-licores/piscos.json?categories=bebidas-y-licores&categories=destilados-y-licores&categories=piscos,2026-02-18T12:46:26
4549,Pisco Mal Paso 40º botella 750 cc,Mal Paso,1 un,litro,8290,10190,8290,True,Ahorras $1.900,$11.053 x litro,$13.587 x litro,https://www.unimarc.cl/pisco-res-mal-paso-750-cc-bot/p,https://unimarc.vtexassets.com/arquivos/ids/224318/000000000000194271-UN-01.jpg?v=637811347702700000,Destilados Y Licores,Piscos,https://www.unimarc.cl/category/bebidas-y-licores/destilados-y-licores/piscos,https://www.unimarc.cl/_next/data/0ucQ92dO_m9T9joH0FjVV/category/bebidas-y-licores/destilados-y-licores/piscos.json?categories=bebidas-y-licores&categories=destilados-y-licores&categories=piscos,2026-02-18T12:46:26
50429,Pisco Espíritu de los Andes botella 750 cc,Espiritu De Los Andes,1 un,litro,13690,16590,13690,True,Ahorras $2.900,$18.253 x litro,$22.120 x litro,https://www.unimarc.cl/pisco-esp-d-andes-est-750cc-bot/p,https://unimarc.vtexassets.com/arquivos/ids/245950/000000000000629775-UN-01.jpg?v=638700580188100000,Destilados Y Licores,Piscos,https://www.unimarc.cl/category/bebidas-y-licores/destilados-y-licores/piscos,https://www.unimarc.cl/_next/data/0ucQ92dO_m9T9joH0FjVV/category/bebidas-y-licores/destilados-y-licores/piscos.json?categories=bebidas-y-licores&categories=destilados-y-licores&categories=piscos,2026-02-18T12:46:26
65765,Licor quebranta Barsol botella 700 cc,Barsol,1 un,litro,13590,16450,13590,True,Ahorras $2.860,$19.414 x litro,$23.500 x litro,https://www.unimarc.cl/licor-barsol-quebranta-700-cc-bot/p,https://unimarc.vtexassets.com/arquivos/ids/193098/000000000000634535-UN-01.jpg?v=638563943604100000,Destilados Y Licores,Piscos,https://www.unimarc.cl/category/bebidas-y-licores/destilados-y-licores/piscos,https://www.unimarc.cl/_next/data/0ucQ92dO_m9T9joH0FjVV/category/bebidas-y-licores/destilados-y-licores/piscos.json?categories=bebidas-y-licores&categories=destilados-y-licores&categories=piscos,2026-02-18T12:46:26
4139,Pisco Mistral 40° nobel botella 750 cc,Mistral,1 un,litro,15590,15590,,False,,$20.787 x litro,$20.787 x litro,https://www.unimarc.cl/pisco-anej-nob-mistral-750cc-bot/p,https://unimarc.vtexassets.com/arquivos/ids/242892/000000000000174785-UN-01.jpg?v=638566498816730000,Destilados Y Licores,Piscos,https://www.unimarc.cl/category/bebidas-y-licores/destilados-y-licores/piscos,https://www.unimarc.cl/_next/data/0ucQ92dO_m9T9joH0FjVV/category/bebidas-y-licores/destilados-y-licores/piscos.json?categories=bebidas-y-licores&categories=destilados-y-licores&categories=piscos,2026-02-18T12:46:26
96653,Pisco Alto del Carmen mango passion botella 750 cc,Alto Del Carmen,1 un,litro,12190,14790,12190,True,Ahorras $2.600,$16.253 x litro,$19.720 x litro,https://www.unimarc.cl/pisco-mang-passion-alto-d-carm-750ml-bot/p,https://unimarc.vtexassets.com/arquivos/ids/255913/000000000000697975-UN-01.jpg?v=639053852783830000,Destilados Y Licores,Piscos,https://www.unimarc.cl/category/bebidas-y-licores/destilados-y-licores/piscos,https://www.unimarc.cl/_next/data/0ucQ92dO_m9T9joH0FjVV/category/bebidas-y-licores/destilados-y-licores/piscos.json?categories=bebidas-y-licores&categories=destilados-y-licores&categories=piscos,2026-02-18T12:46:26
93424,Pisco añejado en roble Bou Legado botella 750ml,Bou Legado,1 un,litro,22990,22990,,False,,$30.653 x litro,$30.653 x litro,https://www.unimarc.cl/pisco-anejado-roble-bou-legado-750cc-bot/p,https://unimarc.vtexassets.com/arquivos/ids/253671/000000000000688811-UN-01.jpg?v=638999392894930000,Destilados Y Licores,Piscos,https://www.unimarc.cl/category/bebidas-y-licores/destilados-y-licores/piscos,https://www.unimarc.cl/_next/data/0ucQ92dO_m9T9joH0FjVV/category/bebidas-y-licores/destilados-y-licores/piscos.json?categories=bebidas-y-licores&categories=destilados-y-licores&categories=piscos,2026-02-18T12:46:26
1398,Pisco Alto del Carmen especial 35° botella 1 L,Alto Del Carmen,1 un,litro,9990,9990,,False,,$9.990 x litro,$9.990 x litro,https://www.unimarc.cl/pisco-alto-del-carmen-35-1-l/p,https://unimarc.vtexassets.com/arquivos/ids/243701/000000000000629430-UN-01.jpg?v=638599390627100000,Destilados Y Licores,Piscos,https://www.unimarc.cl/category/bebidas-y-licores/destilados-y-licores/piscos,https://www.unimarc.cl/_next/data/0ucQ92dO_m9T9joH0FjVV/category/bebidas-y-licores/destilados-y-licores/piscos.json?categories=bebidas-y-licores&categories=destilados-y-licores&categories=piscos,2026-02-18T12:46:26
89177,Pisco sour La Pizka limón sutil 475 cc,La Pizka,1 un,litro,8990,8990,,False,,$18.926 x litro,$18.926 x litro,https://www.unimarc.cl/pisco-sour-limon-sut-cong-l-pizka-475bot/p,https://unimarc.vtexassets.com/arquivos/ids/244421/000000000000671169-UN-01.jpg?v=638633863111500000,Destilados Y Licores,Piscos,https://www.unimarc.cl/category/bebidas-y-licores/destilados-y-licores/piscos,https://www.unimarc.cl/_next/data/0ucQ92dO_m9T9joH0FjVV/category/bebidas-y-licores/destilados-y-licores/piscos.json?categories=bebidas-y-licores&categories=destilados-y-licores&categories=piscos,2026-02-18T12:46:26
14822,Pisco El Gobernador reservado botella 700 cc,Miguel Torres,1 un,litro,11990,11990,,False,,$17.129 x litro,$17.129 x litro,https://www.unimarc.cl/pisco-el-gobernador-700-cc-bot/p,https://unimarc.vtexassets.com/arquivos/ids/248592/000000000000697718-UN-01.jpg.jpg?v=638816402535400000,Destilados Y Licores,Piscos,https://www.unimarc.cl/category/bebidas-y-licores/destilados-y-licores/piscos,https://www.unimarc.cl/_next/data/0ucQ92dO_m9T9joH0FjVV/category/bebidas-y-licores/destilados-y-licores/piscos.json?categories=bebidas-y-licores&categories=destilados-y-licores&categories=piscos,2026-02-18T12:46:26
87518,Pisco Republicano moscatel botella 750 cc,Republicano,1 un,litro,12690,12690,,False,,$16.920 x litro,$16.920 x litro,https://www.unimarc.cl/pisco-moscatel-republicano-750-cc-bot/p,https://unimarc.vtexassets.com/arquivos/ids/240133/000000000000669052-UN-01.jpg?v=638536519748970000,Destilados Y Licores,Piscos,https://www.unimarc.cl/category/bebidas-y-licores/destilados-y-licores/piscos,https://www.unimarc.cl/_next/data/0ucQ92dO_m9T9joH0FjVV/category/bebidas-y-licores/destilados-y-licores/piscos.json?categories=bebidas-y-licores&categories=destilados-y-licores&categories=piscos,2026-02-18T12:46:26
7895,Pisco Mistral 46° botella 750 cc,Mistral,1 un,litro,10890,10890,,False,,$14.520 x litro,$14.520 x litro,https://www.unimarc.cl/pisco-mistral-neg-750-cc-bot/p,https://unimarc.vtexassets.com/arquivos/ids/242890/000000000000008646-UN-01.jpg?v=638566494981270000,Destilados Y Licores,Piscos,https://www.unimarc.cl/category/bebidas-y-licores/destilados-y-licores/piscos,https://www.unimarc.cl/_next/data/0ucQ92dO_m9T9joH0FjVV/category/bebidas-y-licores/destilados-y-licores/piscos.json?categories=bebidas-y-licores&categories=destilados-y-licores&categories=piscos,2026-02-18T12:46:26
59814,Pisco especial Mal Paso botella 1 L,Mal Paso,1 un,litro,10390,10390,,False,,$10.390 x litro,$10.390 x litro,https://www.unimarc.cl/pisco-especial-mal-paso-1-lt-bot/p,https://unimarc.vtexassets.com/arquivos/ids/224312/000000000000638550-UN-01.jpg?v=637811345910670000,Destilados Y Licores,Piscos,https://www.unimarc.cl/category/bebidas-y-licores/destilados-y-licores/piscos,https://www.unimarc.cl/_next/data/0ucQ92dO_m9T9joH0FjVV/category/bebidas-y-licores/destilados-y-licores/piscos.json?categories=bebidas-y-licores&categories=destilados-y-licores&categories=piscos,2026-02-18T12:46:26
89273,Pisco Mistral 40° nobel cristalino botella 750 cc,Mistral,1 un,litro,15990,15990,,False,,$21.320 x litro,$21.320 x litro,https://www.unimarc.cl/pisco-nobel-cristalino-mistral-750cc-bot/p,https://unimarc.vtexassets.com/arquivos/ids/244441/000000000000671670-UN-01.jpg?v=638635864135370000,Destilados Y Licores,Piscos,https://www.unimarc.cl/category/bebidas-y-licores/destilados-y-licores/piscos,https://www.unimarc.cl/_next/data/0ucQ92dO_m9T9joH0FjVV/category/bebidas-y-licores/destilados-y-licores/piscos.json?categories=bebidas-y-licores&categories=destilados-y-licores&categories=piscos,2026-02-18T12:46:26
12975,Pisco Artesanos del Cochiguaz especial 35° botella 1 L,Artesanos Del Cochiguaz,1 un,litro,5450,5450,,False,,$5.450 x litro,$5.450 x litro,https://www.unimarc.cl/pisco-artesanos-1-lt-bot/p,https://unimarc.vtexassets.com/arquivos/ids/205057/000000000000585326-UN-01.jpg?v=638599390603000000,Destilados Y Licores,Piscos,https://www.unimarc.cl/category/bebidas-y-licores/destilados-y-licores/piscos,https://www.unimarc.cl/_next/data/0ucQ92dO_m9T9joH0FjVV/category/bebidas-y-licores/destilados-y-licores/piscos.json?categories=bebidas-y-licores&categories=destilados-y-licores&categories=piscos,2026-02-18T12:46:26
78568,Pisco Republicano añejado en roble botella 750 cc,Republicano,1 un,litro,12690,12690,,False,,$16.920 x litro,$16.920 x litro,https://www.unimarc.cl/pisco-anejado-roble-republicano-750c-bot/p,https://unimarc.vtexassets.com/arquivos/ids/219410/000000000000652561-UN-01.jpg?v=637660433454530000,Destilados Y Licores,Piscos,https://www.unimarc.cl/category/bebidas-y-licores/destilados-y-licores/piscos,https://www.unimarc.cl/_next/data/0ucQ92dO_m9T9joH0FjVV/category/bebidas-y-licores/destilados-y-licores/piscos.json?categories=bebidas-y-licores&categories=destilados-y-licores&categories=piscos,2026-02-18T12:46:26
5151,Pisco Mistral 40° gran nobel botella 700 cc,Mistral,1 un,litro,33850,33850,,False,,$48.357 x litro,$48.357 x litro,https://www.unimarc.cl/pisco-g-nobel-mistral-700cc-bot/p,https://unimarc.vtexassets.com/arquivos/ids/242902/000000000000357983-UN-01.jpg?v=638566520369900000,Destilados Y Licores,Piscos,https://www.unimarc.cl/category/bebidas-y-licores/destilados-y-licores/piscos,https://www.unimarc.cl/_next/data/0ucQ92dO_m9T9joH0FjVV/category/bebidas-y-licores/destilados-y-licores/piscos.json?categories=bebidas-y-licores&categories=destilados-y-licores&categories=piscos,2026-02-18T12:46:26
89178,Pisco sour La Pizka menta jengibre 475 cc,La Pizka,1 un,litro,8990,8990,,False,,$18.926 x litro,$18.926 x litro,https://www.unimarc.cl/pisco-sour-mta-jngb-cong-la-pizka-475bot/p,https://unimarc.vtexassets.com/arquivos/ids/244422/000000000000671170-UN-01.jpg?v=638633863115100000,Destilados Y Licores,Piscos,https://www.unimarc.cl/category/bebidas-y-licores/destilados-y-licores/piscos,https://www.unimarc.cl/_next/data/0ucQ92dO_m9T9joH0FjVV/category/bebidas-y-licores/destilados-y-licores/piscos.json?categories=bebidas-y-licores&categories=destilados-y-licores&categories=piscos,2026-02-18T12:46:26
83064,Pisco transparente Tres Erres 750 cc,Tres Erres,1 un,litro,8790,8790,,False,,$11.720 x litro,$11.720 x litro,https://www.unimarc.cl/pisco-transparente-tres-erres-750-cc-bot/p,https://unimarc.vtexassets.com/arquivos/ids/230587/000000000000662256-UN-01.jpg?v=638563943802870000,Destilados Y Licores,Piscos,https://www.unimarc.cl/category/bebidas-y-licores/destilados-y-licores/piscos,https://www.unimarc.cl/_next/data/0ucQ92dO_m9T9joH0FjVV/category/bebidas-y-licores/destilados-y-licores/piscos.json?categories=bebidas-y-licores&categories=destilados-y-licores&categories=piscos,2026-02-18T12:46:26
91935,Pisco Mal Paso reposado en roble 750 cc,Mal Paso,1 un,litro,9790,9790,,False,,$13.053 x litro,$13.053 x litro,https://www.unimarc.cl/pisco-reposado-mal-paso-750-ml-bot/p,https://unimarc.vtexassets.com/arquivos/ids/250349/000000000000682646-UN-01.jpg?v=638899215265300000,Destilados Y Licores,Piscos,https://www.unimarc.cl/category/bebidas-y-licores/destilados-y-licores/piscos,https://www.unimarc.cl/_next/data/0ucQ92dO_m9T9joH0FjVV/category/bebidas-y-licores/destilados-y-licores/piscos.json?categories=bebidas-y-licores&categories=destilados-y-licores&categories=piscos,2026-02-18T12:46:26
93423,Pisco blanco original Bou Legado botella 750ml,Bou Legado,1 un,litro,19990,19990,,False,,$26.653 x litro,$26.653 x litro,https://www.unimarc.cl/pisco-blanco-orig-bou-legado-750-cc-bot/p,https://unimarc.vtexassets.com/arquivos/ids/253668/000000000000688810-UN-01.jpg?v=638999392296600000,Destilados Y Licores,Piscos,https://www.unimarc.cl/category/bebidas-y-licores/destilados-y-licores/piscos,https://www.unimarc.cl/_next/data/0ucQ92dO_m9T9joH0FjVV/category/bebidas-y-licores/destilados-y-licores/piscos.json?categories=bebidas-y-licores&categories=destilados-y-licores&categories=piscos,2026-02-18T12:46:26
87109,Pisco Diablo reservado transparente botella 700 cc,Diablo,1 un,litro,11290,11290,,False,,$16.129 x litro,$16.129 x litro,https://www.unimarc.cl/pisco-reservado-diablo-700-ml-bot/p,https://unimarc.vtexassets.com/arquivos/ids/239007/000000000000665983-UN-01.jpg?v=638500811425000000,Destilados Y Licores,Piscos,https://www.unimarc.cl/category/bebidas-y-licores/destilados-y-licores/piscos,https://www.unimarc.cl/_next/data/0ucQ92dO_m9T9joH0FjVV/category/bebidas-y-licores/destilados-y-licores/piscos.json?categories=bebidas-y-licores&categories=destilados-y-licores&categories=piscos,2026-02-18T12:46:26
89179,Pisco sour La Pizka maracuyá 475 cc,La Pizka,1 un,litro,8990,8990,,False,,$18.926 x litro,$18.926 x litro,https://www.unimarc.cl/pisco-sour-maracuya-cong-la-pizka-475bot/p,https://unimarc.vtexassets.com/arquivos/ids/244616/000000000000671211-UN-01.jpg?v=638640841596230000,Destilados Y Licores,Piscos,https://www.unimarc.cl/category/bebidas-y-licores/destilados-y-licores/piscos,https://www.unimarc.cl/_next/data/0ucQ92dO_m9T9joH0FjVV/category/bebidas-y-licores/destilados-y-licores/piscos.json?categories=bebidas-y-licores&categories=destilados-y-licores&categories=piscos,2026-02-18T12:46:26
89180,Pisco sour La Pizka sin azúcar 475 cc,La Pizka,1 un,litro,9990,9990,,False,,$21.032 x litro,$21.032 x litro,https://www.unimarc.cl/pisco-sour-s-azucar-cong-la-pizka-475bot/p,https://unimarc.vtexassets.com/arquivos/ids/244614/000000000000671213-UN-01.jpg?v=638640840513770000,Destilados Y Licores,Piscos,https://www.unimarc.cl/category/bebidas-y-licores/destilados-y-licores/piscos,https://www.unimarc.cl/_next/data/0ucQ92dO_m9T9joH0FjVV/category/bebidas-y-licores/destilados-y-licores/piscos.json?categories=bebidas-y-licores&categories=destilados-y-licores&categories=piscos,2026-02-18T12:46:26
90100,Pisco Alto del Carmen manzana botella 750 cc,Alto Del Carmen,1 un,litro,14790,14790,,False,,$19.720 x litro,$19.720 x litro,https://www.unimarc.cl/pisco-manzana-alto-del-carmen-750-cc-bot/p,https://unimarc.vtexassets.com/arquivos/ids/245810/000000000000673292-UN-01.jpg?v=638690885250670000,Destilados Y Licores,Piscos,https://www.unimarc.cl/category/bebidas-y-licores/destilados-y-licores/piscos,https://www.unimarc.cl/_next/data/0ucQ92dO_m9T9joH0FjVV/category/bebidas-y-licores/destilados-y-licores/piscos.json?categories=bebidas-y-licores&categories=destilados-y-licores&categories=piscos,2026-02-18T12:46:26
93646,Pisco Alto del Carmen vainilla coffe 750 cc,Alto Del Carmen,1 un,litro,14790,14790,,False,,$19.720 x litro,$19.720 x litro,https://www.unimarc.cl/pisco-vanilla-coffe-a-carmen-750-cc-bot/p,https://unimarc.vtexassets.com/arquivos/ids/252889/000000000000691540-UN-01.jpg?v=638980640211930000,Destilados Y Licores,Piscos,https://www.unimarc.cl/category/bebidas-y-licores/destilados-y-licores/piscos,https://www.unimarc.cl/_next/data/0ucQ92dO_m9T9joH0FjVV/category/bebidas-y-licores/destilados-y-licores/piscos.json?categories=bebidas-y-licores&categories=destilados-y-licores&categories=piscos,2026-02-18T12:46:26
89176,Pisco sour La Pizka chardonnay 1 L,La Pizka,1 un,litro,15190,15190,,False,,$15.190 x litro,$15.190 x litro,https://www.unimarc.cl/pisco-sour-chardon-cong-la-pizka-1lt-bot/p,https://unimarc.vtexassets.com/arquivos/ids/244420/000000000000671168-UN-01.jpg?v=638633863107530000,Destilados Y Licores,Piscos,https://www.unimarc.cl/category/bebidas-y-licores/destilados-y-licores/piscos,https://www.unimarc.cl/_next/data/0ucQ92dO_m9T9joH0FjVV/category/bebidas-y-licores/destilados-y-licores/piscos.json?page=2&categories=bebidas-y-licores&categories=destilados-y-licores&categories=piscos,2026-02-18T12:46:29
77819,Pisco Mal Paso Pedro Jiménez botella 750 cc,Mal Paso,1 un,litro,10990,10990,,False,,$14.653 x litro,$14.653 x litro,https://www.unimarc.cl/pisco-res-p-jimenez-mal-paso-750-ml-bot/p,https://unimarc.vtexassets.com/arquivos/ids/224308/000000000000652035-UN-01.jpg?v=637811343551870000,Destilados Y Licores,Piscos,https://www.unimarc.cl/category/bebidas-y-licores/destilados-y-licores/piscos,https://www.unimarc.cl/_next/data/0ucQ92dO_m9T9joH0FjVV/category/bebidas-y-licores/destilados-y-licores/piscos.json?page=2&categories=bebidas-y-licores&categories=destilados-y-licores&categories=piscos,2026-02-18T12:46:29
65,Pisco Alto del Carmen reservado 40° botella 750 cc,Alto Del Carmen,1 un,litro,9550,9550,,False,,$12.733 x litro,$12.733 x litro,https://www.unimarc.cl/pisco-alto-del-carmen-40-750-ml/p,https://unimarc.vtexassets.com/arquivos/ids/243686/000000000000008556-UN-01.jpg?v=638599390459500000,Destilados Y Licores,Piscos,https://www.unimarc.cl/category/bebidas-y-licores/destilados-y-licores/piscos,https://www.unimarc.cl/_next/data/0ucQ92dO_m9T9joH0FjVV/category/bebidas-y-licores/destilados-y-licores/piscos.json?page=2&categories=bebidas-y-licores&categories=destilados-y-licores&categories=piscos,2026-02-18T12:46:29
76218,Pisco Alto del Carmen robles del sur 750 cc,Alto Del Carmen,1 un,litro,8590,8590,,False,,$11.453 x litro,$11.453 x litro,https://www.unimarc.cl/pisco-robles-del-sur-a-carmen-750-cc-bot/p,https://unimarc.vtexassets.com/arquivos/ids/221005/000000000000650768-UN-01.jpg?v=638599374133630000,Destilados Y Licores,Piscos,https://www.unimarc.cl/category/bebidas-y-licores/destilados-y-licores/piscos,https://www.unimarc.cl/_next/data/0ucQ92dO_m9T9joH0FjVV/category/bebidas-y-licores/destilados-y-licores/piscos.json?page=2&categories=bebidas-y-licores&categories=destilados-y-licores&categories=piscos,2026-02-18T12:46:29
94068,Pisco sour La Pizka calafate berries botella 1 L,La Pizka,1 un,litro,14990,14990,,False,,$14.990 x litro,$14.990 x litro,https://www.unimarc.cl/pisco-sour-calaf-berries-l-pizka-1lt-bot/p,https://unimarc.vtexassets.com/arquivos/ids/254320/000000000000691995-UN-01.jpg?v=639016580141000000,Destilados Y Licores,Piscos,https://www.unimarc.cl/category/bebidas-y-licores/destilados-y-licores/piscos,https://www.unimarc.cl/_next/data/0ucQ92dO_m9T9joH0FjVV/category/bebidas-y-licores/destilados-y-licores/piscos.json?page=2&categories=bebidas-y-licores&categories=destilados-y-licores&categories=piscos,2026-02-18T12:46:29
3608,Pisco Campanario 35° botella 700 cc,Campanario,1 un,litro,5590,5590,,False,,$7.986 x litro,$7.986 x litro,https://www.unimarc.cl/pisco-rep-roja-campanario-700-cc-bot/p,https://unimarc.vtexassets.com/arquivos/ids/242891/000000000000064466-UN-01.jpg?v=638566496575400000,Destilados Y Licores,Piscos,https://www.unimarc.cl/category/bebidas-y-licores/destilados-y-licores/piscos,https://www.unimarc.cl/_next/data/0ucQ92dO_m9T9joH0FjVV/category/bebidas-y-licores/destilados-y-licores/piscos.json?page=2&categories=bebidas-y-licores&categories=destilados-y-licores&categories=piscos,2026-02-18T12:46:29
89181,Pisco sour La Pizka chardonnay 475 cc,La Pizka,1 un,litro,8990,8990,,False,,$18.926 x litro,$18.926 x litro,https://www.unimarc.cl/pisco-sour-chardon-cong-la-pizka-475-bot/p,https://unimarc.vtexassets.com/arquivos/ids/244612/000000000000671214-UN-01.jpg?v=638640839412100000,Destilados Y Licores,Piscos,https://www.unimarc.cl/category/bebidas-y-licores/destilados-y-licores/piscos,https://www.unimarc.cl/_next/data/0ucQ92dO_m9T9joH0FjVV/category/bebidas-y-licores/destilados-y-licores/piscos.json?page=2&categories=bebidas-y-licores&categories=destilados-y-licores&categories=piscos,2026-02-18T12:46:29
52690,Pisco Bauza botella 1 L,Bauza,1 un,litro,10590,10590,,False,,$10.590 x litro,$10.590 x litro,https://www.unimarc.cl/pisco-bauza-1-lt-bot/p,https://unimarc.vtexassets.com/arquivos/ids/177934/000000000000725741-UN.jpg?v=636681303673900000,Destilados Y Licores,Piscos,https://www.unimarc.cl/category/bebidas-y-licores/destilados-y-licores/piscos,https://www.unimarc.cl/_next/data/0ucQ92dO_m9T9joH0FjVV/category/bebidas-y-licores/destilados-y-licores/piscos.json?page=2&categories=bebidas-y-licores&categories=destilados-y-licores&categories=piscos,2026-02-18T12:46:29
71299,Pisco Diablo reservado botella 700 cc,Diablo,1 un,litro,8490,10690,8490,True,Ahorras $2.200,$12.129 x litro,$15.271 x litro,https://www.unimarc.cl/pisco-diablo-reservado-700-cc-bot/p,https://unimarc.vtexassets.com/arquivos/ids/202024/000000000000646646-UN-01.jpg?v=637366618138170000,Destilados Y Licores,Piscos,https://www.unimarc.cl/category/bebidas-y-licores/destilados-y-licores/piscos,https://www.unimarc.cl/_next/data/0ucQ92dO_m9T9joH0FjVV/category/bebidas-y-licores/destilados-y-licores/piscos.json?page=2&categories=bebidas-y-licores&categories=destilados-y-licores&categories=piscos,2026-02-18T12:46:29
5298,Pisco Horcón Quemado 35° añejado botella 645 cc,Horcon Quemado,1 un,litro,11890,13890,11890,True,Ahorras $2.000,$18.434 x litro,$21.535 x litro,https://www.unimarc.cl/pisco-horcon-quemado-645-cc-bot/p,https://unimarc.vtexassets.com/arquivos/ids/242904/000000000000533724-UN-01.jpg?v=638566521986030000,Destilados Y Licores,Piscos,https://www.unimarc.cl/category/bebidas-y-licores/destilados-y-licores/piscos,https://www.unimarc.cl/_next/data/0ucQ92dO_m9T9joH0FjVV/category/bebidas-y-licores/destilados-y-licores/piscos.json?page=2&categories=bebidas-y-licores&categories=destilados-y-licores&categories=piscos,2026-02-18T12:46:29
12596,Pisco Horcón Quemado 2 años 40° botella 645 cc,Horcon Quemado,1 un,litro,15590,15590,,False,,$24.171 x litro,$24.171 x litro,https://www.unimarc.cl/pisco-artes-2a-h-quem-645cc-bot/p,https://unimarc.vtexassets.com/arquivos/ids/242905/000000000000549356-UN-01.jpg?v=638566522599600000,Destilados Y Licores,Piscos,https://www.unimarc.cl/category/bebidas-y-licores/destilados-y-licores/piscos,https://www.unimarc.cl/_next/data/0ucQ92dO_m9T9joH0FjVV/category/bebidas-y-licores/destilados-y-licores/piscos.json?page=2&categories=bebidas-y-licores&categories=destilados-y-licores&categories=piscos,2026-02-18T12:46:29
94069,Pisco sour La Pizka calafate berries botella 475 cc,La Pizka,1 un,litro,8590,8590,,False,,$18.084 x litro,$18.084 x litro,https://www.unimarc.cl/pisco-sour-calaf-berries-l-pizka-475-bot/p,https://unimarc.vtexassets.com/arquivos/ids/254321/000000000000691996-UN-01.jpg?v=639016580152500000,Destilados Y Licores,Piscos,https://www.unimarc.cl/category/bebidas-y-licores/destilados-y-licores/piscos,https://www.unimarc.cl/_next/data/0ucQ92dO_m9T9joH0FjVV/category/bebidas-y-licores/destilados-y-licores/piscos.json?page=2&categories=bebidas-y-licores&categories=destilados-y-licores&categories=piscos,2026-02-18T12:46:29
67764,Pisco Diablo botella 700 cc,Diablo,1 un,litro,9490,9490,,False,,$13.557 x litro,$13.557 x litro,https://www.unimarc.cl/pisco-diablo-700-cc-bot/p,https://unimarc.vtexassets.com/arquivos/ids/203944/000000000000642381-UN-01.jpg?v=637399284816570000,Destilados Y Licores,Piscos,https://www.unimarc.cl/category/bebidas-y-licores/destilados-y-licores/piscos,https://www.unimarc.cl/_next/data/0ucQ92dO_m9T9joH0FjVV/category/bebidas-y-licores/destilados-y-licores/piscos.json?page=2&categories=bebidas-y-licores&categories=destilados-y-licores&categories=piscos,2026-02-18T12:46:29
54676,Pisco Brujas de Salamanca reservado 40° botella 700 cc,Brujas De Salamanca,1 un,litro,8090,8090,,False,,$11.557 x litro,$11.557 x litro,https://www.unimarc.cl/pisco-brujas-de-salamanca-700-cc-bot/p,https://unimarc.vtexassets.com/arquivos/ids/239510/000000000000634563-UN-01.jpg?v=638599390649470000,Destilados Y Licores,Piscos,https://www.unimarc.cl/category/bebidas-y-licores/destilados-y-licores/piscos,https://www.unimarc.cl/_next/data/0ucQ92dO_m9T9joH0FjVV/category/bebidas-y-licores/destilados-y-licores/piscos.json?page=2&categories=bebidas-y-licores&categories=destilados-y-licores&categories=piscos,2026-02-18T12:46:29
7692,Pisco 35º La Serena botella 700 cc,La Serena,1 un,litro,4490,4490,,False,,$6.414 x litro,$6.414 x litro,https://www.unimarc.cl/pisco-especial-la-serena-700-cc-botella/p,https://unimarc.vtexassets.com/arquivos/ids/242888/000000000000005542-UN-01.jpg?v=638566491943300000,Destilados Y Licores,Piscos,https://www.unimarc.cl/category/bebidas-y-licores/destilados-y-licores/piscos,https://www.unimarc.cl/_next/data/0ucQ92dO_m9T9joH0FjVV/category/bebidas-y-licores/destilados-y-licores/piscos.json?page=2&categories=bebidas-y-licores&categories=destilados-y-licores&categories=piscos,2026-02-18T12:46:29
833,Ron Maddero dorado 40° botella 750 cc,Maddero,1 un,litro,4190,4990,4190,True,Ahorras $800,$5.587 x litro,$6.653 x litro,https://www.unimarc.cl/ron-dorado-750-cc/p,https://unimarc.vtexassets.com/arquivos/ids/205152/000000000000198403-UN-01.jpg?v=638599390572900000,Destilados Y Licores,Ron,https://www.unimarc.cl/category/bebidas-y-licores/destilados-y-licores/ron,https://www.unimarc.cl/_next/data/0ucQ92dO_m9T9joH0FjVV/category/bebidas-y-licores/destilados-y-licores/ron.json?categories=bebidas-y-licores&categories=destilados-y-licores&categories=ron,2026-02-18T12:46:36
87343,Ron blanco Sierra Morena botella 1 L,Sierra Morena,1 un,litro,6390,7150,6390,True,Ahorras $760,$6.390 x litro,$7.150 x litro,https://www.unimarc.cl/ron-blanco-sierra-morena-1-lt-bot/p,https://unimarc.vtexassets.com/arquivos/ids/239362/000000000000668652-UN-01.jpg?v=638563943847800000,Destilados Y Licores,Ron,https://www.unimarc.cl/category/bebidas-y-licores/destilados-y-licores/ron,https://www.unimarc.cl/_next/data/0ucQ92dO_m9T9joH0FjVV/category/bebidas-y-licores/destilados-y-licores/ron.json?categories=bebidas-y-licores&categories=destilados-y-licores&categories=ron,2026-02-18T12:46:36
91418,Ron Havana Club dorado especial botella 700 cc,Havana Club,1 un,litro,8090,9990,8090,True,Ahorras $1.900,$11.557 x litro,$14.271 x litro,https://www.unimarc.cl/ron-dorado-espec-havana-club-700-ml-bot/p,https://unimarc.vtexassets.com/arquivos/ids/248613/000000000000675677-UN-01.jpg?v=638816431951670000,Destilados Y Licores,Ron,https://www.unimarc.cl/category/bebidas-y-licores/destilados-y-licores/ron,https://www.unimarc.cl/_next/data/0ucQ92dO_m9T9joH0FjVV/category/bebidas-y-licores/destilados-y-licores/ron.json?categories=bebidas-y-licores&categories=destilados-y-licores&categories=ron,2026-02-18T12:46:36
71301,Ron del caribe Malibu sabor coco 750 cc,Malibu,1 un,litro,10490,13450,10490,True,Ahorras $2.960,$13.987 x litro,$17.933 x litro,https://www.unimarc.cl/ron-del-caribe-c-coco-malibu-750-ml/p,https://unimarc.vtexassets.com/arquivos/ids/215852/000000000000646823-UN-01.jpg?v=637583262962330000,Destilados Y Licores,Ron,https://www.unimarc.cl/category/bebidas-y-licores/destilados-y-licores/ron,https://www.unimarc.cl/_next/data/0ucQ92dO_m9T9joH0FjVV/category/bebidas-y-licores/destilados-y-licores/ron.json?categories=bebidas-y-licores&categories=destilados-y-licores&categories=ron,2026-02-18T12:46:36
91421,Ron Havana Club original añejo 3 años 700 cc,Havana Club,1 un,litro,8990,10990,8990,True,Ahorras $2.000,$12.843 x litro,$15.700 x litro,https://www.unimarc.cl/ron-orig-anejo-3a-havana-club-700ml-bot/p,https://unimarc.vtexassets.com/arquivos/ids/248614/000000000000675679-UN-01.jpg?v=638816431954330000,Destilados Y Licores,Ron,https://www.unimarc.cl/category/bebidas-y-licores/destilados-y-licores/ron,https://www.unimarc.cl/_next/data/0ucQ92dO_m9T9joH0FjVV/category/bebidas-y-licores/destilados-y-licores/ron.json?categories=bebidas-y-licores&categories=destilados-y-licores&categories=ron,2026-02-18T12:46:36
89437,Ron Bacardi carta blanca botella 700 cc,Bacardi,1 un,litro,8490,9990,8490,True,Ahorras $1.500,$12.129 x litro,$14.271 x litro,https://www.unimarc.cl/ron-carta-blanca-bacardi-700-ml-bot/p,https://unimarc.vtexassets.com/arquivos/ids/245065/000000000000671828-UN-01.jpg?v=638663476330770000,Destilados Y Licores,Ron,https://www.unimarc.cl/category/bebidas-y-licores/destilados-y-licores/ron,https://www.unimarc.cl/_next/data/0ucQ92dO_m9T9joH0FjVV/category/bebidas-y-licores/destilados-y-licores/ron.json?categories=bebidas-y-licores&categories=destilados-y-licores&categories=ron,2026-02-18T12:46:36
91601,Ron Havana Club especial botella 1 L,Havana Club,1 un,litro,8990,10990,8990,True,Ahorras $2.000,$8.990 x litro,$10.990 x litro,https://www.unimarc.cl/ron-especial-havana-club-1-lt-bot/p,https://unimarc.vtexassets.com/arquivos/ids/249196/000000000000675678-UN-01.jpg?v=638848108099470000,Destilados Y Licores,Ron,https://www.unimarc.cl/category/bebidas-y-licores/destilados-y-licores/ron,https://www.unimarc.cl/_next/data/0ucQ92dO_m9T9joH0FjVV/category/bebidas-y-licores/destilados-y-licores/ron.json?categories=bebidas-y-licores&categories=destilados-y-licores&categories=ron,2026-02-18T12:46:36
5255,Ron Cabo Viejo 40° 750 cc,Cabo Viejo,1 un,litro,4790,5990,4790,True,Ahorras $1.200,$6.387 x litro,$7.987 x litro,https://www.unimarc.cl/ron-ronda-cabo-viejo-750-cc-bot/p,https://unimarc.vtexassets.com/arquivos/ids/193078/000000000000506906-UN-01.jpg?v=637214393828330000,Destilados Y Licores,Ron,https://www.unimarc.cl/category/bebidas-y-licores/destilados-y-licores/ron,https://www.unimarc.cl/_next/data/0ucQ92dO_m9T9joH0FjVV/category/bebidas-y-licores/destilados-y-licores/ron.json?categories=bebidas-y-licores&categories=destilados-y-licores&categories=ron,2026-02-18T12:46:36
4185,Ron Sierra Morena extra añejado 39.5° botella 750 cc,Sierra Morena,1 un,litro,9090,10350,9090,True,Ahorras $1.260,$12.120 x litro,$13.800 x litro,https://www.unimarc.cl/ron-5-anos-s-morena-750-cc-bot/p,https://unimarc.vtexassets.com/arquivos/ids/242894/000000000000177173-UN-01.jpg?v=638566505651270000,Destilados Y Licores,Ron,https://www.unimarc.cl/category/bebidas-y-licores/destilados-y-licores/ron,https://www.unimarc.cl/_next/data/0ucQ92dO_m9T9joH0FjVV/category/bebidas-y-licores/destilados-y-licores/ron.json?categories=bebidas-y-licores&categories=destilados-y-licores&categories=ron,2026-02-18T12:46:36
89438,Ron Bacardi añejo botella 700 cc,Bacardi,1 un,litro,9390,10990,9390,True,Ahorras $1.600,$13.414 x litro,$15.700 x litro,https://www.unimarc.cl/ron-anejo-bacardi-700-ml-bot/p,https://unimarc.vtexassets.com/arquivos/ids/245067/000000000000671830-UN-01.jpg?v=638663476351730000,Destilados Y Licores,Ron,https://www.unimarc.cl/category/bebidas-y-licores/destilados-y-licores/ron,https://www.unimarc.cl/_next/data/0ucQ92dO_m9T9joH0FjVV/category/bebidas-y-licores/destilados-y-licores/ron.json?categories=bebidas-y-licores&categories=destilados-y-licores&categories=ron,2026-02-18T12:46:36
90896,Ron blanco Bacardi superior botella 980 cc,Bacardi,1 un,litro,11750,11750,,False,,$11.990 x litro,$11.990 x litro,https://www.unimarc.cl/ron-blanco-superior-bacardi-980-cc-bot/p,https://unimarc.vtexassets.com/arquivos/ids/247043/000000000000350201-UN-01.jpg.jpg?v=638756712814570000,Destilados Y Licores,Ron,https://www.unimarc.cl/category/bebidas-y-licores/destilados-y-licores/ron,https://www.unimarc.cl/_next/data/0ucQ92dO_m9T9joH0FjVV/category/bebidas-y-licores/destilados-y-licores/ron.json?categories=bebidas-y-licores&categories=destilados-y-licores&categories=ron,2026-02-18T12:46:36
13431,Ron Cabo Viejo 1 L,Cabo Viejo,1 un,litro,5990,5990,,False,,$5.990 x litro,$5.990 x litro,https://www.unimarc.cl/ron-cabo-viejo-1-lt-bot/p,https://unimarc.vtexassets.com/arquivos/ids/193082/000000000000610841-UN-01.jpg?v=638563943535370000,Destilados Y Licores,Ron,https://www.unimarc.cl/category/bebidas-y-licores/destilados-y-licores/ron,https://www.unimarc.cl/_next/data/0ucQ92dO_m9T9joH0FjVV/category/bebidas-y-licores/destilados-y-licores/ron.json?categories=bebidas-y-licores&categories=destilados-y-licores&categories=ron,2026-02-18T12:46:36
13812,Ron blanco Sierra Morena 39.5° botella 750 cc,Sierra Morena,1 un,litro,6190,6190,,False,,$8.253 x litro,$8.253 x litro,https://www.unimarc.cl/ron-bco-sierra-morena-750-cc-bot/p,https://unimarc.vtexassets.com/arquivos/ids/248471/000000000000321786-UN-01.jpg?v=638815391996270000,Destilados Y Licores,Ron,https://www.unimarc.cl/category/bebidas-y-licores/destilados-y-licores/ron,https://www.unimarc.cl/_next/data/0ucQ92dO_m9T9joH0FjVV/category/bebidas-y-licores/destilados-y-licores/ron.json?categories=bebidas-y-licores&categories=destilados-y-licores&categories=ron,2026-02-18T12:46:36
38449,Ron Maddero dorado 40° botella 1 L,Maddero,1 un,litro,5990,5990,,False,,$5.990 x litro,$5.990 x litro,https://www.unimarc.cl/ron-dorado-maddero-1-lt/p,https://unimarc.vtexassets.com/arquivos/ids/205164/000000000000707736-UN-01.jpg?v=638599390734730000,Destilados Y Licores,Ron,https://www.unimarc.cl/category/bebidas-y-licores/destilados-y-licores/ron,https://www.unimarc.cl/_next/data/0ucQ92dO_m9T9joH0FjVV/category/bebidas-y-licores/destilados-y-licores/ron.json?categories=bebidas-y-licores&categories=destilados-y-licores&categories=ron,2026-02-18T12:46:36
65015,Ron Havana Club reserva botella 700 cc,Havana Club,1 un,litro,13350,13350,,False,,$19.071 x litro,$19.071 x litro,https://www.unimarc.cl/ron-reserva-havana-club-700-cc-bot/p,https://unimarc.vtexassets.com/arquivos/ids/233187/000000000000641132-UN-01.jpg?v=638296928459730000,Destilados Y Licores,Ron,https://www.unimarc.cl/category/bebidas-y-licores/destilados-y-licores/ron,https://www.unimarc.cl/_next/data/0ucQ92dO_m9T9joH0FjVV/category/bebidas-y-licores/destilados-y-licores/ron.json?categories=bebidas-y-licores&categories=destilados-y-licores&categories=ron,2026-02-18T12:46:36
4184,Ron Sierra Morena dorado 39.5° botella 750 cc,Sierra Morena,1 un,litro,5590,5590,,False,,$7.453 x litro,$7.453 x litro,https://www.unimarc.cl/ron-dorado-s-morena-750-cc-bot/p,https://unimarc.vtexassets.com/arquivos/ids/242893/000000000000177167-UN-01.jpg?v=638566503935730000,Destilados Y Licores,Ron,https://www.unimarc.cl/category/bebidas-y-licores/destilados-y-licores/ron,https://www.unimarc.cl/_next/data/0ucQ92dO_m9T9joH0FjVV/category/bebidas-y-licores/destilados-y-licores/ron.json?categories=bebidas-y-licores&categories=destilados-y-licores&categories=ron,2026-02-18T12:46:36
3970,Ron Havana Club Añejo 7 años 700 cc,Havana Club,1 un,litro,21290,25850,21290,True,Ahorras $4.560,$30.414 x litro,$36.929 x litro,https://www.unimarc.cl/ron-7-anos-havana-club-750cc-bot/p,https://unimarc.vtexassets.com/arquivos/ids/235414/000000000000160825-UN-01.jpg?v=638296928133000000,Destilados Y Licores,Ron,https://www.unimarc.cl/category/bebidas-y-licores/destilados-y-licores/ron,https://www.unimarc.cl/_next/data/0ucQ92dO_m9T9joH0FjVV/category/bebidas-y-licores/destilados-y-licores/ron.json?categories=bebidas-y-licores&categories=destilados-y-licores&categories=ron,2026-02-18T12:46:36
89439,Ron Bacardi raspberry botella 700 cc,Bacardi,1 un,litro,9990,11590,9990,True,Ahorras $1.600,$14.271 x litro,$16.557 x litro,https://www.unimarc.cl/ron-razzpberry-bacardi-700-ml-bot/p,https://unimarc.vtexassets.com/arquivos/ids/245068/000000000000671881-UN-01.jpg?v=638663476357870000,Destilados Y Licores,Ron,https://www.unimarc.cl/category/bebidas-y-licores/destilados-y-licores/ron,https://www.unimarc.cl/_next/data/0ucQ92dO_m9T9joH0FjVV/category/bebidas-y-licores/destilados-y-licores/ron.json?categories=bebidas-y-licores&categories=destilados-y-licores&categories=ron,2026-02-18T12:46:36
89444,Ron Bacardi carta oro botella 700 cc,Bacardi,1 un,litro,8290,9690,8290,True,Ahorras $1.400,$11.843 x litro,$13.843 x litro,https://www.unimarc.cl/ron-carta-oro-bacardi-700-ml-bot/p,https://unimarc.vtexassets.com/arquivos/ids/245066/000000000000671829-UN-01.jpg?v=638663476345000000,Destilados Y Licores,Ron,https://www.unimarc.cl/category/bebidas-y-licores/destilados-y-licores/ron,https://www.unimarc.cl/_next/data/0ucQ92dO_m9T9joH0FjVV/category/bebidas-y-licores/destilados-y-licores/ron.json?categories=bebidas-y-licores&categories=destilados-y-licores&categories=ron,2026-02-18T12:46:36
1150,Vodka Absolut 1 L,Absolut,1 un,litro,14490,17490,14490,True,Ahorras $3.000,$14.490 x litro,$17.490 x litro,https://www.unimarc.cl/vodka-absolut-1-l/p,https://unimarc.vtexassets.com/arquivos/ids/232151/000000000000565934-UN-01.jpg?v=638296928257300000,Destilados Y Licores,Vodka,https://www.unimarc.cl/category/bebidas-y-licores/destilados-y-licores/vodka,https://www.unimarc.cl/_next/data/0ucQ92dO_m9T9joH0FjVV/category/bebidas-y-licores/destilados-y-licores/vodka.json?categories=bebidas-y-licores&categories=destilados-y-licores&categories=vodka,2026-02-18T12:46:43
13418,Vodka Ustinov original botella 700 cc,Ustinov,1 un,litro,4190,5290,4190,True,Ahorras $1.100,$5.986 x litro,$7.557 x litro,https://www.unimarc.cl/vodka-ustinov-original-700cc-bot/p,https://unimarc.vtexassets.com/arquivos/ids/218857/000000000000951657-UN-01.jpg?v=637647439272200000,Destilados Y Licores,Vodka,https://www.unimarc.cl/category/bebidas-y-licores/destilados-y-licores/vodka,https://www.unimarc.cl/_next/data/0ucQ92dO_m9T9joH0FjVV/category/bebidas-y-licores/destilados-y-licores/vodka.json?categories=bebidas-y-licores&categories=destilados-y-licores&categories=vodka,2026-02-18T12:46:43
15849,Vodka Eristoff black 700 cc,Eristoff,1 un,litro,6290,7390,6290,True,Ahorras $1.100,$8.986 x litro,$10.557 x litro,https://www.unimarc.cl/vodka-eristoff-black-700cc-bot/p,https://unimarc.vtexassets.com/arquivos/ids/175094/000000000000623020-UN.jpg?v=636652725126200000,Destilados Y Licores,Vodka,https://www.unimarc.cl/category/bebidas-y-licores/destilados-y-licores/vodka,https://www.unimarc.cl/_next/data/0ucQ92dO_m9T9joH0FjVV/category/bebidas-y-licores/destilados-y-licores/vodka.json?categories=bebidas-y-licores&categories=destilados-y-licores&categories=vodka,2026-02-18T12:46:43
13008,Vodka Eristoff original 700 cc,Eristoff,1 un,litro,5690,6690,5690,True,Ahorras $1.000,$8.129 x litro,$9.557 x litro,https://www.unimarc.cl/vodka-orig-eristoff-700cc-bot/p,https://unimarc.vtexassets.com/arquivos/ids/181176/000000000000562679-UN.jpg?v=636779725249570000,Destilados Y Licores,Vodka,https://www.unimarc.cl/category/bebidas-y-licores/destilados-y-licores/vodka,https://www.unimarc.cl/_next/data/0ucQ92dO_m9T9joH0FjVV/category/bebidas-y-licores/destilados-y-licores/vodka.json?categories=bebidas-y-licores&categories=destilados-y-licores&categories=vodka,2026-02-18T12:46:43
3514,Vodka Absolut blue 750 cc,Absolut,1 un,litro,14850,14850,,False,,$19.800 x litro,$19.800 x litro,https://www.unimarc.cl/vodka-absolut-750-cc-bot/p,https://unimarc.vtexassets.com/arquivos/ids/232145/000000000000053371-UN-01.jpg?v=638296928065000000,Destilados Y Licores,Vodka,https://www.unimarc.cl/category/bebidas-y-licores/destilados-y-licores/vodka,https://www.unimarc.cl/_next/data/0ucQ92dO_m9T9joH0FjVV/category/bebidas-y-licores/destilados-y-licores/vodka.json?categories=bebidas-y-licores&categories=destilados-y-licores&categories=vodka,2026-02-18T12:46:43
83714,Vodka Absolut raspberri botella 750 ml,Absolut,1 un,litro,14850,14850,,False,,$19.800 x litro,$19.800 x litro,https://www.unimarc.cl/vodka-absolut-raspberri-750-ml-bot/p,https://unimarc.vtexassets.com/arquivos/ids/233870/000000000000663537-UN-01.jpg?v=638296928886670000,Destilados Y Licores,Vodka,https://www.unimarc.cl/category/bebidas-y-licores/destilados-y-licores/vodka,https://www.unimarc.cl/_next/data/0ucQ92dO_m9T9joH0FjVV/category/bebidas-y-licores/destilados-y-licores/vodka.json?categories=bebidas-y-licores&categories=destilados-y-licores&categories=vodka,2026-02-18T12:46:43
87365,Vodka Puklaro botella 750 cc,Puklaro,1 un,litro,10790,10790,,False,,$14.387 x litro,$14.387 x litro,https://www.unimarc.cl/vodka-puklaro-750-cc-bot/p,https://unimarc.vtexassets.com/arquivos/ids/239363/000000000000668676-UN-01.jpg?v=638563943855300000,Destilados Y Licores,Vodka,https://www.unimarc.cl/category/bebidas-y-licores/destilados-y-licores/vodka,https://www.unimarc.cl/_next/data/0ucQ92dO_m9T9joH0FjVV/category/bebidas-y-licores/destilados-y-licores/vodka.json?categories=bebidas-y-licores&categories=destilados-y-licores&categories=vodka,2026-02-18T12:46:43
823,Vodka Stoli premium 40° 1000 cc,Stolichnaya,1 un,litro,13590,13590,,False,,$13.590 x litro,$13.590 x litro,https://www.unimarc.cl/vodka-stolichnaya-1-l/p,https://unimarc.vtexassets.com/arquivos/ids/250027/000000000000196193-UN-01.jpg?v=638883627952400000,Destilados Y Licores,Vodka,https://www.unimarc.cl/category/bebidas-y-licores/destilados-y-licores/vodka,https://www.unimarc.cl/_next/data/0ucQ92dO_m9T9joH0FjVV/category/bebidas-y-licores/destilados-y-licores/vodka.json?categories=bebidas-y-licores&categories=destilados-y-licores&categories=vodka,2026-02-18T12:46:43
73746,Vodka Wyborowa classic botella 700 cc,Wyborowa,1 un,litro,7690,7690,,False,,$10.986 x litro,$10.986 x litro,https://www.unimarc.cl/vodka-classic-wyborowa-700-cc-bot/p,https://unimarc.vtexassets.com/arquivos/ids/202922/000000000000648524-UN-01.jpg?v=637384739601100000,Destilados Y Licores,Vodka,https://www.unimarc.cl/category/bebidas-y-licores/destilados-y-licores/vodka,https://www.unimarc.cl/_next/data/0ucQ92dO_m9T9joH0FjVV/category/bebidas-y-licores/destilados-y-licores/vodka.json?categories=bebidas-y-licores&categories=destilados-y-licores&categories=vodka,2026-02-18T12:46:43
4992,Vodka Absolut mango 750 cc,Absolut,1 un,litro,14850,14850,,False,,$19.800 x litro,$19.800 x litro,https://www.unimarc.cl/vodka-mango-absolut-750-cc-bot/p,https://unimarc.vtexassets.com/arquivos/ids/232150/000000000000335732-UN-01.jpg?v=638296928243400000,Destilados Y Licores,Vodka,https://www.unimarc.cl/category/bebidas-y-licores/destilados-y-licores/vodka,https://www.unimarc.cl/_next/data/0ucQ92dO_m9T9joH0FjVV/category/bebidas-y-licores/destilados-y-licores/vodka.json?categories=bebidas-y-licores&categories=destilados-y-licores&categories=vodka,2026-02-18T12:46:43
83623,Vodka Absolute watermelon botella 750 cc,Absolut,1 un,litro,14850,14850,,False,,$19.800 x litro,$19.800 x litro,https://www.unimarc.cl/vodka-watermelon-absolute-750-cc-bot/p,https://unimarc.vtexassets.com/arquivos/ids/232700/000000000000663228-UN-01.jpg?v=638296928875300000,Destilados Y Licores,Vodka,https://www.unimarc.cl/category/bebidas-y-licores/destilados-y-licores/vodka,https://www.unimarc.cl/_next/data/0ucQ92dO_m9T9joH0FjVV/category/bebidas-y-licores/destilados-y-licores/vodka.json?categories=bebidas-y-licores&categories=destilados-y-licores&categories=vodka,2026-02-18T12:46:43
96433,Cóctel vodka Absolute con sprite lata 269 cc,Absolut,1 un,litro,1990,1990,,False,,$7.398 x litro,$7.398 x litro,https://www.unimarc.cl/coctel-vodka-absolute-sprite-269-ml-lata/p,https://unimarc.vtexassets.com/arquivos/ids/255301/000000000000697605-UN-01.jpg?v=639041748993230000,Destilados Y Licores,Vodka,https://www.unimarc.cl/category/bebidas-y-licores/destilados-y-licores/vodka,https://www.unimarc.cl/_next/data/0ucQ92dO_m9T9joH0FjVV/category/bebidas-y-licores/destilados-y-licores/vodka.json?categories=bebidas-y-licores&categories=destilados-y-licores&categories=vodka,2026-02-18T12:46:43
56959,Vodka Absolut lime 750 cc,Absolut,1 un,litro,14850,14850,,False,,$19.800 x litro,$19.800 x litro,https://www.unimarc.cl/vodka-lime-aboslut-750-cc-bot/p,https://unimarc.vtexassets.com/arquivos/ids/232153/000000000000636745-UN-01.jpg?v=638296928419630000,Destilados Y Licores,Vodka,https://www.unimarc.cl/category/bebidas-y-licores/destilados-y-licores/vodka,https://www.unimarc.cl/_next/data/0ucQ92dO_m9T9joH0FjVV/category/bebidas-y-licores/destilados-y-licores/vodka.json?categories=bebidas-y-licores&categories=destilados-y-licores&categories=vodka,2026-02-18T12:46:43
96683,Vodka Eristoff black botella 950 cc,Eristoff,1 un,litro,8890,8890,,False,,$9.358 x litro,$9.358 x litro,https://www.unimarc.cl/vodka-black-eristoff-950-ml-bot/p,https://unimarc.vtexassets.com/arquivos/ids/255992/000000000000699171-UN-01.jpg?v=639062593946500000,Destilados Y Licores,Vodka,https://www.unimarc.cl/category/bebidas-y-licores/destilados-y-licores/vodka,https://www.unimarc.cl/_next/data/0ucQ92dO_m9T9joH0FjVV/category/bebidas-y-licores/destilados-y-licores/vodka.json?categories=bebidas-y-licores&categories=destilados-y-licores&categories=vodka,2026-02-18T12:46:43
4576,Vodka Absolut pears 750 cc,Absolut,1 un,litro,14850,14850,,False,,$19.800 x litro,$19.800 x litro,https://www.unimarc.cl/vodka-pears-absolut-750-cc-bot/p,https://unimarc.vtexassets.com/arquivos/ids/232149/000000000000195933-UN-01.jpg?v=638296928200500000,Destilados Y Licores,Vodka,https://www.unimarc.cl/category/bebidas-y-licores/destilados-y-licores/vodka,https://www.unimarc.cl/_next/data/0ucQ92dO_m9T9joH0FjVV/category/bebidas-y-licores/destilados-y-licores/vodka.json?categories=bebidas-y-licores&categories=destilados-y-licores&categories=vodka,2026-02-18T12:46:43
96684,Vodka Eristoff original botella 950 cc,Eristoff,1 un,litro,7790,7790,,False,,$8.200 x litro,$8.200 x litro,https://www.unimarc.cl/vodka-original-eristoff-950-ml-bot/p,https://unimarc.vtexassets.com/arquivos/ids/255993/000000000000699172-UN-01.jpg?v=639062594277200000,Destilados Y Licores,Vodka,https://www.unimarc.cl/category/bebidas-y-licores/destilados-y-licores/vodka,https://www.unimarc.cl/_next/data/0ucQ92dO_m9T9joH0FjVV/category/bebidas-y-licores/destilados-y-licores/vodka.json?categories=bebidas-y-licores&categories=destilados-y-licores&categories=vodka,2026-02-18T12:46:43
96685,Vodka Eristoff pink botella 700 cc,Eristoff,1 un,litro,7990,7990,,False,,$11.414 x litro,$11.414 x litro,https://www.unimarc.cl/vodka-pink-eristoff-700-ml-bot/p,https://unimarc.vtexassets.com/arquivos/ids/255994/000000000000699173-UN-01.jpg?v=639062594582300000,Destilados Y Licores,Vodka,https://www.unimarc.cl/category/bebidas-y-licores/destilados-y-licores/vodka,https://www.unimarc.cl/_next/data/0ucQ92dO_m9T9joH0FjVV/category/bebidas-y-licores/destilados-y-licores/vodka.json?categories=bebidas-y-licores&categories=destilados-y-licores&categories=vodka,2026-02-18T12:46:43
77570,Gin Kantal botella 750 cc,Kantal,1 un,litro,12690,16990,12690,True,Ahorras $4.300,$16.920 x litro,$22.653 x litro,https://www.unimarc.cl/gin-kantal-750-cc-bot/p,https://unimarc.vtexassets.com/arquivos/ids/245949/000000000000651677-UN-01.jpg?v=638700579229870000,Destilados Y Licores,Gin,https://www.unimarc.cl/category/bebidas-y-licores/destilados-y-licores/gin,https://www.unimarc.cl/_next/data/0ucQ92dO_m9T9joH0FjVV/category/bebidas-y-licores/destilados-y-licores/gin.json?categories=bebidas-y-licores&categories=destilados-y-licores&categories=gin,2026-02-18T12:46:48
17,Gin Bombay Sapphire 750 cc,Bombay,1 un,litro,16790,19990,16790,True,Ahorras $3.200,$22.387 x litro,$26.653 x litro,https://www.unimarc.cl/gin-sapphire-bombay-750-cc/p,https://unimarc.vtexassets.com/arquivos/ids/181152/000000000000005504-UN.jpg?v=636779101890400000,Destilados Y Licores,Gin,https://www.unimarc.cl/category/bebidas-y-licores/destilados-y-licores/gin,https://www.unimarc.cl/_next/data/0ucQ92dO_m9T9joH0FjVV/category/bebidas-y-licores/destilados-y-licores/gin.json?categories=bebidas-y-licores&categories=destilados-y-licores&categories=gin,2026-02-18T12:46:48
91358,Gin Kantal tropical lata 473 cc,Kantal,1 un,litro,2000,2290,2000,True,Ahorras $290,$4.228 x litro,$4.841 x litro,https://www.unimarc.cl/gin-tropical-kantal-473-ml-lata/p,https://unimarc.vtexassets.com/arquivos/ids/248343/000000000000676157-UN-01.jpg?v=638811165613130000,Destilados Y Licores,Gin,https://www.unimarc.cl/category/bebidas-y-licores/destilados-y-licores/gin,https://www.unimarc.cl/_next/data/0ucQ92dO_m9T9joH0FjVV/category/bebidas-y-licores/destilados-y-licores/gin.json?categories=bebidas-y-licores&categories=destilados-y-licores&categories=gin,2026-02-18T12:46:48
91360,Gin Kantal berries lata 473 cc,Kantal,1 un,litro,2000,2290,2000,True,Ahorras $290,$4.228 x litro,$4.841 x litro,https://www.unimarc.cl/gin-berries-kantal-473-ml-lata/p,https://unimarc.vtexassets.com/arquivos/ids/248345/000000000000676181-UN-01.jpg?v=638811165617500000,Destilados Y Licores,Gin,https://www.unimarc.cl/category/bebidas-y-licores/destilados-y-licores/gin,https://www.unimarc.cl/_next/data/0ucQ92dO_m9T9joH0FjVV/category/bebidas-y-licores/destilados-y-licores/gin.json?categories=bebidas-y-licores&categories=destilados-y-licores&categories=gin,2026-02-18T12:46:48
18,Gin Beefeater 750 cc,Beefeater,1 un,litro,14990,17990,14990,True,Ahorras $3.000,$19.987 x litro,$23.987 x litro,https://www.unimarc.cl/gin-beefeater-750-ml/p,https://unimarc.vtexassets.com/arquivos/ids/227189/000000000000005506-UN-01.jpg?v=638296928025730000,Destilados Y Licores,Gin,https://www.unimarc.cl/category/bebidas-y-licores/destilados-y-licores/gin,https://www.unimarc.cl/_next/data/0ucQ92dO_m9T9joH0FjVV/category/bebidas-y-licores/destilados-y-licores/gin.json?categories=bebidas-y-licores&categories=destilados-y-licores&categories=gin,2026-02-18T12:46:48
33048,Gin Gordons london dry botella 750 cc,Gordons,1 un,litro,9990,12850,9990,True,Ahorras $2.860,$13.320 x litro,$17.133 x litro,https://www.unimarc.cl/gin-esp-london-dry-gordons-750-cc-bot/p,https://unimarc.vtexassets.com/arquivos/ids/239942/000000000000005507-UN-01.jpg?v=638530205137700000,Destilados Y Licores,Gin,https://www.unimarc.cl/category/bebidas-y-licores/destilados-y-licores/gin,https://www.unimarc.cl/_next/data/0ucQ92dO_m9T9joH0FjVV/category/bebidas-y-licores/destilados-y-licores/gin.json?categories=bebidas-y-licores&categories=destilados-y-licores&categories=gin,2026-02-18T12:46:48
96282,Gin Gordons premium pink botella 700 ml,Gordons,1 un,litro,10990,13990,10990,True,Ahorras $3.000,$15.700 x litro,$19.986 x litro,https://www.unimarc.cl/gin-gordons-pink-700-ml-bot/p,https://unimarc.vtexassets.com/arquivos/ids/254578/000000000000695036-UN-01.jpg?v=639027292965200000,Destilados Y Licores,Gin,https://www.unimarc.cl/category/bebidas-y-licores/destilados-y-licores/gin,https://www.unimarc.cl/_next/data/0ucQ92dO_m9T9joH0FjVV/category/bebidas-y-licores/destilados-y-licores/gin.json?categories=bebidas-y-licores&categories=destilados-y-licores&categories=gin,2026-02-18T12:46:48
56958,Gin Beefeater pink botella 750 cc,Beefeater,1 un,litro,16990,19990,16990,True,Ahorras $3.000,$22.653 x litro,$26.653 x litro,https://www.unimarc.cl/gin-pink-beefeater-750-cc-bot/p,https://unimarc.vtexassets.com/arquivos/ids/232152/000000000000636744-UN-01.jpg?v=638296928375400000,Destilados Y Licores,Gin,https://www.unimarc.cl/category/bebidas-y-licores/destilados-y-licores/gin,https://www.unimarc.cl/_next/data/0ucQ92dO_m9T9joH0FjVV/category/bebidas-y-licores/destilados-y-licores/gin.json?categories=bebidas-y-licores&categories=destilados-y-licores&categories=gin,2026-02-18T12:46:48
82630,Gin Tanqueray royale dark berry botella 700 ml,Tanqueray,1 un,litro,16990,21390,16990,True,Ahorras $4.400,$24.271 x litro,$30.557 x litro,https://www.unimarc.cl/gin-drk-berry-royale-tanqueray-700ml-bot/p,https://unimarc.vtexassets.com/arquivos/ids/240010/000000000000662011-UN-01.jpg?v=638530442589070000,Destilados Y Licores,Gin,https://www.unimarc.cl/category/bebidas-y-licores/destilados-y-licores/gin,https://www.unimarc.cl/_next/data/0ucQ92dO_m9T9joH0FjVV/category/bebidas-y-licores/destilados-y-licores/gin.json?categories=bebidas-y-licores&categories=destilados-y-licores&categories=gin,2026-02-18T12:46:48
76069,Gin Tanqueray london 700 ml,Tanqueray,1 un,litro,19490,19490,,False,,$27.843 x litro,$27.843 x litro,https://www.unimarc.cl/gin-london-dry-tanqueray-70-ml-bot/p,https://unimarc.vtexassets.com/arquivos/ids/240000/000000000000650361-UN-01.jpg?v=638530433024070000,Destilados Y Licores,Gin,https://www.unimarc.cl/category/bebidas-y-licores/destilados-y-licores/gin,https://www.unimarc.cl/_next/data/0ucQ92dO_m9T9joH0FjVV/category/bebidas-y-licores/destilados-y-licores/gin.json?categories=bebidas-y-licores&categories=destilados-y-licores&categories=gin,2026-02-18T12:46:48
91359,Gin Kantal tonic lata 473 cc,Kantal,1 un,litro,2000,2290,2000,True,Ahorras $290,$4.228 x litro,$4.841 x litro,https://www.unimarc.cl/gin-tonic-kantal-473-ml-lata/p,https://unimarc.vtexassets.com/arquivos/ids/248344/000000000000676158-UN-01.jpg?v=638811165615500000,Destilados Y Licores,Gin,https://www.unimarc.cl/category/bebidas-y-licores/destilados-y-licores/gin,https://www.unimarc.cl/_next/data/0ucQ92dO_m9T9joH0FjVV/category/bebidas-y-licores/destilados-y-licores/gin.json?categories=bebidas-y-licores&categories=destilados-y-licores&categories=gin,2026-02-18T12:46:48
89220,Gin Tanqueray bossa nova botella 700 cc,Tanqueray,1 un,litro,16990,19990,16990,True,Ahorras $3.000,$24.271 x litro,$28.557 x litro,https://www.unimarc.cl/gin-bossa-nova-tanqueray-700-ml-bot/p,https://unimarc.vtexassets.com/arquivos/ids/244629/000000000000671522-UN-01.jpg?v=638641632011470000,Destilados Y Licores,Gin,https://www.unimarc.cl/category/bebidas-y-licores/destilados-y-licores/gin,https://www.unimarc.cl/_next/data/0ucQ92dO_m9T9joH0FjVV/category/bebidas-y-licores/destilados-y-licores/gin.json?categories=bebidas-y-licores&categories=destilados-y-licores&categories=gin,2026-02-18T12:46:48
96211,Gin Tanqueray london zero botella 700 cc,Tanqueray,1 un,litro,19990,19990,,False,,$28.557 x litro,$28.557 x litro,https://www.unimarc.cl/gin-london-zero-tanqueray-700-ml-bot/p,https://unimarc.vtexassets.com/arquivos/ids/254658/000000000000693675-UN-01.jpg?v=639029618468170000,Destilados Y Licores,Gin,https://www.unimarc.cl/category/bebidas-y-licores/destilados-y-licores/gin,https://www.unimarc.cl/_next/data/0ucQ92dO_m9T9joH0FjVV/category/bebidas-y-licores/destilados-y-licores/gin.json?categories=bebidas-y-licores&categories=destilados-y-licores&categories=gin,2026-02-18T12:46:48
90924,Gin Patagon maqui botella 750 cc,Patagon,1 un,litro,16390,16390,,False,,$21.853 x litro,$21.853 x litro,https://www.unimarc.cl/gin-patagon-maqui-750-ml-bot/p,https://unimarc.vtexassets.com/arquivos/ids/247321/000000000000674065-UN-01.jpg?v=638769604519470000,Destilados Y Licores,Gin,https://www.unimarc.cl/category/bebidas-y-licores/destilados-y-licores/gin,https://www.unimarc.cl/_next/data/0ucQ92dO_m9T9joH0FjVV/category/bebidas-y-licores/destilados-y-licores/gin.json?categories=bebidas-y-licores&categories=destilados-y-licores&categories=gin,2026-02-18T12:46:48
91670,Gin Bombay sapphire botella 1 L,Bombay,1 un,litro,23990,23990,,False,,$23.990 x litro,$23.990 x litro,https://www.unimarc.cl/gin-sapphire-bombay-1-lt-bot/p,https://unimarc.vtexassets.com/arquivos/ids/249563/000000000000676244-UN-01.jpg?v=638853590410870000,Destilados Y Licores,Gin,https://www.unimarc.cl/category/bebidas-y-licores/destilados-y-licores/gin,https://www.unimarc.cl/_next/data/0ucQ92dO_m9T9joH0FjVV/category/bebidas-y-licores/destilados-y-licores/gin.json?categories=bebidas-y-licores&categories=destilados-y-licores&categories=gin,2026-02-18T12:46:48
93694,Gin london dry Beefeater botella 1 lt,Beefeater,1 un,litro,21490,21490,,False,,$21.490 x litro,$21.490 x litro,https://www.unimarc.cl/gin-london-dry-beefeater-1-lt-bot/p,https://unimarc.vtexassets.com/arquivos/ids/253159/000000000000690076-UN-01.jpg?v=638991534566900000,Destilados Y Licores,Gin,https://www.unimarc.cl/category/bebidas-y-licores/destilados-y-licores/gin,https://www.unimarc.cl/_next/data/0ucQ92dO_m9T9joH0FjVV/category/bebidas-y-licores/destilados-y-licores/gin.json?categories=bebidas-y-licores&categories=destilados-y-licores&categories=gin,2026-02-18T12:46:48
90931,Gin Patagon original botella 750 cc,Patagon,1 un,litro,16390,16390,,False,,$21.853 x litro,$21.853 x litro,https://www.unimarc.cl/gin-patagon-original-750-ml-bot/p,https://unimarc.vtexassets.com/arquivos/ids/247320/000000000000674064-UN-01.jpg?v=638769604517430000,Destilados Y Licores,Gin,https://www.unimarc.cl/category/bebidas-y-licores/destilados-y-licores/gin,https://www.unimarc.cl/_next/data/0ucQ92dO_m9T9joH0FjVV/category/bebidas-y-licores/destilados-y-licores/gin.json?categories=bebidas-y-licores&categories=destilados-y-licores&categories=gin,2026-02-18T12:46:48
96373,Gin Beefeater blackberry botella 700 cc,Beefeater,1 un,litro,19990,19990,,False,,$28.557 x litro,$28.557 x litro,https://www.unimarc.cl/gin-blackberry-beefeater-700-cc-bot/p,https://unimarc.vtexassets.com/arquivos/ids/254835/000000000000696121-UN-01.jpg?v=639033878017830000,Destilados Y Licores,Gin,https://www.unimarc.cl/category/bebidas-y-licores/destilados-y-licores/gin,https://www.unimarc.cl/_next/data/0ucQ92dO_m9T9joH0FjVV/category/bebidas-y-licores/destilados-y-licores/gin.json?categories=bebidas-y-licores&categories=destilados-y-licores&categories=gin,2026-02-18T12:46:48
91422,Gin Brighton tangerine botella 700 cc,Brighton,1 un,litro,11750,11750,,False,,$16.786 x litro,$16.786 x litro,https://www.unimarc.cl/gin-tangerine-brighton-700-ml-bot/p,https://unimarc.vtexassets.com/arquivos/ids/248612/000000000000675665-UN-01.jpg?v=638816431949330000,Destilados Y Licores,Gin,https://www.unimarc.cl/category/bebidas-y-licores/destilados-y-licores/gin,https://www.unimarc.cl/_next/data/0ucQ92dO_m9T9joH0FjVV/category/bebidas-y-licores/destilados-y-licores/gin.json?categories=bebidas-y-licores&categories=destilados-y-licores&categories=gin,2026-02-18T12:46:48
87335,Gin Brighton botella 700 cc,Brighton,1 un,litro,11750,11750,,False,,$16.786 x litro,$16.786 x litro,https://www.unimarc.cl/gin-brighton-700-ml-bot/p,https://unimarc.vtexassets.com/arquivos/ids/239269/000000000000668653-UN-01.jpg?v=638506942960130000,Destilados Y Licores,Gin,https://www.unimarc.cl/category/bebidas-y-licores/destilados-y-licores/gin,https://www.unimarc.cl/_next/data/0ucQ92dO_m9T9joH0FjVV/category/bebidas-y-licores/destilados-y-licores/gin.json?categories=bebidas-y-licores&categories=destilados-y-licores&categories=gin,2026-02-18T12:46:48
80926,Gin Malfy rosa pomelo 750 cc,Malfy,1 un,litro,30990,30990,,False,,$41.320 x litro,$41.320 x litro,https://www.unimarc.cl/gin-rosa-pomelo-malfy-750-ml-bot/p,https://unimarc.vtexassets.com/arquivos/ids/224063/000000000000655124-UN-01.jpg?v=638296928809800000,Destilados Y Licores,Gin,https://www.unimarc.cl/category/bebidas-y-licores/destilados-y-licores/gin,https://www.unimarc.cl/_next/data/0ucQ92dO_m9T9joH0FjVV/category/bebidas-y-licores/destilados-y-licores/gin.json?categories=bebidas-y-licores&categories=destilados-y-licores&categories=gin,2026-02-18T12:46:48
51687,Gin Hendricks 700 cc,Hendricks,1 un,litro,29390,29390,,False,,$41.986 x litro,$41.986 x litro,https://www.unimarc.cl/gin-hendricks-700-cc-bot/p,https://unimarc.vtexassets.com/arquivos/ids/178053/000000000000633091-UN.jpg?v=636682261309430000,Destilados Y Licores,Gin,https://www.unimarc.cl/category/bebidas-y-licores/destilados-y-licores/gin,https://www.unimarc.cl/_next/data/0ucQ92dO_m9T9joH0FjVV/category/bebidas-y-licores/destilados-y-licores/gin.json?categories=bebidas-y-licores&categories=destilados-y-licores&categories=gin,2026-02-18T12:46:48
80881,Gin Tanqueray flor de sevilla 700 cc,Tanqueray,1 un,litro,16990,21390,16990,True,Ahorras $4.400,$24.271 x litro,$30.557 x litro,https://www.unimarc.cl/gin-flor-de-sevilla-tanqueray-700cc-bot/p,https://unimarc.vtexassets.com/arquivos/ids/240005/000000000000655023-UN-01.jpg?v=638530434719230000,Destilados Y Licores,Gin,https://www.unimarc.cl/category/bebidas-y-licores/destilados-y-licores/gin,https://www.unimarc.cl/_next/data/0ucQ92dO_m9T9joH0FjVV/category/bebidas-y-licores/destilados-y-licores/gin.json?categories=bebidas-y-licores&categories=destilados-y-licores&categories=gin,2026-02-18T12:46:48
39229,Gin Tanqueray ten 750 cc,Tanqueray,1 un,litro,32990,32990,,False,,$43.987 x litro,$43.987 x litro,https://www.unimarc.cl/gin-ten-tanqueray-750cc-bot/p,https://unimarc.vtexassets.com/arquivos/ids/230167/000000000000895679-UN-01.jpg?v=638025630038900000,Destilados Y Licores,Gin,https://www.unimarc.cl/category/bebidas-y-licores/destilados-y-licores/gin,https://www.unimarc.cl/_next/data/0ucQ92dO_m9T9joH0FjVV/category/bebidas-y-licores/destilados-y-licores/gin.json?categories=bebidas-y-licores&categories=destilados-y-licores&categories=gin,2026-02-18T12:46:48
84500,Gin artesanal Pajarillo botella 700 cc,Pajarillo,1 un,litro,17850,17850,,False,,$25.500 x litro,$25.500 x litro,https://www.unimarc.cl/gin-artesanal-pajarillo-700-cc-bot/p,https://unimarc.vtexassets.com/arquivos/ids/233139/000000000000664089-UN-01.jpg?v=638191758878870000,Destilados Y Licores,Gin,https://www.unimarc.cl/category/bebidas-y-licores/destilados-y-licores/gin,https://www.unimarc.cl/_next/data/0ucQ92dO_m9T9joH0FjVV/category/bebidas-y-licores/destilados-y-licores/gin.json?categories=bebidas-y-licores&categories=destilados-y-licores&categories=gin,2026-02-18T12:46:48
89997,Gin Provincia botánica botella 700 cc,Provincia,1 un,Kg,19990,19990,,False,,$28.557 x Kg,$28.557 x Kg,https://www.unimarc.cl/gin-botanica-provincia-700-cc-bot/p,https://unimarc.vtexassets.com/arquivos/ids/245781/000000000000671946-UN-01.jpg?v=638690279861770000,Destilados Y Licores,Gin,https://www.unimarc.cl/category/bebidas-y-licores/destilados-y-licores/gin,https://www.unimarc.cl/_next/data/0ucQ92dO_m9T9joH0FjVV/category/bebidas-y-licores/destilados-y-licores/gin.json?categories=bebidas-y-licores&categories=destilados-y-licores&categories=gin,2026-02-18T12:46:48
89996,Gin Provincia andes dry botella 700 cc,Provincia,1 un,Kg,19990,19990,,False,,$28.557 x Kg,$28.557 x Kg,https://www.unimarc.cl/gin-andes-dry-provincia-700-cc-bot/p,https://unimarc.vtexassets.com/arquivos/ids/245780/000000000000671945-UN-01.jpg?v=638690279859570000,Destilados Y Licores,Gin,https://www.unimarc.cl/category/bebidas-y-licores/destilados-y-licores/gin,https://www.unimarc.cl/_next/data/0ucQ92dO_m9T9joH0FjVV/category/bebidas-y-licores/destilados-y-licores/gin.json?categories=bebidas-y-licores&categories=destilados-y-licores&categories=gin,2026-02-18T12:46:48
80927,Gin Malfy originale 750 cc,Malfy,1 un,litro,30990,30990,,False,,$41.320 x litro,$41.320 x litro,https://www.unimarc.cl/gin-originale-malfy-750-ml-bot/p,https://unimarc.vtexassets.com/arquivos/ids/224064/000000000000655125-UN-01.jpg?v=638296928822770000,Destilados Y Licores,Gin,https://www.unimarc.cl/category/bebidas-y-licores/destilados-y-licores/gin,https://www.unimarc.cl/_next/data/0ucQ92dO_m9T9joH0FjVV/category/bebidas-y-licores/destilados-y-licores/gin.json?categories=bebidas-y-licores&categories=destilados-y-licores&categories=gin,2026-02-18T12:46:48
68,Whisky Johnnie Walker red label 750 cc,Johnnie Walker,1 un,litro,12290,14990,12290,True,Ahorras $2.700,$16.387 x litro,$19.987 x litro,https://www.unimarc.cl/whisky-johnnie-walker-et-roja-750-ml/p,https://unimarc.vtexassets.com/arquivos/ids/239950/000000000000008596-UN-01.jpg?v=638530298939530000,Destilados Y Licores,Whisky,https://www.unimarc.cl/category/bebidas-y-licores/destilados-y-licores/whisky,https://www.unimarc.cl/_next/data/0ucQ92dO_m9T9joH0FjVV/category/bebidas-y-licores/destilados-y-licores/whisky.json?categories=bebidas-y-licores&categories=destilados-y-licores&categories=whisky,2026-02-18T12:46:56
12612,Crema Whisky Baileys 750 cc,Baileys,1 un,litro,16990,21490,16990,True,Ahorras $4.500,$22.653 x litro,$28.653 x litro,https://www.unimarc.cl/crema-whisky-baileys-750-cc-bot/p,https://unimarc.vtexassets.com/arquivos/ids/239964/000000000000046317-UN-01.jpg?v=638530304955730000,Destilados Y Licores,Whisky,https://www.unimarc.cl/category/bebidas-y-licores/destilados-y-licores/whisky,https://www.unimarc.cl/_next/data/0ucQ92dO_m9T9joH0FjVV/category/bebidas-y-licores/destilados-y-licores/whisky.json?categories=bebidas-y-licores&categories=destilados-y-licores&categories=whisky,2026-02-18T12:46:56
13776,Whisky Johnnie Walker blue label 750 ml,Johnnie Walker,1 un,litro,315990,315990,,False,,$421.320 x litro,$421.320 x litro,https://www.unimarc.cl/whisky-e-azul-j-walker-750cc-bot/p,https://unimarc.vtexassets.com/arquivos/ids/239984/000000000000181101-UN-01.jpg?v=638530427274300000,Destilados Y Licores,Whisky,https://www.unimarc.cl/category/bebidas-y-licores/destilados-y-licores/whisky,https://www.unimarc.cl/_next/data/0ucQ92dO_m9T9joH0FjVV/category/bebidas-y-licores/destilados-y-licores/whisky.json?categories=bebidas-y-licores&categories=destilados-y-licores&categories=whisky,2026-02-18T12:46:56
4335,Whisky Chivas Regal 18 años 750 cc,Chivas Regal,1 un,litro,82490,82490,,False,,$109.987 x litro,$109.987 x litro,https://www.unimarc.cl/whisky-18a-ch-regal-750-cc-bot/p,https://unimarc.vtexassets.com/arquivos/ids/232148/000000000000181328-UN-01.jpg?v=638296928159100000,Destilados Y Licores,Whisky,https://www.unimarc.cl/category/bebidas-y-licores/destilados-y-licores/whisky,https://www.unimarc.cl/_next/data/0ucQ92dO_m9T9joH0FjVV/category/bebidas-y-licores/destilados-y-licores/whisky.json?categories=bebidas-y-licores&categories=destilados-y-licores&categories=whisky,2026-02-18T12:46:56
42834,Whisky Glenfiddich malt botella 750 cc,Glenfiddich,1 un,litro,43190,43190,,False,,$57.587 x litro,$57.587 x litro,https://www.unimarc.cl/whisky-malt-glenfiddich-750ccbot/p,https://unimarc.vtexassets.com/arquivos/ids/200746/000000000000050208-UN-01.jpg?v=637334879703300000,Destilados Y Licores,Whisky,https://www.unimarc.cl/category/bebidas-y-licores/destilados-y-licores/whisky,https://www.unimarc.cl/_next/data/0ucQ92dO_m9T9joH0FjVV/category/bebidas-y-licores/destilados-y-licores/whisky.json?categories=bebidas-y-licores&categories=destilados-y-licores&categories=whisky,2026-02-18T12:46:56
1573,Whisky Johnnie Walker double black 750 cc,Johnnie Walker,1 un,litro,41990,41990,,False,,$55.987 x litro,$55.987 x litro,https://www.unimarc.cl/whisky-d-black-jwalker-750cc-bot/p,https://unimarc.vtexassets.com/arquivos/ids/240033/000000000000799363-UN-01.jpg?v=638530453729900000,Destilados Y Licores,Whisky,https://www.unimarc.cl/category/bebidas-y-licores/destilados-y-licores/whisky,https://www.unimarc.cl/_next/data/0ucQ92dO_m9T9joH0FjVV/category/bebidas-y-licores/destilados-y-licores/whisky.json?categories=bebidas-y-licores&categories=destilados-y-licores&categories=whisky,2026-02-18T12:46:56
69,Whisky Johnnie Walker black label 750 ml,Johnnie Walker,1 un,litro,27990,32250,27990,True,Ahorras $4.260,$37.320 x litro,$43.000 x litro,https://www.unimarc.cl/whisky-johnnie-walker-et-negra-12-anos-750-ml/p,https://unimarc.vtexassets.com/arquivos/ids/239955/000000000000008597-UN-01.jpg?v=638530301402430000,Destilados Y Licores,Whisky,https://www.unimarc.cl/category/bebidas-y-licores/destilados-y-licores/whisky,https://www.unimarc.cl/_next/data/0ucQ92dO_m9T9joH0FjVV/category/bebidas-y-licores/destilados-y-licores/whisky.json?categories=bebidas-y-licores&categories=destilados-y-licores&categories=whisky,2026-02-18T12:46:56
8923,Whisky Chivas Regal 12 años 1 L,Chivas Regal,1 un,litro,32990,41390,32990,True,Ahorras $8.400,$32.990 x litro,$41.390 x litro,https://www.unimarc.cl/whisky-12a-ch-regal-1-lt-bot/p,https://unimarc.vtexassets.com/arquivos/ids/232147/000000000000164165-UN-01.jpg?v=638296928145970000,Destilados Y Licores,Whisky,https://www.unimarc.cl/category/bebidas-y-licores/destilados-y-licores/whisky,https://www.unimarc.cl/_next/data/0ucQ92dO_m9T9joH0FjVV/category/bebidas-y-licores/destilados-y-licores/whisky.json?categories=bebidas-y-licores&categories=destilados-y-licores&categories=whisky,2026-02-18T12:46:56
84697,Whisky Jack Daniel's old N°7 1 L,Jack Daniels,1 un,litro,35990,35990,,False,,$35.990 x litro,$35.990 x litro,https://www.unimarc.cl/whisky-old-7-jack-daniels-1-lt-bot/p,https://unimarc.vtexassets.com/arquivos/ids/234734/000000000000298250-UN-01.jpg?v=638252921712530000,Destilados Y Licores,Whisky,https://www.unimarc.cl/category/bebidas-y-licores/destilados-y-licores/whisky,https://www.unimarc.cl/_next/data/0ucQ92dO_m9T9joH0FjVV/category/bebidas-y-licores/destilados-y-licores/whisky.json?categories=bebidas-y-licores&categories=destilados-y-licores&categories=whisky,2026-02-18T12:46:56
13749,Whisky Ballantine´s finest 1 L,Ballantines,1 un,litro,13490,16990,13490,True,Ahorras $3.500,$13.490 x litro,$16.990 x litro,https://www.unimarc.cl/whisky-finest-ballantines-1lt-bot/p,https://unimarc.vtexassets.com/arquivos/ids/227192/000000000000142688-UN-01.jpg?v=638296928120330000,Destilados Y Licores,Whisky,https://www.unimarc.cl/category/bebidas-y-licores/destilados-y-licores/whisky,https://www.unimarc.cl/_next/data/0ucQ92dO_m9T9joH0FjVV/category/bebidas-y-licores/destilados-y-licores/whisky.json?categories=bebidas-y-licores&categories=destilados-y-licores&categories=whisky,2026-02-18T12:46:56
2397,Whisky Johnnie Walker 18 años 750 cc,Johnnie Walker,1 un,litro,101390,101390,,False,,$135.187 x litro,$135.187 x litro,https://www.unimarc.cl/whisky-18a-j-walker-750-cc-bot/p,https://unimarc.vtexassets.com/arquivos/ids/200675/000000000000630255-UN-01.jpg?v=637334072067030000,Destilados Y Licores,Whisky,https://www.unimarc.cl/category/bebidas-y-licores/destilados-y-licores/whisky,https://www.unimarc.cl/_next/data/0ucQ92dO_m9T9joH0FjVV/category/bebidas-y-licores/destilados-y-licores/whisky.json?categories=bebidas-y-licores&categories=destilados-y-licores&categories=whisky,2026-02-18T12:46:56
908,Whisky Johnnie Walker etiqueta negra 1 L,Johnnie Walker,1 un,litro,44950,44950,,False,,$44.950 x litro,$44.950 x litro,https://www.unimarc.cl/whisky-e-neg-j-walker-1lt-bot/p,https://unimarc.vtexassets.com/arquivos/ids/239992/000000000000251401-UN-01.jpg?v=638530429951270000,Destilados Y Licores,Whisky,https://www.unimarc.cl/category/bebidas-y-licores/destilados-y-licores/whisky,https://www.unimarc.cl/_next/data/0ucQ92dO_m9T9joH0FjVV/category/bebidas-y-licores/destilados-y-licores/whisky.json?categories=bebidas-y-licores&categories=destilados-y-licores&categories=whisky,2026-02-18T12:46:56
13729,Whisky Old Parr 12 años 750 cc,Old Parr,1 un,litro,23490,27990,23490,True,Ahorras $4.500,$31.320 x litro,$37.320 x litro,https://www.unimarc.cl/whisky-old-parr-750-cc-bot/p,https://unimarc.vtexassets.com/arquivos/ids/239969/000000000000058946-UN-01.jpg?v=638530413067400000,Destilados Y Licores,Whisky,https://www.unimarc.cl/category/bebidas-y-licores/destilados-y-licores/whisky,https://www.unimarc.cl/_next/data/0ucQ92dO_m9T9joH0FjVV/category/bebidas-y-licores/destilados-y-licores/whisky.json?categories=bebidas-y-licores&categories=destilados-y-licores&categories=whisky,2026-02-18T12:46:56
14128,Whisky Sandy Mac 1 L,Sandy Mac,1 un,litro,10490,13250,10490,True,Ahorras $2.760,$10.490 x litro,$13.250 x litro,https://www.unimarc.cl/whisky-sandy-mac-1-lt-bot/p,https://unimarc.vtexassets.com/arquivos/ids/240025/000000000000662969-UN-01.jpg?v=638530449691030000,Destilados Y Licores,Whisky,https://www.unimarc.cl/category/bebidas-y-licores/destilados-y-licores/whisky,https://www.unimarc.cl/_next/data/0ucQ92dO_m9T9joH0FjVV/category/bebidas-y-licores/destilados-y-licores/whisky.json?categories=bebidas-y-licores&categories=destilados-y-licores&categories=whisky,2026-02-18T12:46:56
82632,Whisky Johnnie Walker blonde botella 750 cc,Johnnie Walker,1 un,litro,15490,18490,15490,True,Ahorras $3.000,$20.653 x litro,$24.653 x litro,https://www.unimarc.cl/whisky-blonde-johnnie-walker-750-cc-bot/p,https://unimarc.vtexassets.com/arquivos/ids/240015/000000000000662031-UN-01.jpg?v=638530444967770000,Destilados Y Licores,Whisky,https://www.unimarc.cl/category/bebidas-y-licores/destilados-y-licores/whisky,https://www.unimarc.cl/_next/data/0ucQ92dO_m9T9joH0FjVV/category/bebidas-y-licores/destilados-y-licores/whisky.json?categories=bebidas-y-licores&categories=destilados-y-licores&categories=whisky,2026-02-18T12:46:56
78503,Whisky Ballantine's bourbon finish 7 años botella 700 cc,Ballantines,1 un,litro,14490,17990,14490,True,Ahorras $3.500,$20.700 x litro,$25.700 x litro,https://www.unimarc.cl/whisky-7a-bourbon-ballantines-700-ml-bot/p,https://unimarc.vtexassets.com/arquivos/ids/221938/000000000000652573-UN-01.jpg?v=638296928634630000,Destilados Y Licores,Whisky,https://www.unimarc.cl/category/bebidas-y-licores/destilados-y-licores/whisky,https://www.unimarc.cl/_next/data/0ucQ92dO_m9T9joH0FjVV/category/bebidas-y-licores/destilados-y-licores/whisky.json?categories=bebidas-y-licores&categories=destilados-y-licores&categories=whisky,2026-02-18T12:46:56
552,Whisky Johnnie Walker etiqueta roja 1 L,Johnnie Walker,1 un,litro,18390,18390,,False,,$18.390 x litro,$18.390 x litro,https://www.unimarc.cl/whisky-johnnie-walker-et-roja-1-l/p,https://unimarc.vtexassets.com/arquivos/ids/239974/000000000000145343-UN-01.jpg?v=638530414860230000,Destilados Y Licores,Whisky,https://www.unimarc.cl/category/bebidas-y-licores/destilados-y-licores/whisky,https://www.unimarc.cl/_next/data/0ucQ92dO_m9T9joH0FjVV/category/bebidas-y-licores/destilados-y-licores/whisky.json?categories=bebidas-y-licores&categories=destilados-y-licores&categories=whisky,2026-02-18T12:46:56
67,Whisky Jack Daniel's old N°7  750 cc,Jack Daniels,1 un,litro,30990,30990,,False,,$41.320 x litro,$41.320 x litro,https://www.unimarc.cl/whisky-40-750-cc/p,https://unimarc.vtexassets.com/arquivos/ids/228759/000000000000008593-UN-01.jpg?v=637974708037000000,Destilados Y Licores,Whisky,https://www.unimarc.cl/category/bebidas-y-licores/destilados-y-licores/whisky,https://www.unimarc.cl/_next/data/0ucQ92dO_m9T9joH0FjVV/category/bebidas-y-licores/destilados-y-licores/whisky.json?categories=bebidas-y-licores&categories=destilados-y-licores&categories=whisky,2026-02-18T12:46:56
12575,Whisky Irish Jameson 750 cc,Jameson,1 un,litro,17690,21950,17690,True,Ahorras $4.260,$23.587 x litro,$29.267 x litro,https://www.unimarc.cl/whisky-irish-jameson-750-cc-bot/p,https://unimarc.vtexassets.com/arquivos/ids/235415/000000000000181329-UN-01.jpg?v=638296928172230000,Destilados Y Licores,Whisky,https://www.unimarc.cl/category/bebidas-y-licores/destilados-y-licores/whisky,https://www.unimarc.cl/_next/data/0ucQ92dO_m9T9joH0FjVV/category/bebidas-y-licores/destilados-y-licores/whisky.json?categories=bebidas-y-licores&categories=destilados-y-licores&categories=whisky,2026-02-18T12:46:56
84694,Whisky Jack Daniel's apple botella 750 cc,Jack Daniels,1 un,litro,30990,30990,,False,,$41.320 x litro,$41.320 x litro,https://www.unimarc.cl/whisky-apple-jack-daniels-750-cc-bot/p,https://unimarc.vtexassets.com/arquivos/ids/235131/000000000000662877-UN-01.jpg?v=638270411338470000,Destilados Y Licores,Whisky,https://www.unimarc.cl/category/bebidas-y-licores/destilados-y-licores/whisky,https://www.unimarc.cl/_next/data/0ucQ92dO_m9T9joH0FjVV/category/bebidas-y-licores/destilados-y-licores/whisky.json?categories=bebidas-y-licores&categories=destilados-y-licores&categories=whisky,2026-02-18T12:46:56
6544,Whisky Jack Daniel's honey 750 cc,Jack Daniels,1 un,litro,30990,30990,,False,,$41.320 x litro,$41.320 x litro,https://www.unimarc.cl/whisky-honey-jack-daniels-750-cc-bot/p,https://unimarc.vtexassets.com/arquivos/ids/228755/000000000000779389-UN-01.jpg?v=637974704028070000,Destilados Y Licores,Whisky,https://www.unimarc.cl/category/bebidas-y-licores/destilados-y-licores/whisky,https://www.unimarc.cl/_next/data/0ucQ92dO_m9T9joH0FjVV/category/bebidas-y-licores/destilados-y-licores/whisky.json?categories=bebidas-y-licores&categories=destilados-y-licores&categories=whisky,2026-02-18T12:46:56
13762,Whisky Buchanan's deluxe 750 ml,Buchanans,1 un,litro,29990,29990,,False,,$39.987 x litro,$39.987 x litro,https://www.unimarc.cl/whisky-12a-buchanans-750-cc-bot/p,https://unimarc.vtexassets.com/arquivos/ids/239979/000000000000169591-UN-01.jpg?v=638530424931070000,Destilados Y Licores,Whisky,https://www.unimarc.cl/category/bebidas-y-licores/destilados-y-licores/whisky,https://www.unimarc.cl/_next/data/0ucQ92dO_m9T9joH0FjVV/category/bebidas-y-licores/destilados-y-licores/whisky.json?categories=bebidas-y-licores&categories=destilados-y-licores&categories=whisky,2026-02-18T12:46:56
419,Whisky Chivas Regal 12 años 750 cc,Chivas Regal,1 un,litro,37990,37990,,False,,$50.653 x litro,$50.653 x litro,https://www.unimarc.cl/whisky-12a-ch-regal-750cc-bot/p,https://unimarc.vtexassets.com/arquivos/ids/232182/000000000000053375-UN-01.jpg?v=638296928093130000,Destilados Y Licores,Whisky,https://www.unimarc.cl/category/bebidas-y-licores/destilados-y-licores/whisky,https://www.unimarc.cl/_next/data/0ucQ92dO_m9T9joH0FjVV/category/bebidas-y-licores/destilados-y-licores/whisky.json?categories=bebidas-y-licores&categories=destilados-y-licores&categories=whisky,2026-02-18T12:46:56
57208,Whisky Blenders Pride botella 1 L,Blenders Pride,1 un,litro,7790,7790,,False,,$7.790 x litro,$7.790 x litro,https://www.unimarc.cl/whisky-blenders-pride-1-lt-bot/p,https://unimarc.vtexassets.com/arquivos/ids/201724/000000000000218345-UN-01.jpg?v=637364045446400000,Destilados Y Licores,Whisky,https://www.unimarc.cl/category/bebidas-y-licores/destilados-y-licores/whisky,https://www.unimarc.cl/_next/data/0ucQ92dO_m9T9joH0FjVV/category/bebidas-y-licores/destilados-y-licores/whisky.json?categories=bebidas-y-licores&categories=destilados-y-licores&categories=whisky,2026-02-18T12:46:56
87163,Cóctel Whisky Jack Daniels y coca cola lata 350 ml,Jack Daniels,1 un,litro,2150,2150,,False,,$6.143 x litro,$6.143 x litro,https://www.unimarc.cl/coctel-whisky-jdaniels-y-coke-lata-350ml/p,https://unimarc.vtexassets.com/arquivos/ids/239055/000000000000668390-UN-01.jpg?v=638500829979900000,Destilados Y Licores,Whisky,https://www.unimarc.cl/category/bebidas-y-licores/destilados-y-licores/whisky,https://www.unimarc.cl/_next/data/0ucQ92dO_m9T9joH0FjVV/category/bebidas-y-licores/destilados-y-licores/whisky.json?categories=bebidas-y-licores&categories=destilados-y-licores&categories=whisky,2026-02-18T12:46:56
14225,Whisky Johnnie walker gold 750 cc,Johnnie Walker,1 un,litro,62990,62990,,False,,$83.987 x litro,$83.987 x litro,https://www.unimarc.cl/whisky-gold-jwalker-750cc-bot/p,https://unimarc.vtexassets.com/arquivos/ids/240038/000000000000895677-UN-01.jpg?v=638530456004930000,Destilados Y Licores,Whisky,https://www.unimarc.cl/category/bebidas-y-licores/destilados-y-licores/whisky,https://www.unimarc.cl/_next/data/0ucQ92dO_m9T9joH0FjVV/category/bebidas-y-licores/destilados-y-licores/whisky.json?categories=bebidas-y-licores&categories=destilados-y-licores&categories=whisky,2026-02-18T12:46:56
87110,Whisky Ballantines wild cereza botella 700 cc,Ballantines,1 un,litro,13590,13590,,False,,$19.414 x litro,$19.414 x litro,https://www.unimarc.cl/whisky-cereza-ballantines-wild-700cc-bot/p,https://unimarc.vtexassets.com/arquivos/ids/239009/000000000000666033-UN-01.jpg?v=638500812126430000,Destilados Y Licores,Whisky,https://www.unimarc.cl/category/bebidas-y-licores/destilados-y-licores/whisky,https://www.unimarc.cl/_next/data/0ucQ92dO_m9T9joH0FjVV/category/bebidas-y-licores/destilados-y-licores/whisky.json?categories=bebidas-y-licores&categories=destilados-y-licores&categories=whisky,2026-02-18T12:46:56
87194,Whisky Blenders apple botella 750 cc,Blenders,1 un,litro,8790,8790,,False,,$11.720 x litro,$11.720 x litro,https://www.unimarc.cl/coctel-whisky-blenders-apple-750-ml-bot/p,https://unimarc.vtexassets.com/arquivos/ids/239011/000000000000666035-UN-01.jpg?v=638500812563300000,Destilados Y Licores,Whisky,https://www.unimarc.cl/category/bebidas-y-licores/destilados-y-licores/whisky,https://www.unimarc.cl/_next/data/0ucQ92dO_m9T9joH0FjVV/category/bebidas-y-licores/destilados-y-licores/whisky.json?categories=bebidas-y-licores&categories=destilados-y-licores&categories=whisky,2026-02-18T12:46:56
7892,Whisky White Horse fine old 750 cc,White Horse,1 un,litro,9990,9990,,False,,$13.320 x litro,$13.320 x litro,https://www.unimarc.cl/whisky-white-horse-750-cc-bot/p,https://unimarc.vtexassets.com/arquivos/ids/239947/000000000000008595-UN-01.jpg?v=638530294460800000,Destilados Y Licores,Whisky,https://www.unimarc.cl/category/bebidas-y-licores/destilados-y-licores/whisky,https://www.unimarc.cl/_next/data/0ucQ92dO_m9T9joH0FjVV/category/bebidas-y-licores/destilados-y-licores/whisky.json?categories=bebidas-y-licores&categories=destilados-y-licores&categories=whisky,2026-02-18T12:46:56
14083,Whisky Jack Daniel's fire 750 cc,Jack Daniels,1 un,litro,30990,30990,,False,,$41.320 x litro,$41.320 x litro,https://www.unimarc.cl/whisky-jack-daniels-fire-750-bot/p,https://unimarc.vtexassets.com/arquivos/ids/228757/000000000000627168-UN-01.jpg?v=637974705126030000,Destilados Y Licores,Whisky,https://www.unimarc.cl/category/bebidas-y-licores/destilados-y-licores/whisky,https://www.unimarc.cl/_next/data/0ucQ92dO_m9T9joH0FjVV/category/bebidas-y-licores/destilados-y-licores/whisky.json?categories=bebidas-y-licores&categories=destilados-y-licores&categories=whisky,2026-02-18T12:46:56
66,Whisky Ballantine`s 40 ° 750 cc,Ballantines,1 un,litro,13990,13990,,False,,$18.653 x litro,$18.653 x litro,https://www.unimarc.cl/whisky-40-finest-750-cc/p,https://unimarc.vtexassets.com/arquivos/ids/235412/000000000000008591-UN-01.jpg?v=638321946161100000,Destilados Y Licores,Whisky,https://www.unimarc.cl/category/bebidas-y-licores/destilados-y-licores/whisky,https://www.unimarc.cl/_next/data/0ucQ92dO_m9T9joH0FjVV/category/bebidas-y-licores/destilados-y-licores/whisky.json?categories=bebidas-y-licores&categories=destilados-y-licores&categories=whisky,2026-02-18T12:46:56
76354,Scotch Whisky The Guiligans distinguished 750 cc,The Guiligans,1 un,litro,13690,13690,,False,,$18.253 x litro,$18.253 x litro,https://www.unimarc.cl/whisky-scotch-the-guiligan-s-750-cc-bot/p,https://unimarc.vtexassets.com/arquivos/ids/215975/000000000000649798-UN-01.jpg?v=637584267508470000,Destilados Y Licores,Whisky,https://www.unimarc.cl/category/bebidas-y-licores/destilados-y-licores/whisky,https://www.unimarc.cl/_next/data/0ucQ92dO_m9T9joH0FjVV/category/bebidas-y-licores/destilados-y-licores/whisky.json?categories=bebidas-y-licores&categories=destilados-y-licores&categories=whisky,2026-02-18T12:46:56
79984,Whisky Ballantines finest botella 1.5 L,Ballantines,1 un,litro,18490,18490,,False,,$12.327 x litro,$12.327 x litro,https://www.unimarc.cl/whisky-finest-ballantines-1-5-lt-bot/p,https://unimarc.vtexassets.com/arquivos/ids/221937/000000000000653424-UN-01.jpg?v=637734460463600000,Destilados Y Licores,Whisky,https://www.unimarc.cl/category/bebidas-y-licores/destilados-y-licores/whisky,https://www.unimarc.cl/_next/data/0ucQ92dO_m9T9joH0FjVV/category/bebidas-y-licores/destilados-y-licores/whisky.json?categories=bebidas-y-licores&categories=destilados-y-licores&categories=whisky,2026-02-18T12:46:56
56961,Whisky Blenders Pride honey botella 750 cc,Blenders Pride,1 un,litro,8790,8790,,False,,$11.720 x litro,$11.720 x litro,https://www.unimarc.cl/whisky-blenders-honey-750-cc-bot/p,https://unimarc.vtexassets.com/arquivos/ids/201726/000000000000636747-UN-01.jpg?v=637364054674370000,Destilados Y Licores,Whisky,https://www.unimarc.cl/category/bebidas-y-licores/destilados-y-licores/whisky,https://www.unimarc.cl/_next/data/0ucQ92dO_m9T9joH0FjVV/category/bebidas-y-licores/destilados-y-licores/whisky.json?categories=bebidas-y-licores&categories=destilados-y-licores&categories=whisky,2026-02-18T12:46:56
82079,Whisky Chivas Regal 15 años 750 cc,Chivas Regal,1 un,litro,49990,49990,,False,,$66.653 x litro,$66.653 x litro,https://www.unimarc.cl/whisky-chivas-regal-xv-a-750-ml-bot/p,https://unimarc.vtexassets.com/arquivos/ids/228049/000000000000655679-UN-01.jpg?v=638296928837600000,Destilados Y Licores,Whisky,https://www.unimarc.cl/category/bebidas-y-licores/destilados-y-licores/whisky,https://www.unimarc.cl/_next/data/0ucQ92dO_m9T9joH0FjVV/category/bebidas-y-licores/destilados-y-licores/whisky.json?categories=bebidas-y-licores&categories=destilados-y-licores&categories=whisky,2026-02-18T12:46:56
10872,Whisky Jim Beam bourbon white 750 cc,Jim Beam,1 un,litro,21190,21190,,False,,$28.253 x litro,$28.253 x litro,https://www.unimarc.cl/whisky-white-jim-beam-750-cc-bot/p,https://unimarc.vtexassets.com/arquivos/ids/215200/000000000000158114-UN-01.jpg?v=637576378184700000,Destilados Y Licores,Whisky,https://www.unimarc.cl/category/bebidas-y-licores/destilados-y-licores/whisky,https://www.unimarc.cl/_next/data/0ucQ92dO_m9T9joH0FjVV/category/bebidas-y-licores/destilados-y-licores/whisky.json?categories=bebidas-y-licores&categories=destilados-y-licores&categories=whisky,2026-02-18T12:46:56
13878,Whisky White Horse 1 L,White Horse,1 un,litro,13690,13690,,False,,$13.690 x litro,$13.690 x litro,https://www.unimarc.cl/whisky-white-horse-1lt-bot/p,https://unimarc.vtexassets.com/arquivos/ids/239997/000000000000566845-UN-01.jpg?v=638530431778500000,Destilados Y Licores,Whisky,https://www.unimarc.cl/category/bebidas-y-licores/destilados-y-licores/whisky,https://www.unimarc.cl/_next/data/0ucQ92dO_m9T9joH0FjVV/category/bebidas-y-licores/destilados-y-licores/whisky.json?categories=bebidas-y-licores&categories=destilados-y-licores&categories=whisky,2026-02-18T12:46:56
91627,Whisky The Glenlivet founders reserve botella 700 cc,The Glenlivet,1 un,litro,36990,36990,,False,,$52.843 x litro,$52.843 x litro,https://www.unimarc.cl/whisky-founders-res-glenlivet-700-ml-bot/p,https://unimarc.vtexassets.com/arquivos/ids/249217/000000000000679195-UN-01.jpg?v=638848108147000000,Destilados Y Licores,Whisky,https://www.unimarc.cl/category/bebidas-y-licores/destilados-y-licores/whisky,https://www.unimarc.cl/_next/data/0ucQ92dO_m9T9joH0FjVV/category/bebidas-y-licores/destilados-y-licores/whisky.json?categories=bebidas-y-licores&categories=destilados-y-licores&categories=whisky,2026-02-18T12:46:56
14050,Whisky Fireball cinnamon 750 cc,Fireball,1 un,litro,15590,15590,,False,,$20.787 x litro,$20.787 x litro,https://www.unimarc.cl/whisky-fireball-cinnamon-750-bot/p,https://unimarc.vtexassets.com/arquivos/ids/183413/000000000000624894-UN.jpg?v=636875027764970000,Destilados Y Licores,Whisky,https://www.unimarc.cl/category/bebidas-y-licores/destilados-y-licores/whisky,https://www.unimarc.cl/_next/data/0ucQ92dO_m9T9joH0FjVV/category/bebidas-y-licores/destilados-y-licores/whisky.json?categories=bebidas-y-licores&categories=destilados-y-licores&categories=whisky,2026-02-18T12:46:56
87195,Whisky Blenders estilo americano botella 750 cc,Blenders,1 un,litro,8790,8790,,False,,$11.720 x litro,$11.720 x litro,https://www.unimarc.cl/destilado-est-americano-blenders-750-bot/p,https://unimarc.vtexassets.com/arquivos/ids/239012/000000000000666036-UN-01.jpg?v=638500812914500000,Destilados Y Licores,Whisky,https://www.unimarc.cl/category/bebidas-y-licores/destilados-y-licores/whisky,https://www.unimarc.cl/_next/data/0ucQ92dO_m9T9joH0FjVV/category/bebidas-y-licores/destilados-y-licores/whisky.json?categories=bebidas-y-licores&categories=destilados-y-licores&categories=whisky,2026-02-18T12:46:56
96284,Whisky Ballantines sunshine piña 700 ml,Ballantines,1 un,litro,13990,13990,,False,,$19.986 x litro,$19.986 x litro,https://www.unimarc.cl/whisky-sunshine-pina-ballantines-700-bot/p,https://unimarc.vtexassets.com/arquivos/ids/254580/000000000000695529-UN-01.jpg?v=639027294114270000,Destilados Y Licores,Whisky,https://www.unimarc.cl/category/bebidas-y-licores/destilados-y-licores/whisky,https://www.unimarc.cl/_next/data/0ucQ92dO_m9T9joH0FjVV/category/bebidas-y-licores/destilados-y-licores/whisky.json?categories=bebidas-y-licores&categories=destilados-y-licores&categories=whisky,2026-02-18T12:46:56
91234,Cóctel Whisky Jack Daniels y coca cola sin azúcar lata 350 ml,Jack Daniels,1 un,litro,1990,1990,,False,,$5.686 x litro,$5.686 x litro,https://www.unimarc.cl/whisky-c-cc-s-a-jack-daniels-350-ml-lata/p,https://unimarc.vtexassets.com/arquivos/ids/248059/000000000000675771-UN-01.jpg?v=638799783218630000,Destilados Y Licores,Whisky,https://www.unimarc.cl/category/bebidas-y-licores/destilados-y-licores/whisky,https://www.unimarc.cl/_next/data/0ucQ92dO_m9T9joH0FjVV/category/bebidas-y-licores/destilados-y-licores/whisky.json?categories=bebidas-y-licores&categories=destilados-y-licores&categories=whisky,2026-02-18T12:46:56
91897,Whisky Texas Bourbon TX botella 700 cc,Tx,1 un,litro,23990,28590,23990,True,Ahorras $4.600,$34.271 x litro,$40.843 x litro,https://www.unimarc.cl/whiskey-bourbon-tx-700-ml-bot/p,https://unimarc.vtexassets.com/arquivos/ids/250232/000000000000682054-UN-01.jpg?v=638889012942500000,Destilados Y Licores,Whisky,https://www.unimarc.cl/category/bebidas-y-licores/destilados-y-licores/whisky,https://www.unimarc.cl/_next/data/0ucQ92dO_m9T9joH0FjVV/category/bebidas-y-licores/destilados-y-licores/whisky.json?categories=bebidas-y-licores&categories=destilados-y-licores&categories=whisky,2026-02-18T12:46:56
90943,Whisky Cutty Sark botella 700 cc,Cutty Sark,1 un,litro,12890,15990,12890,True,Ahorras $3.100,$18.414 x litro,$22.843 x litro,https://www.unimarc.cl/whisky-cutty-sark-700-ml-bot/p,https://unimarc.vtexassets.com/arquivos/ids/247052/000000000000674063-UN-01.jpg.jpg?v=638756726944000000,Destilados Y Licores,Whisky,https://www.unimarc.cl/category/bebidas-y-licores/destilados-y-licores/whisky,https://www.unimarc.cl/_next/data/0ucQ92dO_m9T9joH0FjVV/category/bebidas-y-licores/destilados-y-licores/whisky.json?categories=bebidas-y-licores&categories=destilados-y-licores&categories=whisky,2026-02-18T12:46:56
91730,Whisky Buchanans pineapple 750 cc,Buchanans,1 un,litro,32990,32990,,False,,$43.987 x litro,$43.987 x litro,https://www.unimarc.cl/whisky-pineapple-buchanans-750-ml-bot/p,https://unimarc.vtexassets.com/arquivos/ids/249862/000000000000678965-UN-01.jpg?v=638864547438070000,Destilados Y Licores,Whisky,https://www.unimarc.cl/category/bebidas-y-licores/destilados-y-licores/whisky,https://www.unimarc.cl/_next/data/0ucQ92dO_m9T9joH0FjVV/category/bebidas-y-licores/destilados-y-licores/whisky.json?categories=bebidas-y-licores&categories=destilados-y-licores&categories=whisky,2026-02-18T12:46:56
89964,Whisky Johnnie Walker green label 750 cc,Johnnie Walker,1 un,litro,79990,79990,,False,,$106.653 x litro,$106.653 x litro,https://www.unimarc.cl/whisky-green-label-j-walker-750-ml-bot/p,https://unimarc.vtexassets.com/arquivos/ids/245654/000000000000671967-UN-01.jpg?v=638682462839630000,Destilados Y Licores,Whisky,https://www.unimarc.cl/category/bebidas-y-licores/destilados-y-licores/whisky,https://www.unimarc.cl/_next/data/0ucQ92dO_m9T9joH0FjVV/category/bebidas-y-licores/destilados-y-licores/whisky.json?categories=bebidas-y-licores&categories=destilados-y-licores&categories=whisky,2026-02-18T12:46:56
82669,Whisky Jim Beam honey botella 700 cc,Jim Beam,1 un,litro,21190,21190,,False,,$30.271 x litro,$30.271 x litro,https://www.unimarc.cl/whisky-jim-beam-honey-700-cc-bot/p,https://unimarc.vtexassets.com/arquivos/ids/230709/000000000000662151-UN-01.jpg?v=638043048209100000,Destilados Y Licores,Whisky,https://www.unimarc.cl/category/bebidas-y-licores/destilados-y-licores/whisky,https://www.unimarc.cl/_next/data/0ucQ92dO_m9T9joH0FjVV/category/bebidas-y-licores/destilados-y-licores/whisky.json?categories=bebidas-y-licores&categories=destilados-y-licores&categories=whisky,2026-02-18T12:46:56
89958,Whisky Ballantine's 10 años botella 750 cc,Ballantines,1 un,litro,21990,21990,,False,,$29.320 x litro,$29.320 x litro,https://www.unimarc.cl/whisky-ballantines-10-years-750-ml-bot/p,https://unimarc.vtexassets.com/arquivos/ids/255145/000000000000672318-UN-01.jpg?v=639039958112400000,Destilados Y Licores,Whisky,https://www.unimarc.cl/category/bebidas-y-licores/destilados-y-licores/whisky,https://www.unimarc.cl/_next/data/0ucQ92dO_m9T9joH0FjVV/category/bebidas-y-licores/destilados-y-licores/whisky.json?categories=bebidas-y-licores&categories=destilados-y-licores&categories=whisky,2026-02-18T12:46:56
93427,Whisky apple Jim Beam botella 700ml WHISKY JIM BEAM APPLE 700 CC BOT,Jim Beam,,,0,0,,False,,,,https://www.unimarc.cl/whisky-jim-beam-apple-700-cc-bot/p,https://unimarc.vtexassets.com/arquivos/ids/252222/000000000000682940-UN-01.jpg?v=638961319884700000,Destilados Y Licores,Whisky,https://www.unimarc.cl/category/bebidas-y-licores/destilados-y-licores/whisky,https://www.unimarc.cl/_next/data/0ucQ92dO_m9T9joH0FjVV/category/bebidas-y-licores/destilados-y-licores/whisky.json?categories=bebidas-y-licores&categories=destilados-y-licores&categories=whisky,2026-02-18T12:46:56
50569,Licor aperitivo rosato Ramazzotti 700 cc,Ramazzotti,1 un,litro,13690,13690,,False,,$19.557 x litro,$19.557 x litro,https://www.unimarc.cl/licor-ros-ramazzotti-700-cc-bot/p,https://unimarc.vtexassets.com/arquivos/ids/233184/000000000000630124-UN-01.jpg?v=638296928349300000,Destilados Y Licores,Otros licores,https://www.unimarc.cl/category/bebidas-y-licores/destilados-y-licores/otros-licores,https://www.unimarc.cl/_next/data/0ucQ92dO_m9T9joH0FjVV/category/bebidas-y-licores/destilados-y-licores/otros-licores.json?categories=bebidas-y-licores&categories=destilados-y-licores&categories=otros-licores,2026-02-18T12:47:03
13726,Fernet Branca 750 cc,Branca,1 un,litro,10190,14290,10190,True,Ahorras $4.100,$13.587 x litro,$19.053 x litro,https://www.unimarc.cl/fernet-branca-750-cc-bot/p,https://unimarc.vtexassets.com/arquivos/ids/226652/000000000000055727-UN-01.jpg?v=638563943332900000,Destilados Y Licores,Otros licores,https://www.unimarc.cl/category/bebidas-y-licores/destilados-y-licores/otros-licores,https://www.unimarc.cl/_next/data/0ucQ92dO_m9T9joH0FjVV/category/bebidas-y-licores/destilados-y-licores/otros-licores.json?categories=bebidas-y-licores&categories=destilados-y-licores&categories=otros-licores,2026-02-18T12:47:03
39490,Aguardiente Loncomilla 900 cc,Loncomilla,1 un,litro,5650,5650,,False,,$6.278 x litro,$6.278 x litro,https://www.unimarc.cl/aguard-loncom-mitjans-900cc-bot/p,https://unimarc.vtexassets.com/arquivos/ids/218856/000000000000935905-UN-01.jpg?v=637647438505730000,Destilados Y Licores,Otros licores,https://www.unimarc.cl/category/bebidas-y-licores/destilados-y-licores/otros-licores,https://www.unimarc.cl/_next/data/0ucQ92dO_m9T9joH0FjVV/category/bebidas-y-licores/destilados-y-licores/otros-licores.json?categories=bebidas-y-licores&categories=destilados-y-licores&categories=otros-licores,2026-02-18T12:47:03
87334,Tequila blanco Don Julio botella 750 cc,Don Julio,1 un,litro,43390,53390,43390,True,Ahorras $10.000,$57.853 x litro,$71.187 x litro,https://www.unimarc.cl/tequila-blanco-don-julio-750-ml-bot/p,https://unimarc.vtexassets.com/arquivos/ids/240028/000000000000668649-UN-01.jpg?v=638530451689630000,Destilados Y Licores,Otros licores,https://www.unimarc.cl/category/bebidas-y-licores/destilados-y-licores/otros-licores,https://www.unimarc.cl/_next/data/0ucQ92dO_m9T9joH0FjVV/category/bebidas-y-licores/destilados-y-licores/otros-licores.json?categories=bebidas-y-licores&categories=destilados-y-licores&categories=otros-licores,2026-02-18T12:47:03
76374,Tequila Olmeca blanco botella 700 cc,Olmeca,1 un,litro,13890,17590,13890,True,Ahorras $3.700,$19.843 x litro,$25.129 x litro,https://www.unimarc.cl/tequila-olmeca-blanco-700-cc-bot/p,https://unimarc.vtexassets.com/arquivos/ids/232154/000000000000650783-UN-01.jpg?v=638296928566000000,Destilados Y Licores,Otros licores,https://www.unimarc.cl/category/bebidas-y-licores/destilados-y-licores/otros-licores,https://www.unimarc.cl/_next/data/0ucQ92dO_m9T9joH0FjVV/category/bebidas-y-licores/destilados-y-licores/otros-licores.json?categories=bebidas-y-licores&categories=destilados-y-licores&categories=otros-licores,2026-02-18T12:47:03
87364,Licor fernet Buhero negro botella 700 cc,Buhero,1 un,litro,10090,11790,10090,True,Ahorras $1.700,$14.414 x litro,$16.843 x litro,https://www.unimarc.cl/licor-fernet-buhero-negro-700-cc-bot/p,https://unimarc.vtexassets.com/arquivos/ids/239361/000000000000666034-UN-01.jpg?v=638509594488370000,Destilados Y Licores,Otros licores,https://www.unimarc.cl/category/bebidas-y-licores/destilados-y-licores/otros-licores,https://www.unimarc.cl/_next/data/0ucQ92dO_m9T9joH0FjVV/category/bebidas-y-licores/destilados-y-licores/otros-licores.json?categories=bebidas-y-licores&categories=destilados-y-licores&categories=otros-licores,2026-02-18T12:47:03
92001,Licor spritz hibiscus Rossard botella 1 L,Rossard,1 un,litro,8990,12050,8990,True,Ahorras $3.060,$8.990 x litro,$12.050 x litro,https://www.unimarc.cl/licor-spritz-hibiscus-rossard-1lt-bot/p,https://unimarc.vtexassets.com/arquivos/ids/250686/000000000000683254-UN-01.jpg?v=638906258822070000,Destilados Y Licores,Otros licores,https://www.unimarc.cl/category/bebidas-y-licores/destilados-y-licores/otros-licores,https://www.unimarc.cl/_next/data/0ucQ92dO_m9T9joH0FjVV/category/bebidas-y-licores/destilados-y-licores/otros-licores.json?categories=bebidas-y-licores&categories=destilados-y-licores&categories=otros-licores,2026-02-18T12:47:03
91286,Licor fernet 1882 botella 750 cc,1882,1 un,litro,9490,11890,9490,True,Ahorras $2.400,$12.653 x litro,$15.853 x litro,https://www.unimarc.cl/licor-fernet-1882-750-cc-bot/p,https://unimarc.vtexassets.com/arquivos/ids/248027/000000000000538442-UN-01.jpg.jpg?v=638798943657070000,Destilados Y Licores,Otros licores,https://www.unimarc.cl/category/bebidas-y-licores/destilados-y-licores/otros-licores,https://www.unimarc.cl/_next/data/0ucQ92dO_m9T9joH0FjVV/category/bebidas-y-licores/destilados-y-licores/otros-licores.json?categories=bebidas-y-licores&categories=destilados-y-licores&categories=otros-licores,2026-02-18T12:47:03
77329,Fernet Branca a la menta botella 750 cc,Branca,1 un,litro,10990,14290,10990,True,Ahorras $3.300,$14.653 x litro,$19.053 x litro,https://www.unimarc.cl/fernet-a-la-menta-ri-branca-750-cc-bot/p,https://unimarc.vtexassets.com/arquivos/ids/217239/000000000000651409-UN-01.jpg?v=638563943702070000,Destilados Y Licores,Otros licores,https://www.unimarc.cl/category/bebidas-y-licores/destilados-y-licores/otros-licores,https://www.unimarc.cl/_next/data/0ucQ92dO_m9T9joH0FjVV/category/bebidas-y-licores/destilados-y-licores/otros-licores.json?categories=bebidas-y-licores&categories=destilados-y-licores&categories=otros-licores,2026-02-18T12:47:03
14683,Licor Aspritz Rossard 1 L,Rossard,1 un,litro,9090,11450,9090,True,Ahorras $2.360,$9.090 x litro,$11.450 x litro,https://www.unimarc.cl/licor-aspritz-rossard-1-lt-bot/p,https://unimarc.vtexassets.com/arquivos/ids/218860/000000000000611706-UN-01.jpg?v=637647442077870000,Destilados Y Licores,Otros licores,https://www.unimarc.cl/category/bebidas-y-licores/destilados-y-licores/otros-licores,https://www.unimarc.cl/_next/data/0ucQ92dO_m9T9joH0FjVV/category/bebidas-y-licores/destilados-y-licores/otros-licores.json?categories=bebidas-y-licores&categories=destilados-y-licores&categories=otros-licores,2026-02-18T12:47:03
5810,Vermouth rosso Rossard 1 L,Rossard,1 un,litro,5590,6790,5590,True,Ahorras $1.200,$5.590 x litro,$6.790 x litro,https://www.unimarc.cl/vermouth-rosso-rossard-1-lt-bot/p,https://unimarc.vtexassets.com/arquivos/ids/218863/000000000000605359-UN-01.jpg?v=637647444385330000,Destilados Y Licores,Otros licores,https://www.unimarc.cl/category/bebidas-y-licores/destilados-y-licores/otros-licores,https://www.unimarc.cl/_next/data/0ucQ92dO_m9T9joH0FjVV/category/bebidas-y-licores/destilados-y-licores/otros-licores.json?categories=bebidas-y-licores&categories=destilados-y-licores&categories=otros-licores,2026-02-18T12:47:03
92998,Sidra Rama Caída botella 710 cc,Rama Caida,1 un,litro,5490,5490,,False,,$7.732 x litro,$7.732 x litro,https://www.unimarc.cl/sidra-rama-caida-710-ml-bot/p,https://unimarc.vtexassets.com/arquivos/ids/251490/000000000000685329-UN-01.jpg?v=638937175102330000,Destilados Y Licores,Otros licores,https://www.unimarc.cl/category/bebidas-y-licores/destilados-y-licores/otros-licores,https://www.unimarc.cl/_next/data/0ucQ92dO_m9T9joH0FjVV/category/bebidas-y-licores/destilados-y-licores/otros-licores.json?categories=bebidas-y-licores&categories=destilados-y-licores&categories=otros-licores,2026-02-18T12:47:03
77811,Sidra 1888 cosecha especial botella 750 cc,1888,1 un,litro,5290,5290,,False,,$7.053 x litro,$7.053 x litro,https://www.unimarc.cl/sidra-manzana-c-especial-1888-750-cc-bot/p,https://unimarc.vtexassets.com/arquivos/ids/222434/000000000000636607-UN-01.jpg?v=638563943630200000,Destilados Y Licores,Otros licores,https://www.unimarc.cl/category/bebidas-y-licores/destilados-y-licores/otros-licores,https://www.unimarc.cl/_next/data/0ucQ92dO_m9T9joH0FjVV/category/bebidas-y-licores/destilados-y-licores/otros-licores.json?categories=bebidas-y-licores&categories=destilados-y-licores&categories=otros-licores,2026-02-18T12:47:03
12785,Tequila Sombrero Negro blanco botella 750 cc,Sombrero Negro,1 un,litro,13990,13990,,False,,$18.653 x litro,$18.653 x litro,https://www.unimarc.cl/teq-bco-sombrero-negro-750cc-bot/p,https://unimarc.vtexassets.com/arquivos/ids/233622/000000000000050336-UN-01.jpg?v=638206250480070000,Destilados Y Licores,Otros licores,https://www.unimarc.cl/category/bebidas-y-licores/destilados-y-licores/otros-licores,https://www.unimarc.cl/_next/data/0ucQ92dO_m9T9joH0FjVV/category/bebidas-y-licores/destilados-y-licores/otros-licores.json?categories=bebidas-y-licores&categories=destilados-y-licores&categories=otros-licores,2026-02-18T12:47:03
72847,Licor de hierbas Jagermeister botella 1 L,Jagermeister,1 un,litro,23550,23550,,False,,$23.550 x litro,$23.550 x litro,https://www.unimarc.cl/licor-de-hierbas-jagermeister-1-lt/p,https://unimarc.vtexassets.com/arquivos/ids/227372/000000000000647204-UN-01.jpg?v=637904720540000000,Destilados Y Licores,Otros licores,https://www.unimarc.cl/category/bebidas-y-licores/destilados-y-licores/otros-licores,https://www.unimarc.cl/_next/data/0ucQ92dO_m9T9joH0FjVV/category/bebidas-y-licores/destilados-y-licores/otros-licores.json?categories=bebidas-y-licores&categories=destilados-y-licores&categories=otros-licores,2026-02-18T12:47:03
7878,Cogñac añejado 3 Palos 750 cc,Tres Palos,1 un,litro,6790,6790,,False,,$9.053 x litro,$9.053 x litro,https://www.unimarc.cl/licor-dest-tres-palos-750-cc-bot/p,https://unimarc.vtexassets.com/arquivos/ids/218867/000000000000008496-UN-01.jpg?v=637647448166430000,Destilados Y Licores,Otros licores,https://www.unimarc.cl/category/bebidas-y-licores/destilados-y-licores/otros-licores,https://www.unimarc.cl/_next/data/0ucQ92dO_m9T9joH0FjVV/category/bebidas-y-licores/destilados-y-licores/otros-licores.json?categories=bebidas-y-licores&categories=destilados-y-licores&categories=otros-licores,2026-02-18T12:47:03
878,Licor de hierbas Jagermeister 700 cc,Jagermeister,1 un,litro,16490,16490,,False,,$23.557 x litro,$23.557 x litro,https://www.unimarc.cl/licor-de-hierbas-jagermeister-700-ml/p,https://unimarc.vtexassets.com/arquivos/ids/161343/Licor-de-hierbas-Jagermeister-700-ml.jpg?v=636486711827200000,Destilados Y Licores,Otros licores,https://www.unimarc.cl/category/bebidas-y-licores/destilados-y-licores/otros-licores,https://www.unimarc.cl/_next/data/0ucQ92dO_m9T9joH0FjVV/category/bebidas-y-licores/destilados-y-licores/otros-licores.json?categories=bebidas-y-licores&categories=destilados-y-licores&categories=otros-licores,2026-02-18T12:47:03
83702,Licor aperitivo violetto Ramazzotti 700 cc,Ramazzotti,1 un,litro,13690,13690,,False,,$19.557 x litro,$19.557 x litro,https://www.unimarc.cl/coctel-violetto-ramazzotti-700-ml-bot/p,https://unimarc.vtexassets.com/arquivos/ids/233186/000000000000663538-UN-01.jpg?v=638296928899500000,Destilados Y Licores,Otros licores,https://www.unimarc.cl/category/bebidas-y-licores/destilados-y-licores/otros-licores,https://www.unimarc.cl/_next/data/0ucQ92dO_m9T9joH0FjVV/category/bebidas-y-licores/destilados-y-licores/otros-licores.json?categories=bebidas-y-licores&categories=destilados-y-licores&categories=otros-licores,2026-02-18T12:47:03
58582,Tequila blanco Jimador botella 750 cc,Jimador,1 un,litro,19450,19450,,False,,$25.933 x litro,$25.933 x litro,https://www.unimarc.cl/tequila-blanco-jimador-750-cc-bot/p,https://unimarc.vtexassets.com/arquivos/ids/195516/000000000000128094-UN-01.jpg?v=637261961389300000,Destilados Y Licores,Otros licores,https://www.unimarc.cl/category/bebidas-y-licores/destilados-y-licores/otros-licores,https://www.unimarc.cl/_next/data/0ucQ92dO_m9T9joH0FjVV/category/bebidas-y-licores/destilados-y-licores/otros-licores.json?categories=bebidas-y-licores&categories=destilados-y-licores&categories=otros-licores,2026-02-18T12:47:03
11976,Licor Campari 750 cc,Campari,1 un,litro,16690,16690,,False,,$22.253 x litro,$22.253 x litro,https://www.unimarc.cl/licor-campari-750-cc-bot/p,https://unimarc.vtexassets.com/arquivos/ids/187301/Licor-Campari-botella-750-cc-1-8484.jpg?v=637015711246030000,Destilados Y Licores,Otros licores,https://www.unimarc.cl/category/bebidas-y-licores/destilados-y-licores/otros-licores,https://www.unimarc.cl/_next/data/0ucQ92dO_m9T9joH0FjVV/category/bebidas-y-licores/destilados-y-licores/otros-licores.json?categories=bebidas-y-licores&categories=destilados-y-licores&categories=otros-licores,2026-02-18T12:47:03
14390,Licor Araucano bitter 900 cc,Tres Torres,1 un,litro,9690,9690,,False,,$10.767 x litro,$10.767 x litro,https://www.unimarc.cl/licor-bitter-araucano-900-cc-bot/p,https://unimarc.vtexassets.com/arquivos/ids/187228/Licor-Bitter-Araucano-900-Cc-Bot-1-112.jpg?v=637015710460100000,Destilados Y Licores,Otros licores,https://www.unimarc.cl/category/bebidas-y-licores/destilados-y-licores/otros-licores,https://www.unimarc.cl/_next/data/0ucQ92dO_m9T9joH0FjVV/category/bebidas-y-licores/destilados-y-licores/otros-licores.json?categories=bebidas-y-licores&categories=destilados-y-licores&categories=otros-licores,2026-02-18T12:47:03
15520,Licor Mitjans amaretto botella 750 cc,Mitjans,1 un,litro,7490,7490,,False,,$9.987 x litro,$9.987 x litro,https://www.unimarc.cl/amaretto-mitjans-750-cc-bot/p,https://unimarc.vtexassets.com/arquivos/ids/218848/000000000000046305-UN-01.jpg?v=637647427126270000,Destilados Y Licores,Otros licores,https://www.unimarc.cl/category/bebidas-y-licores/destilados-y-licores/otros-licores,https://www.unimarc.cl/_next/data/0ucQ92dO_m9T9joH0FjVV/category/bebidas-y-licores/destilados-y-licores/otros-licores.json?categories=bebidas-y-licores&categories=destilados-y-licores&categories=otros-licores,2026-02-18T12:47:03
33594,Licor Mitjans Triple Seco 750 cc,Mitjans,1 un,litro,7490,7490,,False,,$9.987 x litro,$9.987 x litro,https://www.unimarc.cl/licor-t-sec-mitjans-750-cc-bot/p,https://unimarc.vtexassets.com/arquivos/ids/218851/000000000000046362-UN-01.jpg?v=637647429743200000,Destilados Y Licores,Otros licores,https://www.unimarc.cl/category/bebidas-y-licores/destilados-y-licores/otros-licores,https://www.unimarc.cl/_next/data/0ucQ92dO_m9T9joH0FjVV/category/bebidas-y-licores/destilados-y-licores/otros-licores.json?categories=bebidas-y-licores&categories=destilados-y-licores&categories=otros-licores,2026-02-18T12:47:03
84692,Cachaza 51 brazil botella 965 cc,51,1 un,litro,7990,7990,,False,,$8.280 x litro,$8.280 x litro,https://www.unimarc.cl/cachaza-51-brazil-965-cc-bot/p,https://unimarc.vtexassets.com/arquivos/ids/235085/000000000000662763-UN-01.jpg?v=638266738954330000,Destilados Y Licores,Otros licores,https://www.unimarc.cl/category/bebidas-y-licores/destilados-y-licores/otros-licores,https://www.unimarc.cl/_next/data/0ucQ92dO_m9T9joH0FjVV/category/bebidas-y-licores/destilados-y-licores/otros-licores.json?categories=bebidas-y-licores&categories=destilados-y-licores&categories=otros-licores,2026-02-18T12:47:03
50868,Licor amaretto Disaronno botella 700 cc,Disaronno,1 un,litro,24590,24590,,False,,$35.129 x litro,$35.129 x litro,https://www.unimarc.cl/amaretto-disaronno-750-ml/p,https://unimarc.vtexassets.com/arquivos/ids/201717/000000000000008638-UN-01.jpg?v=637364017381400000,Destilados Y Licores,Otros licores,https://www.unimarc.cl/category/bebidas-y-licores/destilados-y-licores/otros-licores,https://www.unimarc.cl/_next/data/0ucQ92dO_m9T9joH0FjVV/category/bebidas-y-licores/destilados-y-licores/otros-licores.json?categories=bebidas-y-licores&categories=destilados-y-licores&categories=otros-licores,2026-02-18T12:47:03
14070,Vermouth bianco Martini 750 cc,Martini,1 un,litro,7390,7390,,False,,$9.853 x litro,$9.853 x litro,https://www.unimarc.cl/vermouth-bianco-martini-750c-bot/p,https://unimarc.vtexassets.com/arquivos/ids/181203/000000000000626645-UN.jpg?v=636779796905930000,Destilados Y Licores,Otros licores,https://www.unimarc.cl/category/bebidas-y-licores/destilados-y-licores/otros-licores,https://www.unimarc.cl/_next/data/0ucQ92dO_m9T9joH0FjVV/category/bebidas-y-licores/destilados-y-licores/otros-licores.json?categories=bebidas-y-licores&categories=destilados-y-licores&categories=otros-licores,2026-02-18T12:47:03
7893,Drambuie 750 cc,Drambuie,1 un,litro,22590,22590,,False,,$30.120 x litro,$30.120 x litro,https://www.unimarc.cl/licor-d-whisky-drambuie-750ccbot/p,https://unimarc.vtexassets.com/arquivos/ids/194315/000000000000008637-UN-01.jpg?v=637236830464430000,Destilados Y Licores,Otros licores,https://www.unimarc.cl/category/bebidas-y-licores/destilados-y-licores/otros-licores,https://www.unimarc.cl/_next/data/0ucQ92dO_m9T9joH0FjVV/category/bebidas-y-licores/destilados-y-licores/otros-licores.json?categories=bebidas-y-licores&categories=destilados-y-licores&categories=otros-licores,2026-02-18T12:47:03
37824,Vermouth rosso Martini 750 cc,Martini,1 un,litro,7390,7390,,False,,$9.853 x litro,$9.853 x litro,https://www.unimarc.cl/vermouth-rosso-martini-750c-bot/p,https://unimarc.vtexassets.com/arquivos/ids/175096/000000000000626648-UN.jpg?v=636652773597500000,Destilados Y Licores,Otros licores,https://www.unimarc.cl/category/bebidas-y-licores/destilados-y-licores/otros-licores,https://www.unimarc.cl/_next/data/0ucQ92dO_m9T9joH0FjVV/category/bebidas-y-licores/destilados-y-licores/otros-licores.json?categories=bebidas-y-licores&categories=destilados-y-licores&categories=otros-licores,2026-02-18T12:47:03
3460,Licor Mitjans menta 750 cc,Mitjans,1 un,litro,7490,7490,,False,,$9.987 x litro,$9.987 x litro,https://www.unimarc.cl/licor-menta-mitjans-750-cc-bot/p,https://unimarc.vtexassets.com/arquivos/ids/218850/000000000000046342-UN-01.jpg?v=637647428444230000,Destilados Y Licores,Otros licores,https://www.unimarc.cl/category/bebidas-y-licores/destilados-y-licores/otros-licores,https://www.unimarc.cl/_next/data/0ucQ92dO_m9T9joH0FjVV/category/bebidas-y-licores/destilados-y-licores/otros-licores.json?categories=bebidas-y-licores&categories=destilados-y-licores&categories=otros-licores,2026-02-18T12:47:03
13047,Tequila dorado Sombrero Negro 750 cc,Sombrero Negro,1 un,litro,13990,13990,,False,,$18.653 x litro,$18.653 x litro,https://www.unimarc.cl/teq-dor-sombrero-negro-750cc-bot/p,https://unimarc.vtexassets.com/arquivos/ids/233623/000000000000050337-UN-01.jpg?v=638206250854800000,Destilados Y Licores,Otros licores,https://www.unimarc.cl/category/bebidas-y-licores/destilados-y-licores/otros-licores,https://www.unimarc.cl/_next/data/0ucQ92dO_m9T9joH0FjVV/category/bebidas-y-licores/destilados-y-licores/otros-licores.json?categories=bebidas-y-licores&categories=destilados-y-licores&categories=otros-licores,2026-02-18T12:47:03
50775,Tequila reposado Don Julio botella 750 cc,Don Julio,1 un,litro,60990,60990,,False,,$81.320 x litro,$81.320 x litro,https://www.unimarc.cl/teq-rep-don-julio-750-cc-bot/p,https://unimarc.vtexassets.com/arquivos/ids/246138/000000000000181110-UN-01.jpg?v=638712462303600000,Destilados Y Licores,Otros licores,https://www.unimarc.cl/category/bebidas-y-licores/destilados-y-licores/otros-licores,https://www.unimarc.cl/_next/data/0ucQ92dO_m9T9joH0FjVV/category/bebidas-y-licores/destilados-y-licores/otros-licores.json?categories=bebidas-y-licores&categories=destilados-y-licores&categories=otros-licores,2026-02-18T12:47:03
80911,Licor flor de sauco Momentum 750 cc,Momentum,1 un,litro,12990,12990,,False,,$17.320 x litro,$17.320 x litro,https://www.unimarc.cl/licor-flor-de-sauco-momentum-750-ml-bot/p,https://unimarc.vtexassets.com/arquivos/ids/224043/000000000000654980-UN-01.jpg?v=637799491217800000,Destilados Y Licores,Otros licores,https://www.unimarc.cl/category/bebidas-y-licores/destilados-y-licores/otros-licores,https://www.unimarc.cl/_next/data/0ucQ92dO_m9T9joH0FjVV/category/bebidas-y-licores/destilados-y-licores/otros-licores.json?categories=bebidas-y-licores&categories=destilados-y-licores&categories=otros-licores,2026-02-18T12:47:03
7886,Licor de manzanilla Duval 750 cc,Duval,1 un,litro,5990,5990,,False,,$7.987 x litro,$7.987 x litro,https://www.unimarc.cl/licor-manzanilla-duval-750cc-bot/p,https://unimarc.vtexassets.com/arquivos/ids/181175/000000000000008555-UN.jpg?v=636779723009200000,Destilados Y Licores,Otros licores,https://www.unimarc.cl/category/bebidas-y-licores/destilados-y-licores/otros-licores,https://www.unimarc.cl/_next/data/0ucQ92dO_m9T9joH0FjVV/category/bebidas-y-licores/destilados-y-licores/otros-licores.json?categories=bebidas-y-licores&categories=destilados-y-licores&categories=otros-licores,2026-02-18T12:47:03
90928,Aperitivo hibiscu spritz Livenza botella 750 cc,Livenza,1 un,litro,7990,10590,7990,True,Ahorras $2.600,$10.653 x litro,$14.120 x litro,https://www.unimarc.cl/aperitivo-hibiscu-spritz-livenza-750-bot/p,https://unimarc.vtexassets.com/arquivos/ids/248136/000000000000674605-UN-01.jpg?v=638804912471300000,Destilados Y Licores,Otros licores,https://www.unimarc.cl/category/bebidas-y-licores/destilados-y-licores/otros-licores,https://www.unimarc.cl/_next/data/0ucQ92dO_m9T9joH0FjVV/category/bebidas-y-licores/destilados-y-licores/otros-licores.json?categories=bebidas-y-licores&categories=destilados-y-licores&categories=otros-licores,2026-02-18T12:47:03
90932,Aperitivo americano Livenza botella 750 cc,Livenza,1 un,litro,7990,10590,7990,True,Ahorras $2.600,$10.653 x litro,$14.120 x litro,https://www.unimarc.cl/aperitivo-americano-livenza-750-cc-bot/p,https://unimarc.vtexassets.com/arquivos/ids/249638/000000000000674604-UN-01.jpg?v=638854270949700000,Destilados Y Licores,Otros licores,https://www.unimarc.cl/category/bebidas-y-licores/destilados-y-licores/otros-licores,https://www.unimarc.cl/_next/data/0ucQ92dO_m9T9joH0FjVV/category/bebidas-y-licores/destilados-y-licores/otros-licores.json?categories=bebidas-y-licores&categories=destilados-y-licores&categories=otros-licores,2026-02-18T12:47:03
93660,Vermouth Carpano rosso botella 950 cc,Carpano,1 un,litro,8090,9390,8090,True,Ahorras $1.300,$8.516 x litro,$9.884 x litro,https://www.unimarc.cl/vermouth-carpano-rosso-950-cc-bot/p,https://unimarc.vtexassets.com/arquivos/ids/252925/000000000000691434-UN-01.jpg?v=638984708154070000,Destilados Y Licores,Otros licores,https://www.unimarc.cl/category/bebidas-y-licores/destilados-y-licores/otros-licores,https://www.unimarc.cl/_next/data/0ucQ92dO_m9T9joH0FjVV/category/bebidas-y-licores/destilados-y-licores/otros-licores.json?categories=bebidas-y-licores&categories=destilados-y-licores&categories=otros-licores,2026-02-18T12:47:03
87851,Licor de café Kahlua 750 cc,Kahlua,1 un,litro,15650,15650,,False,,$20.867 x litro,$20.867 x litro,https://www.unimarc.cl/licor-de-cafe-kahlua-750-ml/p,https://unimarc.vtexassets.com/arquivos/ids/243332/000000000000654902-UN-01.jpg?v=638576129891970000,Destilados Y Licores,Otros licores,https://www.unimarc.cl/category/bebidas-y-licores/destilados-y-licores/otros-licores,https://www.unimarc.cl/_next/data/0ucQ92dO_m9T9joH0FjVV/category/bebidas-y-licores/destilados-y-licores/otros-licores.json?categories=bebidas-y-licores&categories=destilados-y-licores&categories=otros-licores,2026-02-18T12:47:03
76375,Tequila Olmeca reposado botella 700 cc,Olmeca,1 un,litro,17590,17590,,False,,$25.129 x litro,$25.129 x litro,https://www.unimarc.cl/tequila-olmeca-reposado-700-cc-bot/p,https://unimarc.vtexassets.com/arquivos/ids/232155/000000000000650784-UN-01.jpg?v=638296928600530000,Destilados Y Licores,Otros licores,https://www.unimarc.cl/category/bebidas-y-licores/destilados-y-licores/otros-licores,https://www.unimarc.cl/_next/data/0ucQ92dO_m9T9joH0FjVV/category/bebidas-y-licores/destilados-y-licores/otros-licores.json?categories=bebidas-y-licores&categories=destilados-y-licores&categories=otros-licores,2026-02-18T12:47:03
66627,Oporto Osborne tawny botella 750 cc,Osborne,1 un,litro,23790,23790,,False,,$31.720 x litro,$31.720 x litro,https://www.unimarc.cl/oporto-tawny-osborne-750-cc-bot/p,https://unimarc.vtexassets.com/arquivos/ids/247752/000000000000940462-UN-01.jpg.jpg?v=638792925861630000,Destilados Y Licores,Otros licores,https://www.unimarc.cl/category/bebidas-y-licores/destilados-y-licores/otros-licores,https://www.unimarc.cl/_next/data/0ucQ92dO_m9T9joH0FjVV/category/bebidas-y-licores/destilados-y-licores/otros-licores.json?categories=bebidas-y-licores&categories=destilados-y-licores&categories=otros-licores,2026-02-18T12:47:03
82080,Tequila Olmeca dark chocolate 700 cc,Olmeca,1 un,litro,17590,17590,,False,,$25.129 x litro,$25.129 x litro,https://www.unimarc.cl/tequila-chocolate-olmeca-700-ml-bot/p,https://unimarc.vtexassets.com/arquivos/ids/232156/000000000000655680-UN-01.jpg?v=638296928850100000,Destilados Y Licores,Otros licores,https://www.unimarc.cl/category/bebidas-y-licores/destilados-y-licores/otros-licores,https://www.unimarc.cl/_next/data/0ucQ92dO_m9T9joH0FjVV/category/bebidas-y-licores/destilados-y-licores/otros-licores.json?categories=bebidas-y-licores&categories=destilados-y-licores&categories=otros-licores,2026-02-18T12:47:03
42383,Licor amargo Angostura 100 cc,Angostura,1 un,litro,17190,17190,,False,,$171.900 x litro,$171.900 x litro,https://www.unimarc.cl/licor-amargo-angostura-100cc-bot/p,https://unimarc.vtexassets.com/arquivos/ids/207079/000000000000008499-UN-01.jpg?v=637472616022500000,Destilados Y Licores,Otros licores,https://www.unimarc.cl/category/bebidas-y-licores/destilados-y-licores/otros-licores,https://www.unimarc.cl/_next/data/0ucQ92dO_m9T9joH0FjVV/category/bebidas-y-licores/destilados-y-licores/otros-licores.json?categories=bebidas-y-licores&categories=destilados-y-licores&categories=otros-licores,2026-02-18T12:47:03
