sku,name,brand,net_content,unit,price,list_price,discount_price,in_offer,saving_text,ppum,ppum_list_price,detail_url,image_url,group_name,category_name,category_url,source_next_data_url,extracted_at
9931,Piña ecuador calibre 6 1 un,Frutas Y Verduras,1 un,unidad,2690,2690,,False,,$2.690 x unidad,$2.690 x unidad,https://www.unimarc.cl/pi-a-ecuador-calibre-6/p,https://unimarc.vtexassets.com/arquivos/ids/230520/000000000000578328-UN-01.jpg?v=638041181026170000,Frutos secos,Frutas,https://www.unimarc.cl/category/frutas-y-verduras/frutas,https://www.unimarc.cl/_next/data/0ucQ92dO_m9T9joH0FjVV/category/frutas-y-verduras/frutas.json?categories=frutas-y-verduras&categories=frutas,2026-02-19T15:52:20
9883,Sandía 1 un,Frutas Y Verduras,1 un,unidad,5091,5990,5091,True,Ahorras $899,$5.091 x unidad,$5.990 x unidad,https://www.unimarc.cl/sandia-und/p,https://unimarc.vtexassets.com/arquivos/ids/167452/000000000000135352-UN-01.jpg?v=636553282806400000,Frutos secos,Frutas,https://www.unimarc.cl/category/frutas-y-verduras/frutas,https://www.unimarc.cl/_next/data/0ucQ92dO_m9T9joH0FjVV/category/frutas-y-verduras/frutas.json?categories=frutas-y-verduras&categories=frutas,2026-02-19T15:52:20
3734,Frutillas pote 300 g,Frutas Y Verduras,1 un,Kg,2116,2490,2116,True,Ahorras $374,$7.053 x Kg,$8.300 x Kg,https://www.unimarc.cl/frutillas-pote-300-gr/p,https://unimarc.vtexassets.com/arquivos/ids/230489/000000000000138191-UN-01.jpg?v=638040593802900000,Frutos secos,Frutas,https://www.unimarc.cl/category/frutas-y-verduras/frutas,https://www.unimarc.cl/_next/data/0ucQ92dO_m9T9joH0FjVV/category/frutas-y-verduras/frutas.json?categories=frutas-y-verduras&categories=frutas,2026-02-19T15:52:20
13820,Melón tuna calibre 8 1 un Melón tuna 1 un,Frutas Y Verduras,1 un,unidad,2541,2990,2541,True,Ahorras $449,$2.541 x unidad,$2.990 x unidad,https://www.unimarc.cl/melon-tuna-und/p,https://unimarc.vtexassets.com/arquivos/ids/182605/357098.jpg?v=636838671238000000,Frutos secos,Frutas,https://www.unimarc.cl/category/frutas-y-verduras/frutas,https://www.unimarc.cl/_next/data/0ucQ92dO_m9T9joH0FjVV/category/frutas-y-verduras/frutas.json?categories=frutas-y-verduras&categories=frutas,2026-02-19T15:52:20
14354,Melón calameño 1 un,Frutas Y Verduras,1 un,unidad,2541,2990,2541,True,Ahorras $449,$2.541 x unidad,$2.990 x unidad,https://www.unimarc.cl/melon-calameno-und/p,https://unimarc.vtexassets.com/arquivos/ids/182604/358638.jpg?v=636838669914170000,Frutos secos,Frutas,https://www.unimarc.cl/category/frutas-y-verduras/frutas,https://www.unimarc.cl/_next/data/0ucQ92dO_m9T9joH0FjVV/category/frutas-y-verduras/frutas.json?categories=frutas-y-verduras&categories=frutas,2026-02-19T15:52:20
269,Arándanos pote 125 g,Frutas Y Verduras,1 un,Kg,2286,2690,2286,True,Ahorras $404,$18.288 x Kg,$21.520 x Kg,https://www.unimarc.cl/arandanos-pote-125-g/p,https://unimarc.vtexassets.com/arquivos/ids/229810/000000000000037910-UN-01.jpg?v=638017916141770000,Frutos secos,Frutas,https://www.unimarc.cl/category/frutas-y-verduras/frutas,https://www.unimarc.cl/_next/data/0ucQ92dO_m9T9joH0FjVV/category/frutas-y-verduras/frutas.json?categories=frutas-y-verduras&categories=frutas,2026-02-19T15:52:20
7652,Mangos granel 500 g,Frutas Y Verduras,500 g,Kg,1245,1495,1245,True,Ahorras $250,$2.490 x Kg,$2.990 x Kg,https://www.unimarc.cl/mangos-importado-kg/p,https://unimarc.vtexassets.com/arquivos/ids/231105/000000000000037972-KG-01.jpg?v=638054305277230000,Frutos secos,Frutas,https://www.unimarc.cl/category/frutas-y-verduras/frutas,https://www.unimarc.cl/_next/data/0ucQ92dO_m9T9joH0FjVV/category/frutas-y-verduras/frutas.json?categories=frutas-y-verduras&categories=frutas,2026-02-19T15:52:20
3444,Uva blanca 950 g,Frutas Y Verduras,950 g,Kg,3626,4266,3626,True,Ahorras $640,$3.816 x Kg,$4.490 x Kg,https://www.unimarc.cl/uva-blanca-kg/p,https://unimarc.vtexassets.com/arquivos/ids/233601/000000000000038114-KG-01.jpg?v=638205585031370000,Frutos secos,Frutas,https://www.unimarc.cl/category/frutas-y-verduras/frutas,https://www.unimarc.cl/_next/data/0ucQ92dO_m9T9joH0FjVV/category/frutas-y-verduras/frutas.json?categories=frutas-y-verduras&categories=frutas,2026-02-19T15:52:20
52276,Nectarín plátano especial granel 500 g,Frutas Y Verduras,500 g,Kg,1271,1495,1271,True,Ahorras $224,$2.542 x Kg,$2.990 x Kg,https://www.unimarc.cl/nectarin-platano-importado-kg/p,https://unimarc.vtexassets.com/arquivos/ids/231134/000000000000538507-KG-01.jpg?v=638054322618230000,Frutos secos,Frutas,https://www.unimarc.cl/category/frutas-y-verduras/frutas,https://www.unimarc.cl/_next/data/0ucQ92dO_m9T9joH0FjVV/category/frutas-y-verduras/frutas.json?categories=frutas-y-verduras&categories=frutas,2026-02-19T15:52:20
33717,Nectarín especial granel 500 g,Frutas Y Verduras,500 g,Kg,1271,1495,1271,True,Ahorras $224,$2.542 x Kg,$2.990 x Kg,https://www.unimarc.cl/nectarin-importado-kg/p,https://unimarc.vtexassets.com/arquivos/ids/231548/000000000000062735-KG-01.jpg?v=638071382922600000,Frutos secos,Frutas,https://www.unimarc.cl/category/frutas-y-verduras/frutas,https://www.unimarc.cl/_next/data/0ucQ92dO_m9T9joH0FjVV/category/frutas-y-verduras/frutas.json?categories=frutas-y-verduras&categories=frutas,2026-02-19T15:52:20
83483,Naranja malla 2 Kg,Frutas Y Verduras,1 un,Kg,3690,3690,,False,,$1.845 x Kg,$1.845 x Kg,https://www.unimarc.cl/naranja-malla-2-kg-2/p,https://unimarc.vtexassets.com/arquivos/ids/249146/000000000000317347-UN-01.jpg?v=638844879366730000,Frutos secos,Frutas,https://www.unimarc.cl/category/frutas-y-verduras/frutas,https://www.unimarc.cl/_next/data/0ucQ92dO_m9T9joH0FjVV/category/frutas-y-verduras/frutas.json?categories=frutas-y-verduras&categories=frutas,2026-02-19T15:52:20
67810,Ciruelas premium granel 500 g,Frutas Y Verduras,500 g,Kg,845,1495,845,True,Ahorras $650,$1.690 x Kg,$2.990 x Kg,https://www.unimarc.cl/ciruela-premium-kg/p,https://unimarc.vtexassets.com/arquivos/ids/206758/000000000000611264-KG-01.jpg?v=637467631765000000,Frutos secos,Frutas,https://www.unimarc.cl/category/frutas-y-verduras/frutas,https://www.unimarc.cl/_next/data/0ucQ92dO_m9T9joH0FjVV/category/frutas-y-verduras/frutas.json?categories=frutas-y-verduras&categories=frutas,2026-02-19T15:52:20
9932,Manzana verde importada granel 500 g,Frutas Y Verduras,500 g,Kg,1325,1325,,False,,$2.650 x Kg,$2.650 x Kg,https://www.unimarc.cl/manzana-verde-importada-kg-2/p,https://unimarc.vtexassets.com/arquivos/ids/194255/000000000000578335-KG-01.jpg?v=637236027521500000,Frutos secos,Frutas,https://www.unimarc.cl/category/frutas-y-verduras/frutas,https://www.unimarc.cl/_next/data/0ucQ92dO_m9T9joH0FjVV/category/frutas-y-verduras/frutas.json?categories=frutas-y-verduras&categories=frutas,2026-02-19T15:52:20
5300,Uva blanca sin semillas pote 500 g,Exponort,1 un,Kg,2490,2490,,False,,$4.980 x Kg,$4.980 x Kg,https://www.unimarc.cl/uva-blanca-sin-semilla-pote-500-g-2/p,https://unimarc.vtexassets.com/arquivos/ids/210106/000000000000535061-UN-01.jpg?v=637498780712600000,Frutos secos,Frutas,https://www.unimarc.cl/category/frutas-y-verduras/frutas,https://www.unimarc.cl/_next/data/0ucQ92dO_m9T9joH0FjVV/category/frutas-y-verduras/frutas.json?categories=frutas-y-verduras&categories=frutas,2026-02-19T15:52:20
52320,Durazno especial granel 500 g,Frutas Y Verduras,500 g,Kg,1395,1395,,False,,$2.790 x Kg,$2.790 x Kg,https://www.unimarc.cl/duraznos-organicos-importados-kg/p,https://unimarc.vtexassets.com/arquivos/ids/194092/000000000000547956-KG-01.jpg?v=637230949462730000,Frutos secos,Frutas,https://www.unimarc.cl/category/frutas-y-verduras/frutas,https://www.unimarc.cl/_next/data/0ucQ92dO_m9T9joH0FjVV/category/frutas-y-verduras/frutas.json?categories=frutas-y-verduras&categories=frutas,2026-02-19T15:52:20
9845,Kiwi importado granel 500 g,Frutas Y Verduras,500 g,Kg,1795,2325,1795,True,Ahorras $530,$3.590 x Kg,$4.650 x Kg,https://www.unimarc.cl/kiwi-kg/p,https://unimarc.vtexassets.com/arquivos/ids/197430/000000000000028377-KG-01.jpg?v=637281129543370000,Frutos secos,Frutas,https://www.unimarc.cl/category/frutas-y-verduras/frutas,https://www.unimarc.cl/_next/data/0ucQ92dO_m9T9joH0FjVV/category/frutas-y-verduras/frutas.json?categories=frutas-y-verduras&categories=frutas,2026-02-19T15:52:20
283,Pera bolsa 1 Kg,Sofruco,1 un,Kg,1690,1990,1690,True,Ahorras $300,$1.690 x Kg,$1.990 x Kg,https://www.unimarc.cl/pera-bolsa-1-kg/p,https://unimarc.vtexassets.com/arquivos/ids/225906/000000000000038061-UN-01.jpg?v=637855541980500000,Frutos secos,Frutas,https://www.unimarc.cl/category/frutas-y-verduras/frutas,https://www.unimarc.cl/_next/data/0ucQ92dO_m9T9joH0FjVV/category/frutas-y-verduras/frutas.json?categories=frutas-y-verduras&categories=frutas,2026-02-19T15:52:20
32680,Manzana roja importada granel 500 g,Frutas Y Verduras,500 g,Kg,1295,1295,,False,,$2.590 x Kg,$2.590 x Kg,https://www.unimarc.cl/manzana-roja-importada-kg-2/p,https://unimarc.vtexassets.com/arquivos/ids/231551/000000000000578333-KG-01.jpg?v=638071384102030000,Frutos secos,Frutas,https://www.unimarc.cl/category/frutas-y-verduras/frutas,https://www.unimarc.cl/_next/data/0ucQ92dO_m9T9joH0FjVV/category/frutas-y-verduras/frutas.json?categories=frutas-y-verduras&categories=frutas,2026-02-19T15:52:20
52072,Manzana fuji importada granel 500 g,Frutas Y Verduras,500 g,Kg,1295,1295,,False,,$2.590 x Kg,$2.590 x Kg,https://www.unimarc.cl/manzana-fuji-importada-kg/p,https://unimarc.vtexassets.com/arquivos/ids/194825/000000000000037985-KG-01.jpg?v=637254139633730000,Frutos secos,Frutas,https://www.unimarc.cl/category/frutas-y-verduras/frutas,https://www.unimarc.cl/_next/data/0ucQ92dO_m9T9joH0FjVV/category/frutas-y-verduras/frutas.json?categories=frutas-y-verduras&categories=frutas,2026-02-19T15:52:20
33733,Durazno conservero granel 500 g,Frutas Y Verduras,500 g,Kg,1245,1245,,False,,$2.490 x Kg,$2.490 x Kg,https://www.unimarc.cl/duraznos-importado-kg/p,https://unimarc.vtexassets.com/arquivos/ids/191524/Duraznos-importados-granel-500-g-1-3461.jpg?v=637163496210730000,Frutos secos,Frutas,https://www.unimarc.cl/category/frutas-y-verduras/frutas,https://www.unimarc.cl/_next/data/0ucQ92dO_m9T9joH0FjVV/category/frutas-y-verduras/frutas.json?categories=frutas-y-verduras&categories=frutas,2026-02-19T15:52:20
288,Pomelo granel 500 g,Frutas Y Verduras,500 g,Kg,1095,1095,,False,,$2.190 x Kg,$2.190 x Kg,https://www.unimarc.cl/pomelo-1-kg/p,https://unimarc.vtexassets.com/arquivos/ids/231119/000000000000038092-KG-01.jpg?v=638054313843100000,Frutos secos,Frutas,https://www.unimarc.cl/category/frutas-y-verduras/frutas,https://www.unimarc.cl/_next/data/0ucQ92dO_m9T9joH0FjVV/category/frutas-y-verduras/frutas.json?categories=frutas-y-verduras&categories=frutas,2026-02-19T15:52:20
52080,Plátano granel 500 g,Frutas Y Verduras,500 g,Kg,745,745,,False,,$1.490 x Kg,$1.490 x Kg,https://www.unimarc.cl/platano-morado-kg/p,https://unimarc.vtexassets.com/arquivos/ids/251581/000000000000038088-KG-01.jpg?v=638942537599770000,Frutos secos,Frutas,https://www.unimarc.cl/category/frutas-y-verduras/frutas,https://www.unimarc.cl/_next/data/0ucQ92dO_m9T9joH0FjVV/category/frutas-y-verduras/frutas.json?categories=frutas-y-verduras&categories=frutas,2026-02-19T15:52:20
3582,Uva rosada nacional pote 500 g,Frutas Y Verduras,1 un,Kg,2490,2490,,False,,$4.980 x Kg,$4.980 x Kg,https://www.unimarc.cl/uva-rosada-pote-500-grs/p,https://unimarc.vtexassets.com/arquivos/ids/210110/000000000000060020-UN-01.jpg?v=637498794573830000,Frutos secos,Frutas,https://www.unimarc.cl/category/frutas-y-verduras/frutas,https://www.unimarc.cl/_next/data/0ucQ92dO_m9T9joH0FjVV/category/frutas-y-verduras/frutas.json?categories=frutas-y-verduras&categories=frutas,2026-02-19T15:52:20
52303,Duraznos blanquillo especial granel 500 g,Frutas Y Verduras,500 g,Kg,1395,1395,,False,,$2.790 x Kg,$2.790 x Kg,https://www.unimarc.cl/durazno-blanquillo-importado-kg/p,https://unimarc.vtexassets.com/arquivos/ids/231549/000000000000543407-KG-01.jpg?v=638071383278670000,Frutos secos,Frutas,https://www.unimarc.cl/category/frutas-y-verduras/frutas,https://www.unimarc.cl/_next/data/0ucQ92dO_m9T9joH0FjVV/category/frutas-y-verduras/frutas.json?categories=frutas-y-verduras&categories=frutas,2026-02-19T15:52:20
14436,Plátano barraganete granel 500 g,Frutas Y Verduras,500 g,Kg,995,995,,False,,$1.990 x Kg,$1.990 x Kg,https://www.unimarc.cl/platano-barraganete-kg/p,https://unimarc.vtexassets.com/arquivos/ids/231117/000000000000038086-KG-01.jpg?v=638054311650130000,Frutos secos,Frutas,https://www.unimarc.cl/category/frutas-y-verduras/frutas,https://www.unimarc.cl/_next/data/0ucQ92dO_m9T9joH0FjVV/category/frutas-y-verduras/frutas.json?categories=frutas-y-verduras&categories=frutas,2026-02-19T15:52:20
41190,Frambuesas Hortifrut pote 70 g,Hortifrut,1 un,Kg,2190,2190,,False,,$31.286 x Kg,$31.286 x Kg,https://www.unimarc.cl/frambuesas-hortifrut-pote-70-g/p,https://unimarc.vtexassets.com/arquivos/ids/230526/000000000000624091-UN-01.jpg?v=638041184538170000,Frutos secos,Frutas,https://www.unimarc.cl/category/frutas-y-verduras/frutas,https://www.unimarc.cl/_next/data/0ucQ92dO_m9T9joH0FjVV/category/frutas-y-verduras/frutas.json?categories=frutas-y-verduras&categories=frutas,2026-02-19T15:52:20
1039,Ciruela deshidratada Sofruco sin carozo 300 g,Sofruco,1 un,Kg,2990,2990,,False,,$9.967 x Kg,$9.967 x Kg,https://www.unimarc.cl/ciruela-deshidra-s-carozo-sofruco-300-gr/p,https://unimarc.vtexassets.com/arquivos/ids/229829/000000000000508820-UN-01.jpg?v=638018022517030000,Frutos secos,Frutas,https://www.unimarc.cl/category/frutas-y-verduras/frutas,https://www.unimarc.cl/_next/data/0ucQ92dO_m9T9joH0FjVV/category/frutas-y-verduras/frutas.json?categories=frutas-y-verduras&categories=frutas,2026-02-19T15:52:20
35328,Melón calameño extra 1 un,Frutas Y Verduras,1 un,unidad,2490,2490,,False,,$2.490 x unidad,$2.490 x unidad,https://www.unimarc.cl/melon-calameno-extra/p,https://unimarc.vtexassets.com/arquivos/ids/224104/000000000000539279-UN-01.jpg?v=637801941676570000,Frutos secos,Frutas,https://www.unimarc.cl/category/frutas-y-verduras/frutas,https://www.unimarc.cl/_next/data/0ucQ92dO_m9T9joH0FjVV/category/frutas-y-verduras/frutas.json?categories=frutas-y-verduras&categories=frutas,2026-02-19T15:52:20
9881,Naranja importada granel 500 g,Frutas Y Verduras,500 g,Kg,1575,1575,,False,,$3.150 x Kg,$3.150 x Kg,https://www.unimarc.cl/naranja-importada-kg/p,https://unimarc.vtexassets.com/arquivos/ids/194085/000000000000124530-KG-01.jpg?v=637230905465800000,Frutos secos,Frutas,https://www.unimarc.cl/category/frutas-y-verduras/frutas,https://www.unimarc.cl/_next/data/0ucQ92dO_m9T9joH0FjVV/category/frutas-y-verduras/frutas.json?categories=frutas-y-verduras&categories=frutas,2026-02-19T15:52:20
35219,Melón tuna extra 1 un,Frutas Y Verduras,1 un,unidad,2990,2990,,False,,$2.990 x unidad,$2.990 x unidad,https://www.unimarc.cl/melon-tuna-extra/p,https://unimarc.vtexassets.com/arquivos/ids/209820/000000000000510282-UN-01.jpg?v=637490188289230000,Frutos secos,Frutas,https://www.unimarc.cl/category/frutas-y-verduras/frutas,https://www.unimarc.cl/_next/data/0ucQ92dO_m9T9joH0FjVV/category/frutas-y-verduras/frutas.json?categories=frutas-y-verduras&categories=frutas,2026-02-19T15:52:20
65618,Piña caramelo en pote,Frutas Y Verduras,1 un,unidad,3990,3990,,False,,$3.990 x unidad,$3.990 x unidad,https://www.unimarc.cl/pina-caramelo-en-pote/p,https://unimarc.vtexassets.com/arquivos/ids/230491/000000000000148094-UN-01.jpg?v=638040594860100000,Frutos secos,Frutas,https://www.unimarc.cl/category/frutas-y-verduras/frutas,https://www.unimarc.cl/_next/data/0ucQ92dO_m9T9joH0FjVV/category/frutas-y-verduras/frutas.json?categories=frutas-y-verduras&categories=frutas,2026-02-19T15:52:20
37358,Moras pote 70 g,Hortifrut,1 un,Kg,1990,1990,,False,,$28.429 x Kg,$28.429 x Kg,https://www.unimarc.cl/moras-hortifrut-70-gr/p,https://unimarc.vtexassets.com/arquivos/ids/200941/000000000000624092-UN-01.jpg?v=637340152189970000,Frutos secos,Frutas,https://www.unimarc.cl/category/frutas-y-verduras/frutas,https://www.unimarc.cl/_next/data/0ucQ92dO_m9T9joH0FjVV/category/frutas-y-verduras/frutas.json?categories=frutas-y-verduras&categories=frutas,2026-02-19T15:52:20
84849,Banana deshidratada Almifrut 200 g,Almifrut,1 un,Kg,2790,2790,,False,,$13.950 x Kg,$13.950 x Kg,https://www.unimarc.cl/banana-desdhidratada-almifrut-200gr/p,https://unimarc.vtexassets.com/arquivos/ids/236016/000000000000664974-UN-01.jpg?v=638333229545330000,Frutos secos,Frutas,https://www.unimarc.cl/category/frutas-y-verduras/frutas,https://www.unimarc.cl/_next/data/0ucQ92dO_m9T9joH0FjVV/category/frutas-y-verduras/frutas.json?categories=frutas-y-verduras&categories=frutas,2026-02-19T15:52:20
289,Tunas granel 500 g,Frutas Y Verduras,500 g,Kg,1845,1845,,False,,$3.690 x Kg,$3.690 x Kg,https://www.unimarc.cl/tunas-granel-1-kg/p,https://unimarc.vtexassets.com/arquivos/ids/231120/000000000000038104-KG-01.jpg?v=638054314298870000,Frutos secos,Frutas,https://www.unimarc.cl/category/frutas-y-verduras/frutas,https://www.unimarc.cl/_next/data/0ucQ92dO_m9T9joH0FjVV/category/frutas-y-verduras/frutas.json?categories=frutas-y-verduras&categories=frutas,2026-02-19T15:52:20
84852,Dátiles almifrut 250g,Almifrut,1 un,Kg,2750,2750,,False,,$11.000 x Kg,$11.000 x Kg,https://www.unimarc.cl/datiles-almifrut-250gr/p,https://unimarc.vtexassets.com/arquivos/ids/236020/000000000000664979-UN-01.jpg?v=638333229557970000,Frutos secos,Frutas,https://www.unimarc.cl/category/frutas-y-verduras/frutas,https://www.unimarc.cl/_next/data/0ucQ92dO_m9T9joH0FjVV/category/frutas-y-verduras/frutas.json?categories=frutas-y-verduras&categories=frutas,2026-02-19T15:52:20
70929,Tomate deshidratado Almifrut 100 g,Almifrut,1 un,Kg,2690,2690,,False,,$26.900 x Kg,$26.900 x Kg,https://www.unimarc.cl/tomate-deshidratado-almifrut-100-gr/p,https://unimarc.vtexassets.com/arquivos/ids/206430/000000000000341955-UN-01.jpg?v=637463207541630000,Frutos secos,Frutas,https://www.unimarc.cl/category/frutas-y-verduras/frutas,https://www.unimarc.cl/_next/data/0ucQ92dO_m9T9joH0FjVV/category/frutas-y-verduras/frutas.json?categories=frutas-y-verduras&categories=frutas,2026-02-19T15:52:20
8090,Pera summer bartlett granel 500 g,Frutas Y Verduras,500 g,Kg,995,995,,False,,$1.990 x Kg,$1.990 x Kg,https://www.unimarc.cl/pera-summer-barlet-kg/p,https://unimarc.vtexassets.com/arquivos/ids/192837/000000000000124939-KG-01.jpg?v=637209324600400000,Frutos secos,Frutas,https://www.unimarc.cl/category/frutas-y-verduras/frutas,https://www.unimarc.cl/_next/data/0ucQ92dO_m9T9joH0FjVV/category/frutas-y-verduras/frutas.json?categories=frutas-y-verduras&categories=frutas,2026-02-19T15:52:20
10652,Cranberries Frutisa 142 g,Frutisa,1 un,Kg,2290,2290,,False,,$16.127 x Kg,$16.127 x Kg,https://www.unimarc.cl/cranberries-frutisa-142-gr/p,https://unimarc.vtexassets.com/arquivos/ids/232005/000000000000632253-UN-01.jpg?v=638103429217830000,Frutos secos,Frutas,https://www.unimarc.cl/category/frutas-y-verduras/frutas,https://www.unimarc.cl/_next/data/0ucQ92dO_m9T9joH0FjVV/category/frutas-y-verduras/frutas.json?categories=frutas-y-verduras&categories=frutas,2026-02-19T15:52:20
81148,Pera asiática especial granel 500 g,Frutas Y Verduras,500 g,Kg,1075,1075,,False,,$2.150 x Kg,$2.150 x Kg,https://www.unimarc.cl/pera-asiatica-especial-kg/p,https://unimarc.vtexassets.com/arquivos/ids/231115/000000000000038074-KG-01.jpg?v=638054310698900000,Frutos secos,Frutas,https://www.unimarc.cl/category/frutas-y-verduras/frutas,https://www.unimarc.cl/_next/data/0ucQ92dO_m9T9joH0FjVV/category/frutas-y-verduras/frutas.json?categories=frutas-y-verduras&categories=frutas,2026-02-19T15:52:20
76087,Pera abate fetel granel 500 g,Frutas Y Verduras,500 g,Kg,1075,1075,,False,,$2.150 x Kg,$2.150 x Kg,https://www.unimarc.cl/pera-abate-fetel-kg/p,https://unimarc.vtexassets.com/arquivos/ids/229808/000000000000028359-KG-01.jpg?v=638017901766470000,Frutos secos,Frutas,https://www.unimarc.cl/category/frutas-y-verduras/frutas,https://www.unimarc.cl/_next/data/0ucQ92dO_m9T9joH0FjVV/category/frutas-y-verduras/frutas.json?categories=frutas-y-verduras&categories=frutas,2026-02-19T15:52:20
35184,Mix fruta picada frutilla mango pote 250 g,Frutas Y Verduras,1 un,Kg,3390,3390,,False,,$13.560 x Kg,$13.560 x Kg,https://www.unimarc.cl/mix-fruta-picada-frutilla-mango-pote-250-g/p,https://unimarc.vtexassets.com/arquivos/ids/202077/000000000000502994-UN-01.jpg?v=637369858730930000,Frutos secos,Frutas,https://www.unimarc.cl/category/frutas-y-verduras/frutas,https://www.unimarc.cl/_next/data/0ucQ92dO_m9T9joH0FjVV/category/frutas-y-verduras/frutas.json?categories=frutas-y-verduras&categories=frutas,2026-02-19T15:52:20
50101,Arándanos pote 300 g,Frutas Y Verduras,1 un,Kg,4990,4990,,False,,$16.633 x Kg,$16.633 x Kg,https://www.unimarc.cl/arandanos-pote-300-gr/p,https://unimarc.vtexassets.com/arquivos/ids/185053/ARANDANOS-POTE-300-GR-1-28054.jpg?v=636976746931270000,Frutos secos,Frutas,https://www.unimarc.cl/category/frutas-y-verduras/frutas,https://www.unimarc.cl/_next/data/0ucQ92dO_m9T9joH0FjVV/category/frutas-y-verduras/frutas.json?categories=frutas-y-verduras&categories=frutas,2026-02-19T15:52:20
13699,Zarzaparrilla pote 125 g,Frutas Y Verduras,1 un,Kg,2550,2550,,False,,$20.400 x Kg,$20.400 x Kg,https://www.unimarc.cl/zarzaparrilla-pote-125-gr/p,https://unimarc.vtexassets.com/arquivos/ids/221904/000000000000038124-UN-01.jpg?v=637733641401430000,Frutos secos,Frutas,https://www.unimarc.cl/category/frutas-y-verduras/frutas,https://www.unimarc.cl/_next/data/0ucQ92dO_m9T9joH0FjVV/category/frutas-y-verduras/frutas.json?categories=frutas-y-verduras&categories=frutas,2026-02-19T15:52:20
74642,Piña picada Izi pote 400 g,Izi,1 un,Kg,3850,3850,,False,,$9.625 x Kg,$9.625 x Kg,https://www.unimarc.cl/pina-picada-izi-400gr/p,https://unimarc.vtexassets.com/arquivos/ids/230551/000000000000649019-UN-01.jpg?v=638041200977200000,Frutos secos,Frutas,https://www.unimarc.cl/category/frutas-y-verduras/frutas,https://www.unimarc.cl/_next/data/0ucQ92dO_m9T9joH0FjVV/category/frutas-y-verduras/frutas.json?categories=frutas-y-verduras&categories=frutas,2026-02-19T15:52:20
74643,Mango picado Izi pote 400 g,Izi,1 un,Kg,3850,3850,,False,,$9.625 x Kg,$9.625 x Kg,https://www.unimarc.cl/mango-picado-izi-400gr/p,https://unimarc.vtexassets.com/arquivos/ids/230552/000000000000649020-UN-01.jpg?v=638041201662730000,Frutos secos,Frutas,https://www.unimarc.cl/category/frutas-y-verduras/frutas,https://www.unimarc.cl/_next/data/0ucQ92dO_m9T9joH0FjVV/category/frutas-y-verduras/frutas.json?categories=frutas-y-verduras&categories=frutas,2026-02-19T15:52:20
14499,Physalis Hortifrut pote 160 g,Hortifrut,1 un,Kg,2690,2690,,False,,$16.813 x Kg,$16.813 x Kg,https://www.unimarc.cl/physalis-hortifrut-160-gr/p,https://unimarc.vtexassets.com/arquivos/ids/200936/000000000000181906-UN-01.jpg?v=637340132107630000,Frutos secos,Frutas,https://www.unimarc.cl/category/frutas-y-verduras/frutas,https://www.unimarc.cl/_next/data/0ucQ92dO_m9T9joH0FjVV/category/frutas-y-verduras/frutas.json?categories=frutas-y-verduras&categories=frutas,2026-02-19T15:52:20
84232,Naranja importada Sofruco bolsa 2 Kg,Sofruco,1 un,Kg,8550,8550,,False,,$4.275 x Kg,$4.275 x Kg,https://www.unimarc.cl/naranja-importada-bolsa-sofruco-2kg/p,https://unimarc.vtexassets.com/arquivos/ids/233001/000000000000664145-UN-01.jpg?v=638181220045730000,Frutos secos,Frutas,https://www.unimarc.cl/category/frutas-y-verduras/frutas,https://www.unimarc.cl/_next/data/0ucQ92dO_m9T9joH0FjVV/category/frutas-y-verduras/frutas.json?categories=frutas-y-verduras&categories=frutas,2026-02-19T15:52:20
282,Pepino dulce granel 500 g,Frutas Y Verduras,500 g,Kg,1675,1675,,False,,$3.350 x Kg,$3.350 x Kg,https://www.unimarc.cl/pepino-dulce-granel/p,https://unimarc.vtexassets.com/arquivos/ids/231111/000000000000038059-KG-01.jpg?v=638054308696500000,Frutos secos,Frutas,https://www.unimarc.cl/category/frutas-y-verduras/frutas,https://www.unimarc.cl/_next/data/0ucQ92dO_m9T9joH0FjVV/category/frutas-y-verduras/frutas.json?categories=frutas-y-verduras&categories=frutas,2026-02-19T15:52:20
38284,Arilos de granada Hortifrut 125 g,Hortifrut,1 un,Kg,2690,2690,,False,,$21.520 x Kg,$21.520 x Kg,https://www.unimarc.cl/arilos-granada-hortifrut-125-grs/p,https://unimarc.vtexassets.com/arquivos/ids/201011/000000000000660303-UN-01.jpg?v=637341733209100000,Frutos secos,Frutas,https://www.unimarc.cl/category/frutas-y-verduras/frutas,https://www.unimarc.cl/_next/data/0ucQ92dO_m9T9joH0FjVV/category/frutas-y-verduras/frutas.json?categories=frutas-y-verduras&categories=frutas,2026-02-19T15:52:20
35454,Manzana cripps pink importada granel 500 g,San Clemente,500 g,Kg,1295,1295,,False,,$2.590 x Kg,$2.590 x Kg,https://www.unimarc.cl/manzana-jazz-kg/p,https://unimarc.vtexassets.com/arquivos/ids/247881/000000000000550523-KG-01.jpg.jpg?v=638796327242770000,Frutos secos,Frutas,https://www.unimarc.cl/category/frutas-y-verduras/frutas,https://www.unimarc.cl/_next/data/0ucQ92dO_m9T9joH0FjVV/category/frutas-y-verduras/frutas.json?categories=frutas-y-verduras&categories=frutas,2026-02-19T15:52:20
38258,Piña Ecuador calibre 7,Frutas Y Verduras,1 un,unidad,2690,2690,,False,,$2.690 x unidad,$2.690 x unidad,https://www.unimarc.cl/pina-ecuador-cal-7/p,https://unimarc.vtexassets.com/arquivos/ids/213518/000000000000654589-UN-01.jpg?v=637540040214370000,Frutos secos,Frutas,https://www.unimarc.cl/category/frutas-y-verduras/frutas,https://www.unimarc.cl/_next/data/0ucQ92dO_m9T9joH0FjVV/category/frutas-y-verduras/frutas.json?page=2&categories=frutas-y-verduras&categories=frutas,2026-02-19T15:52:24
61884,Tomate dulce Snacky pote 250 g,Frutas Y Verduras,1 un,Kg,1550,1550,,False,,$6.200 x Kg,$6.200 x Kg,https://www.unimarc.cl/tomate-snacky-pote-250-gr/p,https://unimarc.vtexassets.com/arquivos/ids/224345/000000000000639899-UN-01.jpg?v=637813938210830000,Frutos secos,Frutas,https://www.unimarc.cl/category/frutas-y-verduras/frutas,https://www.unimarc.cl/_next/data/0ucQ92dO_m9T9joH0FjVV/category/frutas-y-verduras/frutas.json?page=2&categories=frutas-y-verduras&categories=frutas,2026-02-19T15:52:24
93659,"Mix Izi piña, frutilla y mango 250 gr",Izi,1 un,Kg,2490,2490,,False,,$9.960 x Kg,$9.960 x Kg,https://www.unimarc.cl/mix-pina-frutilla-mango-izi-250-gr/p,https://unimarc.vtexassets.com/arquivos/ids/252930/000000000000649318-UN-01.jpg?v=638984712396070000,Frutos secos,Frutas,https://www.unimarc.cl/category/frutas-y-verduras/frutas,https://www.unimarc.cl/_next/data/0ucQ92dO_m9T9joH0FjVV/category/frutas-y-verduras/frutas.json?page=2&categories=frutas-y-verduras&categories=frutas,2026-02-19T15:52:24
33523,Alcayota 1 un,Agricola Acevedo,1 un,unidad,2350,2350,,False,,$2.350 x unidad,$2.350 x unidad,https://www.unimarc.cl/alcayota-un/p,https://unimarc.vtexassets.com/arquivos/ids/184793/ALCAYOTA-UN-1-2486.jpg?v=636976743542300000,Frutos secos,Frutas,https://www.unimarc.cl/category/frutas-y-verduras/frutas,https://www.unimarc.cl/_next/data/0ucQ92dO_m9T9joH0FjVV/category/frutas-y-verduras/frutas.json?page=2&categories=frutas-y-verduras&categories=frutas,2026-02-19T15:52:24
9931,Piña ecuador calibre 6 1 un,Frutas Y Verduras,1 un,unidad,2690,2690,,False,,$2.690 x unidad,$2.690 x unidad,https://www.unimarc.cl/pi-a-ecuador-calibre-6/p,https://unimarc.vtexassets.com/arquivos/ids/230520/000000000000578328-UN-01.jpg?v=638041181026170000,Frutos secos,Fruta,https://www.unimarc.cl/category/frutas-y-verduras/frutas/fruta,https://www.unimarc.cl/_next/data/0ucQ92dO_m9T9joH0FjVV/category/frutas-y-verduras/frutas/fruta.json?categories=frutas-y-verduras&categories=frutas&categories=fruta,2026-02-19T15:52:34
9883,Sandía 1 un,Frutas Y Verduras,1 un,unidad,5091,5990,5091,True,Ahorras $899,$5.091 x unidad,$5.990 x unidad,https://www.unimarc.cl/sandia-und/p,https://unimarc.vtexassets.com/arquivos/ids/167452/000000000000135352-UN-01.jpg?v=636553282806400000,Frutos secos,Fruta,https://www.unimarc.cl/category/frutas-y-verduras/frutas/fruta,https://www.unimarc.cl/_next/data/0ucQ92dO_m9T9joH0FjVV/category/frutas-y-verduras/frutas/fruta.json?categories=frutas-y-verduras&categories=frutas&categories=fruta,2026-02-19T15:52:34
3734,Frutillas pote 300 g,Frutas Y Verduras,1 un,Kg,2116,2490,2116,True,Ahorras $374,$7.053 x Kg,$8.300 x Kg,https://www.unimarc.cl/frutillas-pote-300-gr/p,https://unimarc.vtexassets.com/arquivos/ids/230489/000000000000138191-UN-01.jpg?v=638040593802900000,Frutos secos,Fruta,https://www.unimarc.cl/category/frutas-y-verduras/frutas/fruta,https://www.unimarc.cl/_next/data/0ucQ92dO_m9T9joH0FjVV/category/frutas-y-verduras/frutas/fruta.json?categories=frutas-y-verduras&categories=frutas&categories=fruta,2026-02-19T15:52:34
13820,Melón tuna calibre 8 1 un Melón tuna 1 un,Frutas Y Verduras,1 un,unidad,2541,2990,2541,True,Ahorras $449,$2.541 x unidad,$2.990 x unidad,https://www.unimarc.cl/melon-tuna-und/p,https://unimarc.vtexassets.com/arquivos/ids/182605/357098.jpg?v=636838671238000000,Frutos secos,Fruta,https://www.unimarc.cl/category/frutas-y-verduras/frutas/fruta,https://www.unimarc.cl/_next/data/0ucQ92dO_m9T9joH0FjVV/category/frutas-y-verduras/frutas/fruta.json?categories=frutas-y-verduras&categories=frutas&categories=fruta,2026-02-19T15:52:34
14354,Melón calameño 1 un,Frutas Y Verduras,1 un,unidad,2541,2990,2541,True,Ahorras $449,$2.541 x unidad,$2.990 x unidad,https://www.unimarc.cl/melon-calameno-und/p,https://unimarc.vtexassets.com/arquivos/ids/182604/358638.jpg?v=636838669914170000,Frutos secos,Fruta,https://www.unimarc.cl/category/frutas-y-verduras/frutas/fruta,https://www.unimarc.cl/_next/data/0ucQ92dO_m9T9joH0FjVV/category/frutas-y-verduras/frutas/fruta.json?categories=frutas-y-verduras&categories=frutas&categories=fruta,2026-02-19T15:52:34
269,Arándanos pote 125 g,Frutas Y Verduras,1 un,Kg,2286,2690,2286,True,Ahorras $404,$18.288 x Kg,$21.520 x Kg,https://www.unimarc.cl/arandanos-pote-125-g/p,https://unimarc.vtexassets.com/arquivos/ids/229810/000000000000037910-UN-01.jpg?v=638017916141770000,Frutos secos,Fruta,https://www.unimarc.cl/category/frutas-y-verduras/frutas/fruta,https://www.unimarc.cl/_next/data/0ucQ92dO_m9T9joH0FjVV/category/frutas-y-verduras/frutas/fruta.json?categories=frutas-y-verduras&categories=frutas&categories=fruta,2026-02-19T15:52:34
7652,Mangos granel 500 g,Frutas Y Verduras,500 g,Kg,1245,1495,1245,True,Ahorras $250,$2.490 x Kg,$2.990 x Kg,https://www.unimarc.cl/mangos-importado-kg/p,https://unimarc.vtexassets.com/arquivos/ids/231105/000000000000037972-KG-01.jpg?v=638054305277230000,Frutos secos,Fruta,https://www.unimarc.cl/category/frutas-y-verduras/frutas/fruta,https://www.unimarc.cl/_next/data/0ucQ92dO_m9T9joH0FjVV/category/frutas-y-verduras/frutas/fruta.json?categories=frutas-y-verduras&categories=frutas&categories=fruta,2026-02-19T15:52:34
3444,Uva blanca 950 g,Frutas Y Verduras,950 g,Kg,3626,4266,3626,True,Ahorras $640,$3.816 x Kg,$4.490 x Kg,https://www.unimarc.cl/uva-blanca-kg/p,https://unimarc.vtexassets.com/arquivos/ids/233601/000000000000038114-KG-01.jpg?v=638205585031370000,Frutos secos,Fruta,https://www.unimarc.cl/category/frutas-y-verduras/frutas/fruta,https://www.unimarc.cl/_next/data/0ucQ92dO_m9T9joH0FjVV/category/frutas-y-verduras/frutas/fruta.json?categories=frutas-y-verduras&categories=frutas&categories=fruta,2026-02-19T15:52:34
52276,Nectarín plátano especial granel 500 g,Frutas Y Verduras,500 g,Kg,1271,1495,1271,True,Ahorras $224,$2.542 x Kg,$2.990 x Kg,https://www.unimarc.cl/nectarin-platano-importado-kg/p,https://unimarc.vtexassets.com/arquivos/ids/231134/000000000000538507-KG-01.jpg?v=638054322618230000,Frutos secos,Fruta,https://www.unimarc.cl/category/frutas-y-verduras/frutas/fruta,https://www.unimarc.cl/_next/data/0ucQ92dO_m9T9joH0FjVV/category/frutas-y-verduras/frutas/fruta.json?categories=frutas-y-verduras&categories=frutas&categories=fruta,2026-02-19T15:52:34
33717,Nectarín especial granel 500 g,Frutas Y Verduras,500 g,Kg,1271,1495,1271,True,Ahorras $224,$2.542 x Kg,$2.990 x Kg,https://www.unimarc.cl/nectarin-importado-kg/p,https://unimarc.vtexassets.com/arquivos/ids/231548/000000000000062735-KG-01.jpg?v=638071382922600000,Frutos secos,Fruta,https://www.unimarc.cl/category/frutas-y-verduras/frutas/fruta,https://www.unimarc.cl/_next/data/0ucQ92dO_m9T9joH0FjVV/category/frutas-y-verduras/frutas/fruta.json?categories=frutas-y-verduras&categories=frutas&categories=fruta,2026-02-19T15:52:34
83483,Naranja malla 2 Kg,Frutas Y Verduras,1 un,Kg,3690,3690,,False,,$1.845 x Kg,$1.845 x Kg,https://www.unimarc.cl/naranja-malla-2-kg-2/p,https://unimarc.vtexassets.com/arquivos/ids/249146/000000000000317347-UN-01.jpg?v=638844879366730000,Frutos secos,Fruta,https://www.unimarc.cl/category/frutas-y-verduras/frutas/fruta,https://www.unimarc.cl/_next/data/0ucQ92dO_m9T9joH0FjVV/category/frutas-y-verduras/frutas/fruta.json?categories=frutas-y-verduras&categories=frutas&categories=fruta,2026-02-19T15:52:34
67810,Ciruelas premium granel 500 g,Frutas Y Verduras,500 g,Kg,845,1495,845,True,Ahorras $650,$1.690 x Kg,$2.990 x Kg,https://www.unimarc.cl/ciruela-premium-kg/p,https://unimarc.vtexassets.com/arquivos/ids/206758/000000000000611264-KG-01.jpg?v=637467631765000000,Frutos secos,Fruta,https://www.unimarc.cl/category/frutas-y-verduras/frutas/fruta,https://www.unimarc.cl/_next/data/0ucQ92dO_m9T9joH0FjVV/category/frutas-y-verduras/frutas/fruta.json?categories=frutas-y-verduras&categories=frutas&categories=fruta,2026-02-19T15:52:34
9932,Manzana verde importada granel 500 g,Frutas Y Verduras,500 g,Kg,1325,1325,,False,,$2.650 x Kg,$2.650 x Kg,https://www.unimarc.cl/manzana-verde-importada-kg-2/p,https://unimarc.vtexassets.com/arquivos/ids/194255/000000000000578335-KG-01.jpg?v=637236027521500000,Frutos secos,Fruta,https://www.unimarc.cl/category/frutas-y-verduras/frutas/fruta,https://www.unimarc.cl/_next/data/0ucQ92dO_m9T9joH0FjVV/category/frutas-y-verduras/frutas/fruta.json?categories=frutas-y-verduras&categories=frutas&categories=fruta,2026-02-19T15:52:34
5300,Uva blanca sin semillas pote 500 g,Exponort,1 un,Kg,2490,2490,,False,,$4.980 x Kg,$4.980 x Kg,https://www.unimarc.cl/uva-blanca-sin-semilla-pote-500-g-2/p,https://unimarc.vtexassets.com/arquivos/ids/210106/000000000000535061-UN-01.jpg?v=637498780712600000,Frutos secos,Fruta,https://www.unimarc.cl/category/frutas-y-verduras/frutas/fruta,https://www.unimarc.cl/_next/data/0ucQ92dO_m9T9joH0FjVV/category/frutas-y-verduras/frutas/fruta.json?categories=frutas-y-verduras&categories=frutas&categories=fruta,2026-02-19T15:52:34
52320,Durazno especial granel 500 g,Frutas Y Verduras,500 g,Kg,1395,1395,,False,,$2.790 x Kg,$2.790 x Kg,https://www.unimarc.cl/duraznos-organicos-importados-kg/p,https://unimarc.vtexassets.com/arquivos/ids/194092/000000000000547956-KG-01.jpg?v=637230949462730000,Frutos secos,Fruta,https://www.unimarc.cl/category/frutas-y-verduras/frutas/fruta,https://www.unimarc.cl/_next/data/0ucQ92dO_m9T9joH0FjVV/category/frutas-y-verduras/frutas/fruta.json?categories=frutas-y-verduras&categories=frutas&categories=fruta,2026-02-19T15:52:34
9845,Kiwi importado granel 500 g,Frutas Y Verduras,500 g,Kg,1795,2325,1795,True,Ahorras $530,$3.590 x Kg,$4.650 x Kg,https://www.unimarc.cl/kiwi-kg/p,https://unimarc.vtexassets.com/arquivos/ids/197430/000000000000028377-KG-01.jpg?v=637281129543370000,Frutos secos,Fruta,https://www.unimarc.cl/category/frutas-y-verduras/frutas/fruta,https://www.unimarc.cl/_next/data/0ucQ92dO_m9T9joH0FjVV/category/frutas-y-verduras/frutas/fruta.json?categories=frutas-y-verduras&categories=frutas&categories=fruta,2026-02-19T15:52:34
283,Pera bolsa 1 Kg,Sofruco,1 un,Kg,1690,1990,1690,True,Ahorras $300,$1.690 x Kg,$1.990 x Kg,https://www.unimarc.cl/pera-bolsa-1-kg/p,https://unimarc.vtexassets.com/arquivos/ids/225906/000000000000038061-UN-01.jpg?v=637855541980500000,Frutos secos,Fruta,https://www.unimarc.cl/category/frutas-y-verduras/frutas/fruta,https://www.unimarc.cl/_next/data/0ucQ92dO_m9T9joH0FjVV/category/frutas-y-verduras/frutas/fruta.json?categories=frutas-y-verduras&categories=frutas&categories=fruta,2026-02-19T15:52:34
32680,Manzana roja importada granel 500 g,Frutas Y Verduras,500 g,Kg,1295,1295,,False,,$2.590 x Kg,$2.590 x Kg,https://www.unimarc.cl/manzana-roja-importada-kg-2/p,https://unimarc.vtexassets.com/arquivos/ids/231551/000000000000578333-KG-01.jpg?v=638071384102030000,Frutos secos,Fruta,https://www.unimarc.cl/category/frutas-y-verduras/frutas/fruta,https://www.unimarc.cl/_next/data/0ucQ92dO_m9T9joH0FjVV/category/frutas-y-verduras/frutas/fruta.json?categories=frutas-y-verduras&categories=frutas&categories=fruta,2026-02-19T15:52:34
52072,Manzana fuji importada granel 500 g,Frutas Y Verduras,500 g,Kg,1295,1295,,False,,$2.590 x Kg,$2.590 x Kg,https://www.unimarc.cl/manzana-fuji-importada-kg/p,https://unimarc.vtexassets.com/arquivos/ids/194825/000000000000037985-KG-01.jpg?v=637254139633730000,Frutos secos,Fruta,https://www.unimarc.cl/category/frutas-y-verduras/frutas/fruta,https://www.unimarc.cl/_next/data/0ucQ92dO_m9T9joH0FjVV/category/frutas-y-verduras/frutas/fruta.json?categories=frutas-y-verduras&categories=frutas&categories=fruta,2026-02-19T15:52:34
33733,Durazno conservero granel 500 g,Frutas Y Verduras,500 g,Kg,1245,1245,,False,,$2.490 x Kg,$2.490 x Kg,https://www.unimarc.cl/duraznos-importado-kg/p,https://unimarc.vtexassets.com/arquivos/ids/191524/Duraznos-importados-granel-500-g-1-3461.jpg?v=637163496210730000,Frutos secos,Fruta,https://www.unimarc.cl/category/frutas-y-verduras/frutas/fruta,https://www.unimarc.cl/_next/data/0ucQ92dO_m9T9joH0FjVV/category/frutas-y-verduras/frutas/fruta.json?categories=frutas-y-verduras&categories=frutas&categories=fruta,2026-02-19T15:52:34
288,Pomelo granel 500 g,Frutas Y Verduras,500 g,Kg,1095,1095,,False,,$2.190 x Kg,$2.190 x Kg,https://www.unimarc.cl/pomelo-1-kg/p,https://unimarc.vtexassets.com/arquivos/ids/231119/000000000000038092-KG-01.jpg?v=638054313843100000,Frutos secos,Fruta,https://www.unimarc.cl/category/frutas-y-verduras/frutas/fruta,https://www.unimarc.cl/_next/data/0ucQ92dO_m9T9joH0FjVV/category/frutas-y-verduras/frutas/fruta.json?categories=frutas-y-verduras&categories=frutas&categories=fruta,2026-02-19T15:52:34
52080,Plátano granel 500 g,Frutas Y Verduras,500 g,Kg,745,745,,False,,$1.490 x Kg,$1.490 x Kg,https://www.unimarc.cl/platano-morado-kg/p,https://unimarc.vtexassets.com/arquivos/ids/251581/000000000000038088-KG-01.jpg?v=638942537599770000,Frutos secos,Fruta,https://www.unimarc.cl/category/frutas-y-verduras/frutas/fruta,https://www.unimarc.cl/_next/data/0ucQ92dO_m9T9joH0FjVV/category/frutas-y-verduras/frutas/fruta.json?categories=frutas-y-verduras&categories=frutas&categories=fruta,2026-02-19T15:52:34
3582,Uva rosada nacional pote 500 g,Frutas Y Verduras,1 un,Kg,2490,2490,,False,,$4.980 x Kg,$4.980 x Kg,https://www.unimarc.cl/uva-rosada-pote-500-grs/p,https://unimarc.vtexassets.com/arquivos/ids/210110/000000000000060020-UN-01.jpg?v=637498794573830000,Frutos secos,Fruta,https://www.unimarc.cl/category/frutas-y-verduras/frutas/fruta,https://www.unimarc.cl/_next/data/0ucQ92dO_m9T9joH0FjVV/category/frutas-y-verduras/frutas/fruta.json?categories=frutas-y-verduras&categories=frutas&categories=fruta,2026-02-19T15:52:34
52303,Duraznos blanquillo especial granel 500 g,Frutas Y Verduras,500 g,Kg,1395,1395,,False,,$2.790 x Kg,$2.790 x Kg,https://www.unimarc.cl/durazno-blanquillo-importado-kg/p,https://unimarc.vtexassets.com/arquivos/ids/231549/000000000000543407-KG-01.jpg?v=638071383278670000,Frutos secos,Fruta,https://www.unimarc.cl/category/frutas-y-verduras/frutas/fruta,https://www.unimarc.cl/_next/data/0ucQ92dO_m9T9joH0FjVV/category/frutas-y-verduras/frutas/fruta.json?categories=frutas-y-verduras&categories=frutas&categories=fruta,2026-02-19T15:52:34
14436,Plátano barraganete granel 500 g,Frutas Y Verduras,500 g,Kg,995,995,,False,,$1.990 x Kg,$1.990 x Kg,https://www.unimarc.cl/platano-barraganete-kg/p,https://unimarc.vtexassets.com/arquivos/ids/231117/000000000000038086-KG-01.jpg?v=638054311650130000,Frutos secos,Fruta,https://www.unimarc.cl/category/frutas-y-verduras/frutas/fruta,https://www.unimarc.cl/_next/data/0ucQ92dO_m9T9joH0FjVV/category/frutas-y-verduras/frutas/fruta.json?categories=frutas-y-verduras&categories=frutas&categories=fruta,2026-02-19T15:52:34
41190,Frambuesas Hortifrut pote 70 g,Hortifrut,1 un,Kg,2190,2190,,False,,$31.286 x Kg,$31.286 x Kg,https://www.unimarc.cl/frambuesas-hortifrut-pote-70-g/p,https://unimarc.vtexassets.com/arquivos/ids/230526/000000000000624091-UN-01.jpg?v=638041184538170000,Frutos secos,Fruta,https://www.unimarc.cl/category/frutas-y-verduras/frutas/fruta,https://www.unimarc.cl/_next/data/0ucQ92dO_m9T9joH0FjVV/category/frutas-y-verduras/frutas/fruta.json?categories=frutas-y-verduras&categories=frutas&categories=fruta,2026-02-19T15:52:34
35328,Melón calameño extra 1 un,Frutas Y Verduras,1 un,unidad,2490,2490,,False,,$2.490 x unidad,$2.490 x unidad,https://www.unimarc.cl/melon-calameno-extra/p,https://unimarc.vtexassets.com/arquivos/ids/224104/000000000000539279-UN-01.jpg?v=637801941676570000,Frutos secos,Fruta,https://www.unimarc.cl/category/frutas-y-verduras/frutas/fruta,https://www.unimarc.cl/_next/data/0ucQ92dO_m9T9joH0FjVV/category/frutas-y-verduras/frutas/fruta.json?categories=frutas-y-verduras&categories=frutas&categories=fruta,2026-02-19T15:52:34
9881,Naranja importada granel 500 g,Frutas Y Verduras,500 g,Kg,1575,1575,,False,,$3.150 x Kg,$3.150 x Kg,https://www.unimarc.cl/naranja-importada-kg/p,https://unimarc.vtexassets.com/arquivos/ids/194085/000000000000124530-KG-01.jpg?v=637230905465800000,Frutos secos,Fruta,https://www.unimarc.cl/category/frutas-y-verduras/frutas/fruta,https://www.unimarc.cl/_next/data/0ucQ92dO_m9T9joH0FjVV/category/frutas-y-verduras/frutas/fruta.json?categories=frutas-y-verduras&categories=frutas&categories=fruta,2026-02-19T15:52:34
35219,Melón tuna extra 1 un,Frutas Y Verduras,1 un,unidad,2990,2990,,False,,$2.990 x unidad,$2.990 x unidad,https://www.unimarc.cl/melon-tuna-extra/p,https://unimarc.vtexassets.com/arquivos/ids/209820/000000000000510282-UN-01.jpg?v=637490188289230000,Frutos secos,Fruta,https://www.unimarc.cl/category/frutas-y-verduras/frutas/fruta,https://www.unimarc.cl/_next/data/0ucQ92dO_m9T9joH0FjVV/category/frutas-y-verduras/frutas/fruta.json?categories=frutas-y-verduras&categories=frutas&categories=fruta,2026-02-19T15:52:34
65618,Piña caramelo en pote,Frutas Y Verduras,1 un,unidad,3990,3990,,False,,$3.990 x unidad,$3.990 x unidad,https://www.unimarc.cl/pina-caramelo-en-pote/p,https://unimarc.vtexassets.com/arquivos/ids/230491/000000000000148094-UN-01.jpg?v=638040594860100000,Frutos secos,Fruta,https://www.unimarc.cl/category/frutas-y-verduras/frutas/fruta,https://www.unimarc.cl/_next/data/0ucQ92dO_m9T9joH0FjVV/category/frutas-y-verduras/frutas/fruta.json?categories=frutas-y-verduras&categories=frutas&categories=fruta,2026-02-19T15:52:34
37358,Moras pote 70 g,Hortifrut,1 un,Kg,1990,1990,,False,,$28.429 x Kg,$28.429 x Kg,https://www.unimarc.cl/moras-hortifrut-70-gr/p,https://unimarc.vtexassets.com/arquivos/ids/200941/000000000000624092-UN-01.jpg?v=637340152189970000,Frutos secos,Fruta,https://www.unimarc.cl/category/frutas-y-verduras/frutas/fruta,https://www.unimarc.cl/_next/data/0ucQ92dO_m9T9joH0FjVV/category/frutas-y-verduras/frutas/fruta.json?categories=frutas-y-verduras&categories=frutas&categories=fruta,2026-02-19T15:52:34
289,Tunas granel 500 g,Frutas Y Verduras,500 g,Kg,1845,1845,,False,,$3.690 x Kg,$3.690 x Kg,https://www.unimarc.cl/tunas-granel-1-kg/p,https://unimarc.vtexassets.com/arquivos/ids/231120/000000000000038104-KG-01.jpg?v=638054314298870000,Frutos secos,Fruta,https://www.unimarc.cl/category/frutas-y-verduras/frutas/fruta,https://www.unimarc.cl/_next/data/0ucQ92dO_m9T9joH0FjVV/category/frutas-y-verduras/frutas/fruta.json?categories=frutas-y-verduras&categories=frutas&categories=fruta,2026-02-19T15:52:34
8090,Pera summer bartlett granel 500 g,Frutas Y Verduras,500 g,Kg,995,995,,False,,$1.990 x Kg,$1.990 x Kg,https://www.unimarc.cl/pera-summer-barlet-kg/p,https://unimarc.vtexassets.com/arquivos/ids/192837/000000000000124939-KG-01.jpg?v=637209324600400000,Frutos secos,Fruta,https://www.unimarc.cl/category/frutas-y-verduras/frutas/fruta,https://www.unimarc.cl/_next/data/0ucQ92dO_m9T9joH0FjVV/category/frutas-y-verduras/frutas/fruta.json?categories=frutas-y-verduras&categories=frutas&categories=fruta,2026-02-19T15:52:34
81148,Pera asiática especial granel 500 g,Frutas Y Verduras,500 g,Kg,1075,1075,,False,,$2.150 x Kg,$2.150 x Kg,https://www.unimarc.cl/pera-asiatica-especial-kg/p,https://unimarc.vtexassets.com/arquivos/ids/231115/000000000000038074-KG-01.jpg?v=638054310698900000,Frutos secos,Fruta,https://www.unimarc.cl/category/frutas-y-verduras/frutas/fruta,https://www.unimarc.cl/_next/data/0ucQ92dO_m9T9joH0FjVV/category/frutas-y-verduras/frutas/fruta.json?categories=frutas-y-verduras&categories=frutas&categories=fruta,2026-02-19T15:52:34
76087,Pera abate fetel granel 500 g,Frutas Y Verduras,500 g,Kg,1075,1075,,False,,$2.150 x Kg,$2.150 x Kg,https://www.unimarc.cl/pera-abate-fetel-kg/p,https://unimarc.vtexassets.com/arquivos/ids/229808/000000000000028359-KG-01.jpg?v=638017901766470000,Frutos secos,Fruta,https://www.unimarc.cl/category/frutas-y-verduras/frutas/fruta,https://www.unimarc.cl/_next/data/0ucQ92dO_m9T9joH0FjVV/category/frutas-y-verduras/frutas/fruta.json?categories=frutas-y-verduras&categories=frutas&categories=fruta,2026-02-19T15:52:34
35184,Mix fruta picada frutilla mango pote 250 g,Frutas Y Verduras,1 un,Kg,3390,3390,,False,,$13.560 x Kg,$13.560 x Kg,https://www.unimarc.cl/mix-fruta-picada-frutilla-mango-pote-250-g/p,https://unimarc.vtexassets.com/arquivos/ids/202077/000000000000502994-UN-01.jpg?v=637369858730930000,Frutos secos,Fruta,https://www.unimarc.cl/category/frutas-y-verduras/frutas/fruta,https://www.unimarc.cl/_next/data/0ucQ92dO_m9T9joH0FjVV/category/frutas-y-verduras/frutas/fruta.json?categories=frutas-y-verduras&categories=frutas&categories=fruta,2026-02-19T15:52:34
50101,Arándanos pote 300 g,Frutas Y Verduras,1 un,Kg,4990,4990,,False,,$16.633 x Kg,$16.633 x Kg,https://www.unimarc.cl/arandanos-pote-300-gr/p,https://unimarc.vtexassets.com/arquivos/ids/185053/ARANDANOS-POTE-300-GR-1-28054.jpg?v=636976746931270000,Frutos secos,Fruta,https://www.unimarc.cl/category/frutas-y-verduras/frutas/fruta,https://www.unimarc.cl/_next/data/0ucQ92dO_m9T9joH0FjVV/category/frutas-y-verduras/frutas/fruta.json?categories=frutas-y-verduras&categories=frutas&categories=fruta,2026-02-19T15:52:34
13699,Zarzaparrilla pote 125 g,Frutas Y Verduras,1 un,Kg,2550,2550,,False,,$20.400 x Kg,$20.400 x Kg,https://www.unimarc.cl/zarzaparrilla-pote-125-gr/p,https://unimarc.vtexassets.com/arquivos/ids/221904/000000000000038124-UN-01.jpg?v=637733641401430000,Frutos secos,Fruta,https://www.unimarc.cl/category/frutas-y-verduras/frutas/fruta,https://www.unimarc.cl/_next/data/0ucQ92dO_m9T9joH0FjVV/category/frutas-y-verduras/frutas/fruta.json?categories=frutas-y-verduras&categories=frutas&categories=fruta,2026-02-19T15:52:34
74642,Piña picada Izi pote 400 g,Izi,1 un,Kg,3850,3850,,False,,$9.625 x Kg,$9.625 x Kg,https://www.unimarc.cl/pina-picada-izi-400gr/p,https://unimarc.vtexassets.com/arquivos/ids/230551/000000000000649019-UN-01.jpg?v=638041200977200000,Frutos secos,Fruta,https://www.unimarc.cl/category/frutas-y-verduras/frutas/fruta,https://www.unimarc.cl/_next/data/0ucQ92dO_m9T9joH0FjVV/category/frutas-y-verduras/frutas/fruta.json?categories=frutas-y-verduras&categories=frutas&categories=fruta,2026-02-19T15:52:34
74643,Mango picado Izi pote 400 g,Izi,1 un,Kg,3850,3850,,False,,$9.625 x Kg,$9.625 x Kg,https://www.unimarc.cl/mango-picado-izi-400gr/p,https://unimarc.vtexassets.com/arquivos/ids/230552/000000000000649020-UN-01.jpg?v=638041201662730000,Frutos secos,Fruta,https://www.unimarc.cl/category/frutas-y-verduras/frutas/fruta,https://www.unimarc.cl/_next/data/0ucQ92dO_m9T9joH0FjVV/category/frutas-y-verduras/frutas/fruta.json?categories=frutas-y-verduras&categories=frutas&categories=fruta,2026-02-19T15:52:34
14499,Physalis Hortifrut pote 160 g,Hortifrut,1 un,Kg,2690,2690,,False,,$16.813 x Kg,$16.813 x Kg,https://www.unimarc.cl/physalis-hortifrut-160-gr/p,https://unimarc.vtexassets.com/arquivos/ids/200936/000000000000181906-UN-01.jpg?v=637340132107630000,Frutos secos,Fruta,https://www.unimarc.cl/category/frutas-y-verduras/frutas/fruta,https://www.unimarc.cl/_next/data/0ucQ92dO_m9T9joH0FjVV/category/frutas-y-verduras/frutas/fruta.json?categories=frutas-y-verduras&categories=frutas&categories=fruta,2026-02-19T15:52:34
84232,Naranja importada Sofruco bolsa 2 Kg,Sofruco,1 un,Kg,8550,8550,,False,,$4.275 x Kg,$4.275 x Kg,https://www.unimarc.cl/naranja-importada-bolsa-sofruco-2kg/p,https://unimarc.vtexassets.com/arquivos/ids/233001/000000000000664145-UN-01.jpg?v=638181220045730000,Frutos secos,Fruta,https://www.unimarc.cl/category/frutas-y-verduras/frutas/fruta,https://www.unimarc.cl/_next/data/0ucQ92dO_m9T9joH0FjVV/category/frutas-y-verduras/frutas/fruta.json?categories=frutas-y-verduras&categories=frutas&categories=fruta,2026-02-19T15:52:34
282,Pepino dulce granel 500 g,Frutas Y Verduras,500 g,Kg,1675,1675,,False,,$3.350 x Kg,$3.350 x Kg,https://www.unimarc.cl/pepino-dulce-granel/p,https://unimarc.vtexassets.com/arquivos/ids/231111/000000000000038059-KG-01.jpg?v=638054308696500000,Frutos secos,Fruta,https://www.unimarc.cl/category/frutas-y-verduras/frutas/fruta,https://www.unimarc.cl/_next/data/0ucQ92dO_m9T9joH0FjVV/category/frutas-y-verduras/frutas/fruta.json?categories=frutas-y-verduras&categories=frutas&categories=fruta,2026-02-19T15:52:34
38284,Arilos de granada Hortifrut 125 g,Hortifrut,1 un,Kg,2690,2690,,False,,$21.520 x Kg,$21.520 x Kg,https://www.unimarc.cl/arilos-granada-hortifrut-125-grs/p,https://unimarc.vtexassets.com/arquivos/ids/201011/000000000000660303-UN-01.jpg?v=637341733209100000,Frutos secos,Fruta,https://www.unimarc.cl/category/frutas-y-verduras/frutas/fruta,https://www.unimarc.cl/_next/data/0ucQ92dO_m9T9joH0FjVV/category/frutas-y-verduras/frutas/fruta.json?categories=frutas-y-verduras&categories=frutas&categories=fruta,2026-02-19T15:52:34
35454,Manzana cripps pink importada granel 500 g,San Clemente,500 g,Kg,1295,1295,,False,,$2.590 x Kg,$2.590 x Kg,https://www.unimarc.cl/manzana-jazz-kg/p,https://unimarc.vtexassets.com/arquivos/ids/247881/000000000000550523-KG-01.jpg.jpg?v=638796327242770000,Frutos secos,Fruta,https://www.unimarc.cl/category/frutas-y-verduras/frutas/fruta,https://www.unimarc.cl/_next/data/0ucQ92dO_m9T9joH0FjVV/category/frutas-y-verduras/frutas/fruta.json?categories=frutas-y-verduras&categories=frutas&categories=fruta,2026-02-19T15:52:34
38258,Piña Ecuador calibre 7,Frutas Y Verduras,1 un,unidad,2690,2690,,False,,$2.690 x unidad,$2.690 x unidad,https://www.unimarc.cl/pina-ecuador-cal-7/p,https://unimarc.vtexassets.com/arquivos/ids/213518/000000000000654589-UN-01.jpg?v=637540040214370000,Frutos secos,Fruta,https://www.unimarc.cl/category/frutas-y-verduras/frutas/fruta,https://www.unimarc.cl/_next/data/0ucQ92dO_m9T9joH0FjVV/category/frutas-y-verduras/frutas/fruta.json?categories=frutas-y-verduras&categories=frutas&categories=fruta,2026-02-19T15:52:34
61884,Tomate dulce Snacky pote 250 g,Frutas Y Verduras,1 un,Kg,1550,1550,,False,,$6.200 x Kg,$6.200 x Kg,https://www.unimarc.cl/tomate-snacky-pote-250-gr/p,https://unimarc.vtexassets.com/arquivos/ids/224345/000000000000639899-UN-01.jpg?v=637813938210830000,Frutos secos,Fruta,https://www.unimarc.cl/category/frutas-y-verduras/frutas/fruta,https://www.unimarc.cl/_next/data/0ucQ92dO_m9T9joH0FjVV/category/frutas-y-verduras/frutas/fruta.json?categories=frutas-y-verduras&categories=frutas&categories=fruta,2026-02-19T15:52:34
93659,"Mix Izi piña, frutilla y mango 250 gr",Izi,1 un,Kg,2490,2490,,False,,$9.960 x Kg,$9.960 x Kg,https://www.unimarc.cl/mix-pina-frutilla-mango-izi-250-gr/p,https://unimarc.vtexassets.com/arquivos/ids/252930/000000000000649318-UN-01.jpg?v=638984712396070000,Frutos secos,Fruta,https://www.unimarc.cl/category/frutas-y-verduras/frutas/fruta,https://www.unimarc.cl/_next/data/0ucQ92dO_m9T9joH0FjVV/category/frutas-y-verduras/frutas/fruta.json?categories=frutas-y-verduras&categories=frutas&categories=fruta,2026-02-19T15:52:34
33523,Alcayota 1 un,Agricola Acevedo,1 un,unidad,2350,2350,,False,,$2.350 x unidad,$2.350 x unidad,https://www.unimarc.cl/alcayota-un/p,https://unimarc.vtexassets.com/arquivos/ids/184793/ALCAYOTA-UN-1-2486.jpg?v=636976743542300000,Frutos secos,Fruta,https://www.unimarc.cl/category/frutas-y-verduras/frutas/fruta,https://www.unimarc.cl/_next/data/0ucQ92dO_m9T9joH0FjVV/category/frutas-y-verduras/frutas/fruta.json?categories=frutas-y-verduras&categories=frutas&categories=fruta,2026-02-19T15:52:34
1039,Ciruela deshidratada Sofruco sin carozo 300 g,Sofruco,1 un,Kg,2990,2990,,False,,$9.967 x Kg,$9.967 x Kg,https://www.unimarc.cl/ciruela-deshidra-s-carozo-sofruco-300-gr/p,https://unimarc.vtexassets.com/arquivos/ids/229829/000000000000508820-UN-01.jpg?v=638018022517030000,Frutos secos,Fruta deshidratada,https://www.unimarc.cl/category/frutas-y-verduras/frutas/fruta-deshidratada,https://www.unimarc.cl/_next/data/0ucQ92dO_m9T9joH0FjVV/category/frutas-y-verduras/frutas/fruta-deshidratada.json?categories=frutas-y-verduras&categories=frutas&categories=fruta-deshidratada,2026-02-19T15:52:43
84849,Banana deshidratada Almifrut 200 g,Almifrut,1 un,Kg,2790,2790,,False,,$13.950 x Kg,$13.950 x Kg,https://www.unimarc.cl/banana-desdhidratada-almifrut-200gr/p,https://unimarc.vtexassets.com/arquivos/ids/236016/000000000000664974-UN-01.jpg?v=638333229545330000,Frutos secos,Fruta deshidratada,https://www.unimarc.cl/category/frutas-y-verduras/frutas/fruta-deshidratada,https://www.unimarc.cl/_next/data/0ucQ92dO_m9T9joH0FjVV/category/frutas-y-verduras/frutas/fruta-deshidratada.json?categories=frutas-y-verduras&categories=frutas&categories=fruta-deshidratada,2026-02-19T15:52:43
84852,Dátiles almifrut 250g,Almifrut,1 un,Kg,2750,2750,,False,,$11.000 x Kg,$11.000 x Kg,https://www.unimarc.cl/datiles-almifrut-250gr/p,https://unimarc.vtexassets.com/arquivos/ids/236020/000000000000664979-UN-01.jpg?v=638333229557970000,Frutos secos,Fruta deshidratada,https://www.unimarc.cl/category/frutas-y-verduras/frutas/fruta-deshidratada,https://www.unimarc.cl/_next/data/0ucQ92dO_m9T9joH0FjVV/category/frutas-y-verduras/frutas/fruta-deshidratada.json?categories=frutas-y-verduras&categories=frutas&categories=fruta-deshidratada,2026-02-19T15:52:43
70929,Tomate deshidratado Almifrut 100 g,Almifrut,1 un,Kg,2690,2690,,False,,$26.900 x Kg,$26.900 x Kg,https://www.unimarc.cl/tomate-deshidratado-almifrut-100-gr/p,https://unimarc.vtexassets.com/arquivos/ids/206430/000000000000341955-UN-01.jpg?v=637463207541630000,Frutos secos,Fruta deshidratada,https://www.unimarc.cl/category/frutas-y-verduras/frutas/fruta-deshidratada,https://www.unimarc.cl/_next/data/0ucQ92dO_m9T9joH0FjVV/category/frutas-y-verduras/frutas/fruta-deshidratada.json?categories=frutas-y-verduras&categories=frutas&categories=fruta-deshidratada,2026-02-19T15:52:43
10652,Cranberries Frutisa 142 g,Frutisa,1 un,Kg,2290,2290,,False,,$16.127 x Kg,$16.127 x Kg,https://www.unimarc.cl/cranberries-frutisa-142-gr/p,https://unimarc.vtexassets.com/arquivos/ids/232005/000000000000632253-UN-01.jpg?v=638103429217830000,Frutos secos,Fruta deshidratada,https://www.unimarc.cl/category/frutas-y-verduras/frutas/fruta-deshidratada,https://www.unimarc.cl/_next/data/0ucQ92dO_m9T9joH0FjVV/category/frutas-y-verduras/frutas/fruta-deshidratada.json?categories=frutas-y-verduras&categories=frutas&categories=fruta-deshidratada,2026-02-19T15:52:43
9866,Tomate malla 1 Kg,Frutas Y Verduras,1 un,Kg,1690,1950,1690,True,Ahorras $260,$1.690 x Kg,$1.950 x Kg,https://www.unimarc.cl/tomate-malla-1-kg/p,https://unimarc.vtexassets.com/arquivos/ids/229817/000000000000038313-UN-01.jpg?v=638018011676530000,Frutos secos,Verduras,https://www.unimarc.cl/category/frutas-y-verduras/verduras,https://www.unimarc.cl/_next/data/0ucQ92dO_m9T9joH0FjVV/category/frutas-y-verduras/verduras.json?categories=frutas-y-verduras&categories=verduras,2026-02-19T15:52:57
479,Limón malla 1 Kg,Frutas Y Verduras,1 un,Kg,1990,1990,,False,,$1.990 x Kg,$1.990 x Kg,https://www.unimarc.cl/limon-malla-11-unid-aprox/p,https://unimarc.vtexassets.com/arquivos/ids/230486/000000000000119011-UN-01.jpg?v=638040590386300000,Frutos secos,Verduras,https://www.unimarc.cl/category/frutas-y-verduras/verduras,https://www.unimarc.cl/_next/data/0ucQ92dO_m9T9joH0FjVV/category/frutas-y-verduras/verduras.json?categories=frutas-y-verduras&categories=verduras,2026-02-19T15:52:57
280,Palta hass malla 1 Kg,Frutas Y Verduras,1 un,Kg,3690,3690,,False,,$3.690 x Kg,$3.690 x Kg,https://www.unimarc.cl/palta-hass-malla-1-kg/p,https://unimarc.vtexassets.com/arquivos/ids/162200/Palta-Hass-malla-1-Kg.jpg?v=636486731472500000,Frutos secos,Verduras,https://www.unimarc.cl/category/frutas-y-verduras/verduras,https://www.unimarc.cl/_next/data/0ucQ92dO_m9T9joH0FjVV/category/frutas-y-verduras/verduras.json?categories=frutas-y-verduras&categories=verduras,2026-02-19T15:52:57
324,Tomate larga vida granel 500 g,Frutas Y Verduras,500 g,Kg,845,975,845,True,Ahorras $130,$1.690 x Kg,$1.950 x Kg,https://www.unimarc.cl/tomate-1-kg-5-u-aprox/p,https://unimarc.vtexassets.com/arquivos/ids/231124/000000000000038314-KG-01.jpg?v=638054316183670000,Frutos secos,Verduras,https://www.unimarc.cl/category/frutas-y-verduras/verduras,https://www.unimarc.cl/_next/data/0ucQ92dO_m9T9joH0FjVV/category/frutas-y-verduras/verduras.json?categories=frutas-y-verduras&categories=verduras,2026-02-19T15:52:57
510,Champiñón bandeja 200 g,Frutas Y Verduras,1 un,Kg,1590,1590,,False,,$7.950 x Kg,$7.950 x Kg,https://www.unimarc.cl/champinon-bandeja-nacional-200-g/p,https://unimarc.vtexassets.com/arquivos/ids/232101/000000000000137434-UN.jpg?v=638114873726400000,Frutos secos,Verduras,https://www.unimarc.cl/category/frutas-y-verduras/verduras,https://www.unimarc.cl/_next/data/0ucQ92dO_m9T9joH0FjVV/category/frutas-y-verduras/verduras.json?categories=frutas-y-verduras&categories=verduras,2026-02-19T15:52:57
310,Papas malla 2 Kg,Frutas Y Verduras,1 un,Kg,2390,2390,,False,,$1.195 x Kg,$1.195 x Kg,https://www.unimarc.cl/papas-malla-2-kg/p,https://unimarc.vtexassets.com/arquivos/ids/233398/000000000000038270-UN-01.jpg?v=638200213571600000,Frutos secos,Verduras,https://www.unimarc.cl/category/frutas-y-verduras/verduras,https://www.unimarc.cl/_next/data/0ucQ92dO_m9T9joH0FjVV/category/frutas-y-verduras/verduras.json?categories=frutas-y-verduras&categories=verduras,2026-02-19T15:52:57
1425,Lechuga escarola bolsa 1 un,Frutas Y Verduras,1 un,unidad,1290,1290,,False,,$1.290 x unidad,$1.290 x unidad,https://www.unimarc.cl/lechuga-escarola-bolsa-1-u/p,https://unimarc.vtexassets.com/arquivos/ids/230559/000000000000655589-UN-01.jpg?v=638041207314870000,Frutos secos,Verduras,https://www.unimarc.cl/category/frutas-y-verduras/verduras,https://www.unimarc.cl/_next/data/0ucQ92dO_m9T9joH0FjVV/category/frutas-y-verduras/verduras.json?categories=frutas-y-verduras&categories=verduras,2026-02-19T15:52:57
313,Pepino ensalada 1 un,Frutas Y Verduras,1 un,unidad,720,720,,False,,$720 x unidad,$720 x unidad,https://www.unimarc.cl/pepino-ensalada-1-u/p,https://unimarc.vtexassets.com/arquivos/ids/230467/000000000000038279-UN-01.jpg?v=638040578480970000,Frutos secos,Verduras,https://www.unimarc.cl/category/frutas-y-verduras/verduras,https://www.unimarc.cl/_next/data/0ucQ92dO_m9T9joH0FjVV/category/frutas-y-verduras/verduras.json?categories=frutas-y-verduras&categories=verduras,2026-02-19T15:52:57
1627,Zanahoria bolsa 1 Kg,Frutas Y Verduras,1 un,Kg,1290,1290,,False,,$1.290 x Kg,$1.290 x Kg,https://www.unimarc.cl/zanahoria-bolsa-1-kg-2/p,https://unimarc.vtexassets.com/arquivos/ids/229907/000000000000878890-UN-01.jpg?v=638018743277470000,Frutos secos,Verduras,https://www.unimarc.cl/category/frutas-y-verduras/verduras,https://www.unimarc.cl/_next/data/0ucQ92dO_m9T9joH0FjVV/category/frutas-y-verduras/verduras.json?categories=frutas-y-verduras&categories=verduras,2026-02-19T15:52:57
308,Lechuga costina nacional 1 un,Frutas Y Verduras,1 un,unidad,1290,1290,,False,,$1.290 x unidad,$1.290 x unidad,https://www.unimarc.cl/lechuga-costina-nacional-1-un/p,https://unimarc.vtexassets.com/arquivos/ids/213617/000000000000038260-UN-01.jpg?v=637546941620230000,Frutos secos,Verduras,https://www.unimarc.cl/category/frutas-y-verduras/verduras,https://www.unimarc.cl/_next/data/0ucQ92dO_m9T9joH0FjVV/category/frutas-y-verduras/verduras.json?categories=frutas-y-verduras&categories=verduras,2026-02-19T15:52:57
64379,Palta hass malla 700 g,Frutas Y Verduras,1 un,Kg,2690,2690,,False,,$3.843 x Kg,$3.843 x Kg,https://www.unimarc.cl/palta-hass-malla-700-g/p,https://unimarc.vtexassets.com/arquivos/ids/228044/000000000000265090-UN-01.jpg?v=637932365175670000,Frutos secos,Verduras,https://www.unimarc.cl/category/frutas-y-verduras/verduras,https://www.unimarc.cl/_next/data/0ucQ92dO_m9T9joH0FjVV/category/frutas-y-verduras/verduras.json?categories=frutas-y-verduras&categories=verduras,2026-02-19T15:52:57
296,Brócoli nacional 1 un,Frutas Y Verduras,1 un,unidad,1490,1490,,False,,$1.490 x unidad,$1.490 x unidad,https://www.unimarc.cl/brocoli-nacional-1-u/p,https://unimarc.vtexassets.com/arquivos/ids/230458/000000000000038207-UN-01.jpg?v=638040541161600000,Frutos secos,Verduras,https://www.unimarc.cl/category/frutas-y-verduras/verduras,https://www.unimarc.cl/_next/data/0ucQ92dO_m9T9joH0FjVV/category/frutas-y-verduras/verduras.json?categories=frutas-y-verduras&categories=verduras,2026-02-19T15:52:57
339,Cebolla malla 1 Kg,Frutas Y Verduras,1 un,Kg,1690,1690,,False,,$1.690 x Kg,$1.690 x Kg,https://www.unimarc.cl/cebolla-malla-1-kilo/p,https://unimarc.vtexassets.com/arquivos/ids/230481/000000000000038616-UN-01.jpg?v=638040587013130000,Frutos secos,Verduras,https://www.unimarc.cl/category/frutas-y-verduras/verduras,https://www.unimarc.cl/_next/data/0ucQ92dO_m9T9joH0FjVV/category/frutas-y-verduras/verduras.json?categories=frutas-y-verduras&categories=verduras,2026-02-19T15:52:57
315,Pimentón rojo 1 un,Frutas Y Verduras,1 un,unidad,1690,1690,,False,,$1.690 x unidad,$1.690 x unidad,https://www.unimarc.cl/pimenton-rojo-1-u/p,https://unimarc.vtexassets.com/arquivos/ids/230468/000000000000038283-UN-01.jpg?v=638040578995670000,Frutos secos,Verduras,https://www.unimarc.cl/category/frutas-y-verduras/verduras,https://www.unimarc.cl/_next/data/0ucQ92dO_m9T9joH0FjVV/category/frutas-y-verduras/verduras.json?categories=frutas-y-verduras&categories=verduras,2026-02-19T15:52:57
1418,Zanahoria de jugo bolsa 1 Kg,Frutas Y Verduras,1 un,Kg,1190,1190,,False,,$1.190 x Kg,$1.190 x Kg,https://www.unimarc.cl/zanahoria-jugo-bolsa-1-kg/p,https://unimarc.vtexassets.com/arquivos/ids/230550/000000000000648946-UN-01.jpg?v=638041200407800000,Frutos secos,Verduras,https://www.unimarc.cl/category/frutas-y-verduras/verduras,https://www.unimarc.cl/_next/data/0ucQ92dO_m9T9joH0FjVV/category/frutas-y-verduras/verduras.json?categories=frutas-y-verduras&categories=verduras,2026-02-19T15:52:57
279,Palta hass granel 500 g,Frutas Y Verduras,500 g,Kg,2995,2995,,False,,$5.990 x Kg,$5.990 x Kg,https://www.unimarc.cl/palta-hass-1-kg-6-u-aprox/p,https://unimarc.vtexassets.com/arquivos/ids/231109/000000000000038037-KG-01.jpg?v=638054307680300000,Frutos secos,Verduras,https://www.unimarc.cl/category/frutas-y-verduras/verduras,https://www.unimarc.cl/_next/data/0ucQ92dO_m9T9joH0FjVV/category/frutas-y-verduras/verduras.json?categories=frutas-y-verduras&categories=verduras,2026-02-19T15:52:57
302,Cilantro 1 un,Frutas Y Verduras,1 un,unidad,950,950,,False,,$950 x unidad,$950 x unidad,https://www.unimarc.cl/cilantro-1-un/p,https://unimarc.vtexassets.com/arquivos/ids/230462/000000000000038241-UN-01.jpg?v=638040543364170000,Frutos secos,Verduras,https://www.unimarc.cl/category/frutas-y-verduras/verduras,https://www.unimarc.cl/_next/data/0ucQ92dO_m9T9joH0FjVV/category/frutas-y-verduras/verduras.json?categories=frutas-y-verduras&categories=verduras,2026-02-19T15:52:57
328,Zapallo Italiano 1 un,Frutas Y Verduras,1 un,unidad,790,790,,False,,$790 x unidad,$790 x unidad,https://www.unimarc.cl/zapallo-italiano-1-u/p,https://unimarc.vtexassets.com/arquivos/ids/229818/000000000000038334-UN-01.jpg?v=638018012306870000,Frutos secos,Verduras,https://www.unimarc.cl/category/frutas-y-verduras/verduras,https://www.unimarc.cl/_next/data/0ucQ92dO_m9T9joH0FjVV/category/frutas-y-verduras/verduras.json?categories=frutas-y-verduras&categories=verduras,2026-02-19T15:52:57
1724,Cebollín bolsa 3 un,Frutas Y Verduras,1 un,unidad,940,940,,False,,$313 x unidad,$313 x unidad,https://www.unimarc.cl/cebollin-bolsa-3-un/p,https://unimarc.vtexassets.com/arquivos/ids/222549/000000000000986835-UN-01.jpg?v=637758073004430000,Frutos secos,Verduras,https://www.unimarc.cl/category/frutas-y-verduras/verduras,https://www.unimarc.cl/_next/data/0ucQ92dO_m9T9joH0FjVV/category/frutas-y-verduras/verduras.json?categories=frutas-y-verduras&categories=verduras,2026-02-19T15:52:57
1533,Lechuga Española hidropónica 1 un,Frutas Y Verduras,1 un,unidad,1590,1590,,False,,$1.590 x unidad,$1.590 x unidad,https://www.unimarc.cl/lechuga-espanola-1-u/p,https://unimarc.vtexassets.com/arquivos/ids/230560/000000000000756741-UN-01.jpg?v=638041207933200000,Frutos secos,Verduras,https://www.unimarc.cl/category/frutas-y-verduras/verduras,https://www.unimarc.cl/_next/data/0ucQ92dO_m9T9joH0FjVV/category/frutas-y-verduras/verduras.json?categories=frutas-y-verduras&categories=verduras,2026-02-19T15:52:57
449,Ajo malla 3 un,Agrouno,1 un,unidad,1090,1090,,False,,$363 x unidad,$363 x unidad,https://www.unimarc.cl/ajo-malla-3-unidades/p,https://unimarc.vtexassets.com/arquivos/ids/230483/000000000000058852-UN-01.jpg?v=638040588232800000,Frutos secos,Verduras,https://www.unimarc.cl/category/frutas-y-verduras/verduras,https://www.unimarc.cl/_next/data/0ucQ92dO_m9T9joH0FjVV/category/frutas-y-verduras/verduras.json?categories=frutas-y-verduras&categories=verduras,2026-02-19T15:52:57
319,Pimentón verde 1 un Pimenton Verde 1 U,Frutas Y Verduras,1 un,unidad,950,950,,False,,$950 x unidad,$950 x unidad,https://www.unimarc.cl/pimenton-verde-1-u/p,https://unimarc.vtexassets.com/arquivos/ids/230470/000000000000038289-UN-01.jpg?v=638040580157200000,Frutos secos,Verduras,https://www.unimarc.cl/category/frutas-y-verduras/verduras,https://www.unimarc.cl/_next/data/0ucQ92dO_m9T9joH0FjVV/category/frutas-y-verduras/verduras.json?categories=frutas-y-verduras&categories=verduras,2026-02-19T15:52:57
292,Albahaca bolsa 100 g,Frutas Y Verduras,1 un,Kg,1351,1590,1351,True,Ahorras $239,$13.510 x Kg,$15.900 x Kg,https://www.unimarc.cl/albahaca-bolsa-200-g/p,https://unimarc.vtexassets.com/arquivos/ids/222557/000000000000038185-UN-01.jpg?v=637758082888230000,Frutos secos,Verduras,https://www.unimarc.cl/category/frutas-y-verduras/verduras,https://www.unimarc.cl/_next/data/0ucQ92dO_m9T9joH0FjVV/category/frutas-y-verduras/verduras.json?categories=frutas-y-verduras&categories=verduras,2026-02-19T15:52:57
1122,Limón granel 500 g,Frutas Y Verduras,500 g,Kg,995,995,,False,,$1.990 x Kg,$1.990 x Kg,https://www.unimarc.cl/limon-granel-1-kg/p,https://unimarc.vtexassets.com/arquivos/ids/231145/000000000000553212-KG-01.jpg?v=638054329107270000,Frutos secos,Verduras,https://www.unimarc.cl/category/frutas-y-verduras/verduras,https://www.unimarc.cl/_next/data/0ucQ92dO_m9T9joH0FjVV/category/frutas-y-verduras/verduras.json?categories=frutas-y-verduras&categories=verduras,2026-02-19T15:52:57
294,Apio mata 1 un,Frutas Y Verduras,1 un,unidad,1390,1390,,False,,$1.390 x unidad,$1.390 x unidad,https://www.unimarc.cl/apio-mata-1-u/p,https://unimarc.vtexassets.com/arquivos/ids/162170/Apio-Mata-1-u.jpg?v=636486730965000000,Frutos secos,Verduras,https://www.unimarc.cl/category/frutas-y-verduras/verduras,https://www.unimarc.cl/_next/data/0ucQ92dO_m9T9joH0FjVV/category/frutas-y-verduras/verduras.json?categories=frutas-y-verduras&categories=verduras,2026-02-19T15:52:57
496,Cebollas granel 500 g,Frutas Y Verduras,500 g,Kg,775,775,,False,,$1.550 x Kg,$1.550 x Kg,https://www.unimarc.cl/cebolla-granel-kg/p,https://unimarc.vtexassets.com/arquivos/ids/231131/000000000000132821-KG-01.jpg?v=638054320445100000,Frutos secos,Verduras,https://www.unimarc.cl/category/frutas-y-verduras/verduras,https://www.unimarc.cl/_next/data/0ucQ92dO_m9T9joH0FjVV/category/frutas-y-verduras/verduras.json?categories=frutas-y-verduras&categories=verduras,2026-02-19T15:52:57
290,Acelga nacional 1 un,Frutas Y Verduras,1 un,unidad,1590,1590,,False,,$1.590 x unidad,$1.590 x unidad,https://www.unimarc.cl/acelga-nacional-unidad/p,https://unimarc.vtexassets.com/arquivos/ids/162169/Acelga-nacional-unidad.jpg?v=636486730928300000,Frutos secos,Verduras,https://www.unimarc.cl/category/frutas-y-verduras/verduras,https://www.unimarc.cl/_next/data/0ucQ92dO_m9T9joH0FjVV/category/frutas-y-verduras/verduras.json?categories=frutas-y-verduras&categories=verduras,2026-02-19T15:52:57
341,Betarraga bolsa 5 un,Indust. Agricola,1 un,unidad,1490,1490,,False,,$298 x unidad,$298 x unidad,https://www.unimarc.cl/betarraga-bolsa/p,https://unimarc.vtexassets.com/arquivos/ids/175373/38632.jpg?v=636656930853070000,Frutos secos,Verduras,https://www.unimarc.cl/category/frutas-y-verduras/verduras,https://www.unimarc.cl/_next/data/0ucQ92dO_m9T9joH0FjVV/category/frutas-y-verduras/verduras.json?categories=frutas-y-verduras&categories=verduras,2026-02-19T15:52:57
1092,Papas granel 500 g,Frutas Y Verduras,500 g,Kg,695,695,,False,,$1.390 x Kg,$1.390 x Kg,https://www.unimarc.cl/papa-granel-kg/p,https://unimarc.vtexassets.com/arquivos/ids/231142/000000000000544317-KG-01.jpg?v=638054327555400000,Frutos secos,Verduras,https://www.unimarc.cl/category/frutas-y-verduras/verduras,https://www.unimarc.cl/_next/data/0ucQ92dO_m9T9joH0FjVV/category/frutas-y-verduras/verduras.json?categories=frutas-y-verduras&categories=verduras,2026-02-19T15:52:57
75814,Tomate cocktail colores 500 g,Frutas Y Verduras,500 g,Kg,3245,3245,,False,,$6.490 x Kg,$6.490 x Kg,https://www.unimarc.cl/tomate-cocktail-colores-kg/p,https://unimarc.vtexassets.com/arquivos/ids/230553/000000000000650272-KG-01.jpg?v=638041202231000000,Frutos secos,Verduras,https://www.unimarc.cl/category/frutas-y-verduras/verduras,https://www.unimarc.cl/_next/data/0ucQ92dO_m9T9joH0FjVV/category/frutas-y-verduras/verduras.json?categories=frutas-y-verduras&categories=verduras,2026-02-19T15:52:57
1426,Zapallo camote envasado 700 g,Frutas Y Verduras,1 un,Kg,1990,1990,,False,,$2.843 x Kg,$2.843 x Kg,https://www.unimarc.cl/zapallo-camote-envasado-nacional-700-gr/p,https://unimarc.vtexassets.com/arquivos/ids/229906/000000000000656372-UN-01.jpg?v=638018742405200000,Frutos secos,Verduras,https://www.unimarc.cl/category/frutas-y-verduras/verduras,https://www.unimarc.cl/_next/data/0ucQ92dO_m9T9joH0FjVV/category/frutas-y-verduras/verduras.json?categories=frutas-y-verduras&categories=verduras,2026-02-19T15:52:57
321,Repollo crespo envasado 1 un,Frutas Y Verduras,1 un,unidad,1590,1590,,False,,$1.590 x unidad,$1.590 x unidad,https://www.unimarc.cl/repollo-crespo-envasado-1-unidad/p,https://unimarc.vtexassets.com/arquivos/ids/230472/000000000000038306-UN-01.jpg?v=638040581527130000,Frutos secos,Verduras,https://www.unimarc.cl/category/frutas-y-verduras/verduras,https://www.unimarc.cl/_next/data/0ucQ92dO_m9T9joH0FjVV/category/frutas-y-verduras/verduras.json?categories=frutas-y-verduras&categories=verduras,2026-02-19T15:52:57
13873,Espinaca bolsa 500 g,Frutas Y Verduras,1 un,Kg,1650,1650,,False,,$3.300 x Kg,$3.300 x Kg,https://www.unimarc.cl/espinaca-bolsa-500-gr/p,https://unimarc.vtexassets.com/arquivos/ids/230519/000000000000564405-UN-01.jpg?v=638041179986030000,Frutos secos,Verduras,https://www.unimarc.cl/category/frutas-y-verduras/verduras,https://www.unimarc.cl/_next/data/0ucQ92dO_m9T9joH0FjVV/category/frutas-y-verduras/verduras.json?categories=frutas-y-verduras&categories=verduras,2026-02-19T15:52:57
300,Cebolla morada malla 1 Kg,Frutas Y Verduras,1 un,Kg,1990,1990,,False,,$1.990 x Kg,$1.990 x Kg,https://www.unimarc.cl/cebolla-morada-4-a-5-u-malla-1-k/p,https://unimarc.vtexassets.com/arquivos/ids/230460/000000000000038231-UN-01.jpg?v=638040542278100000,Frutos secos,Verduras,https://www.unimarc.cl/category/frutas-y-verduras/verduras,https://www.unimarc.cl/_next/data/0ucQ92dO_m9T9joH0FjVV/category/frutas-y-verduras/verduras.json?categories=frutas-y-verduras&categories=verduras,2026-02-19T15:52:57
3597,Ciboulette 1 un,Agrosano,1 un,Kg,750,750,,False,,$37.500 x Kg,$37.500 x Kg,https://www.unimarc.cl/ciboulette-estuche-20-grs/p,https://unimarc.vtexassets.com/arquivos/ids/222556/000000000000062503-UN-01.jpg?v=637758080409830000,Frutos secos,Verduras,https://www.unimarc.cl/category/frutas-y-verduras/verduras,https://www.unimarc.cl/_next/data/0ucQ92dO_m9T9joH0FjVV/category/frutas-y-verduras/verduras.json?categories=frutas-y-verduras&categories=verduras,2026-02-19T15:52:57
331,Zapallo entero 1 un,Frutas Y Verduras,1 un,unidad,3390,3390,,False,,$3.390 x unidad,$3.390 x unidad,https://www.unimarc.cl/zapallo-entero-1-u/p,https://unimarc.vtexassets.com/arquivos/ids/230476/000000000000038372-UN-01.jpg?v=638040583744030000,Frutos secos,Verduras,https://www.unimarc.cl/category/frutas-y-verduras/verduras,https://www.unimarc.cl/_next/data/0ucQ92dO_m9T9joH0FjVV/category/frutas-y-verduras/verduras.json?categories=frutas-y-verduras&categories=verduras,2026-02-19T15:52:57
159,Ají verde granel 250 g,Frutas Y Verduras,250 g,Kg,1373,1373,,False,,$5.490 x Kg,$5.490 x Kg,https://www.unimarc.cl/aji-verde-granel-kg/p,https://unimarc.vtexassets.com/arquivos/ids/231102/000000000000023243-KG-01.jpg?v=638054303805270000,Frutos secos,Verduras,https://www.unimarc.cl/category/frutas-y-verduras/verduras,https://www.unimarc.cl/_next/data/0ucQ92dO_m9T9joH0FjVV/category/frutas-y-verduras/verduras.json?categories=frutas-y-verduras&categories=verduras,2026-02-19T15:52:57
303,Coliflor 1 un,Frutas Y Verduras,1 un,unidad,1690,1690,,False,,$1.690 x unidad,$1.690 x unidad,https://www.unimarc.cl/coliflor-envase-1-unidad/p,https://unimarc.vtexassets.com/arquivos/ids/162176/Coliflor-Envase-1-Unidad.jpg?v=636486731070030000,Frutos secos,Verduras,https://www.unimarc.cl/category/frutas-y-verduras/verduras,https://www.unimarc.cl/_next/data/0ucQ92dO_m9T9joH0FjVV/category/frutas-y-verduras/verduras.json?categories=frutas-y-verduras&categories=verduras,2026-02-19T15:52:57
81828,Limón sutil 500 g,Frutas Y Verduras,1 un,Kg,2150,2150,,False,,$4.300 x Kg,$4.300 x Kg,https://www.unimarc.cl/limon-sutil-500-gr/p,https://unimarc.vtexassets.com/arquivos/ids/229915/000000000000539883-UN-01.jpg?v=638018763455170000,Frutos secos,Verduras,https://www.unimarc.cl/category/frutas-y-verduras/verduras,https://www.unimarc.cl/_next/data/0ucQ92dO_m9T9joH0FjVV/category/frutas-y-verduras/verduras.json?categories=frutas-y-verduras&categories=verduras,2026-02-19T15:52:57
9670,Apio ensalada feria 1 un,Punto Azul,1 un,unidad,990,1550,990,True,Ahorras $560,$990 x unidad,$1.550 x unidad,https://www.unimarc.cl/apio-punto-azul-sin-plasticos-1-un/p,https://unimarc.vtexassets.com/arquivos/ids/226215/000000000000580334-UN-01.jpg?v=637872914777230000,Frutos secos,Verduras,https://www.unimarc.cl/category/frutas-y-verduras/verduras,https://www.unimarc.cl/_next/data/0ucQ92dO_m9T9joH0FjVV/category/frutas-y-verduras/verduras.json?categories=frutas-y-verduras&categories=verduras,2026-02-19T15:52:57
3450,Perejil atado 120 g,Frutas Y Verduras,1 un,unidad,650,650,,False,,$650 x unidad,$650 x unidad,https://www.unimarc.cl/perejil-und/p,https://unimarc.vtexassets.com/arquivos/ids/229816/000000000000038281-UN-01.jpg?v=638018011142270000,Frutos secos,Verduras,https://www.unimarc.cl/category/frutas-y-verduras/verduras,https://www.unimarc.cl/_next/data/0ucQ92dO_m9T9joH0FjVV/category/frutas-y-verduras/verduras.json?categories=frutas-y-verduras&categories=verduras,2026-02-19T15:52:57
297,Camote dulce granel 500 g,Frutas Y Verduras,500 g,Kg,1445,1445,,False,,$2.890 x Kg,$2.890 x Kg,https://www.unimarc.cl/camote-dulce-granel/p,https://unimarc.vtexassets.com/arquivos/ids/231121/000000000000038215-KG-01.jpg?v=638054314692370000,Frutos secos,Verduras,https://www.unimarc.cl/category/frutas-y-verduras/verduras,https://www.unimarc.cl/_next/data/0ucQ92dO_m9T9joH0FjVV/category/frutas-y-verduras/verduras.json?categories=frutas-y-verduras&categories=verduras,2026-02-19T15:52:57
81778,Repollo feria 1 un,Frutas Y Verduras,1 un,unidad,990,1390,990,True,Ahorras $400,$990 x unidad,$1.390 x unidad,https://www.unimarc.cl/repollo-feria-un/p,https://unimarc.vtexassets.com/arquivos/ids/226520/000000000000580345-UN-01.jpg?v=637883313729200000,Frutos secos,Verduras,https://www.unimarc.cl/category/frutas-y-verduras/verduras,https://www.unimarc.cl/_next/data/0ucQ92dO_m9T9joH0FjVV/category/frutas-y-verduras/verduras.json?categories=frutas-y-verduras&categories=verduras,2026-02-19T15:52:57
454,Tomate romanita pote 10 un aprox,Romanita,1 un,Kg,3490,3490,,False,,$10.265 x Kg,$10.265 x Kg,https://www.unimarc.cl/tomate-romanita-nacional-pote/p,https://unimarc.vtexassets.com/arquivos/ids/230485/000000000000060056-UN-01.jpg?v=638040589813900000,Frutos secos,Verduras,https://www.unimarc.cl/category/frutas-y-verduras/verduras,https://www.unimarc.cl/_next/data/0ucQ92dO_m9T9joH0FjVV/category/frutas-y-verduras/verduras.json?categories=frutas-y-verduras&categories=verduras,2026-02-19T15:52:57
87625,Espinaca Cuatro Estaciones 200 g,Cuatro Estaciones,1 un,Kg,1650,1650,,False,,$8.250 x Kg,$8.250 x Kg,https://www.unimarc.cl/espinaca-ensalada-cuatro-estaciones-200g/p,https://unimarc.vtexassets.com/arquivos/ids/242930/000000000000669445-UN-01.jpg?v=638566722395600000,Frutos secos,Verduras,https://www.unimarc.cl/category/frutas-y-verduras/verduras,https://www.unimarc.cl/_next/data/0ucQ92dO_m9T9joH0FjVV/category/frutas-y-verduras/verduras.json?categories=frutas-y-verduras&categories=verduras,2026-02-19T15:52:57
316,Pimentón amarillo 1 un,Frutas Y Verduras,1 un,unidad,1790,1790,,False,,$1.790 x unidad,$1.790 x unidad,https://www.unimarc.cl/pimenton-color-1-un/p,https://unimarc.vtexassets.com/arquivos/ids/230469/000000000000038285-UN-01.jpg?v=638040579482030000,Frutos secos,Verduras,https://www.unimarc.cl/category/frutas-y-verduras/verduras,https://www.unimarc.cl/_next/data/0ucQ92dO_m9T9joH0FjVV/category/frutas-y-verduras/verduras.json?categories=frutas-y-verduras&categories=verduras,2026-02-19T15:52:57
333,Cebolla malla 3 un aprox,Frutas Y Verduras,1 un,unidad,1750,1750,,False,,$583 x unidad,$583 x unidad,https://www.unimarc.cl/cebolla-malla-3u-aprox/p,https://unimarc.vtexassets.com/arquivos/ids/186486/frontal-2688.jpg?v=637013091375230000,Frutos secos,Verduras,https://www.unimarc.cl/category/frutas-y-verduras/verduras,https://www.unimarc.cl/_next/data/0ucQ92dO_m9T9joH0FjVV/category/frutas-y-verduras/verduras.json?categories=frutas-y-verduras&categories=verduras,2026-02-19T15:52:57
1261,Lechuga costina Dole 2 un,Frutas Y Verduras,1 un,unidad,2490,2490,,False,,$1.245 x unidad,$1.245 x unidad,https://www.unimarc.cl/lechuga-costina-dole-2-und/p,https://unimarc.vtexassets.com/arquivos/ids/231384/000000000000607817-UN-01.jpg?v=638065402847730000,Frutos secos,Verduras,https://www.unimarc.cl/category/frutas-y-verduras/verduras,https://www.unimarc.cl/_next/data/0ucQ92dO_m9T9joH0FjVV/category/frutas-y-verduras/verduras.json?categories=frutas-y-verduras&categories=verduras,2026-02-19T15:52:57
312,Papas pequeñas malla 2 Kg,Frutas Y Verduras,1 un,Kg,2390,2390,,False,,$1.195 x Kg,$1.195 x Kg,https://www.unimarc.cl/papas-semillon-malla-2-kg/p,https://unimarc.vtexassets.com/arquivos/ids/162192/Papas-semillon-malla-2-Kg.jpg?v=636486731306230000,Frutos secos,Verduras,https://www.unimarc.cl/category/frutas-y-verduras/verduras,https://www.unimarc.cl/_next/data/0ucQ92dO_m9T9joH0FjVV/category/frutas-y-verduras/verduras.json?categories=frutas-y-verduras&categories=verduras,2026-02-19T15:52:57
299,Cebolla morada granel 500 g,Frutas Y Verduras,500 g,Kg,995,995,,False,,$1.990 x Kg,$1.990 x Kg,https://www.unimarc.cl/cebolla-morada-granel-kilo/p,https://unimarc.vtexassets.com/arquivos/ids/231122/000000000000038230-KG-01.jpg?v=638054315169330000,Frutos secos,Verduras,https://www.unimarc.cl/category/frutas-y-verduras/verduras,https://www.unimarc.cl/_next/data/0ucQ92dO_m9T9joH0FjVV/category/frutas-y-verduras/verduras.json?categories=frutas-y-verduras&categories=verduras,2026-02-19T15:52:57
322,Repollo morado nacional 1 un,Frutas Y Verduras,1 un,unidad,1590,1590,,False,,$1.590 x unidad,$1.590 x unidad,https://www.unimarc.cl/repollo-morado-nacional-unidad/p,https://unimarc.vtexassets.com/arquivos/ids/230473/000000000000038308-UN-01.jpg?v=638040582037900000,Frutos secos,Verduras,https://www.unimarc.cl/category/frutas-y-verduras/verduras,https://www.unimarc.cl/_next/data/0ucQ92dO_m9T9joH0FjVV/category/frutas-y-verduras/verduras.json?page=2&categories=frutas-y-verduras&categories=verduras,2026-02-19T15:53:01
494,Apio corazón Dole 2 un,Frutas Y Verduras,1 un,unidad,2990,2990,,False,,$1.495 x unidad,$1.495 x unidad,https://www.unimarc.cl/apio-corazon-dole-2-un/p,https://unimarc.vtexassets.com/arquivos/ids/213611/000000000000131727-UN-01.jpg?v=637546936936200000,Frutos secos,Verduras,https://www.unimarc.cl/category/frutas-y-verduras/verduras,https://www.unimarc.cl/_next/data/0ucQ92dO_m9T9joH0FjVV/category/frutas-y-verduras/verduras.json?page=2&categories=frutas-y-verduras&categories=verduras,2026-02-19T15:53:01
84741,Ensalada toscana Cuatro Estaciones bolsa 300 g,Cuatro Estaciones,1 un,Kg,1750,1750,,False,,$5.833 x Kg,$5.833 x Kg,https://www.unimarc.cl/ensalada-toscana-cuatro-estaciones-300g/p,https://unimarc.vtexassets.com/arquivos/ids/234308/000000000000663397-UN-01.jpg?v=638243399844670000,Frutos secos,Verduras,https://www.unimarc.cl/category/frutas-y-verduras/verduras,https://www.unimarc.cl/_next/data/0ucQ92dO_m9T9joH0FjVV/category/frutas-y-verduras/verduras.json?page=2&categories=frutas-y-verduras&categories=verduras,2026-02-19T15:53:01
307,Jengibre bandeja 100 g,Frutas Y Verduras,1 un,Kg,1590,1590,,False,,$15.900 x Kg,$15.900 x Kg,https://www.unimarc.cl/jengibre-bandeja-100-g/p,https://unimarc.vtexassets.com/arquivos/ids/229813/000000000000038259-UN-01.jpg?v=638017921438400000,Frutos secos,Verduras,https://www.unimarc.cl/category/frutas-y-verduras/verduras,https://www.unimarc.cl/_next/data/0ucQ92dO_m9T9joH0FjVV/category/frutas-y-verduras/verduras.json?page=2&categories=frutas-y-verduras&categories=verduras,2026-02-19T15:53:01
295,Berenjena 1 un,Frutas Y Verduras,1 un,unidad,790,790,,False,,$790 x unidad,$790 x unidad,https://www.unimarc.cl/berenjena-granel-1-u/p,https://unimarc.vtexassets.com/arquivos/ids/230457/000000000000038200-UN-01.jpg?v=638040535946570000,Frutos secos,Verduras,https://www.unimarc.cl/category/frutas-y-verduras/verduras,https://www.unimarc.cl/_next/data/0ucQ92dO_m9T9joH0FjVV/category/frutas-y-verduras/verduras.json?page=2&categories=frutas-y-verduras&categories=verduras,2026-02-19T15:53:01
311,Papas malla 5 Kg,Frutas Y Verduras,1 un,Kg,5690,5690,,False,,$1.138 x Kg,$1.138 x Kg,https://www.unimarc.cl/papas-malla-5-kg/p,https://unimarc.vtexassets.com/arquivos/ids/233396/000000000000038275-UN-01.jpg?v=638200193550070000,Frutos secos,Verduras,https://www.unimarc.cl/category/frutas-y-verduras/verduras,https://www.unimarc.cl/_next/data/0ucQ92dO_m9T9joH0FjVV/category/frutas-y-verduras/verduras.json?page=2&categories=frutas-y-verduras&categories=verduras,2026-02-19T15:53:01
78248,Tomate regy Agrícola Ramos 300 g,Agricola Ramos,1 un,Kg,1990,1990,,False,,$6.633 x Kg,$6.633 x Kg,https://www.unimarc.cl/tomate-regy-agricola-ramos-300-gr/p,https://unimarc.vtexassets.com/arquivos/ids/218776/000000000000651906-UN-01.jpg?v=637644784547370000,Frutos secos,Verduras,https://www.unimarc.cl/category/frutas-y-verduras/verduras,https://www.unimarc.cl/_next/data/0ucQ92dO_m9T9joH0FjVV/category/frutas-y-verduras/verduras.json?page=2&categories=frutas-y-verduras&categories=verduras,2026-02-19T15:53:01
69699,Papa mix Huertos del Ranco 650 g,Huertos Del Ranco,1 un,Kg,1690,1690,,False,,$2.600 x Kg,$2.600 x Kg,https://www.unimarc.cl/papa-mix-huertos-del-ranco-650-gr/p,https://unimarc.vtexassets.com/arquivos/ids/230541/000000000000645332-UN-01.jpg?v=638041194829300000,Frutos secos,Verduras,https://www.unimarc.cl/category/frutas-y-verduras/verduras,https://www.unimarc.cl/_next/data/0ucQ92dO_m9T9joH0FjVV/category/frutas-y-verduras/verduras.json?page=2&categories=frutas-y-verduras&categories=verduras,2026-02-19T15:53:01
45942,Menta fresca Jardín Secreto estuche 30 g,Frutas Y Verduras,1 un,Kg,990,990,,False,,$33.000 x Kg,$33.000 x Kg,https://www.unimarc.cl/menta-estuche-jardin-secreto-30-gr/p,https://unimarc.vtexassets.com/arquivos/ids/230521/000000000000585603-UN-01.jpg?v=638041181553200000,Frutos secos,Verduras,https://www.unimarc.cl/category/frutas-y-verduras/verduras,https://www.unimarc.cl/_next/data/0ucQ92dO_m9T9joH0FjVV/category/frutas-y-verduras/verduras.json?page=2&categories=frutas-y-verduras&categories=verduras,2026-02-19T15:53:01
853,Mix hojas verdes surtido Freshcut bandeja 150 g,Frutas Y Verduras,1 un,Kg,2290,2290,,False,,$15.267 x Kg,$15.267 x Kg,https://www.unimarc.cl/mix-surtido-pote-valle-central-150-gr/p,https://unimarc.vtexassets.com/arquivos/ids/230498/000000000000205001-UN-01.jpg?v=638040602016700000,Frutos secos,Verduras,https://www.unimarc.cl/category/frutas-y-verduras/verduras,https://www.unimarc.cl/_next/data/0ucQ92dO_m9T9joH0FjVV/category/frutas-y-verduras/verduras.json?page=2&categories=frutas-y-verduras&categories=verduras,2026-02-19T15:53:01
10829,Rúcula bolsa 200 g,Frutas Y Verduras,1 un,Kg,1690,1690,,False,,$8.450 x Kg,$8.450 x Kg,https://www.unimarc.cl/rucula-bolsa-200-gr/p,https://unimarc.vtexassets.com/arquivos/ids/213629/000000000000038309-UN-01.jpg?v=637546950961770000,Frutos secos,Verduras,https://www.unimarc.cl/category/frutas-y-verduras/verduras,https://www.unimarc.cl/_next/data/0ucQ92dO_m9T9joH0FjVV/category/frutas-y-verduras/verduras.json?page=2&categories=frutas-y-verduras&categories=verduras,2026-02-19T15:53:01
9912,Tomate Triple Tasty pack 500 g,Triple Tasty Pack,1 un,Kg,4390,4390,,False,,$8.780 x Kg,$8.780 x Kg,https://www.unimarc.cl/tomate-triple-tasty-3-variedades-500-g/p,https://unimarc.vtexassets.com/arquivos/ids/230516/000000000000540007-UN-01.jpg?v=638041176532370000,Frutos secos,Verduras,https://www.unimarc.cl/category/frutas-y-verduras/verduras,https://www.unimarc.cl/_next/data/0ucQ92dO_m9T9joH0FjVV/category/frutas-y-verduras/verduras.json?page=2&categories=frutas-y-verduras&categories=verduras,2026-02-19T15:53:01
6951,Tomates racimo tomaval granel 500 g,Frutas Y Verduras,500 g,Kg,1275,1275,,False,,$2.550 x Kg,$2.550 x Kg,https://www.unimarc.cl/tomates-racimo-tomaval-kg-2/p,https://unimarc.vtexassets.com/arquivos/ids/231149/000000000000924183-KG-01.jpg?v=638054331570130000,Frutos secos,Verduras,https://www.unimarc.cl/category/frutas-y-verduras/verduras,https://www.unimarc.cl/_next/data/0ucQ92dO_m9T9joH0FjVV/category/frutas-y-verduras/verduras.json?page=2&categories=frutas-y-verduras&categories=verduras,2026-02-19T15:53:01
35665,Lechuga roble verde Punto azul 1 un,Frutas Y Verduras,1 un,unidad,1590,1590,,False,,$1.590 x unidad,$1.590 x unidad,https://www.unimarc.cl/lechuga-pura-hja-d-roble-vrde-punto-azul/p,https://unimarc.vtexassets.com/arquivos/ids/189111/Lechuga-roble-verde-Punto-azul-1-un-1-12511.jpg?v=637038345971530000,Frutos secos,Verduras,https://www.unimarc.cl/category/frutas-y-verduras/verduras,https://www.unimarc.cl/_next/data/0ucQ92dO_m9T9joH0FjVV/category/frutas-y-verduras/verduras.json?page=2&categories=frutas-y-verduras&categories=verduras,2026-02-19T15:53:01
94981,Lechuga hidropónica lollo bionda Cuatro Estaciones 1 un,Cuatro Estaciones,1 un,unidad,1550,1550,,False,,$1.550 x unidad,$1.550 x unidad,https://www.unimarc.cl/lechuga-hidro-lollo-bionda-cuatro-est-un/p,https://unimarc.vtexassets.com/arquivos/ids/254521/000000000000663402-UN-01.jpg?v=639023616617770000,Frutos secos,Verduras,https://www.unimarc.cl/category/frutas-y-verduras/verduras,https://www.unimarc.cl/_next/data/0ucQ92dO_m9T9joH0FjVV/category/frutas-y-verduras/verduras.json?page=2&categories=frutas-y-verduras&categories=verduras,2026-02-19T15:53:01
42662,Choclo bandeja 2 un,Frutas Y Verduras,1 un,unidad,2450,2450,,False,,$1.225 x unidad,$1.225 x unidad,https://www.unimarc.cl/choclo-bandeja-2-und/p,https://unimarc.vtexassets.com/arquivos/ids/228291/000000000000028462-UN-01.jpg?v=637944521817430000,Frutos secos,Verduras,https://www.unimarc.cl/category/frutas-y-verduras/verduras,https://www.unimarc.cl/_next/data/0ucQ92dO_m9T9joH0FjVV/category/frutas-y-verduras/verduras.json?page=2&categories=frutas-y-verduras&categories=verduras,2026-02-19T15:53:01
314,Pepino alaska 1 un,Frutas Y Verduras,1 un,unidad,1250,1250,,False,,$1.250 x unidad,$1.250 x unidad,https://www.unimarc.cl/pepino-alaska-unidad/p,https://unimarc.vtexassets.com/arquivos/ids/162323/Pepino-alaska-unidad.jpg?v=636486734551730000,Frutos secos,Verduras,https://www.unimarc.cl/category/frutas-y-verduras/verduras,https://www.unimarc.cl/_next/data/0ucQ92dO_m9T9joH0FjVV/category/frutas-y-verduras/verduras.json?page=2&categories=frutas-y-verduras&categories=verduras,2026-02-19T15:53:01
71840,Lechuga de la zona 1 un,Frutas Y Verduras,1 un,unidad,1250,1250,,False,,$1.250 x unidad,$1.250 x unidad,https://www.unimarc.cl/lechuga-de-la-zona-un/p,https://unimarc.vtexassets.com/arquivos/ids/221874/000000000000028468-UN-01.jpg?v=637732975589670000,Frutos secos,Verduras,https://www.unimarc.cl/category/frutas-y-verduras/verduras,https://www.unimarc.cl/_next/data/0ucQ92dO_m9T9joH0FjVV/category/frutas-y-verduras/verduras.json?page=2&categories=frutas-y-verduras&categories=verduras,2026-02-19T15:53:01
14211,Papas baby Huerto del Ranco bolsa 1 K,Huertos Del Ranco,1 un,Kg,2590,2590,,False,,$2.590 x Kg,$2.590 x Kg,https://www.unimarc.cl/papa-baby-bolsa-1kg/p,https://unimarc.vtexassets.com/arquivos/ids/230562/000000000000881625-UN-01.jpg?v=638041209109600000,Frutos secos,Verduras,https://www.unimarc.cl/category/frutas-y-verduras/verduras,https://www.unimarc.cl/_next/data/0ucQ92dO_m9T9joH0FjVV/category/frutas-y-verduras/verduras.json?page=2&categories=frutas-y-verduras&categories=verduras,2026-02-19T15:53:01
304,Diente de dragón bandeja 250 g,Frutas Y Verduras,1 un,Kg,990,990,,False,,$3.960 x Kg,$3.960 x Kg,https://www.unimarc.cl/diente-de-dragon-bandeja-250-g/p,https://unimarc.vtexassets.com/arquivos/ids/229812/000000000000038247-UN-01.jpg?v=638017919045430000,Frutos secos,Verduras,https://www.unimarc.cl/category/frutas-y-verduras/verduras,https://www.unimarc.cl/_next/data/0ucQ92dO_m9T9joH0FjVV/category/frutas-y-verduras/verduras.json?page=2&categories=frutas-y-verduras&categories=verduras,2026-02-19T15:53:01
298,Cebolla Escabechera Malla 2 Kg,Frutas Y Verduras,1 un,Kg,3390,3390,,False,,$1.695 x Kg,$1.695 x Kg,https://www.unimarc.cl/cebolla-escabechera-malla-2-kg/p,https://unimarc.vtexassets.com/arquivos/ids/230459/000000000000038223-UN-01.jpg?v=638040541747300000,Frutos secos,Verduras,https://www.unimarc.cl/category/frutas-y-verduras/verduras,https://www.unimarc.cl/_next/data/0ucQ92dO_m9T9joH0FjVV/category/frutas-y-verduras/verduras.json?page=2&categories=frutas-y-verduras&categories=verduras,2026-02-19T15:53:01
301,Champiñones Laminados Bandeja 200 G.,Frutas Y Verduras,1 un,Kg,1990,1990,,False,,$9.950 x Kg,$9.950 x Kg,https://www.unimarc.cl/champinones-laminados-bandeja-200-g/p,https://unimarc.vtexassets.com/arquivos/ids/230461/000000000000038236-UN-01.jpg?v=638040542897670000,Frutos secos,Verduras,https://www.unimarc.cl/category/frutas-y-verduras/verduras,https://www.unimarc.cl/_next/data/0ucQ92dO_m9T9joH0FjVV/category/frutas-y-verduras/verduras.json?page=2&categories=frutas-y-verduras&categories=verduras,2026-02-19T15:53:01
84740,Ensalada lechuga escarola Cuatro estaciones bolsa 300 g,Cuatro Estaciones,1 un,Kg,1650,1650,,False,,$5.500 x Kg,$5.500 x Kg,https://www.unimarc.cl/ensal-lechuga-escarola-cuatro-estac-300g/p,https://unimarc.vtexassets.com/arquivos/ids/235082/000000000000663396-UN-01.jpg?v=638266710169300000,Frutos secos,Verduras,https://www.unimarc.cl/category/frutas-y-verduras/verduras,https://www.unimarc.cl/_next/data/0ucQ92dO_m9T9joH0FjVV/category/frutas-y-verduras/verduras.json?page=2&categories=frutas-y-verduras&categories=verduras,2026-02-19T15:53:01
9913,Lechuga escarola bandeja 2 un,Frutas Y Verduras,1 un,unidad,2490,2490,,False,,$1.245 x unidad,$1.245 x unidad,https://www.unimarc.cl/lechuga-escarola-bandeja-2-u/p,https://unimarc.vtexassets.com/arquivos/ids/191234/jumbo_vteximg_com_br-Lechuga-escarola-organica-bandeja-2-unid-1-194703.jpg?v=637152212033400000,Frutos secos,Verduras,https://www.unimarc.cl/category/frutas-y-verduras/verduras,https://www.unimarc.cl/_next/data/0ucQ92dO_m9T9joH0FjVV/category/frutas-y-verduras/verduras.json?page=2&categories=frutas-y-verduras&categories=verduras,2026-02-19T15:53:01
84739,Ensalada cuatro estaciones apio bastón 500g,Cuatro Estaciones,1 un,Kg,1990,1990,,False,,$3.980 x Kg,$3.980 x Kg,https://www.unimarc.cl/ensalada-apio-baston-cuatro-estacio-500g/p,https://unimarc.vtexassets.com/arquivos/ids/235575/000000000000663395-UN-01.jpg?v=638302332989000000,Frutos secos,Verduras,https://www.unimarc.cl/category/frutas-y-verduras/verduras,https://www.unimarc.cl/_next/data/0ucQ92dO_m9T9joH0FjVV/category/frutas-y-verduras/verduras.json?page=2&categories=frutas-y-verduras&categories=verduras,2026-02-19T15:53:01
84743,Ensalada zanahoria juliana Cuatro Estaciones 300 g,Cuatro Estaciones,1 un,Kg,1690,1690,,False,,$5.633 x Kg,$5.633 x Kg,https://www.unimarc.cl/ensalada-zanahoria-cuatro-estacion-300g/p,https://unimarc.vtexassets.com/arquivos/ids/236659/000000000000663401-UN-01.jpg?v=638368595426500000,Frutos secos,Verduras,https://www.unimarc.cl/category/frutas-y-verduras/verduras,https://www.unimarc.cl/_next/data/0ucQ92dO_m9T9joH0FjVV/category/frutas-y-verduras/verduras.json?page=2&categories=frutas-y-verduras&categories=verduras,2026-02-19T15:53:01
3447,Choclo dulce nacional 1 un,Frutas Y Verduras,1 un,unidad,890,890,,False,,$890 x unidad,$890 x unidad,https://www.unimarc.cl/choclo-dulce-und/p,https://unimarc.vtexassets.com/arquivos/ids/164869/choclo-dulce-und.jpg?v=636523271845800000,Frutos secos,Verduras,https://www.unimarc.cl/category/frutas-y-verduras/verduras,https://www.unimarc.cl/_next/data/0ucQ92dO_m9T9joH0FjVV/category/frutas-y-verduras/verduras.json?page=2&categories=frutas-y-verduras&categories=verduras,2026-02-19T15:53:01
481,Ají verde bandeja 200 g,El Chanar,1 un,Kg,1890,1890,,False,,$9.450 x Kg,$9.450 x Kg,https://www.unimarc.cl/aji-verde-bandeja-125-g/p,https://unimarc.vtexassets.com/arquivos/ids/229820/000000000000119338-UN-01.jpg?v=638018014296700000,Frutos secos,Verduras,https://www.unimarc.cl/category/frutas-y-verduras/verduras,https://www.unimarc.cl/_next/data/0ucQ92dO_m9T9joH0FjVV/category/frutas-y-verduras/verduras.json?page=2&categories=frutas-y-verduras&categories=verduras,2026-02-19T15:53:01
78249,Tomate whitney Agrícola Ramos 340 g,Agricola Ramos,1 un,Kg,2550,2550,,False,,$7.500 x Kg,$7.500 x Kg,https://www.unimarc.cl/tomate-whitney-agricola-ramos-340-gr/p,https://unimarc.vtexassets.com/arquivos/ids/230558/000000000000651935-UN-01.jpg?v=638041206777830000,Frutos secos,Verduras,https://www.unimarc.cl/category/frutas-y-verduras/verduras,https://www.unimarc.cl/_next/data/0ucQ92dO_m9T9joH0FjVV/category/frutas-y-verduras/verduras.json?page=2&categories=frutas-y-verduras&categories=verduras,2026-02-19T15:53:01
61760,Mix italiano Fresh Cut 150 g,Frutas Y Verduras,1 un,Kg,2190,2190,,False,,$14.600 x Kg,$14.600 x Kg,https://www.unimarc.cl/mix-italiano-fresh-cut-150-gr/p,https://unimarc.vtexassets.com/arquivos/ids/230529/000000000000639901-UN-01.jpg?v=638041186640830000,Frutos secos,Verduras,https://www.unimarc.cl/category/frutas-y-verduras/verduras,https://www.unimarc.cl/_next/data/0ucQ92dO_m9T9joH0FjVV/category/frutas-y-verduras/verduras.json?page=2&categories=frutas-y-verduras&categories=verduras,2026-02-19T15:53:01
92184,Espinaca baby Proverde pote 50 g,Proverde,1 un,Kg,990,990,,False,,$19.800 x Kg,$19.800 x Kg,https://www.unimarc.cl/espinaca-baby-pote-proverde-50-gr/p,https://unimarc.vtexassets.com/arquivos/ids/251044/000000000000684232-UN-01.jpg?v=638918391578770000,Frutos secos,Verduras,https://www.unimarc.cl/category/frutas-y-verduras/verduras,https://www.unimarc.cl/_next/data/0ucQ92dO_m9T9joH0FjVV/category/frutas-y-verduras/verduras.json?page=2&categories=frutas-y-verduras&categories=verduras,2026-02-19T15:53:01
13845,Zapallo 1 un,Frutas Y Verduras,1 un,unidad,3390,3390,,False,,$3.390 x unidad,$3.390 x unidad,https://www.unimarc.cl/zapallo-entero-un/p,https://unimarc.vtexassets.com/arquivos/ids/203383/000000000000505876-UN-01.jpg?v=637389745459200000,Frutos secos,Verduras,https://www.unimarc.cl/category/frutas-y-verduras/verduras,https://www.unimarc.cl/_next/data/0ucQ92dO_m9T9joH0FjVV/category/frutas-y-verduras/verduras.json?page=2&categories=frutas-y-verduras&categories=verduras,2026-02-19T15:53:01
987,Bastón de apio Dole 500 g,Dole,1 un,Kg,2190,2190,,False,,$4.380 x Kg,$4.380 x Kg,https://www.unimarc.cl/baston-de-apio-bolsa-500-g/p,https://unimarc.vtexassets.com/arquivos/ids/213623/000000000000346976-UN-01.jpg?v=637546946485870000,Frutos secos,Verduras,https://www.unimarc.cl/category/frutas-y-verduras/verduras,https://www.unimarc.cl/_next/data/0ucQ92dO_m9T9joH0FjVV/category/frutas-y-verduras/verduras.json?page=2&categories=frutas-y-verduras&categories=verduras,2026-02-19T15:53:01
1026,Champiñon Portobello 200 Gr,Frutas Y Verduras,1 un,Kg,1990,1990,,False,,$9.950 x Kg,$9.950 x Kg,https://www.unimarc.cl/champinon-portobello-200-gr/p,https://unimarc.vtexassets.com/arquivos/ids/230513/000000000000503249-UN-01.jpg?v=638041174455630000,Frutos secos,Verduras,https://www.unimarc.cl/category/frutas-y-verduras/verduras,https://www.unimarc.cl/_next/data/0ucQ92dO_m9T9joH0FjVV/category/frutas-y-verduras/verduras.json?page=2&categories=frutas-y-verduras&categories=verduras,2026-02-19T15:53:01
42757,Ajos display 150 g,Agrouno,1 un,Kg,1390,1390,,False,,$9.267 x Kg,$9.267 x Kg,https://www.unimarc.cl/ajos-display-150-grs/p,https://unimarc.vtexassets.com/arquivos/ids/230456/000000000000038184-UN-01.jpg?v=638040535333130000,Frutos secos,Verduras,https://www.unimarc.cl/category/frutas-y-verduras/verduras,https://www.unimarc.cl/_next/data/0ucQ92dO_m9T9joH0FjVV/category/frutas-y-verduras/verduras.json?page=2&categories=frutas-y-verduras&categories=verduras,2026-02-19T15:53:01
92659,Betarraga cocida Proverde 500 g,Proverde,1 un,Kg,1590,1590,,False,,$3.180 x Kg,$3.180 x Kg,https://www.unimarc.cl/betarraga-cocida-proverde-500-gr/p,https://unimarc.vtexassets.com/arquivos/ids/251605/000000000000686861-UN-01.jpg?v=638947744625630000,Frutos secos,Verduras,https://www.unimarc.cl/category/frutas-y-verduras/verduras,https://www.unimarc.cl/_next/data/0ucQ92dO_m9T9joH0FjVV/category/frutas-y-verduras/verduras.json?page=2&categories=frutas-y-verduras&categories=verduras,2026-02-19T15:53:01
1093,Tomates italianos granel 500 g,Frutas Y Verduras,500 g,Kg,1295,1295,,False,,$2.590 x Kg,$2.590 x Kg,https://www.unimarc.cl/tomates-italianos-granel/p,https://unimarc.vtexassets.com/arquivos/ids/194106/000000000000544320-KG-01.jpg?v=637231002056130000,Frutos secos,Verduras,https://www.unimarc.cl/category/frutas-y-verduras/verduras,https://www.unimarc.cl/_next/data/0ucQ92dO_m9T9joH0FjVV/category/frutas-y-verduras/verduras.json?page=2&categories=frutas-y-verduras&categories=verduras,2026-02-19T15:53:01
16538,Palta edranol malla 1 Kg,Frutas Y Verduras,1 un,Kg,4490,4490,,False,,$4.490 x Kg,$4.490 x Kg,https://www.unimarc.cl/palta-edranol-malla-6u/p,https://unimarc.vtexassets.com/arquivos/ids/222617/000000000000028447-UN-01.jpg?v=637759550971370000,Frutos secos,Verduras,https://www.unimarc.cl/category/frutas-y-verduras/verduras,https://www.unimarc.cl/_next/data/0ucQ92dO_m9T9joH0FjVV/category/frutas-y-verduras/verduras.json?page=2&categories=frutas-y-verduras&categories=verduras,2026-02-19T15:53:01
13603,Puerro baby Agrosano 200 g,Agrosano,1 un,Kg,1790,1790,,False,,$8.950 x Kg,$8.950 x Kg,https://www.unimarc.cl/puerro-baby-200-gr/p,https://unimarc.vtexassets.com/arquivos/ids/211243/000000000000357921-UN-01.jpg?v=637526234765070000,Frutos secos,Verduras,https://www.unimarc.cl/category/frutas-y-verduras/verduras,https://www.unimarc.cl/_next/data/0ucQ92dO_m9T9joH0FjVV/category/frutas-y-verduras/verduras.json?page=2&categories=frutas-y-verduras&categories=verduras,2026-02-19T15:53:01
885,Rúcula Freshcut bandeja 150 g,Frutas Y Verduras,1 un,Kg,2290,2290,,False,,$15.267 x Kg,$15.267 x Kg,https://www.unimarc.cl/rucula-pote-150-gr/p,https://unimarc.vtexassets.com/arquivos/ids/230502/000000000000215707-UN-01.jpg?v=638040604557900000,Frutos secos,Verduras,https://www.unimarc.cl/category/frutas-y-verduras/verduras,https://www.unimarc.cl/_next/data/0ucQ92dO_m9T9joH0FjVV/category/frutas-y-verduras/verduras.json?page=2&categories=frutas-y-verduras&categories=verduras,2026-02-19T15:53:01
84742,Ensalada de repollo Cuatro Estaciones blanco bolsa 300 g,Cuatro Estaciones,1 un,Kg,1690,1690,,False,,$5.633 x Kg,$5.633 x Kg,https://www.unimarc.cl/ensalada-repollo-blanco-cuatro-esta-300g/p,https://unimarc.vtexassets.com/arquivos/ids/234996/000000000000663399-UN-01.jpg?v=638264272975700000,Frutos secos,Verduras,https://www.unimarc.cl/category/frutas-y-verduras/verduras,https://www.unimarc.cl/_next/data/0ucQ92dO_m9T9joH0FjVV/category/frutas-y-verduras/verduras.json?page=2&categories=frutas-y-verduras&categories=verduras,2026-02-19T15:53:01
1633,Tomates beef tomaval granel 500 g,Frutas Y Verduras,500 g,Kg,1245,1245,,False,,$2.490 x Kg,$2.490 x Kg,https://www.unimarc.cl/tomates-beef-tomaval-kg/p,https://unimarc.vtexassets.com/arquivos/ids/231148/000000000000884017-KG-01.jpg?v=638054331120000000,Frutos secos,Verduras,https://www.unimarc.cl/category/frutas-y-verduras/verduras,https://www.unimarc.cl/_next/data/0ucQ92dO_m9T9joH0FjVV/category/frutas-y-verduras/verduras.json?page=2&categories=frutas-y-verduras&categories=verduras,2026-02-19T15:53:01
92183,Rúcula baby Proverde pote 50 g,Proverde,1 un,Kg,990,990,,False,,$19.800 x Kg,$19.800 x Kg,https://www.unimarc.cl/rucula-baby-pote-proverde-50-gr/p,https://unimarc.vtexassets.com/arquivos/ids/251043/000000000000684231-UN-01.jpg?v=638918391576070000,Frutos secos,Verduras,https://www.unimarc.cl/category/frutas-y-verduras/verduras,https://www.unimarc.cl/_next/data/0ucQ92dO_m9T9joH0FjVV/category/frutas-y-verduras/verduras.json?page=2&categories=frutas-y-verduras&categories=verduras,2026-02-19T15:53:01
44693,Champiñón Portobello bandeja 400 g,Frutas Y Verduras,1 un,Kg,3990,3990,,False,,$9.975 x Kg,$9.975 x Kg,https://www.unimarc.cl/champinon-portobello-400-gr/p,https://unimarc.vtexassets.com/arquivos/ids/232884/000000000000503252-UN-01.jpg?v=638176842638770000,Frutos secos,Verduras,https://www.unimarc.cl/category/frutas-y-verduras/verduras,https://www.unimarc.cl/_next/data/0ucQ92dO_m9T9joH0FjVV/category/frutas-y-verduras/verduras.json?page=2&categories=frutas-y-verduras&categories=verduras,2026-02-19T15:53:01
85067,Tomate grape mix colores 500 g,Frutas Y Verduras,1 un,Kg,2990,2990,,False,,$5.980 x Kg,$5.980 x Kg,https://www.unimarc.cl/tomate-grape-mix-colores-500-gr/p,https://unimarc.vtexassets.com/arquivos/ids/235219/000000000000665881-UN-01.jpg?v=638272836390030000,Frutos secos,Verduras,https://www.unimarc.cl/category/frutas-y-verduras/verduras,https://www.unimarc.cl/_next/data/0ucQ92dO_m9T9joH0FjVV/category/frutas-y-verduras/verduras.json?page=2&categories=frutas-y-verduras&categories=verduras,2026-02-19T15:53:01
91208,Ensalada Genial apio zanahoria bolsa 300 g,Genial,1 un,Kg,2590,2590,,False,,$8.633 x Kg,$8.633 x Kg,https://www.unimarc.cl/ensalada-apio-zanahoria-genial-300gr/p,https://unimarc.vtexassets.com/arquivos/ids/249857/000000000000675555-UN-01.jpg?v=638864547426600000,Frutos secos,Verduras,https://www.unimarc.cl/category/frutas-y-verduras/verduras,https://www.unimarc.cl/_next/data/0ucQ92dO_m9T9joH0FjVV/category/frutas-y-verduras/verduras.json?page=2&categories=frutas-y-verduras&categories=verduras,2026-02-19T15:53:01
3455,Zapallo picado bolsa 500 g,Frutas Y Verduras,1 un,Kg,1990,1990,,False,,$3.980 x Kg,$3.980 x Kg,https://www.unimarc.cl/zapallo-picado-bolsa-500-gr/p,https://unimarc.vtexassets.com/arquivos/ids/230480/000000000000038555-UN-01.jpg?v=638040586486170000,Frutos secos,Verduras,https://www.unimarc.cl/category/frutas-y-verduras/verduras,https://www.unimarc.cl/_next/data/0ucQ92dO_m9T9joH0FjVV/category/frutas-y-verduras/verduras.json?page=2&categories=frutas-y-verduras&categories=verduras,2026-02-19T15:53:01
43652,Chapsui col Más Vida bandeja 300 g,Frutas Y Verduras,1 un,Kg,2290,2290,,False,,$7.633 x Kg,$7.633 x Kg,https://www.unimarc.cl/chapsui-col-300-grs-bdja/p,https://unimarc.vtexassets.com/arquivos/ids/230496/000000000000201506-UN-01.jpg?v=638040600632870000,Frutos secos,Verduras,https://www.unimarc.cl/category/frutas-y-verduras/verduras,https://www.unimarc.cl/_next/data/0ucQ92dO_m9T9joH0FjVV/category/frutas-y-verduras/verduras.json?page=2&categories=frutas-y-verduras&categories=verduras,2026-02-19T15:53:01
967,Lechuga costina corazón 3 un,Frutas Y Verduras,1 un,unidad,3290,3290,,False,,$1.097 x unidad,$1.097 x unidad,https://www.unimarc.cl/lechuga-costina-corazon-3-u/p,https://unimarc.vtexassets.com/arquivos/ids/230512/000000000000339989-UN-01.jpg?v=638041173256830000,Frutos secos,Verduras,https://www.unimarc.cl/category/frutas-y-verduras/verduras,https://www.unimarc.cl/_next/data/0ucQ92dO_m9T9joH0FjVV/category/frutas-y-verduras/verduras.json?page=2&categories=frutas-y-verduras&categories=verduras,2026-02-19T15:53:01
45949,Flores comestibles Jardín Secreto estuche 20 g,Jardin Secreto,1 un,Kg,1590,1590,,False,,$79.500 x Kg,$79.500 x Kg,https://www.unimarc.cl/flores-comestibles-jardin-secreto-20-gr/p,https://unimarc.vtexassets.com/arquivos/ids/203399/000000000000585616-UN-01.jpg?v=637389775684500000,Frutos secos,Verduras,https://www.unimarc.cl/category/frutas-y-verduras/verduras,https://www.unimarc.cl/_next/data/0ucQ92dO_m9T9joH0FjVV/category/frutas-y-verduras/verduras.json?page=2&categories=frutas-y-verduras&categories=verduras,2026-02-19T15:53:01
9866,Tomate malla 1 Kg,Frutas Y Verduras,1 un,Kg,1690,1950,1690,True,Ahorras $260,$1.690 x Kg,$1.950 x Kg,https://www.unimarc.cl/tomate-malla-1-kg/p,https://unimarc.vtexassets.com/arquivos/ids/229817/000000000000038313-UN-01.jpg?v=638018011676530000,Frutos secos,Verduras,https://www.unimarc.cl/category/frutas-y-verduras/verduras/verduras,https://www.unimarc.cl/_next/data/0ucQ92dO_m9T9joH0FjVV/category/frutas-y-verduras/verduras/verduras.json?categories=frutas-y-verduras&categories=verduras&categories=verduras,2026-02-19T15:53:11
479,Limón malla 1 Kg,Frutas Y Verduras,1 un,Kg,1990,1990,,False,,$1.990 x Kg,$1.990 x Kg,https://www.unimarc.cl/limon-malla-11-unid-aprox/p,https://unimarc.vtexassets.com/arquivos/ids/230486/000000000000119011-UN-01.jpg?v=638040590386300000,Frutos secos,Verduras,https://www.unimarc.cl/category/frutas-y-verduras/verduras/verduras,https://www.unimarc.cl/_next/data/0ucQ92dO_m9T9joH0FjVV/category/frutas-y-verduras/verduras/verduras.json?categories=frutas-y-verduras&categories=verduras&categories=verduras,2026-02-19T15:53:11
280,Palta hass malla 1 Kg,Frutas Y Verduras,1 un,Kg,3690,3690,,False,,$3.690 x Kg,$3.690 x Kg,https://www.unimarc.cl/palta-hass-malla-1-kg/p,https://unimarc.vtexassets.com/arquivos/ids/162200/Palta-Hass-malla-1-Kg.jpg?v=636486731472500000,Frutos secos,Verduras,https://www.unimarc.cl/category/frutas-y-verduras/verduras/verduras,https://www.unimarc.cl/_next/data/0ucQ92dO_m9T9joH0FjVV/category/frutas-y-verduras/verduras/verduras.json?categories=frutas-y-verduras&categories=verduras&categories=verduras,2026-02-19T15:53:11
324,Tomate larga vida granel 500 g,Frutas Y Verduras,500 g,Kg,845,975,845,True,Ahorras $130,$1.690 x Kg,$1.950 x Kg,https://www.unimarc.cl/tomate-1-kg-5-u-aprox/p,https://unimarc.vtexassets.com/arquivos/ids/231124/000000000000038314-KG-01.jpg?v=638054316183670000,Frutos secos,Verduras,https://www.unimarc.cl/category/frutas-y-verduras/verduras/verduras,https://www.unimarc.cl/_next/data/0ucQ92dO_m9T9joH0FjVV/category/frutas-y-verduras/verduras/verduras.json?categories=frutas-y-verduras&categories=verduras&categories=verduras,2026-02-19T15:53:11
510,Champiñón bandeja 200 g,Frutas Y Verduras,1 un,Kg,1590,1590,,False,,$7.950 x Kg,$7.950 x Kg,https://www.unimarc.cl/champinon-bandeja-nacional-200-g/p,https://unimarc.vtexassets.com/arquivos/ids/232101/000000000000137434-UN.jpg?v=638114873726400000,Frutos secos,Verduras,https://www.unimarc.cl/category/frutas-y-verduras/verduras/verduras,https://www.unimarc.cl/_next/data/0ucQ92dO_m9T9joH0FjVV/category/frutas-y-verduras/verduras/verduras.json?categories=frutas-y-verduras&categories=verduras&categories=verduras,2026-02-19T15:53:11
310,Papas malla 2 Kg,Frutas Y Verduras,1 un,Kg,2390,2390,,False,,$1.195 x Kg,$1.195 x Kg,https://www.unimarc.cl/papas-malla-2-kg/p,https://unimarc.vtexassets.com/arquivos/ids/233398/000000000000038270-UN-01.jpg?v=638200213571600000,Frutos secos,Verduras,https://www.unimarc.cl/category/frutas-y-verduras/verduras/verduras,https://www.unimarc.cl/_next/data/0ucQ92dO_m9T9joH0FjVV/category/frutas-y-verduras/verduras/verduras.json?categories=frutas-y-verduras&categories=verduras&categories=verduras,2026-02-19T15:53:11
1425,Lechuga escarola bolsa 1 un,Frutas Y Verduras,1 un,unidad,1290,1290,,False,,$1.290 x unidad,$1.290 x unidad,https://www.unimarc.cl/lechuga-escarola-bolsa-1-u/p,https://unimarc.vtexassets.com/arquivos/ids/230559/000000000000655589-UN-01.jpg?v=638041207314870000,Frutos secos,Verduras,https://www.unimarc.cl/category/frutas-y-verduras/verduras/verduras,https://www.unimarc.cl/_next/data/0ucQ92dO_m9T9joH0FjVV/category/frutas-y-verduras/verduras/verduras.json?categories=frutas-y-verduras&categories=verduras&categories=verduras,2026-02-19T15:53:11
313,Pepino ensalada 1 un,Frutas Y Verduras,1 un,unidad,720,720,,False,,$720 x unidad,$720 x unidad,https://www.unimarc.cl/pepino-ensalada-1-u/p,https://unimarc.vtexassets.com/arquivos/ids/230467/000000000000038279-UN-01.jpg?v=638040578480970000,Frutos secos,Verduras,https://www.unimarc.cl/category/frutas-y-verduras/verduras/verduras,https://www.unimarc.cl/_next/data/0ucQ92dO_m9T9joH0FjVV/category/frutas-y-verduras/verduras/verduras.json?categories=frutas-y-verduras&categories=verduras&categories=verduras,2026-02-19T15:53:11
1627,Zanahoria bolsa 1 Kg,Frutas Y Verduras,1 un,Kg,1290,1290,,False,,$1.290 x Kg,$1.290 x Kg,https://www.unimarc.cl/zanahoria-bolsa-1-kg-2/p,https://unimarc.vtexassets.com/arquivos/ids/229907/000000000000878890-UN-01.jpg?v=638018743277470000,Frutos secos,Verduras,https://www.unimarc.cl/category/frutas-y-verduras/verduras/verduras,https://www.unimarc.cl/_next/data/0ucQ92dO_m9T9joH0FjVV/category/frutas-y-verduras/verduras/verduras.json?categories=frutas-y-verduras&categories=verduras&categories=verduras,2026-02-19T15:53:11
308,Lechuga costina nacional 1 un,Frutas Y Verduras,1 un,unidad,1290,1290,,False,,$1.290 x unidad,$1.290 x unidad,https://www.unimarc.cl/lechuga-costina-nacional-1-un/p,https://unimarc.vtexassets.com/arquivos/ids/213617/000000000000038260-UN-01.jpg?v=637546941620230000,Frutos secos,Verduras,https://www.unimarc.cl/category/frutas-y-verduras/verduras/verduras,https://www.unimarc.cl/_next/data/0ucQ92dO_m9T9joH0FjVV/category/frutas-y-verduras/verduras/verduras.json?categories=frutas-y-verduras&categories=verduras&categories=verduras,2026-02-19T15:53:11
64379,Palta hass malla 700 g,Frutas Y Verduras,1 un,Kg,2690,2690,,False,,$3.843 x Kg,$3.843 x Kg,https://www.unimarc.cl/palta-hass-malla-700-g/p,https://unimarc.vtexassets.com/arquivos/ids/228044/000000000000265090-UN-01.jpg?v=637932365175670000,Frutos secos,Verduras,https://www.unimarc.cl/category/frutas-y-verduras/verduras/verduras,https://www.unimarc.cl/_next/data/0ucQ92dO_m9T9joH0FjVV/category/frutas-y-verduras/verduras/verduras.json?categories=frutas-y-verduras&categories=verduras&categories=verduras,2026-02-19T15:53:11
296,Brócoli nacional 1 un,Frutas Y Verduras,1 un,unidad,1490,1490,,False,,$1.490 x unidad,$1.490 x unidad,https://www.unimarc.cl/brocoli-nacional-1-u/p,https://unimarc.vtexassets.com/arquivos/ids/230458/000000000000038207-UN-01.jpg?v=638040541161600000,Frutos secos,Verduras,https://www.unimarc.cl/category/frutas-y-verduras/verduras/verduras,https://www.unimarc.cl/_next/data/0ucQ92dO_m9T9joH0FjVV/category/frutas-y-verduras/verduras/verduras.json?categories=frutas-y-verduras&categories=verduras&categories=verduras,2026-02-19T15:53:11
339,Cebolla malla 1 Kg,Frutas Y Verduras,1 un,Kg,1690,1690,,False,,$1.690 x Kg,$1.690 x Kg,https://www.unimarc.cl/cebolla-malla-1-kilo/p,https://unimarc.vtexassets.com/arquivos/ids/230481/000000000000038616-UN-01.jpg?v=638040587013130000,Frutos secos,Verduras,https://www.unimarc.cl/category/frutas-y-verduras/verduras/verduras,https://www.unimarc.cl/_next/data/0ucQ92dO_m9T9joH0FjVV/category/frutas-y-verduras/verduras/verduras.json?categories=frutas-y-verduras&categories=verduras&categories=verduras,2026-02-19T15:53:11
315,Pimentón rojo 1 un,Frutas Y Verduras,1 un,unidad,1690,1690,,False,,$1.690 x unidad,$1.690 x unidad,https://www.unimarc.cl/pimenton-rojo-1-u/p,https://unimarc.vtexassets.com/arquivos/ids/230468/000000000000038283-UN-01.jpg?v=638040578995670000,Frutos secos,Verduras,https://www.unimarc.cl/category/frutas-y-verduras/verduras/verduras,https://www.unimarc.cl/_next/data/0ucQ92dO_m9T9joH0FjVV/category/frutas-y-verduras/verduras/verduras.json?categories=frutas-y-verduras&categories=verduras&categories=verduras,2026-02-19T15:53:11
1418,Zanahoria de jugo bolsa 1 Kg,Frutas Y Verduras,1 un,Kg,1190,1190,,False,,$1.190 x Kg,$1.190 x Kg,https://www.unimarc.cl/zanahoria-jugo-bolsa-1-kg/p,https://unimarc.vtexassets.com/arquivos/ids/230550/000000000000648946-UN-01.jpg?v=638041200407800000,Frutos secos,Verduras,https://www.unimarc.cl/category/frutas-y-verduras/verduras/verduras,https://www.unimarc.cl/_next/data/0ucQ92dO_m9T9joH0FjVV/category/frutas-y-verduras/verduras/verduras.json?categories=frutas-y-verduras&categories=verduras&categories=verduras,2026-02-19T15:53:11
279,Palta hass granel 500 g,Frutas Y Verduras,500 g,Kg,2995,2995,,False,,$5.990 x Kg,$5.990 x Kg,https://www.unimarc.cl/palta-hass-1-kg-6-u-aprox/p,https://unimarc.vtexassets.com/arquivos/ids/231109/000000000000038037-KG-01.jpg?v=638054307680300000,Frutos secos,Verduras,https://www.unimarc.cl/category/frutas-y-verduras/verduras/verduras,https://www.unimarc.cl/_next/data/0ucQ92dO_m9T9joH0FjVV/category/frutas-y-verduras/verduras/verduras.json?categories=frutas-y-verduras&categories=verduras&categories=verduras,2026-02-19T15:53:11
302,Cilantro 1 un,Frutas Y Verduras,1 un,unidad,950,950,,False,,$950 x unidad,$950 x unidad,https://www.unimarc.cl/cilantro-1-un/p,https://unimarc.vtexassets.com/arquivos/ids/230462/000000000000038241-UN-01.jpg?v=638040543364170000,Frutos secos,Verduras,https://www.unimarc.cl/category/frutas-y-verduras/verduras/verduras,https://www.unimarc.cl/_next/data/0ucQ92dO_m9T9joH0FjVV/category/frutas-y-verduras/verduras/verduras.json?categories=frutas-y-verduras&categories=verduras&categories=verduras,2026-02-19T15:53:11
328,Zapallo Italiano 1 un,Frutas Y Verduras,1 un,unidad,790,790,,False,,$790 x unidad,$790 x unidad,https://www.unimarc.cl/zapallo-italiano-1-u/p,https://unimarc.vtexassets.com/arquivos/ids/229818/000000000000038334-UN-01.jpg?v=638018012306870000,Frutos secos,Verduras,https://www.unimarc.cl/category/frutas-y-verduras/verduras/verduras,https://www.unimarc.cl/_next/data/0ucQ92dO_m9T9joH0FjVV/category/frutas-y-verduras/verduras/verduras.json?categories=frutas-y-verduras&categories=verduras&categories=verduras,2026-02-19T15:53:11
1724,Cebollín bolsa 3 un,Frutas Y Verduras,1 un,unidad,940,940,,False,,$313 x unidad,$313 x unidad,https://www.unimarc.cl/cebollin-bolsa-3-un/p,https://unimarc.vtexassets.com/arquivos/ids/222549/000000000000986835-UN-01.jpg?v=637758073004430000,Frutos secos,Verduras,https://www.unimarc.cl/category/frutas-y-verduras/verduras/verduras,https://www.unimarc.cl/_next/data/0ucQ92dO_m9T9joH0FjVV/category/frutas-y-verduras/verduras/verduras.json?categories=frutas-y-verduras&categories=verduras&categories=verduras,2026-02-19T15:53:11
1533,Lechuga Española hidropónica 1 un,Frutas Y Verduras,1 un,unidad,1590,1590,,False,,$1.590 x unidad,$1.590 x unidad,https://www.unimarc.cl/lechuga-espanola-1-u/p,https://unimarc.vtexassets.com/arquivos/ids/230560/000000000000756741-UN-01.jpg?v=638041207933200000,Frutos secos,Verduras,https://www.unimarc.cl/category/frutas-y-verduras/verduras/verduras,https://www.unimarc.cl/_next/data/0ucQ92dO_m9T9joH0FjVV/category/frutas-y-verduras/verduras/verduras.json?categories=frutas-y-verduras&categories=verduras&categories=verduras,2026-02-19T15:53:11
449,Ajo malla 3 un,Agrouno,1 un,unidad,1090,1090,,False,,$363 x unidad,$363 x unidad,https://www.unimarc.cl/ajo-malla-3-unidades/p,https://unimarc.vtexassets.com/arquivos/ids/230483/000000000000058852-UN-01.jpg?v=638040588232800000,Frutos secos,Verduras,https://www.unimarc.cl/category/frutas-y-verduras/verduras/verduras,https://www.unimarc.cl/_next/data/0ucQ92dO_m9T9joH0FjVV/category/frutas-y-verduras/verduras/verduras.json?categories=frutas-y-verduras&categories=verduras&categories=verduras,2026-02-19T15:53:11
319,Pimentón verde 1 un Pimenton Verde 1 U,Frutas Y Verduras,1 un,unidad,950,950,,False,,$950 x unidad,$950 x unidad,https://www.unimarc.cl/pimenton-verde-1-u/p,https://unimarc.vtexassets.com/arquivos/ids/230470/000000000000038289-UN-01.jpg?v=638040580157200000,Frutos secos,Verduras,https://www.unimarc.cl/category/frutas-y-verduras/verduras/verduras,https://www.unimarc.cl/_next/data/0ucQ92dO_m9T9joH0FjVV/category/frutas-y-verduras/verduras/verduras.json?categories=frutas-y-verduras&categories=verduras&categories=verduras,2026-02-19T15:53:11
292,Albahaca bolsa 100 g,Frutas Y Verduras,1 un,Kg,1351,1590,1351,True,Ahorras $239,$13.510 x Kg,$15.900 x Kg,https://www.unimarc.cl/albahaca-bolsa-200-g/p,https://unimarc.vtexassets.com/arquivos/ids/222557/000000000000038185-UN-01.jpg?v=637758082888230000,Frutos secos,Verduras,https://www.unimarc.cl/category/frutas-y-verduras/verduras/verduras,https://www.unimarc.cl/_next/data/0ucQ92dO_m9T9joH0FjVV/category/frutas-y-verduras/verduras/verduras.json?categories=frutas-y-verduras&categories=verduras&categories=verduras,2026-02-19T15:53:11
1122,Limón granel 500 g,Frutas Y Verduras,500 g,Kg,995,995,,False,,$1.990 x Kg,$1.990 x Kg,https://www.unimarc.cl/limon-granel-1-kg/p,https://unimarc.vtexassets.com/arquivos/ids/231145/000000000000553212-KG-01.jpg?v=638054329107270000,Frutos secos,Verduras,https://www.unimarc.cl/category/frutas-y-verduras/verduras/verduras,https://www.unimarc.cl/_next/data/0ucQ92dO_m9T9joH0FjVV/category/frutas-y-verduras/verduras/verduras.json?categories=frutas-y-verduras&categories=verduras&categories=verduras,2026-02-19T15:53:11
294,Apio mata 1 un,Frutas Y Verduras,1 un,unidad,1390,1390,,False,,$1.390 x unidad,$1.390 x unidad,https://www.unimarc.cl/apio-mata-1-u/p,https://unimarc.vtexassets.com/arquivos/ids/162170/Apio-Mata-1-u.jpg?v=636486730965000000,Frutos secos,Verduras,https://www.unimarc.cl/category/frutas-y-verduras/verduras/verduras,https://www.unimarc.cl/_next/data/0ucQ92dO_m9T9joH0FjVV/category/frutas-y-verduras/verduras/verduras.json?categories=frutas-y-verduras&categories=verduras&categories=verduras,2026-02-19T15:53:11
496,Cebollas granel 500 g,Frutas Y Verduras,500 g,Kg,775,775,,False,,$1.550 x Kg,$1.550 x Kg,https://www.unimarc.cl/cebolla-granel-kg/p,https://unimarc.vtexassets.com/arquivos/ids/231131/000000000000132821-KG-01.jpg?v=638054320445100000,Frutos secos,Verduras,https://www.unimarc.cl/category/frutas-y-verduras/verduras/verduras,https://www.unimarc.cl/_next/data/0ucQ92dO_m9T9joH0FjVV/category/frutas-y-verduras/verduras/verduras.json?categories=frutas-y-verduras&categories=verduras&categories=verduras,2026-02-19T15:53:11
290,Acelga nacional 1 un,Frutas Y Verduras,1 un,unidad,1590,1590,,False,,$1.590 x unidad,$1.590 x unidad,https://www.unimarc.cl/acelga-nacional-unidad/p,https://unimarc.vtexassets.com/arquivos/ids/162169/Acelga-nacional-unidad.jpg?v=636486730928300000,Frutos secos,Verduras,https://www.unimarc.cl/category/frutas-y-verduras/verduras/verduras,https://www.unimarc.cl/_next/data/0ucQ92dO_m9T9joH0FjVV/category/frutas-y-verduras/verduras/verduras.json?categories=frutas-y-verduras&categories=verduras&categories=verduras,2026-02-19T15:53:11
341,Betarraga bolsa 5 un,Indust. Agricola,1 un,unidad,1490,1490,,False,,$298 x unidad,$298 x unidad,https://www.unimarc.cl/betarraga-bolsa/p,https://unimarc.vtexassets.com/arquivos/ids/175373/38632.jpg?v=636656930853070000,Frutos secos,Verduras,https://www.unimarc.cl/category/frutas-y-verduras/verduras/verduras,https://www.unimarc.cl/_next/data/0ucQ92dO_m9T9joH0FjVV/category/frutas-y-verduras/verduras/verduras.json?categories=frutas-y-verduras&categories=verduras&categories=verduras,2026-02-19T15:53:11
1092,Papas granel 500 g,Frutas Y Verduras,500 g,Kg,695,695,,False,,$1.390 x Kg,$1.390 x Kg,https://www.unimarc.cl/papa-granel-kg/p,https://unimarc.vtexassets.com/arquivos/ids/231142/000000000000544317-KG-01.jpg?v=638054327555400000,Frutos secos,Verduras,https://www.unimarc.cl/category/frutas-y-verduras/verduras/verduras,https://www.unimarc.cl/_next/data/0ucQ92dO_m9T9joH0FjVV/category/frutas-y-verduras/verduras/verduras.json?categories=frutas-y-verduras&categories=verduras&categories=verduras,2026-02-19T15:53:11
75814,Tomate cocktail colores 500 g,Frutas Y Verduras,500 g,Kg,3245,3245,,False,,$6.490 x Kg,$6.490 x Kg,https://www.unimarc.cl/tomate-cocktail-colores-kg/p,https://unimarc.vtexassets.com/arquivos/ids/230553/000000000000650272-KG-01.jpg?v=638041202231000000,Frutos secos,Verduras,https://www.unimarc.cl/category/frutas-y-verduras/verduras/verduras,https://www.unimarc.cl/_next/data/0ucQ92dO_m9T9joH0FjVV/category/frutas-y-verduras/verduras/verduras.json?categories=frutas-y-verduras&categories=verduras&categories=verduras,2026-02-19T15:53:11
1426,Zapallo camote envasado 700 g,Frutas Y Verduras,1 un,Kg,1990,1990,,False,,$2.843 x Kg,$2.843 x Kg,https://www.unimarc.cl/zapallo-camote-envasado-nacional-700-gr/p,https://unimarc.vtexassets.com/arquivos/ids/229906/000000000000656372-UN-01.jpg?v=638018742405200000,Frutos secos,Verduras,https://www.unimarc.cl/category/frutas-y-verduras/verduras/verduras,https://www.unimarc.cl/_next/data/0ucQ92dO_m9T9joH0FjVV/category/frutas-y-verduras/verduras/verduras.json?categories=frutas-y-verduras&categories=verduras&categories=verduras,2026-02-19T15:53:11
321,Repollo crespo envasado 1 un,Frutas Y Verduras,1 un,unidad,1590,1590,,False,,$1.590 x unidad,$1.590 x unidad,https://www.unimarc.cl/repollo-crespo-envasado-1-unidad/p,https://unimarc.vtexassets.com/arquivos/ids/230472/000000000000038306-UN-01.jpg?v=638040581527130000,Frutos secos,Verduras,https://www.unimarc.cl/category/frutas-y-verduras/verduras/verduras,https://www.unimarc.cl/_next/data/0ucQ92dO_m9T9joH0FjVV/category/frutas-y-verduras/verduras/verduras.json?categories=frutas-y-verduras&categories=verduras&categories=verduras,2026-02-19T15:53:11
13873,Espinaca bolsa 500 g,Frutas Y Verduras,1 un,Kg,1650,1650,,False,,$3.300 x Kg,$3.300 x Kg,https://www.unimarc.cl/espinaca-bolsa-500-gr/p,https://unimarc.vtexassets.com/arquivos/ids/230519/000000000000564405-UN-01.jpg?v=638041179986030000,Frutos secos,Verduras,https://www.unimarc.cl/category/frutas-y-verduras/verduras/verduras,https://www.unimarc.cl/_next/data/0ucQ92dO_m9T9joH0FjVV/category/frutas-y-verduras/verduras/verduras.json?categories=frutas-y-verduras&categories=verduras&categories=verduras,2026-02-19T15:53:11
300,Cebolla morada malla 1 Kg,Frutas Y Verduras,1 un,Kg,1990,1990,,False,,$1.990 x Kg,$1.990 x Kg,https://www.unimarc.cl/cebolla-morada-4-a-5-u-malla-1-k/p,https://unimarc.vtexassets.com/arquivos/ids/230460/000000000000038231-UN-01.jpg?v=638040542278100000,Frutos secos,Verduras,https://www.unimarc.cl/category/frutas-y-verduras/verduras/verduras,https://www.unimarc.cl/_next/data/0ucQ92dO_m9T9joH0FjVV/category/frutas-y-verduras/verduras/verduras.json?categories=frutas-y-verduras&categories=verduras&categories=verduras,2026-02-19T15:53:11
3597,Ciboulette 1 un,Agrosano,1 un,Kg,750,750,,False,,$37.500 x Kg,$37.500 x Kg,https://www.unimarc.cl/ciboulette-estuche-20-grs/p,https://unimarc.vtexassets.com/arquivos/ids/222556/000000000000062503-UN-01.jpg?v=637758080409830000,Frutos secos,Verduras,https://www.unimarc.cl/category/frutas-y-verduras/verduras/verduras,https://www.unimarc.cl/_next/data/0ucQ92dO_m9T9joH0FjVV/category/frutas-y-verduras/verduras/verduras.json?categories=frutas-y-verduras&categories=verduras&categories=verduras,2026-02-19T15:53:11
331,Zapallo entero 1 un,Frutas Y Verduras,1 un,unidad,3390,3390,,False,,$3.390 x unidad,$3.390 x unidad,https://www.unimarc.cl/zapallo-entero-1-u/p,https://unimarc.vtexassets.com/arquivos/ids/230476/000000000000038372-UN-01.jpg?v=638040583744030000,Frutos secos,Verduras,https://www.unimarc.cl/category/frutas-y-verduras/verduras/verduras,https://www.unimarc.cl/_next/data/0ucQ92dO_m9T9joH0FjVV/category/frutas-y-verduras/verduras/verduras.json?categories=frutas-y-verduras&categories=verduras&categories=verduras,2026-02-19T15:53:11
159,Ají verde granel 250 g,Frutas Y Verduras,250 g,Kg,1373,1373,,False,,$5.490 x Kg,$5.490 x Kg,https://www.unimarc.cl/aji-verde-granel-kg/p,https://unimarc.vtexassets.com/arquivos/ids/231102/000000000000023243-KG-01.jpg?v=638054303805270000,Frutos secos,Verduras,https://www.unimarc.cl/category/frutas-y-verduras/verduras/verduras,https://www.unimarc.cl/_next/data/0ucQ92dO_m9T9joH0FjVV/category/frutas-y-verduras/verduras/verduras.json?categories=frutas-y-verduras&categories=verduras&categories=verduras,2026-02-19T15:53:11
303,Coliflor 1 un,Frutas Y Verduras,1 un,unidad,1690,1690,,False,,$1.690 x unidad,$1.690 x unidad,https://www.unimarc.cl/coliflor-envase-1-unidad/p,https://unimarc.vtexassets.com/arquivos/ids/162176/Coliflor-Envase-1-Unidad.jpg?v=636486731070030000,Frutos secos,Verduras,https://www.unimarc.cl/category/frutas-y-verduras/verduras/verduras,https://www.unimarc.cl/_next/data/0ucQ92dO_m9T9joH0FjVV/category/frutas-y-verduras/verduras/verduras.json?categories=frutas-y-verduras&categories=verduras&categories=verduras,2026-02-19T15:53:11
81828,Limón sutil 500 g,Frutas Y Verduras,1 un,Kg,2150,2150,,False,,$4.300 x Kg,$4.300 x Kg,https://www.unimarc.cl/limon-sutil-500-gr/p,https://unimarc.vtexassets.com/arquivos/ids/229915/000000000000539883-UN-01.jpg?v=638018763455170000,Frutos secos,Verduras,https://www.unimarc.cl/category/frutas-y-verduras/verduras/verduras,https://www.unimarc.cl/_next/data/0ucQ92dO_m9T9joH0FjVV/category/frutas-y-verduras/verduras/verduras.json?categories=frutas-y-verduras&categories=verduras&categories=verduras,2026-02-19T15:53:11
9670,Apio ensalada feria 1 un,Punto Azul,1 un,unidad,990,1550,990,True,Ahorras $560,$990 x unidad,$1.550 x unidad,https://www.unimarc.cl/apio-punto-azul-sin-plasticos-1-un/p,https://unimarc.vtexassets.com/arquivos/ids/226215/000000000000580334-UN-01.jpg?v=637872914777230000,Frutos secos,Verduras,https://www.unimarc.cl/category/frutas-y-verduras/verduras/verduras,https://www.unimarc.cl/_next/data/0ucQ92dO_m9T9joH0FjVV/category/frutas-y-verduras/verduras/verduras.json?categories=frutas-y-verduras&categories=verduras&categories=verduras,2026-02-19T15:53:11
3450,Perejil atado 120 g,Frutas Y Verduras,1 un,unidad,650,650,,False,,$650 x unidad,$650 x unidad,https://www.unimarc.cl/perejil-und/p,https://unimarc.vtexassets.com/arquivos/ids/229816/000000000000038281-UN-01.jpg?v=638018011142270000,Frutos secos,Verduras,https://www.unimarc.cl/category/frutas-y-verduras/verduras/verduras,https://www.unimarc.cl/_next/data/0ucQ92dO_m9T9joH0FjVV/category/frutas-y-verduras/verduras/verduras.json?categories=frutas-y-verduras&categories=verduras&categories=verduras,2026-02-19T15:53:11
297,Camote dulce granel 500 g,Frutas Y Verduras,500 g,Kg,1445,1445,,False,,$2.890 x Kg,$2.890 x Kg,https://www.unimarc.cl/camote-dulce-granel/p,https://unimarc.vtexassets.com/arquivos/ids/231121/000000000000038215-KG-01.jpg?v=638054314692370000,Frutos secos,Verduras,https://www.unimarc.cl/category/frutas-y-verduras/verduras/verduras,https://www.unimarc.cl/_next/data/0ucQ92dO_m9T9joH0FjVV/category/frutas-y-verduras/verduras/verduras.json?categories=frutas-y-verduras&categories=verduras&categories=verduras,2026-02-19T15:53:11
81778,Repollo feria 1 un,Frutas Y Verduras,1 un,unidad,990,1390,990,True,Ahorras $400,$990 x unidad,$1.390 x unidad,https://www.unimarc.cl/repollo-feria-un/p,https://unimarc.vtexassets.com/arquivos/ids/226520/000000000000580345-UN-01.jpg?v=637883313729200000,Frutos secos,Verduras,https://www.unimarc.cl/category/frutas-y-verduras/verduras/verduras,https://www.unimarc.cl/_next/data/0ucQ92dO_m9T9joH0FjVV/category/frutas-y-verduras/verduras/verduras.json?categories=frutas-y-verduras&categories=verduras&categories=verduras,2026-02-19T15:53:11
454,Tomate romanita pote 10 un aprox,Romanita,1 un,Kg,3490,3490,,False,,$10.265 x Kg,$10.265 x Kg,https://www.unimarc.cl/tomate-romanita-nacional-pote/p,https://unimarc.vtexassets.com/arquivos/ids/230485/000000000000060056-UN-01.jpg?v=638040589813900000,Frutos secos,Verduras,https://www.unimarc.cl/category/frutas-y-verduras/verduras/verduras,https://www.unimarc.cl/_next/data/0ucQ92dO_m9T9joH0FjVV/category/frutas-y-verduras/verduras/verduras.json?categories=frutas-y-verduras&categories=verduras&categories=verduras,2026-02-19T15:53:11
316,Pimentón amarillo 1 un,Frutas Y Verduras,1 un,unidad,1790,1790,,False,,$1.790 x unidad,$1.790 x unidad,https://www.unimarc.cl/pimenton-color-1-un/p,https://unimarc.vtexassets.com/arquivos/ids/230469/000000000000038285-UN-01.jpg?v=638040579482030000,Frutos secos,Verduras,https://www.unimarc.cl/category/frutas-y-verduras/verduras/verduras,https://www.unimarc.cl/_next/data/0ucQ92dO_m9T9joH0FjVV/category/frutas-y-verduras/verduras/verduras.json?categories=frutas-y-verduras&categories=verduras&categories=verduras,2026-02-19T15:53:11
333,Cebolla malla 3 un aprox,Frutas Y Verduras,1 un,unidad,1750,1750,,False,,$583 x unidad,$583 x unidad,https://www.unimarc.cl/cebolla-malla-3u-aprox/p,https://unimarc.vtexassets.com/arquivos/ids/186486/frontal-2688.jpg?v=637013091375230000,Frutos secos,Verduras,https://www.unimarc.cl/category/frutas-y-verduras/verduras/verduras,https://www.unimarc.cl/_next/data/0ucQ92dO_m9T9joH0FjVV/category/frutas-y-verduras/verduras/verduras.json?categories=frutas-y-verduras&categories=verduras&categories=verduras,2026-02-19T15:53:11
1261,Lechuga costina Dole 2 un,Frutas Y Verduras,1 un,unidad,2490,2490,,False,,$1.245 x unidad,$1.245 x unidad,https://www.unimarc.cl/lechuga-costina-dole-2-und/p,https://unimarc.vtexassets.com/arquivos/ids/231384/000000000000607817-UN-01.jpg?v=638065402847730000,Frutos secos,Verduras,https://www.unimarc.cl/category/frutas-y-verduras/verduras/verduras,https://www.unimarc.cl/_next/data/0ucQ92dO_m9T9joH0FjVV/category/frutas-y-verduras/verduras/verduras.json?categories=frutas-y-verduras&categories=verduras&categories=verduras,2026-02-19T15:53:11
312,Papas pequeñas malla 2 Kg,Frutas Y Verduras,1 un,Kg,2390,2390,,False,,$1.195 x Kg,$1.195 x Kg,https://www.unimarc.cl/papas-semillon-malla-2-kg/p,https://unimarc.vtexassets.com/arquivos/ids/162192/Papas-semillon-malla-2-Kg.jpg?v=636486731306230000,Frutos secos,Verduras,https://www.unimarc.cl/category/frutas-y-verduras/verduras/verduras,https://www.unimarc.cl/_next/data/0ucQ92dO_m9T9joH0FjVV/category/frutas-y-verduras/verduras/verduras.json?categories=frutas-y-verduras&categories=verduras&categories=verduras,2026-02-19T15:53:11
299,Cebolla morada granel 500 g,Frutas Y Verduras,500 g,Kg,995,995,,False,,$1.990 x Kg,$1.990 x Kg,https://www.unimarc.cl/cebolla-morada-granel-kilo/p,https://unimarc.vtexassets.com/arquivos/ids/231122/000000000000038230-KG-01.jpg?v=638054315169330000,Frutos secos,Verduras,https://www.unimarc.cl/category/frutas-y-verduras/verduras/verduras,https://www.unimarc.cl/_next/data/0ucQ92dO_m9T9joH0FjVV/category/frutas-y-verduras/verduras/verduras.json?categories=frutas-y-verduras&categories=verduras&categories=verduras,2026-02-19T15:53:11
322,Repollo morado nacional 1 un,Frutas Y Verduras,1 un,unidad,1590,1590,,False,,$1.590 x unidad,$1.590 x unidad,https://www.unimarc.cl/repollo-morado-nacional-unidad/p,https://unimarc.vtexassets.com/arquivos/ids/230473/000000000000038308-UN-01.jpg?v=638040582037900000,Frutos secos,Verduras,https://www.unimarc.cl/category/frutas-y-verduras/verduras/verduras,https://www.unimarc.cl/_next/data/0ucQ92dO_m9T9joH0FjVV/category/frutas-y-verduras/verduras/verduras.json?categories=frutas-y-verduras&categories=verduras&categories=verduras,2026-02-19T15:53:11
494,Apio corazón Dole 2 un,Frutas Y Verduras,1 un,unidad,2990,2990,,False,,$1.495 x unidad,$1.495 x unidad,https://www.unimarc.cl/apio-corazon-dole-2-un/p,https://unimarc.vtexassets.com/arquivos/ids/213611/000000000000131727-UN-01.jpg?v=637546936936200000,Frutos secos,Verduras,https://www.unimarc.cl/category/frutas-y-verduras/verduras/verduras,https://www.unimarc.cl/_next/data/0ucQ92dO_m9T9joH0FjVV/category/frutas-y-verduras/verduras/verduras.json?page=2&categories=frutas-y-verduras&categories=verduras&categories=verduras,2026-02-19T15:53:15
307,Jengibre bandeja 100 g,Frutas Y Verduras,1 un,Kg,1590,1590,,False,,$15.900 x Kg,$15.900 x Kg,https://www.unimarc.cl/jengibre-bandeja-100-g/p,https://unimarc.vtexassets.com/arquivos/ids/229813/000000000000038259-UN-01.jpg?v=638017921438400000,Frutos secos,Verduras,https://www.unimarc.cl/category/frutas-y-verduras/verduras/verduras,https://www.unimarc.cl/_next/data/0ucQ92dO_m9T9joH0FjVV/category/frutas-y-verduras/verduras/verduras.json?page=2&categories=frutas-y-verduras&categories=verduras&categories=verduras,2026-02-19T15:53:15
295,Berenjena 1 un,Frutas Y Verduras,1 un,unidad,790,790,,False,,$790 x unidad,$790 x unidad,https://www.unimarc.cl/berenjena-granel-1-u/p,https://unimarc.vtexassets.com/arquivos/ids/230457/000000000000038200-UN-01.jpg?v=638040535946570000,Frutos secos,Verduras,https://www.unimarc.cl/category/frutas-y-verduras/verduras/verduras,https://www.unimarc.cl/_next/data/0ucQ92dO_m9T9joH0FjVV/category/frutas-y-verduras/verduras/verduras.json?page=2&categories=frutas-y-verduras&categories=verduras&categories=verduras,2026-02-19T15:53:15
311,Papas malla 5 Kg,Frutas Y Verduras,1 un,Kg,5690,5690,,False,,$1.138 x Kg,$1.138 x Kg,https://www.unimarc.cl/papas-malla-5-kg/p,https://unimarc.vtexassets.com/arquivos/ids/233396/000000000000038275-UN-01.jpg?v=638200193550070000,Frutos secos,Verduras,https://www.unimarc.cl/category/frutas-y-verduras/verduras/verduras,https://www.unimarc.cl/_next/data/0ucQ92dO_m9T9joH0FjVV/category/frutas-y-verduras/verduras/verduras.json?page=2&categories=frutas-y-verduras&categories=verduras&categories=verduras,2026-02-19T15:53:15
78248,Tomate regy Agrícola Ramos 300 g,Agricola Ramos,1 un,Kg,1990,1990,,False,,$6.633 x Kg,$6.633 x Kg,https://www.unimarc.cl/tomate-regy-agricola-ramos-300-gr/p,https://unimarc.vtexassets.com/arquivos/ids/218776/000000000000651906-UN-01.jpg?v=637644784547370000,Frutos secos,Verduras,https://www.unimarc.cl/category/frutas-y-verduras/verduras/verduras,https://www.unimarc.cl/_next/data/0ucQ92dO_m9T9joH0FjVV/category/frutas-y-verduras/verduras/verduras.json?page=2&categories=frutas-y-verduras&categories=verduras&categories=verduras,2026-02-19T15:53:15
69699,Papa mix Huertos del Ranco 650 g,Huertos Del Ranco,1 un,Kg,1690,1690,,False,,$2.600 x Kg,$2.600 x Kg,https://www.unimarc.cl/papa-mix-huertos-del-ranco-650-gr/p,https://unimarc.vtexassets.com/arquivos/ids/230541/000000000000645332-UN-01.jpg?v=638041194829300000,Frutos secos,Verduras,https://www.unimarc.cl/category/frutas-y-verduras/verduras/verduras,https://www.unimarc.cl/_next/data/0ucQ92dO_m9T9joH0FjVV/category/frutas-y-verduras/verduras/verduras.json?page=2&categories=frutas-y-verduras&categories=verduras&categories=verduras,2026-02-19T15:53:15
45942,Menta fresca Jardín Secreto estuche 30 g,Frutas Y Verduras,1 un,Kg,990,990,,False,,$33.000 x Kg,$33.000 x Kg,https://www.unimarc.cl/menta-estuche-jardin-secreto-30-gr/p,https://unimarc.vtexassets.com/arquivos/ids/230521/000000000000585603-UN-01.jpg?v=638041181553200000,Frutos secos,Verduras,https://www.unimarc.cl/category/frutas-y-verduras/verduras/verduras,https://www.unimarc.cl/_next/data/0ucQ92dO_m9T9joH0FjVV/category/frutas-y-verduras/verduras/verduras.json?page=2&categories=frutas-y-verduras&categories=verduras&categories=verduras,2026-02-19T15:53:15
10829,Rúcula bolsa 200 g,Frutas Y Verduras,1 un,Kg,1690,1690,,False,,$8.450 x Kg,$8.450 x Kg,https://www.unimarc.cl/rucula-bolsa-200-gr/p,https://unimarc.vtexassets.com/arquivos/ids/213629/000000000000038309-UN-01.jpg?v=637546950961770000,Frutos secos,Verduras,https://www.unimarc.cl/category/frutas-y-verduras/verduras/verduras,https://www.unimarc.cl/_next/data/0ucQ92dO_m9T9joH0FjVV/category/frutas-y-verduras/verduras/verduras.json?page=2&categories=frutas-y-verduras&categories=verduras&categories=verduras,2026-02-19T15:53:15
9912,Tomate Triple Tasty pack 500 g,Triple Tasty Pack,1 un,Kg,4390,4390,,False,,$8.780 x Kg,$8.780 x Kg,https://www.unimarc.cl/tomate-triple-tasty-3-variedades-500-g/p,https://unimarc.vtexassets.com/arquivos/ids/230516/000000000000540007-UN-01.jpg?v=638041176532370000,Frutos secos,Verduras,https://www.unimarc.cl/category/frutas-y-verduras/verduras/verduras,https://www.unimarc.cl/_next/data/0ucQ92dO_m9T9joH0FjVV/category/frutas-y-verduras/verduras/verduras.json?page=2&categories=frutas-y-verduras&categories=verduras&categories=verduras,2026-02-19T15:53:15
6951,Tomates racimo tomaval granel 500 g,Frutas Y Verduras,500 g,Kg,1275,1275,,False,,$2.550 x Kg,$2.550 x Kg,https://www.unimarc.cl/tomates-racimo-tomaval-kg-2/p,https://unimarc.vtexassets.com/arquivos/ids/231149/000000000000924183-KG-01.jpg?v=638054331570130000,Frutos secos,Verduras,https://www.unimarc.cl/category/frutas-y-verduras/verduras/verduras,https://www.unimarc.cl/_next/data/0ucQ92dO_m9T9joH0FjVV/category/frutas-y-verduras/verduras/verduras.json?page=2&categories=frutas-y-verduras&categories=verduras&categories=verduras,2026-02-19T15:53:15
35665,Lechuga roble verde Punto azul 1 un,Frutas Y Verduras,1 un,unidad,1590,1590,,False,,$1.590 x unidad,$1.590 x unidad,https://www.unimarc.cl/lechuga-pura-hja-d-roble-vrde-punto-azul/p,https://unimarc.vtexassets.com/arquivos/ids/189111/Lechuga-roble-verde-Punto-azul-1-un-1-12511.jpg?v=637038345971530000,Frutos secos,Verduras,https://www.unimarc.cl/category/frutas-y-verduras/verduras/verduras,https://www.unimarc.cl/_next/data/0ucQ92dO_m9T9joH0FjVV/category/frutas-y-verduras/verduras/verduras.json?page=2&categories=frutas-y-verduras&categories=verduras&categories=verduras,2026-02-19T15:53:15
94981,Lechuga hidropónica lollo bionda Cuatro Estaciones 1 un,Cuatro Estaciones,1 un,unidad,1550,1550,,False,,$1.550 x unidad,$1.550 x unidad,https://www.unimarc.cl/lechuga-hidro-lollo-bionda-cuatro-est-un/p,https://unimarc.vtexassets.com/arquivos/ids/254521/000000000000663402-UN-01.jpg?v=639023616617770000,Frutos secos,Verduras,https://www.unimarc.cl/category/frutas-y-verduras/verduras/verduras,https://www.unimarc.cl/_next/data/0ucQ92dO_m9T9joH0FjVV/category/frutas-y-verduras/verduras/verduras.json?page=2&categories=frutas-y-verduras&categories=verduras&categories=verduras,2026-02-19T15:53:15
42662,Choclo bandeja 2 un,Frutas Y Verduras,1 un,unidad,2450,2450,,False,,$1.225 x unidad,$1.225 x unidad,https://www.unimarc.cl/choclo-bandeja-2-und/p,https://unimarc.vtexassets.com/arquivos/ids/228291/000000000000028462-UN-01.jpg?v=637944521817430000,Frutos secos,Verduras,https://www.unimarc.cl/category/frutas-y-verduras/verduras/verduras,https://www.unimarc.cl/_next/data/0ucQ92dO_m9T9joH0FjVV/category/frutas-y-verduras/verduras/verduras.json?page=2&categories=frutas-y-verduras&categories=verduras&categories=verduras,2026-02-19T15:53:15
314,Pepino alaska 1 un,Frutas Y Verduras,1 un,unidad,1250,1250,,False,,$1.250 x unidad,$1.250 x unidad,https://www.unimarc.cl/pepino-alaska-unidad/p,https://unimarc.vtexassets.com/arquivos/ids/162323/Pepino-alaska-unidad.jpg?v=636486734551730000,Frutos secos,Verduras,https://www.unimarc.cl/category/frutas-y-verduras/verduras/verduras,https://www.unimarc.cl/_next/data/0ucQ92dO_m9T9joH0FjVV/category/frutas-y-verduras/verduras/verduras.json?page=2&categories=frutas-y-verduras&categories=verduras&categories=verduras,2026-02-19T15:53:15
71840,Lechuga de la zona 1 un,Frutas Y Verduras,1 un,unidad,1250,1250,,False,,$1.250 x unidad,$1.250 x unidad,https://www.unimarc.cl/lechuga-de-la-zona-un/p,https://unimarc.vtexassets.com/arquivos/ids/221874/000000000000028468-UN-01.jpg?v=637732975589670000,Frutos secos,Verduras,https://www.unimarc.cl/category/frutas-y-verduras/verduras/verduras,https://www.unimarc.cl/_next/data/0ucQ92dO_m9T9joH0FjVV/category/frutas-y-verduras/verduras/verduras.json?page=2&categories=frutas-y-verduras&categories=verduras&categories=verduras,2026-02-19T15:53:15
14211,Papas baby Huerto del Ranco bolsa 1 K,Huertos Del Ranco,1 un,Kg,2590,2590,,False,,$2.590 x Kg,$2.590 x Kg,https://www.unimarc.cl/papa-baby-bolsa-1kg/p,https://unimarc.vtexassets.com/arquivos/ids/230562/000000000000881625-UN-01.jpg?v=638041209109600000,Frutos secos,Verduras,https://www.unimarc.cl/category/frutas-y-verduras/verduras/verduras,https://www.unimarc.cl/_next/data/0ucQ92dO_m9T9joH0FjVV/category/frutas-y-verduras/verduras/verduras.json?page=2&categories=frutas-y-verduras&categories=verduras&categories=verduras,2026-02-19T15:53:15
304,Diente de dragón bandeja 250 g,Frutas Y Verduras,1 un,Kg,990,990,,False,,$3.960 x Kg,$3.960 x Kg,https://www.unimarc.cl/diente-de-dragon-bandeja-250-g/p,https://unimarc.vtexassets.com/arquivos/ids/229812/000000000000038247-UN-01.jpg?v=638017919045430000,Frutos secos,Verduras,https://www.unimarc.cl/category/frutas-y-verduras/verduras/verduras,https://www.unimarc.cl/_next/data/0ucQ92dO_m9T9joH0FjVV/category/frutas-y-verduras/verduras/verduras.json?page=2&categories=frutas-y-verduras&categories=verduras&categories=verduras,2026-02-19T15:53:15
298,Cebolla Escabechera Malla 2 Kg,Frutas Y Verduras,1 un,Kg,3390,3390,,False,,$1.695 x Kg,$1.695 x Kg,https://www.unimarc.cl/cebolla-escabechera-malla-2-kg/p,https://unimarc.vtexassets.com/arquivos/ids/230459/000000000000038223-UN-01.jpg?v=638040541747300000,Frutos secos,Verduras,https://www.unimarc.cl/category/frutas-y-verduras/verduras/verduras,https://www.unimarc.cl/_next/data/0ucQ92dO_m9T9joH0FjVV/category/frutas-y-verduras/verduras/verduras.json?page=2&categories=frutas-y-verduras&categories=verduras&categories=verduras,2026-02-19T15:53:15
301,Champiñones Laminados Bandeja 200 G.,Frutas Y Verduras,1 un,Kg,1990,1990,,False,,$9.950 x Kg,$9.950 x Kg,https://www.unimarc.cl/champinones-laminados-bandeja-200-g/p,https://unimarc.vtexassets.com/arquivos/ids/230461/000000000000038236-UN-01.jpg?v=638040542897670000,Frutos secos,Verduras,https://www.unimarc.cl/category/frutas-y-verduras/verduras/verduras,https://www.unimarc.cl/_next/data/0ucQ92dO_m9T9joH0FjVV/category/frutas-y-verduras/verduras/verduras.json?page=2&categories=frutas-y-verduras&categories=verduras&categories=verduras,2026-02-19T15:53:15
9913,Lechuga escarola bandeja 2 un,Frutas Y Verduras,1 un,unidad,2490,2490,,False,,$1.245 x unidad,$1.245 x unidad,https://www.unimarc.cl/lechuga-escarola-bandeja-2-u/p,https://unimarc.vtexassets.com/arquivos/ids/191234/jumbo_vteximg_com_br-Lechuga-escarola-organica-bandeja-2-unid-1-194703.jpg?v=637152212033400000,Frutos secos,Verduras,https://www.unimarc.cl/category/frutas-y-verduras/verduras/verduras,https://www.unimarc.cl/_next/data/0ucQ92dO_m9T9joH0FjVV/category/frutas-y-verduras/verduras/verduras.json?page=2&categories=frutas-y-verduras&categories=verduras&categories=verduras,2026-02-19T15:53:15
3447,Choclo dulce nacional 1 un,Frutas Y Verduras,1 un,unidad,890,890,,False,,$890 x unidad,$890 x unidad,https://www.unimarc.cl/choclo-dulce-und/p,https://unimarc.vtexassets.com/arquivos/ids/164869/choclo-dulce-und.jpg?v=636523271845800000,Frutos secos,Verduras,https://www.unimarc.cl/category/frutas-y-verduras/verduras/verduras,https://www.unimarc.cl/_next/data/0ucQ92dO_m9T9joH0FjVV/category/frutas-y-verduras/verduras/verduras.json?page=2&categories=frutas-y-verduras&categories=verduras&categories=verduras,2026-02-19T15:53:15
481,Ají verde bandeja 200 g,El Chanar,1 un,Kg,1890,1890,,False,,$9.450 x Kg,$9.450 x Kg,https://www.unimarc.cl/aji-verde-bandeja-125-g/p,https://unimarc.vtexassets.com/arquivos/ids/229820/000000000000119338-UN-01.jpg?v=638018014296700000,Frutos secos,Verduras,https://www.unimarc.cl/category/frutas-y-verduras/verduras/verduras,https://www.unimarc.cl/_next/data/0ucQ92dO_m9T9joH0FjVV/category/frutas-y-verduras/verduras/verduras.json?page=2&categories=frutas-y-verduras&categories=verduras&categories=verduras,2026-02-19T15:53:15
78249,Tomate whitney Agrícola Ramos 340 g,Agricola Ramos,1 un,Kg,2550,2550,,False,,$7.500 x Kg,$7.500 x Kg,https://www.unimarc.cl/tomate-whitney-agricola-ramos-340-gr/p,https://unimarc.vtexassets.com/arquivos/ids/230558/000000000000651935-UN-01.jpg?v=638041206777830000,Frutos secos,Verduras,https://www.unimarc.cl/category/frutas-y-verduras/verduras/verduras,https://www.unimarc.cl/_next/data/0ucQ92dO_m9T9joH0FjVV/category/frutas-y-verduras/verduras/verduras.json?page=2&categories=frutas-y-verduras&categories=verduras&categories=verduras,2026-02-19T15:53:15
13845,Zapallo 1 un,Frutas Y Verduras,1 un,unidad,3390,3390,,False,,$3.390 x unidad,$3.390 x unidad,https://www.unimarc.cl/zapallo-entero-un/p,https://unimarc.vtexassets.com/arquivos/ids/203383/000000000000505876-UN-01.jpg?v=637389745459200000,Frutos secos,Verduras,https://www.unimarc.cl/category/frutas-y-verduras/verduras/verduras,https://www.unimarc.cl/_next/data/0ucQ92dO_m9T9joH0FjVV/category/frutas-y-verduras/verduras/verduras.json?page=2&categories=frutas-y-verduras&categories=verduras&categories=verduras,2026-02-19T15:53:15
987,Bastón de apio Dole 500 g,Dole,1 un,Kg,2190,2190,,False,,$4.380 x Kg,$4.380 x Kg,https://www.unimarc.cl/baston-de-apio-bolsa-500-g/p,https://unimarc.vtexassets.com/arquivos/ids/213623/000000000000346976-UN-01.jpg?v=637546946485870000,Frutos secos,Verduras,https://www.unimarc.cl/category/frutas-y-verduras/verduras/verduras,https://www.unimarc.cl/_next/data/0ucQ92dO_m9T9joH0FjVV/category/frutas-y-verduras/verduras/verduras.json?page=2&categories=frutas-y-verduras&categories=verduras&categories=verduras,2026-02-19T15:53:15
1026,Champiñon Portobello 200 Gr,Frutas Y Verduras,1 un,Kg,1990,1990,,False,,$9.950 x Kg,$9.950 x Kg,https://www.unimarc.cl/champinon-portobello-200-gr/p,https://unimarc.vtexassets.com/arquivos/ids/230513/000000000000503249-UN-01.jpg?v=638041174455630000,Frutos secos,Verduras,https://www.unimarc.cl/category/frutas-y-verduras/verduras/verduras,https://www.unimarc.cl/_next/data/0ucQ92dO_m9T9joH0FjVV/category/frutas-y-verduras/verduras/verduras.json?page=2&categories=frutas-y-verduras&categories=verduras&categories=verduras,2026-02-19T15:53:15
42757,Ajos display 150 g,Agrouno,1 un,Kg,1390,1390,,False,,$9.267 x Kg,$9.267 x Kg,https://www.unimarc.cl/ajos-display-150-grs/p,https://unimarc.vtexassets.com/arquivos/ids/230456/000000000000038184-UN-01.jpg?v=638040535333130000,Frutos secos,Verduras,https://www.unimarc.cl/category/frutas-y-verduras/verduras/verduras,https://www.unimarc.cl/_next/data/0ucQ92dO_m9T9joH0FjVV/category/frutas-y-verduras/verduras/verduras.json?page=2&categories=frutas-y-verduras&categories=verduras&categories=verduras,2026-02-19T15:53:15
1093,Tomates italianos granel 500 g,Frutas Y Verduras,500 g,Kg,1295,1295,,False,,$2.590 x Kg,$2.590 x Kg,https://www.unimarc.cl/tomates-italianos-granel/p,https://unimarc.vtexassets.com/arquivos/ids/194106/000000000000544320-KG-01.jpg?v=637231002056130000,Frutos secos,Verduras,https://www.unimarc.cl/category/frutas-y-verduras/verduras/verduras,https://www.unimarc.cl/_next/data/0ucQ92dO_m9T9joH0FjVV/category/frutas-y-verduras/verduras/verduras.json?page=2&categories=frutas-y-verduras&categories=verduras&categories=verduras,2026-02-19T15:53:15
16538,Palta edranol malla 1 Kg,Frutas Y Verduras,1 un,Kg,4490,4490,,False,,$4.490 x Kg,$4.490 x Kg,https://www.unimarc.cl/palta-edranol-malla-6u/p,https://unimarc.vtexassets.com/arquivos/ids/222617/000000000000028447-UN-01.jpg?v=637759550971370000,Frutos secos,Verduras,https://www.unimarc.cl/category/frutas-y-verduras/verduras/verduras,https://www.unimarc.cl/_next/data/0ucQ92dO_m9T9joH0FjVV/category/frutas-y-verduras/verduras/verduras.json?page=2&categories=frutas-y-verduras&categories=verduras&categories=verduras,2026-02-19T15:53:15
13603,Puerro baby Agrosano 200 g,Agrosano,1 un,Kg,1790,1790,,False,,$8.950 x Kg,$8.950 x Kg,https://www.unimarc.cl/puerro-baby-200-gr/p,https://unimarc.vtexassets.com/arquivos/ids/211243/000000000000357921-UN-01.jpg?v=637526234765070000,Frutos secos,Verduras,https://www.unimarc.cl/category/frutas-y-verduras/verduras/verduras,https://www.unimarc.cl/_next/data/0ucQ92dO_m9T9joH0FjVV/category/frutas-y-verduras/verduras/verduras.json?page=2&categories=frutas-y-verduras&categories=verduras&categories=verduras,2026-02-19T15:53:15
1633,Tomates beef tomaval granel 500 g,Frutas Y Verduras,500 g,Kg,1245,1245,,False,,$2.490 x Kg,$2.490 x Kg,https://www.unimarc.cl/tomates-beef-tomaval-kg/p,https://unimarc.vtexassets.com/arquivos/ids/231148/000000000000884017-KG-01.jpg?v=638054331120000000,Frutos secos,Verduras,https://www.unimarc.cl/category/frutas-y-verduras/verduras/verduras,https://www.unimarc.cl/_next/data/0ucQ92dO_m9T9joH0FjVV/category/frutas-y-verduras/verduras/verduras.json?page=2&categories=frutas-y-verduras&categories=verduras&categories=verduras,2026-02-19T15:53:15
44693,Champiñón Portobello bandeja 400 g,Frutas Y Verduras,1 un,Kg,3990,3990,,False,,$9.975 x Kg,$9.975 x Kg,https://www.unimarc.cl/champinon-portobello-400-gr/p,https://unimarc.vtexassets.com/arquivos/ids/232884/000000000000503252-UN-01.jpg?v=638176842638770000,Frutos secos,Verduras,https://www.unimarc.cl/category/frutas-y-verduras/verduras/verduras,https://www.unimarc.cl/_next/data/0ucQ92dO_m9T9joH0FjVV/category/frutas-y-verduras/verduras/verduras.json?page=2&categories=frutas-y-verduras&categories=verduras&categories=verduras,2026-02-19T15:53:15
85067,Tomate grape mix colores 500 g,Frutas Y Verduras,1 un,Kg,2990,2990,,False,,$5.980 x Kg,$5.980 x Kg,https://www.unimarc.cl/tomate-grape-mix-colores-500-gr/p,https://unimarc.vtexassets.com/arquivos/ids/235219/000000000000665881-UN-01.jpg?v=638272836390030000,Frutos secos,Verduras,https://www.unimarc.cl/category/frutas-y-verduras/verduras/verduras,https://www.unimarc.cl/_next/data/0ucQ92dO_m9T9joH0FjVV/category/frutas-y-verduras/verduras/verduras.json?page=2&categories=frutas-y-verduras&categories=verduras&categories=verduras,2026-02-19T15:53:15
3455,Zapallo picado bolsa 500 g,Frutas Y Verduras,1 un,Kg,1990,1990,,False,,$3.980 x Kg,$3.980 x Kg,https://www.unimarc.cl/zapallo-picado-bolsa-500-gr/p,https://unimarc.vtexassets.com/arquivos/ids/230480/000000000000038555-UN-01.jpg?v=638040586486170000,Frutos secos,Verduras,https://www.unimarc.cl/category/frutas-y-verduras/verduras/verduras,https://www.unimarc.cl/_next/data/0ucQ92dO_m9T9joH0FjVV/category/frutas-y-verduras/verduras/verduras.json?page=2&categories=frutas-y-verduras&categories=verduras&categories=verduras,2026-02-19T15:53:15
967,Lechuga costina corazón 3 un,Frutas Y Verduras,1 un,unidad,3290,3290,,False,,$1.097 x unidad,$1.097 x unidad,https://www.unimarc.cl/lechuga-costina-corazon-3-u/p,https://unimarc.vtexassets.com/arquivos/ids/230512/000000000000339989-UN-01.jpg?v=638041173256830000,Frutos secos,Verduras,https://www.unimarc.cl/category/frutas-y-verduras/verduras/verduras,https://www.unimarc.cl/_next/data/0ucQ92dO_m9T9joH0FjVV/category/frutas-y-verduras/verduras/verduras.json?page=2&categories=frutas-y-verduras&categories=verduras&categories=verduras,2026-02-19T15:53:15
45949,Flores comestibles Jardín Secreto estuche 20 g,Jardin Secreto,1 un,Kg,1590,1590,,False,,$79.500 x Kg,$79.500 x Kg,https://www.unimarc.cl/flores-comestibles-jardin-secreto-20-gr/p,https://unimarc.vtexassets.com/arquivos/ids/203399/000000000000585616-UN-01.jpg?v=637389775684500000,Frutos secos,Verduras,https://www.unimarc.cl/category/frutas-y-verduras/verduras/verduras,https://www.unimarc.cl/_next/data/0ucQ92dO_m9T9joH0FjVV/category/frutas-y-verduras/verduras/verduras.json?page=2&categories=frutas-y-verduras&categories=verduras&categories=verduras,2026-02-19T15:53:15
72975,Rabanito atado,Frutas Y Verduras,1 un,unidad,1290,1290,,False,,$1.290 x unidad,$1.290 x unidad,https://www.unimarc.cl/rabanito-atado/p,https://unimarc.vtexassets.com/arquivos/ids/200000/000000000000504632-UN-01.jpg?v=637323189913100000,Frutos secos,Verduras,https://www.unimarc.cl/category/frutas-y-verduras/verduras/verduras,https://www.unimarc.cl/_next/data/0ucQ92dO_m9T9joH0FjVV/category/frutas-y-verduras/verduras/verduras.json?page=2&categories=frutas-y-verduras&categories=verduras&categories=verduras,2026-02-19T15:53:15
855,Berros 200 g,Frutas Y Verduras,1 un,Kg,1790,1790,,False,,$8.950 x Kg,$8.950 x Kg,https://www.unimarc.cl/berros-200-g/p,https://unimarc.vtexassets.com/arquivos/ids/231100/000000000000205008-UN-01.png?v=638054270710200000,Frutos secos,Verduras,https://www.unimarc.cl/category/frutas-y-verduras/verduras/verduras,https://www.unimarc.cl/_next/data/0ucQ92dO_m9T9joH0FjVV/category/frutas-y-verduras/verduras/verduras.json?page=2&categories=frutas-y-verduras&categories=verduras&categories=verduras,2026-02-19T15:53:15
13750,Champiñón Shitake bandeja 100 g,Frutas Y Verduras,1 un,Kg,1690,1690,,False,,$16.900 x Kg,$16.900 x Kg,https://www.unimarc.cl/champinon-shitake-bandeja-100-grs/p,https://unimarc.vtexassets.com/arquivos/ids/188259/Champiñones-Shiitake-bandeja-100-g-1-4194.jpg?v=637037226987030000,Frutos secos,Verduras,https://www.unimarc.cl/category/frutas-y-verduras/verduras/verduras,https://www.unimarc.cl/_next/data/0ucQ92dO_m9T9joH0FjVV/category/frutas-y-verduras/verduras/verduras.json?page=2&categories=frutas-y-verduras&categories=verduras&categories=verduras,2026-02-19T15:53:15
9877,Champiñones Ostra bandeja 200 g.,Frutas Y Verduras,1 un,Kg,1990,1990,,False,,$9.950 x Kg,$9.950 x Kg,https://www.unimarc.cl/champi-ones-ostra-bandeja-200-g/p,https://unimarc.vtexassets.com/arquivos/ids/230484/000000000000060032-UN-01.jpg?v=638040589199930000,Frutos secos,Verduras,https://www.unimarc.cl/category/frutas-y-verduras/verduras/verduras,https://www.unimarc.cl/_next/data/0ucQ92dO_m9T9joH0FjVV/category/frutas-y-verduras/verduras/verduras.json?page=2&categories=frutas-y-verduras&categories=verduras&categories=verduras,2026-02-19T15:53:15
206,Espárragos verdes 340 g,Frutas Y Verduras,1 un,Kg,3190,3190,,False,,$9.382 x Kg,$9.382 x Kg,https://www.unimarc.cl/esparragos-verdes-340-g/p,https://unimarc.vtexassets.com/arquivos/ids/230453/000000000000028489-UN-01.jpg?v=638040533490400000,Frutos secos,Verduras,https://www.unimarc.cl/category/frutas-y-verduras/verduras/verduras,https://www.unimarc.cl/_next/data/0ucQ92dO_m9T9joH0FjVV/category/frutas-y-verduras/verduras/verduras.json?page=2&categories=frutas-y-verduras&categories=verduras&categories=verduras,2026-02-19T15:53:15
325,Zanahoria baby Dole bolsa 454 g,Frutas Y Verduras,1 un,Kg,4990,4990,,False,,$10.991 x Kg,$10.991 x Kg,https://www.unimarc.cl/bandeja-zanahoria-baby-y-apio-dole-454-gr/p,https://unimarc.vtexassets.com/arquivos/ids/231101/000000000000038323-UN-01.png?v=638054280783830000,Frutos secos,Verduras,https://www.unimarc.cl/category/frutas-y-verduras/verduras/verduras,https://www.unimarc.cl/_next/data/0ucQ92dO_m9T9joH0FjVV/category/frutas-y-verduras/verduras/verduras.json?page=2&categories=frutas-y-verduras&categories=verduras&categories=verduras,2026-02-19T15:53:15
13763,Aloe vera hoja Green Leaf un,Frutas Y Verduras,1 un,unidad,2890,2890,,False,,$2.890 x unidad,$2.890 x unidad,https://www.unimarc.cl/aloe-vera-hoja-green-leaf/p,https://unimarc.vtexassets.com/arquivos/ids/230492/000000000000169832-UN-01.jpg?v=638040595494070000,Frutos secos,Verduras,https://www.unimarc.cl/category/frutas-y-verduras/verduras/verduras,https://www.unimarc.cl/_next/data/0ucQ92dO_m9T9joH0FjVV/category/frutas-y-verduras/verduras/verduras.json?page=2&categories=frutas-y-verduras&categories=verduras&categories=verduras,2026-02-19T15:53:15
14440,Rábano blanco Mas Vida,Frutas Y Verduras,1 un,unidad,990,990,,False,,$990 x unidad,$990 x unidad,https://www.unimarc.cl/rabano-blanco-mas-vida-und/p,https://unimarc.vtexassets.com/arquivos/ids/173368/000000000000038338-UN.jpg?v=636631985359670000,Frutos secos,Verduras,https://www.unimarc.cl/category/frutas-y-verduras/verduras/verduras,https://www.unimarc.cl/_next/data/0ucQ92dO_m9T9joH0FjVV/category/frutas-y-verduras/verduras/verduras.json?page=2&categories=frutas-y-verduras&categories=verduras&categories=verduras,2026-02-19T15:53:15
1074,Espinaca baby FreshCut 150 g,Frutas Y Verduras,1 un,Kg,2990,2990,,False,,$19.933 x Kg,$19.933 x Kg,https://www.unimarc.cl/espinaca-baby-pote-valle-central-150-gr/p,https://unimarc.vtexassets.com/arquivos/ids/173352/000000000000540456-UN.png?v=636631938905570000,Frutos secos,Verduras,https://www.unimarc.cl/category/frutas-y-verduras/verduras/verduras,https://www.unimarc.cl/_next/data/0ucQ92dO_m9T9joH0FjVV/category/frutas-y-verduras/verduras/verduras.json?page=2&categories=frutas-y-verduras&categories=verduras&categories=verduras,2026-02-19T15:53:15
15691,Romero fresco Jardín Secreto bandeja 30 g,Jardin Secreto,1 un,Kg,990,990,,False,,$33.000 x Kg,$33.000 x Kg,https://www.unimarc.cl/romero-estuche-jardin-secreto-30-gr/p,https://unimarc.vtexassets.com/arquivos/ids/230523/000000000000585605-UN-01.jpg?v=638041182752300000,Frutos secos,Verduras,https://www.unimarc.cl/category/frutas-y-verduras/verduras/verduras,https://www.unimarc.cl/_next/data/0ucQ92dO_m9T9joH0FjVV/category/frutas-y-verduras/verduras/verduras.json?page=2&categories=frutas-y-verduras&categories=verduras&categories=verduras,2026-02-19T15:53:15
14438,Cochayuyo atado malla 1 un,Frutas Y Verduras,1 un,unidad,2990,2990,,False,,$2.990 x unidad,$2.990 x unidad,https://www.unimarc.cl/cochayuyo-atado-malla/p,https://unimarc.vtexassets.com/arquivos/ids/230463/000000000000038242-UN-01.jpg?v=638040543979800000,Frutos secos,Verduras,https://www.unimarc.cl/category/frutas-y-verduras/verduras/verduras,https://www.unimarc.cl/_next/data/0ucQ92dO_m9T9joH0FjVV/category/frutas-y-verduras/verduras/verduras.json?page=2&categories=frutas-y-verduras&categories=verduras&categories=verduras,2026-02-19T15:53:15
42866,Ají surtido Hoc 8 un,Hoc,1 un,unidad,3590,3590,,False,,$449 x unidad,$449 x unidad,https://www.unimarc.cl/aji-surtido-hoc-8-und/p,https://unimarc.vtexassets.com/arquivos/ids/230482/000000000000058850-UN-01.jpg?v=638040587584970000,Frutos secos,Verduras,https://www.unimarc.cl/category/frutas-y-verduras/verduras/verduras,https://www.unimarc.cl/_next/data/0ucQ92dO_m9T9joH0FjVV/category/frutas-y-verduras/verduras/verduras.json?page=2&categories=frutas-y-verduras&categories=verduras&categories=verduras,2026-02-19T15:53:15
329,Chalota malla 250 g,Frutas Y Verduras,1 un,Kg,2490,2490,,False,,$9.960 x Kg,$9.960 x Kg,https://www.unimarc.cl/chalota-malla-250-grs/p,https://unimarc.vtexassets.com/arquivos/ids/186914/000000000000038343-UN-01-2669.jpg?v=637013946706700000,Frutos secos,Verduras,https://www.unimarc.cl/category/frutas-y-verduras/verduras/verduras,https://www.unimarc.cl/_next/data/0ucQ92dO_m9T9joH0FjVV/category/frutas-y-verduras/verduras/verduras.json?page=2&categories=frutas-y-verduras&categories=verduras&categories=verduras,2026-02-19T15:53:15
9891,Zapallo cubitos bolsa 500 g,Frutas Y Verduras,1 un,Kg,1990,1990,,False,,$3.980 x Kg,$3.980 x Kg,https://www.unimarc.cl/zapallo-cubo-bolsa-500-g/p,https://unimarc.vtexassets.com/arquivos/ids/222566/000000000000181507-UN-01.jpg?v=637758618680970000,Frutos secos,Verduras,https://www.unimarc.cl/category/frutas-y-verduras/verduras/verduras,https://www.unimarc.cl/_next/data/0ucQ92dO_m9T9joH0FjVV/category/frutas-y-verduras/verduras/verduras.json?page=2&categories=frutas-y-verduras&categories=verduras&categories=verduras,2026-02-19T15:53:15
87625,Espinaca Cuatro Estaciones 200 g,Cuatro Estaciones,1 un,Kg,1650,1650,,False,,$8.250 x Kg,$8.250 x Kg,https://www.unimarc.cl/espinaca-ensalada-cuatro-estaciones-200g/p,https://unimarc.vtexassets.com/arquivos/ids/242930/000000000000669445-UN-01.jpg?v=638566722395600000,Frutos secos,Ensaladas listas,https://www.unimarc.cl/category/frutas-y-verduras/verduras/ensaladas-listas,https://www.unimarc.cl/_next/data/0ucQ92dO_m9T9joH0FjVV/category/frutas-y-verduras/verduras/ensaladas-listas.json?categories=frutas-y-verduras&categories=verduras&categories=ensaladas-listas,2026-02-19T15:53:24
84741,Ensalada toscana Cuatro Estaciones bolsa 300 g,Cuatro Estaciones,1 un,Kg,1750,1750,,False,,$5.833 x Kg,$5.833 x Kg,https://www.unimarc.cl/ensalada-toscana-cuatro-estaciones-300g/p,https://unimarc.vtexassets.com/arquivos/ids/234308/000000000000663397-UN-01.jpg?v=638243399844670000,Frutos secos,Ensaladas listas,https://www.unimarc.cl/category/frutas-y-verduras/verduras/ensaladas-listas,https://www.unimarc.cl/_next/data/0ucQ92dO_m9T9joH0FjVV/category/frutas-y-verduras/verduras/ensaladas-listas.json?categories=frutas-y-verduras&categories=verduras&categories=ensaladas-listas,2026-02-19T15:53:24
853,Mix hojas verdes surtido Freshcut bandeja 150 g,Frutas Y Verduras,1 un,Kg,2290,2290,,False,,$15.267 x Kg,$15.267 x Kg,https://www.unimarc.cl/mix-surtido-pote-valle-central-150-gr/p,https://unimarc.vtexassets.com/arquivos/ids/230498/000000000000205001-UN-01.jpg?v=638040602016700000,Frutos secos,Ensaladas listas,https://www.unimarc.cl/category/frutas-y-verduras/verduras/ensaladas-listas,https://www.unimarc.cl/_next/data/0ucQ92dO_m9T9joH0FjVV/category/frutas-y-verduras/verduras/ensaladas-listas.json?categories=frutas-y-verduras&categories=verduras&categories=ensaladas-listas,2026-02-19T15:53:24
84740,Ensalada lechuga escarola Cuatro estaciones bolsa 300 g,Cuatro Estaciones,1 un,Kg,1650,1650,,False,,$5.500 x Kg,$5.500 x Kg,https://www.unimarc.cl/ensal-lechuga-escarola-cuatro-estac-300g/p,https://unimarc.vtexassets.com/arquivos/ids/235082/000000000000663396-UN-01.jpg?v=638266710169300000,Frutos secos,Ensaladas listas,https://www.unimarc.cl/category/frutas-y-verduras/verduras/ensaladas-listas,https://www.unimarc.cl/_next/data/0ucQ92dO_m9T9joH0FjVV/category/frutas-y-verduras/verduras/ensaladas-listas.json?categories=frutas-y-verduras&categories=verduras&categories=ensaladas-listas,2026-02-19T15:53:24
84739,Ensalada cuatro estaciones apio bastón 500g,Cuatro Estaciones,1 un,Kg,1990,1990,,False,,$3.980 x Kg,$3.980 x Kg,https://www.unimarc.cl/ensalada-apio-baston-cuatro-estacio-500g/p,https://unimarc.vtexassets.com/arquivos/ids/235575/000000000000663395-UN-01.jpg?v=638302332989000000,Frutos secos,Ensaladas listas,https://www.unimarc.cl/category/frutas-y-verduras/verduras/ensaladas-listas,https://www.unimarc.cl/_next/data/0ucQ92dO_m9T9joH0FjVV/category/frutas-y-verduras/verduras/ensaladas-listas.json?categories=frutas-y-verduras&categories=verduras&categories=ensaladas-listas,2026-02-19T15:53:24
84743,Ensalada zanahoria juliana Cuatro Estaciones 300 g,Cuatro Estaciones,1 un,Kg,1690,1690,,False,,$5.633 x Kg,$5.633 x Kg,https://www.unimarc.cl/ensalada-zanahoria-cuatro-estacion-300g/p,https://unimarc.vtexassets.com/arquivos/ids/236659/000000000000663401-UN-01.jpg?v=638368595426500000,Frutos secos,Ensaladas listas,https://www.unimarc.cl/category/frutas-y-verduras/verduras/ensaladas-listas,https://www.unimarc.cl/_next/data/0ucQ92dO_m9T9joH0FjVV/category/frutas-y-verduras/verduras/ensaladas-listas.json?categories=frutas-y-verduras&categories=verduras&categories=ensaladas-listas,2026-02-19T15:53:24
61760,Mix italiano Fresh Cut 150 g,Frutas Y Verduras,1 un,Kg,2190,2190,,False,,$14.600 x Kg,$14.600 x Kg,https://www.unimarc.cl/mix-italiano-fresh-cut-150-gr/p,https://unimarc.vtexassets.com/arquivos/ids/230529/000000000000639901-UN-01.jpg?v=638041186640830000,Frutos secos,Ensaladas listas,https://www.unimarc.cl/category/frutas-y-verduras/verduras/ensaladas-listas,https://www.unimarc.cl/_next/data/0ucQ92dO_m9T9joH0FjVV/category/frutas-y-verduras/verduras/ensaladas-listas.json?categories=frutas-y-verduras&categories=verduras&categories=ensaladas-listas,2026-02-19T15:53:24
92184,Espinaca baby Proverde pote 50 g,Proverde,1 un,Kg,990,990,,False,,$19.800 x Kg,$19.800 x Kg,https://www.unimarc.cl/espinaca-baby-pote-proverde-50-gr/p,https://unimarc.vtexassets.com/arquivos/ids/251044/000000000000684232-UN-01.jpg?v=638918391578770000,Frutos secos,Ensaladas listas,https://www.unimarc.cl/category/frutas-y-verduras/verduras/ensaladas-listas,https://www.unimarc.cl/_next/data/0ucQ92dO_m9T9joH0FjVV/category/frutas-y-verduras/verduras/ensaladas-listas.json?categories=frutas-y-verduras&categories=verduras&categories=ensaladas-listas,2026-02-19T15:53:24
92659,Betarraga cocida Proverde 500 g,Proverde,1 un,Kg,1590,1590,,False,,$3.180 x Kg,$3.180 x Kg,https://www.unimarc.cl/betarraga-cocida-proverde-500-gr/p,https://unimarc.vtexassets.com/arquivos/ids/251605/000000000000686861-UN-01.jpg?v=638947744625630000,Frutos secos,Ensaladas listas,https://www.unimarc.cl/category/frutas-y-verduras/verduras/ensaladas-listas,https://www.unimarc.cl/_next/data/0ucQ92dO_m9T9joH0FjVV/category/frutas-y-verduras/verduras/ensaladas-listas.json?categories=frutas-y-verduras&categories=verduras&categories=ensaladas-listas,2026-02-19T15:53:24
885,Rúcula Freshcut bandeja 150 g,Frutas Y Verduras,1 un,Kg,2290,2290,,False,,$15.267 x Kg,$15.267 x Kg,https://www.unimarc.cl/rucula-pote-150-gr/p,https://unimarc.vtexassets.com/arquivos/ids/230502/000000000000215707-UN-01.jpg?v=638040604557900000,Frutos secos,Ensaladas listas,https://www.unimarc.cl/category/frutas-y-verduras/verduras/ensaladas-listas,https://www.unimarc.cl/_next/data/0ucQ92dO_m9T9joH0FjVV/category/frutas-y-verduras/verduras/ensaladas-listas.json?categories=frutas-y-verduras&categories=verduras&categories=ensaladas-listas,2026-02-19T15:53:24
84742,Ensalada de repollo Cuatro Estaciones blanco bolsa 300 g,Cuatro Estaciones,1 un,Kg,1690,1690,,False,,$5.633 x Kg,$5.633 x Kg,https://www.unimarc.cl/ensalada-repollo-blanco-cuatro-esta-300g/p,https://unimarc.vtexassets.com/arquivos/ids/234996/000000000000663399-UN-01.jpg?v=638264272975700000,Frutos secos,Ensaladas listas,https://www.unimarc.cl/category/frutas-y-verduras/verduras/ensaladas-listas,https://www.unimarc.cl/_next/data/0ucQ92dO_m9T9joH0FjVV/category/frutas-y-verduras/verduras/ensaladas-listas.json?categories=frutas-y-verduras&categories=verduras&categories=ensaladas-listas,2026-02-19T15:53:24
92183,Rúcula baby Proverde pote 50 g,Proverde,1 un,Kg,990,990,,False,,$19.800 x Kg,$19.800 x Kg,https://www.unimarc.cl/rucula-baby-pote-proverde-50-gr/p,https://unimarc.vtexassets.com/arquivos/ids/251043/000000000000684231-UN-01.jpg?v=638918391576070000,Frutos secos,Ensaladas listas,https://www.unimarc.cl/category/frutas-y-verduras/verduras/ensaladas-listas,https://www.unimarc.cl/_next/data/0ucQ92dO_m9T9joH0FjVV/category/frutas-y-verduras/verduras/ensaladas-listas.json?categories=frutas-y-verduras&categories=verduras&categories=ensaladas-listas,2026-02-19T15:53:24
91208,Ensalada Genial apio zanahoria bolsa 300 g,Genial,1 un,Kg,2590,2590,,False,,$8.633 x Kg,$8.633 x Kg,https://www.unimarc.cl/ensalada-apio-zanahoria-genial-300gr/p,https://unimarc.vtexassets.com/arquivos/ids/249857/000000000000675555-UN-01.jpg?v=638864547426600000,Frutos secos,Ensaladas listas,https://www.unimarc.cl/category/frutas-y-verduras/verduras/ensaladas-listas,https://www.unimarc.cl/_next/data/0ucQ92dO_m9T9joH0FjVV/category/frutas-y-verduras/verduras/ensaladas-listas.json?categories=frutas-y-verduras&categories=verduras&categories=ensaladas-listas,2026-02-19T15:53:24
43652,Chapsui col Más Vida bandeja 300 g,Frutas Y Verduras,1 un,Kg,2290,2290,,False,,$7.633 x Kg,$7.633 x Kg,https://www.unimarc.cl/chapsui-col-300-grs-bdja/p,https://unimarc.vtexassets.com/arquivos/ids/230496/000000000000201506-UN-01.jpg?v=638040600632870000,Frutos secos,Ensaladas listas,https://www.unimarc.cl/category/frutas-y-verduras/verduras/ensaladas-listas,https://www.unimarc.cl/_next/data/0ucQ92dO_m9T9joH0FjVV/category/frutas-y-verduras/verduras/ensaladas-listas.json?categories=frutas-y-verduras&categories=verduras&categories=ensaladas-listas,2026-02-19T15:53:24
90321,Ensalada coleslaw Proverde 180 g,Proverde,1 un,Kg,990,990,,False,,$5.500 x Kg,$5.500 x Kg,https://www.unimarc.cl/ensalada-coleslaw-proverde-180-gr/p,https://unimarc.vtexassets.com/arquivos/ids/248173/000000000000673480-UN-01.jpg.jpg?v=638805175353470000,Frutos secos,Ensaladas listas,https://www.unimarc.cl/category/frutas-y-verduras/verduras/ensaladas-listas,https://www.unimarc.cl/_next/data/0ucQ92dO_m9T9joH0FjVV/category/frutas-y-verduras/verduras/ensaladas-listas.json?categories=frutas-y-verduras&categories=verduras&categories=ensaladas-listas,2026-02-19T15:53:24
34620,Lechuga roble verde Freshcut bandeja 150 g,Frutas Y Verduras,1 un,Kg,2190,2190,,False,,$14.600 x Kg,$14.600 x Kg,https://www.unimarc.cl/lechuga-roble-verde-150-gr-valle-c/p,https://unimarc.vtexassets.com/arquivos/ids/230501/000000000000215704-UN-01.jpg?v=638040604035500000,Frutos secos,Ensaladas listas,https://www.unimarc.cl/category/frutas-y-verduras/verduras/ensaladas-listas,https://www.unimarc.cl/_next/data/0ucQ92dO_m9T9joH0FjVV/category/frutas-y-verduras/verduras/ensaladas-listas.json?categories=frutas-y-verduras&categories=verduras&categories=ensaladas-listas,2026-02-19T15:53:24
33779,Repollo morado Dole picado bolsa 300 g,Dole,1 un,Kg,1760,1760,,False,,$5.867 x Kg,$5.867 x Kg,https://www.unimarc.cl/repollo-morado-dole-bolsa-300-grs/p,https://unimarc.vtexassets.com/arquivos/ids/213608/000000000000129008-UN-01.jpg?v=637546935225600000,Frutos secos,Ensaladas listas,https://www.unimarc.cl/category/frutas-y-verduras/verduras/ensaladas-listas,https://www.unimarc.cl/_next/data/0ucQ92dO_m9T9joH0FjVV/category/frutas-y-verduras/verduras/ensaladas-listas.json?categories=frutas-y-verduras&categories=verduras&categories=ensaladas-listas,2026-02-19T15:53:24
90319,Ensalada apio medialuna Proverde 250 g,Proverde,1 un,Kg,990,990,,False,,$3.960 x Kg,$3.960 x Kg,https://www.unimarc.cl/ensalada-apio-medialuna-proverde-250-gr/p,https://unimarc.vtexassets.com/arquivos/ids/248171/000000000000673478-UN-01.jpg.jpg?v=638805173641230000,Frutos secos,Ensaladas listas,https://www.unimarc.cl/category/frutas-y-verduras/verduras/ensaladas-listas,https://www.unimarc.cl/_next/data/0ucQ92dO_m9T9joH0FjVV/category/frutas-y-verduras/verduras/ensaladas-listas.json?categories=frutas-y-verduras&categories=verduras&categories=ensaladas-listas,2026-02-19T15:53:24
13743,Ensalada repollo zanahoria Dole 300 g,Dole,1 un,Kg,1690,1690,,False,,$5.633 x Kg,$5.633 x Kg,https://www.unimarc.cl/ensalada-repollo-zanahoria-dole-300-gr/p,https://unimarc.vtexassets.com/arquivos/ids/213606/000000000000137448-UN-01.jpg?v=637546933882870000,Frutos secos,Ensaladas listas,https://www.unimarc.cl/category/frutas-y-verduras/verduras/ensaladas-listas,https://www.unimarc.cl/_next/data/0ucQ92dO_m9T9joH0FjVV/category/frutas-y-verduras/verduras/ensaladas-listas.json?categories=frutas-y-verduras&categories=verduras&categories=ensaladas-listas,2026-02-19T15:53:24
13741,Ensalada de apio Dole bolsa 420 g,Dole,1 un,Kg,2290,2290,,False,,$5.452 x Kg,$5.452 x Kg,https://www.unimarc.cl/ensalada-apio-420-grs-dole/p,https://unimarc.vtexassets.com/arquivos/ids/213621/000000000000137445-UN-01.jpg?v=637546944783000000,Frutos secos,Ensaladas listas,https://www.unimarc.cl/category/frutas-y-verduras/verduras/ensaladas-listas,https://www.unimarc.cl/_next/data/0ucQ92dO_m9T9joH0FjVV/category/frutas-y-verduras/verduras/ensaladas-listas.json?categories=frutas-y-verduras&categories=verduras&categories=ensaladas-listas,2026-02-19T15:53:24
91031,Ensalada coleslaw salad kit Proverde 300 g,Proverde,1 un,Kg,2890,2890,,False,,$9.633 x Kg,$9.633 x Kg,https://www.unimarc.cl/ensalada-kit-coleslaw-proverde-300-gr/p,https://unimarc.vtexassets.com/arquivos/ids/248139/000000000000675014-UN-01.jpg?v=638804912479070000,Frutos secos,Ensaladas listas,https://www.unimarc.cl/category/frutas-y-verduras/verduras/ensaladas-listas,https://www.unimarc.cl/_next/data/0ucQ92dO_m9T9joH0FjVV/category/frutas-y-verduras/verduras/ensaladas-listas.json?categories=frutas-y-verduras&categories=verduras&categories=ensaladas-listas,2026-02-19T15:53:24
91033,Ensalada italiana salad kit Proverde 300 g,Proverde,1 un,Kg,2890,2890,,False,,$9.633 x Kg,$9.633 x Kg,https://www.unimarc.cl/ensalada-kit-italiana-proverde-300-gr/p,https://unimarc.vtexassets.com/arquivos/ids/248141/000000000000675016-UN-01.jpg?v=638804912484830000,Frutos secos,Ensaladas listas,https://www.unimarc.cl/category/frutas-y-verduras/verduras/ensaladas-listas,https://www.unimarc.cl/_next/data/0ucQ92dO_m9T9joH0FjVV/category/frutas-y-verduras/verduras/ensaladas-listas.json?categories=frutas-y-verduras&categories=verduras&categories=ensaladas-listas,2026-02-19T15:53:24
90324,Ensalada toscana Proverde 180 g,Proverde,1 un,Kg,1290,1290,,False,,$7.167 x Kg,$7.167 x Kg,https://www.unimarc.cl/ensalada-toscana-proverde-180-gr/p,https://unimarc.vtexassets.com/arquivos/ids/248170/000000000000673477-UN-01.jpg.jpg?v=638805172632100000,Frutos secos,Ensaladas listas,https://www.unimarc.cl/category/frutas-y-verduras/verduras/ensaladas-listas,https://www.unimarc.cl/_next/data/0ucQ92dO_m9T9joH0FjVV/category/frutas-y-verduras/verduras/ensaladas-listas.json?categories=frutas-y-verduras&categories=verduras&categories=ensaladas-listas,2026-02-19T15:53:24
91207,Ensalada Genial toscana roble bolsa 200 g ENSALADA TOSCANA ROBLE GENIAL 200 GR,Genial,1 un,Kg,2190,2190,,False,,$10.950 x Kg,$10.950 x Kg,https://www.unimarc.cl/ensalada-toscana-roble-genial-200-gr/p,https://unimarc.vtexassets.com/arquivos/ids/248024/000000000000675554-UN-01.jpg?v=638798953302470000,Frutos secos,Ensaladas listas,https://www.unimarc.cl/category/frutas-y-verduras/verduras/ensaladas-listas,https://www.unimarc.cl/_next/data/0ucQ92dO_m9T9joH0FjVV/category/frutas-y-verduras/verduras/ensaladas-listas.json?categories=frutas-y-verduras&categories=verduras&categories=ensaladas-listas,2026-02-19T15:53:24
931,Salsa verde Genial pote 200 g,Apostoles,1 un,Kg,1990,1990,,False,,$9.950 x Kg,$9.950 x Kg,https://www.unimarc.cl/salsa-verde-genial-200gr/p,https://unimarc.vtexassets.com/arquivos/ids/188459/Salsa-Verde-Genial-200Gr-1-8399.jpg?v=637037231109230000,Frutos secos,Ensaladas listas,https://www.unimarc.cl/category/frutas-y-verduras/verduras/ensaladas-listas,https://www.unimarc.cl/_next/data/0ucQ92dO_m9T9joH0FjVV/category/frutas-y-verduras/verduras/ensaladas-listas.json?categories=frutas-y-verduras&categories=verduras&categories=ensaladas-listas,2026-02-19T15:53:24
12068,Ensalada de apio Dole en varitas bolsa 400 g,Dole,1 un,Kg,2490,2490,,False,,$8.300 x Kg,$8.300 x Kg,https://www.unimarc.cl/ensalada-apio-varitas-400-gr/p,https://unimarc.vtexassets.com/arquivos/ids/213622/000000000000124788-UN-01.jpg?v=637546945606100000,Frutos secos,Ensaladas listas,https://www.unimarc.cl/category/frutas-y-verduras/verduras/ensaladas-listas,https://www.unimarc.cl/_next/data/0ucQ92dO_m9T9joH0FjVV/category/frutas-y-verduras/verduras/ensaladas-listas.json?categories=frutas-y-verduras&categories=verduras&categories=ensaladas-listas,2026-02-19T15:53:24
14587,Espinaca Freshcut bandeja 500 g,Frutas Y Verduras,1 un,Kg,3590,3590,,False,,$7.180 x Kg,$7.180 x Kg,https://www.unimarc.cl/espinaca-gourmet-pote-500-grs-valle-cent/p,https://unimarc.vtexassets.com/arquivos/ids/173353/000000000000540458-UN.png?v=636631940574970000,Frutos secos,Ensaladas listas,https://www.unimarc.cl/category/frutas-y-verduras/verduras/ensaladas-listas,https://www.unimarc.cl/_next/data/0ucQ92dO_m9T9joH0FjVV/category/frutas-y-verduras/verduras/ensaladas-listas.json?categories=frutas-y-verduras&categories=verduras&categories=ensaladas-listas,2026-02-19T15:53:24
90320,Ensalada zanahoria Proverde 180 g,Proverde,1 un,Kg,990,990,,False,,$5.500 x Kg,$5.500 x Kg,https://www.unimarc.cl/ensalada-zanahoria-proverde-180-gr/p,https://unimarc.vtexassets.com/arquivos/ids/248172/000000000000673479-UN-01.jpg.jpg?v=638805174487230000,Frutos secos,Ensaladas listas,https://www.unimarc.cl/category/frutas-y-verduras/verduras/ensaladas-listas,https://www.unimarc.cl/_next/data/0ucQ92dO_m9T9joH0FjVV/category/frutas-y-verduras/verduras/ensaladas-listas.json?categories=frutas-y-verduras&categories=verduras&categories=ensaladas-listas,2026-02-19T15:53:24
34472,Chapsui especial más vida bandeja 300 g.,Frutas Y Verduras,1 un,Kg,2490,2490,,False,,$8.300 x Kg,$8.300 x Kg,https://www.unimarc.cl/chapsui-especial-300-grs-bdja/p,https://unimarc.vtexassets.com/arquivos/ids/187692/Chapsui-especial-Mas-Vida-bandeja-300-g-1-7012.jpg?v=637020200134500000,Frutos secos,Ensaladas listas,https://www.unimarc.cl/category/frutas-y-verduras/verduras/ensaladas-listas,https://www.unimarc.cl/_next/data/0ucQ92dO_m9T9joH0FjVV/category/frutas-y-verduras/verduras/ensaladas-listas.json?categories=frutas-y-verduras&categories=verduras&categories=ensaladas-listas,2026-02-19T15:53:24
14524,Mix repollo y zanahoria Genial bolsa 300 g,Apostoles,1 un,Kg,1690,1690,,False,,$5.633 x Kg,$5.633 x Kg,https://www.unimarc.cl/mezcla-repollo-zanahoria-genial-300gr/p,https://unimarc.vtexassets.com/arquivos/ids/233072/000000000000284261-UN-01.jpg?v=638188140828170000,Frutos secos,Ensaladas listas,https://www.unimarc.cl/category/frutas-y-verduras/verduras/ensaladas-listas,https://www.unimarc.cl/_next/data/0ucQ92dO_m9T9joH0FjVV/category/frutas-y-verduras/verduras/ensaladas-listas.json?categories=frutas-y-verduras&categories=verduras&categories=ensaladas-listas,2026-02-19T15:53:24
14527,Zanahoria juliana Genial bolsa 300 g,Genial,1 un,Kg,1790,1790,,False,,$5.967 x Kg,$5.967 x Kg,https://www.unimarc.cl/zanahoria-juliana-genial-300-gr/p,https://unimarc.vtexassets.com/arquivos/ids/233074/000000000000284269-UN-01.jpg?v=638188147184130000,Frutos secos,Ensaladas listas,https://www.unimarc.cl/category/frutas-y-verduras/verduras/ensaladas-listas,https://www.unimarc.cl/_next/data/0ucQ92dO_m9T9joH0FjVV/category/frutas-y-verduras/verduras/ensaladas-listas.json?categories=frutas-y-verduras&categories=verduras&categories=ensaladas-listas,2026-02-19T15:53:24
929,Apio juliana Genial 300 g,Genial,1 un,Kg,2890,2890,,False,,$9.633 x Kg,$9.633 x Kg,https://www.unimarc.cl/apio-juliana-genial-300-gr/p,https://unimarc.vtexassets.com/arquivos/ids/233069/000000000000284246-UN-01.jpg?v=638188137486800000,Frutos secos,Ensaladas listas,https://www.unimarc.cl/category/frutas-y-verduras/verduras/ensaladas-listas,https://www.unimarc.cl/_next/data/0ucQ92dO_m9T9joH0FjVV/category/frutas-y-verduras/verduras/ensaladas-listas.json?categories=frutas-y-verduras&categories=verduras&categories=ensaladas-listas,2026-02-19T15:53:24
91032,Ensalada asiática salad kit  Proverde 300 g,Proverde,1 un,Kg,2890,2890,,False,,$9.633 x Kg,$9.633 x Kg,https://www.unimarc.cl/ensalada-kit-asiatica-proverde-300-gr/p,https://unimarc.vtexassets.com/arquivos/ids/248140/000000000000675015-UN-01.jpg?v=638804912482170000,Frutos secos,Ensaladas listas,https://www.unimarc.cl/category/frutas-y-verduras/verduras/ensaladas-listas,https://www.unimarc.cl/_next/data/0ucQ92dO_m9T9joH0FjVV/category/frutas-y-verduras/verduras/ensaladas-listas.json?categories=frutas-y-verduras&categories=verduras&categories=ensaladas-listas,2026-02-19T15:53:24
73575,Ensalada toscana Proverde 300 g,Proverde,1 un,Kg,1990,1990,,False,,$6.633 x Kg,$6.633 x Kg,https://www.unimarc.cl/ensalada-toscana-proverde-300-g/p,https://unimarc.vtexassets.com/arquivos/ids/234794/000000000000648299-UN-01.jpg?v=638258053693370000,Frutos secos,Ensaladas listas,https://www.unimarc.cl/category/frutas-y-verduras/verduras/ensaladas-listas,https://www.unimarc.cl/_next/data/0ucQ92dO_m9T9joH0FjVV/category/frutas-y-verduras/verduras/ensaladas-listas.json?categories=frutas-y-verduras&categories=verduras&categories=ensaladas-listas,2026-02-19T15:53:24
13806,Lechuga escarola Genial 300 g,Genial,1 un,Kg,1890,1890,,False,,$6.300 x Kg,$6.300 x Kg,https://www.unimarc.cl/lechuga-escarola-genial-300-gr/p,https://unimarc.vtexassets.com/arquivos/ids/233071/000000000000284252-UN-01.jpg?v=638188138735970000,Frutos secos,Ensaladas listas,https://www.unimarc.cl/category/frutas-y-verduras/verduras/ensaladas-listas,https://www.unimarc.cl/_next/data/0ucQ92dO_m9T9joH0FjVV/category/frutas-y-verduras/verduras/ensaladas-listas.json?categories=frutas-y-verduras&categories=verduras&categories=ensaladas-listas,2026-02-19T15:53:24
9894,Ensalada Toscana Dole bolsa 300 g,Dole,1 un,Kg,1990,1990,,False,,$6.633 x Kg,$6.633 x Kg,https://www.unimarc.cl/ensalada-toscana-dole-300-g/p,https://unimarc.vtexassets.com/arquivos/ids/213613/000000000000189612-UN-01.jpg?v=637546938295030000,Frutos secos,Ensaladas listas,https://www.unimarc.cl/category/frutas-y-verduras/verduras/ensaladas-listas,https://www.unimarc.cl/_next/data/0ucQ92dO_m9T9joH0FjVV/category/frutas-y-verduras/verduras/ensaladas-listas.json?categories=frutas-y-verduras&categories=verduras&categories=ensaladas-listas,2026-02-19T15:53:24
32756,Ensalada hojas verdes Pura hoja 150 g,Punto Azul,1 un,Kg,3290,3290,,False,,$21.933 x Kg,$21.933 x Kg,https://www.unimarc.cl/ensalada-hojas-verdes-punto-azul-150-g/p,https://unimarc.vtexassets.com/arquivos/ids/230528/000000000000633084-UN-01.jpg?v=638041185608270000,Frutos secos,Ensaladas listas,https://www.unimarc.cl/category/frutas-y-verduras/verduras/ensaladas-listas,https://www.unimarc.cl/_next/data/0ucQ92dO_m9T9joH0FjVV/category/frutas-y-verduras/verduras/ensaladas-listas.json?categories=frutas-y-verduras&categories=verduras&categories=ensaladas-listas,2026-02-19T15:53:24
73580,Ensalada repollo zanahoria Proverde 300 g,Proverde,1 un,Kg,1990,1990,,False,,$6.633 x Kg,$6.633 x Kg,https://www.unimarc.cl/ensalada-repollo-zanah-punto-azul-300-gr/p,https://unimarc.vtexassets.com/arquivos/ids/234799/000000000000648304-UN-01.jpg?v=638258058477770000,Frutos secos,Ensaladas listas,https://www.unimarc.cl/category/frutas-y-verduras/verduras/ensaladas-listas,https://www.unimarc.cl/_next/data/0ucQ92dO_m9T9joH0FjVV/category/frutas-y-verduras/verduras/ensaladas-listas.json?categories=frutas-y-verduras&categories=verduras&categories=ensaladas-listas,2026-02-19T15:53:24
73583,Ensalada espinaca Proverde 200 g,Proverde,1 un,Kg,1890,1890,,False,,$9.450 x Kg,$9.450 x Kg,https://www.unimarc.cl/ensalada-espinaca-proverde-200-g/p,https://unimarc.vtexassets.com/arquivos/ids/234802/000000000000648307-UN-01.jpg?v=638258061481530000,Frutos secos,Ensaladas listas,https://www.unimarc.cl/category/frutas-y-verduras/verduras/ensaladas-listas,https://www.unimarc.cl/_next/data/0ucQ92dO_m9T9joH0FjVV/category/frutas-y-verduras/verduras/ensaladas-listas.json?categories=frutas-y-verduras&categories=verduras&categories=ensaladas-listas,2026-02-19T15:53:24
91030,Ensalada césar salad kit Proverde 250 g,Proverde,1 un,Kg,2890,2890,,False,,$11.560 x Kg,$11.560 x Kg,https://www.unimarc.cl/ensalada-kit-cesar-proverde-250-gr/p,https://unimarc.vtexassets.com/arquivos/ids/248138/000000000000675013-UN-01.jpg?v=638804912475970000,Frutos secos,Ensaladas listas,https://www.unimarc.cl/category/frutas-y-verduras/verduras/ensaladas-listas,https://www.unimarc.cl/_next/data/0ucQ92dO_m9T9joH0FjVV/category/frutas-y-verduras/verduras/ensaladas-listas.json?categories=frutas-y-verduras&categories=verduras&categories=ensaladas-listas,2026-02-19T15:53:24
928,Apio media luna Genial 500 g,Genial,1 un,Kg,2890,2890,,False,,$5.780 x Kg,$5.780 x Kg,https://www.unimarc.cl/apio-media-luna-genial-500-gr/p,https://unimarc.vtexassets.com/arquivos/ids/233068/000000000000284245-UN-01.jpg?v=638188136897800000,Frutos secos,Ensaladas listas,https://www.unimarc.cl/category/frutas-y-verduras/verduras/ensaladas-listas,https://www.unimarc.cl/_next/data/0ucQ92dO_m9T9joH0FjVV/category/frutas-y-verduras/verduras/ensaladas-listas.json?categories=frutas-y-verduras&categories=verduras&categories=ensaladas-listas,2026-02-19T15:53:24
73581,Ensalada apio juliana Proverde 300 g,Proverde,1 un,Kg,2790,2790,,False,,$9.300 x Kg,$9.300 x Kg,https://www.unimarc.cl/ensalada-apio-juliana-proverde-300-g/p,https://unimarc.vtexassets.com/arquivos/ids/235100/000000000000648305-UN-01.jpg?v=638270201185200000,Frutos secos,Ensaladas listas,https://www.unimarc.cl/category/frutas-y-verduras/verduras/ensaladas-listas,https://www.unimarc.cl/_next/data/0ucQ92dO_m9T9joH0FjVV/category/frutas-y-verduras/verduras/ensaladas-listas.json?categories=frutas-y-verduras&categories=verduras&categories=ensaladas-listas,2026-02-19T15:53:24
14526,Repollo picado Apostoles 300 g,Genial,1 un,Kg,1790,1790,,False,,$5.967 x Kg,$5.967 x Kg,https://www.unimarc.cl/repollo-picado-genial-300-gr/p,https://unimarc.vtexassets.com/arquivos/ids/233073/000000000000284266-UN-01.jpg?v=638188146510230000,Frutos secos,Ensaladas listas,https://www.unimarc.cl/category/frutas-y-verduras/verduras/ensaladas-listas,https://www.unimarc.cl/_next/data/0ucQ92dO_m9T9joH0FjVV/category/frutas-y-verduras/verduras/ensaladas-listas.json?categories=frutas-y-verduras&categories=verduras&categories=ensaladas-listas,2026-02-19T15:53:24
73578,Ensalada lechuga escarola Proverde 300 g,Proverde,1 un,Kg,1990,1990,,False,,$6.633 x Kg,$6.633 x Kg,https://www.unimarc.cl/ensalada-lechuga-escarola-proverde-300-g/p,https://unimarc.vtexassets.com/arquivos/ids/234798/000000000000648302-UN-01.jpg?v=638258057850900000,Frutos secos,Ensaladas listas,https://www.unimarc.cl/category/frutas-y-verduras/verduras/ensaladas-listas,https://www.unimarc.cl/_next/data/0ucQ92dO_m9T9joH0FjVV/category/frutas-y-verduras/verduras/ensaladas-listas.json?categories=frutas-y-verduras&categories=verduras&categories=ensaladas-listas,2026-02-19T15:53:24
73574,Ensalada zanahoria Proverde 300 g,Proverde,1 un,Kg,1990,1990,,False,,$6.633 x Kg,$6.633 x Kg,https://www.unimarc.cl/ensalada-zanahoria-proverde-300-g/p,https://unimarc.vtexassets.com/arquivos/ids/234793/000000000000648298-UN-01.jpg?v=638258053071270000,Frutos secos,Ensaladas listas,https://www.unimarc.cl/category/frutas-y-verduras/verduras/ensaladas-listas,https://www.unimarc.cl/_next/data/0ucQ92dO_m9T9joH0FjVV/category/frutas-y-verduras/verduras/ensaladas-listas.json?categories=frutas-y-verduras&categories=verduras&categories=ensaladas-listas,2026-02-19T15:53:24
13742,Ensalada repollo blanco Dole 300 g,Dole,1 un,Kg,1790,1790,,False,,$5.967 x Kg,$5.967 x Kg,https://www.unimarc.cl/ensalada-repollo-blanco-dole-300-gr/p,https://unimarc.vtexassets.com/arquivos/ids/213604/000000000000137446-UN-01.jpg?v=637546932536900000,Frutos secos,Ensaladas listas,https://www.unimarc.cl/category/frutas-y-verduras/verduras/ensaladas-listas,https://www.unimarc.cl/_next/data/0ucQ92dO_m9T9joH0FjVV/category/frutas-y-verduras/verduras/ensaladas-listas.json?categories=frutas-y-verduras&categories=verduras&categories=ensaladas-listas,2026-02-19T15:53:24
14523,Ensalada toscana Genial 300 g,Genial,1 un,Kg,1990,1990,,False,,$6.633 x Kg,$6.633 x Kg,https://www.unimarc.cl/toscana-genial-300gr/p,https://unimarc.vtexassets.com/arquivos/ids/233078/frontal-8392.jpg?v=638188149635700000,Frutos secos,Ensaladas listas,https://www.unimarc.cl/category/frutas-y-verduras/verduras/ensaladas-listas,https://www.unimarc.cl/_next/data/0ucQ92dO_m9T9joH0FjVV/category/frutas-y-verduras/verduras/ensaladas-listas.json?categories=frutas-y-verduras&categories=verduras&categories=ensaladas-listas,2026-02-19T15:53:24
73577,Ensalada repollo morado Punto Azul 300 g,Proverde,1 un,Kg,1990,1990,,False,,$6.633 x Kg,$6.633 x Kg,https://www.unimarc.cl/ensalada-repollo-morado-punto-azul-300gr/p,https://unimarc.vtexassets.com/arquivos/ids/234797/000000000000648301-UN-01.jpg?v=638258055334930000,Frutos secos,Ensaladas listas,https://www.unimarc.cl/category/frutas-y-verduras/verduras/ensaladas-listas,https://www.unimarc.cl/_next/data/0ucQ92dO_m9T9joH0FjVV/category/frutas-y-verduras/verduras/ensaladas-listas.json?categories=frutas-y-verduras&categories=verduras&categories=ensaladas-listas,2026-02-19T15:53:24
91209,Ensalada coleslaw Genial 300Gr ENSALADA COLESLAW GENIAL 300 GR,Genial,1 un,Kg,1990,1990,,False,,$6.633 x Kg,$6.633 x Kg,https://www.unimarc.cl/ensalada-coleslaw-genial-300-gr/p,https://unimarc.vtexassets.com/arquivos/ids/252394/000000000000675556-UN-01.jpg?v=638972626324470000,Frutos secos,Ensaladas listas,https://www.unimarc.cl/category/frutas-y-verduras/verduras/ensaladas-listas,https://www.unimarc.cl/_next/data/0ucQ92dO_m9T9joH0FjVV/category/frutas-y-verduras/verduras/ensaladas-listas.json?categories=frutas-y-verduras&categories=verduras&categories=ensaladas-listas,2026-02-19T15:53:24
73576,Ensalada repollo blanco Proverde 300 g,Proverde,1 un,Kg,1790,1790,,False,,$5.967 x Kg,$5.967 x Kg,https://www.unimarc.cl/ensalada-repollo-blanco-proverde-300-g/p,https://unimarc.vtexassets.com/arquivos/ids/234796/000000000000648300-UN-01.jpg?v=638258054711300000,Frutos secos,Ensaladas listas,https://www.unimarc.cl/category/frutas-y-verduras/verduras/ensaladas-listas,https://www.unimarc.cl/_next/data/0ucQ92dO_m9T9joH0FjVV/category/frutas-y-verduras/verduras/ensaladas-listas.json?categories=frutas-y-verduras&categories=verduras&categories=ensaladas-listas,2026-02-19T15:53:24
59498,Limón Vegus orgánico malla 1 Kg,Frutas Y Verduras,1 un,Kg,2390,2390,,False,,$2.390 x Kg,$2.390 x Kg,https://www.unimarc.cl/limon-organico-malla-1-kg-2/p,https://unimarc.vtexassets.com/arquivos/ids/204768/000000000000638625-UN-01.jpg?v=637407271799870000,Frutos secos,Verduras orgánicas,https://www.unimarc.cl/category/frutas-y-verduras/verduras/verduras-organicas,https://www.unimarc.cl/_next/data/0ucQ92dO_m9T9joH0FjVV/category/frutas-y-verduras/verduras/verduras-organicas.json?categories=frutas-y-verduras&categories=verduras&categories=verduras-organicas,2026-02-19T15:53:30
78509,Romero Ecocultiva orgánico pote 25 g,Ecocultiva,1 un,Kg,990,990,,False,,$39.600 x Kg,$39.600 x Kg,https://www.unimarc.cl/romero-organico-ecocultiva-25-gr/p,https://unimarc.vtexassets.com/arquivos/ids/224349/000000000000652551-UN-01.jpg?v=637813954931300000,Frutos secos,Verduras orgánicas,https://www.unimarc.cl/category/frutas-y-verduras/verduras/verduras-organicas,https://www.unimarc.cl/_next/data/0ucQ92dO_m9T9joH0FjVV/category/frutas-y-verduras/verduras/verduras-organicas.json?categories=frutas-y-verduras&categories=verduras&categories=verduras-organicas,2026-02-19T15:53:30
14534,Ensalada mixed baby greens Ecocultiva 150 g,Ecocultiva,1 un,Kg,2790,2790,,False,,$18.600 x Kg,$18.600 x Kg,https://www.unimarc.cl/mixed-baby-green-bioinvest-150-gr/p,https://unimarc.vtexassets.com/arquivos/ids/232817/000000000000313802-UN-01.jpg?v=638176028200400000,Frutos secos,Verduras orgánicas,https://www.unimarc.cl/category/frutas-y-verduras/verduras/verduras-organicas,https://www.unimarc.cl/_next/data/0ucQ92dO_m9T9joH0FjVV/category/frutas-y-verduras/verduras/verduras-organicas.json?categories=frutas-y-verduras&categories=verduras&categories=verduras-organicas,2026-02-19T15:53:30
14410,Ensalada asian salad mix Ecocultiva orgánico 150 g,Ecocultiva,1 un,Kg,2790,2790,,False,,$18.600 x Kg,$18.600 x Kg,https://www.unimarc.cl/asian-salad-mix-organico-bioinvest-150gr/p,https://unimarc.vtexassets.com/arquivos/ids/211239/000000000000023850-UN-01.jpg?v=637526231752070000,Frutos secos,Verduras orgánicas,https://www.unimarc.cl/category/frutas-y-verduras/verduras/verduras-organicas,https://www.unimarc.cl/_next/data/0ucQ92dO_m9T9joH0FjVV/category/frutas-y-verduras/verduras/verduras-organicas.json?categories=frutas-y-verduras&categories=verduras&categories=verduras-organicas,2026-02-19T15:53:30
33757,Rúcula Ecocultiva orgánica 200 g,Ecocultiva,1 un,Kg,2390,2390,,False,,$11.950 x Kg,$11.950 x Kg,https://www.unimarc.cl/rucula-organica-200-grs/p,https://unimarc.vtexassets.com/arquivos/ids/211241/000000000000119472-UN-01.jpg?v=637526233112700000,Frutos secos,Verduras orgánicas,https://www.unimarc.cl/category/frutas-y-verduras/verduras/verduras-organicas,https://www.unimarc.cl/_next/data/0ucQ92dO_m9T9joH0FjVV/category/frutas-y-verduras/verduras/verduras-organicas.json?categories=frutas-y-verduras&categories=verduras&categories=verduras-organicas,2026-02-19T15:53:30
78510,Kale Ecocultiva orgánico 150 g,Ecocultiva,1 un,Kg,1990,1990,,False,,$13.267 x Kg,$13.267 x Kg,https://www.unimarc.cl/kale-organico-ecocultiva-150-gr/p,https://unimarc.vtexassets.com/arquivos/ids/232819/000000000000652552-UN-01.jpg?v=638176032650470000,Frutos secos,Verduras orgánicas,https://www.unimarc.cl/category/frutas-y-verduras/verduras/verduras-organicas,https://www.unimarc.cl/_next/data/0ucQ92dO_m9T9joH0FjVV/category/frutas-y-verduras/verduras/verduras-organicas.json?categories=frutas-y-verduras&categories=verduras&categories=verduras-organicas,2026-02-19T15:53:30
13737,Espinaca Ecocultiva orgánica 200 g,Ecocultiva,1 un,Kg,2890,2890,,False,,$14.450 x Kg,$14.450 x Kg,https://www.unimarc.cl/espinaca-organica-ecocultiva-200-gr/p,https://unimarc.vtexassets.com/arquivos/ids/232816/000000000000133345-UN-01.jpg?v=638176027099970000,Frutos secos,Verduras orgánicas,https://www.unimarc.cl/category/frutas-y-verduras/verduras/verduras-organicas,https://www.unimarc.cl/_next/data/0ucQ92dO_m9T9joH0FjVV/category/frutas-y-verduras/verduras/verduras-organicas.json?categories=frutas-y-verduras&categories=verduras&categories=verduras-organicas,2026-02-19T15:53:30
40691,Mix natural Frutisa sin sal pote 300 g,Frutisa,1 un,Kg,2990,2990,,False,,$9.967 x Kg,$9.967 x Kg,https://www.unimarc.cl/mix-nat-s-sal-300-gr-frutisa/p,https://unimarc.vtexassets.com/arquivos/ids/229825/000000000000339973-UN-01.jpg?v=638018018248770000,Frutos secos,Frutos secos,https://www.unimarc.cl/category/frutas-y-verduras/frutos-secos,https://www.unimarc.cl/_next/data/0ucQ92dO_m9T9joH0FjVV/category/frutas-y-verduras/frutos-secos.json?categories=frutas-y-verduras&categories=frutos-secos,2026-02-19T15:53:38
82085,Mix frutos del bosque Tribu 700 g,Tribu,1 un,Kg,8750,8750,,False,,$12.500 x Kg,$12.500 x Kg,https://www.unimarc.cl/mix-frutos-del-bosque-tribu-700-gr/p,https://unimarc.vtexassets.com/arquivos/ids/227382/000000000000659340-UN-01.jpg?v=637904768023230000,Frutos secos,Frutos secos,https://www.unimarc.cl/category/frutas-y-verduras/frutos-secos,https://www.unimarc.cl/_next/data/0ucQ92dO_m9T9joH0FjVV/category/frutas-y-verduras/frutos-secos.json?categories=frutas-y-verduras&categories=frutos-secos,2026-02-19T15:53:38
82086,Mix cajuna Tribu 700 g,Tribu,1 un,Kg,8750,8750,,False,,$12.500 x Kg,$12.500 x Kg,https://www.unimarc.cl/mix-cajuna-tribu-700-gr/p,https://unimarc.vtexassets.com/arquivos/ids/227383/000000000000659341-UN-01.jpg?v=637904770665030000,Frutos secos,Frutos secos,https://www.unimarc.cl/category/frutas-y-verduras/frutos-secos,https://www.unimarc.cl/_next/data/0ucQ92dO_m9T9joH0FjVV/category/frutas-y-verduras/frutos-secos.json?categories=frutas-y-verduras&categories=frutos-secos,2026-02-19T15:53:38
82088,Mix puro nuts Tribu 700 g,Tribu,1 un,Kg,8750,8750,,False,,$12.500 x Kg,$12.500 x Kg,https://www.unimarc.cl/mix-puro-nuts-tribu-700-gr/p,https://unimarc.vtexassets.com/arquivos/ids/227385/000000000000659343-UN-01.jpg?v=637904777638800000,Frutos secos,Frutos secos,https://www.unimarc.cl/category/frutas-y-verduras/frutos-secos,https://www.unimarc.cl/_next/data/0ucQ92dO_m9T9joH0FjVV/category/frutas-y-verduras/frutos-secos.json?categories=frutas-y-verduras&categories=frutos-secos,2026-02-19T15:53:38
34882,Mix salado Frutisa 300 g,Frutisa,1 un,Kg,3490,3490,,False,,$11.633 x Kg,$11.633 x Kg,https://www.unimarc.cl/mix-salado-300-gr-frutisa/p,https://unimarc.vtexassets.com/arquivos/ids/231991/000000000000339986-UN-01.jpg?v=638103408422830000,Frutos secos,Frutos secos,https://www.unimarc.cl/category/frutas-y-verduras/frutos-secos,https://www.unimarc.cl/_next/data/0ucQ92dO_m9T9joH0FjVV/category/frutas-y-verduras/frutos-secos.json?categories=frutas-y-verduras&categories=frutos-secos,2026-02-19T15:53:38
81457,Almendra natural granel 200 g,Frutos Secos Granel,200 g,Kg,2958,2958,,False,,$14.790 x Kg,$14.790 x Kg,https://www.unimarc.cl/almendra-natural-almifrut-kg/p,https://unimarc.vtexassets.com/arquivos/ids/233476/000000000000656934-KG-01.jpg?v=638204658614900000,Frutos secos,Frutos secos,https://www.unimarc.cl/category/frutas-y-verduras/frutos-secos,https://www.unimarc.cl/_next/data/0ucQ92dO_m9T9joH0FjVV/category/frutas-y-verduras/frutos-secos.json?categories=frutas-y-verduras&categories=frutos-secos,2026-02-19T15:53:38
5431,Nuez partida Frutisa pote 200 g,Frutisa,1 un,Kg,5290,5290,,False,,$26.450 x Kg,$26.450 x Kg,https://www.unimarc.cl/nuez-partida-frutisa-200-gr/p,https://unimarc.vtexassets.com/arquivos/ids/229833/000000000000558740-UN-01.jpg?v=638018024895800000,Frutos secos,Frutos secos,https://www.unimarc.cl/category/frutas-y-verduras/frutos-secos,https://www.unimarc.cl/_next/data/0ucQ92dO_m9T9joH0FjVV/category/frutas-y-verduras/frutos-secos.json?categories=frutas-y-verduras&categories=frutos-secos,2026-02-19T15:53:38
81250,Maní confitado granel 200 g,Frutos Secos Granel,200 g,Kg,958,958,,False,,$4.790 x Kg,$4.790 x Kg,https://www.unimarc.cl/mani-confitado-almifrut-kg/p,https://unimarc.vtexassets.com/arquivos/ids/233461/000000000000650691-KG-01.jpg?v=638204542142170000,Frutos secos,Frutos secos,https://www.unimarc.cl/category/frutas-y-verduras/frutos-secos,https://www.unimarc.cl/_next/data/0ucQ92dO_m9T9joH0FjVV/category/frutas-y-verduras/frutos-secos.json?categories=frutas-y-verduras&categories=frutos-secos,2026-02-19T15:53:38
5024,Pasas morenas Frutisa pote 290 g,Frutisa,1 un,Kg,2290,2290,,False,,$7.633 x Kg,$7.633 x Kg,https://www.unimarc.cl/pasa-morena-ag-frutisa-pote-300-gr/p,https://unimarc.vtexassets.com/arquivos/ids/231993/000000000000339977-UN-01.jpg?v=638103409871300000,Frutos secos,Frutos secos,https://www.unimarc.cl/category/frutas-y-verduras/frutos-secos,https://www.unimarc.cl/_next/data/0ucQ92dO_m9T9joH0FjVV/category/frutas-y-verduras/frutos-secos.json?categories=frutas-y-verduras&categories=frutos-secos,2026-02-19T15:53:38
81237,Higos secos granel 200 g,Frutos Secos Granel,200 g,Kg,2088,2088,,False,,$10.440 x Kg,$10.440 x Kg,https://www.unimarc.cl/higo-seco-almifrut-kg/p,https://unimarc.vtexassets.com/arquivos/ids/233486/000000000000650678-KG-01.jpg?v=638204713794170000,Frutos secos,Frutos secos,https://www.unimarc.cl/category/frutas-y-verduras/frutos-secos,https://www.unimarc.cl/_next/data/0ucQ92dO_m9T9joH0FjVV/category/frutas-y-verduras/frutos-secos.json?categories=frutas-y-verduras&categories=frutos-secos,2026-02-19T15:53:38
91779,Topping mix Frutisa thai 100 g,Frutisa,1 un,Kg,2990,2990,,False,,$29.900 x Kg,$29.900 x Kg,https://www.unimarc.cl/topping-mix-thai-frutisa-100-gr/p,https://unimarc.vtexassets.com/arquivos/ids/250333/000000000000681098-UN-01.jpg?v=638899165306630000,Frutos secos,Frutos secos,https://www.unimarc.cl/category/frutas-y-verduras/frutos-secos,https://www.unimarc.cl/_next/data/0ucQ92dO_m9T9joH0FjVV/category/frutas-y-verduras/frutos-secos.json?categories=frutas-y-verduras&categories=frutos-secos,2026-02-19T15:53:38
82087,Mix power mix Tribu 700 g,Tribu,1 un,Kg,8750,8750,,False,,$12.500 x Kg,$12.500 x Kg,https://www.unimarc.cl/mix-power-mix-tribu-700-gr/p,https://unimarc.vtexassets.com/arquivos/ids/227384/000000000000659342-UN-01.jpg?v=637904773303400000,Frutos secos,Frutos secos,https://www.unimarc.cl/category/frutas-y-verduras/frutos-secos,https://www.unimarc.cl/_next/data/0ucQ92dO_m9T9joH0FjVV/category/frutas-y-verduras/frutos-secos.json?categories=frutas-y-verduras&categories=frutos-secos,2026-02-19T15:53:38
81241,Banana deshidratada granel 200 g,Frutos Secos Granel,200 g,Kg,1920,1920,,False,,$9.600 x Kg,$9.600 x Kg,https://www.unimarc.cl/banana-deshidratada-almifrut-kg/p,https://unimarc.vtexassets.com/arquivos/ids/233489/000000000000650682-KG-01.jpg?v=638204722172630000,Frutos secos,Frutos secos,https://www.unimarc.cl/category/frutas-y-verduras/frutos-secos,https://www.unimarc.cl/_next/data/0ucQ92dO_m9T9joH0FjVV/category/frutas-y-verduras/frutos-secos.json?categories=frutas-y-verduras&categories=frutos-secos,2026-02-19T15:53:38
91782,Topping mix Frutisa chilli 100 g,Frutisa,1 un,Kg,2990,2990,,False,,$29.900 x Kg,$29.900 x Kg,https://www.unimarc.cl/topping-mix-chilli-frutisa-100-gr/p,https://unimarc.vtexassets.com/arquivos/ids/250332/000000000000681097-UN-01.jpg?v=638899165086470000,Frutos secos,Frutos secos,https://www.unimarc.cl/category/frutas-y-verduras/frutos-secos,https://www.unimarc.cl/_next/data/0ucQ92dO_m9T9joH0FjVV/category/frutas-y-verduras/frutos-secos.json?categories=frutas-y-verduras&categories=frutos-secos,2026-02-19T15:53:38
83214,Maní tostado granel 200 g,Frutos Secos Granel,200 g,Kg,990,990,,False,,$4.950 x Kg,$4.950 x Kg,https://www.unimarc.cl/mani-tostado-almifrut-kg/p,https://unimarc.vtexassets.com/arquivos/ids/233480/000000000000649863-KG-01.jpg?v=638204690715270000,Frutos secos,Frutos secos,https://www.unimarc.cl/category/frutas-y-verduras/frutos-secos,https://www.unimarc.cl/_next/data/0ucQ92dO_m9T9joH0FjVV/category/frutas-y-verduras/frutos-secos.json?categories=frutas-y-verduras&categories=frutos-secos,2026-02-19T15:53:38
81246,Pistachos salados con cáscara granel 200 g,Frutos Secos Granel,200 g,Kg,5358,5358,,False,,$26.790 x Kg,$26.790 x Kg,https://www.unimarc.cl/pistachos-c-cascara-salados-almifrut-kg/p,https://unimarc.vtexassets.com/arquivos/ids/233494/000000000000650687-KG-01.jpg?v=638205364279800000,Frutos secos,Frutos secos,https://www.unimarc.cl/category/frutas-y-verduras/frutos-secos,https://www.unimarc.cl/_next/data/0ucQ92dO_m9T9joH0FjVV/category/frutas-y-verduras/frutos-secos.json?categories=frutas-y-verduras&categories=frutos-secos,2026-02-19T15:53:38
80899,Castaña de cajú sin sal granel 200 g,Frutos Secos Granel,200 g,Kg,4320,4320,,False,,$21.600 x Kg,$21.600 x Kg,https://www.unimarc.cl/castana-de-caju-sin-sal-almifrut-kg/p,https://unimarc.vtexassets.com/arquivos/ids/233468/000000000000653890-KG-01.jpg?v=638204576266570000,Frutos secos,Frutos secos,https://www.unimarc.cl/category/frutas-y-verduras/frutos-secos,https://www.unimarc.cl/_next/data/0ucQ92dO_m9T9joH0FjVV/category/frutas-y-verduras/frutos-secos.json?categories=frutas-y-verduras&categories=frutos-secos,2026-02-19T15:53:38
84516,Pasas morenas granel 200 g,Frutos Secos Granel,200 g,Kg,1168,1168,,False,,$5.840 x Kg,$5.840 x Kg,https://www.unimarc.cl/pasas-morenas-kg/p,https://unimarc.vtexassets.com/arquivos/ids/233412/000000000000656936-KG-01.jpg?v=638200346380670000,Frutos secos,Frutos secos,https://www.unimarc.cl/category/frutas-y-verduras/frutos-secos,https://www.unimarc.cl/_next/data/0ucQ92dO_m9T9joH0FjVV/category/frutas-y-verduras/frutos-secos.json?categories=frutas-y-verduras&categories=frutos-secos,2026-02-19T15:53:38
80905,Cranberry granel 200 g,Frutos Secos Granel,200 g,Kg,2096,2096,,False,,$10.480 x Kg,$10.480 x Kg,https://www.unimarc.cl/cranberry-almifrut-kg/p,https://unimarc.vtexassets.com/arquivos/ids/233474/000000000000655131-KG-01.jpg?v=638204640343500000,Frutos secos,Frutos secos,https://www.unimarc.cl/category/frutas-y-verduras/frutos-secos,https://www.unimarc.cl/_next/data/0ucQ92dO_m9T9joH0FjVV/category/frutas-y-verduras/frutos-secos.json?categories=frutas-y-verduras&categories=frutos-secos,2026-02-19T15:53:38
81234,Almendras fileteadas granel 200 g,Frutos Secos Granel,200 g,Kg,3398,3398,,False,,$16.990 x Kg,$16.990 x Kg,https://www.unimarc.cl/almendras-fileteadas-s-piel-almifrut-kg/p,https://unimarc.vtexassets.com/arquivos/ids/233482/000000000000650675-KG-01.jpg?v=638204704924500000,Frutos secos,Frutos secos,https://www.unimarc.cl/category/frutas-y-verduras/frutos-secos,https://www.unimarc.cl/_next/data/0ucQ92dO_m9T9joH0FjVV/category/frutas-y-verduras/frutos-secos.json?categories=frutas-y-verduras&categories=frutos-secos,2026-02-19T15:53:38
61737,Pasas rubias granel 200 g,Frutas Y Verduras,200 g,Kg,1504,1504,,False,,$7.520 x Kg,$7.520 x Kg,https://www.unimarc.cl/pasas-golden-kg/p,https://unimarc.vtexassets.com/arquivos/ids/233404/000000000000548569-KG-01.jpg?v=638200257930330000,Frutos secos,Frutos secos,https://www.unimarc.cl/category/frutas-y-verduras/frutos-secos,https://www.unimarc.cl/_next/data/0ucQ92dO_m9T9joH0FjVV/category/frutas-y-verduras/frutos-secos.json?categories=frutas-y-verduras&categories=frutos-secos,2026-02-19T15:53:38
59419,Almendra Frutisa natural 100 g,Frutisa,1 un,Kg,2690,2690,,False,,$26.900 x Kg,$26.900 x Kg,https://www.unimarc.cl/almendra-natural-frutisa-100-gr/p,https://unimarc.vtexassets.com/arquivos/ids/232012/000000000000638510-UN-01.jpg?v=638103435143370000,Frutos secos,Frutos secos,https://www.unimarc.cl/category/frutas-y-verduras/frutos-secos,https://www.unimarc.cl/_next/data/0ucQ92dO_m9T9joH0FjVV/category/frutas-y-verduras/frutos-secos.json?categories=frutas-y-verduras&categories=frutos-secos,2026-02-19T15:53:38
81235,Avellana europea tostada granel 200 g,Frutos Secos Granel,200 g,Kg,4998,4998,,False,,$24.990 x Kg,$24.990 x Kg,https://www.unimarc.cl/avellana-europea-tostada-almifrut-kg/p,https://unimarc.vtexassets.com/arquivos/ids/233483/000000000000650676-KG-01.jpg?v=638204708588100000,Frutos secos,Frutos secos,https://www.unimarc.cl/category/frutas-y-verduras/frutos-secos,https://www.unimarc.cl/_next/data/0ucQ92dO_m9T9joH0FjVV/category/frutas-y-verduras/frutos-secos.json?categories=frutas-y-verduras&categories=frutos-secos,2026-02-19T15:53:38
40801,Maní Frutisa sin sal 300 g,Frutisa,1 un,Kg,2190,2190,,False,,$7.300 x Kg,$7.300 x Kg,https://www.unimarc.cl/mani-sin-sal-frutisa-300-gr/p,https://unimarc.vtexassets.com/arquivos/ids/231989/000000000000339972-UN-01.jpg?v=638103405393900000,Frutos secos,Frutos secos,https://www.unimarc.cl/category/frutas-y-verduras/frutos-secos,https://www.unimarc.cl/_next/data/0ucQ92dO_m9T9joH0FjVV/category/frutas-y-verduras/frutos-secos.json?categories=frutas-y-verduras&categories=frutos-secos,2026-02-19T15:53:38
91781,Topping mix Frutisa mediterráneo 100 g,Frutisa,1 un,Kg,2990,2990,,False,,$29.900 x Kg,$29.900 x Kg,https://www.unimarc.cl/topping-mix-mediterraneo-frutisa-100-gr/p,https://unimarc.vtexassets.com/arquivos/ids/250331/000000000000681096-UN-01.jpg?v=638899164802870000,Frutos secos,Frutos secos,https://www.unimarc.cl/category/frutas-y-verduras/frutos-secos,https://www.unimarc.cl/_next/data/0ucQ92dO_m9T9joH0FjVV/category/frutas-y-verduras/frutos-secos.json?categories=frutas-y-verduras&categories=frutos-secos,2026-02-19T15:53:38
59422,Coco Frutisa laminado 80 g,Frutisa,1 un,Kg,1830,1830,,False,,$22.875 x Kg,$22.875 x Kg,https://www.unimarc.cl/coco-laminado-frutisa-80-gr/p,https://unimarc.vtexassets.com/arquivos/ids/232010/000000000000638591-UN-01.jpg?v=638103433739970000,Frutos secos,Frutos secos,https://www.unimarc.cl/category/frutas-y-verduras/frutos-secos,https://www.unimarc.cl/_next/data/0ucQ92dO_m9T9joH0FjVV/category/frutas-y-verduras/frutos-secos.json?categories=frutas-y-verduras&categories=frutos-secos,2026-02-19T15:53:38
59420,Castaña de cajú Frutisa 80 g,Frutisa,1 un,Kg,3990,3990,,False,,$49.875 x Kg,$49.875 x Kg,https://www.unimarc.cl/castana-de-caju-frutisa-80-gr/p,https://unimarc.vtexassets.com/arquivos/ids/232014/000000000000638511-UN-01.jpg?v=638103447277830000,Frutos secos,Frutos secos,https://www.unimarc.cl/category/frutas-y-verduras/frutos-secos,https://www.unimarc.cl/_next/data/0ucQ92dO_m9T9joH0FjVV/category/frutas-y-verduras/frutos-secos.json?categories=frutas-y-verduras&categories=frutos-secos,2026-02-19T15:53:38
84826,Avellana europea almifrut 250g,Almifrut,1 un,Kg,8050,8050,,False,,$32.200 x Kg,$32.200 x Kg,https://www.unimarc.cl/avellana-europea-almifrut-250gr/p,https://unimarc.vtexassets.com/arquivos/ids/236014/000000000000664971-UN-01.jpg?v=638333229539570000,Frutos secos,Frutos secos,https://www.unimarc.cl/category/frutas-y-verduras/frutos-secos,https://www.unimarc.cl/_next/data/0ucQ92dO_m9T9joH0FjVV/category/frutas-y-verduras/frutos-secos.json?categories=frutas-y-verduras&categories=frutos-secos,2026-02-19T15:53:38
84833,Mix cajuna almifrut 250g,Almifrut,1 un,Kg,4550,4550,,False,,$18.200 x Kg,$18.200 x Kg,https://www.unimarc.cl/mix-cajuna-almifrut-250gr/p,https://unimarc.vtexassets.com/arquivos/ids/236027/000000000000664988-UN-01.jpg?v=638333229583400000,Frutos secos,Frutos secos,https://www.unimarc.cl/category/frutas-y-verduras/frutos-secos,https://www.unimarc.cl/_next/data/0ucQ92dO_m9T9joH0FjVV/category/frutas-y-verduras/frutos-secos.json?categories=frutas-y-verduras&categories=frutos-secos,2026-02-19T15:53:38
5026,Pasas rubias Frutisa pote 290 g,Frutisa,1 un,Kg,3390,3390,,False,,$11.300 x Kg,$11.300 x Kg,https://www.unimarc.cl/pasa-rubia-frutisa-pote-300-gr/p,https://unimarc.vtexassets.com/arquivos/ids/231995/000000000000339979-UN-01.jpg?v=638103413094570000,Frutos secos,Frutos secos,https://www.unimarc.cl/category/frutas-y-verduras/frutos-secos,https://www.unimarc.cl/_next/data/0ucQ92dO_m9T9joH0FjVV/category/frutas-y-verduras/frutos-secos.json?categories=frutas-y-verduras&categories=frutos-secos,2026-02-19T15:53:38
92878,Nuez mariposa blanca 100Gr NUEZ MARIPOSA BLANCA KG,Frutas Y Verduras,1 kg,Kg,21990,21990,,False,,$21.990 x Kg,$21.990 x Kg,https://www.unimarc.cl/nuez-mariposa-blanca-kg/p,https://unimarc.vtexassets.com/arquivos/ids/252011/000000000000028370-KG-01.jpg?v=638950880102930000,Frutos secos,Frutos secos,https://www.unimarc.cl/category/frutas-y-verduras/frutos-secos,https://www.unimarc.cl/_next/data/0ucQ92dO_m9T9joH0FjVV/category/frutas-y-verduras/frutos-secos.json?categories=frutas-y-verduras&categories=frutos-secos,2026-02-19T15:53:38
40691,Mix natural Frutisa sin sal pote 300 g,Frutisa,1 un,Kg,2990,2990,,False,,$9.967 x Kg,$9.967 x Kg,https://www.unimarc.cl/mix-nat-s-sal-300-gr-frutisa/p,https://unimarc.vtexassets.com/arquivos/ids/229825/000000000000339973-UN-01.jpg?v=638018018248770000,Frutos secos,Frutos secos,https://www.unimarc.cl/category/frutas-y-verduras/frutos-secos/frutos-secos,https://www.unimarc.cl/_next/data/0ucQ92dO_m9T9joH0FjVV/category/frutas-y-verduras/frutos-secos/frutos-secos.json?categories=frutas-y-verduras&categories=frutos-secos&categories=frutos-secos,2026-02-19T15:53:47
82085,Mix frutos del bosque Tribu 700 g,Tribu,1 un,Kg,8750,8750,,False,,$12.500 x Kg,$12.500 x Kg,https://www.unimarc.cl/mix-frutos-del-bosque-tribu-700-gr/p,https://unimarc.vtexassets.com/arquivos/ids/227382/000000000000659340-UN-01.jpg?v=637904768023230000,Frutos secos,Frutos secos,https://www.unimarc.cl/category/frutas-y-verduras/frutos-secos/frutos-secos,https://www.unimarc.cl/_next/data/0ucQ92dO_m9T9joH0FjVV/category/frutas-y-verduras/frutos-secos/frutos-secos.json?categories=frutas-y-verduras&categories=frutos-secos&categories=frutos-secos,2026-02-19T15:53:47
82086,Mix cajuna Tribu 700 g,Tribu,1 un,Kg,8750,8750,,False,,$12.500 x Kg,$12.500 x Kg,https://www.unimarc.cl/mix-cajuna-tribu-700-gr/p,https://unimarc.vtexassets.com/arquivos/ids/227383/000000000000659341-UN-01.jpg?v=637904770665030000,Frutos secos,Frutos secos,https://www.unimarc.cl/category/frutas-y-verduras/frutos-secos/frutos-secos,https://www.unimarc.cl/_next/data/0ucQ92dO_m9T9joH0FjVV/category/frutas-y-verduras/frutos-secos/frutos-secos.json?categories=frutas-y-verduras&categories=frutos-secos&categories=frutos-secos,2026-02-19T15:53:47
82088,Mix puro nuts Tribu 700 g,Tribu,1 un,Kg,8750,8750,,False,,$12.500 x Kg,$12.500 x Kg,https://www.unimarc.cl/mix-puro-nuts-tribu-700-gr/p,https://unimarc.vtexassets.com/arquivos/ids/227385/000000000000659343-UN-01.jpg?v=637904777638800000,Frutos secos,Frutos secos,https://www.unimarc.cl/category/frutas-y-verduras/frutos-secos/frutos-secos,https://www.unimarc.cl/_next/data/0ucQ92dO_m9T9joH0FjVV/category/frutas-y-verduras/frutos-secos/frutos-secos.json?categories=frutas-y-verduras&categories=frutos-secos&categories=frutos-secos,2026-02-19T15:53:47
34882,Mix salado Frutisa 300 g,Frutisa,1 un,Kg,3490,3490,,False,,$11.633 x Kg,$11.633 x Kg,https://www.unimarc.cl/mix-salado-300-gr-frutisa/p,https://unimarc.vtexassets.com/arquivos/ids/231991/000000000000339986-UN-01.jpg?v=638103408422830000,Frutos secos,Frutos secos,https://www.unimarc.cl/category/frutas-y-verduras/frutos-secos/frutos-secos,https://www.unimarc.cl/_next/data/0ucQ92dO_m9T9joH0FjVV/category/frutas-y-verduras/frutos-secos/frutos-secos.json?categories=frutas-y-verduras&categories=frutos-secos&categories=frutos-secos,2026-02-19T15:53:47
81457,Almendra natural granel 200 g,Frutos Secos Granel,200 g,Kg,2958,2958,,False,,$14.790 x Kg,$14.790 x Kg,https://www.unimarc.cl/almendra-natural-almifrut-kg/p,https://unimarc.vtexassets.com/arquivos/ids/233476/000000000000656934-KG-01.jpg?v=638204658614900000,Frutos secos,Frutos secos,https://www.unimarc.cl/category/frutas-y-verduras/frutos-secos/frutos-secos,https://www.unimarc.cl/_next/data/0ucQ92dO_m9T9joH0FjVV/category/frutas-y-verduras/frutos-secos/frutos-secos.json?categories=frutas-y-verduras&categories=frutos-secos&categories=frutos-secos,2026-02-19T15:53:47
5431,Nuez partida Frutisa pote 200 g,Frutisa,1 un,Kg,5290,5290,,False,,$26.450 x Kg,$26.450 x Kg,https://www.unimarc.cl/nuez-partida-frutisa-200-gr/p,https://unimarc.vtexassets.com/arquivos/ids/229833/000000000000558740-UN-01.jpg?v=638018024895800000,Frutos secos,Frutos secos,https://www.unimarc.cl/category/frutas-y-verduras/frutos-secos/frutos-secos,https://www.unimarc.cl/_next/data/0ucQ92dO_m9T9joH0FjVV/category/frutas-y-verduras/frutos-secos/frutos-secos.json?categories=frutas-y-verduras&categories=frutos-secos&categories=frutos-secos,2026-02-19T15:53:47
81250,Maní confitado granel 200 g,Frutos Secos Granel,200 g,Kg,958,958,,False,,$4.790 x Kg,$4.790 x Kg,https://www.unimarc.cl/mani-confitado-almifrut-kg/p,https://unimarc.vtexassets.com/arquivos/ids/233461/000000000000650691-KG-01.jpg?v=638204542142170000,Frutos secos,Frutos secos,https://www.unimarc.cl/category/frutas-y-verduras/frutos-secos/frutos-secos,https://www.unimarc.cl/_next/data/0ucQ92dO_m9T9joH0FjVV/category/frutas-y-verduras/frutos-secos/frutos-secos.json?categories=frutas-y-verduras&categories=frutos-secos&categories=frutos-secos,2026-02-19T15:53:47
5024,Pasas morenas Frutisa pote 290 g,Frutisa,1 un,Kg,2290,2290,,False,,$7.633 x Kg,$7.633 x Kg,https://www.unimarc.cl/pasa-morena-ag-frutisa-pote-300-gr/p,https://unimarc.vtexassets.com/arquivos/ids/231993/000000000000339977-UN-01.jpg?v=638103409871300000,Frutos secos,Frutos secos,https://www.unimarc.cl/category/frutas-y-verduras/frutos-secos/frutos-secos,https://www.unimarc.cl/_next/data/0ucQ92dO_m9T9joH0FjVV/category/frutas-y-verduras/frutos-secos/frutos-secos.json?categories=frutas-y-verduras&categories=frutos-secos&categories=frutos-secos,2026-02-19T15:53:47
81237,Higos secos granel 200 g,Frutos Secos Granel,200 g,Kg,2088,2088,,False,,$10.440 x Kg,$10.440 x Kg,https://www.unimarc.cl/higo-seco-almifrut-kg/p,https://unimarc.vtexassets.com/arquivos/ids/233486/000000000000650678-KG-01.jpg?v=638204713794170000,Frutos secos,Frutos secos,https://www.unimarc.cl/category/frutas-y-verduras/frutos-secos/frutos-secos,https://www.unimarc.cl/_next/data/0ucQ92dO_m9T9joH0FjVV/category/frutas-y-verduras/frutos-secos/frutos-secos.json?categories=frutas-y-verduras&categories=frutos-secos&categories=frutos-secos,2026-02-19T15:53:47
91779,Topping mix Frutisa thai 100 g,Frutisa,1 un,Kg,2990,2990,,False,,$29.900 x Kg,$29.900 x Kg,https://www.unimarc.cl/topping-mix-thai-frutisa-100-gr/p,https://unimarc.vtexassets.com/arquivos/ids/250333/000000000000681098-UN-01.jpg?v=638899165306630000,Frutos secos,Frutos secos,https://www.unimarc.cl/category/frutas-y-verduras/frutos-secos/frutos-secos,https://www.unimarc.cl/_next/data/0ucQ92dO_m9T9joH0FjVV/category/frutas-y-verduras/frutos-secos/frutos-secos.json?categories=frutas-y-verduras&categories=frutos-secos&categories=frutos-secos,2026-02-19T15:53:47
82087,Mix power mix Tribu 700 g,Tribu,1 un,Kg,8750,8750,,False,,$12.500 x Kg,$12.500 x Kg,https://www.unimarc.cl/mix-power-mix-tribu-700-gr/p,https://unimarc.vtexassets.com/arquivos/ids/227384/000000000000659342-UN-01.jpg?v=637904773303400000,Frutos secos,Frutos secos,https://www.unimarc.cl/category/frutas-y-verduras/frutos-secos/frutos-secos,https://www.unimarc.cl/_next/data/0ucQ92dO_m9T9joH0FjVV/category/frutas-y-verduras/frutos-secos/frutos-secos.json?categories=frutas-y-verduras&categories=frutos-secos&categories=frutos-secos,2026-02-19T15:53:47
81241,Banana deshidratada granel 200 g,Frutos Secos Granel,200 g,Kg,1920,1920,,False,,$9.600 x Kg,$9.600 x Kg,https://www.unimarc.cl/banana-deshidratada-almifrut-kg/p,https://unimarc.vtexassets.com/arquivos/ids/233489/000000000000650682-KG-01.jpg?v=638204722172630000,Frutos secos,Frutos secos,https://www.unimarc.cl/category/frutas-y-verduras/frutos-secos/frutos-secos,https://www.unimarc.cl/_next/data/0ucQ92dO_m9T9joH0FjVV/category/frutas-y-verduras/frutos-secos/frutos-secos.json?categories=frutas-y-verduras&categories=frutos-secos&categories=frutos-secos,2026-02-19T15:53:47
91782,Topping mix Frutisa chilli 100 g,Frutisa,1 un,Kg,2990,2990,,False,,$29.900 x Kg,$29.900 x Kg,https://www.unimarc.cl/topping-mix-chilli-frutisa-100-gr/p,https://unimarc.vtexassets.com/arquivos/ids/250332/000000000000681097-UN-01.jpg?v=638899165086470000,Frutos secos,Frutos secos,https://www.unimarc.cl/category/frutas-y-verduras/frutos-secos/frutos-secos,https://www.unimarc.cl/_next/data/0ucQ92dO_m9T9joH0FjVV/category/frutas-y-verduras/frutos-secos/frutos-secos.json?categories=frutas-y-verduras&categories=frutos-secos&categories=frutos-secos,2026-02-19T15:53:47
83214,Maní tostado granel 200 g,Frutos Secos Granel,200 g,Kg,990,990,,False,,$4.950 x Kg,$4.950 x Kg,https://www.unimarc.cl/mani-tostado-almifrut-kg/p,https://unimarc.vtexassets.com/arquivos/ids/233480/000000000000649863-KG-01.jpg?v=638204690715270000,Frutos secos,Frutos secos,https://www.unimarc.cl/category/frutas-y-verduras/frutos-secos/frutos-secos,https://www.unimarc.cl/_next/data/0ucQ92dO_m9T9joH0FjVV/category/frutas-y-verduras/frutos-secos/frutos-secos.json?categories=frutas-y-verduras&categories=frutos-secos&categories=frutos-secos,2026-02-19T15:53:47
81246,Pistachos salados con cáscara granel 200 g,Frutos Secos Granel,200 g,Kg,5358,5358,,False,,$26.790 x Kg,$26.790 x Kg,https://www.unimarc.cl/pistachos-c-cascara-salados-almifrut-kg/p,https://unimarc.vtexassets.com/arquivos/ids/233494/000000000000650687-KG-01.jpg?v=638205364279800000,Frutos secos,Frutos secos,https://www.unimarc.cl/category/frutas-y-verduras/frutos-secos/frutos-secos,https://www.unimarc.cl/_next/data/0ucQ92dO_m9T9joH0FjVV/category/frutas-y-verduras/frutos-secos/frutos-secos.json?categories=frutas-y-verduras&categories=frutos-secos&categories=frutos-secos,2026-02-19T15:53:47
80899,Castaña de cajú sin sal granel 200 g,Frutos Secos Granel,200 g,Kg,4320,4320,,False,,$21.600 x Kg,$21.600 x Kg,https://www.unimarc.cl/castana-de-caju-sin-sal-almifrut-kg/p,https://unimarc.vtexassets.com/arquivos/ids/233468/000000000000653890-KG-01.jpg?v=638204576266570000,Frutos secos,Frutos secos,https://www.unimarc.cl/category/frutas-y-verduras/frutos-secos/frutos-secos,https://www.unimarc.cl/_next/data/0ucQ92dO_m9T9joH0FjVV/category/frutas-y-verduras/frutos-secos/frutos-secos.json?categories=frutas-y-verduras&categories=frutos-secos&categories=frutos-secos,2026-02-19T15:53:47
84516,Pasas morenas granel 200 g,Frutos Secos Granel,200 g,Kg,1168,1168,,False,,$5.840 x Kg,$5.840 x Kg,https://www.unimarc.cl/pasas-morenas-kg/p,https://unimarc.vtexassets.com/arquivos/ids/233412/000000000000656936-KG-01.jpg?v=638200346380670000,Frutos secos,Frutos secos,https://www.unimarc.cl/category/frutas-y-verduras/frutos-secos/frutos-secos,https://www.unimarc.cl/_next/data/0ucQ92dO_m9T9joH0FjVV/category/frutas-y-verduras/frutos-secos/frutos-secos.json?categories=frutas-y-verduras&categories=frutos-secos&categories=frutos-secos,2026-02-19T15:53:47
80905,Cranberry granel 200 g,Frutos Secos Granel,200 g,Kg,2096,2096,,False,,$10.480 x Kg,$10.480 x Kg,https://www.unimarc.cl/cranberry-almifrut-kg/p,https://unimarc.vtexassets.com/arquivos/ids/233474/000000000000655131-KG-01.jpg?v=638204640343500000,Frutos secos,Frutos secos,https://www.unimarc.cl/category/frutas-y-verduras/frutos-secos/frutos-secos,https://www.unimarc.cl/_next/data/0ucQ92dO_m9T9joH0FjVV/category/frutas-y-verduras/frutos-secos/frutos-secos.json?categories=frutas-y-verduras&categories=frutos-secos&categories=frutos-secos,2026-02-19T15:53:47
81234,Almendras fileteadas granel 200 g,Frutos Secos Granel,200 g,Kg,3398,3398,,False,,$16.990 x Kg,$16.990 x Kg,https://www.unimarc.cl/almendras-fileteadas-s-piel-almifrut-kg/p,https://unimarc.vtexassets.com/arquivos/ids/233482/000000000000650675-KG-01.jpg?v=638204704924500000,Frutos secos,Frutos secos,https://www.unimarc.cl/category/frutas-y-verduras/frutos-secos/frutos-secos,https://www.unimarc.cl/_next/data/0ucQ92dO_m9T9joH0FjVV/category/frutas-y-verduras/frutos-secos/frutos-secos.json?categories=frutas-y-verduras&categories=frutos-secos&categories=frutos-secos,2026-02-19T15:53:47
61737,Pasas rubias granel 200 g,Frutas Y Verduras,200 g,Kg,1504,1504,,False,,$7.520 x Kg,$7.520 x Kg,https://www.unimarc.cl/pasas-golden-kg/p,https://unimarc.vtexassets.com/arquivos/ids/233404/000000000000548569-KG-01.jpg?v=638200257930330000,Frutos secos,Frutos secos,https://www.unimarc.cl/category/frutas-y-verduras/frutos-secos/frutos-secos,https://www.unimarc.cl/_next/data/0ucQ92dO_m9T9joH0FjVV/category/frutas-y-verduras/frutos-secos/frutos-secos.json?categories=frutas-y-verduras&categories=frutos-secos&categories=frutos-secos,2026-02-19T15:53:47
59419,Almendra Frutisa natural 100 g,Frutisa,1 un,Kg,2690,2690,,False,,$26.900 x Kg,$26.900 x Kg,https://www.unimarc.cl/almendra-natural-frutisa-100-gr/p,https://unimarc.vtexassets.com/arquivos/ids/232012/000000000000638510-UN-01.jpg?v=638103435143370000,Frutos secos,Frutos secos,https://www.unimarc.cl/category/frutas-y-verduras/frutos-secos/frutos-secos,https://www.unimarc.cl/_next/data/0ucQ92dO_m9T9joH0FjVV/category/frutas-y-verduras/frutos-secos/frutos-secos.json?categories=frutas-y-verduras&categories=frutos-secos&categories=frutos-secos,2026-02-19T15:53:47
81235,Avellana europea tostada granel 200 g,Frutos Secos Granel,200 g,Kg,4998,4998,,False,,$24.990 x Kg,$24.990 x Kg,https://www.unimarc.cl/avellana-europea-tostada-almifrut-kg/p,https://unimarc.vtexassets.com/arquivos/ids/233483/000000000000650676-KG-01.jpg?v=638204708588100000,Frutos secos,Frutos secos,https://www.unimarc.cl/category/frutas-y-verduras/frutos-secos/frutos-secos,https://www.unimarc.cl/_next/data/0ucQ92dO_m9T9joH0FjVV/category/frutas-y-verduras/frutos-secos/frutos-secos.json?categories=frutas-y-verduras&categories=frutos-secos&categories=frutos-secos,2026-02-19T15:53:47
40801,Maní Frutisa sin sal 300 g,Frutisa,1 un,Kg,2190,2190,,False,,$7.300 x Kg,$7.300 x Kg,https://www.unimarc.cl/mani-sin-sal-frutisa-300-gr/p,https://unimarc.vtexassets.com/arquivos/ids/231989/000000000000339972-UN-01.jpg?v=638103405393900000,Frutos secos,Frutos secos,https://www.unimarc.cl/category/frutas-y-verduras/frutos-secos/frutos-secos,https://www.unimarc.cl/_next/data/0ucQ92dO_m9T9joH0FjVV/category/frutas-y-verduras/frutos-secos/frutos-secos.json?categories=frutas-y-verduras&categories=frutos-secos&categories=frutos-secos,2026-02-19T15:53:47
91781,Topping mix Frutisa mediterráneo 100 g,Frutisa,1 un,Kg,2990,2990,,False,,$29.900 x Kg,$29.900 x Kg,https://www.unimarc.cl/topping-mix-mediterraneo-frutisa-100-gr/p,https://unimarc.vtexassets.com/arquivos/ids/250331/000000000000681096-UN-01.jpg?v=638899164802870000,Frutos secos,Frutos secos,https://www.unimarc.cl/category/frutas-y-verduras/frutos-secos/frutos-secos,https://www.unimarc.cl/_next/data/0ucQ92dO_m9T9joH0FjVV/category/frutas-y-verduras/frutos-secos/frutos-secos.json?categories=frutas-y-verduras&categories=frutos-secos&categories=frutos-secos,2026-02-19T15:53:47
59422,Coco Frutisa laminado 80 g,Frutisa,1 un,Kg,1830,1830,,False,,$22.875 x Kg,$22.875 x Kg,https://www.unimarc.cl/coco-laminado-frutisa-80-gr/p,https://unimarc.vtexassets.com/arquivos/ids/232010/000000000000638591-UN-01.jpg?v=638103433739970000,Frutos secos,Frutos secos,https://www.unimarc.cl/category/frutas-y-verduras/frutos-secos/frutos-secos,https://www.unimarc.cl/_next/data/0ucQ92dO_m9T9joH0FjVV/category/frutas-y-verduras/frutos-secos/frutos-secos.json?categories=frutas-y-verduras&categories=frutos-secos&categories=frutos-secos,2026-02-19T15:53:47
59420,Castaña de cajú Frutisa 80 g,Frutisa,1 un,Kg,3990,3990,,False,,$49.875 x Kg,$49.875 x Kg,https://www.unimarc.cl/castana-de-caju-frutisa-80-gr/p,https://unimarc.vtexassets.com/arquivos/ids/232014/000000000000638511-UN-01.jpg?v=638103447277830000,Frutos secos,Frutos secos,https://www.unimarc.cl/category/frutas-y-verduras/frutos-secos/frutos-secos,https://www.unimarc.cl/_next/data/0ucQ92dO_m9T9joH0FjVV/category/frutas-y-verduras/frutos-secos/frutos-secos.json?categories=frutas-y-verduras&categories=frutos-secos&categories=frutos-secos,2026-02-19T15:53:47
84826,Avellana europea almifrut 250g,Almifrut,1 un,Kg,8050,8050,,False,,$32.200 x Kg,$32.200 x Kg,https://www.unimarc.cl/avellana-europea-almifrut-250gr/p,https://unimarc.vtexassets.com/arquivos/ids/236014/000000000000664971-UN-01.jpg?v=638333229539570000,Frutos secos,Frutos secos,https://www.unimarc.cl/category/frutas-y-verduras/frutos-secos/frutos-secos,https://www.unimarc.cl/_next/data/0ucQ92dO_m9T9joH0FjVV/category/frutas-y-verduras/frutos-secos/frutos-secos.json?categories=frutas-y-verduras&categories=frutos-secos&categories=frutos-secos,2026-02-19T15:53:47
84833,Mix cajuna almifrut 250g,Almifrut,1 un,Kg,4550,4550,,False,,$18.200 x Kg,$18.200 x Kg,https://www.unimarc.cl/mix-cajuna-almifrut-250gr/p,https://unimarc.vtexassets.com/arquivos/ids/236027/000000000000664988-UN-01.jpg?v=638333229583400000,Frutos secos,Frutos secos,https://www.unimarc.cl/category/frutas-y-verduras/frutos-secos/frutos-secos,https://www.unimarc.cl/_next/data/0ucQ92dO_m9T9joH0FjVV/category/frutas-y-verduras/frutos-secos/frutos-secos.json?categories=frutas-y-verduras&categories=frutos-secos&categories=frutos-secos,2026-02-19T15:53:47
5026,Pasas rubias Frutisa pote 290 g,Frutisa,1 un,Kg,3390,3390,,False,,$11.300 x Kg,$11.300 x Kg,https://www.unimarc.cl/pasa-rubia-frutisa-pote-300-gr/p,https://unimarc.vtexassets.com/arquivos/ids/231995/000000000000339979-UN-01.jpg?v=638103413094570000,Frutos secos,Frutos secos,https://www.unimarc.cl/category/frutas-y-verduras/frutos-secos/frutos-secos,https://www.unimarc.cl/_next/data/0ucQ92dO_m9T9joH0FjVV/category/frutas-y-verduras/frutos-secos/frutos-secos.json?categories=frutas-y-verduras&categories=frutos-secos&categories=frutos-secos,2026-02-19T15:53:47
92878,Nuez mariposa blanca 100Gr NUEZ MARIPOSA BLANCA KG,Frutas Y Verduras,1 kg,Kg,21990,21990,,False,,$21.990 x Kg,$21.990 x Kg,https://www.unimarc.cl/nuez-mariposa-blanca-kg/p,https://unimarc.vtexassets.com/arquivos/ids/252011/000000000000028370-KG-01.jpg?v=638950880102930000,Frutos secos,Frutos secos,https://www.unimarc.cl/category/frutas-y-verduras/frutos-secos/frutos-secos,https://www.unimarc.cl/_next/data/0ucQ92dO_m9T9joH0FjVV/category/frutas-y-verduras/frutos-secos/frutos-secos.json?categories=frutas-y-verduras&categories=frutos-secos&categories=frutos-secos,2026-02-19T15:53:47
