sku,name,brand,price,list_price,in_offer,detail_url,image_url,subcat_name,subcat_url,source_json_url,page_num,extracted_at
3697,Chocolate Sahne Nuss Barra 250 g,Sahne Nuss,4990,6490,True,https://www.jumbo.cl/chocolate-nestle-sahne-nuss-250-g/p,https://jumbocl.vteximg.com.br/arquivos/ids/300188-250-250/Chocolate-Sahne-Nuss-Barra-250-g.jpg?v=638776371949500000,Chocolates en Barra,https://www.jumbo.cl/chocolates-galletas-y-snacks/chocolates/chocolates-en-barra,https://bff.jumbo.cl/catalog/plp,1,2026-02-26T18:09:14
3728,Chocolate de Leche Trencito 150 g,Trencito,3600,3600,False,https://www.jumbo.cl/chocolate-trencito-150-g-barra/p,https://jumbocl.vteximg.com.br/arquivos/ids/300155-250-250/Chocolate-de-Leche-Trencito-150-g.jpg?v=638776371882430000,Chocolates en Barra,https://www.jumbo.cl/chocolates-galletas-y-snacks/chocolates/chocolates-en-barra,https://bff.jumbo.cl/catalog/plp,1,2026-02-26T18:09:14
148968,Chocolate Milka Relleno con Avellanas Enteras 95 g,Milka,2990,2990,False,https://www.jumbo.cl/chocolate-milka-2039035/p,https://jumbocl.vteximg.com.br/arquivos/ids/438089-250-250/Chocolate-Milka-Relleno-con-Avellanas-Enteras-95-g.jpg?v=638831040238470000,Chocolates en Barra,https://www.jumbo.cl/chocolates-galletas-y-snacks/chocolates/chocolates-en-barra,https://bff.jumbo.cl/catalog/plp,1,2026-02-26T18:09:14
159908,Chocolate Sahne Nuss Barra 140 g,Sahne Nuss,2790,3790,True,https://www.jumbo.cl/chocolate-sahne-2056631/p,https://jumbocl.vteximg.com.br/arquivos/ids/552179-250-250/Chocolate-Sahne-Nuss-140-g.jpg?v=639010667033470000,Chocolates en Barra,https://www.jumbo.cl/chocolates-galletas-y-snacks/chocolates/chocolates-en-barra,https://bff.jumbo.cl/catalog/plp,1,2026-02-26T18:09:14
3690,Chocolate Bitter Sahne Nuss 51% Cacao 250 g,Sahne Nuss,4990,7150,True,https://www.jumbo.cl/chocolate-bitter-nestle-barra-250-g-sahne-nuss-51-de-cacao-con-almendras/p,https://jumbocl.vteximg.com.br/arquivos/ids/346864-250-250/Chocolate-bitter-250-g.jpg?v=638776464189000000,Chocolates en Barra,https://www.jumbo.cl/chocolates-galletas-y-snacks/chocolates/chocolates-en-barra,https://bff.jumbo.cl/catalog/plp,1,2026-02-26T18:09:14
3698,Chocolate de Leche Sahne Nuss Pasas Al Ron 250 g,Sahne Nuss,4990,7150,True,https://www.jumbo.cl/chocolate-nestle-250-g-sahne-nuss-con-almendras-y-pasas-al-ron/p,https://jumbocl.vteximg.com.br/arquivos/ids/346872-250-250/Chocolate-pasas-al-ron-250-g.jpg?v=638776464293870000,Chocolates en Barra,https://www.jumbo.cl/chocolates-galletas-y-snacks/chocolates/chocolates-en-barra,https://bff.jumbo.cl/catalog/plp,1,2026-02-26T18:09:14
3668,Chocolate Karina Amargo 100 g,Karina,1912,2390,True,https://www.jumbo.cl/chocolate-puro-karina-barra-100-g-2/p,https://jumbocl.vteximg.com.br/arquivos/ids/300107-250-250/Chocolate-Amargo-Karina-100-g.jpg?v=638776371794730000,Chocolates en Barra,https://www.jumbo.cl/chocolates-galletas-y-snacks/chocolates/chocolates-en-barra,https://bff.jumbo.cl/catalog/plp,1,2026-02-26T18:09:14
126046,Chocolate de Leche Milka 80 g,Milka,1890,1890,False,https://www.jumbo.cl/chocolate-milka-leche-80-gr-1961629/p,https://jumbocl.vteximg.com.br/arquivos/ids/426778-250-250/Chocolate-de-Leche-Milka--80-g.jpg?v=638810995385470000,Chocolates en Barra,https://www.jumbo.cl/chocolates-galletas-y-snacks/chocolates/chocolates-en-barra,https://bff.jumbo.cl/catalog/plp,1,2026-02-26T18:09:14
3673,Chocolate Amargo Lindt Excellence 70% 100 g,Lindt,6590,6590,False,https://www.jumbo.cl/chocolate-lindt-barra-100-g-extra-fino-dark-amargo-70-cacao-2/p,https://jumbocl.vteximg.com.br/arquivos/ids/299927-250-250/Chocolate-Amargo-Lindt-Excellence-70--Cacao-100-g.jpg?v=638776371423970000,Chocolates en Barra,https://www.jumbo.cl/chocolates-galletas-y-snacks/chocolates/chocolates-en-barra,https://bff.jumbo.cl/catalog/plp,1,2026-02-26T18:09:14
3692,Chocolate de Leche Capri Frutilla Relleno Frutilla 90 g,Capri,1650,1650,False,https://www.jumbo.cl/chocolate-capri-relleno-sabor-frutilla-nestle-90-g/p,https://jumbocl.vteximg.com.br/arquivos/ids/346868-250-250/Chocolate-Relleno-Capri-Frutilla-90g.jpg?v=638776464241400000,Chocolates en Barra,https://www.jumbo.cl/chocolates-galletas-y-snacks/chocolates/chocolates-en-barra,https://bff.jumbo.cl/catalog/plp,1,2026-02-26T18:09:14
3641,Chocolate Bitter Costa 62% Cacao 80 g,Costa,2990,2990,False,https://www.jumbo.cl/chocolate-costa-barra-80-g-62-cacao-2/p,https://jumbocl.vteximg.com.br/arquivos/ids/346852-250-250/Chocolate-barra-62--cacao-80-g.jpg?v=638776464055500000,Chocolates en Barra,https://www.jumbo.cl/chocolates-galletas-y-snacks/chocolates/chocolates-en-barra,https://bff.jumbo.cl/catalog/plp,1,2026-02-26T18:09:14
140640,Chocolate de Leche Orly Relleno Sabor Berries 95 g,Ambrosoli,1490,1690,True,https://www.jumbo.cl/tableta-orly-berries-95-gr-2008098/p,https://jumbocl.vteximg.com.br/arquivos/ids/334992-250-250/Tableta-Orly-Berries-95-g.jpg?v=638776436058170000,Chocolates en Barra,https://www.jumbo.cl/chocolates-galletas-y-snacks/chocolates/chocolates-en-barra,https://bff.jumbo.cl/catalog/plp,1,2026-02-26T18:09:14
3642,Chocolate Amargo Costa con Naranja 72% Cacao 80 g,Costa,2990,2990,False,https://www.jumbo.cl/chocolate-costa-barra-80-g-72-cacao-y-naranja-2/p,https://jumbocl.vteximg.com.br/arquivos/ids/346853-250-250/Chocolate-barra-72--cacao-y-naranja-80-g.jpg?v=638776464065830000,Chocolates en Barra,https://www.jumbo.cl/chocolates-galletas-y-snacks/chocolates/chocolates-en-barra,https://bff.jumbo.cl/catalog/plp,1,2026-02-26T18:09:14
3664,Chocolate Karina Blanco 100 g,Karina,1912,2390,True,https://www.jumbo.cl/chocolate-blanco-karina-100-g-2/p,https://jumbocl.vteximg.com.br/arquivos/ids/300058-250-250/Chocolate-Blanco-Chocolate-Karina--100-g.jpg?v=638776371676930000,Chocolates en Barra,https://www.jumbo.cl/chocolates-galletas-y-snacks/chocolates/chocolates-en-barra,https://bff.jumbo.cl/catalog/plp,1,2026-02-26T18:09:14
126000,Chocolate de Leche Milka 125 g,Milka,2850,2850,False,https://www.jumbo.cl/chocolate-milka-leche-125-gr-1961630/p,https://jumbocl.vteximg.com.br/arquivos/ids/319092-250-250/Chocolate-de-Leche-Milka--125-g.jpg?v=638776416573400000,Chocolates en Barra,https://www.jumbo.cl/chocolates-galletas-y-snacks/chocolates/chocolates-en-barra,https://bff.jumbo.cl/catalog/plp,1,2026-02-26T18:09:14
139732,Chocolate Orly Blanco Edición Especial 95 g,Ambrosoli,1490,1650,True,https://www.jumbo.cl/orly-blanco-edicion-especial-95-gr-2002732/p,https://jumbocl.vteximg.com.br/arquivos/ids/333372-250-250/Chocolate-Orly-Blanco-Edicion-Especial-95g.jpg?v=638776434833030000,Chocolates en Barra,https://www.jumbo.cl/chocolates-galletas-y-snacks/chocolates/chocolates-en-barra,https://bff.jumbo.cl/catalog/plp,1,2026-02-26T18:09:14
150155,Chocolate Dubái Msmk Premium Sweets 200 g,MSMK Premium Sweets,19990,19990,False,https://www.jumbo.cl/chocolate-dubai-kunafa-200-g/p,https://jumbocl.vteximg.com.br/arquivos/ids/472371-250-250/Chocolate-Dubai-Msmk-Premium-Sweets-200-g.jpg?v=638870894160600000,Chocolates en Barra,https://www.jumbo.cl/chocolates-galletas-y-snacks/chocolates/chocolates-en-barra,https://bff.jumbo.cl/catalog/plp,1,2026-02-26T18:09:14
150345,Chocolate Milka Sándwich 87 g,Milka,2990,2990,False,https://www.jumbo.cl/chocolate-87g-milk-2039810/p,https://jumbocl.vteximg.com.br/arquivos/ids/537993-250-250/Chocolate-Milka-Sandwich-87-g.jpg?v=638984612110630000,Chocolates en Barra,https://www.jumbo.cl/chocolates-galletas-y-snacks/chocolates/chocolates-en-barra,https://bff.jumbo.cl/catalog/plp,1,2026-02-26T18:09:14
152927,Chocolate Milango Dubai 122 g,Milango,7990,7990,False,https://www.jumbo.cl/chocolata-milango-duabi-122-gr/p,https://jumbocl.vteximg.com.br/arquivos/ids/520525-250-250/Chocolata-Milango-Duabi-122-g.jpg?v=638953687423800000,Chocolates en Barra,https://www.jumbo.cl/chocolates-galletas-y-snacks/chocolates/chocolates-en-barra,https://bff.jumbo.cl/catalog/plp,1,2026-02-26T18:09:14
70432,Chocolate Blanco Hershey Cookies And Cream 77 g,Hershey's,1800,1800,False,https://www.jumbo.cl/chocolate-hershey-s-c-c-barra-87-g/p,https://jumbocl.vteximg.com.br/arquivos/ids/362191-250-250/Barra-de-chocolate-Hershey-s-cookies-and-cream-87-g.jpg?v=638776741563830000,Chocolates en Barra,https://www.jumbo.cl/chocolates-galletas-y-snacks/chocolates/chocolates-en-barra,https://bff.jumbo.cl/catalog/plp,1,2026-02-26T18:09:14
122281,Chocolate Sahne Nuss Barra 90 g,Nestlé,2590,2590,False,https://www.jumbo.cl/chocolate-barra-sahne-nuss-90gr-cl-1950912/p,https://jumbocl.vteximg.com.br/arquivos/ids/317761-250-250/Chocolate-Sahne-Nuss-Barra-90-g.jpg?v=638776413242500000,Chocolates en Barra,https://www.jumbo.cl/chocolates-galletas-y-snacks/chocolates/chocolates-en-barra,https://bff.jumbo.cl/catalog/plp,1,2026-02-26T18:09:14
3665,Chocolate Karina de Leche 100 g,Karina,1912,2390,True,https://www.jumbo.cl/chocolate-karina-barra-100-g-con-avellanas-2/p,https://jumbocl.vteximg.com.br/arquivos/ids/300068-250-250/Chocolate-de-Leche-Chocolate-Karina--100-g.jpg?v=638776371705630000,Chocolates en Barra,https://www.jumbo.cl/chocolates-galletas-y-snacks/chocolates/chocolates-en-barra,https://bff.jumbo.cl/catalog/plp,1,2026-02-26T18:09:14
3637,Chocolate de Leche Costa Nuss con Almendras 160 g,Costa,3190,3190,False,https://www.jumbo.cl/chocolate-costa-160-g-costa-nuss-2/p,https://jumbocl.vteximg.com.br/arquivos/ids/346848-250-250/Chocolate-nuss-160-g.jpg?v=638776464010670000,Chocolates en Barra,https://www.jumbo.cl/chocolates-galletas-y-snacks/chocolates/chocolates-en-barra,https://bff.jumbo.cl/catalog/plp,1,2026-02-26T18:09:14
3666,Chocolate Karina de Leche 100 g,Karina,1912,2390,True,https://www.jumbo.cl/chocolate-karina-barra-100-g-con-pasas-y-avellanas-2/p,https://jumbocl.vteximg.com.br/arquivos/ids/300084-250-250/Chocolate-de-Leche-Chocolate-Karina--100-g.jpg?v=638776371733970000,Chocolates en Barra,https://www.jumbo.cl/chocolates-galletas-y-snacks/chocolates/chocolates-en-barra,https://bff.jumbo.cl/catalog/plp,1,2026-02-26T18:09:14
148969,Chocolate Milka Extra Cacao 36% 90 g,Milka,2990,2990,False,https://www.jumbo.cl/chocolate-milka-2039036/p,https://jumbocl.vteximg.com.br/arquivos/ids/438097-250-250/Chocolate-Milka-Extra-Cacao-45--90-g.jpg?v=638831040266170000,Chocolates en Barra,https://www.jumbo.cl/chocolates-galletas-y-snacks/chocolates/chocolates-en-barra,https://bff.jumbo.cl/catalog/plp,1,2026-02-26T18:09:14
59696,Chocolate Amargo Cachet 70% Cacao 300 g,Cachet,8990,8990,False,https://www.jumbo.cl/chocolate-extra-amargo-70-cachet-300g/p,https://jumbocl.vteximg.com.br/arquivos/ids/309202-250-250/Chocolate-Amargo-Cachet-70--cacao-300-g.jpg?v=638776388535870000,Chocolates en Barra,https://www.jumbo.cl/chocolates-galletas-y-snacks/chocolates/chocolates-en-barra,https://bff.jumbo.cl/catalog/plp,1,2026-02-26T18:09:14
59689,Chocolate Amargo Cachet 80% Cacao 100 g,Cachet,4390,4390,False,https://www.jumbo.cl/choc-amargo-extra-uganda-80-cachet-100g/p,https://jumbocl.vteximg.com.br/arquivos/ids/309399-250-250/Chocolate-Amargo-Cachet-80--Cacao-100-g.jpg?v=638776388907870000,Chocolates en Barra,https://www.jumbo.cl/chocolates-galletas-y-snacks/chocolates/chocolates-en-barra,https://bff.jumbo.cl/catalog/plp,1,2026-02-26T18:09:14
160841,Chocolate Angel Hair Relleno Algodón de Azúcar y Pasta de Pistacho 170 g,Angel Hair,12990,12990,False,https://www.jumbo.cl/chocolate-angel-2054265/p,https://jumbocl.vteximg.com.br/arquivos/ids/563394-250-250/Chocolate-Angel-Hair-Relleno-Algodon-de-Azucar-y-Pasta-de-Pistacho-170-g.jpg?v=639036594137830000,Chocolates en Barra,https://www.jumbo.cl/chocolates-galletas-y-snacks/chocolates/chocolates-en-barra,https://bff.jumbo.cl/catalog/plp,1,2026-02-26T18:09:14
150468,Chocolate Relleno Pistacho 1880 200 g,1880,9093,12990,True,https://www.jumbo.cl/choc-pistacho-200g-2038213/p,https://jumbocl.vteximg.com.br/arquivos/ids/540346-250-250/Chocolate-Relleno-Pistacho-1880-200-g.jpg?v=638985741355870000,Chocolates en Barra,https://www.jumbo.cl/chocolates-galletas-y-snacks/chocolates/chocolates-en-barra,https://bff.jumbo.cl/catalog/plp,1,2026-02-26T18:09:14
3739,Chocolate Amargo Villars 72% Cacao 100 g,Villars,5390,5390,False,https://www.jumbo.cl/chocolate-amargo-villars-100-g/p,https://jumbocl.vteximg.com.br/arquivos/ids/300026-250-250/Chocolate-Amargo-Villars-72--Cacao-100-g.jpg?v=638776371617430000,Chocolates en Barra,https://www.jumbo.cl/chocolates-galletas-y-snacks/chocolates/chocolates-en-barra,https://bff.jumbo.cl/catalog/plp,1,2026-02-26T18:09:14
140643,Chocolate de Leche Orly Relleno Sabor Menta 95 g,Ambrosoli,1490,1690,True,https://www.jumbo.cl/tableta-orly-menta-95-gr-2008096/p,https://jumbocl.vteximg.com.br/arquivos/ids/334325-250-250/Tableta-Orly-Menta-95-g.jpg?v=638776435568270000,Chocolates en Barra,https://www.jumbo.cl/chocolates-galletas-y-snacks/chocolates/chocolates-en-barra,https://bff.jumbo.cl/catalog/plp,1,2026-02-26T18:09:14
140635,Chocolate Sarotti Amargo 85% 100 g,Sarotti,4700,4700,False,https://www.jumbo.cl/choco-sarotti-amargo-85-10un-100gr-2002817/p,https://jumbocl.vteximg.com.br/arquivos/ids/334779-250-250/Choco-Sarotti-Amargo-85-10-un-100-g.jpg?v=638776435905170000,Chocolates en Barra,https://www.jumbo.cl/chocolates-galletas-y-snacks/chocolates/chocolates-en-barra,https://bff.jumbo.cl/catalog/plp,1,2026-02-26T18:09:14
148965,Chocolate Blanco Milka 90 g,Milka,2990,2990,False,https://www.jumbo.cl/chocolate-milka-2037151/p,https://jumbocl.vteximg.com.br/arquivos/ids/436280-250-250/Chocolate-Milka-White-90-g.jpg?v=638827842187130000,Chocolates en Barra,https://www.jumbo.cl/chocolates-galletas-y-snacks/chocolates/chocolates-en-barra,https://bff.jumbo.cl/catalog/plp,1,2026-02-26T18:09:14
55313,Chocolate de Leche Milka Relleno con Oreo y Crema 100 g,Milka,2990,2990,False,https://www.jumbo.cl/oreo-milka-100-g/p,https://jumbocl.vteximg.com.br/arquivos/ids/308821-250-250/Chocolate-de-Leche-Milka-Relleno-Con-Oreo-y-Crema-100g.jpg?v=638954701665200000,Chocolates en Barra,https://www.jumbo.cl/chocolates-galletas-y-snacks/chocolates/chocolates-en-barra,https://bff.jumbo.cl/catalog/plp,1,2026-02-26T18:09:14
140642,Chocolate de Leche Orly Relleno Sabor Frutilla 95 g,Ambrosoli,1490,1690,True,https://www.jumbo.cl/tableta-orly-frutilla-95-gr-2008097/p,https://jumbocl.vteximg.com.br/arquivos/ids/335066-250-250/Tableta-Orly-Frutilla-95-g.jpg?v=638776436114470000,Chocolates en Barra,https://www.jumbo.cl/chocolates-galletas-y-snacks/chocolates/chocolates-en-barra,https://bff.jumbo.cl/catalog/plp,1,2026-02-26T18:09:14
158236,Chocolate Ambrosoli Golden Nuss 100 g,Costa,1490,1490,False,https://www.jumbo.cl/choc-ambrosoli-golden-nuss-100-gr-1938286/p,https://jumbocl.vteximg.com.br/arquivos/ids/522522-250-250/Chocolate-Ambrosoli-Golden-Nuss-100-g.jpg?v=638959816540470000,Chocolates en Barra,https://www.jumbo.cl/chocolates-galletas-y-snacks/chocolates/chocolates-en-barra,https://bff.jumbo.cl/catalog/plp,1,2026-02-26T18:09:14
3667,Chocolate Karina Leche 100 g,Karina,1912,2390,True,https://www.jumbo.cl/chocolate-karina-barra-100-g-leche-2/p,https://jumbocl.vteximg.com.br/arquivos/ids/300098-250-250/Chocolate-de-Leche-Karina-100-g.jpg?v=638776371762970000,Chocolates en Barra,https://www.jumbo.cl/chocolates-galletas-y-snacks/chocolates/chocolates-en-barra,https://bff.jumbo.cl/catalog/plp,1,2026-02-26T18:09:14
59692,Chocolate Amargo Cachet con Arándano y Jengibre 100 g,Cachet,3490,3490,False,https://www.jumbo.cl/choc-amarg-arandano-jengibre-cachet-100g/p,https://jumbocl.vteximg.com.br/arquivos/ids/309166-250-250/Chocolate-Amargo-Cachet-Con-Arandano-y-Jengibre-100-g.jpg?v=638776388421600000,Chocolates en Barra,https://www.jumbo.cl/chocolates-galletas-y-snacks/chocolates/chocolates-en-barra,https://bff.jumbo.cl/catalog/plp,1,2026-02-26T18:09:14
3671,Chocolate Amargo Lindt Lindor 100 g,Lindt,5490,5490,False,https://www.jumbo.cl/chocolate-extra-dark-lindt-barra-100-g-lindor-60-cocoa/p,https://jumbocl.vteximg.com.br/arquivos/ids/299895-250-250/Chocolate-Amargo-Lindt-Lindor-100-g.jpg?v=638776371357700000,Chocolates en Barra,https://www.jumbo.cl/chocolates-galletas-y-snacks/chocolates/chocolates-en-barra,https://bff.jumbo.cl/catalog/plp,1,2026-02-26T18:09:14
59687,Chocolate Amargo Cachet 64% Cacao 100 g,Cachet,3990,3990,False,https://www.jumbo.cl/choc-amargo-extra-peru-64-cachet-100g/p,https://jumbocl.vteximg.com.br/arquivos/ids/309357-250-250/Chocolate-Amargo-Cachet-64--Cacao-100-g.jpg?v=638776388843170000,Chocolates en Barra,https://www.jumbo.cl/chocolates-galletas-y-snacks/chocolates/chocolates-en-barra,https://bff.jumbo.cl/catalog/plp,1,2026-02-26T18:09:14
3727,Chocolate de Leche Toblerone 200 g,Toblerone,6690,6690,False,https://www.jumbo.cl/chocolate-toblerone-200-g-vollmich/p,https://jumbocl.vteximg.com.br/arquivos/ids/300130-250-250/Chocolate-de-Leche-Toblerone-200-g.jpg?v=638776371834930000,Chocolates en Barra,https://www.jumbo.cl/chocolates-galletas-y-snacks/chocolates/chocolates-en-barra,https://bff.jumbo.cl/catalog/plp,2,2026-02-26T18:09:19
153403,Chocolate Trencito Manjar 90 g,Trencito,2990,2990,False,https://www.jumbo.cl/chocolate-trencito-2043240/p,https://jumbocl.vteximg.com.br/arquivos/ids/488720-250-250/CHOCOLATE-TRENCITO.jpg?v=638895038199100000,Chocolates en Barra,https://www.jumbo.cl/chocolates-galletas-y-snacks/chocolates/chocolates-en-barra,https://bff.jumbo.cl/catalog/plp,2,2026-02-26T18:09:19
127522,Chocolate de Leche Capri Relleno Menta 90 g,Capri,1650,1650,False,https://www.jumbo.cl/choc-capri-menta-fondant-bar-90-gr-1963660/p,https://jumbocl.vteximg.com.br/arquivos/ids/393611-250-250/Chocolate-Capri-Menta-Fondant-Barra-90-g.jpg?v=638776875334900000,Chocolates en Barra,https://www.jumbo.cl/chocolates-galletas-y-snacks/chocolates/chocolates-en-barra,https://bff.jumbo.cl/catalog/plp,2,2026-02-26T18:09:19
137066,Chocolate Mrbeast Feastables Milk Chocolate 60 g,MrBeast,1990,4990,True,https://www.jumbo.cl/chocolate-feastables-mrbeast-milk-chocolate-60-g-1997146/p,https://jumbocl.vteximg.com.br/arquivos/ids/411977-250-250/Chocolate-Feastables-MrBeast-Milk-Chocolate-60-g.jpg?v=638792196967700000,Chocolates en Barra,https://www.jumbo.cl/chocolates-galletas-y-snacks/chocolates/chocolates-en-barra,https://bff.jumbo.cl/catalog/plp,2,2026-02-26T18:09:19
147803,Chocolate Schogetten Freeze Durazno Maracuyá 100 g,Schogetten,3190,3190,False,https://www.jumbo.cl/schogmaracuya100gr-2022702/p,https://jumbocl.vteximg.com.br/arquivos/ids/458097-250-250/Chocolate-Freeze-Durazno-y-Maracuya-Schogetten-100-g.jpg?v=638857900200030000,Chocolates en Barra,https://www.jumbo.cl/chocolates-galletas-y-snacks/chocolates/chocolates-en-barra,https://bff.jumbo.cl/catalog/plp,2,2026-02-26T18:09:19
150990,Pack 5 un. Chocolate Capri Almendra 30 g,Nestlé,2000,2590,True,https://www.jumbo.cl/chocolate-capri-2037990/p,https://jumbocl.vteximg.com.br/arquivos/ids/458920-250-250/Pack-5-un-Chocolate-Capri-Almendra-30-g.jpg?v=638863171021230000,Chocolates en Barra,https://www.jumbo.cl/chocolates-galletas-y-snacks/chocolates/chocolates-en-barra,https://bff.jumbo.cl/catalog/plp,2,2026-02-26T18:09:19
18860,Chocolate Amargo Ritter Sport 50% Cacao 100 g,Ritter Sport,3550,4490,True,https://www.jumbo.cl/chocolate-negro-semi-amargo-ritter-sport-100-g/p,https://jumbocl.vteximg.com.br/arquivos/ids/353190-250-250/Chocolate-negro-semi-amargo-Ritter-Sport-100-g.jpg?v=638776696368700000,Chocolates en Barra,https://www.jumbo.cl/chocolates-galletas-y-snacks/chocolates/chocolates-en-barra,https://bff.jumbo.cl/catalog/plp,2,2026-02-26T18:09:19
70457,Chocolate de Leche Hershey's Extra Cremoso 92 g,Hershey's,1800,1800,False,https://www.jumbo.cl/chocolate-hershey-s-extra-cremoso-92-g/p,https://jumbocl.vteximg.com.br/arquivos/ids/362201-250-250/Barra-chocolate-Hershey-s-extra-cremoso-92-g-1-51532361.jpg?v=638776741630700000,Chocolates en Barra,https://www.jumbo.cl/chocolates-galletas-y-snacks/chocolates/chocolates-en-barra,https://bff.jumbo.cl/catalog/plp,2,2026-02-26T18:09:19
92830,Chocolate de Leche Ritter Sport 250 g,Ritter Sport,7590,7590,False,https://www.jumbo.cl/chocolate-ritter-sport-alpenmilch-250gr/p,https://jumbocl.vteximg.com.br/arquivos/ids/367989-250-250/Chocolate-sport-alpenmilch-250-g.jpg?v=638776770541070000,Chocolates en Barra,https://www.jumbo.cl/chocolates-galletas-y-snacks/chocolates/chocolates-en-barra,https://bff.jumbo.cl/catalog/plp,2,2026-02-26T18:09:19
156235,Chocolate Milka Avellana 250 g,Milka,7690,7690,False,https://www.jumbo.cl/chocolate-milka-avellana-250g-2051391/p,https://jumbocl.vteximg.com.br/arquivos/ids/544294-250-250/Chocolate-Milka-Avellana-250-g.jpg?v=638992673278500000,Chocolates en Barra,https://www.jumbo.cl/chocolates-galletas-y-snacks/chocolates/chocolates-en-barra,https://bff.jumbo.cl/catalog/plp,2,2026-02-26T18:09:19
47783,Chocolate de Leche Trencito Aireado 105 g,Trencito,3350,3350,False,https://www.jumbo.cl/chocolate-trencito-nestle-air-leche-105-g/p,https://jumbocl.vteximg.com.br/arquivos/ids/358360-250-250/1734505-01_47006.jpg?v=638776723183570000,Chocolates en Barra,https://www.jumbo.cl/chocolates-galletas-y-snacks/chocolates/chocolates-en-barra,https://bff.jumbo.cl/catalog/plp,2,2026-02-26T18:09:19
19057,Chocolate Amargo Costa 62% Cacao 100 g,Costa,2790,2790,False,https://www.jumbo.cl/chocolate-cacao-menta-costa-100-g/p,https://jumbocl.vteximg.com.br/arquivos/ids/353233-250-250/Chocolate-cacao-menta-100-g.jpg?v=638776696547500000,Chocolates en Barra,https://www.jumbo.cl/chocolates-galletas-y-snacks/chocolates/chocolates-en-barra,https://bff.jumbo.cl/catalog/plp,2,2026-02-26T18:09:19
140639,Chocolate de Leche Orly Relleno Sabor Almendra 95 g,Ambrosoli,1490,1690,True,https://www.jumbo.cl/tableta-orly-almendra-95-gr-2008099/p,https://jumbocl.vteximg.com.br/arquivos/ids/334951-250-250/Tableta-Orly-Almendra-95-g.jpg?v=638776436027200000,Chocolates en Barra,https://www.jumbo.cl/chocolates-galletas-y-snacks/chocolates/chocolates-en-barra,https://bff.jumbo.cl/catalog/plp,2,2026-02-26T18:09:19
3672,Chocolate Amargo Lindt Excellence 85% 100 g,Lindt,6590,6590,False,https://www.jumbo.cl/chocolate-extra-fino-lindt-barra-100-g-dark-amargo-85-cacao/p,https://jumbocl.vteximg.com.br/arquivos/ids/299909-250-250/Chocolate-Amargo-Lindt-Excellence-85--Cacao-100-g.jpg?v=638776371388530000,Chocolates en Barra,https://www.jumbo.cl/chocolates-galletas-y-snacks/chocolates/chocolates-en-barra,https://bff.jumbo.cl/catalog/plp,2,2026-02-26T18:09:19
103513,Chocolate Amargo Ghirardelli 92% Cacao 90 g,Ghirardelli,5990,5990,False,https://www.jumbo.cl/tofu-extra-firme-morinaga-349-gr-1873499/p,https://jumbocl.vteximg.com.br/arquivos/ids/314286-250-250/Chocolate-Amargo-Ghirardelli-92--Cacao-90-g.jpg?v=638776401583570000,Chocolates en Barra,https://www.jumbo.cl/chocolates-galletas-y-snacks/chocolates/chocolates-en-barra,https://bff.jumbo.cl/catalog/plp,2,2026-02-26T18:09:19
159535,Chocolate Relleno Roch 1880 Bombón 100 g,1880,6993,9990,True,https://www.jumbo.cl/choc-rocher-100g-2038211/p,https://jumbocl.vteximg.com.br/arquivos/ids/540344-250-250/Chocolate-Relleno-Roch-1880-Bombon-100-g.jpg?v=638985741337500000,Chocolates en Barra,https://www.jumbo.cl/chocolates-galletas-y-snacks/chocolates/chocolates-en-barra,https://bff.jumbo.cl/catalog/plp,2,2026-02-26T18:09:19
126077,Chocolate Blanco Schogetten Freeze con Frutilla 100 g,Schogetten,3190,3190,False,https://www.jumbo.cl/choco-schogetten-freeze-frutilla-100g-1955103/p,https://jumbocl.vteximg.com.br/arquivos/ids/319063-250-250/Chocolate-Blanco-Schogetten-Freeze-Con-Frutilla-100-g.jpg?v=638776416493570000,Chocolates en Barra,https://www.jumbo.cl/chocolates-galletas-y-snacks/chocolates/chocolates-en-barra,https://bff.jumbo.cl/catalog/plp,2,2026-02-26T18:09:19
158858,Chocolate Blanco MSMK Premium Sweets Dubai 200 g,MSMK Premium Sweets,19990,19990,False,https://www.jumbo.cl/choc-blanco-dubai-msmk-prem-sweets-200g-2053094/p,https://jumbocl.vteximg.com.br/arquivos/ids/568147-250-250/Chocolate-Blanco-MSMK-Premium-Sweets-Dubai-200-g.jpg?v=639046873480230000,Chocolates en Barra,https://www.jumbo.cl/chocolates-galletas-y-snacks/chocolates/chocolates-en-barra,https://bff.jumbo.cl/catalog/plp,2,2026-02-26T18:09:19
3696,Chocolate Sahne Nuss Barra 160 g,Sahne Nuss,4590,4590,False,https://www.jumbo.cl/chocolate-nestle-160-g-sahne-nuss-con-almendras/p,https://jumbocl.vteximg.com.br/arquivos/ids/300163-250-250/Chocolate-de-Leche-Sahne-Nuss-160-g.jpg?v=638776371899900000,Chocolates en Barra,https://www.jumbo.cl/chocolates-galletas-y-snacks/chocolates/chocolates-en-barra,https://bff.jumbo.cl/catalog/plp,2,2026-02-26T18:09:19
143849,Chocolate Lindt Excellence 90% Cacao 100 g,Lindt,6590,6590,False,https://www.jumbo.cl/lindt-barra-excellence-90-100g-2013620/p,https://jumbocl.vteximg.com.br/arquivos/ids/340110-250-250/Chocolate-Amargo-Lindt-Excellence-90--Cacao-100-g.jpg?v=638776440456930000,Chocolates en Barra,https://www.jumbo.cl/chocolates-galletas-y-snacks/chocolates/chocolates-en-barra,https://bff.jumbo.cl/catalog/plp,2,2026-02-26T18:09:19
147890,Chocolate Nestlé Trencito Leche 90 g,Trencito,1990,1990,False,https://www.jumbo.cl/chocolate-trencito-2032700/p,https://jumbocl.vteximg.com.br/arquivos/ids/436644-250-250/CHOCOLATE-TRENCITO.jpg?v=638828591216030000,Chocolates en Barra,https://www.jumbo.cl/chocolates-galletas-y-snacks/chocolates/chocolates-en-barra,https://bff.jumbo.cl/catalog/plp,2,2026-02-26T18:09:19
59695,Chocolate Amargo Cachet 300 g,Cachet,7990,7990,False,https://www.jumbo.cl/chocolate-amargo-cachet-300g/p,https://jumbocl.vteximg.com.br/arquivos/ids/309195-250-250/Chocolate-Amargo-Cachet-300-g.jpg?v=638776388508830000,Chocolates en Barra,https://www.jumbo.cl/chocolates-galletas-y-snacks/chocolates/chocolates-en-barra,https://bff.jumbo.cl/catalog/plp,2,2026-02-26T18:09:19
59688,Chocolate Amargo Cachet 71% Cacao 100 g,Cachet,3990,3990,False,https://www.jumbo.cl/choco-amargo-costa-rica-71-cachet-100g/p,https://jumbocl.vteximg.com.br/arquivos/ids/309375-250-250/Chocolate-Amargo-Cachet-71--Cacao-100-g.jpg?v=638776388874300000,Chocolates en Barra,https://www.jumbo.cl/chocolates-galletas-y-snacks/chocolates/chocolates-en-barra,https://bff.jumbo.cl/catalog/plp,2,2026-02-26T18:09:19
3689,Chocolate de Leche Milka Relleno con Yogurt de Frutilla 100 g,Milka,2990,2990,False,https://www.jumbo.cl/chocolate-yoghurt-frutilla-milka-100-g/p,https://jumbocl.vteximg.com.br/arquivos/ids/300094-250-250/Chocolate-de-Leche-Milka-Relleno-Con-Yoghurt-de-Frutilla-100-g.jpg?v=638776371756900000,Chocolates en Barra,https://www.jumbo.cl/chocolates-galletas-y-snacks/chocolates/chocolates-en-barra,https://bff.jumbo.cl/catalog/plp,2,2026-02-26T18:09:19
147638,Chocolate Mrbeast Milk Crunch 60 g,MrBeast,1990,4990,True,https://www.jumbo.cl/mr-beast-milkcr60g/p,https://jumbocl.vteximg.com.br/arquivos/ids/413724-250-250/MR-BEAST-MILKCR60G.jpg?v=638798101264600000,Chocolates en Barra,https://www.jumbo.cl/chocolates-galletas-y-snacks/chocolates/chocolates-en-barra,https://bff.jumbo.cl/catalog/plp,2,2026-02-26T18:09:19
59697,Chocolate de Leche Cachet Caramelo con Sal 300 g,Cachet,7990,7990,False,https://www.jumbo.cl/chocolate-leche-caramelo-sal-cachet-300g/p,https://jumbocl.vteximg.com.br/arquivos/ids/309218-250-250/Chocolate-de-Leche-Cachet-Caramelo-Con-Sal-300-g.jpg?v=638776388562530000,Chocolates en Barra,https://www.jumbo.cl/chocolates-galletas-y-snacks/chocolates/chocolates-en-barra,https://bff.jumbo.cl/catalog/plp,2,2026-02-26T18:09:19
131860,Bombones Doña Jimena Surtido 300 g,Doña Jimena,15990,15990,False,https://www.jumbo.cl/pack-3-chocolates-toppings-d-jimena-300g-1968711/p,https://jumbocl.vteximg.com.br/arquivos/ids/321391-250-250/Bombones-Do%C3%B1a-Jimena-Surtido-300-g.jpg?v=638776423150970000,Chocolates en Barra,https://www.jumbo.cl/chocolates-galletas-y-snacks/chocolates/chocolates-en-barra,https://bff.jumbo.cl/catalog/plp,2,2026-02-26T18:09:19
142035,Terrys Chocolate Orange Milk 145 g,Terry's,4590,4590,False,https://www.jumbo.cl/terrys-chocolate-orange-milk-157g-1995326/p,https://jumbocl.vteximg.com.br/arquivos/ids/336519-250-250/Terrys-Chocolate-Orange-Milk-157-g.jpg?v=638776437685730000,Chocolates en Barra,https://www.jumbo.cl/chocolates-galletas-y-snacks/chocolates/chocolates-en-barra,https://bff.jumbo.cl/catalog/plp,2,2026-02-26T18:09:19
59690,Chocolate Amargo Cachet con Naranja y Almendra 100 g,Cachet,3490,3490,False,https://www.jumbo.cl/choc-amargo-naranja-almendra-cachet-100g/p,https://jumbocl.vteximg.com.br/arquivos/ids/309147-250-250/Chocolate-Amargo-Cachet-Con-Naranja-y-Almendra-100-g.jpg?v=638776388364670000,Chocolates en Barra,https://www.jumbo.cl/chocolates-galletas-y-snacks/chocolates/chocolates-en-barra,https://bff.jumbo.cl/catalog/plp,2,2026-02-26T18:09:19
18971,Chocolate de Leche Lindt Gold 300 g,Lindt,16990,16990,False,https://www.jumbo.cl/chocolate-lindt-300-g-gold-milk/p,https://jumbocl.vteximg.com.br/arquivos/ids/304197-250-250/Chocolate-de-Leche-Lindt-Gold-300-g.jpg?v=638776379430070000,Chocolates en Barra,https://www.jumbo.cl/chocolates-galletas-y-snacks/chocolates/chocolates-en-barra,https://bff.jumbo.cl/catalog/plp,2,2026-02-26T18:09:19
70460,Chocolate de Leche Hershey 92 g,Hershey's,1800,1800,False,https://www.jumbo.cl/chocolate-hershey-s-leche-92-g/p,https://jumbocl.vteximg.com.br/arquivos/ids/362202-250-250/Chocolate-Hershey-s-leche-92-g.jpg?v=638776741630870000,Chocolates en Barra,https://www.jumbo.cl/chocolates-galletas-y-snacks/chocolates/chocolates-en-barra,https://bff.jumbo.cl/catalog/plp,2,2026-02-26T18:09:19
3625,Chocolate de Leche Carezza con Almendras 160 g,Costa,3150,3150,False,https://www.jumbo.cl/chocolate-con-almendras-carezza-160-g-2/p,https://jumbocl.vteximg.com.br/arquivos/ids/346838-250-250/Chocolate-con-almendras-160-g.jpg?v=638776463906600000,Chocolates en Barra,https://www.jumbo.cl/chocolates-galletas-y-snacks/chocolates/chocolates-en-barra,https://bff.jumbo.cl/catalog/plp,2,2026-02-26T18:09:19
135882,Chocolate Blanco Cachet con Trozos de Frambuesa 100 g,Cachet,3490,3490,False,https://www.jumbo.cl/choc-bco-c-trozos-frambuesa-cachet-100g-1991112/p,https://jumbocl.vteximg.com.br/arquivos/ids/326128-250-250/CHOC-BCO-C-TROZOS-FRAMBUESA-CACHET-100G.jpg?v=638776428945400000,Chocolates en Barra,https://www.jumbo.cl/chocolates-galletas-y-snacks/chocolates/chocolates-en-barra,https://bff.jumbo.cl/catalog/plp,2,2026-02-26T18:09:19
3718,Chocolate de Leche Schogetten Praliné con Nuez 100 g,Schogetten,3190,3190,False,https://www.jumbo.cl/chocolate-schogetten-100-g-relleno-con-praline-de-avellanas/p,https://jumbocl.vteximg.com.br/arquivos/ids/300035-250-250/Chocolate-de-Leche-Schogetten-Praline-Con-Nuez-100-g.jpg?v=638776371626570000,Chocolates en Barra,https://www.jumbo.cl/chocolates-galletas-y-snacks/chocolates/chocolates-en-barra,https://bff.jumbo.cl/catalog/plp,2,2026-02-26T18:09:19
122835,Chocolate Blanco Galak 80 g,Nestlé,1790,1790,False,https://www.jumbo.cl/chocolate-galak-nestle-80-gr-1956682/p,https://jumbocl.vteximg.com.br/arquivos/ids/388577-250-250/Chocolate-Galak-80-g.jpg?v=638776856391000000,Chocolates en Barra,https://www.jumbo.cl/chocolates-galletas-y-snacks/chocolates/chocolates-en-barra,https://bff.jumbo.cl/catalog/plp,2,2026-02-26T18:09:19
149239,Chocolate Nestlé Chocolito Tableta 88 g,Nestlé,1590,1590,False,https://www.jumbo.cl/chocolate-nestle-2036070/p,https://jumbocl.vteximg.com.br/arquivos/ids/450023-250-250/CHOCOLATE-NESTLE-CHOCOLITO-TABLETA-88G.jpg?v=638845744797700000,Chocolates en Barra,https://www.jumbo.cl/chocolates-galletas-y-snacks/chocolates/chocolates-en-barra,https://bff.jumbo.cl/catalog/plp,2,2026-02-26T18:09:19
147640,Chocolate MrBeast Feastables Peanut Butter Milk 60 g,MrBeast,1990,4990,True,https://www.jumbo.cl/mr-beast-peanut60g/p,https://jumbocl.vteximg.com.br/arquivos/ids/428349-250-250/MR-BEAST-PEANUT60G.jpg?v=638811017572170000,Chocolates en Barra,https://www.jumbo.cl/chocolates-galletas-y-snacks/chocolates/chocolates-en-barra,https://bff.jumbo.cl/catalog/plp,2,2026-02-26T18:09:19
140644,Chocolate de Leche Orly Relleno Sabor Naranja 95 g,Ambrosoli,1490,1690,True,https://www.jumbo.cl/tableta-orly-naranja-95gr-2008095/p,https://jumbocl.vteximg.com.br/arquivos/ids/334360-250-250/Tableta-Orly-Naranja-95-g.jpg?v=638776435596300000,Chocolates en Barra,https://www.jumbo.cl/chocolates-galletas-y-snacks/chocolates/chocolates-en-barra,https://bff.jumbo.cl/catalog/plp,2,2026-02-26T18:09:19
147768,Chocolate Blanco con Pistacho Schogetten 100 g,Schogetten,3190,3190,False,https://www.jumbo.cl/schog-bcopist100gr-2022704/p,https://jumbocl.vteximg.com.br/arquivos/ids/428473-250-250/Chocolate-Blanco-con-Pistacho-Schogetten-100-g.jpg?v=638811019970200000,Chocolates en Barra,https://www.jumbo.cl/chocolates-galletas-y-snacks/chocolates/chocolates-en-barra,https://bff.jumbo.cl/catalog/plp,2,2026-02-26T18:09:19
18955,Chocolate de Leche Villars 100 g,Villars,5390,5390,False,https://www.jumbo.cl/chocolate-de-leche-villars-100-g/p,https://jumbocl.vteximg.com.br/arquivos/ids/304132-250-250/Chocolate-de-Leche-Villars--100-g.jpg?v=638776379139000000,Chocolates en Barra,https://www.jumbo.cl/chocolates-galletas-y-snacks/chocolates/chocolates-en-barra,https://bff.jumbo.cl/catalog/plp,2,2026-02-26T18:09:19
3659,Chocolate Amargo Ghirardelli 72% Cacao 100 g,Ghirardelli,6390,6390,False,https://www.jumbo.cl/chocolate-twilight-72-cacao-ghirardelli-100-g-2/p,https://jumbocl.vteximg.com.br/arquivos/ids/300027-250-250/Chocolate-Amargo-Ghirardelli-72--Cacao-100-g.jpg?v=638776371618070000,Chocolates en Barra,https://www.jumbo.cl/chocolates-galletas-y-snacks/chocolates/chocolates-en-barra,https://bff.jumbo.cl/catalog/plp,3,2026-02-26T18:09:23
3658,Chocolate Amargo Ghirardelli 86% Cacao 90 g,Ghirardelli,5990,5990,False,https://www.jumbo.cl/chocolate-85-cacao-ghirardelli-90-g-2/p,https://jumbocl.vteximg.com.br/arquivos/ids/300017-250-250/Chocolate-Amargo-Ghirardelli-86--Cacao-90-g.jpg?v=638776371591600000,Chocolates en Barra,https://www.jumbo.cl/chocolates-galletas-y-snacks/chocolates/chocolates-en-barra,https://bff.jumbo.cl/catalog/plp,3,2026-02-26T18:09:23
135530,Chocolate Amargo Hershey´s 60% Cacao 85 g,Hershey's,2490,2490,False,https://www.jumbo.cl/hersheys-dark-60-tradicional85gr-1992830/p,https://jumbocl.vteximg.com.br/arquivos/ids/325370-250-250/HERSHEYS-DARK-60-TRADICIONAL85GR.jpg?v=638776428315170000,Chocolates en Barra,https://www.jumbo.cl/chocolates-galletas-y-snacks/chocolates/chocolates-en-barra,https://bff.jumbo.cl/catalog/plp,3,2026-02-26T18:09:23
158447,Chocolates Mars Bolsa Mix 508 g,Mars,10392,12990,True,https://www.jumbo.cl/chocolates-mars-bolsa-mix-508-gr-2052786/p,https://jumbocl.vteximg.com.br/arquivos/ids/541140-250-250/Chocolates-Mars-Bolsa-Mix-508-g.jpg?v=638990872177000000,Chocolates en Barra,https://www.jumbo.cl/chocolates-galletas-y-snacks/chocolates/chocolates-en-barra,https://bff.jumbo.cl/catalog/plp,3,2026-02-26T18:09:23
3715,Chocolate Amargo Schogetten 100 g,Schogetten,3190,3190,False,https://www.jumbo.cl/chocolate-schogetten-100-g/p,https://jumbocl.vteximg.com.br/arquivos/ids/299993-250-250/Chocolate-Amargo-Schogetten-100-g.jpg?v=638776371545930000,Chocolates en Barra,https://www.jumbo.cl/chocolates-galletas-y-snacks/chocolates/chocolates-en-barra,https://bff.jumbo.cl/catalog/plp,3,2026-02-26T18:09:23
65538,Chocolate Amargo Reber Specialities con Mazapán 100 g,Reber Specialities,5990,5990,False,https://www.jumbo.cl/tableta-de-chocolate-amargo-reber-mozart-100-g/p,https://jumbocl.vteximg.com.br/arquivos/ids/309848-250-250/Chocolate-Amargo-Reber-Specialities-Con-Mazapan-100-g.jpg?v=638776390035730000,Chocolates en Barra,https://www.jumbo.cl/chocolates-galletas-y-snacks/chocolates/chocolates-en-barra,https://bff.jumbo.cl/catalog/plp,3,2026-02-26T18:09:23
141937,Chocolate Barra Ritter Frutalduo 218 g,Ritter Sport,7390,7390,False,https://www.jumbo.cl/choco-bar-ritter-frutalduo-218g-12u-2002814/p,https://jumbocl.vteximg.com.br/arquivos/ids/336849-250-250/Chocolate-Barra-Ritter-Frutalduo-218-g-12-un.jpg?v=638776438018400000,Chocolates en Barra,https://www.jumbo.cl/chocolates-galletas-y-snacks/chocolates/chocolates-en-barra,https://bff.jumbo.cl/catalog/plp,3,2026-02-26T18:09:23
150469,Chocolate Relleno Speculoos 1880 200 g,1880,9093,12990,True,https://www.jumbo.cl/choc-speculos-200g-2038215/p,https://jumbocl.vteximg.com.br/arquivos/ids/540347-250-250/Chocolate-Relleno-Speculoos-1880-200-g.jpg?v=638985741363800000,Chocolates en Barra,https://www.jumbo.cl/chocolates-galletas-y-snacks/chocolates/chocolates-en-barra,https://bff.jumbo.cl/catalog/plp,3,2026-02-26T18:09:23
126079,Chocolate Amargo Schogetten Freeze con Vainilla 100 g,Schogetten,3190,3190,False,https://www.jumbo.cl/choco-schogetten-freeze-vainilla-100g-1955104/p,https://jumbocl.vteximg.com.br/arquivos/ids/319087-250-250/Chocolate-Amargo-Schogetten-Freeze-Con-Vainilla-100-g.jpg?v=638776416555100000,Chocolates en Barra,https://www.jumbo.cl/chocolates-galletas-y-snacks/chocolates/chocolates-en-barra,https://bff.jumbo.cl/catalog/plp,3,2026-02-26T18:09:23
150464,Cerezas Deshidratadas con Cacao Picks 90 g,Picks,3990,3990,False,https://www.jumbo.cl/cereza-picks-90g-2039519/p,https://jumbocl.vteximg.com.br/arquivos/ids/526415-250-250/Cerezas-Deshidratadas-con-Cacao-Picks-90-g.jpg?v=638966657124130000,Chocolates en Barra,https://www.jumbo.cl/chocolates-galletas-y-snacks/chocolates/chocolates-en-barra,https://bff.jumbo.cl/catalog/plp,3,2026-02-26T18:09:23
98149,Chocolate Amargo Villars 85% Cacao 100 g,Villars,5390,5390,False,https://www.jumbo.cl/chocolate-amargo-85-villars-100g-1865625/p,https://jumbocl.vteximg.com.br/arquivos/ids/313171-250-250/Chocolate-Amargo-Villars-85--Cacao-100-g.jpg?v=638776398758670000,Chocolates en Barra,https://www.jumbo.cl/chocolates-galletas-y-snacks/chocolates/chocolates-en-barra,https://bff.jumbo.cl/catalog/plp,3,2026-02-26T18:09:23
122437,Chocolate Bitter Sahne Nuss 65% Cacao 160 g,Sahne Nuss,4190,4190,False,https://www.jumbo.cl/chocolate-sahne-nuss-65-bitter-160-gr-1950965/p,https://jumbocl.vteximg.com.br/arquivos/ids/388267-250-250/Chocolate-65--bitter-160-g.jpg?v=638776855144970000,Chocolates en Barra,https://www.jumbo.cl/chocolates-galletas-y-snacks/chocolates/chocolates-en-barra,https://bff.jumbo.cl/catalog/plp,3,2026-02-26T18:09:23
18968,Chocolate de Leche con Almendras Lindt Gold 300 g,Lindt,16990,16990,False,https://www.jumbo.cl/chocolate-lindt-300-g-milk-gold-almond/p,https://jumbocl.vteximg.com.br/arquivos/ids/304186-250-250/Chocolate-de-Leche-con-Almendras-Lindt-Gold-300-g.jpg?v=638776379391800000,Chocolates en Barra,https://www.jumbo.cl/chocolates-galletas-y-snacks/chocolates/chocolates-en-barra,https://bff.jumbo.cl/catalog/plp,3,2026-02-26T18:09:23
3640,Chocolate de Leche Costa Nuss 250 g,Costa,5900,5900,False,https://www.jumbo.cl/chocolate-costa-barra-250-g-costanuss-con-almendras-enteras-2/p,https://jumbocl.vteximg.com.br/arquivos/ids/346851-250-250/268612.jpg?v=638776464045500000,Chocolates en Barra,https://www.jumbo.cl/chocolates-galletas-y-snacks/chocolates/chocolates-en-barra,https://bff.jumbo.cl/catalog/plp,3,2026-02-26T18:09:23
18976,Chocolate de Leche Capri Relleno Guinda 90 g,Capri,1650,1650,False,https://www.jumbo.cl/chocolate-capri-de-nestle-90-g-relleno-sabor-guinda/p,https://jumbocl.vteximg.com.br/arquivos/ids/353213-250-250/Chocolate-Relleno-Capri-Guinda-90g.jpg?v=638776696465930000,Chocolates en Barra,https://www.jumbo.cl/chocolates-galletas-y-snacks/chocolates/chocolates-en-barra,https://bff.jumbo.cl/catalog/plp,3,2026-02-26T18:09:23
140641,Chocolate de Leche Orly Relleno Sabor Chirimoya Alegre 95 g,Ambrosoli,1490,1690,True,https://www.jumbo.cl/tableta-orly-chirimoya-alegre-95gr-2008100/p,https://jumbocl.vteximg.com.br/arquivos/ids/335029-250-250/Tableta-Orly-Chirimoya-Alegre-95-g.jpg?v=638776436085630000,Chocolates en Barra,https://www.jumbo.cl/chocolates-galletas-y-snacks/chocolates/chocolates-en-barra,https://bff.jumbo.cl/catalog/plp,3,2026-02-26T18:09:23
126757,Chocolate de Leche Chubi 103 g,Arcor,1550,1550,False,https://www.jumbo.cl/tableta-chubi-103g-1959635/p,https://jumbocl.vteximg.com.br/arquivos/ids/392709-250-250/Tableta-Chubi-103-g.jpg?v=638776871969200000,Chocolates en Barra,https://www.jumbo.cl/chocolates-galletas-y-snacks/chocolates/chocolates-en-barra,https://bff.jumbo.cl/catalog/plp,3,2026-02-26T18:09:23
161361,Tableta Galleta Bon o Bon 90 g,Bon O Bon,1929,1929,False,https://www.jumbo.cl/chocolate-bon-bon-2053770/p,https://jumbocl.vteximg.com.br/arquivos/ids/549597-250-250/Chocolate-Bon-o-Bon-Galleta-90-g.jpg?v=639009846495030000,Chocolates en Barra,https://www.jumbo.cl/chocolates-galletas-y-snacks/chocolates/chocolates-en-barra,https://bff.jumbo.cl/catalog/plp,3,2026-02-26T18:09:23
111217,Chocolate de Leche Ritter Sport Surtido Mini 133 g,Ritter Sport,7300,7300,False,https://www.jumbo.cl/chocolate-ritter-mini-133-gr-1915535/p,https://jumbocl.vteximg.com.br/arquivos/ids/378417-250-250/Chocolate-mini-133-g.jpg?v=638776815302770000,Chocolates en Barra,https://www.jumbo.cl/chocolates-galletas-y-snacks/chocolates/chocolates-en-barra,https://bff.jumbo.cl/catalog/plp,3,2026-02-26T18:09:23
3723,Chocolate Blanco Toblerone 100 g,Toblerone,4300,4300,False,https://www.jumbo.cl/chocolate-blanco-toblerone-100-g/p,https://jumbocl.vteximg.com.br/arquivos/ids/300085-250-250/Chocolate-Blanco-Toblerone-100-g.jpg?v=638776371736130000,Chocolates en Barra,https://www.jumbo.cl/chocolates-galletas-y-snacks/chocolates/chocolates-en-barra,https://bff.jumbo.cl/catalog/plp,3,2026-02-26T18:09:23
87086,Chocolate de Leche Hershey's Aireado 85 g,Hershey's,1800,1800,False,https://www.jumbo.cl/chocolate-hersheys-barra-aireada-85-gr/p,https://jumbocl.vteximg.com.br/arquivos/ids/365949-250-250/Chocolate-aireado-en-barra-85-g-1-166130799.jpg?v=638776761312800000,Chocolates en Barra,https://www.jumbo.cl/chocolates-galletas-y-snacks/chocolates/chocolates-en-barra,https://bff.jumbo.cl/catalog/plp,3,2026-02-26T18:09:23
153402,Chocolate Capri Almendra 88 g,Capri,1650,1650,False,https://www.jumbo.cl/chocolate-capri-2041440/p,https://jumbocl.vteximg.com.br/arquivos/ids/488695-250-250/CHOCOLATE-CAPRI.jpg?v=638895037996900000,Chocolates en Barra,https://www.jumbo.cl/chocolates-galletas-y-snacks/chocolates/chocolates-en-barra,https://bff.jumbo.cl/catalog/plp,3,2026-02-26T18:09:23
18865,Chocolate de Leche Ritter Sport con Avellanas Enteras 100 g,Ritter Sport,3550,4490,True,https://www.jumbo.cl/chocolate-ritter-sport-100-g-con-avellanas-enteras/p,https://jumbocl.vteximg.com.br/arquivos/ids/304122-250-250/Chocolate-de-Leche-Ritter-Sport-Con-Avellanas-Enteras-100-g.jpg?v=638776379065030000,Chocolates en Barra,https://www.jumbo.cl/chocolates-galletas-y-snacks/chocolates/chocolates-en-barra,https://bff.jumbo.cl/catalog/plp,3,2026-02-26T18:09:23
55160,Chocolate de Leche Toblerone Tiny 400 g,Toblerone,13290,13290,False,https://www.jumbo.cl/chocolate-toblerone-pack-tiny-400-g/p,https://jumbocl.vteximg.com.br/arquivos/ids/359617-250-250/Chocolates-Toblerone-Tiny-de-leche-400-g.jpg?v=638776729030300000,Chocolates en Barra,https://www.jumbo.cl/chocolates-galletas-y-snacks/chocolates/chocolates-en-barra,https://bff.jumbo.cl/catalog/plp,3,2026-02-26T18:09:23
126756,Chocolate de Leche Bon O Bon Tableta 95 g,Bon O Bon,1790,1790,False,https://www.jumbo.cl/tableta-bob-leche-95g-1959634/p,https://jumbocl.vteximg.com.br/arquivos/ids/392710-250-250/Tableta-Bon-o-Bon-Leche-95-g.jpg?v=638776871969970000,Chocolates en Barra,https://www.jumbo.cl/chocolates-galletas-y-snacks/chocolates/chocolates-en-barra,https://bff.jumbo.cl/catalog/plp,3,2026-02-26T18:09:23
148135,Chocolate Nestlé Trencito Maní 90 g,Trencito,1990,1990,False,https://www.jumbo.cl/chocolate-trencito-2032699/p,https://jumbocl.vteximg.com.br/arquivos/ids/417287-250-250/CHOCOLATE-TRENCITO.jpg?v=638804307144430000,Chocolates en Barra,https://www.jumbo.cl/chocolates-galletas-y-snacks/chocolates/chocolates-en-barra,https://bff.jumbo.cl/catalog/plp,3,2026-02-26T18:09:23
127563,Chocolate de Leche Bambino 80 g,Costa,1890,1890,False,https://www.jumbo.cl/bambino-80-gr-1964088/p,https://jumbocl.vteximg.com.br/arquivos/ids/393632-250-250/Chocolate-Bambino-80-g.jpg?v=638776875427500000,Chocolates en Barra,https://www.jumbo.cl/chocolates-galletas-y-snacks/chocolates/chocolates-en-barra,https://bff.jumbo.cl/catalog/plp,3,2026-02-26T18:09:23
148964,Chocolate Milka de Leche 250 g,Milka,7290,7290,False,https://www.jumbo.cl/chocolate-milka-2037150/p,https://jumbocl.vteximg.com.br/arquivos/ids/437997-250-250/Chocolate-Milka-de-Leche-250-g.jpg?v=638831040063970000,Chocolates en Barra,https://www.jumbo.cl/chocolates-galletas-y-snacks/chocolates/chocolates-en-barra,https://bff.jumbo.cl/catalog/plp,3,2026-02-26T18:09:23
36839,Chocolate de Leche Ritter Sport Golden Edition 250 g,Ritter Sport,7590,7590,False,https://www.jumbo.cl/chocolate-ritter-golden-edition-250-g/p,https://jumbocl.vteximg.com.br/arquivos/ids/356937-250-250/Chocolate-Ritter-golden-edition-250-g.jpg?v=638776715170500000,Chocolates en Barra,https://www.jumbo.cl/chocolates-galletas-y-snacks/chocolates/chocolates-en-barra,https://bff.jumbo.cl/catalog/plp,3,2026-02-26T18:09:23
147639,Chocolate Mrbeast Feastables Peanut Butter Crunch 60 g,MrBeast,1990,4990,True,https://www.jumbo.cl/mr-beast-almond60g/p,https://jumbocl.vteximg.com.br/arquivos/ids/548258-250-250/Chocolate-Mrbeast-Feastables-Peanut-Butter-Crunch-60-g.jpg?v=639003788003970000,Chocolates en Barra,https://www.jumbo.cl/chocolates-galletas-y-snacks/chocolates/chocolates-en-barra,https://bff.jumbo.cl/catalog/plp,3,2026-02-26T18:09:23
149237,Chocolate Nestlé Crocanty Tableta 88 g,Nestlé,1590,1590,False,https://www.jumbo.cl/chocolate-nestle-2035608/p,https://jumbocl.vteximg.com.br/arquivos/ids/450019-250-250/CHOCOLATE-NESTLE-CROCANTY-TABLETA-88G.jpg?v=638845744789730000,Chocolates en Barra,https://www.jumbo.cl/chocolates-galletas-y-snacks/chocolates/chocolates-en-barra,https://bff.jumbo.cl/catalog/plp,3,2026-02-26T18:09:23
126754,Chocolate Blanco Bon O Bon Tableta 95 g,Bon O Bon,1790,1790,False,https://www.jumbo.cl/tableta-bob-blanco-95g-1959632/p,https://jumbocl.vteximg.com.br/arquivos/ids/392708-250-250/Tableta-Bon-o-Bon-Blanco-95-g.jpg?v=638776871966400000,Chocolates en Barra,https://www.jumbo.cl/chocolates-galletas-y-snacks/chocolates/chocolates-en-barra,https://bff.jumbo.cl/catalog/plp,3,2026-02-26T18:09:23
59691,Chocolate Amargo Cachet con Pera y Almendras 100 g,Cachet,3490,3490,False,https://www.jumbo.cl/choc-amargo-pera-y-almendras-cachet-100g/p,https://jumbocl.vteximg.com.br/arquivos/ids/309158-250-250/Chocolate-Amargo-Cachet-Con-Pera-y-Almendras-100-g.jpg?v=638776388395270000,Chocolates en Barra,https://www.jumbo.cl/chocolates-galletas-y-snacks/chocolates/chocolates-en-barra,https://bff.jumbo.cl/catalog/plp,3,2026-02-26T18:09:23
144550,Chocolate Lindt Lindor Trio 37 g,Lindt,2890,2890,False,https://www.jumbo.cl/chocolate-lindor-trio-12-x-37g-2017789/p,https://jumbocl.vteximg.com.br/arquivos/ids/341792-250-250/Chocolate-Lindt-Lindor-Trio-37-g.jpg?v=638776442000030000,Chocolates en Barra,https://www.jumbo.cl/chocolates-galletas-y-snacks/chocolates/chocolates-en-barra,https://bff.jumbo.cl/catalog/plp,3,2026-02-26T18:09:23
152928,Chocolate Lindt Dubai Style Bar 145 g,Lindt,17990,17990,False,https://www.jumbo.cl/chocolate-lindt-dubai-style-bar-145gr/p,https://jumbocl.vteximg.com.br/arquivos/ids/487551-250-250/Chocolate-Lindt-Dubai-Style-Bar-145-g.jpg?v=638894124761730000,Chocolates en Barra,https://www.jumbo.cl/chocolates-galletas-y-snacks/chocolates/chocolates-en-barra,https://bff.jumbo.cl/catalog/plp,3,2026-02-26T18:09:23
142034,Terrys Chocolate Orange Dark 145 g,Terry's,4590,4590,False,https://www.jumbo.cl/terrys-chocolate-orange-dark-157g-1997277/p,https://jumbocl.vteximg.com.br/arquivos/ids/336894-250-250/Terrys-Chocolate-Orange-Dark-157-g.jpg?v=638776438070900000,Chocolates en Barra,https://www.jumbo.cl/chocolates-galletas-y-snacks/chocolates/chocolates-en-barra,https://bff.jumbo.cl/catalog/plp,3,2026-02-26T18:09:23
147819,Chocolate Karina Cookies & Cream 100 g,Karina,2072,2590,True,https://www.jumbo.cl/karina-cookie-100g-2025714/p,https://jumbocl.vteximg.com.br/arquivos/ids/458126-250-250/Chocolate-Cookies---Cream-Karina-100-g.jpg?v=638858665116630000,Chocolates en Barra,https://www.jumbo.cl/chocolates-galletas-y-snacks/chocolates/chocolates-en-barra,https://bff.jumbo.cl/catalog/plp,3,2026-02-26T18:09:23
87460,Pasas Karina Bañadas con Chocolate 200 g,Karina,3432,4290,True,https://www.jumbo.cl/pasas-banadas-con-chocolate-200-g/p,https://jumbocl.vteximg.com.br/arquivos/ids/311813-250-250/Pasas-Ba%C3%B1adas-Con-Chocolate-Karina-200-g.jpg?v=638776394714900000,Chocolates en Barra,https://www.jumbo.cl/chocolates-galletas-y-snacks/chocolates/chocolates-en-barra,https://bff.jumbo.cl/catalog/plp,3,2026-02-26T18:09:23
18964,Chocolate Blanco Lindt Lindor 100 g,Lindt,5490,5490,False,https://www.jumbo.cl/chocolate-blanco-lindt-100-g-lindor/p,https://jumbocl.vteximg.com.br/arquivos/ids/304167-250-250/Chocolate-Blanco-Lindt-Lindor-100-g.jpg?v=638776379325500000,Chocolates en Barra,https://www.jumbo.cl/chocolates-galletas-y-snacks/chocolates/chocolates-en-barra,https://bff.jumbo.cl/catalog/plp,3,2026-02-26T18:09:23
18952,Chocolate Blanco Villars 100 g,Villars,5390,5390,False,https://www.jumbo.cl/chocolate-blanco-villars-100-g/p,https://jumbocl.vteximg.com.br/arquivos/ids/304116-250-250/Chocolate-Blanco-Villars-100-g.jpg?v=638776379049600000,Chocolates en Barra,https://www.jumbo.cl/chocolates-galletas-y-snacks/chocolates/chocolates-en-barra,https://bff.jumbo.cl/catalog/plp,3,2026-02-26T18:09:23
147769,Chocolate Karina Milk and White 100 g,Karina,2072,2590,True,https://www.jumbo.cl/karina-b-and-n-100g-2025712/p,https://jumbocl.vteximg.com.br/arquivos/ids/458124-250-250/Chocolate-Milk-and-White-Karina-100-g.jpg?v=638858665085970000,Chocolates en Barra,https://www.jumbo.cl/chocolates-galletas-y-snacks/chocolates/chocolates-en-barra,https://bff.jumbo.cl/catalog/plp,4,2026-02-26T18:09:27
59693,Chocolate de Leche Cachet 300 g,Cachet,7990,7990,False,https://www.jumbo.cl/chocolate-de-leche-cachet-300g/p,https://jumbocl.vteximg.com.br/arquivos/ids/309178-250-250/Chocolate-de-Leche-Cachet-300-g.jpg?v=638776388456300000,Chocolates en Barra,https://www.jumbo.cl/chocolates-galletas-y-snacks/chocolates/chocolates-en-barra,https://bff.jumbo.cl/catalog/plp,4,2026-02-26T18:09:27
141936,Chocolate Barra Ritter Crocanduo 218 g,Ritter Sport,7390,7390,False,https://www.jumbo.cl/choco-bar-ritter-crocanduo-218g-12u-2002813/p,https://jumbocl.vteximg.com.br/arquivos/ids/336817-250-250/Chocolate-Barra-Ritter-Crocanduo-218-g-12-un.jpg?v=638776437988430000,Chocolates en Barra,https://www.jumbo.cl/chocolates-galletas-y-snacks/chocolates/chocolates-en-barra,https://bff.jumbo.cl/catalog/plp,4,2026-02-26T18:09:27
126773,Chocolate Amargo Cachet Mini 70% Cacao 185 g,Cachet,7990,7990,False,https://www.jumbo.cl/chocolates-cachet-mini-dark-20-un-185-gr-1963050/p,https://jumbocl.vteximg.com.br/arquivos/ids/319157-250-250/Chocolate-Amargo-Cachet-Mini-70--Cacao-185-g.jpg?v=638776416796000000,Chocolates en Barra,https://www.jumbo.cl/chocolates-galletas-y-snacks/chocolates/chocolates-en-barra,https://bff.jumbo.cl/catalog/plp,4,2026-02-26T18:09:27
92500,Chocolate de Leche Milka Relleno con Oreo Brownie 100 g,Milka,2990,2990,False,https://www.jumbo.cl/chocolate-oreo-brownie-100-g/p,https://jumbocl.vteximg.com.br/arquivos/ids/312224-250-250/Chocolate-de-Leche-Milka-Relleno-Con-Oreo-Brownie-100-g.jpg?v=638776395977000000,Chocolates en Barra,https://www.jumbo.cl/chocolates-galletas-y-snacks/chocolates/chocolates-en-barra,https://bff.jumbo.cl/catalog/plp,4,2026-02-26T18:09:27
42749,Chocolate Milka Rellleno con Oreo 300 g,Milka,8190,8190,False,https://www.jumbo.cl/chocolate-milka-oreo-330-g/p,https://jumbocl.vteximg.com.br/arquivos/ids/544215-250-250/Chocolate-Milka-Rellleno-con-Oreo-300-g.jpg?v=638992672629770000,Chocolates en Barra,https://www.jumbo.cl/chocolates-galletas-y-snacks/chocolates/chocolates-en-barra,https://bff.jumbo.cl/catalog/plp,4,2026-02-26T18:09:27
71414,Chocolate Amargo Schogetten con Avellanas 100 g,Schogetten,3190,3190,False,https://www.jumbo.cl/chocolate-schogetten-amargo-avellana-100-g/p,https://jumbocl.vteximg.com.br/arquivos/ids/310022-250-250/Chocolate-Amargo-Schogetten-Con-Avellanas-100-g.jpg?v=638776390620570000,Chocolates en Barra,https://www.jumbo.cl/chocolates-galletas-y-snacks/chocolates/chocolates-en-barra,https://bff.jumbo.cl/catalog/plp,4,2026-02-26T18:09:27
123151,Chocolate de Leche Hershey´s Café Cappuccino 85 g,Hershey's,2490,2490,False,https://www.jumbo.cl/barra-hersheys-cafe-capuccino-85-gr-1957128/p,https://jumbocl.vteximg.com.br/arquivos/ids/388846-250-250/Chocolate-barra-cafe-capuccino-85-g.jpg?v=638776857689130000,Chocolates en Barra,https://www.jumbo.cl/chocolates-galletas-y-snacks/chocolates/chocolates-en-barra,https://bff.jumbo.cl/catalog/plp,4,2026-02-26T18:09:27
137111,Chocolate de Leche con Almendras y Caramelo Cachet 300 g,Cachet,7990,7990,False,https://www.jumbo.cl/chocolate-leche-alm-caramelo-cachet-300g-1997583/p,https://jumbocl.vteximg.com.br/arquivos/ids/327667-250-250/CHOCOLATE-LECHE-ALM-CARAMELO-CACHET-300G.jpg?v=638776430199400000,Chocolates en Barra,https://www.jumbo.cl/chocolates-galletas-y-snacks/chocolates/chocolates-en-barra,https://bff.jumbo.cl/catalog/plp,4,2026-02-26T18:09:27
126772,Chocolate de Leche Cachet Mini Surtido 185 g,Cachet,7990,7990,False,https://www.jumbo.cl/chocolates-cachet-mini-mix-20-un-185-gr-1963049/p,https://jumbocl.vteximg.com.br/arquivos/ids/319163-250-250/Chocolate-de-Leche-Cachet-Mini-Surtido-185-g.jpg?v=638776416827330000,Chocolates en Barra,https://www.jumbo.cl/chocolates-galletas-y-snacks/chocolates/chocolates-en-barra,https://bff.jumbo.cl/catalog/plp,4,2026-02-26T18:09:27
150465,Chocolate con Maíz Salado Crunch Cachet 100 g,Cachet,3490,3490,False,https://www.jumbo.cl/chocmaizcachet100g-2038682/p,https://jumbocl.vteximg.com.br/arquivos/ids/526388-250-250/Chocolate-con-Maiz-Salado-Crunch-Cachet-100-g.jpg?v=638966657036170000,Chocolates en Barra,https://www.jumbo.cl/chocolates-galletas-y-snacks/chocolates/chocolates-en-barra,https://bff.jumbo.cl/catalog/plp,4,2026-02-26T18:09:27
3717,Chocolate de Leche Schogetten 100 g,Schogetten,3190,3190,False,https://www.jumbo.cl/chocolate-schogetten-100-g-leche/p,https://jumbocl.vteximg.com.br/arquivos/ids/300019-250-250/Chocolate-de-Leche-Schogetten--100-g.jpg?v=638776371598930000,Chocolates en Barra,https://www.jumbo.cl/chocolates-galletas-y-snacks/chocolates/chocolates-en-barra,https://bff.jumbo.cl/catalog/plp,4,2026-02-26T18:09:27
47784,Chocolate de Leche Trencito Aireado Aireado Dúo 105 g,Trencito,3350,3350,False,https://www.jumbo.cl/chocolate-trencito-nestle-air-duo-105-g/p,https://jumbocl.vteximg.com.br/arquivos/ids/358372-250-250/Chocolate-de-leche-Aireado-Duo-105-g.jpg?v=638776723232600000,Chocolates en Barra,https://www.jumbo.cl/chocolates-galletas-y-snacks/chocolates/chocolates-en-barra,https://bff.jumbo.cl/catalog/plp,4,2026-02-26T18:09:27
3669,Chocolate Amargo Naranja Lindt Excellence 100 g,Lindt,6590,6590,False,https://www.jumbo.cl/chocolate-amargo-lindt-barra-100-g-intense-orange-2/p,https://jumbocl.vteximg.com.br/arquivos/ids/299881-250-250/Chocolate-Amargo-Lindt-Excellence-Naranja-100-g.jpg?v=638776371322600000,Chocolates en Barra,https://www.jumbo.cl/chocolates-galletas-y-snacks/chocolates/chocolates-en-barra,https://bff.jumbo.cl/catalog/plp,4,2026-02-26T18:09:27
135528,Chocolate Amargo Hershey´s con Café 60% Cacao 85 g,Hershey's,2490,2490,False,https://www.jumbo.cl/hersheys-dark-60-cafe-85gr-1992831/p,https://jumbocl.vteximg.com.br/arquivos/ids/325414-250-250/HERSHEYS-DARK-60-CAFE-85GR.jpg?v=638776428345400000,Chocolates en Barra,https://www.jumbo.cl/chocolates-galletas-y-snacks/chocolates/chocolates-en-barra,https://bff.jumbo.cl/catalog/plp,4,2026-02-26T18:09:27
19054,Chocolate de Leche Costa Nuss 530 g,Costa,11590,11590,False,https://www.jumbo.cl/chocolate-costanuss-costa-530-g-con-almendras-enteras/p,https://jumbocl.vteximg.com.br/arquivos/ids/353230-250-250/Chocolate-CostaNuss-530-g.jpg?v=638776696530330000,Chocolates en Barra,https://www.jumbo.cl/chocolates-galletas-y-snacks/chocolates/chocolates-en-barra,https://bff.jumbo.cl/catalog/plp,4,2026-02-26T18:09:27
78713,Pack Chocolate White 42 g 24 un.,Nestlé,18960,18960,False,https://www.jumbo.cl/pack-chocolate-kit-kat-white-24-unid-42-g-c-u/p,https://jumbocl.vteximg.com.br/arquivos/ids/364088-250-250/Pack-24-un-Chocolate-white-42-g.jpg?v=638776752123830000,Chocolates en Barra,https://www.jumbo.cl/chocolates-galletas-y-snacks/chocolates/chocolates-en-barra,https://bff.jumbo.cl/catalog/plp,4,2026-02-26T18:09:27
135561,Chocolate Amargo Hershey´s con Cranberry 60% Cacao 85 g,Hershey's,2490,2490,False,https://www.jumbo.cl/hersheys-dark-60-cranberry-85gr-1992832/p,https://jumbocl.vteximg.com.br/arquivos/ids/324922-250-250/HERSHEYS-DARK-60-CRANBERRY-85GR.jpg?v=638776427971500000,Chocolates en Barra,https://www.jumbo.cl/chocolates-galletas-y-snacks/chocolates/chocolates-en-barra,https://bff.jumbo.cl/catalog/plp,4,2026-02-26T18:09:27
147782,Chocolate Macadamia Cookie Schogetten 100 g,Schogetten,3190,3190,False,https://www.jumbo.cl/schog-macad-100gr-2022703/p,https://jumbocl.vteximg.com.br/arquivos/ids/415161-250-250/Chocolate-Macadamia-Cookie-Schogetten-100-g.jpg?v=638802493343870000,Chocolates en Barra,https://www.jumbo.cl/chocolates-galletas-y-snacks/chocolates/chocolates-en-barra,https://bff.jumbo.cl/catalog/plp,4,2026-02-26T18:09:27
3716,Chocolate Blanco Schogetten 100 g,Schogetten,3190,3190,False,https://www.jumbo.cl/chocolate-schogetten-100-g-blanco/p,https://jumbocl.vteximg.com.br/arquivos/ids/300008-250-250/Chocolate-Blanco-Schogetten-100-g.jpg?v=638776371571470000,Chocolates en Barra,https://www.jumbo.cl/chocolates-galletas-y-snacks/chocolates/chocolates-en-barra,https://bff.jumbo.cl/catalog/plp,4,2026-02-26T18:09:27
135527,Chocolate Amargo Hershey´s con Naranja 60% Cacao 85 g,Hershey's,2490,2490,False,https://www.jumbo.cl/hersheys-dark-60-naranja-85gr-1992833/p,https://jumbocl.vteximg.com.br/arquivos/ids/325134-250-250/HERSHEYS-DARK-60-NARANJA-85GR.jpg?v=638776428152600000,Chocolates en Barra,https://www.jumbo.cl/chocolates-galletas-y-snacks/chocolates/chocolates-en-barra,https://bff.jumbo.cl/catalog/plp,4,2026-02-26T18:09:27
126774,Chocolate de Leche Cachet Mini con Avellana 185 g,Cachet,7990,7990,False,https://www.jumbo.cl/chocolates-cachet-mini-milk-20-un-185-gr-1963051/p,https://jumbocl.vteximg.com.br/arquivos/ids/319174-250-250/Chocolate-de-Leche-Cachet-Mini-Con-Avellana--185-g.jpg?v=638776416856170000,Chocolates en Barra,https://www.jumbo.cl/chocolates-galletas-y-snacks/chocolates/chocolates-en-barra,https://bff.jumbo.cl/catalog/plp,4,2026-02-26T18:09:27
3719,Chocolate Mixto Schogetten Trilogia 100 g,Schogetten,3190,3190,False,https://www.jumbo.cl/chocolate-trilogia-schogetten-100-g/p,https://jumbocl.vteximg.com.br/arquivos/ids/300047-250-250/Chocolate-Mixto-Schogetten-Trilogia-100-g.jpg?v=638776371654100000,Chocolates en Barra,https://www.jumbo.cl/chocolates-galletas-y-snacks/chocolates/chocolates-en-barra,https://bff.jumbo.cl/catalog/plp,4,2026-02-26T18:09:27
18862,Chocolate de Leche Ritter Sport Sin Lactosa 100 g,Ritter Sport,4690,4690,False,https://www.jumbo.cl/chocolate-ritter-100-g-bajo-en-lactosa/p,https://jumbocl.vteximg.com.br/arquivos/ids/353191-250-250/Chocolate-Ritter-100-g-bajo-en-lactosa.jpg?v=638776696369630000,Chocolates en Barra,https://www.jumbo.cl/chocolates-galletas-y-snacks/chocolates/chocolates-en-barra,https://bff.jumbo.cl/catalog/plp,4,2026-02-26T18:09:27
126755,Chocolate de Leche Bon O Bon Tableta Galleta 270 g,Bon O Bon,4400,4400,False,https://www.jumbo.cl/tableta-bob-galleta-270g-1959633/p,https://jumbocl.vteximg.com.br/arquivos/ids/392707-250-250/Tableta-Bon-o-Bon-Galleta-270-g.jpg?v=638776871964470000,Chocolates en Barra,https://www.jumbo.cl/chocolates-galletas-y-snacks/chocolates/chocolates-en-barra,https://bff.jumbo.cl/catalog/plp,4,2026-02-26T18:09:27
18961,Chocolate Amargo Villars con Café 100 g,Villars,5390,5390,False,https://www.jumbo.cl/chocolate-negro-con-cafe-villars-100-g/p,https://jumbocl.vteximg.com.br/arquivos/ids/304151-250-250/Chocolate-Amargo-Villars-Con-Cafe-100-g.jpg?v=638776379253400000,Chocolates en Barra,https://www.jumbo.cl/chocolates-galletas-y-snacks/chocolates/chocolates-en-barra,https://bff.jumbo.cl/catalog/plp,4,2026-02-26T18:09:27
18859,Chocolate de Leche Ritter Sport 100 g,Ritter Sport,3550,4490,True,https://www.jumbo.cl/chocolate-ritter-sport-100-g-alpine-milk-leche-extrafino/p,https://jumbocl.vteximg.com.br/arquivos/ids/353189-250-250/Chocolate-alpine-milk-leche-extrafino-100-g.jpg?v=638776696368200000,Chocolates en Barra,https://www.jumbo.cl/chocolates-galletas-y-snacks/chocolates/chocolates-en-barra,https://bff.jumbo.cl/catalog/plp,4,2026-02-26T18:09:27
18998,Chocolate de Leche Toblerone Tiny 200 g,Toblerone,7090,7090,False,https://www.jumbo.cl/chocolate-toblerone-200-g-tiny-leche/p,https://jumbocl.vteximg.com.br/arquivos/ids/304099-250-250/Chocolate-de-Leche-Toblerone-Tiny-200-g.jpg?v=638776378982570000,Chocolates en Barra,https://www.jumbo.cl/chocolates-galletas-y-snacks/chocolates/chocolates-en-barra,https://bff.jumbo.cl/catalog/plp,4,2026-02-26T18:09:27
18957,Chocolate Amargo Villars con Avellanas 100 g,Villars,5390,5390,False,https://www.jumbo.cl/chocolate-en-barra-villars-100-g-amargo-con-avellanas/p,https://jumbocl.vteximg.com.br/arquivos/ids/304142-250-250/Chocolate-Amargo-Villars-Con-Avellanas-100-g.jpg?v=638776379196700000,Chocolates en Barra,https://www.jumbo.cl/chocolates-galletas-y-snacks/chocolates/chocolates-en-barra,https://bff.jumbo.cl/catalog/plp,4,2026-02-26T18:09:27
119400,Chocolate de Leche Ritter Sport con Avellanas Mini 117 g,Ritter Sport,7300,7300,False,https://www.jumbo.cl/chocolate-ritter-mini-nut-117gr-1939711/p,https://jumbocl.vteximg.com.br/arquivos/ids/384764-250-250/CHOCOLATE-RITTER-MINI-NUT-117GR.jpg?v=638776841503200000,Chocolates en Barra,https://www.jumbo.cl/chocolates-galletas-y-snacks/chocolates/chocolates-en-barra,https://bff.jumbo.cl/catalog/plp,4,2026-02-26T18:09:27
140636,Chocolate Sarotti Naranja 10 un. 100 g,Sarotti,4700,4700,False,https://www.jumbo.cl/choco-sarotti-naranja-10-un100-gr-2002819/p,https://jumbocl.vteximg.com.br/arquivos/ids/334830-250-250/Choco-Sarotti-Naranja-10-un-100-g.jpg?v=638776435939630000,Chocolates en Barra,https://www.jumbo.cl/chocolates-galletas-y-snacks/chocolates/chocolates-en-barra,https://bff.jumbo.cl/catalog/plp,4,2026-02-26T18:09:27
18958,Chocolate Amargo Villars con Almendras Caramelizadas 100 g,Villars,5390,5390,False,https://www.jumbo.cl/chocolate-negro-con-almendras-caramelizadas-villars-100-g/p,https://jumbocl.vteximg.com.br/arquivos/ids/304147-250-250/Chocolate-Amargo-Villars-Con-Almendras-Caramelizadas-100-g.jpg?v=638776379225270000,Chocolates en Barra,https://www.jumbo.cl/chocolates-galletas-y-snacks/chocolates/chocolates-en-barra,https://bff.jumbo.cl/catalog/plp,4,2026-02-26T18:09:27
18951,Chocolate Blanco Villars con Caramelo 100 g,Villars,5390,5390,False,https://www.jumbo.cl/chocolate-villars100-g-blonde/p,https://jumbocl.vteximg.com.br/arquivos/ids/304112-250-250/Chocolate-Blanco-Villars-Con-Caramelo-100-g.jpg?v=638776379019470000,Chocolates en Barra,https://www.jumbo.cl/chocolates-galletas-y-snacks/chocolates/chocolates-en-barra,https://bff.jumbo.cl/catalog/plp,4,2026-02-26T18:09:27
142039,Terrys Chocolate Orange Mint 145 g,Terry's,4590,4590,False,https://www.jumbo.cl/terrys-chocolate-orange-mint-145g-1995327/p,https://jumbocl.vteximg.com.br/arquivos/ids/336982-250-250/Terrys-Chocolate-Orange-Mint-145-g.jpg?v=638776438170500000,Chocolates en Barra,https://www.jumbo.cl/chocolates-galletas-y-snacks/chocolates/chocolates-en-barra,https://bff.jumbo.cl/catalog/plp,4,2026-02-26T18:09:27
18922,Chocolate Amargo Reber Specialities con Mazapán 100 g,Reber Specialities,5990,5990,False,https://www.jumbo.cl/chocolate-en-tableta-valor-100-g-mozart-kugel/p,https://jumbocl.vteximg.com.br/arquivos/ids/304154-250-250/Chocolate-Amargo-Reber-Specialities-Con-Mazapan-100-g.jpg?v=638776379269500000,Chocolates en Barra,https://www.jumbo.cl/chocolates-galletas-y-snacks/chocolates/chocolates-en-barra,https://bff.jumbo.cl/catalog/plp,4,2026-02-26T18:09:27
18866,Chocolate Blanco Ritter Sport con Avellanas Enteras 100 g,Ritter Sport,3550,4490,True,https://www.jumbo.cl/chocolate-blanco-ritter-sport-100-g-con-avellanas-enteras/p,https://jumbocl.vteximg.com.br/arquivos/ids/353188-250-250/Chocolate-blanco-Ritter-Sport-100-g-con-avellanas-enteras.jpg?v=638776696368070000,Chocolates en Barra,https://www.jumbo.cl/chocolates-galletas-y-snacks/chocolates/chocolates-en-barra,https://bff.jumbo.cl/catalog/plp,4,2026-02-26T18:09:27
140634,Chocolate Sarotti Amargo 70% 100 g,Sarotti,4700,4700,False,https://www.jumbo.cl/choco-sarotti-amargo-70-10-un-100gr-2002818/p,https://jumbocl.vteximg.com.br/arquivos/ids/334743-250-250/Choco-Sarotti-Amargo-70-10-un-100-g.jpg?v=638776435875600000,Chocolates en Barra,https://www.jumbo.cl/chocolates-galletas-y-snacks/chocolates/chocolates-en-barra,https://bff.jumbo.cl/catalog/plp,4,2026-02-26T18:09:27
19056,Chocolate de Leche Costa Milk 145 g,Costa,3350,3350,False,https://www.jumbo.cl/chocolate-costamilk-costa-145-g/p,https://jumbocl.vteximg.com.br/arquivos/ids/353227-250-250/Chocolate-Costamilk-145-g.jpg?v=638776696523300000,Chocolates en Barra,https://www.jumbo.cl/chocolates-galletas-y-snacks/chocolates/chocolates-en-barra,https://bff.jumbo.cl/catalog/plp,4,2026-02-26T18:09:27
146357,Caramelos Duros Halls Menta Extra Fuerte 9 un.,Halls,590,590,False,https://www.jumbo.cl/caramelo-halls-extrastron-75g-2022186/p,https://jumbocl.vteximg.com.br/arquivos/ids/404305-250-250/Caramelos-Duros-Halls-Menta-Extra-Fuerte-9-un.jpg?v=638776918147800000,Chocolates en Barra,https://www.jumbo.cl/chocolates-galletas-y-snacks/chocolates/chocolates-en-barra,https://bff.jumbo.cl/catalog/plp,4,2026-02-26T18:09:27
149909,Chocolate Lindor Pistacho Tableta 100 g,Lindt,5490,5490,False,https://www.jumbo.cl/chocolate-pistacho-2039807/p,https://jumbocl.vteximg.com.br/arquivos/ids/477517-250-250/Chocolate-Lindor-Pistacho-Tableta-100-g.jpg?v=638875814147070000,Chocolates en Barra,https://www.jumbo.cl/chocolates-galletas-y-snacks/chocolates/chocolates-en-barra,https://bff.jumbo.cl/catalog/plp,4,2026-02-26T18:09:27
159497,Chocolate Toblerone Milk 340 g,Toblerone,12990,12990,False,https://www.jumbo.cl/chocolate-tobleron-2054158/p,https://jumbocl.vteximg.com.br/arquivos/ids/536708-250-250/Chocolate-Toblerone-Milk-340-g.jpg?v=638983812536430000,Chocolates en Barra,https://www.jumbo.cl/chocolates-galletas-y-snacks/chocolates/chocolates-en-barra,https://bff.jumbo.cl/catalog/plp,5,2026-02-26T18:09:31
157753,Chocolate de Leche Ritter Sport Golden 148 g,Ritter,9000,9000,False,https://www.jumbo.cl/chocolate-cubes-ritter-golden-148g-2052668/p,https://jumbocl.vteximg.com.br/arquivos/ids/523058-250-250/Chocolate-de-Leche-Ritter-Sport-Golden-148-g.jpg?v=638959818672870000,Chocolates en Barra,https://www.jumbo.cl/chocolates-galletas-y-snacks/chocolates/chocolates-en-barra,https://bff.jumbo.cl/catalog/plp,5,2026-02-26T18:09:31
154356,Mr Beast Feastables Cookies & Cream 60 g,MrBeast,1990,4990,True,https://www.jumbo.cl/mr-beast-feastables-cookies-cream-60-g-2047058/p,https://jumbocl.vteximg.com.br/arquivos/ids/547455-250-250/Mr-Beast-Feastables-Cookies---Cream-60-g.jpg?v=639002294692700000,Chocolates en Barra,https://www.jumbo.cl/chocolates-galletas-y-snacks/chocolates/chocolates-en-barra,https://bff.jumbo.cl/catalog/plp,5,2026-02-26T18:09:31
154355,Mr Beast Feastables Peanut Butter Cups 40 g,MrBeast,1990,3790,True,https://www.jumbo.cl/mr-beast-feastables-peanut-butter-cups-40-g-2047057/p,https://jumbocl.vteximg.com.br/arquivos/ids/548259-250-250/Mr-Beast-Feastables-Peanut-Butter-Cups-40-g.jpg?v=639003788009630000,Chocolates en Barra,https://www.jumbo.cl/chocolates-galletas-y-snacks/chocolates/chocolates-en-barra,https://bff.jumbo.cl/catalog/plp,5,2026-02-26T18:09:31
147770,Mr. Beast Feastables Almond Choco 60 g,MrBeast,1990,4990,True,https://www.jumbo.cl/mr-beast-almond60g-2026925/p,https://jumbocl.vteximg.com.br/arquivos/ids/547543-250-250/Mr-Beast-Feastables-Almond-Choco-60-g-2-un.jpg?v=639003604716570000,Chocolates en Barra,https://www.jumbo.cl/chocolates-galletas-y-snacks/chocolates/chocolates-en-barra,https://bff.jumbo.cl/catalog/plp,5,2026-02-26T18:09:31
161382,Tableta Rolls Crocante 90 g,Costa,1890,1890,False,https://www.jumbo.cl/chocolate-rolls-2054805/p,https://jumbocl.vteximg.com.br/arquivos/ids/552159-250-250/Chocolate-Rolls-Tableta-Crocante-90-g.jpg?v=639010666949430000,Chocolates en Barra,https://www.jumbo.cl/chocolates-galletas-y-snacks/chocolates/chocolates-en-barra,https://bff.jumbo.cl/catalog/plp,5,2026-02-26T18:09:31
153894,Chocolate Leche y Naranja Lob 120 g,Lob,4590,4590,False,https://www.jumbo.cl/chocolate-leche-y-naranja-lob-120g-2043262/p,https://jumbocl.vteximg.com.br/arquivos/ids/577287-250-250/Chocolate-Leche-y-Naranja-Lob-120-g.jpg?v=639070315528730000,Chocolates en Barra,https://www.jumbo.cl/chocolates-galletas-y-snacks/chocolates/chocolates-en-barra,https://bff.jumbo.cl/catalog/plp,5,2026-02-26T18:09:31
153896,Chocolate de Leche Lob 120 g,Lob,4590,4590,False,https://www.jumbo.cl/chocolate-de-leche-lob-120g-2043261/p,https://jumbocl.vteximg.com.br/arquivos/ids/577286-250-250/Chocolate-de-Leche-Lob-120-g.jpg?v=639070315520300000,Chocolates en Barra,https://www.jumbo.cl/chocolates-galletas-y-snacks/chocolates/chocolates-en-barra,https://bff.jumbo.cl/catalog/plp,5,2026-02-26T18:09:31
153897,Chocolate Relleno Salted Caramel Lob 120 g,Lob,4590,4590,False,https://www.jumbo.cl/chocolate-rell-c-saltedcaramel-lob-120g-2043260/p,https://jumbocl.vteximg.com.br/arquivos/ids/577285-250-250/Chocolate-Relleno-Salted-Caramel-Lob-120-g.jpg?v=639070315511470000,Chocolates en Barra,https://www.jumbo.cl/chocolates-galletas-y-snacks/chocolates/chocolates-en-barra,https://bff.jumbo.cl/catalog/plp,5,2026-02-26T18:09:31
163739,Chocolate Milka Relleno con Almendras Enteras 100 g,Milka,2990,2990,False,https://www.jumbo.cl/chocolate-milka-2062875/p,https://jumbocl.vteximg.com.br/arquivos/ids/575086-250-250/Chocolate-Milka-Relleno-con-Almendras-Enteras-100-g.jpg?v=639068659039530000,Chocolates en Barra,https://www.jumbo.cl/chocolates-galletas-y-snacks/chocolates/chocolates-en-barra,https://bff.jumbo.cl/catalog/plp,5,2026-02-26T18:09:31
117821,Chocolate Bitter Quintal Sal Pimienta 100 g,Quintal,6290,6290,False,https://www.jumbo.cl/tableta-choc-bit-sal-pimie-quintal-100gr-1932574/p,https://jumbocl.vteximg.com.br/arquivos/ids/457849-250-250/Chocolate-Bitter-Quintal-Sal-Pimienta-100-g.jpg?v=638857855506630000,Chocolates en Barra,https://www.jumbo.cl/chocolates-galletas-y-snacks/chocolates/chocolates-en-barra,https://bff.jumbo.cl/catalog/plp,5,2026-02-26T18:09:31
3726,Chocolate de Leche Toblerone 100 g,Toblerone,4300,4300,False,https://www.jumbo.cl/chocolate-de-leche-toblerone-caja-100-g/p,https://jumbocl.vteximg.com.br/arquivos/ids/300104-250-250/Chocolate-de-Leche-Toblerone-100-g.jpg?v=638776371786930000,Chocolates en Barra,https://www.jumbo.cl/chocolates-galletas-y-snacks/chocolates/chocolates-en-barra,https://bff.jumbo.cl/catalog/plp,5,2026-02-26T18:09:31
117817,Chocolate Bitter Quintal 75% Cacao 100 g,Quintal,6290,6290,False,https://www.jumbo.cl/tableta-choc-bit-cacao-75-quintal-100gr-1932577/p,https://jumbocl.vteximg.com.br/arquivos/ids/497271-250-250/Chocolate-Bitter-Quintal-75--Cacao-100-g.jpg?v=638912214583000000,Chocolates en Barra,https://www.jumbo.cl/chocolates-galletas-y-snacks/chocolates/chocolates-en-barra,https://bff.jumbo.cl/catalog/plp,5,2026-02-26T18:09:31
117809,Chocolate Bitter Quintal con Cacao Avellana 100 g,Quintal,6290,6290,False,https://www.jumbo.cl/tableta-choc-bit-cac-avell-quintal-100gr-1932575/p,https://jumbocl.vteximg.com.br/arquivos/ids/414551-250-250/Chocolate-Bitter-Quintal-Con-Cacao-Avellana-100-g.jpg?v=638799203393670000,Chocolates en Barra,https://www.jumbo.cl/chocolates-galletas-y-snacks/chocolates/chocolates-en-barra,https://bff.jumbo.cl/catalog/plp,5,2026-02-26T18:09:31
122776,Chocolate de Leche Crunch con Arroz 80 g,Nestlé,1790,1790,False,https://www.jumbo.cl/chocolate-crunch-nestle-80gr-1956683/p,https://jumbocl.vteximg.com.br/arquivos/ids/388520-250-250/Chocolate-Crunch-80-g.jpg?v=638776856150670000,Chocolates en Barra,https://www.jumbo.cl/chocolates-galletas-y-snacks/chocolates/chocolates-en-barra,https://bff.jumbo.cl/catalog/plp,5,2026-02-26T18:09:31
149908,Chocolate Lindt Excellence Pistacho 100 g,Lindt,6590,6590,False,https://www.jumbo.cl/chocolate-excele-2037336/p,https://jumbocl.vteximg.com.br/arquivos/ids/450724-250-250/CHOCOLATE-LINDT-EXCELLENCE-PISTACHO-100G.jpg?v=638847793495170000,Chocolates en Barra,https://www.jumbo.cl/chocolates-galletas-y-snacks/chocolates/chocolates-en-barra,https://bff.jumbo.cl/catalog/plp,5,2026-02-26T18:09:31
158449,Chocolates y Caramelos Mars Bolsa Mix 247 g,Mars,6232,7790,True,https://www.jumbo.cl/chocolates-y-caram-mars-bolsa-mix-247gr-2052788/p,https://jumbocl.vteximg.com.br/arquivos/ids/533168-250-250/Chocolates-y-Caramelos-Mars-Bolsa-Mix-247-g.jpg?v=638979415111070000,Chocolates en Barra,https://www.jumbo.cl/chocolates-galletas-y-snacks/chocolates/chocolates-en-barra,https://bff.jumbo.cl/catalog/plp,5,2026-02-26T18:09:31
147801,Chocolate Karina Leche y Caramelo Salado 100 g,Karina,2072,2590,True,https://www.jumbo.cl/karina-carame-100g-2025713/p,https://jumbocl.vteximg.com.br/arquivos/ids/458125-250-250/Chocolate-de-Leche-y-Caramelo-Salado-Karina-100-g.jpg?v=638858665103830000,Chocolates en Barra,https://www.jumbo.cl/chocolates-galletas-y-snacks/chocolates/chocolates-en-barra,https://bff.jumbo.cl/catalog/plp,5,2026-02-26T18:09:31
139733,Chocolate Orly Ambrosella Edición Especial 95 g,Ambrosoli,1690,1690,False,https://www.jumbo.cl/orly-leche-edicion-especial-95-gr-2002733/p,https://jumbocl.vteximg.com.br/arquivos/ids/332540-250-250/Chocolate-Orly-Leche-Edicion-Especial-95g.jpg?v=638776434148630000,Chocolates en Barra,https://www.jumbo.cl/chocolates-galletas-y-snacks/chocolates/chocolates-en-barra,https://bff.jumbo.cl/catalog/plp,5,2026-02-26T18:09:31
3688,Chocolate de Leche Milka Relleno con Crema de Caramelo 100 g,Milka,2990,2990,False,https://www.jumbo.cl/chocolate-milka-caramelo100g/p,https://jumbocl.vteximg.com.br/arquivos/ids/300063-250-250/Chocolate-de-Leche-Milka-Relleno-Con-Crema-de-Caramelo-100-g.jpg?v=638776371699800000,Chocolates en Barra,https://www.jumbo.cl/chocolates-galletas-y-snacks/chocolates/chocolates-en-barra,https://bff.jumbo.cl/catalog/plp,5,2026-02-26T18:09:31
117806,Chocolate Bitter Quintal con Naranja Jengibre 100 g,Quintal,6290,6290,False,https://www.jumbo.cl/tableta-choc-bit-nar-jengi-quintal-100gr-1932573/p,https://jumbocl.vteximg.com.br/arquivos/ids/457663-250-250/Chocolate-Bitter-Quintal-Con-Naranja-Jengibre-100-g.jpg?v=638857855169730000,Chocolates en Barra,https://www.jumbo.cl/chocolates-galletas-y-snacks/chocolates/chocolates-en-barra,https://bff.jumbo.cl/catalog/plp,5,2026-02-26T18:09:31
117792,Chocolate Bitter Quintal con Menta 60% Cacao 100 g,Quintal,6290,6290,False,https://www.jumbo.cl/tableta-choc-bit-cacao-men-quintal-100gr-1932576/p,https://jumbocl.vteximg.com.br/arquivos/ids/383391-250-250/Tableta-chocolate-bitter-cacao-menta-100-g.jpg?v=638776835314370000,Chocolates en Barra,https://www.jumbo.cl/chocolates-galletas-y-snacks/chocolates/chocolates-en-barra,https://bff.jumbo.cl/catalog/plp,5,2026-02-26T18:09:31
3630,Chocolate Blanco Costa Blanc 80 g,Costa,3190,3190,False,https://www.jumbo.cl/chocolate-blanco-costa-80-g-2/p,https://jumbocl.vteximg.com.br/arquivos/ids/346841-250-250/Chocolate-blanco-80-g.jpg?v=638776463937330000,Chocolates en Barra,https://www.jumbo.cl/chocolates-galletas-y-snacks/chocolates/chocolates-en-barra,https://bff.jumbo.cl/catalog/plp,5,2026-02-26T18:09:31
156236,Chocolate Milka Toffe 300 g,Milka,7690,7690,False,https://www.jumbo.cl/chocolate-milka-toffe-300g-2051392/p,https://jumbocl.vteximg.com.br/arquivos/ids/544300-250-250/Chocolate-Milka-Toffe-300-g.jpg?v=638992673320000000,Chocolates en Barra,https://www.jumbo.cl/chocolates-galletas-y-snacks/chocolates/chocolates-en-barra,https://bff.jumbo.cl/catalog/plp,5,2026-02-26T18:09:31
127570,Chocolate de Leche Costa Milk 80 g,Costa,1790,1790,False,https://www.jumbo.cl/costamilk-80-gr-1964089/p,https://jumbocl.vteximg.com.br/arquivos/ids/393663-250-250/Chocolate-Costa-Milk-80-g.jpg?v=638776875580930000,Chocolates en Barra,https://www.jumbo.cl/chocolates-galletas-y-snacks/chocolates/chocolates-en-barra,https://bff.jumbo.cl/catalog/plp,5,2026-02-26T18:09:31
143845,Tableta Mecano 95 g,Costa,1790,1790,False,https://www.jumbo.cl/tableta-mecano-95-gr-2013038/p,https://jumbocl.vteximg.com.br/arquivos/ids/340742-250-250/Tableta-Mecano-95-g.jpg?v=638776440964730000,Chocolates en Barra,https://www.jumbo.cl/chocolates-galletas-y-snacks/chocolates/chocolates-en-barra,https://bff.jumbo.cl/catalog/plp,5,2026-02-26T18:09:31
106347,Chocolate Amargo Hershey's 85 g,Hershey's,2390,2390,False,https://www.jumbo.cl/barra-hersheys-dark-73-85-gr-1898259/p,https://jumbocl.vteximg.com.br/arquivos/ids/375922-250-250/Barra-Dark-73--85-g.jpg?v=638776805539430000,Chocolates en Barra,https://www.jumbo.cl/chocolates-galletas-y-snacks/chocolates/chocolates-en-barra,https://bff.jumbo.cl/catalog/plp,5,2026-02-26T18:09:31
147616,Barritas Costanuss 15 x 90 g,Costa,1490,1490,False,https://www.jumbo.cl/costanuss-15x90-gr-2029569/p,https://jumbocl.vteximg.com.br/arquivos/ids/446147-250-250/Barritas-Costanuss-15-x-90-g.jpg?v=638841325134400000,Chocolates en Barra,https://www.jumbo.cl/chocolates-galletas-y-snacks/chocolates/chocolates-en-barra,https://bff.jumbo.cl/catalog/plp,5,2026-02-26T18:09:31
127572,Chocolate de Leche Costa Milk Salted Caramel 80 g,Costa,1570,1570,False,https://www.jumbo.cl/costa-milk-salted-caramel-80-gr-1964086/p,https://jumbocl.vteximg.com.br/arquivos/ids/393661-250-250/Chocolate-Costa-Milk-Salted-Caramelo-80-g.jpg?v=638776875579700000,Chocolates en Barra,https://www.jumbo.cl/chocolates-galletas-y-snacks/chocolates/chocolates-en-barra,https://bff.jumbo.cl/catalog/plp,5,2026-02-26T18:09:31
137203,Chocolate de Leche Rocklets 290 g,Arcor,4990,4990,False,https://www.jumbo.cl/tableta-rocklets-max-290gr-1998574/p,https://jumbocl.vteximg.com.br/arquivos/ids/328361-250-250/Tableta-Rocklets-Max-290-g.jpg?v=638776430813770000,Chocolates en Barra,https://www.jumbo.cl/chocolates-galletas-y-snacks/chocolates/chocolates-en-barra,https://bff.jumbo.cl/catalog/plp,5,2026-02-26T18:09:31
157727,Chocolate Blanco con Manjar Copos de Nieve 81 g,Ambrosoli,1890,1890,False,https://www.jumbo.cl/chocolates-copos-de-nieve-81g-2052591/p,https://jumbocl.vteximg.com.br/arquivos/ids/523000-250-250/Chocolate-Blanco-con-Manjar-81-g.jpg?v=638959818508800000,Chocolates en Barra,https://www.jumbo.cl/chocolates-galletas-y-snacks/chocolates/chocolates-en-barra,https://bff.jumbo.cl/catalog/plp,5,2026-02-26T18:09:31
42139,Chocolate de Leche Storck Con Caramelos y Avellanas 125 g,Storck,2990,2990,False,https://www.jumbo.cl/chocolate-storck-relleno-toffifee-125-g/p,https://jumbocl.vteximg.com.br/arquivos/ids/355374-250-250/1696059.jpg?v=638776706596030000,Chocolates en Barra,https://www.jumbo.cl/chocolates-galletas-y-snacks/chocolates/chocolates-en-barra,https://bff.jumbo.cl/catalog/plp,5,2026-02-26T18:09:31
134292,Chocolate de Leche Sahne Nuss Lata Corazón 500 g,Sahne Nuss,13390,13390,False,https://www.jumbo.cl/lata-corazon-sahne-nuss-500gr-1987589/p,https://jumbocl.vteximg.com.br/arquivos/ids/322474-250-250/Lata-Corazon-Sahne-Nuss-500-g.jpg?v=638776426132300000,Bombones y Trufas,https://www.jumbo.cl/chocolates-galletas-y-snacks/chocolates/bombones-y-trufas,https://bff.jumbo.cl/catalog/plp,1,2026-02-26T18:09:38
158020,Bombones Chocolate Sahne Nuss Praliné 72 g,Sahne Nuss,7490,7490,False,https://www.jumbo.cl/bombon-chocolate-sahne-nuss-praline-72g-2052170/p,https://jumbocl.vteximg.com.br/arquivos/ids/547357-250-250/Bombones-Chocolate-Sahne-Nuss-Praline-72-g.jpg?v=638999703905930000,Bombones y Trufas,https://www.jumbo.cl/chocolates-galletas-y-snacks/chocolates/bombones-y-trufas,https://bff.jumbo.cl/catalog/plp,1,2026-02-26T18:09:38
158021,Bombones Chocolate Sahne Nuss Praliné 144 g,Sahne Nuss,13990,13990,False,https://www.jumbo.cl/bombon-chocolate-sahne-nuss-praline-144g-2052171/p,https://jumbocl.vteximg.com.br/arquivos/ids/547367-250-250/Bombones-Chocolate-Sahne-Nuss-Praline-144-g.jpg?v=638999703942230000,Bombones y Trufas,https://www.jumbo.cl/chocolates-galletas-y-snacks/chocolates/bombones-y-trufas,https://bff.jumbo.cl/catalog/plp,1,2026-02-26T18:09:38
134605,Chocolate de Leche Bon O Bon 75 g,Bon O Bon,1290,1290,False,https://www.jumbo.cl/bolsa-bob-leche-90gr-1989445/p,https://jumbocl.vteximg.com.br/arquivos/ids/507184-250-250/Chocolate-de-Leche-Bon-O-Bon-75-g.jpg?v=638935564085800000,Bombones y Trufas,https://www.jumbo.cl/chocolates-galletas-y-snacks/chocolates/bombones-y-trufas,https://bff.jumbo.cl/catalog/plp,1,2026-02-26T18:09:38
56906,Bombones Trufados Doña Jimena Pralines Surtido 100 g,Doña Jimena,3990,3990,False,https://www.jumbo.cl/surtido-praline-dona-jimena-100g/p,https://jumbocl.vteximg.com.br/arquivos/ids/309112-250-250/Bombones-Trufados-Do%C3%B1a-Jimena-Pralines-Surtido-100-g.jpg?v=638776388238600000,Bombones y Trufas,https://www.jumbo.cl/chocolates-galletas-y-snacks/chocolates/bombones-y-trufas,https://bff.jumbo.cl/catalog/plp,1,2026-02-26T18:09:38
3674,Bombones de Leche Lindt Lindor 200 g,Lindt,14350,14350,False,https://www.jumbo.cl/chocolate-lindt-caja-200-g-lindor-leche-2/p,https://jumbocl.vteximg.com.br/arquivos/ids/299940-250-250/Bombones-de-Chocolate-de-Leche-Lindt-Lindor-200-g.jpg?v=638776371458970000,Bombones y Trufas,https://www.jumbo.cl/chocolates-galletas-y-snacks/chocolates/bombones-y-trufas,https://bff.jumbo.cl/catalog/plp,1,2026-02-26T18:09:38
19119,Bombones Entrelagos Variedad 105 g,Entrelagos,7990,7990,False,https://www.jumbo.cl/bombones-finos-variedad-de-sabores-entrelagos-105-g/p,https://jumbocl.vteximg.com.br/arquivos/ids/304166-250-250/Bombones-Entrelagos-Variedad-105-g.jpg?v=638776379318470000,Bombones y Trufas,https://www.jumbo.cl/chocolates-galletas-y-snacks/chocolates/bombones-y-trufas,https://bff.jumbo.cl/catalog/plp,1,2026-02-26T18:09:38
72,Bombones de Chocolate Cher con Cerezas Al Licor 120 g,Ambrosoli,3690,4100,True,https://www.jumbo.cl/bombones-rellenos-ambrosoli-caja-120-g-cerezas-al-cognac/p,https://jumbocl.vteximg.com.br/arquivos/ids/297617-250-250/Cerezas-al-cognac-120-g.jpg?v=638775741383770000,Bombones y Trufas,https://www.jumbo.cl/chocolates-galletas-y-snacks/chocolates/bombones-y-trufas,https://bff.jumbo.cl/catalog/plp,1,2026-02-26T18:09:38
88273,Bombones Nestlé Surtido 251 G,Nestlé,5290,5290,False,https://www.jumbo.cl/chocolate-de-leche-especialidades-bombon-251-g/p,https://jumbocl.vteximg.com.br/arquivos/ids/366690-250-250/Caja-bombones-especialidades-251-g.jpg?v=638776764281630000,Bombones y Trufas,https://www.jumbo.cl/chocolates-galletas-y-snacks/chocolates/bombones-y-trufas,https://bff.jumbo.cl/catalog/plp,1,2026-02-26T18:09:38
64919,Bombones Ferrero Rocher 100 g 8 un.,Ferrero Rocher,8590,8590,False,https://www.jumbo.cl/bombon-ferrero-rocher-100gr/p,https://jumbocl.vteximg.com.br/arquivos/ids/361456-250-250/Bombones-Ferrero-Rocher-100-g.jpg?v=638776737384630000,Bombones y Trufas,https://www.jumbo.cl/chocolates-galletas-y-snacks/chocolates/bombones-y-trufas,https://bff.jumbo.cl/catalog/plp,1,2026-02-26T18:09:38
133432,Bombones Pergale Chocolate de Leche 117 g,Pergale,3890,3890,False,https://www.jumbo.cl/bombones-berries-chocomilk-pergale-117g-1970604/p,https://jumbocl.vteximg.com.br/arquivos/ids/428989-250-250/Bombones-Pergale-Chocolate-de-Leche-117-g.jpg?v=638812773411070000,Bombones y Trufas,https://www.jumbo.cl/chocolates-galletas-y-snacks/chocolates/bombones-y-trufas,https://bff.jumbo.cl/catalog/plp,1,2026-02-26T18:09:38
65525,Bombones Mauxion Surtido 200 g,Mauxion,5890,5890,False,https://www.jumbo.cl/bombones-mauxion-saphir-200g/p,https://jumbocl.vteximg.com.br/arquivos/ids/309815-250-250/Bombones-Mauxion-Surtido-200-g.jpg?v=638776389931700000,Bombones y Trufas,https://www.jumbo.cl/chocolates-galletas-y-snacks/chocolates/bombones-y-trufas,https://bff.jumbo.cl/catalog/plp,1,2026-02-26T18:09:38
3675,Bombones Surtido Lindt Lindor 200 g,Lindt,14350,14350,False,https://www.jumbo.cl/chocolate-lindt-caja-200-g-surtido-2/p,https://jumbocl.vteximg.com.br/arquivos/ids/299965-250-250/Bombones-de-Chocolate-Surtido-Lindt-Lindor-200-g.jpg?v=638776371497700000,Bombones y Trufas,https://www.jumbo.cl/chocolates-galletas-y-snacks/chocolates/bombones-y-trufas,https://bff.jumbo.cl/catalog/plp,1,2026-02-26T18:09:38
61012,Bombones Ferrero Rocher 150 g 12 un.,Ferrero Rocher,13850,13850,False,https://www.jumbo.cl/ferrero-rocher-t-12-150-gr/p,https://jumbocl.vteximg.com.br/arquivos/ids/360818-250-250/Bombon-T-12-150-g.jpg?v=638776734192930000,Bombones y Trufas,https://www.jumbo.cl/chocolates-galletas-y-snacks/chocolates/bombones-y-trufas,https://bff.jumbo.cl/catalog/plp,1,2026-02-26T18:09:38
148971,Chocolate de Leche Kisses Hershey's 72 g,Hershey's,3550,3550,False,https://www.jumbo.cl/chocolate-de-leche-kisses-hershey-s-72-g-972061/p,https://jumbocl.vteximg.com.br/arquivos/ids/435998-250-250/Chocolate-de-leche-Kisses-Hershey-s-72-g.jpg?v=638826164422170000,Bombones y Trufas,https://www.jumbo.cl/chocolates-galletas-y-snacks/chocolates/bombones-y-trufas,https://bff.jumbo.cl/catalog/plp,1,2026-02-26T18:09:38
134601,Chocolate de Leche Bon O Bon 210 g,Bon O Bon,3050,3050,False,https://www.jumbo.cl/bon-o-bon-ventana-leche-210gr-1989446/p,https://jumbocl.vteximg.com.br/arquivos/ids/323178-250-250/Bon-O-Bon-Ventana-Leche-210-g.jpg?v=638776426702130000,Bombones y Trufas,https://www.jumbo.cl/chocolates-galletas-y-snacks/chocolates/bombones-y-trufas,https://bff.jumbo.cl/catalog/plp,1,2026-02-26T18:09:38
52961,Bombones de Chocolate Carezza 210 g,Costa,6990,6990,False,https://www.jumbo.cl/bombones-costa-210-g-carezza/p,https://jumbocl.vteximg.com.br/arquivos/ids/359070-250-250/Bombones-Carezza-210-g.jpg?v=638776726680100000,Bombones y Trufas,https://www.jumbo.cl/chocolates-galletas-y-snacks/chocolates/bombones-y-trufas,https://bff.jumbo.cl/catalog/plp,1,2026-02-26T18:09:38
159013,Bombones Del turista Pistacho 114 g,Delturista,6000,6990,True,https://www.jumbo.cl/bombones-pistacho-114-gr/p,https://jumbocl.vteximg.com.br/arquivos/ids/533531-250-250/Bombones-Haustbrandt-Pistacho-114-g.jpg?v=638979415492130000,Bombones y Trufas,https://www.jumbo.cl/chocolates-galletas-y-snacks/chocolates/bombones-y-trufas,https://bff.jumbo.cl/catalog/plp,1,2026-02-26T18:09:38
99933,Trufas Clair de Lune Frutos de Rojos 160 g,Clair de Lune,3352,4190,True,https://www.jumbo.cl/trufas-frutos-rojos-de-lune-160g-1873772/p,https://jumbocl.vteximg.com.br/arquivos/ids/313439-250-250/Trufas-frutos-de-rojos-160-g.jpg?v=638776399661600000,Bombones y Trufas,https://www.jumbo.cl/chocolates-galletas-y-snacks/chocolates/bombones-y-trufas,https://bff.jumbo.cl/catalog/plp,1,2026-02-26T18:09:38
137198,Chocolate Blanco Bon O Bon 75 g,Bon O Bon,1290,1290,False,https://www.jumbo.cl/bolsa-bob-blanco-90gr-1998576/p,https://jumbocl.vteximg.com.br/arquivos/ids/507208-250-250/Chocolate-Blanco-Bon-O-Bon-75-g.jpg?v=638935564126530000,Bombones y Trufas,https://www.jumbo.cl/chocolates-galletas-y-snacks/chocolates/bombones-y-trufas,https://bff.jumbo.cl/catalog/plp,1,2026-02-26T18:09:38
133435,Bombones Pergale Chocolate Amargo 114 g,Pergale,3890,3890,False,https://www.jumbo.cl/bombones-clasicos-chocodark-pergale-114g-1967836/p,https://jumbocl.vteximg.com.br/arquivos/ids/428987-250-250/Bombones-Pergale-Chocolate-Amargo-114-g.jpg?v=638812773380130000,Bombones y Trufas,https://www.jumbo.cl/chocolates-galletas-y-snacks/chocolates/bombones-y-trufas,https://bff.jumbo.cl/catalog/plp,1,2026-02-26T18:09:38
18857,Bombones Mauxion Rosé 200 g,Mauxion,5890,5890,False,https://www.jumbo.cl/bombones-mauxion-coeur-de-rose-200-g/p,https://jumbocl.vteximg.com.br/arquivos/ids/304094-250-250/Bombones-Mauxion-Rose-200-g.jpg?v=638776378958500000,Bombones y Trufas,https://www.jumbo.cl/chocolates-galletas-y-snacks/chocolates/bombones-y-trufas,https://bff.jumbo.cl/catalog/plp,1,2026-02-26T18:09:38
143850,Chocolate Lindt Swiss Luxory Pralines,Lindt,16990,16990,False,https://www.jumbo.cl/lindt-swiss-luxury-143g-2013621/p,https://jumbocl.vteximg.com.br/arquivos/ids/340162-250-250/Bombones-de-Chocolate-Pralines-Lindt-Swiss-Luxury-143-g.jpg?v=638776440498530000,Bombones y Trufas,https://www.jumbo.cl/chocolates-galletas-y-snacks/chocolates/bombones-y-trufas,https://bff.jumbo.cl/catalog/plp,1,2026-02-26T18:09:38
119411,Bombones Surtido Lindt Lindor 75 g,Lindt,5490,5490,False,https://www.jumbo.cl/bombon-lindor-surtido-75g-1939705/p,https://jumbocl.vteximg.com.br/arquivos/ids/317084-250-250/Bombones-de-Chocolate-Surtido-Lindt-Lindor-75-g.jpg?v=638776410729400000,Bombones y Trufas,https://www.jumbo.cl/chocolates-galletas-y-snacks/chocolates/bombones-y-trufas,https://bff.jumbo.cl/catalog/plp,1,2026-02-26T18:09:38
128043,Bombones Berggold Naranja Limón 250 g,Berggold,2990,2990,False,https://www.jumbo.cl/bombon-berggold-naranja-limon-250gr-1959600/p,https://jumbocl.vteximg.com.br/arquivos/ids/319966-250-250/Bombones-Berggold-Naranja-Limon-250-g.jpg?v=638776418487100000,Bombones y Trufas,https://www.jumbo.cl/chocolates-galletas-y-snacks/chocolates/bombones-y-trufas,https://bff.jumbo.cl/catalog/plp,1,2026-02-26T18:09:38
60803,Bombones Doña Jimena Pralines Selection Surtido 200 g,Doña Jimena,11990,11990,False,https://www.jumbo.cl/surtido-choc-espanol-lata-d-jimena-200g/p,https://jumbocl.vteximg.com.br/arquivos/ids/309305-250-250/Bombones-Do%C3%B1a-Jimena-Pralines-Selection-Surtido-200-g.jpg?v=638776388759800000,Bombones y Trufas,https://www.jumbo.cl/chocolates-galletas-y-snacks/chocolates/bombones-y-trufas,https://bff.jumbo.cl/catalog/plp,1,2026-02-26T18:09:38
18856,Bombones Mauxion Praliness 200 g,Mauxion,5890,5890,False,https://www.jumbo.cl/bombones-surtidos-mauxion-200-g/p,https://jumbocl.vteximg.com.br/arquivos/ids/304082-250-250/Bombones-Mauxion-Praliness-200-g.jpg?v=638776378921530000,Bombones y Trufas,https://www.jumbo.cl/chocolates-galletas-y-snacks/chocolates/bombones-y-trufas,https://bff.jumbo.cl/catalog/plp,1,2026-02-26T18:09:38
101102,Bombones Entrelagos 193 g,Entrelagos,17590,17590,False,https://www.jumbo.cl/caja-madera-bombones-entrelagos-193-gr-1873492/p,https://jumbocl.vteximg.com.br/arquivos/ids/313552-250-250/Bombones-Entrelagos-193-g.jpg?v=638776399902500000,Bombones y Trufas,https://www.jumbo.cl/chocolates-galletas-y-snacks/chocolates/bombones-y-trufas,https://bff.jumbo.cl/catalog/plp,1,2026-02-26T18:09:38
133434,Bombones Pergale Chocolate de Leche 113 g,Pergale,3890,3890,False,https://www.jumbo.cl/bombones-postres-chocomilk-pergale-113g-1967011/p,https://jumbocl.vteximg.com.br/arquivos/ids/428981-250-250/Bombones-Pergale-Chocolate-de-Leche-113-g.jpg?v=638812773278230000,Bombones y Trufas,https://www.jumbo.cl/chocolates-galletas-y-snacks/chocolates/bombones-y-trufas,https://bff.jumbo.cl/catalog/plp,1,2026-02-26T18:09:38
129621,Chocolate Blanco Bon O Bon 210 g,Bon O Bon,3130,3130,False,https://www.jumbo.cl/bombon-bon-o-bon-blanco-210-gr-1973342/p,https://jumbocl.vteximg.com.br/arquivos/ids/396044-250-250/Bombon-Bon-o-Bon-Blanco-210-g.jpg?v=638776885539530000,Bombones y Trufas,https://www.jumbo.cl/chocolates-galletas-y-snacks/chocolates/bombones-y-trufas,https://bff.jumbo.cl/catalog/plp,1,2026-02-26T18:09:38
3619,Bombones Berggold Pera 250 g,Berggold,2990,2990,False,https://www.jumbo.cl/bombones-chocolate-pera-berggold-250-g/p,https://jumbocl.vteximg.com.br/arquivos/ids/299959-250-250/Bombones-Berggold-Pera-250-g.jpg?v=638776371478230000,Bombones y Trufas,https://www.jumbo.cl/chocolates-galletas-y-snacks/chocolates/bombones-y-trufas,https://bff.jumbo.cl/catalog/plp,1,2026-02-26T18:09:38
19261,Bombones Amargo Lindt Lindor 200 g,Lindt,13990,13990,False,https://www.jumbo.cl/chocolate-lindor-200-g-cornet-60-cacao/p,https://jumbocl.vteximg.com.br/arquivos/ids/304160-250-250/Bombones-de-Chocolate-Amargo-Lindt-Lindor-200-g.jpg?v=638776379298370000,Bombones y Trufas,https://www.jumbo.cl/chocolates-galletas-y-snacks/chocolates/bombones-y-trufas,https://bff.jumbo.cl/catalog/plp,1,2026-02-26T18:09:38
131831,Bombones de Leche Lindt Lindor 137 g,Lindt,9990,9990,False,https://www.jumbo.cl/bombon-lindor-cornet-leche-lindt-137g-1974370/p,https://jumbocl.vteximg.com.br/arquivos/ids/321357-250-250/Bombones-de-Chocolate-de-Leche-Lindt-Lindor-137-g.jpg?v=638776423071800000,Bombones y Trufas,https://www.jumbo.cl/chocolates-galletas-y-snacks/chocolates/bombones-y-trufas,https://bff.jumbo.cl/catalog/plp,1,2026-02-26T18:09:38
133433,Bombones Pergale Chocolate de Leche 348 g,Pergale,8990,8990,False,https://www.jumbo.cl/bombones-gold-chocomilk-pergale-348g-1970605/p,https://jumbocl.vteximg.com.br/arquivos/ids/428990-250-250/Bombones-Pergale-Chocolate-de-Leche-348-g.jpg?v=638812773423900000,Bombones y Trufas,https://www.jumbo.cl/chocolates-galletas-y-snacks/chocolates/bombones-y-trufas,https://bff.jumbo.cl/catalog/plp,1,2026-02-26T18:09:38
70815,Bombones de Chocolate Vizzio 182 g,Costa,3890,3890,False,https://www.jumbo.cl/estuche-vizzio-costa-182-g/p,https://jumbocl.vteximg.com.br/arquivos/ids/362279-250-250/Estuche-vizzio-182-g.jpg?v=638776742179130000,Bombones y Trufas,https://www.jumbo.cl/chocolates-galletas-y-snacks/chocolates/bombones-y-trufas,https://bff.jumbo.cl/catalog/plp,1,2026-02-26T18:09:38
19120,Chocolate de Leche Entrelagos Márfil 190 g,Entrelagos,13990,13990,False,https://www.jumbo.cl/bombones-entrelagos-marfil-190-g/p,https://jumbocl.vteximg.com.br/arquivos/ids/304174-250-250/Chocolate-de-Leche-Entrelagos-Marfil-190-g.jpg?v=638776379347330000,Bombones y Trufas,https://www.jumbo.cl/chocolates-galletas-y-snacks/chocolates/bombones-y-trufas,https://bff.jumbo.cl/catalog/plp,1,2026-02-26T18:09:38
3627,Chocolate de Leche Vizzio 120 g,Costa,2490,2990,True,https://www.jumbo.cl/bombones-costa-estuche-120-g-vizzio-2/p,https://jumbocl.vteximg.com.br/arquivos/ids/346840-250-250/Bombones-Vizzio-estuche-120-g.jpg?v=638776463925330000,Bombones y Trufas,https://www.jumbo.cl/chocolates-galletas-y-snacks/chocolates/bombones-y-trufas,https://bff.jumbo.cl/catalog/plp,1,2026-02-26T18:09:38
141696,Raffaello 90 g,Ferrero,5300,5300,False,https://www.jumbo.cl/raffaello-t90-gr-2010039/p,https://jumbocl.vteximg.com.br/arquivos/ids/336379-250-250/Raffaello-T90-gg.jpg?v=638776437539800000,Bombones y Trufas,https://www.jumbo.cl/chocolates-galletas-y-snacks/chocolates/bombones-y-trufas,https://bff.jumbo.cl/catalog/plp,1,2026-02-26T18:09:38
60201,Bombones Ferrero Rocher 24 un. 300 g,Ferrero Rocher,26290,26290,False,https://www.jumbo.cl/bombon-ferrero-rocher-300-gr/p,https://jumbocl.vteximg.com.br/arquivos/ids/360707-250-250/Principal-65546.jpg?v=638776733676570000,Bombones y Trufas,https://www.jumbo.cl/chocolates-galletas-y-snacks/chocolates/bombones-y-trufas,https://bff.jumbo.cl/catalog/plp,1,2026-02-26T18:09:38
144080,Chocolate Kisses Cereza Bolsa 102 g,Hershey's,6750,6750,False,https://www.jumbo.cl/kisses-se-cereza-bolsa-102gr-2010118/p,https://jumbocl.vteximg.com.br/arquivos/ids/341011-250-250/Chocolate-Kisses-Cereza-Bolsa-102-g.jpg?v=638776441281400000,Bombones y Trufas,https://www.jumbo.cl/chocolates-galletas-y-snacks/chocolates/bombones-y-trufas,https://bff.jumbo.cl/catalog/plp,1,2026-02-26T18:09:38
3618,Bombones Berggold Chocolate Coco 200 g,Berggold,2990,2990,False,https://www.jumbo.cl/bombones-chocolate-coco-berggold-200-g/p,https://jumbocl.vteximg.com.br/arquivos/ids/299935-250-250/Bombones-Berggold-Chocolate-Coco-200-g.jpg?v=638776371450370000,Bombones y Trufas,https://www.jumbo.cl/chocolates-galletas-y-snacks/chocolates/bombones-y-trufas,https://bff.jumbo.cl/catalog/plp,2,2026-02-26T18:09:43
99931,Trufas Clair de Lune Clásicas 160 g,Clair de Lune,3352,4190,True,https://www.jumbo.cl/trufas-clasicas-clair-de-lune-160g-1873770/p,https://jumbocl.vteximg.com.br/arquivos/ids/313414-250-250/Trufas-clasicas-160-g.jpg?v=638776399610670000,Bombones y Trufas,https://www.jumbo.cl/chocolates-galletas-y-snacks/chocolates/bombones-y-trufas,https://bff.jumbo.cl/catalog/plp,2,2026-02-26T18:09:43
18935,Bombones Belgian 65 g,Belgian,2790,2790,False,https://www.jumbo.cl/bombones-belgian-65-g-figuras-de-mar/p,https://jumbocl.vteximg.com.br/arquivos/ids/304202-250-250/Bombones-Belgian-65-g.jpg?v=638776379454700000,Bombones y Trufas,https://www.jumbo.cl/chocolates-galletas-y-snacks/chocolates/bombones-y-trufas,https://bff.jumbo.cl/catalog/plp,2,2026-02-26T18:09:43
18936,Bombones Belgian Corazones 65 g,Belgian,2790,2790,False,https://www.jumbo.cl/bombones-belgian-65-g-corazon/p,https://jumbocl.vteximg.com.br/arquivos/ids/304084-250-250/Bombones-Belgian-Corazones-65-g.jpg?v=638776378928230000,Bombones y Trufas,https://www.jumbo.cl/chocolates-galletas-y-snacks/chocolates/bombones-y-trufas,https://bff.jumbo.cl/catalog/plp,2,2026-02-26T18:09:43
131830,Bombones Surtido Lindt Lindor 137 g,Lindt,10190,10190,False,https://www.jumbo.cl/bombon-lindor-corne-surtido-lindt-137g-1975836/p,https://jumbocl.vteximg.com.br/arquivos/ids/321260-250-250/Bombones-de-Chocolate-Surtido-Lindt-Lindor-137-g.jpg?v=638776422891530000,Bombones y Trufas,https://www.jumbo.cl/chocolates-galletas-y-snacks/chocolates/bombones-y-trufas,https://bff.jumbo.cl/catalog/plp,2,2026-02-26T18:09:43
140645,Chocolate de Leche Orly Relleno Sabor Trufa 95 g,Ambrosoli,1490,1690,True,https://www.jumbo.cl/tableta-orly-trufa-95-gr-2008093/p,https://jumbocl.vteximg.com.br/arquivos/ids/334397-250-250/Tableta-Orly-Trufa-95-g.jpg?v=638776435624430000,Bombones y Trufas,https://www.jumbo.cl/chocolates-galletas-y-snacks/chocolates/bombones-y-trufas,https://bff.jumbo.cl/catalog/plp,2,2026-02-26T18:09:43
40148,Chocolate de Leche Ritter Sport Relleno Yogurt Mini 176 g,Ritter Sport,9200,9200,False,https://www.jumbo.cl/chocolate-ritter-mini-cubes-yogurt-176-g/p,https://jumbocl.vteximg.com.br/arquivos/ids/307623-250-250/Chocolate-mini-cubes-Yoghurt-176-g.jpg?v=638776385089570000,Bombones y Trufas,https://www.jumbo.cl/chocolates-galletas-y-snacks/chocolates/bombones-y-trufas,https://bff.jumbo.cl/catalog/plp,2,2026-02-26T18:09:43
19276,Bombones Doña Jimena Pralines Surtido 200 g,Doña Jimena,8590,8590,False,https://www.jumbo.cl/surtido-de-chocolates-dona-jimena-pralines-selection-200-g/p,https://jumbocl.vteximg.com.br/arquivos/ids/304204-250-250/Bombones-Do%C3%B1a-Jimena-Pralines-Surtido-200-g.jpg?v=638776379459570000,Bombones y Trufas,https://www.jumbo.cl/chocolates-galletas-y-snacks/chocolates/bombones-y-trufas,https://bff.jumbo.cl/catalog/plp,2,2026-02-26T18:09:43
60705,Bombones Guylian Praline 125 g,Guylian,10590,10590,False,https://www.jumbo.cl/bombon-guylian-sea-shell-regalo-125gr/p,https://jumbocl.vteximg.com.br/arquivos/ids/360763-250-250/Bombon-sea-shell-regalo-125-g.jpg?v=638776733899330000,Bombones y Trufas,https://www.jumbo.cl/chocolates-galletas-y-snacks/chocolates/bombones-y-trufas,https://bff.jumbo.cl/catalog/plp,2,2026-02-26T18:09:43
45663,Bombones Belgian Harvest 195 g,Belgian,5950,5950,False,https://www.jumbo.cl/bombon-belgian-harvest-195-g/p,https://jumbocl.vteximg.com.br/arquivos/ids/307806-250-250/Bombones-Belgian-Harvest-195-g.jpg?v=638776385370470000,Bombones y Trufas,https://www.jumbo.cl/chocolates-galletas-y-snacks/chocolates/bombones-y-trufas,https://bff.jumbo.cl/catalog/plp,2,2026-02-26T18:09:43
56904,Galletas Doña Jimena Gran Surtido 300 g,Doña Jimena,7990,7990,False,https://www.jumbo.cl/bombon-gran-surtido-dona-jimena-300g/p,https://jumbocl.vteximg.com.br/arquivos/ids/309098-250-250/Galletas-Do%C3%B1a-Jimena-Gran-Surtido-300-g.jpg?v=638776388210830000,Bombones y Trufas,https://www.jumbo.cl/chocolates-galletas-y-snacks/chocolates/bombones-y-trufas,https://bff.jumbo.cl/catalog/plp,2,2026-02-26T18:09:43
148963,"Chocolate Hershey's Kisses 72 g, Sabor Cookies And Creme",Hershey's,3550,3550,False,https://www.jumbo.cl/chocolate-hershey-s-kisses-72-g-sabor-cookies-and-creme-1505582/p,https://jumbocl.vteximg.com.br/arquivos/ids/435996-250-250/Chocolate-Hershey-s-Kisses-72-g-sabor-cookies-and-creme.jpg?v=638826164329300000,Bombones y Trufas,https://www.jumbo.cl/chocolates-galletas-y-snacks/chocolates/bombones-y-trufas,https://bff.jumbo.cl/catalog/plp,2,2026-02-26T18:09:43
19121,Bombones Entrelagos 135 g,Entrelagos,13500,13500,False,https://www.jumbo.cl/bombones-de-chocolate-entrelagos-165-g/p,https://jumbocl.vteximg.com.br/arquivos/ids/304182-250-250/Bombones-Entrelagos-135-g.jpg?v=638776379373730000,Bombones y Trufas,https://www.jumbo.cl/chocolates-galletas-y-snacks/chocolates/bombones-y-trufas,https://bff.jumbo.cl/catalog/plp,2,2026-02-26T18:09:43
19067,Bombones Estuche en Forma de Corazón 180 g,Costa,4990,6290,True,https://www.jumbo.cl/bombones-180-g-estuche-en-forma-de-corazon/p,https://jumbocl.vteximg.com.br/arquivos/ids/353235-250-250/Bombones-estuche-en-forma-de-corazon-180-g.jpg?v=638776696549400000,Bombones y Trufas,https://www.jumbo.cl/chocolates-galletas-y-snacks/chocolates/bombones-y-trufas,https://bff.jumbo.cl/catalog/plp,2,2026-02-26T18:09:43
87476,Bombones Doña Jimena con Dulce de Leche 70% Cacao 165 g,Doña Jimena,9590,9590,False,https://www.jumbo.cl/bombon-70-con-dulce-de-leche-165-g/p,https://jumbocl.vteximg.com.br/arquivos/ids/311875-250-250/Bombones-Do%C3%B1a-Jimena-Con-Dulce-de-Leche-70--Cacao-165-g.jpg?v=638776394863330000,Bombones y Trufas,https://www.jumbo.cl/chocolates-galletas-y-snacks/chocolates/bombones-y-trufas,https://bff.jumbo.cl/catalog/plp,2,2026-02-26T18:09:43
3707,Chocolate de Leche Ritter Sport Surtido Mini 176 g,Ritter Sport,9200,9200,False,https://www.jumbo.cl/chocolates-ubos-de-nuss-in-nugatcreme-edelnugat-kakao-krokant-karamell-ritter-sport-176-g/p,https://jumbocl.vteximg.com.br/arquivos/ids/299950-250-250/Chocolates-Cubos-de-Nuss-in-Nugatcreme-Edelnugat-176-g.jpg?v=638776371469970000,Bombones y Trufas,https://www.jumbo.cl/chocolates-galletas-y-snacks/chocolates/bombones-y-trufas,https://bff.jumbo.cl/catalog/plp,2,2026-02-26T18:09:43
113212,Bombones Trumpf Relleno Licor Gin 100 g,Trumpf,4990,4990,False,https://www.jumbo.cl/bombon-rell-licor-fin-trumpf-100g-1905800/p,https://jumbocl.vteximg.com.br/arquivos/ids/315918-250-250/Bombones-Trumpf-Relleno-Licor-Gin-100-g.jpg?v=638776406941300000,Bombones y Trufas,https://www.jumbo.cl/chocolates-galletas-y-snacks/chocolates/bombones-y-trufas,https://bff.jumbo.cl/catalog/plp,2,2026-02-26T18:09:43
19281,Bombones Doña Jimena con Avellana y Café 150 g,Doña Jimena,10490,10490,False,https://www.jumbo.cl/pralines-bombones-de-avellana-y-cafe-dona-jimena-150-g/p,https://jumbocl.vteximg.com.br/arquivos/ids/304213-250-250/Bombones-Do%C3%B1a-Jimena-Con-Avellana-y-Cafe-150-g.jpg?v=638776379543800000,Bombones y Trufas,https://www.jumbo.cl/chocolates-galletas-y-snacks/chocolates/bombones-y-trufas,https://bff.jumbo.cl/catalog/plp,2,2026-02-26T18:09:43
19097,Chocolate de Leche Bon O Bon 450 g,Bon O Bon,7890,7890,False,https://www.jumbo.cl/bombon-bon-o-bon-480-g-de-leche-clasico/p,https://jumbocl.vteximg.com.br/arquivos/ids/353247-250-250/Bombon-Bon-o-Bon-leche-450-g.jpg?v=638776696593900000,Bombones y Trufas,https://www.jumbo.cl/chocolates-galletas-y-snacks/chocolates/bombones-y-trufas,https://bff.jumbo.cl/catalog/plp,2,2026-02-26T18:09:43
83543,Bombones Ferrero Rocher Corazón 8 un. 100 g,Ferrero Rocher,10290,10290,False,https://www.jumbo.cl/bombon-ferrero-rocher-corazon-100gr/p,https://jumbocl.vteximg.com.br/arquivos/ids/365419-250-250/Bombones-corazon-100-g-1-133430.jpg?v=638776759014470000,Bombones y Trufas,https://www.jumbo.cl/chocolates-galletas-y-snacks/chocolates/bombones-y-trufas,https://bff.jumbo.cl/catalog/plp,2,2026-02-26T18:09:43
106103,Bombones Ferrero Rocher 4 un. 50 g,Ferrero Rocher,3890,3890,False,https://www.jumbo.cl/ferrero-rocher-t-4-50-gr-1898258/p,https://jumbocl.vteximg.com.br/arquivos/ids/375583-250-250/Chocolates-T-4-50-g.jpg?v=638776804283100000,Bombones y Trufas,https://www.jumbo.cl/chocolates-galletas-y-snacks/chocolates/bombones-y-trufas,https://bff.jumbo.cl/catalog/plp,2,2026-02-26T18:09:43
60275,Bombones Ferrero Rocher 37.5 g 3 un.,Ferrero Rocher,2690,2690,False,https://www.jumbo.cl/bombon-ferrero-rocher-triple-37-5-g/p,https://jumbocl.vteximg.com.br/arquivos/ids/360715-250-250/Bombon-Ferrero-Rocher-triple-375-g.jpg?v=638776733707130000,Bombones y Trufas,https://www.jumbo.cl/chocolates-galletas-y-snacks/chocolates/bombones-y-trufas,https://bff.jumbo.cl/catalog/plp,2,2026-02-26T18:09:43
148796,Bombones Lindt Lindor Corazón 87.5 g,Lindt,6990,6990,False,https://www.jumbo.cl/chocolate-lindt-2032691/p,https://jumbocl.vteximg.com.br/arquivos/ids/433030-250-250/2032691-01_706791.jpg?v=638823377649700000,Bombones y Trufas,https://www.jumbo.cl/chocolates-galletas-y-snacks/chocolates/bombones-y-trufas,https://bff.jumbo.cl/catalog/plp,2,2026-02-26T18:09:43
128265,Chocolate Costa Rama XL 240 g,Costa,6490,8190,True,https://www.jumbo.cl/estuche-costa-rama-xl240-gr-1973839/p,https://jumbocl.vteximg.com.br/arquivos/ids/320319-250-250/Chocolate-Estuche-Costa-Rama-XL-240-g.jpg?v=638776419044200000,Bombones y Trufas,https://www.jumbo.cl/chocolates-galletas-y-snacks/chocolates/bombones-y-trufas,https://bff.jumbo.cl/catalog/plp,2,2026-02-26T18:09:43
131883,Bombones Lindt Lindor Pistacho 200 g,Lindt,14350,14350,False,https://www.jumbo.cl/lindt-bombon-lindor-pistacho-200g-1976805/p,https://jumbocl.vteximg.com.br/arquivos/ids/477572-250-250/Bombones-Lindt-Lindor-Pistacho-200-g.jpg?v=638875819293400000,Bombones y Trufas,https://www.jumbo.cl/chocolates-galletas-y-snacks/chocolates/bombones-y-trufas,https://bff.jumbo.cl/catalog/plp,2,2026-02-26T18:09:43
99934,Trufas Clair de Lune 70% Cacao 150 g,Clair de Lune,4232,5290,True,https://www.jumbo.cl/trufas-70-cacao-clair-de-lune-150g-1873773/p,https://jumbocl.vteximg.com.br/arquivos/ids/313477-250-250/Trufas-70--cacao-150-g.jpg?v=638776399736900000,Bombones y Trufas,https://www.jumbo.cl/chocolates-galletas-y-snacks/chocolates/bombones-y-trufas,https://bff.jumbo.cl/catalog/plp,2,2026-02-26T18:09:43
18967,Bombones Blanco Lindt Lindor 200 g,Lindt,14350,14350,False,https://www.jumbo.cl/chocolate-lindor-200-g-white-cornet/p,https://jumbocl.vteximg.com.br/arquivos/ids/304176-250-250/Bombones-de-Chocolate-Blanco-Lindt-Lindor-200-g.jpg?v=638776379357330000,Bombones y Trufas,https://www.jumbo.cl/chocolates-galletas-y-snacks/chocolates/bombones-y-trufas,https://bff.jumbo.cl/catalog/plp,2,2026-02-26T18:09:43
3678,Chocolate de Leche Lindt Lindor 100 g,Lindt Excellence,5490,5490,False,https://www.jumbo.cl/bombones-lindor-chocolate-y-leche-lindt-excellence-100-g-2/p,https://jumbocl.vteximg.com.br/arquivos/ids/299988-250-250/Chocolate-de-Leche-Lindt-Lindor-100-g.jpg?v=638776371535630000,Bombones y Trufas,https://www.jumbo.cl/chocolates-galletas-y-snacks/chocolates/bombones-y-trufas,https://bff.jumbo.cl/catalog/plp,2,2026-02-26T18:09:43
133431,Bombones Pergale Chocolate Amargo 348 g,Pergale,8990,8990,False,https://www.jumbo.cl/bombones-roses-chocodark-pergale-348g-1969977/p,https://jumbocl.vteximg.com.br/arquivos/ids/428988-250-250/Bombones-Pergale-Chocolate-Amargo-348-g.jpg?v=638812773394730000,Bombones y Trufas,https://www.jumbo.cl/chocolates-galletas-y-snacks/chocolates/bombones-y-trufas,https://bff.jumbo.cl/catalog/plp,2,2026-02-26T18:09:43
3660,Bombones Guylian 125 g,Guylian,7790,7790,False,https://www.jumbo.cl/bombones-figuras-marinas-guylian-125-g-2/p,https://jumbocl.vteximg.com.br/arquivos/ids/300044-250-250/Bombones-Figuras-Marinas-Guylian-125-g.jpg?v=638776371648500000,Bombones y Trufas,https://www.jumbo.cl/chocolates-galletas-y-snacks/chocolates/bombones-y-trufas,https://bff.jumbo.cl/catalog/plp,2,2026-02-26T18:09:43
163241,Bombones Chocolate Entrelagos Caja Torreón 118 g,Enzimax,6990,6990,False,https://www.jumbo.cl/caja-bombom-2062742/p,https://jumbocl.vteximg.com.br/arquivos/ids/566135-250-250/CAJA-BOMBOM.jpg?v=639043919246900000,Bombones y Trufas,https://www.jumbo.cl/chocolates-galletas-y-snacks/chocolates/bombones-y-trufas,https://bff.jumbo.cl/catalog/plp,2,2026-02-26T18:09:43
47712,Bombones Doña Jimena Surtido 350 g,Doña Jimena,10490,10490,False,https://www.jumbo.cl/bombon-surtido-dona-jimena-de-espana-350-g/p,https://jumbocl.vteximg.com.br/arquivos/ids/308150-250-250/Bombones-Do%C3%B1a-Jimena-Surtido-350-g.jpg?v=638776386308630000,Bombones y Trufas,https://www.jumbo.cl/chocolates-galletas-y-snacks/chocolates/bombones-y-trufas,https://bff.jumbo.cl/catalog/plp,2,2026-02-26T18:09:43
136993,Chocolate Bitter Salzburgo 58% Cacao 229 g,Salzburgo,10793,14390,True,https://www.jumbo.cl/chocolate-macizo-bitter-58-229grs-1997629/p,https://jumbocl.vteximg.com.br/arquivos/ids/412500-250-250/Chocolate-Bitter-Salzburgo-58--Cacao-229-g.jpg?v=638796365286400000,Bombones y Trufas,https://www.jumbo.cl/chocolates-galletas-y-snacks/chocolates/bombones-y-trufas,https://bff.jumbo.cl/catalog/plp,2,2026-02-26T18:09:43
3614,Chocolate Blanco Bon O Bon 450 g,Bon O Bon,7890,7890,False,https://www.jumbo.cl/bon-o-bon-chocolate-blanco-arcor-480-g/p,https://jumbocl.vteximg.com.br/arquivos/ids/346832-250-250/Bon-o-Bon-chocolate-blanco-450-g.jpg?v=638776463851630000,Bombones y Trufas,https://www.jumbo.cl/chocolates-galletas-y-snacks/chocolates/bombones-y-trufas,https://bff.jumbo.cl/catalog/plp,2,2026-02-26T18:09:43
18975,Chocolate de Leche Capri Relleno Trufa 90 g,Capri,1650,1650,False,https://www.jumbo.cl/chocolate-capri-nestle-90-g-relleno-sabor-trufa/p,https://jumbocl.vteximg.com.br/arquivos/ids/353203-250-250/Chocolate-Relleno-Capri-Trufa-90g.jpg?v=638776696431130000,Bombones y Trufas,https://www.jumbo.cl/chocolates-galletas-y-snacks/chocolates/bombones-y-trufas,https://bff.jumbo.cl/catalog/plp,2,2026-02-26T18:09:43
3620,Bombones Berggold Pátano 90 g,Berggold,2990,2990,False,https://www.jumbo.cl/bombones-chocolate-platano-berggold-250-g/p,https://jumbocl.vteximg.com.br/arquivos/ids/299968-250-250/Bombones-Berggold-Patano-90-g.jpg?v=638776371505830000,Bombones y Trufas,https://www.jumbo.cl/chocolates-galletas-y-snacks/chocolates/bombones-y-trufas,https://bff.jumbo.cl/catalog/plp,2,2026-02-26T18:09:43
137021,Chocolate Salzburgo Surtido 229 g,Salzburgo,10793,14390,True,https://www.jumbo.cl/chocolate-macizo-surtido-229grs-1997630/p,https://jumbocl.vteximg.com.br/arquivos/ids/412503-250-250/Chocolate-Salzburgo-Surtido-229-g.jpg?v=638796365309230000,Bombones y Trufas,https://www.jumbo.cl/chocolates-galletas-y-snacks/chocolates/bombones-y-trufas,https://bff.jumbo.cl/catalog/plp,2,2026-02-26T18:09:43
136986,Chocolate de Leche Salzburgo 229 g,Salzburgo,10793,14390,True,https://www.jumbo.cl/chocolate-macizo-leche-33-229grs-1997628/p,https://jumbocl.vteximg.com.br/arquivos/ids/412497-250-250/Chocolate-de-Leche-Salzburgo--229-g.jpg?v=638796365263900000,Bombones y Trufas,https://www.jumbo.cl/chocolates-galletas-y-snacks/chocolates/bombones-y-trufas,https://bff.jumbo.cl/catalog/plp,2,2026-02-26T18:09:43
119381,Chocolate Bitter Entrelagos Puro 80% Cacao 185 g,Entrelagos,14590,14590,False,https://www.jumbo.cl/caja-choc-puro-bitter-80-cacao-185g-1937848/p,https://jumbocl.vteximg.com.br/arquivos/ids/384789-250-250/CAJA-CHOC-PURO-BITTER-80--CACAO-185G.jpg?v=638776841604370000,Bombones y Trufas,https://www.jumbo.cl/chocolates-galletas-y-snacks/chocolates/bombones-y-trufas,https://bff.jumbo.cl/catalog/plp,2,2026-02-26T18:09:43
156410,Chocolate Bon O Bon Doypack,Bon O Bon,1690,2450,True,https://www.jumbo.cl/chocolate-bon-o-bon-doypack-2051496/p,https://jumbocl.vteximg.com.br/arquivos/ids/509539-250-250/Bon-o-Bon-Doypack-138-g.jpg?v=638935720810630000,Bombones y Trufas,https://www.jumbo.cl/chocolates-galletas-y-snacks/chocolates/bombones-y-trufas,https://bff.jumbo.cl/catalog/plp,2,2026-02-26T18:09:43
26742,Bombones Guylian Praline y Avellanas 250 g,Guylian,16190,16190,False,https://www.jumbo.cl/bombon-guylian-sea-shell-window-250-g/p,https://jumbocl.vteximg.com.br/arquivos/ids/306911-250-250/Bombon-sea-shell-window-250-g.jpg?v=638776383410800000,Bombones y Trufas,https://www.jumbo.cl/chocolates-galletas-y-snacks/chocolates/bombones-y-trufas,https://bff.jumbo.cl/catalog/plp,3,2026-02-26T18:09:47
42479,Bombones de Leche Lindt Lindor 75 g,Lindt,5490,5490,False,https://www.jumbo.cl/chocolate-lindt-mini-cornet-milk-75-g/p,https://jumbocl.vteximg.com.br/arquivos/ids/306260-250-250/Bombones-de-Chocolate-de-Leche-Lindt-Lindor-75-g.jpg?v=638776382179970000,Bombones y Trufas,https://www.jumbo.cl/chocolates-galletas-y-snacks/chocolates/bombones-y-trufas,https://bff.jumbo.cl/catalog/plp,3,2026-02-26T18:09:47
137775,Bombones Clásicos Pergale Champagne 114 g,Pergale,3890,3890,False,https://www.jumbo.cl/bombones-clasicos-champagne-pergale-114g-1997746/p,https://jumbocl.vteximg.com.br/arquivos/ids/428991-250-250/Bombones-Clasicos-Pergale-Champagne-114-g.jpg?v=638812773437530000,Bombones y Trufas,https://www.jumbo.cl/chocolates-galletas-y-snacks/chocolates/bombones-y-trufas,https://bff.jumbo.cl/catalog/plp,3,2026-02-26T18:09:47
45576,Bombones Doña Jimena con Cerezas Al Licor 150 g,Doña Jimena,10990,10990,False,https://www.jumbo.cl/bombones-dona-jimena-cerezas-al-licor-150-g/p,https://jumbocl.vteximg.com.br/arquivos/ids/307931-250-250/Bombones-Do%C3%B1a-Jimena-Con-Cerezas-Al-Licor-150-g.jpg?v=638776385668130000,Bombones y Trufas,https://www.jumbo.cl/chocolates-galletas-y-snacks/chocolates/bombones-y-trufas,https://bff.jumbo.cl/catalog/plp,3,2026-02-26T18:09:47
19279,Bombones Trufados Doña Jimena 80 g,Doña Jimena,6690,6690,False,https://www.jumbo.cl/bombones-de-trufas-corazon-dona-jimena-80-g/p,https://jumbocl.vteximg.com.br/arquivos/ids/304206-250-250/Bombones-Trufados-Do%C3%B1a-Jimena-80-g.jpg?v=638776379485930000,Bombones y Trufas,https://www.jumbo.cl/chocolates-galletas-y-snacks/chocolates/bombones-y-trufas,https://bff.jumbo.cl/catalog/plp,3,2026-02-26T18:09:47
37234,Chocolate de Leche Kisses Surtido 102 g,Hershey's,8190,8190,False,https://www.jumbo.cl/chocolate-hershey-s-en-corazon-de-lata-rojo-102-g/p,https://jumbocl.vteximg.com.br/arquivos/ids/355509-250-250/1657624.jpg?v=638776707321700000,Bombones y Trufas,https://www.jumbo.cl/chocolates-galletas-y-snacks/chocolates/bombones-y-trufas,https://bff.jumbo.cl/catalog/plp,3,2026-02-26T18:09:47
119415,Bombones de Leche Lindt Lindor Giftbox 100 g,Lindt,9450,9450,False,https://www.jumbo.cl/bombon-lindor-giftbox-100g-1939701/p,https://jumbocl.vteximg.com.br/arquivos/ids/317112-250-250/Bombones-de-Chocolate-de-Leche-Lindt-Lindor-Giftbox-100-g.jpg?v=638776410764130000,Bombones y Trufas,https://www.jumbo.cl/chocolates-galletas-y-snacks/chocolates/bombones-y-trufas,https://bff.jumbo.cl/catalog/plp,3,2026-02-26T18:09:47
45575,Bombones Doña Jimena con Cerezas Al Licor 80 g,Doña Jimena,6990,6990,False,https://www.jumbo.cl/bombones-dona-jimena-cerezas-al-licor-80-g/p,https://jumbocl.vteximg.com.br/arquivos/ids/307921-250-250/Bombones-Do%C3%B1a-Jimena-Con-Cerezas-Al-Licor-80-g.jpg?v=638776385641330000,Bombones y Trufas,https://www.jumbo.cl/chocolates-galletas-y-snacks/chocolates/bombones-y-trufas,https://bff.jumbo.cl/catalog/plp,3,2026-02-26T18:09:47
19280,Bombones Doña Jimena Mousse 150 g,Doña Jimena,10490,10490,False,https://www.jumbo.cl/bombones-de-mousse-de-chocolate-dona-jimena-150-g/p,https://jumbocl.vteximg.com.br/arquivos/ids/304209-250-250/Bombones-Do%C3%B1a-Jimena-Mousse-150-g.jpg?v=638776379513400000,Bombones y Trufas,https://www.jumbo.cl/chocolates-galletas-y-snacks/chocolates/bombones-y-trufas,https://bff.jumbo.cl/catalog/plp,3,2026-02-26T18:09:47
19282,Bombones Doña Jimena con Avellana Crocante 80 g,Doña Jimena,6490,6490,False,https://www.jumbo.cl/noisettes-bombones-de-avellana-crocante-dona-jimena-80-g/p,https://jumbocl.vteximg.com.br/arquivos/ids/304218-250-250/Bombones-Do%C3%B1a-Jimena-Con-Avellana-Crocante-80-g.jpg?v=638776379576230000,Bombones y Trufas,https://www.jumbo.cl/chocolates-galletas-y-snacks/chocolates/bombones-y-trufas,https://bff.jumbo.cl/catalog/plp,3,2026-02-26T18:09:47
144081,Chocolate Hershey's Kisses Trufa Bolsa 102 g,Hershey's,6750,6750,False,https://www.jumbo.cl/kisses-se-trufa-bolsa-102gr-2010116/p,https://jumbocl.vteximg.com.br/arquivos/ids/341040-250-250/Chocolate-Kisses-Trufa-Bolsa-102-g.jpg?v=638776441316730000,Bombones y Trufas,https://www.jumbo.cl/chocolates-galletas-y-snacks/chocolates/bombones-y-trufas,https://bff.jumbo.cl/catalog/plp,3,2026-02-26T18:09:47
153932,Figura de Chocolate Apestoso ICKX 50 g,ICKX,4194,6990,True,https://www.jumbo.cl/figura-de-chocolate-apestoso-ickx-50g-2043677/p,https://jumbocl.vteximg.com.br/arquivos/ids/547454-250-250/Figura-de-Chocolate-Apestoso-Ickx-50-g.jpg?v=639002294683630000,Bombones y Trufas,https://www.jumbo.cl/chocolates-galletas-y-snacks/chocolates/bombones-y-trufas,https://bff.jumbo.cl/catalog/plp,3,2026-02-26T18:09:47
159015,Bombones Del turista Dulce de Leche 114 g,Delturista,6000,6990,True,https://www.jumbo.cl/bombones-dulce-de-leche-114-g/p,https://jumbocl.vteximg.com.br/arquivos/ids/533897-250-250/Bombones-Haustbrandt-Dulce-de-Leche-114-g.jpg?v=638979416097400000,Bombones y Trufas,https://www.jumbo.cl/chocolates-galletas-y-snacks/chocolates/bombones-y-trufas,https://bff.jumbo.cl/catalog/plp,3,2026-02-26T18:09:47
159014,Bombones Del turista Leche 114 g,Delturista,6000,6990,True,https://www.jumbo.cl/bombones-leche-114-gr/p,https://jumbocl.vteximg.com.br/arquivos/ids/533535-250-250/Bombones-Haustbrandt-Leche-114-g.jpg?v=638979415496370000,Bombones y Trufas,https://www.jumbo.cl/chocolates-galletas-y-snacks/chocolates/bombones-y-trufas,https://bff.jumbo.cl/catalog/plp,3,2026-02-26T18:09:47
153933,Loly de Chocolate Smiley ICKX 25 g Diseño Surtido,ICKX,1794,2990,True,https://www.jumbo.cl/loly-de-chocolate-smiley-ickx-25g-2043676/p,https://jumbocl.vteximg.com.br/arquivos/ids/547452-250-250/Loly-de-Chocolate-Smiley-Ickx-25-g.jpg?v=639002294673930000,Bombones y Trufas,https://www.jumbo.cl/chocolates-galletas-y-snacks/chocolates/bombones-y-trufas,https://bff.jumbo.cl/catalog/plp,3,2026-02-26T18:09:47
150459,Almendra Roca Doypack 127 g,Salzburgo,8990,8990,False,https://www.jumbo.cl/almendra-roca-doyp-2040228/p,https://jumbocl.vteximg.com.br/arquivos/ids/583712-250-250/Almendra-Roca-Doypack-127-g.jpg?v=639076267173800000,Bombones y Trufas,https://www.jumbo.cl/chocolates-galletas-y-snacks/chocolates/bombones-y-trufas,https://bff.jumbo.cl/catalog/plp,3,2026-02-26T18:09:47
150462,Caramelo Sea Salt Roca Doypack 127 g,Salzburgo,8990,8990,False,https://www.jumbo.cl/caramelo-sea-salt-2040227/p,https://jumbocl.vteximg.com.br/arquivos/ids/583708-250-250/Caramelo-Sea-Salt-Roca-Doypack-127-g.jpg?v=639076267159270000,Bombones y Trufas,https://www.jumbo.cl/chocolates-galletas-y-snacks/chocolates/bombones-y-trufas,https://bff.jumbo.cl/catalog/plp,3,2026-02-26T18:09:47
150466,Chocolate Dark Roca Doypack 127 g,Salzburgo,8990,8990,False,https://www.jumbo.cl/chocolate-dark-roc-2040229/p,https://jumbocl.vteximg.com.br/arquivos/ids/583717-250-250/Chocolate-Dark-Roca-Doypack-127-g.jpg?v=639076267188870000,Bombones y Trufas,https://www.jumbo.cl/chocolates-galletas-y-snacks/chocolates/bombones-y-trufas,https://bff.jumbo.cl/catalog/plp,3,2026-02-26T18:09:47
100050,Trufas Clair de Lune Clásicas con Stevia 110 g,Clair de Lune,4232,5290,True,https://www.jumbo.cl/trufas-clasicas-con-stevia-110-g/p,https://jumbocl.vteximg.com.br/arquivos/ids/313598-250-250/Trufas-clasicas-con-stevia-110-g.jpg?v=638776400023230000,Bombones y Trufas,https://www.jumbo.cl/chocolates-galletas-y-snacks/chocolates/bombones-y-trufas,https://bff.jumbo.cl/catalog/plp,3,2026-02-26T18:09:47
70826,Bombones Sabores Sin Culpa con Damascos y Nuez Sin Azúcar 100 g,Sabores sin culpa,4890,4890,False,https://www.jumbo.cl/bombon-damas-sin-azucar-sabores-sin-culpa-100-g/p,https://jumbocl.vteximg.com.br/arquivos/ids/362294-250-250/Bombon-Damas-sin-azucar-Sabores-sin-culpa-100-g.jpg?v=638776742256100000,Bombones y Trufas,https://www.jumbo.cl/chocolates-galletas-y-snacks/chocolates/bombones-y-trufas,https://bff.jumbo.cl/catalog/plp,3,2026-02-26T18:09:47
47711,Bombones Doña Jimena Sin Azúcar Surtido 200 g,Doña Jimena,11490,11490,False,https://www.jumbo.cl/bombon-dona-jimena-sin-azucar-200-g/p,https://jumbocl.vteximg.com.br/arquivos/ids/308087-250-250/Bombones-Do%C3%B1a-Jimena-Sin-Azucar-Surtido-200-g.jpg?v=638776386155170000,Bombones y Trufas,https://www.jumbo.cl/chocolates-galletas-y-snacks/chocolates/bombones-y-trufas,https://bff.jumbo.cl/catalog/plp,3,2026-02-26T18:09:47
70825,Bombones Sabores Sin Culpa Sin Azúcar 100 g,Sabores sin culpa,4890,4890,False,https://www.jumbo.cl/bombon-mixto-sin-azucar-sabores-sin-culpa-100-g/p,https://jumbocl.vteximg.com.br/arquivos/ids/362286-250-250/Bombon-mixto-sin-azucar-Sabores-sin-culpa-100-g.jpg?v=638776742227370000,Bombones y Trufas,https://www.jumbo.cl/chocolates-galletas-y-snacks/chocolates/bombones-y-trufas,https://bff.jumbo.cl/catalog/plp,3,2026-02-26T18:09:47
146513,Bombones Lindt Lindor Corazón 50 g,Lindt,5990,5990,False,https://www.jumbo.cl/bombones-lindt-lindor-corazon-50gr-2023356/p,https://jumbocl.vteximg.com.br/arquivos/ids/345954-250-250/Bombones-Lindt-Lindor-Corazon-50-g.jpg?v=638776445166330000,Bombones y Trufas,https://www.jumbo.cl/chocolates-galletas-y-snacks/chocolates/bombones-y-trufas,https://bff.jumbo.cl/catalog/plp,3,2026-02-26T18:09:47
128038,Bombones Trumpf Relleno Licor Whisky 100 g,Trumpf,4990,4990,False,https://www.jumbo.cl/bombon-rell-licor-wisky-trumpf-100g-1963629/p,https://jumbocl.vteximg.com.br/arquivos/ids/320270-250-250/Bombones-Trumpf-Relleno-Licor-Whisky-100-g.jpg?v=638776418899700000,Bombones y Trufas,https://www.jumbo.cl/chocolates-galletas-y-snacks/chocolates/bombones-y-trufas,https://bff.jumbo.cl/catalog/plp,3,2026-02-26T18:09:47
128037,Bombones Trumpf Relleno Licor Vodka 100 g,Trumpf,4990,4990,False,https://www.jumbo.cl/bombon-rell-licor-vodka-trumpf-100g-1966586/p,https://jumbocl.vteximg.com.br/arquivos/ids/320179-250-250/Bombones-Trumpf-Relleno-Licor-Vodka-100-g.jpg?v=638776418776400000,Bombones y Trufas,https://www.jumbo.cl/chocolates-galletas-y-snacks/chocolates/bombones-y-trufas,https://bff.jumbo.cl/catalog/plp,3,2026-02-26T18:09:47
70824,Bombones Sabores Sin Culpa con Ciruela Sin Azúcar 100 g,Sabores sin culpa,4890,4890,False,https://www.jumbo.cl/bombon-ciruela-sin-azucar-sabores-sin-culpa-100-g/p,https://jumbocl.vteximg.com.br/arquivos/ids/362285-250-250/Bombon-ciruela-sin-azucar-Sabores-sin-culpa-100-g.jpg?v=638776742226600000,Bombones y Trufas,https://www.jumbo.cl/chocolates-galletas-y-snacks/chocolates/bombones-y-trufas,https://bff.jumbo.cl/catalog/plp,3,2026-02-26T18:09:47
144079,Chocolate Kisses Café Moka Bolsa 102 g,Hershey's,6750,6750,False,https://www.jumbo.cl/kisses-se-cafe-moka-bolsa-102gr-2010117/p,https://jumbocl.vteximg.com.br/arquivos/ids/340981-250-250/Chocolate-Kisses-Cafe-Moka-Bolsa-102-g.jpg?v=638776441238230000,Bombones y Trufas,https://www.jumbo.cl/chocolates-galletas-y-snacks/chocolates/bombones-y-trufas,https://bff.jumbo.cl/catalog/plp,3,2026-02-26T18:09:47
148795,Bombones Sahne Nuss Relleno Praliné y Almendra Caja 12 g 12 un.,Sahne Nuss,8990,8990,False,https://www.jumbo.cl/chocolate-sahnenus-2032620/p,https://jumbocl.vteximg.com.br/arquivos/ids/434530-250-250/Bombones-Sahne-Nuss-Relleno-Praline-y-Almendra-Caja-12-g-12-un.jpg?v=638823547924330000,Bombones y Trufas,https://www.jumbo.cl/chocolates-galletas-y-snacks/chocolates/bombones-y-trufas,https://bff.jumbo.cl/catalog/plp,3,2026-02-26T18:09:47
157725,Bombones Chocolate Ambrosella 100 g,Costa,3490,3490,False,https://www.jumbo.cl/bombones-chocolate-ambrosella-100gr-2052592/p,https://jumbocl.vteximg.com.br/arquivos/ids/523001-250-250/Bombones-Chocolate-Ambrosella-100-g.jpg?v=638959818516600000,Bombones y Trufas,https://www.jumbo.cl/chocolates-galletas-y-snacks/chocolates/bombones-y-trufas,https://bff.jumbo.cl/catalog/plp,3,2026-02-26T18:09:47
158399,Figura de Chocolate de Jengibre y Leche 100 g,Entrelagos,7290,7290,False,https://www.jumbo.cl/figura-de-chocolate-jengibre-leche-100gr-2050295/p,https://jumbocl.vteximg.com.br/arquivos/ids/527396-250-250/Figura-de-Chocolate-de-Jengibre-y-Leche-100-g.jpg?v=638966706321070000,Bombones y Trufas,https://www.jumbo.cl/chocolates-galletas-y-snacks/chocolates/bombones-y-trufas,https://bff.jumbo.cl/catalog/plp,3,2026-02-26T18:09:47
158427,Figura de Chocolate Jengibre Blanco 100 g,Entrelagos,7290,7290,False,https://www.jumbo.cl/fugura-de-chocolate-jengibre-blanco100gr-2050303/p,https://jumbocl.vteximg.com.br/arquivos/ids/527397-250-250/Figura-de-Chocolate-Jengibre-Blanco-100-g.jpg?v=638966706327870000,Bombones y Trufas,https://www.jumbo.cl/chocolates-galletas-y-snacks/chocolates/bombones-y-trufas,https://bff.jumbo.cl/catalog/plp,3,2026-02-26T18:09:47
158428,Bombones de Chocolate Caja Navidad 79 g 8 un.,Entrelagos,8290,8290,False,https://www.jumbo.cl/bombones-chocolate-caja-8-navidad-79-gr-2050304/p,https://jumbocl.vteximg.com.br/arquivos/ids/527398-250-250/Bombones-de-Chocolate-Caja-Navidad-79-g-8-un.jpg?v=638966706336770000,Bombones y Trufas,https://www.jumbo.cl/chocolates-galletas-y-snacks/chocolates/bombones-y-trufas,https://bff.jumbo.cl/catalog/plp,3,2026-02-26T18:09:47
159071,Chocolate Merello Sabor Cranberry 120 g,Merello,5990,5990,False,https://www.jumbo.cl/chocolate-cranberr-2056049/p,https://jumbocl.vteximg.com.br/arquivos/ids/542278-250-250/Chocolate-Merello-Sabor-Cranberry-120-g.jpg?v=638991189043230000,Bombones y Trufas,https://www.jumbo.cl/chocolates-galletas-y-snacks/chocolates/bombones-y-trufas,https://bff.jumbo.cl/catalog/plp,3,2026-02-26T18:09:47
159070,Chocolate Merello Sabor Cranberry y Yogurt 120 g,Merello,5990,5990,False,https://www.jumbo.cl/chocolate-cranberr-2056048/p,https://jumbocl.vteximg.com.br/arquivos/ids/542277-250-250/Chocolate-Merello-Sabor-Cranberry-y-Yogurt-120-g.jpg?v=638991189034900000,Bombones y Trufas,https://www.jumbo.cl/chocolates-galletas-y-snacks/chocolates/bombones-y-trufas,https://bff.jumbo.cl/catalog/plp,3,2026-02-26T18:09:47
106545,Bombones Ferrero Rocher The Best Collection 77 g,Ferrero Rocher,8490,8490,False,https://www.jumbo.cl/ferrero-collection-t-7-77-gr-1898257/p,https://jumbocl.vteximg.com.br/arquivos/ids/376065-250-250/FERRERO-COLLECTION-T-7-77-GR.jpg?v=638776806199970000,Bombones y Trufas,https://www.jumbo.cl/chocolates-galletas-y-snacks/chocolates/bombones-y-trufas,https://bff.jumbo.cl/catalog/plp,3,2026-02-26T18:09:47
123454,Bombones Guylian con Caramelo 85 g,Guylian,5900,5900,False,https://www.jumbo.cl/bombon-guylian-seahorses-caramel-85-gr-1957218/p,https://jumbocl.vteximg.com.br/arquivos/ids/389302-250-250/Bombon-seahorses-caramel-85-g.jpg?v=638776859470500000,Bombones y Trufas,https://www.jumbo.cl/chocolates-galletas-y-snacks/chocolates/bombones-y-trufas,https://bff.jumbo.cl/catalog/plp,3,2026-02-26T18:09:47
159068,Chocolate Merello Navideño 100 g,Merello,5990,5990,False,https://www.jumbo.cl/chocolate-navideno-2056046/p,https://jumbocl.vteximg.com.br/arquivos/ids/542273-250-250/Chocolate-Merello-Navide%C3%B1o-100-g.jpg?v=638991189005330000,Bombones y Trufas,https://www.jumbo.cl/chocolates-galletas-y-snacks/chocolates/bombones-y-trufas,https://bff.jumbo.cl/catalog/plp,3,2026-02-26T18:09:47
18840,Bombones de Leche Jacquot Praline 1000 g,Jacquot,13390,13390,False,https://www.jumbo.cl/bombones-praline-leche-jacquot-1-kg/p,https://jumbocl.vteximg.com.br/arquivos/ids/353187-250-250/268142.jpg?v=638776696364630000,Bombones y Trufas,https://www.jumbo.cl/chocolates-galletas-y-snacks/chocolates/bombones-y-trufas,https://bff.jumbo.cl/catalog/plp,3,2026-02-26T18:09:47
143882,Bombones Lindt Giftbox Surtido 287 g,Lindt,17990,17990,False,https://www.jumbo.cl/lindt-bombon-lindor-giftbox-surtido-287g-2019065/p,https://jumbocl.vteximg.com.br/arquivos/ids/340638-250-250/Bombones-Lindt-Lindor-Giftbox-Surtido-287-g.jpg?v=638776440865170000,Bombones y Trufas,https://www.jumbo.cl/chocolates-galletas-y-snacks/chocolates/bombones-y-trufas,https://bff.jumbo.cl/catalog/plp,3,2026-02-26T18:09:47
143883,Bombones Lindt Giftbox Leche 287 g,Klaüben,17990,17990,False,https://www.jumbo.cl/lindt-bombon-lindor-giftbox-leche-287g-2019066/p,https://jumbocl.vteximg.com.br/arquivos/ids/340701-250-250/Bombones-Lindt-Lindor-Giftbox-de-Leche-287-g.jpg?v=638776440932200000,Bombones y Trufas,https://www.jumbo.cl/chocolates-galletas-y-snacks/chocolates/bombones-y-trufas,https://bff.jumbo.cl/catalog/plp,3,2026-02-26T18:09:47
157728,Bombones Chocolate Orly Navidad 110 g,Juguetería Importada,3490,3490,False,https://www.jumbo.cl/bombones-chocolate-orly-navidad-110gr-2049423/p,https://jumbocl.vteximg.com.br/arquivos/ids/522767-250-250/Bombones-Chocolate-Orly-Navidad-110-g.jpg?v=638959817591470000,Bombones y Trufas,https://www.jumbo.cl/chocolates-galletas-y-snacks/chocolates/bombones-y-trufas,https://bff.jumbo.cl/catalog/plp,4,2026-02-26T18:09:51
159083,Chocolates Milka Ginger Edición Navidad 90 g,Milka,3590,3590,False,https://www.jumbo.cl/chocolates-milka-2054115/p,https://jumbocl.vteximg.com.br/arquivos/ids/533344-250-250/Chocolates-Milka-Ginger-Edicion-Navidad-90-g.jpg?v=638979415299070000,Bombones y Trufas,https://www.jumbo.cl/chocolates-galletas-y-snacks/chocolates/bombones-y-trufas,https://bff.jumbo.cl/catalog/plp,4,2026-02-26T18:09:51
159085,Chocolates Milka Avellana Edición Navidad 90 g,Milka,3290,3290,False,https://www.jumbo.cl/chocolates-milka-2054116/p,https://jumbocl.vteximg.com.br/arquivos/ids/533348-250-250/Chocolates-Milka-Avellana-Edicion-Navidad-90-g.jpg?v=638979415306730000,Bombones y Trufas,https://www.jumbo.cl/chocolates-galletas-y-snacks/chocolates/bombones-y-trufas,https://bff.jumbo.cl/catalog/plp,4,2026-02-26T18:09:51
92856,Bombones Garoto Surtido 128 g,Garoto,1850,1850,False,https://www.jumbo.cl/bombones-surtidos-128-grs/p,https://jumbocl.vteximg.com.br/arquivos/ids/368011-250-250/Bombones-surtidos-128-g.jpg?v=638776770636400000,Bombones y Trufas,https://www.jumbo.cl/chocolates-galletas-y-snacks/chocolates/bombones-y-trufas,https://bff.jumbo.cl/catalog/plp,4,2026-02-26T18:09:51
158301,Chocolate Calendario de Adviento Lindt 128 g,Lindt,17990,17990,False,https://www.jumbo.cl/chocolate-calendario-adviento-lindt-128g-2048755/p,https://jumbocl.vteximg.com.br/arquivos/ids/527381-250-250/Chocolate-Calendario-de-Adviento-Lindt-128-g.jpg?v=638966706236030000,Bombones y Trufas,https://www.jumbo.cl/chocolates-galletas-y-snacks/chocolates/bombones-y-trufas,https://bff.jumbo.cl/catalog/plp,4,2026-02-26T18:09:51
159072,Chocolate Merello Sabor Café 120 g,Merello,6990,6990,False,https://www.jumbo.cl/chocolate-cafe120g-2056050/p,https://jumbocl.vteximg.com.br/arquivos/ids/542279-250-250/Chocolate-Merello-Sabor-Cafe-120-g.jpg?v=638991189051800000,Bombones y Trufas,https://www.jumbo.cl/chocolates-galletas-y-snacks/chocolates/bombones-y-trufas,https://bff.jumbo.cl/catalog/plp,4,2026-02-26T18:09:51
137194,Chocolate de Leche Bon o Bon Frutilla 450 g,Bon O Bon,7890,7890,False,https://www.jumbo.cl/bon-o-bon-frutilla-450gr-1997189/p,https://jumbocl.vteximg.com.br/arquivos/ids/328053-250-250/Bombones-Bon-O-Bon-Frutilla-450-g-30-un.jpg?v=638776430505570000,Bombones y Trufas,https://www.jumbo.cl/chocolates-galletas-y-snacks/chocolates/bombones-y-trufas,https://bff.jumbo.cl/catalog/plp,4,2026-02-26T18:09:51
161360,Tableta Galleta Bon o Bon Avellanas 90 g,Bon O Bon,2469,2469,False,https://www.jumbo.cl/chocolate-avellana-2053771/p,https://jumbocl.vteximg.com.br/arquivos/ids/549598-250-250/Chocolate-Bon-o-Bon-Avellana-Galleta-90-g.jpg?v=639009846503170000,Bombones y Trufas,https://www.jumbo.cl/chocolates-galletas-y-snacks/chocolates/bombones-y-trufas,https://bff.jumbo.cl/catalog/plp,4,2026-02-26T18:09:51
3609,Chocolate Bombónes Cerezas Al Licor 360 g,Ambrosoli,10450,10450,False,https://www.jumbo.cl/bombones-rellenos-cerezas-al-cognac-ambrosoli-360-g/p,https://jumbocl.vteximg.com.br/arquivos/ids/346828-250-250/Principal-7049.jpg?v=638776463808630000,Bombones y Trufas,https://www.jumbo.cl/chocolates-galletas-y-snacks/chocolates/bombones-y-trufas,https://bff.jumbo.cl/catalog/plp,4,2026-02-26T18:09:51
162809,Bombón Sahne Nuss Praliné Pistacho 144 g,Sahne Nuss,15990,15990,False,https://www.jumbo.cl/chocolates-bombone-2058939/p,https://jumbocl.vteximg.com.br/arquivos/ids/564966-250-250/Bombon-Sahne-Nuss-Praline-Pistacho-144-g.jpg?v=639040067818470000,Chocolates y Tentaciones,https://www.jumbo.cl/chocolates-galletas-y-snacks/chocolates/chocolates-y-tentaciones,https://bff.jumbo.cl/catalog/plp,1,2026-02-26T18:09:58
134263,Trencito Balls 105 g,Nestlé,1590,1590,False,https://www.jumbo.cl/trencito-balls-105gr-1987588/p,https://jumbocl.vteximg.com.br/arquivos/ids/322704-250-250/Trencito-Balls-105-g.jpg?v=638776426342600000,Chocolates y Tentaciones,https://www.jumbo.cl/chocolates-galletas-y-snacks/chocolates/chocolates-y-tentaciones,https://bff.jumbo.cl/catalog/plp,1,2026-02-26T18:09:58
137010,Almendras Bañadas con Chocolate de Leche Salzburgo 203 g,Salzburgo,6368,8490,True,https://www.jumbo.cl/gragea-almendra-leche-203grs-1997627/p,https://jumbocl.vteximg.com.br/arquivos/ids/327454-250-250/Almendras-Ba%C3%B1adas-Con-Chocolate-De-Leche-Salzburgo-203-g.jpg?v=638776430027770000,Chocolates y Tentaciones,https://www.jumbo.cl/chocolates-galletas-y-snacks/chocolates/chocolates-y-tentaciones,https://bff.jumbo.cl/catalog/plp,1,2026-02-26T18:09:58
128077,Chocolate de Leche M&M 141.8 g,M&M's,3350,3350,False,https://www.jumbo.cl/chocolate-con-leche-m-and-ms-pouch-141-8-gr-1967989/p,https://jumbocl.vteximg.com.br/arquivos/ids/394198-250-250/CHOCOLATE-CON-LECHE-M-MS-POUCH-1418-GR.jpg?v=638776877852100000,Chocolates y Tentaciones,https://www.jumbo.cl/chocolates-galletas-y-snacks/chocolates/chocolates-y-tentaciones,https://bff.jumbo.cl/catalog/plp,1,2026-02-26T18:09:58
115521,Barra Coco Chocolate Wild Fit Sin Azúcar Añadida 5 un. 175 g,The Wild Foods,5790,5790,False,https://www.jumbo.cl/barras-cochoc-5un/p,https://jumbocl.vteximg.com.br/arquivos/ids/424287-250-250/Barra-Coco-Chocolate-Wild-Fit-Sin-Azucar-A%C3%B1adida-5-un-175-g.jpg?v=638810456984870000,Chocolates y Tentaciones,https://www.jumbo.cl/chocolates-galletas-y-snacks/chocolates/chocolates-y-tentaciones,https://bff.jumbo.cl/catalog/plp,1,2026-02-26T18:09:58
35835,Chocolate de Leche Snicker Mini con Mani 12 un. 300 g,Snickers,7190,7190,False,https://www.jumbo.cl/chocolate-snickers-funsize-300-g/p,https://jumbocl.vteximg.com.br/arquivos/ids/356837-250-250/Chocolate-Fun-Size-300-g.jpg?v=638776714570170000,Chocolates y Tentaciones,https://www.jumbo.cl/chocolates-galletas-y-snacks/chocolates/chocolates-y-tentaciones,https://bff.jumbo.cl/catalog/plp,1,2026-02-26T18:09:58
18972,Chocolate Amargo After Eight Relleno Menta 200 g,After Eight,8190,8190,False,https://www.jumbo.cl/chocolate-after-eight-de-nestle-200-g-crema-de-menta-con-chocolate/p,https://jumbocl.vteximg.com.br/arquivos/ids/353202-250-250/Chocolate-mint-chocolate-thins-200-g.jpg?v=638776696430700000,Chocolates y Tentaciones,https://www.jumbo.cl/chocolates-galletas-y-snacks/chocolates/chocolates-y-tentaciones,https://bff.jumbo.cl/catalog/plp,1,2026-02-26T18:09:58
133428,Frutillas Deshidratadas Picks con Chocolate 90 g,Picks,3990,3990,False,https://www.jumbo.cl/frutillas-deshidratadas-c-choc-picks-90g-1971928/p,https://jumbocl.vteximg.com.br/arquivos/ids/322102-250-250/Frutillas-Deshidratadas-Picks-Con-Chocolate-90-g.jpg?v=638776424987030000,Chocolates y Tentaciones,https://www.jumbo.cl/chocolates-galletas-y-snacks/chocolates/chocolates-y-tentaciones,https://bff.jumbo.cl/catalog/plp,1,2026-02-26T18:09:58
128408,Chocolate de Leche M&M con Mani 141.8 g,M&M's,3430,3430,False,https://www.jumbo.cl/chocolate-con-mani-m-and-ms-pouch-141-8g-1972792/p,https://jumbocl.vteximg.com.br/arquivos/ids/495199-250-250/CHOCOLATE-CON-MANI-M-MS-POUCH-1418G.jpg?v=638911557068200000,Chocolates y Tentaciones,https://www.jumbo.cl/chocolates-galletas-y-snacks/chocolates/chocolates-y-tentaciones,https://bff.jumbo.cl/catalog/plp,1,2026-02-26T18:09:58
3643,Chocolate de Leche Costa Rama 115 g,Costa,2490,2850,True,https://www.jumbo.cl/chocolate-en-ramas-costa-115-g-de-leche-2/p,https://jumbocl.vteximg.com.br/arquivos/ids/346855-250-250/Chocolate-de-leche-en-ramas-115-g.jpg?v=638776464078930000,Chocolates y Tentaciones,https://www.jumbo.cl/chocolates-galletas-y-snacks/chocolates/chocolates-y-tentaciones,https://bff.jumbo.cl/catalog/plp,1,2026-02-26T18:09:58
127766,Barra Avellana Chocolate Wild Fit Low Carb 5 un. 175 g,The Wild Foods,6750,6750,False,https://www.jumbo.cl/barra-choco-avellana-low-carb-wfit-5u-1967782/p,https://jumbocl.vteximg.com.br/arquivos/ids/544929-250-250/Barra-Avellana-Chocolate-Wild-Fit-Low-Carb-5-un-175-g.jpg?v=638995851344970000,Chocolates y Tentaciones,https://www.jumbo.cl/chocolates-galletas-y-snacks/chocolates/chocolates-y-tentaciones,https://bff.jumbo.cl/catalog/plp,1,2026-02-26T18:09:58
132436,Barra Almendra Chocolate Wild Fit Low Carb 5 un. 175 g,The Wild Foods,6750,6750,False,https://www.jumbo.cl/barra-choco-almendra-low-carb-wfit-5u-1984102/p,https://jumbocl.vteximg.com.br/arquivos/ids/544456-250-250/Barra-Almendra-Chocolate-Wild-Fit--Low-Carb-5-un-175-g.jpg?v=638993684694600000,Chocolates y Tentaciones,https://www.jumbo.cl/chocolates-galletas-y-snacks/chocolates/chocolates-y-tentaciones,https://bff.jumbo.cl/catalog/plp,1,2026-02-26T18:09:58
133425,Avellanas Picks con Chocolate Amargo 90 g,Picks,3190,3190,False,https://www.jumbo.cl/avellanas-c-chocolate-amargo-picks-90g-1971925/p,https://jumbocl.vteximg.com.br/arquivos/ids/322055-250-250/Avellanas-Picks-Con-Chocolate-Amargo-90-g.jpg?v=638776424879670000,Chocolates y Tentaciones,https://www.jumbo.cl/chocolates-galletas-y-snacks/chocolates/chocolates-y-tentaciones,https://bff.jumbo.cl/catalog/plp,1,2026-02-26T18:09:58
55091,Chocolate de Leche M&M con Mantequilla de Mani 141.8 g,M&M's,3450,3450,False,https://www.jumbo.cl/chocolate-m-m-peanut-butter-pouch-198-g/p,https://jumbocl.vteximg.com.br/arquivos/ids/359589-250-250/Chocolate-con-leche-y-mantequilla-de-mani-142-g.jpg?v=638776728930070000,Chocolates y Tentaciones,https://www.jumbo.cl/chocolates-galletas-y-snacks/chocolates/chocolates-y-tentaciones,https://bff.jumbo.cl/catalog/plp,1,2026-02-26T18:09:58
18871,Chocolate Amargo Gottena con Menta 300 g,Gottena,3990,6790,True,https://www.jumbo.cl/chocolate-menta-gottena-300-g/p,https://jumbocl.vteximg.com.br/arquivos/ids/304139-250-250/Chocolate-Amargo-Gottena-Con-Menta-300-g.jpg?v=638776379179170000,Chocolates y Tentaciones,https://www.jumbo.cl/chocolates-galletas-y-snacks/chocolates/chocolates-y-tentaciones,https://bff.jumbo.cl/catalog/plp,1,2026-02-26T18:09:58
145270,Chocolate M&M Fun Size Mix 302 g,M&M's,7992,9990,True,https://www.jumbo.cl/chocolate-m-and-ms-fun-size-bolsa-mix-302gr-2017476/p,https://jumbocl.vteximg.com.br/arquivos/ids/343599-250-250/Chocolate-M-M-Fun-Size-Mix-302-g.jpg?v=638776442998830000,Chocolates y Tentaciones,https://www.jumbo.cl/chocolates-galletas-y-snacks/chocolates/chocolates-y-tentaciones,https://bff.jumbo.cl/catalog/plp,1,2026-02-26T18:09:58
127784,Barra Menta Chocolate Wild Fit Low Carb 5 un. 175 g,The Wild Foods,6750,6750,False,https://www.jumbo.cl/barra-choco-menta-low-carb-wfit-5u-1967783/p,https://jumbocl.vteximg.com.br/arquivos/ids/544452-250-250/Barra-Menta-Chocolate-Wild-Fit-Low-Carb-5-un-175-g.jpg?v=638993684670530000,Chocolates y Tentaciones,https://www.jumbo.cl/chocolates-galletas-y-snacks/chocolates/chocolates-y-tentaciones,https://bff.jumbo.cl/catalog/plp,1,2026-02-26T18:09:58
136985,Almendras Bañadas con Chocolate Bitter Salzburgo 203 g,Salzburgo,6368,8490,True,https://www.jumbo.cl/gragea-almendra-bitter-203grs-1997625/p,https://jumbocl.vteximg.com.br/arquivos/ids/328068-250-250/Almendras-Ba%C3%B1adas-Con-Chocolate-Bitter-Salzburgo-203-g.jpg?v=638776430521230000,Chocolates y Tentaciones,https://www.jumbo.cl/chocolates-galletas-y-snacks/chocolates/chocolates-y-tentaciones,https://bff.jumbo.cl/catalog/plp,1,2026-02-26T18:09:58
19058,Chocolate de Leche Lenguas de Gato 120 g,Costa,4590,4590,False,https://www.jumbo.cl/lenguas-de-gato-costa-120-g/p,https://jumbocl.vteximg.com.br/arquivos/ids/353238-250-250/Lenguas-de-gato-120-g.jpg?v=638776696559300000,Chocolates y Tentaciones,https://www.jumbo.cl/chocolates-galletas-y-snacks/chocolates/chocolates-y-tentaciones,https://bff.jumbo.cl/catalog/plp,1,2026-02-26T18:09:58
97667,Rolls En Línea Sin Azúcar Añadida 90 g,En Línea,3490,3490,False,https://www.jumbo.cl/rolls-en-linea-90-gr-1858628/p,https://jumbocl.vteximg.com.br/arquivos/ids/370140-250-250/Rolls-en-linea-90-g.jpg?v=638776780752930000,Chocolates y Tentaciones,https://www.jumbo.cl/chocolates-galletas-y-snacks/chocolates/chocolates-y-tentaciones,https://bff.jumbo.cl/catalog/plp,1,2026-02-26T18:09:58
113197,Chocolates Rolls Nuts 100 g,Costa,1490,1990,True,https://www.jumbo.cl/rolls-nuts-costa-100-gr-1926389/p,https://jumbocl.vteximg.com.br/arquivos/ids/380434-250-250/Chocolates-Rolls-Nuts-100-g.jpg?v=638776823223430000,Chocolates y Tentaciones,https://www.jumbo.cl/chocolates-galletas-y-snacks/chocolates/chocolates-y-tentaciones,https://bff.jumbo.cl/catalog/plp,1,2026-02-26T18:09:58
3633,Chocolate de Leche Rolls Crispy 130 g,Costa,2490,2490,False,https://www.jumbo.cl/chocolate-costa-130-g-rolls-crispy-2/p,https://jumbocl.vteximg.com.br/arquivos/ids/346844-250-250/Chocolate-Rolls-Crispy-130-g.jpg?v=638776463966400000,Chocolates y Tentaciones,https://www.jumbo.cl/chocolates-galletas-y-snacks/chocolates/chocolates-y-tentaciones,https://bff.jumbo.cl/catalog/plp,1,2026-02-26T18:09:58
150472,Frambuesas Deshidratadas con Cacao Picks 90 g,Picks,3990,3990,False,https://www.jumbo.cl/frambuesa-picks-2039518/p,https://jumbocl.vteximg.com.br/arquivos/ids/526413-250-250/Frambuesas-Deshidratadas-con-Cacao-Picks-90-g.jpg?v=638966657115730000,Chocolates y Tentaciones,https://www.jumbo.cl/chocolates-galletas-y-snacks/chocolates/chocolates-y-tentaciones,https://bff.jumbo.cl/catalog/plp,1,2026-02-26T18:09:58
105732,Cup Reese's Milk Hershey's 42 g,Hershey's,1450,1450,False,https://www.jumbo.cl/cup-resses-milk-hershey-s-42-g-1896346/p,https://jumbocl.vteximg.com.br/arquivos/ids/375303-250-250/Cup-Resses-Milk-42-g.jpg?v=638776803019230000,Chocolates y Tentaciones,https://www.jumbo.cl/chocolates-galletas-y-snacks/chocolates/chocolates-y-tentaciones,https://bff.jumbo.cl/catalog/plp,1,2026-02-26T18:09:58
113183,Chocolates Rolls Crispy 100 g,Costa,1490,1990,True,https://www.jumbo.cl/rolls-crispy-costa-100-gr-1926388/p,https://jumbocl.vteximg.com.br/arquivos/ids/380413-250-250/ROLLS-CRISPY-COSTA-100-GR.jpg?v=638776823133530000,Chocolates y Tentaciones,https://www.jumbo.cl/chocolates-galletas-y-snacks/chocolates/chocolates-y-tentaciones,https://bff.jumbo.cl/catalog/plp,1,2026-02-26T18:09:58
3634,Chocolate Blanco Rolls 140 g,Costa,2490,2490,False,https://www.jumbo.cl/chocolate-costa-140-g-rolls-blanco-2/p,https://jumbocl.vteximg.com.br/arquivos/ids/346845-250-250/Chocolate-Rolls-Blanco-140-g.jpg?v=638776463976830000,Chocolates y Tentaciones,https://www.jumbo.cl/chocolates-galletas-y-snacks/chocolates/chocolates-y-tentaciones,https://bff.jumbo.cl/catalog/plp,1,2026-02-26T18:09:58
3615,Chocolate Confitados Rocklets 150 g,Arcor,2550,2550,False,https://www.jumbo.cl/chocolate-arcor-150-g-rocklets-envase-doypack-zipper/p,https://jumbocl.vteximg.com.br/arquivos/ids/346836-250-250/Chocolate-Rocklets-envase-doypack-zipper-150-g.jpg?v=638776463884230000,Chocolates y Tentaciones,https://www.jumbo.cl/chocolates-galletas-y-snacks/chocolates/chocolates-y-tentaciones,https://bff.jumbo.cl/catalog/plp,1,2026-02-26T18:09:58
121395,Barra Coco Berries Wild Fit 5 un. 175 g,The Wild Foods,5790,5790,False,https://www.jumbo.cl/chocolate-coco-berries-wild-fit-5u-1952059/p,https://jumbocl.vteximg.com.br/arquivos/ids/429178-250-250/Barra-Coco-Berries-Wild-Fit--5-un-175-g.jpg?v=638812786929530000,Chocolates y Tentaciones,https://www.jumbo.cl/chocolates-galletas-y-snacks/chocolates/chocolates-y-tentaciones,https://bff.jumbo.cl/catalog/plp,1,2026-02-26T18:09:58
3636,Chocolate de Leche Rolls Crocante 150 g,Costa,2250,2250,False,https://www.jumbo.cl/chocolate-rolls-costa-crocante-150-g/p,https://jumbocl.vteximg.com.br/arquivos/ids/346847-250-250/Chocolate-Rolls-crocante-150-g.jpg?v=638776463998570000,Chocolates y Tentaciones,https://www.jumbo.cl/chocolates-galletas-y-snacks/chocolates/chocolates-y-tentaciones,https://bff.jumbo.cl/catalog/plp,1,2026-02-26T18:09:58
127364,Galleta Rellena Nutella B-Ready,Nutella,1490,1490,False,https://www.jumbo.cl/nutella-b-ready-t1-1961106/p,https://jumbocl.vteximg.com.br/arquivos/ids/393456-250-250/Nutella-B-ready.jpg?v=638776874634200000,Chocolates y Tentaciones,https://www.jumbo.cl/chocolates-galletas-y-snacks/chocolates/chocolates-y-tentaciones,https://bff.jumbo.cl/catalog/plp,1,2026-02-26T18:09:58
120809,Chocolate de Leche M&M con Mani 6 un. 296 g,M&M's,7390,7390,False,https://www.jumbo.cl/pack-6-un-m-and-m-mani-296g-1946108/p,https://jumbocl.vteximg.com.br/arquivos/ids/386218-250-250/Chocolate-con-leche-y-mani-6-un-49-g-c-u.jpg?v=638776847660600000,Chocolates y Tentaciones,https://www.jumbo.cl/chocolates-galletas-y-snacks/chocolates/chocolates-y-tentaciones,https://bff.jumbo.cl/catalog/plp,1,2026-02-26T18:09:58
3631,Chocolate Blanco Costa Rama 115 g,Costa,2490,2850,True,https://www.jumbo.cl/chocolate-blanco-en-ramas-costa-115-g-2/p,https://jumbocl.vteximg.com.br/arquivos/ids/346843-250-250/Chocolate-blanco-en-ramas-115-g.jpg?v=638776463953830000,Chocolates y Tentaciones,https://www.jumbo.cl/chocolates-galletas-y-snacks/chocolates/chocolates-y-tentaciones,https://bff.jumbo.cl/catalog/plp,1,2026-02-26T18:09:58
73504,Chocolate de Leche Kit Kat 4 Fingers 41.5 g,Nestlé,1350,1350,False,https://www.jumbo.cl/chocolate-kit-kat-nestle-41-5-g/p,https://jumbocl.vteximg.com.br/arquivos/ids/310206-250-250/Chocolate-Kit-Kat-4-Fingers-Milk-415-g.jpg?v=638776391100030000,Chocolates y Tentaciones,https://www.jumbo.cl/chocolates-galletas-y-snacks/chocolates/chocolates-y-tentaciones,https://bff.jumbo.cl/catalog/plp,1,2026-02-26T18:09:58
3638,Chocolate de Leche Rolls Nuts 150 g,Costa,2490,2490,False,https://www.jumbo.cl/chocolate-costa-170-g-rolls-nuts-2/p,https://jumbocl.vteximg.com.br/arquivos/ids/346849-250-250/Chocolates-Rolls-Nuts-150-g.jpg?v=638776464022330000,Chocolates y Tentaciones,https://www.jumbo.cl/chocolates-galletas-y-snacks/chocolates/chocolates-y-tentaciones,https://bff.jumbo.cl/catalog/plp,1,2026-02-26T18:09:58
3635,Chocolate de Leche Rolls Crispy Berries 120 g,Costa,2490,2490,False,https://www.jumbo.cl/chocolate-costa-140-g-rolls-crispy-berries-2/p,https://jumbocl.vteximg.com.br/arquivos/ids/346846-250-250/Chocolate-120-g-Rolls-Crispy-Berries.jpg?v=638776463987070000,Chocolates y Tentaciones,https://www.jumbo.cl/chocolates-galletas-y-snacks/chocolates/chocolates-y-tentaciones,https://bff.jumbo.cl/catalog/plp,1,2026-02-26T18:09:58
108496,Barra Coco Cacao En Línea Sin Azúcar Añadida 170 g,En Línea,4990,4990,False,https://www.jumbo.cl/barra-coco-cubier-cacao-en-linea-170-gr-1904119/p,https://jumbocl.vteximg.com.br/arquivos/ids/377015-250-250/BARRA-COCO-CUBIER-CACAO-EN-LINEA-170-GR.jpg?v=638776810024130000,Chocolates y Tentaciones,https://www.jumbo.cl/chocolates-galletas-y-snacks/chocolates/chocolates-y-tentaciones,https://bff.jumbo.cl/catalog/plp,1,2026-02-26T18:09:58
55043,Chocolate Snickers con Leche y Maní 53 g,Snickers,1390,1390,False,https://www.jumbo.cl/barra-dulce-snickers-singles-53-g-c-u/p,https://jumbocl.vteximg.com.br/arquivos/ids/359561-250-250/Chocolate-Peanut-53-g.jpg?v=638776728829530000,Chocolates y Tentaciones,https://www.jumbo.cl/chocolates-galletas-y-snacks/chocolates/chocolates-y-tentaciones,https://bff.jumbo.cl/catalog/plp,1,2026-02-26T18:09:58
133426,Avellanas Picks con Chocolate de Leche 90 g,Picks,3190,3190,False,https://www.jumbo.cl/avellanas-c-chocolate-de-leche-picks-90g-1971924/p,https://jumbocl.vteximg.com.br/arquivos/ids/322063-250-250/Avellanas-Picks-Con-Chocolate-De-Leche-90-g.jpg?v=638776424908870000,Chocolates y Tentaciones,https://www.jumbo.cl/chocolates-galletas-y-snacks/chocolates/chocolates-y-tentaciones,https://bff.jumbo.cl/catalog/plp,1,2026-02-26T18:09:58
153996,Chocolate Kinder Bueno 129 g,Kinder,6390,6390,False,https://www.jumbo.cl/chocolate-kinder-bueno-132-g-541053/p,https://jumbocl.vteximg.com.br/arquivos/ids/501114-250-250/Chocolate-Kinder-Bueno-132-g.jpg?v=638920078885100000,Chocolates y Tentaciones,https://www.jumbo.cl/chocolates-galletas-y-snacks/chocolates/chocolates-y-tentaciones,https://bff.jumbo.cl/catalog/plp,1,2026-02-26T18:09:58
126318,Chocolate de Leche M&M con Mantequilla de Mani 487 g,M&M's,13490,13490,False,https://www.jumbo.cl/m-and-ms-peanut-butter-sup-487gr-1960964/p,https://jumbocl.vteximg.com.br/arquivos/ids/392034-250-250/M-MS-PEANUT-BUTTER-SUP-487GR.jpg?v=638776869928630000,Chocolates y Tentaciones,https://www.jumbo.cl/chocolates-galletas-y-snacks/chocolates/chocolates-y-tentaciones,https://bff.jumbo.cl/catalog/plp,1,2026-02-26T18:09:58
133429,Almendras Picks con Caramelo Glaseado 90 g,Picks,3190,3190,False,https://www.jumbo.cl/almendras-c-caramelo-glaseado-picks-90g-1971926/p,https://jumbocl.vteximg.com.br/arquivos/ids/322112-250-250/Almendras-Picks-Con-Caramelo-Glaseado-90-g.jpg?v=638776425012700000,Chocolates y Tentaciones,https://www.jumbo.cl/chocolates-galletas-y-snacks/chocolates/chocolates-y-tentaciones,https://bff.jumbo.cl/catalog/plp,2,2026-02-26T18:10:02
144554,Chocolate de Leche Snickers Funsize con Mani 5 un. 73 g,Snickers,1890,1890,False,https://www.jumbo.cl/chocolate-snickers-fun-size-5-pack-73-7g-2018714/p,https://jumbocl.vteximg.com.br/arquivos/ids/341335-250-250/Chocolate-de-Leche-Snickers-Funsize-Con-Mani-5-un-73-g.jpg?v=638776441629230000,Chocolates y Tentaciones,https://www.jumbo.cl/chocolates-galletas-y-snacks/chocolates/chocolates-y-tentaciones,https://bff.jumbo.cl/catalog/plp,2,2026-02-26T18:10:02
55030,Crema de Avellana Nutella Go 52 g,Nutella,2690,2690,False,https://www.jumbo.cl/nutella-go-52-g-24-unidades/p,https://jumbocl.vteximg.com.br/arquivos/ids/359567-250-250/Principal-413179.jpg?v=638776728844700000,Chocolates y Tentaciones,https://www.jumbo.cl/chocolates-galletas-y-snacks/chocolates/chocolates-y-tentaciones,https://bff.jumbo.cl/catalog/plp,2,2026-02-26T18:10:02
126748,Chocolate Confitados Chubi 90 g,Arcor,1000,1190,True,https://www.jumbo.cl/chubi-doypack-90gr-1959624/p,https://jumbocl.vteximg.com.br/arquivos/ids/392693-250-250/Chubi-Doypack-90-g.jpg?v=638776871922330000,Chocolates y Tentaciones,https://www.jumbo.cl/chocolates-galletas-y-snacks/chocolates/chocolates-y-tentaciones,https://bff.jumbo.cl/catalog/plp,2,2026-02-26T18:10:02
126758,Maní Confitado Tifany´S Max Bañadp Chocolate 90 g,Arcor,1000,1190,True,https://www.jumbo.cl/tifany-doypack-90gr-1959636/p,https://jumbocl.vteximg.com.br/arquivos/ids/392706-250-250/Tifany-Doypack-90-g.jpg?v=638776871964170000,Chocolates y Tentaciones,https://www.jumbo.cl/chocolates-galletas-y-snacks/chocolates/chocolates-y-tentaciones,https://bff.jumbo.cl/catalog/plp,2,2026-02-26T18:10:02
3720,Chocolate de Leche Snickers Mini con Mani 9 un. 125 g,Snickers,3250,3250,False,https://www.jumbo.cl/barra-de-chocolate-rellena-snickers-bolsa-1247-g-minis-con-caramelo-mani-y-nougat/p,https://jumbocl.vteximg.com.br/arquivos/ids/346885-250-250/Chocolate-Mini-1247-g.jpg?v=638776464470070000,Chocolates y Tentaciones,https://www.jumbo.cl/chocolates-galletas-y-snacks/chocolates/chocolates-y-tentaciones,https://bff.jumbo.cl/catalog/plp,2,2026-02-26T18:10:02
110862,Barra Maní Cacao En Linea Sin Azúcar Añadida 170 g,En Línea,4990,4990,False,https://www.jumbo.cl/barra-mani-cubier-cacao-en-linea-170-gr-1904120/p,https://jumbocl.vteximg.com.br/arquivos/ids/378190-250-250/Barra-de-mani-cubierta-de-cacao-170-g.jpg?v=638776814162700000,Chocolates y Tentaciones,https://www.jumbo.cl/chocolates-galletas-y-snacks/chocolates/chocolates-y-tentaciones,https://bff.jumbo.cl/catalog/plp,2,2026-02-26T18:10:02
154354,Moneda de Chocolate 120 g,Ambrosoli,2590,2590,False,https://www.jumbo.cl/chocolate-de-monedas-fantasia-ambro-120-g-2039032/p,https://jumbocl.vteximg.com.br/arquivos/ids/491923-250-250/CHOCOLATE-DE-MONEDAS-FANTASIA-AMBRO-120G.jpg?v=638905693628370000,Chocolates y Tentaciones,https://www.jumbo.cl/chocolates-galletas-y-snacks/chocolates/chocolates-y-tentaciones,https://bff.jumbo.cl/catalog/plp,2,2026-02-26T18:10:02
163238,Chocolate Puro Entrelagos Crocante Almendra Caja 83 g,Entrelagos,5990,5990,False,https://www.jumbo.cl/caja-chocolate-2060984/p,https://jumbocl.vteximg.com.br/arquivos/ids/566123-250-250/CAJA-CHOCOLATE.jpg?v=639043919167170000,Chocolates y Tentaciones,https://www.jumbo.cl/chocolates-galletas-y-snacks/chocolates/chocolates-y-tentaciones,https://bff.jumbo.cl/catalog/plp,2,2026-02-26T18:10:02
148710,Galleta Oreo Bañada con Chocolate Milka 105.6 g,Milka,2000,2000,False,https://www.jumbo.cl/milka-bis-oreo-2026276/p,https://jumbocl.vteximg.com.br/arquivos/ids/550202-250-250/Oblea-Milka-Oreo-Mini-Chocopause-Bis-Rellena-y-Ba%C3%B1ada-en-Chocolate-1056-g.jpg?v=639010066120170000,Chocolates y Tentaciones,https://www.jumbo.cl/chocolates-galletas-y-snacks/chocolates/chocolates-y-tentaciones,https://bff.jumbo.cl/catalog/plp,2,2026-02-26T18:10:02
54865,Chocolate de Leche Snicker con Mani 6 un. 316 g,Snickers,7390,7390,False,https://www.jumbo.cl/pack-6-barras-dulce-snickers-318-g/p,https://jumbocl.vteximg.com.br/arquivos/ids/359491-250-250/Barra-de-Chocolate-Snickers-con-Leche-y-Mani-6-un.jpg?v=638776728503130000,Chocolates y Tentaciones,https://www.jumbo.cl/chocolates-galletas-y-snacks/chocolates/chocolates-y-tentaciones,https://bff.jumbo.cl/catalog/plp,2,2026-02-26T18:10:02
138514,Chocolate Barra Milky Way con Leche y Caramelo 48g,Snickers,1390,1390,False,https://www.jumbo.cl/milky-way-single-48-gr-2000439/p,https://jumbocl.vteximg.com.br/arquivos/ids/330277-250-250/Chocolate-Barra-Milky-Way-con-Leche-y-Caramelo-48g.jpg?v=638776432317230000,Chocolates y Tentaciones,https://www.jumbo.cl/chocolates-galletas-y-snacks/chocolates/chocolates-y-tentaciones,https://bff.jumbo.cl/catalog/plp,2,2026-02-26T18:10:02
55041,Chocolates M&M's con Leche 48 g,M&M's,1390,1390,False,https://www.jumbo.cl/m-m-s-singles-milk-choc-9-x-36-x-48-g/p,https://jumbocl.vteximg.com.br/arquivos/ids/359559-250-250/Chocolates-Milk-479-g.jpg?v=638776728825000000,Chocolates y Tentaciones,https://www.jumbo.cl/chocolates-galletas-y-snacks/chocolates/chocolates-y-tentaciones,https://bff.jumbo.cl/catalog/plp,2,2026-02-26T18:10:02
128235,Chocolate Estuche Vizzio XL 360 g,Costa,6490,8190,True,https://www.jumbo.cl/estuche-vizzio-xl-360-gr-1974185/p,https://jumbocl.vteximg.com.br/arquivos/ids/320115-250-250/Chocolate-Estuche-Vizzio-XL-360-g.jpg?v=638776418691600000,Chocolates y Tentaciones,https://www.jumbo.cl/chocolates-galletas-y-snacks/chocolates/chocolates-y-tentaciones,https://bff.jumbo.cl/catalog/plp,2,2026-02-26T18:10:02
47671,Chocolate Prestigio Barra Coco 35 g,Prestigio,1090,1090,False,https://www.jumbo.cl/chocolate-nestl-prestigio-barra-35-g/p,https://jumbocl.vteximg.com.br/arquivos/ids/307944-250-250/Chocolate-Prestigio-35-g.jpg?v=638776385712370000,Chocolates y Tentaciones,https://www.jumbo.cl/chocolates-galletas-y-snacks/chocolates/chocolates-y-tentaciones,https://bff.jumbo.cl/catalog/plp,2,2026-02-26T18:10:02
148708,Galleta Milka Bis Bañada con Chocolate 105.6 g,Milka,2000,2000,False,https://www.jumbo.cl/milka-bis-milk-2026277/p,https://jumbocl.vteximg.com.br/arquivos/ids/550215-250-250/Oblea-Milka-Mini-Chocopause-Bis-Rellena-y-Ba%C3%B1ada-en-Chocolate-1056-g.jpg?v=639010066156400000,Chocolates y Tentaciones,https://www.jumbo.cl/chocolates-galletas-y-snacks/chocolates/chocolates-y-tentaciones,https://bff.jumbo.cl/catalog/plp,2,2026-02-26T18:10:02
3705,Chocolate Amargo Baronie Sticks con Menta 75 g,Baronie,2680,3350,True,https://www.jumbo.cl/chocolate-sticks-bamonie-menta-rademaker-75-g/p,https://jumbocl.vteximg.com.br/arquivos/ids/346881-250-250/Chocolate-Baronie-sticks-menta-75-g.jpg?v=638776464411830000,Chocolates y Tentaciones,https://www.jumbo.cl/chocolates-galletas-y-snacks/chocolates/chocolates-y-tentaciones,https://bff.jumbo.cl/catalog/plp,2,2026-02-26T18:10:02
47675,Chocolate Sahne Nuss 30 g,Sahne Nuss,1150,1150,False,https://www.jumbo.cl/chocolate-sahne-nuss-en-barra-30-g/p,https://jumbocl.vteximg.com.br/arquivos/ids/307969-250-250/Chocolate-Sahne-Nuss-Barra-30-g.jpg?v=638776385782400000,Chocolates y Tentaciones,https://www.jumbo.cl/chocolates-galletas-y-snacks/chocolates/chocolates-y-tentaciones,https://bff.jumbo.cl/catalog/plp,2,2026-02-26T18:10:02
126317,Chocolate de Leche M&M con Mani 512 g,M&M's,13590,13590,False,https://www.jumbo.cl/m-and-ms-peanut-sup-512g-1960963/p,https://jumbocl.vteximg.com.br/arquivos/ids/391989-250-250/M-MS-PEANUT-SUP-512G.jpg?v=638776869817570000,Chocolates y Tentaciones,https://www.jumbo.cl/chocolates-galletas-y-snacks/chocolates/chocolates-y-tentaciones,https://bff.jumbo.cl/catalog/plp,2,2026-02-26T18:10:02
114268,Chocolate Snickers con Leche y Almendra 43 g,Snickers,1390,1390,False,https://www.jumbo.cl/snickers-singles-almond-43-4gr-1931615/p,https://jumbocl.vteximg.com.br/arquivos/ids/316236-250-250/Chocolate-Snickers-Con-Leche-y-Almendra-43-g.jpg?v=638776407678230000,Chocolates y Tentaciones,https://www.jumbo.cl/chocolates-galletas-y-snacks/chocolates/chocolates-y-tentaciones,https://bff.jumbo.cl/catalog/plp,2,2026-02-26T18:10:02
120833,Chocolate de Leche M&M 510 g,M&M's,13590,13590,False,https://www.jumbo.cl/chocolate-m-and-ms-544gr-1946109/p,https://jumbocl.vteximg.com.br/arquivos/ids/386196-250-250/Chocolate-con-leche-544-g.jpg?v=638776847547800000,Chocolates y Tentaciones,https://www.jumbo.cl/chocolates-galletas-y-snacks/chocolates/chocolates-y-tentaciones,https://bff.jumbo.cl/catalog/plp,2,2026-02-26T18:10:02
140633,Table Bon O Bon Galleta 42 g,Bon O Bon,990,990,False,https://www.jumbo.cl/tablea-bon-o-bon-galleta-42g-2007538/p,https://jumbocl.vteximg.com.br/arquivos/ids/334713-250-250/Table-Bon-O-Bon-Galleta-42-g.jpg?v=638776435846900000,Chocolates y Tentaciones,https://www.jumbo.cl/chocolates-galletas-y-snacks/chocolates/chocolates-y-tentaciones,https://bff.jumbo.cl/catalog/plp,2,2026-02-26T18:10:02
143536,Chocolate Twix Funsize 5 Pack 75 g,Twix,2290,2290,False,https://www.jumbo.cl/chocolate-twix-funsize-5-pack-75-g-2008444/p,https://jumbocl.vteximg.com.br/arquivos/ids/339786-250-250/Chocolate-Twix-Funsize-5-Pack-75-g.jpg?v=638776440217400000,Chocolates y Tentaciones,https://www.jumbo.cl/chocolates-galletas-y-snacks/chocolates/chocolates-y-tentaciones,https://bff.jumbo.cl/catalog/plp,2,2026-02-26T18:10:02
3617,Chocolate Confitados Rocklets Maní 150 g,Arcor,2550,2550,False,https://www.jumbo.cl/chocolate-rocklets-con-mani-arcor-150-g/p,https://jumbocl.vteximg.com.br/arquivos/ids/346837-250-250/Chocolate-Rocklets-con-Mani-150-g.jpg?v=638776463895000000,Chocolates y Tentaciones,https://www.jumbo.cl/chocolates-galletas-y-snacks/chocolates/chocolates-y-tentaciones,https://bff.jumbo.cl/catalog/plp,2,2026-02-26T18:10:02
122677,Barra Almendra Cacao En Linea Sin Azúcar Añadida 170 g,En Línea,4990,4990,False,https://www.jumbo.cl/barra-almendra-cacao-en-linea-170-gr-1956079/p,https://jumbocl.vteximg.com.br/arquivos/ids/388393-250-250/Barra-almendra-cacao-170-g.jpg?v=638776855698530000,Chocolates y Tentaciones,https://www.jumbo.cl/chocolates-galletas-y-snacks/chocolates/chocolates-y-tentaciones,https://bff.jumbo.cl/catalog/plp,2,2026-02-26T18:10:02
19239,Chocolate de Leche M&M Mini 2 un. 31 G,M&M's,3150,3150,False,https://www.jumbo.cl/chocolate-confitado-m-m-s-pack-2-unid-30-g-c-u/p,https://jumbocl.vteximg.com.br/arquivos/ids/353292-250-250/Pack-2-un-Chocolate-Minis-62-g.jpg?v=638776696794300000,Chocolates y Tentaciones,https://www.jumbo.cl/chocolates-galletas-y-snacks/chocolates/chocolates-y-tentaciones,https://bff.jumbo.cl/catalog/plp,2,2026-02-26T18:10:02
122260,Chocolate de Leche Kisses con Almendra 283 g,Hershey's,9000,9000,False,https://www.jumbo.cl/mini-kisses-almendra-283-g-1950859/p,https://jumbocl.vteximg.com.br/arquivos/ids/388118-250-250/Mini-Kisses-Aalmendra-283-g.jpg?v=638776854548570000,Chocolates y Tentaciones,https://www.jumbo.cl/chocolates-galletas-y-snacks/chocolates/chocolates-y-tentaciones,https://bff.jumbo.cl/catalog/plp,2,2026-02-26T18:10:02
122402,Barra Proteína Coco Cacao en Linea 250 g 5 un.,En Línea,6890,6890,False,https://www.jumbo.cl/barra-coco-proteina-cacao-250gr-enlinea-1951534/p,https://jumbocl.vteximg.com.br/arquivos/ids/388234-250-250/Barra-coco-proteina-cacao-250-g.jpg?v=638776855012230000,Chocolates y Tentaciones,https://www.jumbo.cl/chocolates-galletas-y-snacks/chocolates/chocolates-y-tentaciones,https://bff.jumbo.cl/catalog/plp,2,2026-02-26T18:10:02
120807,Chocolate de Leche M&M 6 un. 288 g,M&M's,7390,7390,False,https://www.jumbo.cl/pack-6-un-m-and-m-288g-1946107/p,https://jumbocl.vteximg.com.br/arquivos/ids/386193-250-250/PACK-6-UN-M-M-288G.jpg?v=638776847541400000,Chocolates y Tentaciones,https://www.jumbo.cl/chocolates-galletas-y-snacks/chocolates/chocolates-y-tentaciones,https://bff.jumbo.cl/catalog/plp,2,2026-02-26T18:10:02
55042,Chocolates M&M's con Leche y Maní 49 g,M&M's,1390,1390,False,https://www.jumbo.cl/m-m-s-singles-peanut-8-x-48-x-49-g/p,https://jumbocl.vteximg.com.br/arquivos/ids/359560-250-250/Chocolates-Peanut-49-g.jpg?v=638776728829530000,Chocolates y Tentaciones,https://www.jumbo.cl/chocolates-galletas-y-snacks/chocolates/chocolates-y-tentaciones,https://bff.jumbo.cl/catalog/plp,2,2026-02-26T18:10:02
145271,Chocolate Morocha Balls 105 g,Nestlé,1590,1590,False,https://www.jumbo.cl/morocha-balls-nestle-105gr-2019218/p,https://jumbocl.vteximg.com.br/arquivos/ids/343625-250-250/Morocha-Balls-Nestle-105-g.jpg?v=638776443032100000,Chocolates y Tentaciones,https://www.jumbo.cl/chocolates-galletas-y-snacks/chocolates/chocolates-y-tentaciones,https://bff.jumbo.cl/catalog/plp,2,2026-02-26T18:10:02
60297,Chocolates M&M's Mini Tubo 31 G,M&M's,1390,1390,False,https://www.jumbo.cl/chocolate-m-m-s-minis-tubo-31gr/p,https://jumbocl.vteximg.com.br/arquivos/ids/360733-250-250/Chocolate-M-M-s-mini-tubo-31-g.jpg?v=638776733789630000,Chocolates y Tentaciones,https://www.jumbo.cl/chocolates-galletas-y-snacks/chocolates/chocolates-y-tentaciones,https://bff.jumbo.cl/catalog/plp,2,2026-02-26T18:10:02
19302,Chocolate de Leche Baronie Sticks Orange 75 g,Baronie,2680,3350,True,https://www.jumbo.cl/chocolate-rademaker-sticks-naranja-75-g/p,https://jumbocl.vteximg.com.br/arquivos/ids/353307-250-250/Chocolate-Baronie-sticks-orange-75-g.jpg?v=638776696859530000,Chocolates y Tentaciones,https://www.jumbo.cl/chocolates-galletas-y-snacks/chocolates/chocolates-y-tentaciones,https://bff.jumbo.cl/catalog/plp,2,2026-02-26T18:10:02
85165,Chocolate Kit Kat 4 Fingers Blanco 41.5 g,Nestlé,1350,1350,False,https://www.jumbo.cl/chocolate-kit-kat-white-41-5gr/p,https://jumbocl.vteximg.com.br/arquivos/ids/365744-250-250/Chocolate-4-fingers-blanco-24-un-415-g-c-u.jpg?v=638776760362600000,Chocolates y Tentaciones,https://www.jumbo.cl/chocolates-galletas-y-snacks/chocolates/chocolates-y-tentaciones,https://bff.jumbo.cl/catalog/plp,2,2026-02-26T18:10:02
134262,Super 8 Ball 105 g,Nestlé,1590,1590,False,https://www.jumbo.cl/super-8-ball-105gr-1988123/p,https://jumbocl.vteximg.com.br/arquivos/ids/322677-250-250/Super-8-Ball-105-g.jpg?v=638776426314300000,Chocolates y Tentaciones,https://www.jumbo.cl/chocolates-galletas-y-snacks/chocolates/chocolates-y-tentaciones,https://bff.jumbo.cl/catalog/plp,2,2026-02-26T18:10:02
89434,Chocolate de Leche Milka 55 g,Milka,1690,1690,False,https://www.jumbo.cl/milka-mensajes-leche-55gr/p,https://jumbocl.vteximg.com.br/arquivos/ids/312050-250-250/Chocolate-de-Leche-Milka-55-g.jpg?v=638776395404100000,Chocolates y Tentaciones,https://www.jumbo.cl/chocolates-galletas-y-snacks/chocolates/chocolates-y-tentaciones,https://bff.jumbo.cl/catalog/plp,2,2026-02-26T18:10:02
87114,Galleta bañada con chocolate Milka Chocopause 45g,Milka,1550,1550,False,https://www.jumbo.cl/milka-choco-pause-45gr/p,https://jumbocl.vteximg.com.br/arquivos/ids/546701-250-250/Galleta-ba%C3%B1ada-con-chocolate-Milka-Chocopause-45g.jpg?v=638999702634430000,Chocolates y Tentaciones,https://www.jumbo.cl/chocolates-galletas-y-snacks/chocolates/chocolates-y-tentaciones,https://bff.jumbo.cl/catalog/plp,2,2026-02-26T18:10:02
85175,Chocolate Blanco Milka de Leche 55 g,Milka,1690,1690,False,https://www.jumbo.cl/chocolate-blanco-con-mensajes-55-g/p,https://jumbocl.vteximg.com.br/arquivos/ids/311687-250-250/Chocolate-Blanco-Milka-de-Leche-55-g.jpg?v=638776394372530000,Chocolates y Tentaciones,https://www.jumbo.cl/chocolates-galletas-y-snacks/chocolates/chocolates-y-tentaciones,https://bff.jumbo.cl/catalog/plp,2,2026-02-26T18:10:02
145269,Chocolate M&M Fun Size Mix 604 g,M&M's,11992,14990,True,https://www.jumbo.cl/chocolate-m-and-ms-fun-size-bolsa-mix-604gr-2017475/p,https://jumbocl.vteximg.com.br/arquivos/ids/343566-250-250/Chocolate-M-M-Fun-Size-Mix-604-g.jpg?v=638776442968270000,Chocolates y Tentaciones,https://www.jumbo.cl/chocolates-galletas-y-snacks/chocolates/chocolates-y-tentaciones,https://bff.jumbo.cl/catalog/plp,2,2026-02-26T18:10:02
85174,Chocolate de Leche Milka con Trocitos de Oreo 55 g,Milka,1690,1690,False,https://www.jumbo.cl/chocolate-leche-con-trocitos-de-oreo-55-g/p,https://jumbocl.vteximg.com.br/arquivos/ids/311666-250-250/Chocolate-de-Leche-Milka-Con-Trocitos-de-Oreo-55-g.jpg?v=638776394320970000,Chocolates y Tentaciones,https://www.jumbo.cl/chocolates-galletas-y-snacks/chocolates/chocolates-y-tentaciones,https://bff.jumbo.cl/catalog/plp,2,2026-02-26T18:10:02
145268,Chocolate Chokita Balls 105 g,Nestlé,1590,1590,False,https://www.jumbo.cl/chokita-balls-nestle-105-gr-2017216/p,https://jumbocl.vteximg.com.br/arquivos/ids/343881-250-250/Chokita-Balls-Nestle-105-g.jpg?v=638776443406400000,Chocolates y Tentaciones,https://www.jumbo.cl/chocolates-galletas-y-snacks/chocolates/chocolates-y-tentaciones,https://bff.jumbo.cl/catalog/plp,3,2026-02-26T18:10:06
128248,Chocolates M&M's Caramel Singles 40 g,M&M's,1390,1390,False,https://www.jumbo.cl/chocolate-m-and-ms-caramel-singles-40g-1970359/p,https://jumbocl.vteximg.com.br/arquivos/ids/394344-250-250/Chocolates-M-Ms-Caramel-Singles-40-g.jpg?v=638776878460330000,Chocolates y Tentaciones,https://www.jumbo.cl/chocolates-galletas-y-snacks/chocolates/chocolates-y-tentaciones,https://bff.jumbo.cl/catalog/plp,3,2026-02-26T18:10:06
148967,Chocolate Milka Choco Pause Oreo Oblea Bañada 45 g,Milka,1590,1590,False,https://www.jumbo.cl/milka-cp-oreo-2037550/p,https://jumbocl.vteximg.com.br/arquivos/ids/544284-250-250/Chocolate-Milka-Choco-Pause-Oreo-Oblea-Ba%C3%B1ada-45-g.jpg?v=638992673216000000,Chocolates y Tentaciones,https://www.jumbo.cl/chocolates-galletas-y-snacks/chocolates/chocolates-y-tentaciones,https://bff.jumbo.cl/catalog/plp,3,2026-02-26T18:10:06
128244,Pack Chocolates M&M's Caramel Singles 40 g 24 un.,M&M's,27600,27600,False,https://www.jumbo.cl/chocolate-m-and-ms-caramel-singles-40gx24-1970359-pak/p,https://jumbocl.vteximg.com.br/arquivos/ids/394342-250-250/Pack-24-Chocolates-M-Ms-Caramel-Singles-40-g.jpg?v=638776878459870000,Chocolates y Tentaciones,https://www.jumbo.cl/chocolates-galletas-y-snacks/chocolates/chocolates-y-tentaciones,https://bff.jumbo.cl/catalog/plp,3,2026-02-26T18:10:06
118984,Chocolate de Leche Entrelagos Submarinos 160 g,Entrelagos,8390,8390,False,https://www.jumbo.cl/cj-4-submarinos-leche-entrelagos-160gr-1938678/p,https://jumbocl.vteximg.com.br/arquivos/ids/384349-250-250/Caja-4-submarinos-chocolate-leche-160-g.jpg?v=638776839693430000,Chocolates y Tentaciones,https://www.jumbo.cl/chocolates-galletas-y-snacks/chocolates/chocolates-y-tentaciones,https://bff.jumbo.cl/catalog/plp,3,2026-02-26T18:10:06
153694,Chocolate Milky Way Fun Size 5 Pack 75 g,Milky Way,1890,1890,False,https://www.jumbo.cl/chocolate-milky-way-fun-size-5-pack-75g-2037502/p,https://jumbocl.vteximg.com.br/arquivos/ids/491912-250-250/Chocolate-Milky-Way-Fun-Size-5-Pack-75-g.jpg?v=638905693590830000,Chocolates y Tentaciones,https://www.jumbo.cl/chocolates-galletas-y-snacks/chocolates/chocolates-y-tentaciones,https://bff.jumbo.cl/catalog/plp,3,2026-02-26T18:10:06
156411,Chocolate Bon O Bon Avellanas Doypack,Bon O Bon,1690,2450,True,https://www.jumbo.cl/chocolate-bon-o-bon-avellanas-doypack-2051497/p,https://jumbocl.vteximg.com.br/arquivos/ids/509540-250-250/Bon-o-Bon-Avellanas-Doypack-138-g.jpg?v=638935720825500000,Chocolates y Tentaciones,https://www.jumbo.cl/chocolates-galletas-y-snacks/chocolates/chocolates-y-tentaciones,https://bff.jumbo.cl/catalog/plp,3,2026-02-26T18:10:06
159534,Chocolate Twix Galleta y Caramelo 50.7 g,Twix,1390,1390,False,https://www.jumbo.cl/twix-singles-1666834/p,https://jumbocl.vteximg.com.br/arquivos/ids/536452-250-250/Chocolate-Twix-Galleta-y-Caramelo-507-g.jpg?v=638983811915370000,Chocolates y Tentaciones,https://www.jumbo.cl/chocolates-galletas-y-snacks/chocolates/chocolates-y-tentaciones,https://bff.jumbo.cl/catalog/plp,3,2026-02-26T18:10:06
136988,Almendras Bañadas con Chocolate Salzburgo Sin Azúcar 103 g,Salzburgo,5093,6790,True,https://www.jumbo.cl/gragea-almendra-leche-s-azucar-103gr-1997631/p,https://jumbocl.vteximg.com.br/arquivos/ids/327254-250-250/Almendras-Ba%C3%B1adas-Con-Chocolate-Salzburgo-Sin-Azucar-103-g.jpg?v=638776429867900000,Chocolates y Tentaciones,https://www.jumbo.cl/chocolates-galletas-y-snacks/chocolates/chocolates-y-tentaciones,https://bff.jumbo.cl/catalog/plp,3,2026-02-26T18:10:06
113211,Chocolates Rolls Crocante 100 g,Costa,1490,1990,True,https://www.jumbo.cl/rolls-crocante-costa-100-gr-1926387/p,https://jumbocl.vteximg.com.br/arquivos/ids/380460-250-250/ROLLS-CROCANTE-COSTA-100-GR.jpg?v=638776823317430000,Chocolates y Tentaciones,https://www.jumbo.cl/chocolates-galletas-y-snacks/chocolates/chocolates-y-tentaciones,https://bff.jumbo.cl/catalog/plp,3,2026-02-26T18:10:06
137763,Arroz Crocante In Kat Crunch 80 g,Calaf,1000,1000,False,https://www.jumbo.cl/inkat-crunch-80-gr-1997226/p,https://jumbocl.vteximg.com.br/arquivos/ids/329069-250-250/Inkat-Crunch-80-g.jpg?v=638776431493470000,Chocolates y Tentaciones,https://www.jumbo.cl/chocolates-galletas-y-snacks/chocolates/chocolates-y-tentaciones,https://bff.jumbo.cl/catalog/plp,3,2026-02-26T18:10:06
108445,Reese's White Hershey's 39 g,Hershey's,1350,1350,False,https://www.jumbo.cl/cup-resses-white-hersheyys-39g-1898846/p,https://jumbocl.vteximg.com.br/arquivos/ids/376982-250-250/CUP-RESSES-WHITE-HERSHEY%C3%9DS-39G.jpg?v=638776809866530000,Chocolates y Tentaciones,https://www.jumbo.cl/chocolates-galletas-y-snacks/chocolates/chocolates-y-tentaciones,https://bff.jumbo.cl/catalog/plp,3,2026-02-26T18:10:06
122250,Chocolate Barra Reese's Nutrageous 47 g,Hershey's,1490,1490,False,https://www.jumbo.cl/mini-hersheys-294g-1950857/p,https://jumbocl.vteximg.com.br/arquivos/ids/426687-250-250/1950857-01_644113.jpg?v=638810994223630000,Chocolates y Tentaciones,https://www.jumbo.cl/chocolates-galletas-y-snacks/chocolates/chocolates-y-tentaciones,https://bff.jumbo.cl/catalog/plp,3,2026-02-26T18:10:06
140632,Rocklets Maíz 130 g,Arcor,2150,2150,False,https://www.jumbo.cl/rocklets-maiz-130-g-2002693/p,https://jumbocl.vteximg.com.br/arquivos/ids/334659-250-250/Rocklets-Maiz-130-g.jpg?v=638776435811530000,Chocolates y Tentaciones,https://www.jumbo.cl/chocolates-galletas-y-snacks/chocolates/chocolates-y-tentaciones,https://bff.jumbo.cl/catalog/plp,3,2026-02-26T18:10:06
122276,Cups de Chocolates Reeses´s con Mantequilla de Maní 297 g,Hershey's,7590,7590,False,https://www.jumbo.cl/mini-resses-hersheys-297g-1950858/p,https://jumbocl.vteximg.com.br/arquivos/ids/388125-250-250/Mini-Reese-s-297-g.jpg?v=638776854581430000,Chocolates y Tentaciones,https://www.jumbo.cl/chocolates-galletas-y-snacks/chocolates/chocolates-y-tentaciones,https://bff.jumbo.cl/catalog/plp,3,2026-02-26T18:10:06
59732,Chocolate de Leche Kinder Bueno 129 g,Kinder,6390,6390,False,https://www.jumbo.cl/chocolate-kinder-bueno-6g-2/p,https://jumbocl.vteximg.com.br/arquivos/ids/360564-250-250/Chocolate-Kinder-Bueno-6-g.jpg?v=638776733223230000,Chocolates y Tentaciones,https://www.jumbo.cl/chocolates-galletas-y-snacks/chocolates/chocolates-y-tentaciones,https://bff.jumbo.cl/catalog/plp,3,2026-02-26T18:10:06
122415,Barra Proteína Maní Cacao En Linea 5 un. 250 g,En Línea,6890,6890,False,https://www.jumbo.cl/barra-mani-proteina-cacao-250gr-enlinea-1955035/p,https://jumbocl.vteximg.com.br/arquivos/ids/388235-250-250/Barra-mani-proteina-250-g.jpg?v=638776855013800000,Chocolates y Tentaciones,https://www.jumbo.cl/chocolates-galletas-y-snacks/chocolates/chocolates-y-tentaciones,https://bff.jumbo.cl/catalog/plp,3,2026-02-26T18:10:06
137740,Arroz Crocante In Kat Crunch Maní 80 g,Calaf,1000,1000,False,https://www.jumbo.cl/inkat-crunch-mani-80-gr-1997225/p,https://jumbocl.vteximg.com.br/arquivos/ids/329025-250-250/Inkat-Crunch-Mani-80-g.jpg?v=638776431461370000,Chocolates y Tentaciones,https://www.jumbo.cl/chocolates-galletas-y-snacks/chocolates/chocolates-y-tentaciones,https://bff.jumbo.cl/catalog/plp,3,2026-02-26T18:10:06
162811,Huevitos Chocolate Trencito Bolsa 200 g,Trencito,6990,6990,False,https://www.jumbo.cl/chocolate-huevo-bo-2060945/p,https://jumbocl.vteximg.com.br/arquivos/ids/566118-250-250/Chocolate-Huevo-Bol-Pascua-Trencito-200-g.jpg?v=639043919151730000,Chocolates y Tentaciones,https://www.jumbo.cl/chocolates-galletas-y-snacks/chocolates/chocolates-y-tentaciones,https://bff.jumbo.cl/catalog/plp,3,2026-02-26T18:10:06
162806,Canasta Surtida con Gallina de Chocolate 290 g,Entrelagos,16990,16990,False,https://www.jumbo.cl/chocolate-canasta-2060942/p,https://jumbocl.vteximg.com.br/arquivos/ids/563354-250-250/Chocolate-Canasta-Surtido-Gallina-290-g.jpg?v=639035296873130000,Chocolates y Tentaciones,https://www.jumbo.cl/chocolates-galletas-y-snacks/chocolates/chocolates-y-tentaciones,https://bff.jumbo.cl/catalog/plp,3,2026-02-26T18:10:06
3644,Chocolate de Leche Costa Milk Sin Azúcar 80 g,Costa,3350,3350,False,https://www.jumbo.cl/chocolate-excellence-leche-costa-80-g-2/p,https://jumbocl.vteximg.com.br/arquivos/ids/346856-250-250/Chocolate-Excellence-Leche-80-g.jpg?v=638776464091030000,Chocolates sin Azúcar,https://www.jumbo.cl/chocolates-galletas-y-snacks/chocolates/chocolates-sin-azucar,https://bff.jumbo.cl/catalog/plp,1,2026-02-26T18:10:12
71306,Chocolate Amargo en Linea Sin Azúcar Añadida 85% Cacao 50 g,En Línea,2990,2990,False,https://www.jumbo.cl/chocolate-en-linea-85-cacao-50-g/p,https://jumbocl.vteximg.com.br/arquivos/ids/362305-250-250/Chocolate-En-Linea-85--cacao-50-g.jpg?v=638776742304500000,Chocolates sin Azúcar,https://www.jumbo.cl/chocolates-galletas-y-snacks/chocolates/chocolates-sin-azucar,https://bff.jumbo.cl/catalog/plp,1,2026-02-26T18:10:12
92447,Chocolate Amargo En linea Sin Azúcar Añadida 60% Cacao 50 g,En Línea,2950,2950,False,https://www.jumbo.cl/chocolate-60-cacao-50-g/p,https://jumbocl.vteximg.com.br/arquivos/ids/367791-250-250/Chocolate-60--cacao-50-g.jpg?v=638776769481000000,Chocolates sin Azúcar,https://www.jumbo.cl/chocolates-galletas-y-snacks/chocolates/chocolates-sin-azucar,https://bff.jumbo.cl/catalog/plp,1,2026-02-26T18:10:12
71307,Chocolate de Leche en Linea con Almendras Nuss Sin Azúcar Añadida 50 g,En Línea,2890,2890,False,https://www.jumbo.cl/chocolate-en-linea-nuss-50-g/p,https://jumbocl.vteximg.com.br/arquivos/ids/362306-250-250/Chocolate-En-Linea-nuss-50-g.jpg?v=638776742304800000,Chocolates sin Azúcar,https://www.jumbo.cl/chocolates-galletas-y-snacks/chocolates/chocolates-sin-azucar,https://bff.jumbo.cl/catalog/plp,1,2026-02-26T18:10:12
146740,Almendras Cubiertas En Linea 85% Cacao Sin Azúcar 100 g,En Línea,4590,4590,False,https://www.jumbo.cl/almendra-cacao-85-100g-2018254/p,https://jumbocl.vteximg.com.br/arquivos/ids/420666-250-250/Almendras-Cubiertas-En-Linea-85--Cacao-Sin-Azucar-100-g.jpg?v=638809552196000000,Chocolates sin Azúcar,https://www.jumbo.cl/chocolates-galletas-y-snacks/chocolates/chocolates-sin-azucar,https://bff.jumbo.cl/catalog/plp,1,2026-02-26T18:10:12
97798,Almendras Bañadas con Cacao En Línea Sin Azúcar Añadida 100 g,En Línea,4690,4690,False,https://www.jumbo.cl/chocolate-con-almendra-en-linea-100-gr-1858629/p,https://jumbocl.vteximg.com.br/arquivos/ids/370237-250-250/Chocolate-con-almendras-100-g.jpg?v=638776781300800000,Chocolates sin Azúcar,https://www.jumbo.cl/chocolates-galletas-y-snacks/chocolates/chocolates-sin-azucar,https://bff.jumbo.cl/catalog/plp,1,2026-02-26T18:10:12
18933,Chocolate Amargo Guylian Sin Azúcar 84% Cacao 100 g,Guylian,4760,5950,True,https://www.jumbo.cl/chocolate-amargo-guylian-100-g-sin-azucar/p,https://jumbocl.vteximg.com.br/arquivos/ids/304195-250-250/Chocolate-amargo-Guylian-100-g-sin-azucar.jpg?v=638776379424600000,Chocolates sin Azúcar,https://www.jumbo.cl/chocolates-galletas-y-snacks/chocolates/chocolates-sin-azucar,https://bff.jumbo.cl/catalog/plp,1,2026-02-26T18:10:12
119398,Chocolate Mixto Entrelagos Puro Sin Azúcar 185 g,Entrelagos,14690,14690,False,https://www.jumbo.cl/caja-mix-chocolates-puro-s-a-185g-1937847/p,https://jumbocl.vteximg.com.br/arquivos/ids/568177-250-250/Chocolate-Mixto-Entrelagos-Puro-Sin-Azucar-185-g.jpg?v=639050340003600000,Chocolates sin Azúcar,https://www.jumbo.cl/chocolates-galletas-y-snacks/chocolates/chocolates-sin-azucar,https://bff.jumbo.cl/catalog/plp,1,2026-02-26T18:10:12
3639,Chocolate de Leche Costa Nuss Sin Azúcar 110 g,Costa,3250,3250,False,https://www.jumbo.cl/chocolate-costa-barra-110-g-costanuss-almendras-libre-de-azucar-2/p,https://jumbocl.vteximg.com.br/arquivos/ids/346850-250-250/Chocolate-Barra-110-g-CostaNuss-Almendras-Libre-de-azucar.jpg?v=638776464034130000,Chocolates sin Azúcar,https://www.jumbo.cl/chocolates-galletas-y-snacks/chocolates/chocolates-sin-azucar,https://bff.jumbo.cl/catalog/plp,1,2026-02-26T18:10:12
97667,Rolls En Línea Sin Azúcar Añadida 90 g,En Línea,3490,3490,False,https://www.jumbo.cl/rolls-en-linea-90-gr-1858628/p,https://jumbocl.vteximg.com.br/arquivos/ids/370140-250-250/Rolls-en-linea-90-g.jpg?v=638776780752930000,Chocolates sin Azúcar,https://www.jumbo.cl/chocolates-galletas-y-snacks/chocolates/chocolates-sin-azucar,https://bff.jumbo.cl/catalog/plp,1,2026-02-26T18:10:12
137023,Chocolate de Leche Salzburgo Sin Azúcar 102 g,Salzburgo,6263,8350,True,https://www.jumbo.cl/chocolate-macizo-leche-sin-azucar-102grs-1997626/p,https://jumbocl.vteximg.com.br/arquivos/ids/328019-250-250/Chocolate-de-Leche-Salzburgo-Sin-Azucar-102-g.jpg?v=638776430479300000,Chocolates sin Azúcar,https://www.jumbo.cl/chocolates-galletas-y-snacks/chocolates/chocolates-sin-azucar,https://bff.jumbo.cl/catalog/plp,1,2026-02-26T18:10:12
30722,Bombones Entrelagos Sin Azúcar 162 g,Entrelagos,14990,14990,False,https://www.jumbo.cl/bombon-entrelagos-sin-azucar-180-g/p,https://jumbocl.vteximg.com.br/arquivos/ids/307220-250-250/Bombones-Entrelagos-Sin-Azucar-162-g.jpg?v=638776384072100000,Chocolates sin Azúcar,https://www.jumbo.cl/chocolates-galletas-y-snacks/chocolates/chocolates-sin-azucar,https://bff.jumbo.cl/catalog/plp,1,2026-02-26T18:10:12
3730,Chocolate de Leche Valor Sin Azúcar 100 g,Valor,4590,4590,False,https://www.jumbo.cl/chocolate-de-leche-valor-100-g/p,https://jumbocl.vteximg.com.br/arquivos/ids/299899-250-250/Chocolate-de-Leche-Valor-Sin-Azucar-100-g.jpg?v=638776371361600000,Chocolates sin Azúcar,https://www.jumbo.cl/chocolates-galletas-y-snacks/chocolates/chocolates-sin-azucar,https://bff.jumbo.cl/catalog/plp,1,2026-02-26T18:10:12
92507,Chocolate de Leche Valor con Avellanas Sin Azúcar 100 g,Valor,4490,4490,False,https://www.jumbo.cl/chocolate-relleno-leche-avellana-sin-azucar-100-g/p,https://jumbocl.vteximg.com.br/arquivos/ids/407088-250-250/Chocolate-de-Leche-Valor-Con-Avellanas-Sin-Azucar-100-g.jpg?v=638784498770500000,Chocolates sin Azúcar,https://www.jumbo.cl/chocolates-galletas-y-snacks/chocolates/chocolates-sin-azucar,https://bff.jumbo.cl/catalog/plp,1,2026-02-26T18:10:12
18932,Chocolate de Leche Guylian Sin Azúcar 100 g,Guylian,4760,5950,True,https://www.jumbo.cl/chocolate-de-leche-guylian-100-g-sin-azucar/p,https://jumbocl.vteximg.com.br/arquivos/ids/304189-250-250/Chocolate-de-leche-Guylian-100-g-sin-azucar.jpg?v=638776379396330000,Chocolates sin Azúcar,https://www.jumbo.cl/chocolates-galletas-y-snacks/chocolates/chocolates-sin-azucar,https://bff.jumbo.cl/catalog/plp,1,2026-02-26T18:10:12
3731,Chocolate de Leche Valor con Almendras Sin Azúcar 150 g,Valor,6190,6190,False,https://www.jumbo.cl/chocolate-leche-y-almendras-valor-100-g/p,https://jumbocl.vteximg.com.br/arquivos/ids/299910-250-250/Chocolate-de-Leche-Valor-Con-Almendras-Sin-Azucar-150-g.jpg?v=638776371391670000,Chocolates sin Azúcar,https://www.jumbo.cl/chocolates-galletas-y-snacks/chocolates/chocolates-sin-azucar,https://bff.jumbo.cl/catalog/plp,1,2026-02-26T18:10:12
163240,Bombones Chocolate Entrelagos Pudú Sin Azúcar Caja Madera 168 g,Merci Chef,15990,15990,False,https://www.jumbo.cl/caja-chocolate-2062110/p,https://jumbocl.vteximg.com.br/arquivos/ids/566134-250-250/CAJA-CHOCOLATE.jpg?v=639043919240330000,Chocolates sin Azúcar,https://www.jumbo.cl/chocolates-galletas-y-snacks/chocolates/chocolates-sin-azucar,https://bff.jumbo.cl/catalog/plp,1,2026-02-26T18:10:12
33366,Chocolate Mixto Entrelagos Napolitanas Sin Azúcar 120 g,Entrelagos,8190,8190,False,https://www.jumbo.cl/chocolate-entrelagos-napolitanas-sin-azucar-120-g/p,https://jumbocl.vteximg.com.br/arquivos/ids/356692-250-250/Principal-32275.jpg?v=638776713999500000,Chocolates sin Azúcar,https://www.jumbo.cl/chocolates-galletas-y-snacks/chocolates/chocolates-sin-azucar,https://bff.jumbo.cl/catalog/plp,1,2026-02-26T18:10:12
60546,Chocolate Merello Lenguas de Gato Sin Azúcar 95 g,Merello,7490,7490,False,https://www.jumbo.cl/choc-merello-lenguas-de-gato-s-azu-95g/p,https://jumbocl.vteximg.com.br/arquivos/ids/360757-250-250/Chocolate-lenguas-de-gato-sin-azucar-85-g.jpg?v=638776733880600000,Chocolates sin Azúcar,https://www.jumbo.cl/chocolates-galletas-y-snacks/chocolates/chocolates-sin-azucar,https://bff.jumbo.cl/catalog/plp,1,2026-02-26T18:10:12
163239,Chocolate Puro Entrelagos Sin Azúcar Caja 83 g,Quescream,6290,6290,False,https://www.jumbo.cl/caja-chocolate-2062109/p,https://jumbocl.vteximg.com.br/arquivos/ids/566133-250-250/CAJA-CHOCOLATE.jpg?v=639043919232430000,Chocolates sin Azúcar,https://www.jumbo.cl/chocolates-galletas-y-snacks/chocolates/chocolates-sin-azucar,https://bff.jumbo.cl/catalog/plp,1,2026-02-26T18:10:12
162805,Conejo de Chocolate Mira Sin Azúcar 120 g,Entrelagos,9990,9990,False,https://www.jumbo.cl/chocolate-conejo-m-2060941/p,https://jumbocl.vteximg.com.br/arquivos/ids/584035-250-250/Conejo-de-Chocolate-Mira-Sin-Azucar-120-g.jpg?v=639076276446370000,Chocolates sin Azúcar,https://www.jumbo.cl/chocolates-galletas-y-snacks/chocolates/chocolates-sin-azucar,https://bff.jumbo.cl/catalog/plp,1,2026-02-26T18:10:12
150348,Pack 2 un. Galleta Tritón Sabor Vainilla 95 g,Triton Mckay,1000,1390,True,https://www.jumbo.cl/galleta-bipack-vai-2039858/p,https://jumbocl.vteximg.com.br/arquivos/ids/458926-250-250/GALLETA-BIPACK-VAI.jpg?v=638863171076600000,Galletas Rellenas y Bañadas,https://www.jumbo.cl/chocolates-galletas-y-snacks/galletas-dulces/galletas-rellenas-y-banadas,https://bff.jumbo.cl/catalog/plp,1,2026-02-26T18:10:18
149236,Pack 3 un. Galleta Triton Vainilla 116 g,Triton Mckay,2500,2500,False,https://www.jumbo.cl/galleta-tripack-2033069/p,https://jumbocl.vteximg.com.br/arquivos/ids/444710-250-250/GALLETA-TRIPACK.jpg?v=638836335207630000,Galletas Rellenas y Bañadas,https://www.jumbo.cl/chocolates-galletas-y-snacks/galletas-dulces/galletas-rellenas-y-banadas,https://bff.jumbo.cl/catalog/plp,1,2026-02-26T18:10:18
148798,Galleta Triton Vainilla 116 g,Triton Mckay,900,900,False,https://www.jumbo.cl/galleta-triton-vai-2033066/p,https://jumbocl.vteximg.com.br/arquivos/ids/434536-250-250/Galleta-Triton-Vainilla-116-g.jpg?v=638823547989600000,Galletas Rellenas y Bañadas,https://www.jumbo.cl/chocolates-galletas-y-snacks/galletas-dulces/galletas-rellenas-y-banadas,https://bff.jumbo.cl/catalog/plp,1,2026-02-26T18:10:18
150349,Pack 2 un. Galleta Tritón Sabor Chocolate 95 g,Triton Mckay,1000,1390,True,https://www.jumbo.cl/galleta-bipack-cho-2039859/p,https://jumbocl.vteximg.com.br/arquivos/ids/458927-250-250/GALLETA-BIPACK-CHO.jpg?v=638863171086270000,Galletas Rellenas y Bañadas,https://www.jumbo.cl/chocolates-galletas-y-snacks/galletas-dulces/galletas-rellenas-y-banadas,https://bff.jumbo.cl/catalog/plp,1,2026-02-26T18:10:18
153040,Pack 3 un. Galleta Triton Sabor Chocolate 116 g,Triton Mckay,2500,2500,False,https://www.jumbo.cl/galleta-tripack-triton-chocolate-348gr-2041541/p,https://jumbocl.vteximg.com.br/arquivos/ids/478687-250-250/GALLETA-TRIPACK-TRITON-CHOCOLATE-348GR.jpg?v=638877184148000000,Galletas Rellenas y Bañadas,https://www.jumbo.cl/chocolates-galletas-y-snacks/galletas-dulces/galletas-rellenas-y-banadas,https://bff.jumbo.cl/catalog/plp,1,2026-02-26T18:10:18
139666,Galleta Frac Chocolate 110 g,Costa,820,820,False,https://www.jumbo.cl/galleta-frac-chocolate-110gr-2004369/p,https://jumbocl.vteximg.com.br/arquivos/ids/333001-250-250/Galleta-Frac-Chocolate-110-g.jpg?v=638776434500800000,Galletas Rellenas y Bañadas,https://www.jumbo.cl/chocolates-galletas-y-snacks/galletas-dulces/galletas-rellenas-y-banadas,https://bff.jumbo.cl/catalog/plp,1,2026-02-26T18:10:18
4006,Galletas Griesson Duo Chocolate 500 g,Griesson Duo,3490,3490,False,https://www.jumbo.cl/galletas-griesson-500-g-crema-de-cacao/p,https://jumbocl.vteximg.com.br/arquivos/ids/299908-250-250/Galletas-duo-chocolate-500-g.jpg?v=638776371388370000,Galletas Rellenas y Bañadas,https://www.jumbo.cl/chocolates-galletas-y-snacks/galletas-dulces/galletas-rellenas-y-banadas,https://bff.jumbo.cl/catalog/plp,1,2026-02-26T18:10:18
115631,Galletas Oreo Rollo Sabor Original 108 g,Oreo,850,850,False,https://www.jumbo.cl/galleta-oreo-regular-108-gr-1932773/p,https://jumbocl.vteximg.com.br/arquivos/ids/563450-250-250/Galletas-Oreo-Rollo-Sabor-Original-108-g.jpg?v=639036608874930000,Galletas Rellenas y Bañadas,https://www.jumbo.cl/chocolates-galletas-y-snacks/galletas-dulces/galletas-rellenas-y-banadas,https://bff.jumbo.cl/catalog/plp,1,2026-02-26T18:10:18
149240,Galleta Trencito Chocobiscuit Leche 78 g,Trencito,1790,1790,False,https://www.jumbo.cl/galleta-trencito-2036596/p,https://jumbocl.vteximg.com.br/arquivos/ids/444714-250-250/GALLETA-TRENCITO.jpg?v=638836335232100000,Galletas Rellenas y Bañadas,https://www.jumbo.cl/chocolates-galletas-y-snacks/galletas-dulces/galletas-rellenas-y-banadas,https://bff.jumbo.cl/catalog/plp,2,2026-02-26T18:10:22
3926,Galletas Donuts Chocolate 100 g,Costa,1190,1450,True,https://www.jumbo.cl/galletas-dulces-costa-100-g-donuts-chocolate-de-leche/p,https://jumbocl.vteximg.com.br/arquivos/ids/347032-250-250/Galletas-Donuts-leche-100-g.jpg?v=638776466150270000,Galletas Rellenas y Bañadas,https://www.jumbo.cl/chocolates-galletas-y-snacks/galletas-dulces/galletas-rellenas-y-banadas,https://bff.jumbo.cl/catalog/plp,1,2026-02-26T18:10:18
139658,Galleta Frac Vainilla 110 g,Costa,820,820,False,https://www.jumbo.cl/galleta-frac-vainilla-110-gr-2004367/p,https://jumbocl.vteximg.com.br/arquivos/ids/332583-250-250/Galleta-Frac-Vainilla-110-g.jpg?v=638776434180100000,Galletas Rellenas y Bañadas,https://www.jumbo.cl/chocolates-galletas-y-snacks/galletas-dulces/galletas-rellenas-y-banadas,https://bff.jumbo.cl/catalog/plp,1,2026-02-26T18:10:18
3940,Galletas Obsesión Clásica 85 g,Costa,1290,1290,False,https://www.jumbo.cl/galletas-dulces-costa-85-g-obsesion/p,https://jumbocl.vteximg.com.br/arquivos/ids/347044-250-250/Galletas-Obsesion-85-g.jpg?v=638776466312630000,Galletas Rellenas y Bañadas,https://www.jumbo.cl/chocolates-galletas-y-snacks/galletas-dulces/galletas-rellenas-y-banadas,https://bff.jumbo.cl/catalog/plp,1,2026-02-26T18:10:18
148800,Galleta Triton Naranja 116 g,Triton Mckay,900,900,False,https://www.jumbo.cl/galleta-triton-nar-2033068/p,https://jumbocl.vteximg.com.br/arquivos/ids/434540-250-250/Galleta-Triton-Naranja-116-g.jpg?v=638823548022630000,Galletas Rellenas y Bañadas,https://www.jumbo.cl/chocolates-galletas-y-snacks/galletas-dulces/galletas-rellenas-y-banadas,https://bff.jumbo.cl/catalog/plp,1,2026-02-26T18:10:18
4147,Galleta Dos en Uno Rigóchoc 113 g,Rigochoc Arcor,1390,1390,False,https://www.jumbo.cl/galletas-rigochoc-arcor-113-g-9-unid-banadas-chocolate-2/p,https://jumbocl.vteximg.com.br/arquivos/ids/523965-250-250/Galleta-Dos-en-Uno-Rigochoc-113-g.jpg?v=638959917441000000,Galletas Rellenas y Bañadas,https://www.jumbo.cl/chocolates-galletas-y-snacks/galletas-dulces/galletas-rellenas-y-banadas,https://bff.jumbo.cl/catalog/plp,1,2026-02-26T18:10:18
3952,Galletas Gretel Chocolate 85 g,Costa,1450,1450,False,https://www.jumbo.cl/galletas-gretel-costa-85-g-rellenas-con-crema-de-chocolate-2/p,https://jumbocl.vteximg.com.br/arquivos/ids/347053-250-250/Galletas-Gretel-rellenas-con-chocolate-85-g.jpg?v=638776466433430000,Galletas Rellenas y Bañadas,https://www.jumbo.cl/chocolates-galletas-y-snacks/galletas-dulces/galletas-rellenas-y-banadas,https://bff.jumbo.cl/catalog/plp,1,2026-02-26T18:10:18
139659,Galleta Frac Clásica 110 g,Costa,820,820,False,https://www.jumbo.cl/galleta-frac-clasica-110-gr-2004368/p,https://jumbocl.vteximg.com.br/arquivos/ids/332620-250-250/Galleta-Frac-Clasica-110-g.jpg?v=638776434205270000,Galletas Rellenas y Bañadas,https://www.jumbo.cl/chocolates-galletas-y-snacks/galletas-dulces/galletas-rellenas-y-banadas,https://bff.jumbo.cl/catalog/plp,1,2026-02-26T18:10:18
3927,Galletas Donuts Orange Bitter 100 g,Costa,1190,1450,True,https://www.jumbo.cl/galletas-dulces-costa-100-g-donuts-orange-bitter/p,https://jumbocl.vteximg.com.br/arquivos/ids/347033-250-250/Galletas-Donuts-Orange-bitter-100-g.jpg?v=638776466163500000,Galletas Rellenas y Bañadas,https://www.jumbo.cl/chocolates-galletas-y-snacks/galletas-dulces/galletas-rellenas-y-banadas,https://bff.jumbo.cl/catalog/plp,1,2026-02-26T18:10:18
4026,Galletas Bocaditos 300 g,Dos en Uno,2590,2590,False,https://www.jumbo.cl/galletas-holanda-dos-en-uno-bolsa-300-g-bocaditos-con-mermelada-de-membrillo/p,https://jumbocl.vteximg.com.br/arquivos/ids/347082-250-250/Galletas-300-g.jpg?v=638776466839200000,Galletas Rellenas y Bañadas,https://www.jumbo.cl/chocolates-galletas-y-snacks/galletas-dulces/galletas-rellenas-y-banadas,https://bff.jumbo.cl/catalog/plp,1,2026-02-26T18:10:18
112461,Galletas Wafers Cuisine & Co Chocolate 150 g,Cuisine & Co,1000,1590,True,https://www.jumbo.cl/galleta-wafers-chocolate-cuisine-and-co-150g-1904036/p,https://jumbocl.vteximg.com.br/arquivos/ids/379700-250-250/Galletas-wafers-chocolate-150-g.jpg?v=638776820216770000,Galletas Rellenas y Bañadas,https://www.jumbo.cl/chocolates-galletas-y-snacks/galletas-dulces/galletas-rellenas-y-banadas,https://bff.jumbo.cl/catalog/plp,1,2026-02-26T18:10:18
3884,Galleta Bon O Bon 95 g,Arcor,1290,1600,True,https://www.jumbo.cl/galletas-arcor-95-g-bon-o-bon/p,https://jumbocl.vteximg.com.br/arquivos/ids/523430-250-250/Galleta-Bon-O-Bon-95-g.jpg?v=638959915903070000,Galletas Rellenas y Bañadas,https://www.jumbo.cl/chocolates-galletas-y-snacks/galletas-dulces/galletas-rellenas-y-banadas,https://bff.jumbo.cl/catalog/plp,1,2026-02-26T18:10:18
18870,Rollitos de Barquillos Gottena Choco Rolls 125 g,Gottena,1890,3190,True,https://www.jumbo.cl/galleta-gustino-125-g-sabor-choco-rolls/p,https://jumbocl.vteximg.com.br/arquivos/ids/304135-250-250/Galletas-choco-rolls-125-g.jpg?v=638776379148200000,Galletas Rellenas y Bañadas,https://www.jumbo.cl/chocolates-galletas-y-snacks/galletas-dulces/galletas-rellenas-y-banadas,https://bff.jumbo.cl/catalog/plp,1,2026-02-26T18:10:18
3942,Galletas Donuts Coco Crunch 95 g,Costa,1190,1450,True,https://www.jumbo.cl/galletas-dulces-costa-95-g-individual-donuts-coco-crunch-2/p,https://jumbocl.vteximg.com.br/arquivos/ids/347046-250-250/Galletas-Donuts-coco-crunch-95-g.jpg?v=638776466339930000,Galletas Rellenas y Bañadas,https://www.jumbo.cl/chocolates-galletas-y-snacks/galletas-dulces/galletas-rellenas-y-banadas,https://bff.jumbo.cl/catalog/plp,1,2026-02-26T18:10:18
3928,Galletas Tuareg Coco 120 g,Costa,730,730,False,https://www.jumbo.cl/galletas-dulces-costa-120-g-tuareg/p,https://jumbocl.vteximg.com.br/arquivos/ids/347034-250-250/Galletas-Tuareg-120-g.jpg?v=638776466176500000,Galletas Rellenas y Bañadas,https://www.jumbo.cl/chocolates-galletas-y-snacks/galletas-dulces/galletas-rellenas-y-banadas,https://bff.jumbo.cl/catalog/plp,1,2026-02-26T18:10:18
106025,Galleta Rellena Chokita Bañada Chocolate 300 g 10 un.,Chokita,3590,4490,True,https://www.jumbo.cl/galleta-chokita-mckay-10-un-300-gr-1898634/p,https://jumbocl.vteximg.com.br/arquivos/ids/375497-250-250/1898634-01_610808.jpg?v=638776803909170000,Galletas Rellenas y Bañadas,https://www.jumbo.cl/chocolates-galletas-y-snacks/galletas-dulces/galletas-rellenas-y-banadas,https://bff.jumbo.cl/catalog/plp,1,2026-02-26T18:10:18
4007,Galletas Griesson Duo Vainilla 500 g,Griesson Duo,3490,3490,False,https://www.jumbo.cl/galletas-griesson-500-g-crema-de-vainilla/p,https://jumbocl.vteximg.com.br/arquivos/ids/299923-250-250/Galletas-duo-vainilla-500-g.jpg?v=638776371416500000,Galletas Rellenas y Bañadas,https://www.jumbo.cl/chocolates-galletas-y-snacks/galletas-dulces/galletas-rellenas-y-banadas,https://bff.jumbo.cl/catalog/plp,1,2026-02-26T18:10:18
113175,Galletas Delicias Receta de La Abuela 220 g,Arcor,2490,2490,False,https://www.jumbo.cl/galletas-delicias-rec-de-la-abuela-220-g-1926087/p,https://jumbocl.vteximg.com.br/arquivos/ids/380404-250-250/Galletas-Delicias-Receta-de-la-Abuela-220-g.jpg?v=638776823104200000,Galletas Rellenas y Bañadas,https://www.jumbo.cl/chocolates-galletas-y-snacks/galletas-dulces/galletas-rellenas-y-banadas,https://bff.jumbo.cl/catalog/plp,1,2026-02-26T18:10:18
3941,Galletas Obsesión Maní 85 g,Costa,1450,1450,False,https://www.jumbo.cl/galletas-dulces-costa-85-g-obsesion-mani/p,https://jumbocl.vteximg.com.br/arquivos/ids/347045-250-250/537050.jpg?v=638776466324400000,Galletas Rellenas y Bañadas,https://www.jumbo.cl/chocolates-galletas-y-snacks/galletas-dulces/galletas-rellenas-y-banadas,https://bff.jumbo.cl/catalog/plp,1,2026-02-26T18:10:18
55115,Galletas Merba Apple Pie 225 g,Merba,3490,3490,False,https://www.jumbo.cl/galletas-merba-apple-pie-225-g/p,https://jumbocl.vteximg.com.br/arquivos/ids/308872-250-250/Galletas-apple-pie-225-g.jpg?v=638776387711500000,Galletas Rellenas y Bañadas,https://www.jumbo.cl/chocolates-galletas-y-snacks/galletas-dulces/galletas-rellenas-y-banadas,https://bff.jumbo.cl/catalog/plp,1,2026-02-26T18:10:18
127566,Galletas Trencito Cubierta de Chocolate 130 g,Trencito,1790,1790,False,https://www.jumbo.cl/galleta-cubierta-trencito-130gr-1968683/p,https://jumbocl.vteximg.com.br/arquivos/ids/393639-250-250/Galletas-Trencito-Cubierta-de-Chocolate-130-g.jpg?v=638776875448330000,Galletas Rellenas y Bañadas,https://www.jumbo.cl/chocolates-galletas-y-snacks/galletas-dulces/galletas-rellenas-y-banadas,https://bff.jumbo.cl/catalog/plp,1,2026-02-26T18:10:18
4005,Galletas Griesson con Chocolate Sticks 150 g,Griesson,2790,2790,False,https://www.jumbo.cl/galletas-griesson-150-g-en-forma-de-baston-cubiertos-de-chocolate/p,https://jumbocl.vteximg.com.br/arquivos/ids/300151-250-250/Galletas-con-chocolate-sticks-150-g.jpg?v=638776371875030000,Galletas Rellenas y Bañadas,https://www.jumbo.cl/chocolates-galletas-y-snacks/galletas-dulces/galletas-rellenas-y-banadas,https://bff.jumbo.cl/catalog/plp,1,2026-02-26T18:10:18
87431,Galletas Gottena Frambuesa Suave 300 g,Gottena,3990,3990,False,https://www.jumbo.cl/galleta-frambuesa-suave-300-g/p,https://jumbocl.vteximg.com.br/arquivos/ids/311703-250-250/Galletas-frambuesa-suave-300-g.jpg?v=638776394397330000,Galletas Rellenas y Bañadas,https://www.jumbo.cl/chocolates-galletas-y-snacks/galletas-dulces/galletas-rellenas-y-banadas,https://bff.jumbo.cl/catalog/plp,1,2026-02-26T18:10:18
115590,Galletas Oreo Rollo Sabor Cookies & Cream 108 g,Oreo,920,920,False,https://www.jumbo.cl/galleta-oreo-c-and-c-108-gr-1932468/p,https://jumbocl.vteximg.com.br/arquivos/ids/510445-250-250/Galletas-Oreo-Rollo-Sabor-Cookies---Cream-108-g.jpg?v=638940923054570000,Galletas Rellenas y Bañadas,https://www.jumbo.cl/chocolates-galletas-y-snacks/galletas-dulces/galletas-rellenas-y-banadas,https://bff.jumbo.cl/catalog/plp,1,2026-02-26T18:10:18
140120,Galleta Frac Bi Frutilla 110 g,Costa,820,820,False,https://www.jumbo.cl/galleta-frac-bi-frutilla-110gr-2004371/p,https://jumbocl.vteximg.com.br/arquivos/ids/334213-250-250/GALLETA-FRAC-BI-FRUTILLA-110GR.jpg?v=638776435487700000,Galletas Rellenas y Bañadas,https://www.jumbo.cl/chocolates-galletas-y-snacks/galletas-dulces/galletas-rellenas-y-banadas,https://bff.jumbo.cl/catalog/plp,1,2026-02-26T18:10:18
157579,Galletas Kuky 150 g,Mckay,1000,1390,True,https://www.jumbo.cl/galleta-kuky-150-gr-2052098/p,https://jumbocl.vteximg.com.br/arquivos/ids/516253-250-250/GALLETA-KUKY-150-GR.jpg?v=638947492824400000,Galletas Rellenas y Bañadas,https://www.jumbo.cl/chocolates-galletas-y-snacks/galletas-dulces/galletas-rellenas-y-banadas,https://bff.jumbo.cl/catalog/plp,1,2026-02-26T18:10:18
4133,Pack Galletas Oreo Sabor Original 36 g 6 un.,Oreo,2190,2190,False,https://www.jumbo.cl/sixpack-galleta-oreo-vainilla-6-unid-36-g-cu-2/p,https://jumbocl.vteximg.com.br/arquivos/ids/300158-250-250/Galletas-Oreo-Sabor-Original-Sixpack-de-36g-c-u.jpg?v=638776371891730000,Galletas Rellenas y Bañadas,https://www.jumbo.cl/chocolates-galletas-y-snacks/galletas-dulces/galletas-rellenas-y-banadas,https://bff.jumbo.cl/catalog/plp,1,2026-02-26T18:10:18
115343,Galletas Oreo Rollo Sabor Vainilla 108 g,Oreo,920,920,False,https://www.jumbo.cl/galleta-oreo-golden-108gr-1934087/p,https://jumbocl.vteximg.com.br/arquivos/ids/510458-250-250/Galletas-Oreo-Rollo-Sabor-Vainilla-108-g.jpg?v=638940923163100000,Galletas Rellenas y Bañadas,https://www.jumbo.cl/chocolates-galletas-y-snacks/galletas-dulces/galletas-rellenas-y-banadas,https://bff.jumbo.cl/catalog/plp,1,2026-02-26T18:10:18
112460,Galletas Wafers Cuisine & Co Avellana 150 g,Cuisine & Co,1000,1590,True,https://www.jumbo.cl/galleta-wafers-avellana-cuisine-and-co-150g-1904037/p,https://jumbocl.vteximg.com.br/arquivos/ids/379692-250-250/Galletas-wafers-avellana-150-g.jpg?v=638776820147670000,Galletas Rellenas y Bañadas,https://www.jumbo.cl/chocolates-galletas-y-snacks/galletas-dulces/galletas-rellenas-y-banadas,https://bff.jumbo.cl/catalog/plp,1,2026-02-26T18:10:18
112462,Galletas Wafers Cuisine & Co Coco 150 g,Cuisine & Co,1000,1590,True,https://www.jumbo.cl/galleta-wafers-coco-cuisine-and-co-150g-1904038/p,https://jumbocl.vteximg.com.br/arquivos/ids/379689-250-250/Galletas-wafers-coco-150-g.jpg?v=638776820146100000,Galletas Rellenas y Bañadas,https://www.jumbo.cl/chocolates-galletas-y-snacks/galletas-dulces/galletas-rellenas-y-banadas,https://bff.jumbo.cl/catalog/plp,1,2026-02-26T18:10:18
91859,Galletas Gustino Choco Rolls con Chocolate Amargo 125 g,Gustino,1890,3190,True,https://www.jumbo.cl/galleta-choco-rolls-amargo-gustino-125-g/p,https://jumbocl.vteximg.com.br/arquivos/ids/312288-250-250/Galletas-choco-rolls-con-chocolate-amargo-125-g.jpg?v=638776396079400000,Galletas Rellenas y Bañadas,https://www.jumbo.cl/chocolates-galletas-y-snacks/galletas-dulces/galletas-rellenas-y-banadas,https://bff.jumbo.cl/catalog/plp,1,2026-02-26T18:10:18
152951,Galleta Triton Sabor Frutilla 116 g,Triton Mckay,900,900,False,https://www.jumbo.cl/galleta-triton-2041416/p,https://jumbocl.vteximg.com.br/arquivos/ids/478680-250-250/GALLETA-TRITON.jpg?v=638877184106900000,Galletas Rellenas y Bañadas,https://www.jumbo.cl/chocolates-galletas-y-snacks/galletas-dulces/galletas-rellenas-y-banadas,https://bff.jumbo.cl/catalog/plp,1,2026-02-26T18:10:18
119045,Pack Galletas Oreo Sabor Original 108 g 3 un.,Oreo,2650,2650,False,https://www.jumbo.cl/galleta-oreo-tripack-nueva-324-gr-1938664/p,https://jumbocl.vteximg.com.br/arquivos/ids/316981-250-250/Galletas-Oreo-Pack-3x-sabor-Original-108g-c-u.jpg?v=638776410524900000,Galletas Rellenas y Bañadas,https://www.jumbo.cl/chocolates-galletas-y-snacks/galletas-dulces/galletas-rellenas-y-banadas,https://bff.jumbo.cl/catalog/plp,2,2026-02-26T18:10:22
4011,Galletas Matilde Vicenzi Grisbi Rellenas Sabor Chocolate 150 g,Matilde Vicenzi,1690,2990,True,https://www.jumbo.cl/galleta-classic-rellenas-de-chocolate-grisbi-vicenzi-150-g/p,https://jumbocl.vteximg.com.br/arquivos/ids/299953-250-250/Galletas-Grisbi-rellenas-sabor-chocolate-150-g.jpg?v=638776371471370000,Galletas Rellenas y Bañadas,https://www.jumbo.cl/chocolates-galletas-y-snacks/galletas-dulces/galletas-rellenas-y-banadas,https://bff.jumbo.cl/catalog/plp,2,2026-02-26T18:10:22
149238,Galletas Triton Intensa Sabor Vainilla 79 g,Mckay,690,690,False,https://www.jumbo.cl/galleta-triton-int-2035617/p,https://jumbocl.vteximg.com.br/arquivos/ids/479026-250-250/Galleta-Triton-Intensa-Sabor-Vainilla-79-g.jpg?v=638877533446000000,Galletas Rellenas y Bañadas,https://www.jumbo.cl/chocolates-galletas-y-snacks/galletas-dulces/galletas-rellenas-y-banadas,https://bff.jumbo.cl/catalog/plp,2,2026-02-26T18:10:22
3925,Galletas Donuts Chocolate Blanco 100 g,Costa,1190,1450,True,https://www.jumbo.cl/galletas-dulces-costa-100-g-donuts-chocolate-blanco/p,https://jumbocl.vteximg.com.br/arquivos/ids/347031-250-250/Galletas-Donuts-chocolate-blanco-100-g.jpg?v=638776466135200000,Galletas Rellenas y Bañadas,https://www.jumbo.cl/chocolates-galletas-y-snacks/galletas-dulces/galletas-rellenas-y-banadas,https://bff.jumbo.cl/catalog/plp,2,2026-02-26T18:10:22
152952,Galleta Triton Sabor Chocowhite 116 g,Triton Mckay,900,900,False,https://www.jumbo.cl/galleta-triton-2041417/p,https://jumbocl.vteximg.com.br/arquivos/ids/478681-250-250/GALLETA-TRITON.jpg?v=638877184113770000,Galletas Rellenas y Bañadas,https://www.jumbo.cl/chocolates-galletas-y-snacks/galletas-dulces/galletas-rellenas-y-banadas,https://bff.jumbo.cl/catalog/plp,2,2026-02-26T18:10:22
87430,Galletas Gottena Naranja Suave 300 g,Gottena,3990,3990,False,https://www.jumbo.cl/galleta-naranja-suave-300-g/p,https://jumbocl.vteximg.com.br/arquivos/ids/311682-250-250/Galletas-naranja-suave-300-g.jpg?v=638776394359570000,Galletas Rellenas y Bañadas,https://www.jumbo.cl/chocolates-galletas-y-snacks/galletas-dulces/galletas-rellenas-y-banadas,https://bff.jumbo.cl/catalog/plp,2,2026-02-26T18:10:22
110943,Galletas En Línea Chips Chocolate Sin Azúcar 120 g,En Línea,1850,1850,False,https://www.jumbo.cl/galleta-chips-choco-en-linea-120-gr-1904123/p,https://jumbocl.vteximg.com.br/arquivos/ids/378261-250-250/Galleta-chips-chocolate-sin-azucar-120-g.jpg?v=638776814475530000,Galletas Rellenas y Bañadas,https://www.jumbo.cl/chocolates-galletas-y-snacks/galletas-dulces/galletas-rellenas-y-banadas,https://bff.jumbo.cl/catalog/plp,2,2026-02-26T18:10:22
3953,Galletas Gretel Yogurt Frutilla 85 g,Costa,1450,1450,False,https://www.jumbo.cl/galletas-gretel-costa-85-g-rellenas-con-crema-de-yoghurt-frutilla-2/p,https://jumbocl.vteximg.com.br/arquivos/ids/347054-250-250/Galletas-Gretel-rellenas-con-frutilla-85-g.jpg?v=638776466448200000,Galletas Rellenas y Bañadas,https://www.jumbo.cl/chocolates-galletas-y-snacks/galletas-dulces/galletas-rellenas-y-banadas,https://bff.jumbo.cl/catalog/plp,2,2026-02-26T18:10:22
128396,Galleta Bon O Bon Blanco 95 g,Bon O Bon,1290,1600,True,https://www.jumbo.cl/galleta-bon-o-bon-blanco-95-gr-1662104/p,https://jumbocl.vteximg.com.br/arquivos/ids/523575-250-250/Galleta-Bon-O-Bon-Blanco-95-g.jpg?v=638959916271700000,Galletas Rellenas y Bañadas,https://www.jumbo.cl/chocolates-galletas-y-snacks/galletas-dulces/galletas-rellenas-y-banadas,https://bff.jumbo.cl/catalog/plp,2,2026-02-26T18:10:22
137920,Pack Galletas Oreo Sabor Original 36 g 12 un.,Oreo,2990,2990,False,https://www.jumbo.cl/pack-12-oreo-regular-cl-12x36g-1997391/p,https://jumbocl.vteximg.com.br/arquivos/ids/329123-250-250/PACK-12-OREO-REGULAR-CL-12X36G.jpg?v=638776431524600000,Galletas Rellenas y Bañadas,https://www.jumbo.cl/chocolates-galletas-y-snacks/galletas-dulces/galletas-rellenas-y-banadas,https://bff.jumbo.cl/catalog/plp,2,2026-02-26T18:10:22
136881,Galletas Trencitos Chocomilk 120 g,Nestlé,1990,1990,False,https://www.jumbo.cl/galleta-trencito-chocomilk-120gr-1995585/p,https://jumbocl.vteximg.com.br/arquivos/ids/327785-250-250/GALLETA-TRENCITO-CHOCOMILK-120GR.jpg?v=638776430286170000,Galletas Rellenas y Bañadas,https://www.jumbo.cl/chocolates-galletas-y-snacks/galletas-dulces/galletas-rellenas-y-banadas,https://bff.jumbo.cl/catalog/plp,2,2026-02-26T18:10:22
3929,Galletas Tuareg Mango Piña 120 g,Costa,730,730,False,https://www.jumbo.cl/galletas-dulces-costa-120-g-tuareg-mango-pina/p,https://jumbocl.vteximg.com.br/arquivos/ids/347035-250-250/Galletas-Tuareg-mango-pi%C3%B1a-120-g.jpg?v=638776466187800000,Galletas Rellenas y Bañadas,https://www.jumbo.cl/chocolates-galletas-y-snacks/galletas-dulces/galletas-rellenas-y-banadas,https://bff.jumbo.cl/catalog/plp,2,2026-02-26T18:10:22
18888,Galletas Lambertz Coco Fleur 125 g,Lambertz,3690,3690,False,https://www.jumbo.cl/galletas-lambertz-125-g-coco-fleur-banadas-en-chocolate-y-coco/p,https://jumbocl.vteximg.com.br/arquivos/ids/304193-250-250/Galletas-coco-fleur-125-g.jpg?v=638776379421930000,Galletas Rellenas y Bañadas,https://www.jumbo.cl/chocolates-galletas-y-snacks/galletas-dulces/galletas-rellenas-y-banadas,https://bff.jumbo.cl/catalog/plp,2,2026-02-26T18:10:22
148802,Galleta Bon O Bon Súper Choco 95 g,Bon O Bon,1290,1600,True,https://www.jumbo.cl/galleta-bon-super-2034535/p,https://jumbocl.vteximg.com.br/arquivos/ids/523940-250-250/Galleta-Bon-O-Bon-Super-Choco-95-g.jpg?v=638959917282670000,Galletas Rellenas y Bañadas,https://www.jumbo.cl/chocolates-galletas-y-snacks/galletas-dulces/galletas-rellenas-y-banadas,https://bff.jumbo.cl/catalog/plp,2,2026-02-26T18:10:22
148970,Galletas Triton Vainilla Colación Multipack 6 un. 39 g,Mckay,1590,2000,True,https://www.jumbo.cl/galleta-triton-col-2039552/p,https://jumbocl.vteximg.com.br/arquivos/ids/436460-250-250/Galleta-Triton-Vainilla-Colacion-MultiPack-6-un-39-g.jpg?v=638827842540200000,Galletas Rellenas y Bañadas,https://www.jumbo.cl/chocolates-galletas-y-snacks/galletas-dulces/galletas-rellenas-y-banadas,https://bff.jumbo.cl/catalog/plp,2,2026-02-26T18:10:22
148799,Galleta Triton Chocolate 116 g,Triton Mckay,900,900,False,https://www.jumbo.cl/galleta-triton-cho-2033067/p,https://jumbocl.vteximg.com.br/arquivos/ids/434538-250-250/Galleta-Triton-Chocolate-116-g.jpg?v=638823548007200000,Galletas Rellenas y Bañadas,https://www.jumbo.cl/chocolates-galletas-y-snacks/galletas-dulces/galletas-rellenas-y-banadas,https://bff.jumbo.cl/catalog/plp,2,2026-02-26T18:10:22
153046,Galletas Dos en Uno Rigochoc Blanco/Negro 113 g,Dos en Uno,1390,1390,False,https://www.jumbo.cl/galleta-dos-en-uno-rigochoc-bco-neg-113-922362/p,https://jumbocl.vteximg.com.br/arquivos/ids/478106-250-250/Galletas-Rigochoc-113-g.jpg?v=638876245974900000,Galletas Rellenas y Bañadas,https://www.jumbo.cl/chocolates-galletas-y-snacks/galletas-dulces/galletas-rellenas-y-banadas,https://bff.jumbo.cl/catalog/plp,2,2026-02-26T18:10:22
115563,Galletas Oreo Rollo Sabor Chocolate 108 g,Oreo,920,920,False,https://www.jumbo.cl/galleta-oreo-chocolate-108-gr-1932772/p,https://jumbocl.vteximg.com.br/arquivos/ids/510450-250-250/Galletas-Oreo-Rollo-Sabor-Chocolate-108-g.jpg?v=638940923090300000,Galletas Rellenas y Bañadas,https://www.jumbo.cl/chocolates-galletas-y-snacks/galletas-dulces/galletas-rellenas-y-banadas,https://bff.jumbo.cl/catalog/plp,2,2026-02-26T18:10:22
127259,Galletas Bañada Morocha 120 g,Mckay,1390,1390,False,https://www.jumbo.cl/galleta-morocha-family-120-gr-1961768/p,https://jumbocl.vteximg.com.br/arquivos/ids/393320-250-250/GALLETA-MOROCHA-FAMILY-120-GR.jpg?v=638776874177970000,Galletas Rellenas y Bañadas,https://www.jumbo.cl/chocolates-galletas-y-snacks/galletas-dulces/galletas-rellenas-y-banadas,https://bff.jumbo.cl/catalog/plp,2,2026-02-26T18:10:22
42094,Pack Galletas Oreo Sabor Vainilla 36 g 6 un.,Oreo,2280,2280,False,https://www.jumbo.cl/pack-galleta-oreo-golden-6-un-36-g/p,https://jumbocl.vteximg.com.br/arquivos/ids/306489-250-250/Galletas-Oreo-Sabor-Vainilla-Sixpack-de-36g-c-u.jpg?v=638776382457200000,Galletas Rellenas y Bañadas,https://www.jumbo.cl/chocolates-galletas-y-snacks/galletas-dulces/galletas-rellenas-y-banadas,https://bff.jumbo.cl/catalog/plp,2,2026-02-26T18:10:22
4123,Galletas Obsesión Menta 85 g,Costa,1450,1450,False,https://www.jumbo.cl/barquillos-rellenos-sabor-menta-obsesion-costa-85-g-2/p,https://jumbocl.vteximg.com.br/arquivos/ids/347111-250-250/Galletas-Obsesion-menta-85-g.jpg?v=638776467223930000,Galletas Rellenas y Bañadas,https://www.jumbo.cl/chocolates-galletas-y-snacks/galletas-dulces/galletas-rellenas-y-banadas,https://bff.jumbo.cl/catalog/plp,2,2026-02-26T18:10:22
139736,Galleta Frac Naranja 110 g,Costa,820,820,False,https://www.jumbo.cl/galleta-frac-naranja-110-gr-2004372/p,https://jumbocl.vteximg.com.br/arquivos/ids/332624-250-250/Galleta-Frac-Naranja-110-g.jpg?v=638776434207670000,Galletas Rellenas y Bañadas,https://www.jumbo.cl/chocolates-galletas-y-snacks/galletas-dulces/galletas-rellenas-y-banadas,https://bff.jumbo.cl/catalog/plp,2,2026-02-26T18:10:22
76904,Galletas Gullón Sand Vitalday Avellana 220 g,Gullón,2750,3350,True,https://www.jumbo.cl/galleta-gullon-sand-vitalday-avellana-220-g/p,https://jumbocl.vteximg.com.br/arquivos/ids/310605-250-250/Galletas-Gullon-Vitalday-Sand-Cer-Choco-220-g.jpg?v=638776391878770000,Galletas Rellenas y Bañadas,https://www.jumbo.cl/chocolates-galletas-y-snacks/galletas-dulces/galletas-rellenas-y-banadas,https://bff.jumbo.cl/catalog/plp,2,2026-02-26T18:10:22
3915,Galletas Dindon 115 g,Costa,720,720,False,https://www.jumbo.cl/galleta-din-don-costa-115-g/p,https://jumbocl.vteximg.com.br/arquivos/ids/347021-250-250/Galletas-Din-Don-115-g.jpg?v=638776465986470000,Galletas Rellenas y Bañadas,https://www.jumbo.cl/chocolates-galletas-y-snacks/galletas-dulces/galletas-rellenas-y-banadas,https://bff.jumbo.cl/catalog/plp,2,2026-02-26T18:10:22
150343,Galletas Oreo Selena Gomez Sabor Canela 108 g,Oreo,900,900,False,https://www.jumbo.cl/galletas-oreo-selena-gomez-2037402/p,https://jumbocl.vteximg.com.br/arquivos/ids/510466-250-250/Galletas-Oreo-Selena-Gomez-Sabor-Canela-108-g.jpg?v=638940923218230000,Galletas Rellenas y Bañadas,https://www.jumbo.cl/chocolates-galletas-y-snacks/galletas-dulces/galletas-rellenas-y-banadas,https://bff.jumbo.cl/catalog/plp,2,2026-02-26T18:10:22
150342,Galletas Oreo Sabor Limón 108 g,Oreo,900,900,False,https://www.jumbo.cl/galleta-chocolimon-2037012/p,https://jumbocl.vteximg.com.br/arquivos/ids/523941-250-250/Galletas-Oreo-Sabor-Limon-108-g.jpg?v=638959917308100000,Galletas Rellenas y Bañadas,https://www.jumbo.cl/chocolates-galletas-y-snacks/galletas-dulces/galletas-rellenas-y-banadas,https://bff.jumbo.cl/catalog/plp,2,2026-02-26T18:10:22
3939,Galletas Gretel Chocolate Blanco 85 g,Costa,1450,1450,False,https://www.jumbo.cl/galletas-dulces-costa-85-g-gretel-chocolate-blanco/p,https://jumbocl.vteximg.com.br/arquivos/ids/347043-250-250/Galletas-Gretel-rellenas-chocolate-blanco-85-g.jpg?v=638776466297600000,Galletas Rellenas y Bañadas,https://www.jumbo.cl/chocolates-galletas-y-snacks/galletas-dulces/galletas-rellenas-y-banadas,https://bff.jumbo.cl/catalog/plp,2,2026-02-26T18:10:22
122266,Galleta Rellena Nutella B-Ready 132 g 6 un.,Nutella,5650,5650,False,https://www.jumbo.cl/nutella-b-ready-132gr-1950860/p,https://jumbocl.vteximg.com.br/arquivos/ids/388122-250-250/Nutella-B-Ready-6-un-132-g.jpg?v=638776854565600000,Galletas Rellenas y Bañadas,https://www.jumbo.cl/chocolates-galletas-y-snacks/galletas-dulces/galletas-rellenas-y-banadas,https://bff.jumbo.cl/catalog/plp,2,2026-02-26T18:10:22
138267,Jaffa Cake Gottena Mango Naranja 300 g,Gottena,3990,3990,False,https://www.jumbo.cl/jaffa-cake-gottena-mango-naranja-300g-1995045/p,https://jumbocl.vteximg.com.br/arquivos/ids/330287-250-250/Galletas-Gottena-Jaffa-Cake-Mango-Naranja-300-g.jpg?v=638776432325670000,Galletas Rellenas y Bañadas,https://www.jumbo.cl/chocolates-galletas-y-snacks/galletas-dulces/galletas-rellenas-y-banadas,https://bff.jumbo.cl/catalog/plp,2,2026-02-26T18:10:22
110805,Galletas En Línea Bañada En Cacao Sin Azúcar 100 g,En Línea,2490,2490,False,https://www.jumbo.cl/galleta-banada-cacao-en-linea-100-gr-1904121/p,https://jumbocl.vteximg.com.br/arquivos/ids/378109-250-250/Galleta-ba%C3%B1ada-en-cacao-sin-azucar-100-g.jpg?v=638776813811100000,Galletas Rellenas y Bañadas,https://www.jumbo.cl/chocolates-galletas-y-snacks/galletas-dulces/galletas-rellenas-y-banadas,https://bff.jumbo.cl/catalog/plp,2,2026-02-26T18:10:22
4025,Galletas Scones Bizcocho 250 g,Selz,2490,2490,False,https://www.jumbo.cl/galleta-scones-tipo-bizcocho-holanda-250-g/p,https://jumbocl.vteximg.com.br/arquivos/ids/347081-250-250/269410.jpg?v=638776466822700000,Galletas Rellenas y Bañadas,https://www.jumbo.cl/chocolates-galletas-y-snacks/galletas-dulces/galletas-rellenas-y-banadas,https://bff.jumbo.cl/catalog/plp,2,2026-02-26T18:10:22
76905,Galletas Gullón Sand Vitalday Yogurt 220 g,Gullón,2750,3250,True,https://www.jumbo.cl/galleta-gullon-sand-vitalday-yoghurt-220-g/p,https://jumbocl.vteximg.com.br/arquivos/ids/363828-250-250/Galleta-Gullon-Sand-Vitalday-yoghurt-220-g.jpg?v=638776750828600000,Galletas Rellenas y Bañadas,https://www.jumbo.cl/chocolates-galletas-y-snacks/galletas-dulces/galletas-rellenas-y-banadas,https://bff.jumbo.cl/catalog/plp,2,2026-02-26T18:10:22
40625,Galletas Matilde Vicenzi Fiorellini Frambuesa 120 g,Matilde Vicenzi,2023,2890,True,https://www.jumbo.cl/galleta-fiorellini-frambuesa-vicenzi-importaciones-jumbo-120-g/p,https://jumbocl.vteximg.com.br/arquivos/ids/307077-250-250/Galletas-Matilde-Vicenzi-Fiorellini-Frambuesa-120-g.jpg?v=638776383789770000,Galletas Rellenas y Bañadas,https://www.jumbo.cl/chocolates-galletas-y-snacks/galletas-dulces/galletas-rellenas-y-banadas,https://bff.jumbo.cl/catalog/plp,2,2026-02-26T18:10:22
129986,Pack Oblea Tuyo 95 g 5 un.,Costa,1550,1750,True,https://www.jumbo.cl/pack-tuyo-95-gr-1976127/p,https://jumbocl.vteximg.com.br/arquivos/ids/396537-250-250/Tuyo-95-g.jpg?v=638776887290330000,Galletas Rellenas y Bañadas,https://www.jumbo.cl/chocolates-galletas-y-snacks/galletas-dulces/galletas-rellenas-y-banadas,https://bff.jumbo.cl/catalog/plp,2,2026-02-26T18:10:22
4010,Galletas Matilde Vicenzi Rellenas Crema de Avellana 150 g,Matilde Vicenzi,1690,2990,True,https://www.jumbo.cl/galleta-classic-rellenas-de-avellanas-grisbi-vicenzi-150-g/p,https://jumbocl.vteximg.com.br/arquivos/ids/299934-250-250/Galletas-Grisbi-rellenas-crema-de-avellana-150-g.jpg?v=638776371444770000,Galletas Rellenas y Bañadas,https://www.jumbo.cl/chocolates-galletas-y-snacks/galletas-dulces/galletas-rellenas-y-banadas,https://bff.jumbo.cl/catalog/plp,2,2026-02-26T18:10:22
110863,Galletas En Línea Cacao Naranja Sin Azúcar 100 g,En Línea,2490,2490,False,https://www.jumbo.cl/galleta-banada-cacao-nar-en-linea-100-gr-1904122/p,https://jumbocl.vteximg.com.br/arquivos/ids/378189-250-250/Galleta-cacao-naranja-sin-azucar-100-g.jpg?v=638776814162070000,Galletas Rellenas y Bañadas,https://www.jumbo.cl/chocolates-galletas-y-snacks/galletas-dulces/galletas-rellenas-y-banadas,https://bff.jumbo.cl/catalog/plp,2,2026-02-26T18:10:22
87163,Pack Galletas Oreo Sabor Cookies & Cream 36 g 6 un.,Oreo,2280,2280,False,https://www.jumbo.cl/galleta-oreo-de-chocolate-con-crema-de-vainilla-y-trozos-de-galleta-216-g/p,https://jumbocl.vteximg.com.br/arquivos/ids/311783-250-250/Galletas-Oreo-Sabor-Cookies---Cream-Sixpack-de-36-g-c-u.jpg?v=638776394647970000,Galletas Rellenas y Bañadas,https://www.jumbo.cl/chocolates-galletas-y-snacks/galletas-dulces/galletas-rellenas-y-banadas,https://bff.jumbo.cl/catalog/plp,2,2026-02-26T18:10:22
136884,Galletas Trencito Choco Doble 120 g,Nestlé,1690,1690,False,https://www.jumbo.cl/galleta-trencito-chocodoble-120gr-1995583/p,https://jumbocl.vteximg.com.br/arquivos/ids/327137-250-250/GALLETA-TRENCITO-CHOCODOBLE-120GR.jpg?v=638776429774300000,Galletas Rellenas y Bañadas,https://www.jumbo.cl/chocolates-galletas-y-snacks/galletas-dulces/galletas-rellenas-y-banadas,https://bff.jumbo.cl/catalog/plp,2,2026-02-26T18:10:22
18882,Galletas Griesson Cubierta con Chocolate 125 g,Griesson,2790,2790,False,https://www.jumbo.cl/galletas-griesson-125-g-cubierta-con-chocolate/p,https://jumbocl.vteximg.com.br/arquivos/ids/304162-250-250/Galletas-cubierta-con-chocolate-125-g.jpg?v=638776379305700000,Galletas Rellenas y Bañadas,https://www.jumbo.cl/chocolates-galletas-y-snacks/galletas-dulces/galletas-rellenas-y-banadas,https://bff.jumbo.cl/catalog/plp,2,2026-02-26T18:10:22
143847,Pack 4 un. Galletas Frac Clásicas 208 g,Costa,1630,1630,False,https://www.jumbo.cl/frac-indiv-pack-4x44-gr-2013040/p,https://jumbocl.vteximg.com.br/arquivos/ids/340843-250-250/Pack-4-un-Galletas-Frac-Clasicas-208-g.jpg?v=638776441064430000,Galletas Rellenas y Bañadas,https://www.jumbo.cl/chocolates-galletas-y-snacks/galletas-dulces/galletas-rellenas-y-banadas,https://bff.jumbo.cl/catalog/plp,3,2026-02-26T18:10:27
110897,Galletas En Línea Coco Sin Azúcar 120 g,En Línea,1850,1850,False,https://www.jumbo.cl/galleta-coco-en-linea-120-gr-1904124/p,https://jumbocl.vteximg.com.br/arquivos/ids/378213-250-250/Galleta-coco-sin-azucar-120-g.jpg?v=638776814259200000,Galletas Rellenas y Bañadas,https://www.jumbo.cl/chocolates-galletas-y-snacks/galletas-dulces/galletas-rellenas-y-banadas,https://bff.jumbo.cl/catalog/plp,3,2026-02-26T18:10:27
145911,Gretel Pie de Limón 85 g,Costa,1450,1450,False,https://www.jumbo.cl/gretel-pie-de-limon-85-gr-2020677/p,https://jumbocl.vteximg.com.br/arquivos/ids/344409-250-250/GRETEL-PIE-DE-LIMON-85-GR.jpg?v=638776443905270000,Galletas Rellenas y Bañadas,https://www.jumbo.cl/chocolates-galletas-y-snacks/galletas-dulces/galletas-rellenas-y-banadas,https://bff.jumbo.cl/catalog/plp,3,2026-02-26T18:10:27
18890,Galletas Hanuta 220 g 10 un.,Hanuta,5990,5990,False,https://www.jumbo.cl/hanuta-220-g-10-unid/p,https://jumbocl.vteximg.com.br/arquivos/ids/304079-250-250/Galletas-Hanuta-10-unid-220-g.jpg?v=638776378902000000,Galletas Rellenas y Bañadas,https://www.jumbo.cl/chocolates-galletas-y-snacks/galletas-dulces/galletas-rellenas-y-banadas,https://bff.jumbo.cl/catalog/plp,3,2026-02-26T18:10:27
148797,Galleta Bon O Bon Canastita 105 g,Bon O Bon,2100,2100,False,https://www.jumbo.cl/galleta-bon-o-bon-2033036/p,https://jumbocl.vteximg.com.br/arquivos/ids/528428-250-250/Galleta-Bon-O-Bon-Canastita-105-g.jpg?v=638967405854000000,Galletas Rellenas y Bañadas,https://www.jumbo.cl/chocolates-galletas-y-snacks/galletas-dulces/galletas-rellenas-y-banadas,https://bff.jumbo.cl/catalog/plp,3,2026-02-26T18:10:27
55326,Pack Galletas Oreo Sabor Chocolate 36 g 6 un.,Oreo,2280,2280,False,https://www.jumbo.cl/pack-6-galletas-oreo-chocolate-216-g/p,https://jumbocl.vteximg.com.br/arquivos/ids/308926-250-250/Galletas-Oreo-Sabor-Chocolate-Sixpack-de-36g-c-u.jpg?v=638776387788900000,Galletas Rellenas y Bañadas,https://www.jumbo.cl/chocolates-galletas-y-snacks/galletas-dulces/galletas-rellenas-y-banadas,https://bff.jumbo.cl/catalog/plp,3,2026-02-26T18:10:27
110964,Galletas Suny 120 g,Costa,690,690,False,https://www.jumbo.cl/galleta-suny-costa-120-gr-1913035/p,https://jumbocl.vteximg.com.br/arquivos/ids/378287-250-250/Galleta-Suny-120-g.jpg?v=638776814627570000,Galletas Rellenas y Bañadas,https://www.jumbo.cl/chocolates-galletas-y-snacks/galletas-dulces/galletas-rellenas-y-banadas,https://bff.jumbo.cl/catalog/plp,3,2026-02-26T18:10:27
143846,Galletas Bañadas con Cobertura Sabor Chocolate 250 g,Costa,2000,2590,True,https://www.jumbo.cl/mini-donuts-familiar-250-gr-2013039/p,https://jumbocl.vteximg.com.br/arquivos/ids/340823-250-250/Galletas-Ba%C3%B1adas-con-Cobertura-Sabor-Chocolate-250-g.jpg?v=638776441037900000,Galletas Rellenas y Bañadas,https://www.jumbo.cl/chocolates-galletas-y-snacks/galletas-dulces/galletas-rellenas-y-banadas,https://bff.jumbo.cl/catalog/plp,3,2026-02-26T18:10:27
47701,Galletas Rellenas Orgran Frambuesa 175 g,Orgran,4590,4590,False,https://www.jumbo.cl/galleta-rellena-orgran-frambuesa-175-g/p,https://jumbocl.vteximg.com.br/arquivos/ids/308051-250-250/Galletas-rellena-Orgran-frambuesa-175-g.jpg?v=638776386076400000,Galletas Rellenas y Bañadas,https://www.jumbo.cl/chocolates-galletas-y-snacks/galletas-dulces/galletas-rellenas-y-banadas,https://bff.jumbo.cl/catalog/plp,3,2026-02-26T18:10:27
128246,Galletas Dindon Americana 102 g,Costa,720,720,False,https://www.jumbo.cl/din-don-americana-102-gr-1970511/p,https://jumbocl.vteximg.com.br/arquivos/ids/320299-250-250/Galletas-Din-Don-Americana-102-g.jpg?v=638776418994530000,Galletas Rellenas y Bañadas,https://www.jumbo.cl/chocolates-galletas-y-snacks/galletas-dulces/galletas-rellenas-y-banadas,https://bff.jumbo.cl/catalog/plp,3,2026-02-26T18:10:27
153399,Galleta Mini Triton 120 g,Mckay,1000,1390,True,https://www.jumbo.cl/galleta-mini-2040005/p,https://jumbocl.vteximg.com.br/arquivos/ids/488685-250-250/GALLETA-MINI.jpg?v=638895037965730000,Galletas Rellenas y Bañadas,https://www.jumbo.cl/chocolates-galletas-y-snacks/galletas-dulces/galletas-rellenas-y-banadas,https://bff.jumbo.cl/catalog/plp,3,2026-02-26T18:10:27
150350,Galletas Oreo Chocolimón 36 g,Oreo,2280,2280,False,https://www.jumbo.cl/galleta-chocolimon-2040164/p,https://jumbocl.vteximg.com.br/arquivos/ids/528450-250-250/Galletas-Oreo-Chocolimon-36-g.jpg?v=638967405946670000,Galletas Rellenas y Bañadas,https://www.jumbo.cl/chocolates-galletas-y-snacks/galletas-dulces/galletas-rellenas-y-banadas,https://bff.jumbo.cl/catalog/plp,3,2026-02-26T18:10:27
150344,Galletas Oreo Selena Gomez Sabor Canela 216 g 6 un.,Oreo,2280,2280,False,https://www.jumbo.cl/galleta-oreo-2037403/p,https://jumbocl.vteximg.com.br/arquivos/ids/493310-250-250/Galletas-Oreo-Selena-Gomez-Sabor-Canela-216-g-6-un.jpg?v=638906472555830000,Galletas Rellenas y Bañadas,https://www.jumbo.cl/chocolates-galletas-y-snacks/galletas-dulces/galletas-rellenas-y-banadas,https://bff.jumbo.cl/catalog/plp,3,2026-02-26T18:10:27
142057,Galletas Rellenas Limón Elgorriaga 180 g,Elgorriaga,1290,1290,False,https://www.jumbo.cl/galleta-rell-limon-elgorriaga-180g-2000945/p,https://jumbocl.vteximg.com.br/arquivos/ids/336962-250-250/Galletas-Rellenas-Limon-Elgorriaga-180-g.jpg?v=638776438145000000,Galletas Rellenas y Bañadas,https://www.jumbo.cl/chocolates-galletas-y-snacks/galletas-dulces/galletas-rellenas-y-banadas,https://bff.jumbo.cl/catalog/plp,3,2026-02-26T18:10:27
142056,Galletas Rellenas Frutilla Elgorriaga 180 g,Elgorriaga,1290,1290,False,https://www.jumbo.cl/galleta-rell-frutilla-elgorriaga-180g-2000942/p,https://jumbocl.vteximg.com.br/arquivos/ids/336935-250-250/Galletas-Rellenas-Frutilla-Elgorriaga-180-g.jpg?v=638776438117170000,Galletas Rellenas y Bañadas,https://www.jumbo.cl/chocolates-galletas-y-snacks/galletas-dulces/galletas-rellenas-y-banadas,https://bff.jumbo.cl/catalog/plp,3,2026-02-26T18:10:27
141694,Galleta Rellena Tortita Bon O Bon 90 g,Bon O Bon,750,750,False,https://www.jumbo.cl/galleta-tortita-bon-o-bon-90g-2007741/p,https://jumbocl.vteximg.com.br/arquivos/ids/336320-250-250/GALLETA-TORTITA-BON-O-BON-90G.jpg?v=638776437479870000,Galletas Rellenas y Bañadas,https://www.jumbo.cl/chocolates-galletas-y-snacks/galletas-dulces/galletas-rellenas-y-banadas,https://bff.jumbo.cl/catalog/plp,3,2026-02-26T18:10:27
142054,Galletas Rellenas Chocolate Elgorriaga 180 g,Elgorriaga,1290,1290,False,https://www.jumbo.cl/galleta-rell-chocolate-elgorriaga-180g-2000943/p,https://jumbocl.vteximg.com.br/arquivos/ids/336883-250-250/Galletas-Rellenas-Chocolate-Elgorriaga-180-g.jpg?v=638776438058100000,Galletas Rellenas y Bañadas,https://www.jumbo.cl/chocolates-galletas-y-snacks/galletas-dulces/galletas-rellenas-y-banadas,https://bff.jumbo.cl/catalog/plp,3,2026-02-26T18:10:27
142058,Galletas Rellenas Vainilla Elgorriaga 180 g,Elgorriaga,1290,1290,False,https://www.jumbo.cl/galleta-rell-vainilla-elgorriaga-180g-2000941/p,https://jumbocl.vteximg.com.br/arquivos/ids/336435-250-250/Galletas-Rellenas-Vainilla-Elgorriaga-180-g.jpg?v=638776437602330000,Galletas Rellenas y Bañadas,https://www.jumbo.cl/chocolates-galletas-y-snacks/galletas-dulces/galletas-rellenas-y-banadas,https://bff.jumbo.cl/catalog/plp,3,2026-02-26T18:10:27
142053,Galletas Choco Rellenas Crema Elgorriaga 180 g,Elgorriaga,1490,1490,False,https://www.jumbo.cl/galleta-choco-rell-crema-elgorriaga-180g-2000940/p,https://jumbocl.vteximg.com.br/arquivos/ids/336863-250-250/Galletas-Choco-Rellenas-Crema-Elgorriaga-180-g.jpg?v=638776438032500000,Galletas Rellenas y Bañadas,https://www.jumbo.cl/chocolates-galletas-y-snacks/galletas-dulces/galletas-rellenas-y-banadas,https://bff.jumbo.cl/catalog/plp,3,2026-02-26T18:10:27
150473,Galleta Vicenzi Grisbi Fresh Fruit 112 g,Vicenzi,2093,2990,True,https://www.jumbo.cl/galleta-grisbi-fre-2039272/p,https://jumbocl.vteximg.com.br/arquivos/ids/526406-250-250/Galleta-Vicenzi-Grisbi-Fresh-Fruit-112-g.jpg?v=638966657091770000,Galletas Rellenas y Bañadas,https://www.jumbo.cl/chocolates-galletas-y-snacks/galletas-dulces/galletas-rellenas-y-banadas,https://bff.jumbo.cl/catalog/plp,3,2026-02-26T18:10:27
147771,Galleta Naranja Cúrcuma Jengibre Elgorri 240 g,Elgorriaga,1990,1990,False,https://www.jumbo.cl/naranj-gorria-240g-2028857/p,https://jumbocl.vteximg.com.br/arquivos/ids/526353-250-250/Galleta-Naranja-Curcuma-Jengibre-Elgorri-240-g.jpg?v=638966656958000000,Galletas Rellenas y Bañadas,https://www.jumbo.cl/chocolates-galletas-y-snacks/galletas-dulces/galletas-rellenas-y-banadas,https://bff.jumbo.cl/catalog/plp,3,2026-02-26T18:10:27
150237,Galleta Pepero Almendra 32 g,Pepero,1592,1990,True,https://www.jumbo.cl/galleta-pepero-2037029/p,https://jumbocl.vteximg.com.br/arquivos/ids/497823-250-250/Galleta-Pepero-Almendra-32-g.jpg?v=638913482979930000,Galletas Rellenas y Bañadas,https://www.jumbo.cl/chocolates-galletas-y-snacks/galletas-dulces/galletas-rellenas-y-banadas,https://bff.jumbo.cl/catalog/plp,3,2026-02-26T18:10:27
150238,Galletas Pepero Chocolate Blanco 32 g,Pepero,1592,1990,True,https://www.jumbo.cl/galleta-pepero-2037030/p,https://jumbocl.vteximg.com.br/arquivos/ids/497825-250-250/Galleta-Pepero-Chocolate-Blanco-32-g.jpg?v=638913482987970000,Galletas Rellenas y Bañadas,https://www.jumbo.cl/chocolates-galletas-y-snacks/galletas-dulces/galletas-rellenas-y-banadas,https://bff.jumbo.cl/catalog/plp,3,2026-02-26T18:10:27
150239,Galletas Pepero Chocolate 32 g,Pepero,1592,1990,True,https://www.jumbo.cl/galleta-pepero-2037387/p,https://jumbocl.vteximg.com.br/arquivos/ids/497828-250-250/Galleta-Pepero-Chocolate-32-g.jpg?v=638913482996600000,Galletas Rellenas y Bañadas,https://www.jumbo.cl/chocolates-galletas-y-snacks/galletas-dulces/galletas-rellenas-y-banadas,https://bff.jumbo.cl/catalog/plp,3,2026-02-26T18:10:27
150240,Galletas Pepero Crunchy 39 g 40 un.,Pepero,1592,1990,True,https://www.jumbo.cl/galleta-pepero-2037388/p,https://jumbocl.vteximg.com.br/arquivos/ids/497832-250-250/Galleta-Pepero-Crunchy-39-g-40-un.jpg?v=638913483007630000,Galletas Rellenas y Bañadas,https://www.jumbo.cl/chocolates-galletas-y-snacks/galletas-dulces/galletas-rellenas-y-banadas,https://bff.jumbo.cl/catalog/plp,3,2026-02-26T18:10:27
153899,Galletas Salt Caram/Avellana Coolky 140 g,Coolky,1990,1990,False,https://www.jumbo.cl/galletas-salt-caram-avellana-coolky-140g-2043259/p,https://jumbocl.vteximg.com.br/arquivos/ids/577284-250-250/Galletas-Salt-Caram-Avellana-Coolky-140-g.jpg?v=639070315499670000,Galletas Rellenas y Bañadas,https://www.jumbo.cl/chocolates-galletas-y-snacks/galletas-dulces/galletas-rellenas-y-banadas,https://bff.jumbo.cl/catalog/plp,3,2026-02-26T18:10:27
153893,Galletas Coco y Avellana Coolky 140 g,Coolky,1990,1990,False,https://www.jumbo.cl/galletas-coco-y-avellana-coolky-140g-2043264/p,https://jumbocl.vteximg.com.br/arquivos/ids/577288-250-250/Galletas-Coco-y-Avellana-Coolky-140-g.jpg?v=639070315538730000,Galletas Rellenas y Bañadas,https://www.jumbo.cl/chocolates-galletas-y-snacks/galletas-dulces/galletas-rellenas-y-banadas,https://bff.jumbo.cl/catalog/plp,3,2026-02-26T18:10:27
153895,Galletas Pasas y Avellana Coolky 140 g,Coolky,1990,1990,False,https://www.jumbo.cl/galletas-pasas-y-avellana-coolky-140g-2043263/p,https://jumbocl.vteximg.com.br/arquivos/ids/584067-250-250/Galletas-Pasas-y-Avellana-Coolky-140-g.jpg?v=639077187172470000,Galletas Rellenas y Bañadas,https://www.jumbo.cl/chocolates-galletas-y-snacks/galletas-dulces/galletas-rellenas-y-banadas,https://bff.jumbo.cl/catalog/plp,3,2026-02-26T18:10:27
69912,Galletas Matilde Vicenzi Grisbi Rellenas Chocolate Sin Gluten 150 g,Matilde Vicenzi,2290,3990,True,https://www.jumbo.cl/gal-vicenzi-grisbi-limon-sin-gluten-150g/p,https://jumbocl.vteximg.com.br/arquivos/ids/309940-250-250/Galletas-Grisbi-rellena-chocolate-sin-gluten-150-g.jpg?v=638776390316000000,Galletas Rellenas y Bañadas,https://www.jumbo.cl/chocolates-galletas-y-snacks/galletas-dulces/galletas-rellenas-y-banadas,https://bff.jumbo.cl/catalog/plp,3,2026-02-26T18:10:27
69913,Galletas Matilde Vicenzi Grisbi Rellenas con Limón Sin Gluten 150 g,Matilde Vicenzi,2290,3990,True,https://www.jumbo.cl/gal-vicenzi-grisbi-choco-sin-gluten-150g/p,https://jumbocl.vteximg.com.br/arquivos/ids/309953-250-250/Galletas-Grisbi-rellena-con-limon-sin-gluten-150-g.jpg?v=638776390344630000,Galletas Rellenas y Bañadas,https://www.jumbo.cl/chocolates-galletas-y-snacks/galletas-dulces/galletas-rellenas-y-banadas,https://bff.jumbo.cl/catalog/plp,3,2026-02-26T18:10:27
134371,Galletas Vicenzi Grisbi Gianduja Vegana 135 g,Matilde Vicenzi,1690,2990,True,https://www.jumbo.cl/gal-vicenzi-grisbi-gianduja-vegana-135g-1989597/p,https://jumbocl.vteximg.com.br/arquivos/ids/322561-250-250/Galletas-Vicenzi-Grisbi-Gianduja-Vegana-135-g.jpg?v=638776426219300000,Galletas Rellenas y Bañadas,https://www.jumbo.cl/chocolates-galletas-y-snacks/galletas-dulces/galletas-rellenas-y-banadas,https://bff.jumbo.cl/catalog/plp,3,2026-02-26T18:10:27
47703,Galletas Rellenas Orgran Damasco 175 g,Orgran,4590,4590,False,https://www.jumbo.cl/galletas-rellenas-orgran-damasco-175-g/p,https://jumbocl.vteximg.com.br/arquivos/ids/308137-250-250/Galletas-rellenas-Orgran-damasco-175-g.jpg?v=638776386267270000,Galletas Rellenas y Bañadas,https://www.jumbo.cl/chocolates-galletas-y-snacks/galletas-dulces/galletas-rellenas-y-banadas,https://bff.jumbo.cl/catalog/plp,3,2026-02-26T18:10:27
137182,Galletas Wafers Cuisine & Co Vainilla 150 g,Cuisine & Co,1000,1590,True,https://www.jumbo.cl/galletas-wafers-vainilla-cuisine-and-co-150g-1998559/p,https://jumbocl.vteximg.com.br/arquivos/ids/328321-250-250/GALLETAS-WAFERS-VAINILLA-CUISINE-CO-150G.jpg?v=638776430772300000,Galletas Rellenas y Bañadas,https://www.jumbo.cl/chocolates-galletas-y-snacks/galletas-dulces/galletas-rellenas-y-banadas,https://bff.jumbo.cl/catalog/plp,3,2026-02-26T18:10:27
149241,Pack 6 un. Galletas Cream Cuisine & Co 36 g,Cuisine & Co,1590,1990,True,https://www.jumbo.cl/pack-galleta-cream-2036599/p,https://jumbocl.vteximg.com.br/arquivos/ids/500433-250-250/Pack-6-un-Galletas-Cream-Cuisine---Co-36-g.jpg?v=638917623887270000,Galletas Rellenas y Bañadas,https://www.jumbo.cl/chocolates-galletas-y-snacks/galletas-dulces/galletas-rellenas-y-banadas,https://bff.jumbo.cl/catalog/plp,3,2026-02-26T18:10:27
149245,Galletas Cream Cuisine & Co 117 g,Cuisine & Co,790,790,False,https://www.jumbo.cl/galleta-cream-117g-2038180/p,https://jumbocl.vteximg.com.br/arquivos/ids/500444-250-250/Galletas-Cream-Cuisine---Co-117-g.jpg?v=638917623929330000,Galletas Rellenas y Bañadas,https://www.jumbo.cl/chocolates-galletas-y-snacks/galletas-dulces/galletas-rellenas-y-banadas,https://bff.jumbo.cl/catalog/plp,3,2026-02-26T18:10:27
4049,Galletas Lambertz Balena 125 g,Lambertz,3690,3690,False,https://www.jumbo.cl/galletas-lambertz-caja-125-g-balena-banadas-en-chocolate/p,https://jumbocl.vteximg.com.br/arquivos/ids/300154-250-250/Galletas-Balena-125-g.jpg?v=638776371879000000,Galletas Rellenas y Bañadas,https://www.jumbo.cl/chocolates-galletas-y-snacks/galletas-dulces/galletas-rellenas-y-banadas,https://bff.jumbo.cl/catalog/plp,3,2026-02-26T18:10:27
134644,Galletas Bañada Morocha Family 150 g,Mckay,1000,1000,False,https://www.jumbo.cl/morocha-family-galleta-150g-cl-1990519/p,https://jumbocl.vteximg.com.br/arquivos/ids/542911-250-250/Galletas-Ba%C3%B1ada-Morocha-Family-150-g.jpg?v=638991550869130000,Galletas Rellenas y Bañadas,https://www.jumbo.cl/chocolates-galletas-y-snacks/galletas-dulces/galletas-rellenas-y-banadas,https://bff.jumbo.cl/catalog/plp,3,2026-02-26T18:10:27
100289,Galletas Gretel Rellenas Crema de Maní 85 g,Costa,1450,1450,False,https://www.jumbo.cl/galletas-gretel-mani-costa-85-gr-1871345/p,https://jumbocl.vteximg.com.br/arquivos/ids/372416-250-250/Galletas-Gretel-rellenas-crema-de-mani-85-g.jpg?v=638776791259100000,Galletas Rellenas y Bañadas,https://www.jumbo.cl/chocolates-galletas-y-snacks/galletas-dulces/galletas-rellenas-y-banadas,https://bff.jumbo.cl/catalog/plp,3,2026-02-26T18:10:27
142055,Galletas Rellenas Coco Elgorriaga 180 g,Elgorriaga,1290,1290,False,https://www.jumbo.cl/galleta-rell-coco-elgorriaga-180g-2000947/p,https://jumbocl.vteximg.com.br/arquivos/ids/336910-250-250/Galletas-Rellenas-Coco-Elgorriaga-180-g.jpg?v=638776438089130000,Galletas Rellenas y Bañadas,https://www.jumbo.cl/chocolates-galletas-y-snacks/galletas-dulces/galletas-rellenas-y-banadas,https://bff.jumbo.cl/catalog/plp,3,2026-02-26T18:10:27
143840,Galletas Sin Azúcar Rellenas de Limón Elgorriaga 180 g,Elgorriaga,2390,2390,False,https://www.jumbo.cl/gall-s-azucar-rell-limon-elgorriaga-180g-2000937/p,https://jumbocl.vteximg.com.br/arquivos/ids/340639-250-250/SA-LIGORRIAGA180G.jpg?v=638776440865170000,Galletas Rellenas y Bañadas,https://www.jumbo.cl/chocolates-galletas-y-snacks/galletas-dulces/galletas-rellenas-y-banadas,https://bff.jumbo.cl/catalog/plp,3,2026-02-26T18:10:27
119378,Galletas Oreo Cobertura Sabor Chocolate Blanco 131 g,Oreo,2750,2750,False,https://www.jumbo.cl/galleta-oreo-white-fudge-131-2gr-1938756/p,https://jumbocl.vteximg.com.br/arquivos/ids/317082-250-250/Galletas-Oreo-Cobertura-Sabor-Chocolate-Blanco-131-g.jpg?v=638776410727670000,Galletas Rellenas y Bañadas,https://www.jumbo.cl/chocolates-galletas-y-snacks/galletas-dulces/galletas-rellenas-y-banadas,https://bff.jumbo.cl/catalog/plp,4,2026-02-26T18:10:30
140861,Galletas Morocha Tremenda 80 g,Mckay,930,930,False,https://www.jumbo.cl/galleta-tremenda-morocha-80gr-2005131/p,https://jumbocl.vteximg.com.br/arquivos/ids/335559-250-250/GALLETA-TREMENDA-MOROCHA-80GR.jpg?v=638776436588570000,Galletas Rellenas y Bañadas,https://www.jumbo.cl/chocolates-galletas-y-snacks/galletas-dulces/galletas-rellenas-y-banadas,https://bff.jumbo.cl/catalog/plp,4,2026-02-26T18:10:30
144332,Galletas Sin Azúcar Rellenas de Chocolate Elgorriaga 180 g,Elgorriaga,2390,2390,False,https://www.jumbo.cl/gall-s-azucar-rell-choco-elgorriaga-180g-2000938/p,https://jumbocl.vteximg.com.br/arquivos/ids/341020-250-250/SACH-GORRIAGA180G.jpg?v=638776441288170000,Galletas Rellenas y Bañadas,https://www.jumbo.cl/chocolates-galletas-y-snacks/galletas-dulces/galletas-rellenas-y-banadas,https://bff.jumbo.cl/catalog/plp,4,2026-02-26T18:10:30
158019,Galleta Costa María 350 g,Costa,2590,2590,False,https://www.jumbo.cl/galleta-costa-maria-350-gr-2052177/p,https://jumbocl.vteximg.com.br/arquivos/ids/522987-250-250/Galleta-Costa-Maria-350-g.jpg?v=638959818470870000,Galletas Rellenas y Bañadas,https://www.jumbo.cl/chocolates-galletas-y-snacks/galletas-dulces/galletas-rellenas-y-banadas,https://bff.jumbo.cl/catalog/plp,4,2026-02-26T18:10:30
19218,Galletas Galletería de Laura R. Mermelada de Damasco 300 g,Galletería de Laura R.,5990,5990,False,https://www.jumbo.cl/galletas-galleteria-de-laura-r-300-g-de-mermelada-de-damasco/p,https://jumbocl.vteximg.com.br/arquivos/ids/353287-250-250/Galletas-Galleteria-de-Laura-R-mermelada-de-damasco-300-g.jpg?v=638776696766800000,Galletas Rellenas y Bañadas,https://www.jumbo.cl/chocolates-galletas-y-snacks/galletas-dulces/galletas-rellenas-y-banadas,https://bff.jumbo.cl/catalog/plp,4,2026-02-26T18:10:30
85161,Galletas Mckay Mini Coco 40 g,Mckay,380,380,False,https://www.jumbo.cl/galleta-mckay-mini-coco-40grs-2/p,https://jumbocl.vteximg.com.br/arquivos/ids/365742-250-250/Galletas-Mini-coco-40g.jpg?v=638776760359400000,Galletas Mini,https://www.jumbo.cl/chocolates-galletas-y-snacks/galletas-dulces/galletas-mini,https://bff.jumbo.cl/catalog/plp,1,2026-02-26T18:10:37
146722,Caja 24 un. Galletas Mckay Mini Morocha 50 g,Mckay,6800,11000,True,https://www.jumbo.cl/galleta-mckay-mini-morocha-50grx24/p,https://jumbocl.vteximg.com.br/arquivos/ids/404367-250-250/990070-CS-01_703275.jpg?v=638776918621030000,Galletas Mini,https://www.jumbo.cl/chocolates-galletas-y-snacks/galletas-dulces/galletas-mini,https://bff.jumbo.cl/catalog/plp,1,2026-02-26T18:10:37
19083,Galletas Mini Choco Chips 35 g,Costa,330,330,False,https://www.jumbo.cl/galletas-con-chips-de-chococolate-costa-35-g/p,https://jumbocl.vteximg.com.br/arquivos/ids/353239-250-250/Galletas-Chocochips-35-g.jpg?v=638776696572830000,Galletas Mini,https://www.jumbo.cl/chocolates-galletas-y-snacks/galletas-dulces/galletas-mini,https://bff.jumbo.cl/catalog/plp,1,2026-02-26T18:10:37
146723,Caja 42 un. Galletas Mckay Mini Kuky 40 g,Mckay,11900,19200,True,https://www.jumbo.cl/galleta-mckay-mini-kuky-40gr-x42/p,https://jumbocl.vteximg.com.br/arquivos/ids/404368-250-250/269474-CS-01_703276.jpg?v=638776918621800000,Galletas Mini,https://www.jumbo.cl/chocolates-galletas-y-snacks/galletas-dulces/galletas-mini,https://bff.jumbo.cl/catalog/plp,1,2026-02-26T18:10:37
4132,Galletas Oreo Dulces Original Mini 40 g,Oreo,590,590,False,https://www.jumbo.cl/mini-galletas-oreo-bolsa-40-g-cacao-con-relleno-sabor-vainilla-2/p,https://jumbocl.vteximg.com.br/arquivos/ids/300129-250-250/Galletas-dulces-original-mini-40-g.jpg?v=638776371834130000,Galletas Mini,https://www.jumbo.cl/chocolates-galletas-y-snacks/galletas-dulces/galletas-mini,https://bff.jumbo.cl/catalog/plp,1,2026-02-26T18:10:37
4065,Galletas Chips Kuky Mini 40 g,Mckay,490,490,False,https://www.jumbo.cl/galletas-mckay-40-g-mini-kuky-sabor-chocolate/p,https://jumbocl.vteximg.com.br/arquivos/ids/300111-250-250/Galleta-Chips-Kuky-Mini-40-g.jpg?v=638776371799800000,Galletas Mini,https://www.jumbo.cl/chocolates-galletas-y-snacks/galletas-dulces/galletas-mini,https://bff.jumbo.cl/catalog/plp,1,2026-02-26T18:10:37
4069,Galletas Bañada Morocha 50 g,Mckay,450,450,False,https://www.jumbo.cl/galletas-mckay-bolsa-50-g-mini-morocha-con-cobertura-sabor-chocolate/p,https://jumbocl.vteximg.com.br/arquivos/ids/300175-250-250/Galleta-Ba%C3%B1ada-Morocha-50-g.jpg?v=638776371922070000,Galletas Mini,https://www.jumbo.cl/chocolates-galletas-y-snacks/galletas-dulces/galletas-mini,https://bff.jumbo.cl/catalog/plp,1,2026-02-26T18:10:37
4073,Galletas Triton Mini Vainilla 40 g,Mckay,490,490,False,https://www.jumbo.cl/galletas-triton-mckay-bolsa-40-g-minis-vainilla/p,https://jumbocl.vteximg.com.br/arquivos/ids/300221-250-250/Galleta-Triton-Mini-Vainilla-40-g.jpg?v=638776372046970000,Galletas Mini,https://www.jumbo.cl/chocolates-galletas-y-snacks/galletas-dulces/galletas-mini,https://bff.jumbo.cl/catalog/plp,1,2026-02-26T18:10:37
119482,Galletas Mini Palmerita 35 g,Costa,330,330,False,https://www.jumbo.cl/galleta-costa-mini-palmerita-35-gr-1939229/p,https://jumbocl.vteximg.com.br/arquivos/ids/384908-250-250/Galletas-Mini-Palmerita-35-g.jpg?v=638776842101200000,Galletas Mini,https://www.jumbo.cl/chocolates-galletas-y-snacks/galletas-dulces/galletas-mini,https://bff.jumbo.cl/catalog/plp,1,2026-02-26T18:10:37
146724,Caja 42 un. Galletas Mckay Triton Mini Vainilla 40 g,Mckay,11900,19200,True,https://www.jumbo.cl/gall-mckay-triton-mini-vainilla-40-grx42/p,https://jumbocl.vteximg.com.br/arquivos/ids/404374-250-250/1009438-CS-01_703277.jpg?v=638776918640400000,Galletas Mini,https://www.jumbo.cl/chocolates-galletas-y-snacks/galletas-dulces/galletas-mini,https://bff.jumbo.cl/catalog/plp,1,2026-02-26T18:10:37
163884,Caja 30 un. Galleta Costa Mini Brownie Chips 35 g,Costa,7400,9990,True,https://www.jumbo.cl/caja-mini-brownie-chips-30x35-gr/p,https://jumbocl.vteximg.com.br/arquivos/ids/573230-250-250/Caja-30-un-Galleta-Costa-Mini-Brownie-Chips-35-g.jpg?v=639058315758800000,Galletas Mini,https://www.jumbo.cl/chocolates-galletas-y-snacks/galletas-dulces/galletas-mini,https://bff.jumbo.cl/catalog/plp,1,2026-02-26T18:10:37
119483,Galletas Mini Mantequilla 35 g,Costa,330,330,False,https://www.jumbo.cl/galleta-costa-mini-mantequilla-35-gr-1939227/p,https://jumbocl.vteximg.com.br/arquivos/ids/384873-250-250/GALLETA-COSTA-MINI-MANTEQUILLA-35-GR.jpg?v=638776841932070000,Galletas Mini,https://www.jumbo.cl/chocolates-galletas-y-snacks/galletas-dulces/galletas-mini,https://bff.jumbo.cl/catalog/plp,1,2026-02-26T18:10:37
160285,Caja Galleta Costa Mini Palmerita 35 g,Costa,7400,9440,True,https://www.jumbo.cl/caja-galleta-costa-mini-palmerita-35-gr-1939229-cs/p,https://jumbocl.vteximg.com.br/arquivos/ids/573229-250-250/Caja-Galleta-Costa-Mini-Palmerita-35-g.jpg?v=639058315754070000,Galletas Mini,https://www.jumbo.cl/chocolates-galletas-y-snacks/galletas-dulces/galletas-mini,https://bff.jumbo.cl/catalog/plp,1,2026-02-26T18:10:37
3917,Galletas Mini Limón 35 g,Costa,330,330,False,https://www.jumbo.cl/galleta-mini-limon-costa-35-g/p,https://jumbocl.vteximg.com.br/arquivos/ids/347023-250-250/Galletas-mini-Limon-35-g.jpg?v=638776466031600000,Galletas Mini,https://www.jumbo.cl/chocolates-galletas-y-snacks/galletas-dulces/galletas-mini,https://bff.jumbo.cl/catalog/plp,1,2026-02-26T18:10:37
147888,Galletas Mckay Museo Retro 35G,Mckay,380,380,False,https://www.jumbo.cl/galleta-museo-2032695/p,https://jumbocl.vteximg.com.br/arquivos/ids/414516-250-250/GALLETA-MUSEO.jpg?v=638799225309200000,Galletas Mini,https://www.jumbo.cl/chocolates-galletas-y-snacks/galletas-dulces/galletas-mini,https://bff.jumbo.cl/catalog/plp,1,2026-02-26T18:10:37
4066,Galletas Mckay Mini Limón 40 g,Mckay,380,380,False,https://www.jumbo.cl/galletas-mckay-bolsa-40-g-mini-limon/p,https://jumbocl.vteximg.com.br/arquivos/ids/347091-250-250/Galletas-mini-Limon-40g.jpg?v=638776466947200000,Galletas Mini,https://www.jumbo.cl/chocolates-galletas-y-snacks/galletas-dulces/galletas-mini,https://bff.jumbo.cl/catalog/plp,1,2026-02-26T18:10:37
134637,Galletas Mini Brownie Chips 35 g,Costa,330,330,False,https://www.jumbo.cl/mini-brownie-chips-35-gr-1989458/p,https://jumbocl.vteximg.com.br/arquivos/ids/322976-250-250/Mini-Brownie-Chips-35-g.jpg?v=638776426558830000,Galletas Mini,https://www.jumbo.cl/chocolates-galletas-y-snacks/galletas-dulces/galletas-mini,https://bff.jumbo.cl/catalog/plp,1,2026-02-26T18:10:37
160281,Caja Galleta Costa Mini Chips Chocolate 35 g,Costa,7400,9990,True,https://www.jumbo.cl/caja-galleta-costa-mini-chips-choc-35-gr-269323-cs/p,https://jumbocl.vteximg.com.br/arquivos/ids/573231-250-250/Caja-Galleta-Costa-Mini-Chips-Chocolate-35-g.jpg?v=639058315763700000,Galletas Mini,https://www.jumbo.cl/chocolates-galletas-y-snacks/galletas-dulces/galletas-mini,https://bff.jumbo.cl/catalog/plp,1,2026-02-26T18:10:37
103570,Galletas Mini Nik 30 g,Costa,380,380,False,https://www.jumbo.cl/mini-nik-30x30-gr-1890065/p,https://jumbocl.vteximg.com.br/arquivos/ids/374071-250-250/Galletas-mini-Nik-30-g.jpg?v=638776798212130000,Galletas Mini,https://www.jumbo.cl/chocolates-galletas-y-snacks/galletas-dulces/galletas-mini,https://bff.jumbo.cl/catalog/plp,1,2026-02-26T18:10:37
160284,Caja Galleta Costa Mini Mantequilla 35 g,Costa,7400,9440,True,https://www.jumbo.cl/caja-galleta-costa-mini-mantequilla-35-gr-1939227-cs/p,https://jumbocl.vteximg.com.br/arquivos/ids/573227-250-250/Caja-Galleta-Costa-Mini-Mantequilla-35-g.jpg?v=639058315744700000,Galletas Mini,https://www.jumbo.cl/chocolates-galletas-y-snacks/galletas-dulces/galletas-mini,https://bff.jumbo.cl/catalog/plp,1,2026-02-26T18:10:37
160283,Caja Galleta Costa Mini Dulcita 35 g,Costa,7400,9440,True,https://www.jumbo.cl/caja-galleta-costa-mini-dulcita-35-gr-1939228-cs/p,https://jumbocl.vteximg.com.br/arquivos/ids/573228-250-250/Caja-Galleta-Costa-Mini-Dulcita-35-g.jpg?v=639058315749070000,Galletas Mini,https://www.jumbo.cl/chocolates-galletas-y-snacks/galletas-dulces/galletas-mini,https://bff.jumbo.cl/catalog/plp,1,2026-02-26T18:10:37
163887,Caja 30 un. Galleta Costa Mini Vino 35 g,Costa,7400,9440,True,https://www.jumbo.cl/caja-mini-vino-30x35-gr/p,https://jumbocl.vteximg.com.br/arquivos/ids/573232-250-250/Caja-30-un-Galleta-Costa-Mini-Vino-35-g.jpg?v=639058315767470000,Galletas Mini,https://www.jumbo.cl/chocolates-galletas-y-snacks/galletas-dulces/galletas-mini,https://bff.jumbo.cl/catalog/plp,1,2026-02-26T18:10:37
3959,Galletas Mini Vino 35 g,Costa,330,330,False,https://www.jumbo.cl/galletas-mini-costa-bolsa-40-g-vino-2/p,https://jumbocl.vteximg.com.br/arquivos/ids/347057-250-250/Galletas-mini-Vino-40-g.jpg?v=638776466490330000,Galletas Mini,https://www.jumbo.cl/chocolates-galletas-y-snacks/galletas-dulces/galletas-mini,https://bff.jumbo.cl/catalog/plp,1,2026-02-26T18:10:37
163885,Caja 30 un. Galleta Costa Mini Cocadita 35 g,Costa,7400,9990,True,https://www.jumbo.cl/caja-mini-cocadita-30x35-gr/p,https://jumbocl.vteximg.com.br/arquivos/ids/573226-250-250/Caja-30-un-Galleta-Costa-Mini-Cocadita-35-g.jpg?v=639058315738830000,Galletas Mini,https://www.jumbo.cl/chocolates-galletas-y-snacks/galletas-dulces/galletas-mini,https://bff.jumbo.cl/catalog/plp,1,2026-02-26T18:10:37
163886,Caja 30 un. Galleta Costa Mini Limón 35 g,Costa,7400,9440,True,https://www.jumbo.cl/caja-mini-limon-30x35-gr/p,https://jumbocl.vteximg.com.br/arquivos/ids/573225-250-250/Caja-30-un-Galleta-Costa-Mini-Limon-35-g.jpg?v=639058315728930000,Galletas Mini,https://www.jumbo.cl/chocolates-galletas-y-snacks/galletas-dulces/galletas-mini,https://bff.jumbo.cl/catalog/plp,1,2026-02-26T18:10:37
119460,Galletas Mini Dulcita 35 g,Costa,330,330,False,https://www.jumbo.cl/galleta-costa-mini-dulcita-35-gr-1939228/p,https://jumbocl.vteximg.com.br/arquivos/ids/384884-250-250/GALLETA-COSTA-MINI-DULCITA-35-GR.jpg?v=638776841981100000,Galletas Mini,https://www.jumbo.cl/chocolates-galletas-y-snacks/galletas-dulces/galletas-mini,https://bff.jumbo.cl/catalog/plp,1,2026-02-26T18:10:37
119448,Galletas Mini Cocadita 35 g,Costa,330,330,False,https://www.jumbo.cl/galleta-costa-mini-cocadita-35-gr-1939226/p,https://jumbocl.vteximg.com.br/arquivos/ids/384861-250-250/Galletas-Mini-Cocadita-35-g.jpg?v=638776841889500000,Galletas Mini,https://www.jumbo.cl/chocolates-galletas-y-snacks/galletas-dulces/galletas-mini,https://bff.jumbo.cl/catalog/plp,1,2026-02-26T18:10:37
72771,Galletas Mini Donuts 40 g,Costa,430,430,False,https://www.jumbo.cl/galleta-costa-mini-donuts-40-g/p,https://jumbocl.vteximg.com.br/arquivos/ids/362627-250-250/Galleta-mini-donuts-40-g.jpg?v=638776744074370000,Galletas Mini,https://www.jumbo.cl/chocolates-galletas-y-snacks/galletas-dulces/galletas-mini,https://bff.jumbo.cl/catalog/plp,1,2026-02-26T18:10:37
4068,Galletas Mckay Mini Vino 40 g,Mckay,380,380,False,https://www.jumbo.cl/galletas-mckay-bolsa-40-g-mini-vino/p,https://jumbocl.vteximg.com.br/arquivos/ids/347096-250-250/Galletas-Mini-vino-40g.jpg?v=638776467004800000,Galletas Mini,https://www.jumbo.cl/chocolates-galletas-y-snacks/galletas-dulces/galletas-mini,https://bff.jumbo.cl/catalog/plp,1,2026-02-26T18:10:37
140860,Galletas Triton Mini Chocolate 40 g,Mckay,490,490,False,https://www.jumbo.cl/galleta-triton-mini-chocolate-40gr-2004851/p,https://jumbocl.vteximg.com.br/arquivos/ids/335527-250-250/GALLETA-TRITON-MINI-CHOCOLATE-40GR.jpg?v=638776436556030000,Galletas Mini,https://www.jumbo.cl/chocolates-galletas-y-snacks/galletas-dulces/galletas-mini,https://bff.jumbo.cl/catalog/plp,1,2026-02-26T18:10:37
125626,Galletas Mini Donuts Blanca 35 g,Costa,430,430,False,https://www.jumbo.cl/mini-donuts-blanca-35-gr-1960691/p,https://jumbocl.vteximg.com.br/arquivos/ids/391446-250-250/Galletas-Mini-Donuts-Blanca-35-g.jpg?v=638776867707630000,Galletas Mini,https://www.jumbo.cl/chocolates-galletas-y-snacks/galletas-dulces/galletas-mini,https://bff.jumbo.cl/catalog/plp,1,2026-02-26T18:10:37
147887,Galletas Tritón Mini Galletas Naranja 40 g,Mckay,490,490,False,https://www.jumbo.cl/galleta-triton-2032694/p,https://jumbocl.vteximg.com.br/arquivos/ids/414500-250-250/GALLETA-TRITON.jpg?v=638799225166570000,Galletas Mini,https://www.jumbo.cl/chocolates-galletas-y-snacks/galletas-dulces/galletas-mini,https://bff.jumbo.cl/catalog/plp,1,2026-02-26T18:10:37
115523,Galletas Mini Chubi 35 g,Arcor,440,440,False,https://www.jumbo.cl/galleta-mini-chubi-35g-1928707/p,https://jumbocl.vteximg.com.br/arquivos/ids/381703-250-250/GALLETA-MINI-CHUBI-35G.jpg?v=638776828145500000,Galletas Mini,https://www.jumbo.cl/chocolates-galletas-y-snacks/galletas-dulces/galletas-mini,https://bff.jumbo.cl/catalog/plp,1,2026-02-26T18:10:37
3883,Galletas Mini Conquista 35 g,Arcor,280,280,False,https://www.jumbo.cl/galletas-arcor-35-g-mini-conquista/p,https://jumbocl.vteximg.com.br/arquivos/ids/347015-250-250/1607111.jpg?v=638776465903670000,Galletas Mini,https://www.jumbo.cl/chocolates-galletas-y-snacks/galletas-dulces/galletas-mini,https://bff.jumbo.cl/catalog/plp,1,2026-02-26T18:10:37
4067,Galletas Mckay Mini Mantequilla 40 g,Mckay,380,380,False,https://www.jumbo.cl/galletas-mckay-bolsa-40-g-mini-mantequilla/p,https://jumbocl.vteximg.com.br/arquivos/ids/347093-250-250/Galletas-Mini-mantequilla-40g.jpg?v=638776466970300000,Galletas Mini,https://www.jumbo.cl/chocolates-galletas-y-snacks/galletas-dulces/galletas-mini,https://bff.jumbo.cl/catalog/plp,1,2026-02-26T18:10:37
19104,Galletas Mini Dinosaurios 35 g,Arcor,280,280,False,https://www.jumbo.cl/galletas-arcor-35-g-mini-dinosaurios/p,https://jumbocl.vteximg.com.br/arquivos/ids/304184-250-250/Galletas-Mini-Dinosaurios-35-g.jpg?v=638776379387600000,Galletas Mini,https://www.jumbo.cl/chocolates-galletas-y-snacks/galletas-dulces/galletas-mini,https://bff.jumbo.cl/catalog/plp,1,2026-02-26T18:10:37
19109,Galletas Chockiss 35 g,Arcor,280,280,False,https://www.jumbo.cl/galletas-arcor-35-g-mini-chockiss/p,https://jumbocl.vteximg.com.br/arquivos/ids/353253-250-250/1607112.jpg?v=638776696632330000,Galletas Mini,https://www.jumbo.cl/chocolates-galletas-y-snacks/galletas-dulces/galletas-mini,https://bff.jumbo.cl/catalog/plp,1,2026-02-26T18:10:37
120838,Galletas de Maíz Mizos Chocolate 20 g,Mizos,580,580,False,https://www.jumbo.cl/galleta-maiz-con-chocolate-mizos-20-gr-1946095/p,https://jumbocl.vteximg.com.br/arquivos/ids/317488-250-250/Galletas-de-Maiz-Mizos-Chocolate-20-g.jpg?v=638776412251800000,Galletas Mini,https://www.jumbo.cl/chocolates-galletas-y-snacks/galletas-dulces/galletas-mini,https://bff.jumbo.cl/catalog/plp,1,2026-02-26T18:10:37
146721,Caja 42 un. Galletas Mckay Mini Vino 40 g,Mckay,14650,14650,False,https://www.jumbo.cl/galleta-mckay-mini-vino-40grx42/p,https://jumbocl.vteximg.com.br/arquivos/ids/404370-250-250/917167-CS-01_703274.jpg?v=638776918623830000,Galletas Mini,https://www.jumbo.cl/chocolates-galletas-y-snacks/galletas-dulces/galletas-mini,https://bff.jumbo.cl/catalog/plp,1,2026-02-26T18:10:37
153233,Caja 54 un. Galletas Oreo Mini Sabor Original 40 g,Oreo,31860,31860,False,https://www.jumbo.cl/caja-54-un-galletas-oreo-mini-40-g-993782-cs/p,https://jumbocl.vteximg.com.br/arquivos/ids/482066-250-250/Caja-54-un-Galletas-Oreo-Mini-Sabor-Original-40-g.jpg?v=638884158648570000,Galletas Mini,https://www.jumbo.cl/chocolates-galletas-y-snacks/galletas-dulces/galletas-mini,https://bff.jumbo.cl/catalog/plp,1,2026-02-26T18:10:37
99283,Pack Galletas Nutrisa Sin Sellos 180 g,Nutrisa,2090,2090,False,https://www.jumbo.cl/pack-galletas-sin-sellos-nutrisa-180-gr-1869740/p,https://jumbocl.vteximg.com.br/arquivos/ids/313295-250-250/Pack-galletas-sin-sellos-180-g.jpg?v=638776399337600000,Galletas Mini,https://www.jumbo.cl/chocolates-galletas-y-snacks/galletas-dulces/galletas-mini,https://bff.jumbo.cl/catalog/plp,2,2026-02-26T18:10:41
104080,Galletas Cuetara Mini Cookies 120 g,Cuetara,3590,3590,False,https://www.jumbo.cl/galletas-mini-cookies-cuetara-120-gr-1887344/p,https://jumbocl.vteximg.com.br/arquivos/ids/374624-250-250/Galletas-mini-cookies-120-g.jpg?v=638776800146200000,Galletas Mini,https://www.jumbo.cl/chocolates-galletas-y-snacks/galletas-dulces/galletas-mini,https://bff.jumbo.cl/catalog/plp,2,2026-02-26T18:10:41
147614,Pack 5 un. Galletas Underfive Cacao 30 g,Underfive,2990,3990,True,https://www.jumbo.cl/pack-gallet-5-30g-2025419/p,https://jumbocl.vteximg.com.br/arquivos/ids/413726-250-250/Pack-5-un-Galletas-Underfive-Cacao-30-g.jpg?v=638798099064870000,Galletas Mini,https://www.jumbo.cl/chocolates-galletas-y-snacks/galletas-dulces/galletas-mini,https://bff.jumbo.cl/catalog/plp,2,2026-02-26T18:10:41
147615,Pack 5 un. Galletas Underfive Manzana 30 g,Underfive,2990,3990,True,https://www.jumbo.cl/pack-gallet-5-30g-2025420/p,https://jumbocl.vteximg.com.br/arquivos/ids/414367-250-250/Pack-5-un-Galletas-Underfive-Manzana-30-g.jpg?v=638799206105300000,Galletas Mini,https://www.jumbo.cl/chocolates-galletas-y-snacks/galletas-dulces/galletas-mini,https://bff.jumbo.cl/catalog/plp,2,2026-02-26T18:10:41
19188,Galletas de Arroz Snack Adventure Pera Sin Gluten 50 g,Snack Adventure,830,830,False,https://www.jumbo.cl/galletas-snack-adventure-50-g-sabor-arroz-pera/p,https://jumbocl.vteximg.com.br/arquivos/ids/353283-250-250/Galletas-de-arroz-y-pera-sin-gluten-50-g.jpg?v=638776696748130000,Galletas Mini,https://www.jumbo.cl/chocolates-galletas-y-snacks/galletas-dulces/galletas-mini,https://bff.jumbo.cl/catalog/plp,2,2026-02-26T18:10:41
54898,Galletas de Maíz Snack Adventure Pera Sin Gluten 50 g,Snack Adventure,830,830,False,https://www.jumbo.cl/galletas-snack-adventure-s-gluten-ma-z-pera-50-g/p,https://jumbocl.vteximg.com.br/arquivos/ids/359523-250-250/1064541.jpg?v=638776728631900000,Galletas Mini,https://www.jumbo.cl/chocolates-galletas-y-snacks/galletas-dulces/galletas-mini,https://bff.jumbo.cl/catalog/plp,2,2026-02-26T18:10:41
4078,Galletas Oblea Alteza Helado 140 g,Mckay,1630,1630,False,https://www.jumbo.cl/oblea-mckay-140-g-alteza-sabor-helado/p,https://jumbocl.vteximg.com.br/arquivos/ids/299969-250-250/Galleta-Oblea-Alteza-Helado-140-g.jpg?v=638776371506300000,Galletas Obleas y Champagne,https://www.jumbo.cl/chocolates-galletas-y-snacks/galletas-dulces/galletas-obleas-y-champagne,https://bff.jumbo.cl/catalog/plp,1,2026-02-26T18:10:55
4054,Galletas Mckay Criollitas 100 g,Mckay,1000,1390,True,https://www.jumbo.cl/galletas-criollitas-mckay-bolsa-100-g-criollitas-sabor-vainilla/p,https://jumbocl.vteximg.com.br/arquivos/ids/573188-250-250/Galletas-Mckay-Criollitas-100-g.jpg?v=639053949665000000,Galletas Obleas y Champagne,https://www.jumbo.cl/chocolates-galletas-y-snacks/galletas-dulces/galletas-obleas-y-champagne,https://bff.jumbo.cl/catalog/plp,1,2026-02-26T18:10:55
3935,Galletas Nik Bocado 71 g,Costa,580,580,False,https://www.jumbo.cl/galletas-dulces-costa-71-g-bocado-nik/p,https://jumbocl.vteximg.com.br/arquivos/ids/347039-250-250/Galletas-Nik-bocado-71-g.jpg?v=638776466239300000,Galletas Obleas y Champagne,https://www.jumbo.cl/chocolates-galletas-y-snacks/galletas-dulces/galletas-obleas-y-champagne,https://bff.jumbo.cl/catalog/plp,1,2026-02-26T18:10:55
4077,Galletas Oblea Alteza Chirimoya 140 g,Mckay,1630,1630,False,https://www.jumbo.cl/oblea-mckay-140-g-alteza-sabor-chirimoya/p,https://jumbocl.vteximg.com.br/arquivos/ids/299938-250-250/Galleta-Oblea-Alteza-Chirimoya-140-g.jpg?v=638776371456470000,Galletas Obleas y Champagne,https://www.jumbo.cl/chocolates-galletas-y-snacks/galletas-dulces/galletas-obleas-y-champagne,https://bff.jumbo.cl/catalog/plp,1,2026-02-26T18:10:55
4170,Galletas de Champaña Matilde Vicenzi 200 g,Matilde Vicenzi,1673,2390,True,https://www.jumbo.cl/galletas-champana-vicenzono-vicenzi-200-g/p,https://jumbocl.vteximg.com.br/arquivos/ids/300018-250-250/Galletas-de-champa%C3%B1a-200-g.jpg?v=638776371593800000,Galletas Obleas y Champagne,https://www.jumbo.cl/chocolates-galletas-y-snacks/galletas-dulces/galletas-obleas-y-champagne,https://bff.jumbo.cl/catalog/plp,1,2026-02-26T18:10:55
90854,Galletas Gullón Champaña 200 g,Gullón,1990,2690,True,https://www.jumbo.cl/galletas-de-champagne-200-g/p,https://jumbocl.vteximg.com.br/arquivos/ids/367529-250-250/Galletas-de-champagne-200-g.jpg?v=638776768365030000,Galletas Obleas y Champagne,https://www.jumbo.cl/chocolates-galletas-y-snacks/galletas-dulces/galletas-obleas-y-champagne,https://bff.jumbo.cl/catalog/plp,1,2026-02-26T18:10:55
4076,Galletas Oblea Alteza Bocado 140 g,Mckay,1630,1630,False,https://www.jumbo.cl/oblea-mckay-140-g-alteza-sabor-bocado/p,https://jumbocl.vteximg.com.br/arquivos/ids/299919-250-250/Galleta-Oblea-Alteza-Bocado-140-g.jpg?v=638776371404770000,Galletas Obleas y Champagne,https://www.jumbo.cl/chocolates-galletas-y-snacks/galletas-dulces/galletas-obleas-y-champagne,https://bff.jumbo.cl/catalog/plp,1,2026-02-26T18:10:55
4075,Galletas Oblea Alteza Frutilla 140 g,Mckay,1630,1630,False,https://www.jumbo.cl/oblea-alteza-mckay-140-g-alteza-sabor-frutilla/p,https://jumbocl.vteximg.com.br/arquivos/ids/300230-250-250/Galleta-Oblea-Alteza-Frutilla-140-g.jpg?v=638776372120300000,Galletas Obleas y Champagne,https://www.jumbo.cl/chocolates-galletas-y-snacks/galletas-dulces/galletas-obleas-y-champagne,https://bff.jumbo.cl/catalog/plp,1,2026-02-26T18:10:55
153044,Galletas Mckay Criollitas Clásica 175 g,Mckay,2650,2650,False,https://www.jumbo.cl/galleta-criollita-mc-kay-175g-2041991/p,https://jumbocl.vteximg.com.br/arquivos/ids/579606-250-250/Galletas-Mckay-Criollitas-Clasica-175-g.jpg?v=639071562721970000,Galletas Obleas y Champagne,https://www.jumbo.cl/chocolates-galletas-y-snacks/galletas-dulces/galletas-obleas-y-champagne,https://bff.jumbo.cl/catalog/plp,1,2026-02-26T18:10:55
153791,Galleta Oblea Larga Chocolate 120 g,Costa,1290,1450,True,https://www.jumbo.cl/galleta-oblea-larga-chocolate-120-gr-2044473/p,https://jumbocl.vteximg.com.br/arquivos/ids/491993-250-250/Galleta-Oblea-Larga-Chocolate-120-g.jpg?v=638905694119300000,Galletas Obleas y Champagne,https://www.jumbo.cl/chocolates-galletas-y-snacks/galletas-dulces/galletas-obleas-y-champagne,https://bff.jumbo.cl/catalog/plp,1,2026-02-26T18:10:55
3936,Galletas Nik Limón 71 g,Costa,580,580,False,https://www.jumbo.cl/galletas-dulces-costa-71-g-limon-nik/p,https://jumbocl.vteximg.com.br/arquivos/ids/347040-250-250/498071001-01_3840.jpg?v=638776466253930000,Galletas Obleas y Champagne,https://www.jumbo.cl/chocolates-galletas-y-snacks/galletas-dulces/galletas-obleas-y-champagne,https://bff.jumbo.cl/catalog/plp,1,2026-02-26T18:10:55
146058,Galletas Nik Chirimoya 71 g,Costa,580,580,False,https://www.jumbo.cl/galleta-nik-chirimoya-alegre-71-gr-2021682/p,https://jumbocl.vteximg.com.br/arquivos/ids/344623-250-250/GALLETA-NIK-CHIRIMOYA-ALEGRE-71-GR.jpg?v=638776444093570000,Galletas Obleas y Champagne,https://www.jumbo.cl/chocolates-galletas-y-snacks/galletas-dulces/galletas-obleas-y-champagne,https://bff.jumbo.cl/catalog/plp,1,2026-02-26T18:10:55
3937,Galletas Nik Frutilla 71 g,Costa,580,580,False,https://www.jumbo.cl/galletas-dulces-costa-71-g-nik-frutilla/p,https://jumbocl.vteximg.com.br/arquivos/ids/347041-250-250/Galletas-Nik-frutilla-71-g.jpg?v=638776466267700000,Galletas Obleas y Champagne,https://www.jumbo.cl/chocolates-galletas-y-snacks/galletas-dulces/galletas-obleas-y-champagne,https://bff.jumbo.cl/catalog/plp,1,2026-02-26T18:10:55
4171,Galletas de Champaña Matilde Vicenzi 400 g,Matilde Vicenzi,3353,4790,True,https://www.jumbo.cl/galletas-champana-vicenzono-vicenzi-bolsa-400-g/p,https://jumbocl.vteximg.com.br/arquivos/ids/300030-250-250/Galletas-de-champa%C3%B1a-400-g.jpg?v=638776371620400000,Galletas Obleas y Champagne,https://www.jumbo.cl/chocolates-galletas-y-snacks/galletas-dulces/galletas-obleas-y-champagne,https://bff.jumbo.cl/catalog/plp,1,2026-02-26T18:10:55
153400,Galletas Oblea Alteza Choco Vainilla 140 g,Mckay,1630,1630,False,https://www.jumbo.cl/galleta-alteza-2041427/p,https://jumbocl.vteximg.com.br/arquivos/ids/488686-250-250/GALLETA-ALTEZA.jpg?v=638895037971270000,Galletas Obleas y Champagne,https://www.jumbo.cl/chocolates-galletas-y-snacks/galletas-dulces/galletas-obleas-y-champagne,https://bff.jumbo.cl/catalog/plp,1,2026-02-26T18:10:55
140637,Galletas Mckay Criollitas 80 g,Mckay,1390,1390,False,https://www.jumbo.cl/mckay-criollita-80gr-2005177/p,https://jumbocl.vteximg.com.br/arquivos/ids/573138-250-250/Galletas-Mckay-Criollitas-80-g.jpg?v=639053949331370000,Galletas Obleas y Champagne,https://www.jumbo.cl/chocolates-galletas-y-snacks/galletas-dulces/galletas-obleas-y-champagne,https://bff.jumbo.cl/catalog/plp,1,2026-02-26T18:10:55
3918,Galletas Champaña 140 g,Costa,2090,2090,False,https://www.jumbo.cl/galletas-champana-costa-140-g-dulces-azucaradas/p,https://jumbocl.vteximg.com.br/arquivos/ids/347024-250-250/Galletas-Champa%C3%B1a-140-g.jpg?v=638776466042970000,Galletas Obleas y Champagne,https://www.jumbo.cl/chocolates-galletas-y-snacks/galletas-dulces/galletas-obleas-y-champagne,https://bff.jumbo.cl/catalog/plp,1,2026-02-26T18:10:55
64977,Galletas Santa Oblea con Manjar 74 g,Santa Oblea,1490,1490,False,https://www.jumbo.cl/galletas-oblea-santa-oblea-con-manjar-74-g/p,https://jumbocl.vteximg.com.br/arquivos/ids/361445-250-250/Galletas-Santa-Oblea-con-manjar-74-g.jpg?v=638776737341400000,Galletas Obleas y Champagne,https://www.jumbo.cl/chocolates-galletas-y-snacks/galletas-dulces/galletas-obleas-y-champagne,https://bff.jumbo.cl/catalog/plp,1,2026-02-26T18:10:55
150476,Galleta Wafer Tirma Bañado en Chocolate con Leche 86 g,Tirma,1393,1990,True,https://www.jumbo.cl/galleta-tirma-choc-2037254/p,https://jumbocl.vteximg.com.br/arquivos/ids/526375-250-250/Galleta-Wafer-Tirma-Ba%C3%B1ado-en-Chocolate-con-Leche-86-g.jpg?v=638966657009000000,Galletas Obleas y Champagne,https://www.jumbo.cl/chocolates-galletas-y-snacks/galletas-dulces/galletas-obleas-y-champagne,https://bff.jumbo.cl/catalog/plp,1,2026-02-26T18:10:55
79833,Galletas Bañadas Super 8 - 232 g,Super 8,3690,3690,False,https://www.jumbo.cl/bolsa-oblea-banada-super-8-de-8-unid-29-g-c-u/p,https://jumbocl.vteximg.com.br/arquivos/ids/364315-250-250/Oblea-Super-8-bolsa-292-g.jpg?v=638776753440230000,Galletas Obleas y Champagne,https://www.jumbo.cl/chocolates-galletas-y-snacks/galletas-dulces/galletas-obleas-y-champagne,https://bff.jumbo.cl/catalog/plp,1,2026-02-26T18:10:55
83225,Chocolate Super 8 Mini 7 g 20 un.,Nestlé,2690,2690,False,https://www.jumbo.cl/bolsa-super-8-mini-20gr-7-uni/p,https://jumbocl.vteximg.com.br/arquivos/ids/365301-250-250/Chocolate-Super-8-Mini-20-un-7-g-c-u.jpg?v=638776758188370000,Galletas Obleas y Champagne,https://www.jumbo.cl/chocolates-galletas-y-snacks/galletas-dulces/galletas-obleas-y-champagne,https://bff.jumbo.cl/catalog/plp,1,2026-02-26T18:10:55
3964,Galletas Oblea Mini Cua Cua Cubierta de Chocolate con Vainilla 42 g,Cua Cua,640,640,False,https://www.jumbo.cl/galletas-mini-cua-cua-42-g-obleas-2/p,https://jumbocl.vteximg.com.br/arquivos/ids/347060-250-250/Galleta-oblea-mini-Cua-Cua-cubierta-de-chocolate-con-vainilla-42-g.jpg?v=638776466534230000,Galletas Obleas y Champagne,https://www.jumbo.cl/chocolates-galletas-y-snacks/galletas-dulces/galletas-obleas-y-champagne,https://bff.jumbo.cl/catalog/plp,1,2026-02-26T18:10:55
126006,Galletas Nik Block 130 g,Costa,1550,1550,False,https://www.jumbo.cl/nik-block-130-gr-1961210/p,https://jumbocl.vteximg.com.br/arquivos/ids/391746-250-250/Nik-Block-130-g.jpg?v=638776868810830000,Galletas Obleas y Champagne,https://www.jumbo.cl/chocolates-galletas-y-snacks/galletas-dulces/galletas-obleas-y-champagne,https://bff.jumbo.cl/catalog/plp,1,2026-02-26T18:10:55
3938,Galletas Champañitas 85 g,Costa,1000,1000,False,https://www.jumbo.cl/galletas-dulces-costa-85-g-champanitas/p,https://jumbocl.vteximg.com.br/arquivos/ids/347042-250-250/Galletas-Champa%C3%B1ita-85-g.jpg?v=638776466282500000,Galletas Obleas y Champagne,https://www.jumbo.cl/chocolates-galletas-y-snacks/galletas-dulces/galletas-obleas-y-champagne,https://bff.jumbo.cl/catalog/plp,1,2026-02-26T18:10:55
148509,Galleta Vicenzi Champaña Frutilla 200 g,Vicenzi,2093,2990,True,https://www.jumbo.cl/vicenzi-fruti-200g/p,https://jumbocl.vteximg.com.br/arquivos/ids/424371-250-250/VICENZI-FRUTI-200G.jpg?v=638810575021470000,Galletas Obleas y Champagne,https://www.jumbo.cl/chocolates-galletas-y-snacks/galletas-dulces/galletas-obleas-y-champagne,https://bff.jumbo.cl/catalog/plp,1,2026-02-26T18:10:55
106327,Obleas Mais Hershey's 102 g,Hershey's,2000,2000,False,https://www.jumbo.cl/obleas-hersheys-mais-102-gr-1898260/p,https://jumbocl.vteximg.com.br/arquivos/ids/375900-250-250/Obleas-Mais-102-g.jpg?v=638776805426000000,Galletas Obleas y Champagne,https://www.jumbo.cl/chocolates-galletas-y-snacks/galletas-dulces/galletas-obleas-y-champagne,https://bff.jumbo.cl/catalog/plp,1,2026-02-26T18:10:55
153787,Galleta Oblea Larga Vainilla 120 g,Costa,1290,1450,True,https://www.jumbo.cl/galleta-oblea-larga-vainilla-120-gr-2045060/p,https://jumbocl.vteximg.com.br/arquivos/ids/491657-250-250/Galletas-Oblea-Larga-Vainilla-120-g.jpg?v=638905524848570000,Galletas Obleas y Champagne,https://www.jumbo.cl/chocolates-galletas-y-snacks/galletas-dulces/galletas-obleas-y-champagne,https://bff.jumbo.cl/catalog/plp,1,2026-02-26T18:10:55
18889,Galletas Hanuta Mini Bolsa 200 g,Hanuta,5990,5990,False,https://www.jumbo.cl/bolsa-hanuta-mini-200-g/p,https://jumbocl.vteximg.com.br/arquivos/ids/304201-250-250/Galletas-Hanuta-mini-bolsa-200-g.jpg?v=638776379450330000,Galletas Obleas y Champagne,https://www.jumbo.cl/chocolates-galletas-y-snacks/galletas-dulces/galletas-obleas-y-champagne,https://bff.jumbo.cl/catalog/plp,1,2026-02-26T18:10:55
106349,Obleas Mais Hershey's Chocolate con Leche 102 g,Hershey's,2000,2000,False,https://www.jumbo.cl/obleas-hersheys-mais-c-c-102-gr-1898261/p,https://jumbocl.vteximg.com.br/arquivos/ids/375925-250-250/Obleas-Mais-chocolate-con-leche-102-g.jpg?v=638776805543230000,Galletas Obleas y Champagne,https://www.jumbo.cl/chocolates-galletas-y-snacks/galletas-dulces/galletas-obleas-y-champagne,https://bff.jumbo.cl/catalog/plp,1,2026-02-26T18:10:55
82248,Oblea Bañada Super 8 29 g,Nestlé,550,550,False,https://www.jumbo.cl/oblea-super-8-29g/p,https://jumbocl.vteximg.com.br/arquivos/ids/311366-250-250/Oblea-Ba%C3%B1ada-Super-8-29G.jpg?v=638776393590100000,Galletas Obleas y Champagne,https://www.jumbo.cl/chocolates-galletas-y-snacks/galletas-dulces/galletas-obleas-y-champagne,https://bff.jumbo.cl/catalog/plp,1,2026-02-26T18:10:55
150475,Galleta Wafer Tirma Bañado en Chocolate Blanco 86 g,Tirma,1393,1990,True,https://www.jumbo.cl/galleta-tirma-wafb-2039274/p,https://jumbocl.vteximg.com.br/arquivos/ids/526410-250-250/Galleta-Wafer-Tirma-Ba%C3%B1ado-en-Chocolate-Blanco-86-g.jpg?v=638966657105170000,Galletas Obleas y Champagne,https://www.jumbo.cl/chocolates-galletas-y-snacks/galletas-dulces/galletas-obleas-y-champagne,https://bff.jumbo.cl/catalog/plp,1,2026-02-26T18:10:55
150477,Galleta Wafer Tirma Zero 64 g,Tirma,1393,1990,True,https://www.jumbo.cl/galleta-tirma-zero-2037253/p,https://jumbocl.vteximg.com.br/arquivos/ids/526368-250-250/Galleta-Wafer-Tirma-Zero-64-g.jpg?v=638966656996500000,Galletas Obleas y Champagne,https://www.jumbo.cl/chocolates-galletas-y-snacks/galletas-dulces/galletas-obleas-y-champagne,https://bff.jumbo.cl/catalog/plp,1,2026-02-26T18:10:55
150474,Galleta Wafer Tirma Avellana Chocolate con Leche 86 g,Tirma,1393,1990,True,https://www.jumbo.cl/galleta-tirma-wafa-2037255/p,https://jumbocl.vteximg.com.br/arquivos/ids/526380-250-250/Galleta-Wafer-Tirma-Avellana-Chocolate-con-Leche-86-g.jpg?v=638966657019530000,Galletas Obleas y Champagne,https://www.jumbo.cl/chocolates-galletas-y-snacks/galletas-dulces/galletas-obleas-y-champagne,https://bff.jumbo.cl/catalog/plp,1,2026-02-26T18:10:55
64976,Galletas Santa Oblea Gigante 72 g,Santa Oblea,3290,3290,False,https://www.jumbo.cl/galletas-oblea-santa-oblea-gigante-72-g/p,https://jumbocl.vteximg.com.br/arquivos/ids/361444-250-250/Galletas-Santa-Oblea-gigante-72-g.jpg?v=638776737341100000,Galletas Obleas y Champagne,https://www.jumbo.cl/chocolates-galletas-y-snacks/galletas-dulces/galletas-obleas-y-champagne,https://bff.jumbo.cl/catalog/plp,1,2026-02-26T18:10:55
142528,Galletas Oblea Cuisine & Co Vainilla 140 g,Cuisine & Co,1470,1470,False,https://www.jumbo.cl/galleta-oblea-vainilla-c-and-co-140-grs-1998564/p,https://jumbocl.vteximg.com.br/arquivos/ids/421521-250-250/Galleta-Oblea-Vainilla-Cuisne---Co-140-g.jpg?v=638809562860170000,Galletas Obleas y Champagne,https://www.jumbo.cl/chocolates-galletas-y-snacks/galletas-dulces/galletas-obleas-y-champagne,https://bff.jumbo.cl/catalog/plp,1,2026-02-26T18:10:55
153716,Pack 6 un. Galletas Super 8 - 29 g,Nestlé,2000,2590,True,https://www.jumbo.cl/galleta-super-8-pack-6x29g-2037991/p,https://jumbocl.vteximg.com.br/arquivos/ids/488682-250-250/GALLETA-SUPER-8-PACK-6X29G.jpg?v=638895037953100000,Galletas Obleas y Champagne,https://www.jumbo.cl/chocolates-galletas-y-snacks/galletas-dulces/galletas-obleas-y-champagne,https://bff.jumbo.cl/catalog/plp,1,2026-02-26T18:10:55
142526,Galletas Oblea Cuisine & Co Frutilla 140 g,Cuisine & Co,1470,1470,False,https://www.jumbo.cl/galleta-oblea-frutilla-c-and-co-140-grs-1998556/p,https://jumbocl.vteximg.com.br/arquivos/ids/421502-250-250/Galleta-Oblea-Frutilla-Cuisne---Co-140-g.jpg?v=638809562608930000,Galletas Obleas y Champagne,https://www.jumbo.cl/chocolates-galletas-y-snacks/galletas-dulces/galletas-obleas-y-champagne,https://bff.jumbo.cl/catalog/plp,1,2026-02-26T18:10:55
4424,Barquillos Gullón Sabor Vainilla Sin Azúcar 180 g,Gullón,2990,3550,True,https://www.jumbo.cl/barquillo-gullon-envase-210-g-sabor-vainilla-sin-azucar/p,https://jumbocl.vteximg.com.br/arquivos/ids/347280-250-250/Barquillo-sabor-Vainilla-Sin-Azucar-180-g.jpg?v=638776469403900000,Galletas Obleas y Champagne,https://www.jumbo.cl/chocolates-galletas-y-snacks/galletas-dulces/galletas-obleas-y-champagne,https://bff.jumbo.cl/catalog/plp,1,2026-02-26T18:10:55
69911,Galletas de Champaña Matilde Vicenzi Sin Gluten 125 g,Matilde Vicenzi,3353,4790,True,https://www.jumbo.cl/galleta-vicenzi-champana-sin-gluten-125g/p,https://jumbocl.vteximg.com.br/arquivos/ids/309931-250-250/Galletas-de-champa%C3%B1a-sin-gluten-125-g.jpg?v=638776390288570000,Galletas Obleas y Champagne,https://www.jumbo.cl/chocolates-galletas-y-snacks/galletas-dulces/galletas-obleas-y-champagne,https://bff.jumbo.cl/catalog/plp,1,2026-02-26T18:10:55
4015,Barquillos Gullón Sabor Chocolate 180 g,Gullón,2990,3550,True,https://www.jumbo.cl/galleta-gullon-210-g-sabor-chocolate-sin-azucar-diet-nature/p,https://jumbocl.vteximg.com.br/arquivos/ids/347076-250-250/Barquillo-sabor-chocolate-180-g.jpg?v=638776466762370000,Galletas Obleas y Champagne,https://www.jumbo.cl/chocolates-galletas-y-snacks/galletas-dulces/galletas-obleas-y-champagne,https://bff.jumbo.cl/catalog/plp,1,2026-02-26T18:10:55
142527,Galletas Oblea Cuisine & Co Chocolate 140 g,Cuisine & Co,1470,1470,False,https://www.jumbo.cl/galleta-oblea-chocolate-c-and-co-140-grs-1998562/p,https://jumbocl.vteximg.com.br/arquivos/ids/421548-250-250/Galleta-Oblea-Chocolate-Cuisne---Co-140-g.jpg?v=638809563476000000,Galletas Obleas y Champagne,https://www.jumbo.cl/chocolates-galletas-y-snacks/galletas-dulces/galletas-obleas-y-champagne,https://bff.jumbo.cl/catalog/plp,2,2026-02-26T18:10:59
158873,Galleta Knoppers 25 g,Storck,1090,1090,False,https://www.jumbo.cl/galleta-knoppers-25gr-2054036/p,https://jumbocl.vteximg.com.br/arquivos/ids/533268-250-250/Galleta-Knoppers-25-g.jpg?v=638979415213600000,Galletas Obleas y Champagne,https://www.jumbo.cl/chocolates-galletas-y-snacks/galletas-dulces/galletas-obleas-y-champagne,https://bff.jumbo.cl/catalog/plp,2,2026-02-26T18:10:59
131326,Galletas Cuetara Chocolate Homestyle 200 g,Cuetara,3250,3250,False,https://www.jumbo.cl/galleta-choc-home-style-cuetara-200-gr-1976747/p,https://jumbocl.vteximg.com.br/arquivos/ids/398606-250-250/Galleta-Home-Style-Cuetara-Chocolate-200-g.jpg?v=638776894632500000,Galletas Obleas y Champagne,https://www.jumbo.cl/chocolates-galletas-y-snacks/galletas-dulces/galletas-obleas-y-champagne,https://bff.jumbo.cl/catalog/plp,2,2026-02-26T18:10:59
148801,Galleta Rigochoc Oblea 91 g,Arcor,1000,1000,False,https://www.jumbo.cl/galleta-oblea-2034035/p,https://jumbocl.vteximg.com.br/arquivos/ids/434552-250-250/GALLETA-OBLEA.jpg?v=638823548106230000,Galletas Obleas y Champagne,https://www.jumbo.cl/chocolates-galletas-y-snacks/galletas-dulces/galletas-obleas-y-champagne,https://bff.jumbo.cl/catalog/plp,2,2026-02-26T18:10:59
125659,Gomitas Frugelé 100 g,Ambrosoli,925,1050,True,https://www.jumbo.cl/frugele-100-gr-1959607/p,https://jumbocl.vteximg.com.br/arquivos/ids/495221-250-250/Frugele-100-g.jpg?v=638911557365230000,Gomitas y Chicles,https://www.jumbo.cl/chocolates-galletas-y-snacks/dulces/gomitas-y-chicles,https://bff.jumbo.cl/catalog/plp,1,2026-02-26T18:11:06
46103,Gomitas Frugelé XL 360 g,Ambrosoli,2390,2750,True,https://www.jumbo.cl/frugele-ambrosoli-gomitas-xl-360-g/p,https://jumbocl.vteximg.com.br/arquivos/ids/357960-250-250/Gomitas-Frugele-XL-360-g.jpg?v=638776721425230000,Gomitas y Chicles,https://www.jumbo.cl/chocolates-galletas-y-snacks/dulces/gomitas-y-chicles,https://bff.jumbo.cl/catalog/plp,1,2026-02-26T18:11:06
119453,Gomitas Flipy 90 g,Ambrosoli,1090,1090,False,https://www.jumbo.cl/gomita-ambrosoli-flipy-90gr-1938292/p,https://jumbocl.vteximg.com.br/arquivos/ids/384874-250-250/Gomitas-Flipy-90-g.jpg?v=638776841935830000,Gomitas y Chicles,https://www.jumbo.cl/chocolates-galletas-y-snacks/dulces/gomitas-y-chicles,https://bff.jumbo.cl/catalog/plp,1,2026-02-26T18:11:06
119477,Gomitas Frugelé 380 g,Ambrosoli,3190,3190,False,https://www.jumbo.cl/gomita-ambrosoli-frugele-380gr-1938316/p,https://jumbocl.vteximg.com.br/arquivos/ids/384900-250-250/Gomitas-Frugele-380-g.jpg?v=638776842074270000,Gomitas y Chicles,https://www.jumbo.cl/chocolates-galletas-y-snacks/dulces/gomitas-y-chicles,https://bff.jumbo.cl/catalog/plp,1,2026-02-26T18:11:06
119467,Gomitas Loop 90 g,Ambrosoli,1090,1090,False,https://www.jumbo.cl/gomita-ambrosoli-loop-90gr-1938291/p,https://jumbocl.vteximg.com.br/arquivos/ids/384891-250-250/Gomitas-Loop-90-g.jpg?v=638776842015830000,Gomitas y Chicles,https://www.jumbo.cl/chocolates-galletas-y-snacks/dulces/gomitas-y-chicles,https://bff.jumbo.cl/catalog/plp,1,2026-02-26T18:11:06
119449,Gomitas Ambrosito 90 g,Ambrosoli,1090,1090,False,https://www.jumbo.cl/gomita-ambrosoli-ambrosito-90gr-1938313/p,https://jumbocl.vteximg.com.br/arquivos/ids/384878-250-250/Gomitas-Ambrosito-90-g.jpg?v=638776841946000000,Gomitas y Chicles,https://www.jumbo.cl/chocolates-galletas-y-snacks/dulces/gomitas-y-chicles,https://bff.jumbo.cl/catalog/plp,1,2026-02-26T18:11:06
54991,Chicles Orbit Professional White Hierbabuena 46 un.,Orbit,4490,4490,False,https://www.jumbo.cl/wrigley-s-orbit-bot-proffesional-white/p,https://jumbocl.vteximg.com.br/arquivos/ids/359549-250-250/Chicle-Professional-White-46-un.jpg?v=638776728765730000,Gomitas y Chicles,https://www.jumbo.cl/chocolates-galletas-y-snacks/dulces/gomitas-y-chicles,https://bff.jumbo.cl/catalog/plp,1,2026-02-26T18:11:06
118472,Gomitas Gusanos Ácidos 90 g,Ambrosoli,1090,1090,False,https://www.jumbo.cl/gusanos-acidos-30-x-90-gr-1940039/p,https://jumbocl.vteximg.com.br/arquivos/ids/384068-250-250/GUSANOS-ACIDOS-30-X-90-GR.jpg?v=638776838469470000,Gomitas y Chicles,https://www.jumbo.cl/chocolates-galletas-y-snacks/dulces/gomitas-y-chicles,https://bff.jumbo.cl/catalog/plp,1,2026-02-26T18:11:06
119464,Gomitas Amberries 90 g,Ambrosoli,1090,1090,False,https://www.jumbo.cl/gomita-ambrosoli-amberries-90gr-1938314/p,https://jumbocl.vteximg.com.br/arquivos/ids/384890-250-250/Gomitas-Amberries-90-g.jpg?v=638776842015230000,Gomitas y Chicles,https://www.jumbo.cl/chocolates-galletas-y-snacks/dulces/gomitas-y-chicles,https://bff.jumbo.cl/catalog/plp,1,2026-02-26T18:11:06
155855,Gomitas Peelerz Mango 80 g,Amos,1100,1390,True,https://www.jumbo.cl/gomitas-peelerz-mango-80-g-2048215/p,https://jumbocl.vteximg.com.br/arquivos/ids/501112-250-250/GOMITAS-PEELERZ-MANGO-80-G.jpg?v=638920078871770000,Gomitas y Chicles,https://www.jumbo.cl/chocolates-galletas-y-snacks/dulces/gomitas-y-chicles,https://bff.jumbo.cl/catalog/plp,1,2026-02-26T18:11:06
155858,Gomitas Peelerz Durazno 80 g,Amos,1100,1390,True,https://www.jumbo.cl/gomitas-peelerz-durazno-80-g-2048216/p,https://jumbocl.vteximg.com.br/arquivos/ids/501113-250-250/GOMITAS-PEELERZ-DURAZNO-80-G.jpg?v=638920078878430000,Gomitas y Chicles,https://www.jumbo.cl/chocolates-galletas-y-snacks/dulces/gomitas-y-chicles,https://bff.jumbo.cl/catalog/plp,1,2026-02-26T18:11:06
19040,Gomitas Frugelé Frutos Más Yogurt 180 g,Ambrosoli,1390,1390,False,https://www.jumbo.cl/gomitas-frugele-ambrosoli-180-g-frutos-mas-yoghurt/p,https://jumbocl.vteximg.com.br/arquivos/ids/353219-250-250/Gomitas-Frugele-frutos-mas-yoghurt-180-g.jpg?v=638776696494570000,Gomitas y Chicles,https://www.jumbo.cl/chocolates-galletas-y-snacks/dulces/gomitas-y-chicles,https://bff.jumbo.cl/catalog/plp,1,2026-02-26T18:11:06
140180,Tubos Surtidos Festa Mix 150 g,Fini,1990,1990,False,https://www.jumbo.cl/tubos-surtidos-festa-mix-fini-150gr-2008551/p,https://jumbocl.vteximg.com.br/arquivos/ids/333940-250-250/TUBOS-SURTIDOS-FESTA-MIX-FINI-150GR.jpg?v=638776435283130000,Gomitas y Chicles,https://www.jumbo.cl/chocolates-galletas-y-snacks/dulces/gomitas-y-chicles,https://bff.jumbo.cl/catalog/plp,1,2026-02-26T18:11:06
147825,Caja de Gomitas Ácidas Sour Patch Kids 99 g,Sour Patch,2490,2490,False,https://www.jumbo.cl/sour-patch-kid-99g-2026135/p,https://jumbocl.vteximg.com.br/arquivos/ids/458150-250-250/Caja-de-Gomitas-Acidas-Sour-Patch-Kids-99-g.jpg?v=638858676379530000,Gomitas y Chicles,https://www.jumbo.cl/chocolates-galletas-y-snacks/dulces/gomitas-y-chicles,https://bff.jumbo.cl/catalog/plp,1,2026-02-26T18:11:06
136971,Gomitas Frugelé XL 156 g,Ambrosoli,1000,1390,True,https://www.jumbo.cl/frugele-xl-156-grs-1996598/p,https://jumbocl.vteximg.com.br/arquivos/ids/327565-250-250/FRUGELE-XL-156-GRS.jpg?v=638776430113400000,Gomitas y Chicles,https://www.jumbo.cl/chocolates-galletas-y-snacks/dulces/gomitas-y-chicles,https://bff.jumbo.cl/catalog/plp,1,2026-02-26T18:11:06
3812,Gomitas Merello Danesa 250 g,Merello,1950,1950,False,https://www.jumbo.cl/gomitas-danesa-merello-250-g/p,https://jumbocl.vteximg.com.br/arquivos/ids/415469-250-250/Gomitas-Merello-Danesa-250-g.jpg?v=638802629698070000,Gomitas y Chicles,https://www.jumbo.cl/chocolates-galletas-y-snacks/dulces/gomitas-y-chicles,https://bff.jumbo.cl/catalog/plp,1,2026-02-26T18:11:06
144547,Gomitas de Fruta Kuna Foods Gumis de Berries 4 un.,Kuna Foods,4390,4990,True,https://www.jumbo.cl/gomita-fruta-sabor-berries-kuna-food-4un-2017242/p,https://jumbocl.vteximg.com.br/arquivos/ids/576644-250-250/Gomitas-de-Fruta-Kuna-Foods-Gumis-de-Berries-4-un.jpg?v=639069339115100000,Gomitas y Chicles,https://www.jumbo.cl/chocolates-galletas-y-snacks/dulces/gomitas-y-chicles,https://bff.jumbo.cl/catalog/plp,1,2026-02-26T18:11:06
144549,Gomitas de Fruta Kuna Foods Gumis de Durazno 4 un.,Kuna Foods,4390,4990,True,https://www.jumbo.cl/gomita-fruta-sabor-durazno-kuna-4un-2017244/p,https://jumbocl.vteximg.com.br/arquivos/ids/576669-250-250/Gomitas-de-Fruta-Kuna-Foods-Gumis-de-Durazno-4-un.jpg?v=639069339149530000,Gomitas y Chicles,https://www.jumbo.cl/chocolates-galletas-y-snacks/dulces/gomitas-y-chicles,https://bff.jumbo.cl/catalog/plp,1,2026-02-26T18:11:06
144548,Gomitas de Fruta Kuna Foods Gumis de Piña 4 un.,Kuna Foods,4390,4990,True,https://www.jumbo.cl/gomita-fruta-sabor-pina-kuna-food-4un-2017243/p,https://jumbocl.vteximg.com.br/arquivos/ids/576657-250-250/Gomitas-de-Fruta-Kuna-Foods-Gumis-de-Pi%C3%B1a-4-un.jpg?v=639069339132900000,Gomitas y Chicles,https://www.jumbo.cl/chocolates-galletas-y-snacks/dulces/gomitas-y-chicles,https://bff.jumbo.cl/catalog/plp,1,2026-02-26T18:11:06
55534,Chicles Orbit Sin Azúcar Sabor Fruta y Menta 46 un.,Orbit,4490,4490,False,https://www.jumbo.cl/chicles-orbit-bubblemint-64-g/p,https://jumbocl.vteximg.com.br/arquivos/ids/359758-250-250/Chicle-bubblemint-46-un.jpg?v=638776729679500000,Gomitas y Chicles,https://www.jumbo.cl/chocolates-galletas-y-snacks/dulces/gomitas-y-chicles,https://bff.jumbo.cl/catalog/plp,1,2026-02-26T18:11:06
140179,Gomitas Fiesta Mix 150 g,Fini,1990,1990,False,https://www.jumbo.cl/gomitas-fiesta-mix-150gr-2008094/p,https://jumbocl.vteximg.com.br/arquivos/ids/333580-250-250/GOMITAS-FIESTA-MIX-150GR.jpg?v=638776435009830000,Gomitas y Chicles,https://www.jumbo.cl/chocolates-galletas-y-snacks/dulces/gomitas-y-chicles,https://bff.jumbo.cl/catalog/plp,1,2026-02-26T18:11:06
146524,Gomitas Fini Pulpos 80 g,Fini,1290,1290,False,https://www.jumbo.cl/gomitas-pulpos-fini-80g-2026662/p,https://jumbocl.vteximg.com.br/arquivos/ids/345723-250-250/Gomitas-Pulpos-Fini-80-g.jpg?v=638776444935870000,Gomitas y Chicles,https://www.jumbo.cl/chocolates-galletas-y-snacks/dulces/gomitas-y-chicles,https://bff.jumbo.cl/catalog/plp,1,2026-02-26T18:11:06
118411,Gomitas Haribo Oso 175 g,Haribo,2590,2590,False,https://www.jumbo.cl/gomita-haribo-oso-175g-1933774/p,https://jumbocl.vteximg.com.br/arquivos/ids/316838-250-250/Gomitas-Haribo-Oso-175-g.jpg?v=638776410206370000,Gomitas y Chicles,https://www.jumbo.cl/chocolates-galletas-y-snacks/dulces/gomitas-y-chicles,https://bff.jumbo.cl/catalog/plp,1,2026-02-26T18:11:06
78576,Gomitas Haribo 750 g,Haribo,11990,11990,False,https://www.jumbo.cl/gomitas-phantasia-1-kg/p,https://jumbocl.vteximg.com.br/arquivos/ids/310697-250-250/Gomitas-Haribo-1-kg.jpg?v=638776392065400000,Gomitas y Chicles,https://www.jumbo.cl/chocolates-galletas-y-snacks/dulces/gomitas-y-chicles,https://bff.jumbo.cl/catalog/plp,1,2026-02-26T18:11:06
99027,Chicles Bigtime Ultra Green Mint 24 g 12 un.,BigTime,1350,1350,False,https://www.jumbo.cl/chicle-bigtime-ultra-green-mint-24gr-1768795/p,https://jumbocl.vteximg.com.br/arquivos/ids/371924-250-250/Chicle-Ultra-Green-Mint-24-g.jpg?v=638776789242530000,Gomitas y Chicles,https://www.jumbo.cl/chocolates-galletas-y-snacks/dulces/gomitas-y-chicles,https://bff.jumbo.cl/catalog/plp,1,2026-02-26T18:11:06
128204,Gomitas Frugelé Guinda 140 g,Ambrosoli,1000,1000,False,https://www.jumbo.cl/frugele-guinda-140-gr-1970087/p,https://jumbocl.vteximg.com.br/arquivos/ids/320346-250-250/Gomitas-Frugele-Guinda-140-g.jpg?v=638776419158330000,Gomitas y Chicles,https://www.jumbo.cl/chocolates-galletas-y-snacks/dulces/gomitas-y-chicles,https://bff.jumbo.cl/catalog/plp,1,2026-02-26T18:11:06
19038,Gomitas Frugelé Krem 350 g,Ambrosoli,2690,2690,False,https://www.jumbo.cl/gomitas-krem-ambrosoli-350-g/p,https://jumbocl.vteximg.com.br/arquivos/ids/353221-250-250/Gomitas-Krem-350-g.jpg?v=638776696499700000,Gomitas y Chicles,https://www.jumbo.cl/chocolates-galletas-y-snacks/dulces/gomitas-y-chicles,https://bff.jumbo.cl/catalog/plp,1,2026-02-26T18:11:06
135551,Gomitas Fini Gusanos Ácidos 35 g,Fini,790,790,False,https://www.jumbo.cl/gomitas-gusanos-acido-fini-35g-1993755/p,https://jumbocl.vteximg.com.br/arquivos/ids/325359-250-250/Gomitas-Gusanos-Acido-Fini-35-g.jpg?v=638776428299300000,Gomitas y Chicles,https://www.jumbo.cl/chocolates-galletas-y-snacks/dulces/gomitas-y-chicles,https://bff.jumbo.cl/catalog/plp,1,2026-02-26T18:11:06
153789,Gomita Amberries Tubos 70 g,Ambrosoli,1000,1000,False,https://www.jumbo.cl/gomita-amberries-tubos-70-gr-2044472/p,https://jumbocl.vteximg.com.br/arquivos/ids/491992-250-250/Gomita-Amberries-Tubos-70-g.jpg?v=638905694110000000,Gomitas y Chicles,https://www.jumbo.cl/chocolates-galletas-y-snacks/dulces/gomitas-y-chicles,https://bff.jumbo.cl/catalog/plp,1,2026-02-26T18:11:06
74690,Gomitas Mogul Califrut 90 g,Arcor,1060,1060,False,https://www.jumbo.cl/gomitas-mogul-califrut-arcor-90-g/p,https://jumbocl.vteximg.com.br/arquivos/ids/363038-250-250/Gomitas-Mogul-Califrut-Arcor-90-g-1-82946870.jpg?v=638776746261670000,Gomitas y Chicles,https://www.jumbo.cl/chocolates-galletas-y-snacks/dulces/gomitas-y-chicles,https://bff.jumbo.cl/catalog/plp,1,2026-02-26T18:11:06
19129,Guagüitas Merello 70 g,Merello,950,950,False,https://www.jumbo.cl/guag-itas-merello-70-g/p,https://jumbocl.vteximg.com.br/arquivos/ids/415464-250-250/Guaguitas-Merello-70-g.jpg?v=638802629419830000,Gomitas y Chicles,https://www.jumbo.cl/chocolates-galletas-y-snacks/dulces/gomitas-y-chicles,https://bff.jumbo.cl/catalog/plp,1,2026-02-26T18:11:06
74691,Gomitas Mogul Extreme 90 g,Arcor,1060,1060,False,https://www.jumbo.cl/gomitas-mogul-califrut-extre-arcor-90-g/p,https://jumbocl.vteximg.com.br/arquivos/ids/363025-250-250/Gomitas-Mogul-Califrut-Extre-Arcor-90-g-1-82946871.jpg?v=638776746185570000,Gomitas y Chicles,https://www.jumbo.cl/chocolates-galletas-y-snacks/dulces/gomitas-y-chicles,https://bff.jumbo.cl/catalog/plp,1,2026-02-26T18:11:06
146520,Gomitas Fini Aros de Frutilla 90 g,Fini,1350,1350,False,https://www.jumbo.cl/gomitas-aros-de-frutilla-acido-fini-90g-2026658/p,https://jumbocl.vteximg.com.br/arquivos/ids/345616-250-250/Gomitas-Aros-de-Frutilla-Acido-Fini-90-g.jpg?v=638776444852270000,Gomitas y Chicles,https://www.jumbo.cl/chocolates-galletas-y-snacks/dulces/gomitas-y-chicles,https://bff.jumbo.cl/catalog/plp,1,2026-02-26T18:11:06
19037,Gomitas Frugelé Citric 350 g 50 un.,Ambrosoli,2690,2690,False,https://www.jumbo.cl/gomitas-ambrosoli-350-g/p,https://jumbocl.vteximg.com.br/arquivos/ids/353224-250-250/Gomitas-Citric-350-g.jpg?v=638776696506970000,Gomitas y Chicles,https://www.jumbo.cl/chocolates-galletas-y-snacks/dulces/gomitas-y-chicles,https://bff.jumbo.cl/catalog/plp,1,2026-02-26T18:11:06
3834,Gomitas Trolli Gummi Lunch 77 g,Trolli,1890,2390,True,https://www.jumbo.cl/gomitas-gummi-lunch-trolli-77-g/p,https://jumbocl.vteximg.com.br/arquivos/ids/299989-250-250/Gomitas-Trolli-Gummi-Lunch-77-g.jpg?v=638776371536570000,Gomitas y Chicles,https://www.jumbo.cl/chocolates-galletas-y-snacks/dulces/gomitas-y-chicles,https://bff.jumbo.cl/catalog/plp,1,2026-02-26T18:11:06
122411,Gomitas Fini Deli Frutos Rojos 200 g,Fini,1990,1990,False,https://www.jumbo.cl/gomitas-deli-frutos-rojos-fini-200g-1950843/p,https://jumbocl.vteximg.com.br/arquivos/ids/318073-250-250/Gomitas-Deli-frutos-rojos-200-g.jpg?v=638776413638500000,Gomitas y Chicles,https://www.jumbo.cl/chocolates-galletas-y-snacks/dulces/gomitas-y-chicles,https://bff.jumbo.cl/catalog/plp,1,2026-02-26T18:11:06
92485,Gomitas Fini Cinema Mix Doypack 180 g,Fini,2690,2690,False,https://www.jumbo.cl/gomitas-doypack-cinema-mix-180-g/p,https://jumbocl.vteximg.com.br/arquivos/ids/312342-250-250/Gomitas-Cinema-Mix-doypack-180-g.jpg?v=638776396182430000,Gomitas y Chicles,https://www.jumbo.cl/chocolates-galletas-y-snacks/dulces/gomitas-y-chicles,https://bff.jumbo.cl/catalog/plp,1,2026-02-26T18:11:06
153724,Gomita Skittles Gummies Wild Berry 164 g,Skittles,3590,3590,False,https://www.jumbo.cl/gomita-skittles-gummies-wild-berry-164g-2037500/p,https://jumbocl.vteximg.com.br/arquivos/ids/491904-250-250/Gomita-Skittles-Gummies-Wild-Berry-164-g.jpg?v=638905693554300000,Gomitas y Chicles,https://www.jumbo.cl/chocolates-galletas-y-snacks/dulces/gomitas-y-chicles,https://bff.jumbo.cl/catalog/plp,1,2026-02-26T18:11:06
110809,Gomitas Gicopa Mix Frutal Sin Gluten 135 g,Gicopa,2990,2990,False,https://www.jumbo.cl/gomitas-mix-frutal-s-gluten-gicopa-135g-1895069/p,https://jumbocl.vteximg.com.br/arquivos/ids/315290-250-250/Gomitas-Mix-frutal-sin-gluten-135-g.jpg?v=638776404720770000,Gomitas y Chicles,https://www.jumbo.cl/chocolates-galletas-y-snacks/dulces/gomitas-y-chicles,https://bff.jumbo.cl/catalog/plp,1,2026-02-26T18:11:06
118435,Gomitas Haribo Palitos Ácidos 175 g,Haribo,2590,2590,False,https://www.jumbo.cl/gomitas-haribo-palitos-acidos-175g-1933775/p,https://jumbocl.vteximg.com.br/arquivos/ids/316868-250-250/Gomitas-Haribo-Palitos-Acidos-175-g.jpg?v=638776410293270000,Gomitas y Chicles,https://www.jumbo.cl/chocolates-galletas-y-snacks/dulces/gomitas-y-chicles,https://bff.jumbo.cl/catalog/plp,1,2026-02-26T18:11:06
118413,Gomitas Haribo Happy Cherries 175 g,Haribo,2590,2590,False,https://www.jumbo.cl/gomitas-haribo-happy-cherries-175g-1933776/p,https://jumbocl.vteximg.com.br/arquivos/ids/316857-250-250/Gomitas-Haribo-Happy-Cherries-175-g.jpg?v=638776410265370000,Gomitas y Chicles,https://www.jumbo.cl/chocolates-galletas-y-snacks/dulces/gomitas-y-chicles,https://bff.jumbo.cl/catalog/plp,2,2026-02-26T18:11:10
111823,Gomitas Amos Cupcakes 100 g,Amos,1450,1450,False,https://www.jumbo.cl/gomitas-de-cupcakes-amos-100-gr-1922221/p,https://jumbocl.vteximg.com.br/arquivos/ids/379154-250-250/GOMITAS-DE-CUPCAKES-AMOS-100-GR.jpg?v=638776818052700000,Gomitas y Chicles,https://www.jumbo.cl/chocolates-galletas-y-snacks/dulces/gomitas-y-chicles,https://bff.jumbo.cl/catalog/plp,2,2026-02-26T18:11:10
153723,Gomita Skittles Gummies Sour 164 g,Skittles,3590,3590,False,https://www.jumbo.cl/gomita-skittles-gummies-sour-164g-2037501/p,https://jumbocl.vteximg.com.br/arquivos/ids/491907-250-250/Gomita-Skittles-Gummies-Sour-164-g.jpg?v=638905693574700000,Gomitas y Chicles,https://www.jumbo.cl/chocolates-galletas-y-snacks/dulces/gomitas-y-chicles,https://bff.jumbo.cl/catalog/plp,2,2026-02-26T18:11:10
158448,Caramelos Mars Bolsa Mix 249 g,Mars,6232,7790,True,https://www.jumbo.cl/caramelos-mars-bolsa-mix-249-gr-2052787/p,https://jumbocl.vteximg.com.br/arquivos/ids/533146-250-250/Caramelos-Mars-Bolsa-Mix-249-g.jpg?v=638979415089370000,Gomitas y Chicles,https://www.jumbo.cl/chocolates-galletas-y-snacks/dulces/gomitas-y-chicles,https://bff.jumbo.cl/catalog/plp,2,2026-02-26T18:11:10
122413,Tubos Fini Uva Ácido 80 g,Fini,1350,1350,False,https://www.jumbo.cl/tubos-uva-acido-fini-80g-1950845/p,https://jumbocl.vteximg.com.br/arquivos/ids/317992-250-250/Tubos-uva-acido-80-g.jpg?v=638776413504730000,Gomitas y Chicles,https://www.jumbo.cl/chocolates-galletas-y-snacks/dulces/gomitas-y-chicles,https://bff.jumbo.cl/catalog/plp,2,2026-02-26T18:11:10
128041,Gomitas Haribo Tropifrut 175 g,Haribo,2590,2590,False,https://www.jumbo.cl/gomita-haribo-tropifruti-175g-1956637/p,https://jumbocl.vteximg.com.br/arquivos/ids/320205-250-250/Gomita-Haribo-Tropifrut-175-g.jpg?v=638776418802470000,Gomitas y Chicles,https://www.jumbo.cl/chocolates-galletas-y-snacks/dulces/gomitas-y-chicles,https://bff.jumbo.cl/catalog/plp,2,2026-02-26T18:11:10
3817,Chicles Orbit Sin Azúcar Sabor Menta 46 un.,Orbit,4490,4490,False,https://www.jumbo.cl/chicle-orbit-46g-bot-menta/p,https://jumbocl.vteximg.com.br/arquivos/ids/346940-250-250/Chicle-menta-46-un.jpg?v=638776465106000000,Gomitas y Chicles,https://www.jumbo.cl/chocolates-galletas-y-snacks/dulces/gomitas-y-chicles,https://bff.jumbo.cl/catalog/plp,2,2026-02-26T18:11:10
146525,Gomitas Fini Ranas 80 g,Fini,1290,1290,False,https://www.jumbo.cl/gomitas-ranas-fini-80g-2026663/p,https://jumbocl.vteximg.com.br/arquivos/ids/345770-250-250/Gomitas-Ranas-Fini-80-g.jpg?v=638776444966830000,Gomitas y Chicles,https://www.jumbo.cl/chocolates-galletas-y-snacks/dulces/gomitas-y-chicles,https://bff.jumbo.cl/catalog/plp,2,2026-02-26T18:11:10
150346,Gomitas Amos Dinosaurios 100g,Amos,1390,1390,False,https://www.jumbo.cl/gomitas-amos-2039851/p,https://jumbocl.vteximg.com.br/arquivos/ids/501088-250-250/Gomitas-Amos-Dinosaurios-100-g.jpg?v=638920078450000000,Gomitas y Chicles,https://www.jumbo.cl/chocolates-galletas-y-snacks/dulces/gomitas-y-chicles,https://bff.jumbo.cl/catalog/plp,2,2026-02-26T18:11:10
119494,Gomitas Sandía 90 g,Ambrosoli,1090,1090,False,https://www.jumbo.cl/gomita-ambrosoli-sandia-90-gr-1938315/p,https://jumbocl.vteximg.com.br/arquivos/ids/384928-250-250/Gomitas-Sandia-90-g.jpg?v=638776842194430000,Gomitas y Chicles,https://www.jumbo.cl/chocolates-galletas-y-snacks/dulces/gomitas-y-chicles,https://bff.jumbo.cl/catalog/plp,2,2026-02-26T18:11:10
69923,Chicles Orbit Sin Azúcar Sabor Fruta y Menta 10 un.,Orbit,1090,1090,False,https://www.jumbo.cl/chicle-wri-orbit-s-azu-bubblemint-14gr/p,https://jumbocl.vteximg.com.br/arquivos/ids/362051-250-250/Chicle-sin-azucar-sabor-fruta-y-menta-10-un.jpg?v=638776740804430000,Gomitas y Chicles,https://www.jumbo.cl/chocolates-galletas-y-snacks/dulces/gomitas-y-chicles,https://bff.jumbo.cl/catalog/plp,2,2026-02-26T18:11:10
147907,Gomitas Haribo Ositos 475 g,Haribo,9490,9490,False,https://www.jumbo.cl/haribo-oso-475g-2028865/p,https://jumbocl.vteximg.com.br/arquivos/ids/529893-250-250/Gomitas-Haribo-Ositos-475-g.jpg?v=638968260350930000,Gomitas y Chicles,https://www.jumbo.cl/chocolates-galletas-y-snacks/dulces/gomitas-y-chicles,https://bff.jumbo.cl/catalog/plp,2,2026-02-26T18:11:10
61002,Gomitas Merello Frutilla Crocante 90 g,Merello,990,990,False,https://www.jumbo.cl/gomita-merello-frutilla-crocante-90-g/p,https://jumbocl.vteximg.com.br/arquivos/ids/415440-250-250/Gomitas-Merello-Frutilla-Crocante-90-g.jpg?v=638802629178700000,Gomitas y Chicles,https://www.jumbo.cl/chocolates-galletas-y-snacks/dulces/gomitas-y-chicles,https://bff.jumbo.cl/catalog/plp,2,2026-02-26T18:11:10
74692,Gomitas Mogul Gusanito Extreme 90 g,Arcor,1060,1060,False,https://www.jumbo.cl/gomitas-mogul-gusanito-extre-arcor-90-g/p,https://jumbocl.vteximg.com.br/arquivos/ids/363037-250-250/Gomitas-Mogul-Gusanito-Extre-Arcor-90-g-1-82946872.jpg?v=638776746261330000,Gomitas y Chicles,https://www.jumbo.cl/chocolates-galletas-y-snacks/dulces/gomitas-y-chicles,https://bff.jumbo.cl/catalog/plp,2,2026-02-26T18:11:10
118417,Gomitas Haribo Pasta Fruta 160 g,Haribo,2590,2590,False,https://www.jumbo.cl/gomita-haribo-pasta-fruta-160g-1933777/p,https://jumbocl.vteximg.com.br/arquivos/ids/316846-250-250/Gomitas-Haribo-Pasta-Fruta-160-g.jpg?v=638776410235070000,Gomitas y Chicles,https://www.jumbo.cl/chocolates-galletas-y-snacks/dulces/gomitas-y-chicles,https://bff.jumbo.cl/catalog/plp,2,2026-02-26T18:11:10
54869,Chicles Bubble Tape Sabor A Fruta 56 g,Bubble Tape,2890,2890,False,https://www.jumbo.cl/chicle-hubba-bubba-wrigleys-bubble-tape-original-57-g/p,https://jumbocl.vteximg.com.br/arquivos/ids/359497-250-250/Chicle-Bubble-Tape-original-57-g.jpg?v=638776728514000000,Gomitas y Chicles,https://www.jumbo.cl/chocolates-galletas-y-snacks/dulces/gomitas-y-chicles,https://bff.jumbo.cl/catalog/plp,2,2026-02-26T18:11:10
122405,Gomitas Fini Deli Frutas 200 g,Fini,1990,1990,False,https://www.jumbo.cl/gomitas-deli-frutas-fini-200g-1950842/p,https://jumbocl.vteximg.com.br/arquivos/ids/426521-250-250/Gomitas-Deli-frutas-200-g.jpg?v=638810990212800000,Gomitas y Chicles,https://www.jumbo.cl/chocolates-galletas-y-snacks/dulces/gomitas-y-chicles,https://bff.jumbo.cl/catalog/plp,2,2026-02-26T18:11:10
122408,Tubos Fini Magic Carpet 165 g,Fini,2890,2890,False,https://www.jumbo.cl/tubos-doypack-magic-carpet-fini-165g-1950848/p,https://jumbocl.vteximg.com.br/arquivos/ids/318039-250-250/Tubos-doypack-Magic-Carpet-165-g.jpg?v=638776413586670000,Gomitas y Chicles,https://www.jumbo.cl/chocolates-galletas-y-snacks/dulces/gomitas-y-chicles,https://bff.jumbo.cl/catalog/plp,2,2026-02-26T18:11:10
19127,Gomitas Merello Italina 250 g,Merello,2100,2100,False,https://www.jumbo.cl/gomitas-merello-250-g-italina/p,https://jumbocl.vteximg.com.br/arquivos/ids/415467-250-250/Gomitas-Merello-Italina-250-g.jpg?v=638802629473230000,Gomitas y Chicles,https://www.jumbo.cl/chocolates-galletas-y-snacks/dulces/gomitas-y-chicles,https://bff.jumbo.cl/catalog/plp,2,2026-02-26T18:11:10
139102,Gomitas Mogul Tubitos Extreme Tutti 70 g,Arcor,1290,1290,False,https://www.jumbo.cl/mogul-tubitos-extreme-tutti-70g-2000487/p,https://jumbocl.vteximg.com.br/arquivos/ids/331614-250-250/Mogul-Tubitos-Extreme-Tutti-70-g.jpg?v=638776433294970000,Gomitas y Chicles,https://www.jumbo.cl/chocolates-galletas-y-snacks/dulces/gomitas-y-chicles,https://bff.jumbo.cl/catalog/plp,2,2026-02-26T18:11:10
3813,Gomitas Merello Eucaliptus 90 g,Merello,930,930,False,https://www.jumbo.cl/gomitas-eucaliptus-merello-90-g/p,https://jumbocl.vteximg.com.br/arquivos/ids/415463-250-250/Gomitas-Merello-Eucaliptus-90-g.jpg?v=638802629397470000,Gomitas y Chicles,https://www.jumbo.cl/chocolates-galletas-y-snacks/dulces/gomitas-y-chicles,https://bff.jumbo.cl/catalog/plp,2,2026-02-26T18:11:10
134654,Gomitas Frugelé Citric 100 g,Ambrosoli,1190,1290,True,https://www.jumbo.cl/frugele-citric-100-gr-1991983/p,https://jumbocl.vteximg.com.br/arquivos/ids/323297-250-250/Frugele-Citric-100-g.jpg?v=638776426796270000,Gomitas y Chicles,https://www.jumbo.cl/chocolates-galletas-y-snacks/dulces/gomitas-y-chicles,https://bff.jumbo.cl/catalog/plp,2,2026-02-26T18:11:10
123455,Chicles Trident Stranger Things Sabor Frutilla Botella 35 un,Trident,3790,3790,False,https://www.jumbo.cl/trident-35s-bot-fresa-6x6x45-5g-1957220/p,https://jumbocl.vteximg.com.br/arquivos/ids/519210-250-250/Chicles-Trident-Siabor-Frutilla-Botella-35-un.jpg?v=638950438693130000,Gomitas y Chicles,https://www.jumbo.cl/chocolates-galletas-y-snacks/dulces/gomitas-y-chicles,https://bff.jumbo.cl/catalog/plp,2,2026-02-26T18:11:10
132572,Gomitas Loop Cintas Frutal 67 g,Ambrosoli,1190,1290,True,https://www.jumbo.cl/gomitas-loop-cintas-frutal-67-gr-1984249/p,https://jumbocl.vteximg.com.br/arquivos/ids/400498-250-250/GOMITAS-LOOP-CINTAS-FRUTAL-67-GR.jpg?v=638776901485700000,Gomitas y Chicles,https://www.jumbo.cl/chocolates-galletas-y-snacks/dulces/gomitas-y-chicles,https://bff.jumbo.cl/catalog/plp,2,2026-02-26T18:11:10
153790,Pack 7 Gomitas Promocional 25 g,Ambrosoli,2590,2590,False,https://www.jumbo.cl/gomitas-pack-promocional-7x25gr-2045058/p,https://jumbocl.vteximg.com.br/arquivos/ids/491998-250-250/Pack-7-Gomitas-Promocional-25-g.jpg?v=638905694166830000,Gomitas y Chicles,https://www.jumbo.cl/chocolates-galletas-y-snacks/dulces/gomitas-y-chicles,https://bff.jumbo.cl/catalog/plp,2,2026-02-26T18:11:10
99029,Chicles Bigtime Ultra Clean Mint 24 g 12 un.,BigTime,1350,1350,False,https://www.jumbo.cl/chicle-bigtime-ultra-clean-mint-24gr-1768794/p,https://jumbocl.vteximg.com.br/arquivos/ids/371930-250-250/Chicle-Ultra-Clean-Mint-24-g.jpg?v=638776789266770000,Gomitas y Chicles,https://www.jumbo.cl/chocolates-galletas-y-snacks/dulces/gomitas-y-chicles,https://bff.jumbo.cl/catalog/plp,2,2026-02-26T18:11:10
123449,Chicles Trident Stranger Things Sabor Menta Botella 35 un,Trident,3790,3790,False,https://www.jumbo.cl/trident-35s-bot-menta-6x6x45-5g-1957219/p,https://jumbocl.vteximg.com.br/arquivos/ids/519198-250-250/Chicles-Trident-Sabor-Menta-Botella-35-un.jpg?v=638950438674130000,Gomitas y Chicles,https://www.jumbo.cl/chocolates-galletas-y-snacks/dulces/gomitas-y-chicles,https://bff.jumbo.cl/catalog/plp,2,2026-02-26T18:11:10
126316,Caramelos Skittles Gummies Original 164 g,Skittles,3550,3550,False,https://www.jumbo.cl/skittles-gummies-original-164g-1960982/p,https://jumbocl.vteximg.com.br/arquivos/ids/391968-250-250/SKITTLES-GUMMIES-ORIGINAL-164G.jpg?v=638776869756300000,Gomitas y Chicles,https://www.jumbo.cl/chocolates-galletas-y-snacks/dulces/gomitas-y-chicles,https://bff.jumbo.cl/catalog/plp,2,2026-02-26T18:11:10
153788,Gomita Flipy Tubos 70 g,Ambrosoli,1000,1000,False,https://www.jumbo.cl/gomita-flipy-tubos-70-gr-2045059/p,https://jumbocl.vteximg.com.br/arquivos/ids/491656-250-250/Gomita-Flipy-Tubos-70-g.jpg?v=638905524837000000,Gomitas y Chicles,https://www.jumbo.cl/chocolates-galletas-y-snacks/dulces/gomitas-y-chicles,https://bff.jumbo.cl/catalog/plp,2,2026-02-26T18:11:10
61001,Gomitas Merello Plátano 90 g,Merello,990,990,False,https://www.jumbo.cl/gomita-merello-platano-90-g/p,https://jumbocl.vteximg.com.br/arquivos/ids/415438-250-250/Gomitas-Merello-Platano-90-g.jpg?v=638802629162130000,Gomitas y Chicles,https://www.jumbo.cl/chocolates-galletas-y-snacks/dulces/gomitas-y-chicles,https://bff.jumbo.cl/catalog/plp,2,2026-02-26T18:11:10
122412,Tubos Fini Twister Ácido 80 g,Fini,1350,1350,False,https://www.jumbo.cl/tubos-twister-acido-fini-cl-80g-1950844/p,https://jumbocl.vteximg.com.br/arquivos/ids/318009-250-250/Tubos-frutas-silvestres-acido-80-g.jpg?v=638776413532430000,Gomitas y Chicles,https://www.jumbo.cl/chocolates-galletas-y-snacks/dulces/gomitas-y-chicles,https://bff.jumbo.cl/catalog/plp,2,2026-02-26T18:11:10
134379,Gomitas Trolli Loncheras Ácidas 77 g,Trolli,1890,2390,True,https://www.jumbo.cl/gomitas-loncheras-acidas-trolli-77-gr-1990091/p,https://jumbocl.vteximg.com.br/arquivos/ids/322971-250-250/Gomitas-Trolli-Loncheras-Acidas-77-g.jpg?v=638776426546200000,Gomitas y Chicles,https://www.jumbo.cl/chocolates-galletas-y-snacks/dulces/gomitas-y-chicles,https://bff.jumbo.cl/catalog/plp,2,2026-02-26T18:11:10
99873,Gomitas Trolli Culebra Fosforescente 80 g,Trolli,1000,1330,True,https://www.jumbo.cl/gomita-trolli-culebra-fosforecente-80-gr-1864434/p,https://jumbocl.vteximg.com.br/arquivos/ids/313383-250-250/Gomitas-Trolli-Culebra-Fosforescente-80-g.jpg?v=638776399548700000,Gomitas y Chicles,https://www.jumbo.cl/chocolates-galletas-y-snacks/dulces/gomitas-y-chicles,https://bff.jumbo.cl/catalog/plp,2,2026-02-26T18:11:10
78577,Gomitas Haribo Happy Cherries 1.2 kg,Haribo,17590,17590,False,https://www.jumbo.cl/gomitas-happy-cherries-1-2-kg/p,https://jumbocl.vteximg.com.br/arquivos/ids/310715-250-250/Gomitas-Haribo-Happy-Cherries-12-kg.jpg?v=638776392097300000,Gomitas y Chicles,https://www.jumbo.cl/chocolates-galletas-y-snacks/dulces/gomitas-y-chicles,https://bff.jumbo.cl/catalog/plp,2,2026-02-26T18:11:10
110866,Gomitas Gicopa Violeta Sin Gluten 135 g,Gicopa,2990,2990,False,https://www.jumbo.cl/gomitas-violeta-s-gluten-gicopa-135g-1893881/p,https://jumbocl.vteximg.com.br/arquivos/ids/315319-250-250/Gomitas-violeta-sin-gluten-135-g.jpg?v=638776404823830000,Gomitas y Chicles,https://www.jumbo.cl/chocolates-galletas-y-snacks/dulces/gomitas-y-chicles,https://bff.jumbo.cl/catalog/plp,2,2026-02-26T18:11:10
126330,Caramelos Masticables Skittles Sabor Original 442 g,Skittles,8650,8650,False,https://www.jumbo.cl/skittles-original-sup-442-2g-1960254/p,https://jumbocl.vteximg.com.br/arquivos/ids/392012-250-250/SKITTLES-ORIGINAL-SUP-4422G.jpg?v=638776869881570000,Gomitas y Chicles,https://www.jumbo.cl/chocolates-galletas-y-snacks/dulces/gomitas-y-chicles,https://bff.jumbo.cl/catalog/plp,2,2026-02-26T18:11:10
147795,Caja de Gomita Ácida Sour Patch Sandía 99 g,Sour Patch,2490,2490,False,https://www.jumbo.cl/sour-pat-san-99g-2026134/p,https://jumbocl.vteximg.com.br/arquivos/ids/458149-250-250/Caja-de-Gomita-Acida-Sour-Patch-Sandia-99-g.jpg?v=638858676366000000,Gomitas y Chicles,https://www.jumbo.cl/chocolates-galletas-y-snacks/dulces/gomitas-y-chicles,https://bff.jumbo.cl/catalog/plp,2,2026-02-26T18:11:10
99883,Gomitas Trolli Ositos 80 g,Trolli,1000,1330,True,https://www.jumbo.cl/gomita-trolli-ositos-80-gr-1864436/p,https://jumbocl.vteximg.com.br/arquivos/ids/313453-250-250/Gomitas-Trolli-Ositos-80-g.jpg?v=638776399699470000,Gomitas y Chicles,https://www.jumbo.cl/chocolates-galletas-y-snacks/dulces/gomitas-y-chicles,https://bff.jumbo.cl/catalog/plp,2,2026-02-26T18:11:10
132582,Gomitas Loop Cintas Frutilla 67 g,Ambrosoli,1190,1450,True,https://www.jumbo.cl/gomitas-loop-cintras-frutilla-67-gr-1984250/p,https://jumbocl.vteximg.com.br/arquivos/ids/400489-250-250/GOMITAS-LOOP-CINTRAS-FRUTILLA-67-GR.jpg?v=638776901456570000,Gomitas y Chicles,https://www.jumbo.cl/chocolates-galletas-y-snacks/dulces/gomitas-y-chicles,https://bff.jumbo.cl/catalog/plp,2,2026-02-26T18:11:10
99913,Gomitas Trolli Gusanitos Ácidos 80 g,Trolli,1000,1330,True,https://www.jumbo.cl/gomitas-gusanitos-acidos-trolli-80-gr-1864435/p,https://jumbocl.vteximg.com.br/arquivos/ids/313485-250-250/Gomitas-Trolli-Gusanitos-Acidos-80-g.jpg?v=638776399758070000,Gomitas y Chicles,https://www.jumbo.cl/chocolates-galletas-y-snacks/dulces/gomitas-y-chicles,https://bff.jumbo.cl/catalog/plp,2,2026-02-26T18:11:10
128047,Gomitas Haribo Phantasia 175 g,Haribo,2590,2590,False,https://www.jumbo.cl/gomita-haribo-phantasia-175g-1956636/p,https://jumbocl.vteximg.com.br/arquivos/ids/319986-250-250/Gomita-Haribo-Phantasia-175-g.jpg?v=638776418512800000,Gomitas y Chicles,https://www.jumbo.cl/chocolates-galletas-y-snacks/dulces/gomitas-y-chicles,https://bff.jumbo.cl/catalog/plp,3,2026-02-26T18:11:14
74689,Gomitas Mogul Ositos Extreme 90 g,Arcor,1060,1060,False,https://www.jumbo.cl/gomitas-mogul-ositos-extreme-arcor-90-g/p,https://jumbocl.vteximg.com.br/arquivos/ids/363039-250-250/Gomitas-Mogul-Ositos-Extreme-Arcor-90-g-1-82946869.jpg?v=638776746262430000,Gomitas y Chicles,https://www.jumbo.cl/chocolates-galletas-y-snacks/dulces/gomitas-y-chicles,https://bff.jumbo.cl/catalog/plp,3,2026-02-26T18:11:14
3819,Chicles Orbit Sin Azúcar Sabor Menta 10 un.,Orbit,1090,1090,False,https://www.jumbo.cl/chicle-sin-azucar-orbit-14-g-10-unid-sabor-menta/p,https://jumbocl.vteximg.com.br/arquivos/ids/346947-250-250/Chicle-sin-azucar-menta-10-un.jpg?v=638776465171330000,Gomitas y Chicles,https://www.jumbo.cl/chocolates-galletas-y-snacks/dulces/gomitas-y-chicles,https://bff.jumbo.cl/catalog/plp,3,2026-02-26T18:11:14
139093,Gomitas Mogul Tubitos Extreme Frutilla 70 g,Arcor,1290,1290,False,https://www.jumbo.cl/mogul-tubitos-extreme-frutilla-70g-2000488/p,https://jumbocl.vteximg.com.br/arquivos/ids/331952-250-250/Mogul-Tubitos-Extreme-Frutilla-70-g.jpg?v=638776433652330000,Gomitas y Chicles,https://www.jumbo.cl/chocolates-galletas-y-snacks/dulces/gomitas-y-chicles,https://bff.jumbo.cl/catalog/plp,3,2026-02-26T18:11:14
57048,Gomitas Fini Frutillas 90 g,Fini,1290,1290,False,https://www.jumbo.cl/gomitas-frutillas-fini-90-gr/p,https://jumbocl.vteximg.com.br/arquivos/ids/360199-250-250/1716204.png?v=638776731608600000,Gomitas y Chicles,https://www.jumbo.cl/chocolates-galletas-y-snacks/dulces/gomitas-y-chicles,https://bff.jumbo.cl/catalog/plp,3,2026-02-26T18:11:14
134639,Gomitas Frugelé Duo 110 g,Ambrosoli,1290,1290,False,https://www.jumbo.cl/frugele-duo-110-gr-1989301/p,https://jumbocl.vteximg.com.br/arquivos/ids/323486-250-250/Frugele-Duo-110-g.jpg?v=638776426928030000,Gomitas y Chicles,https://www.jumbo.cl/chocolates-galletas-y-snacks/dulces/gomitas-y-chicles,https://bff.jumbo.cl/catalog/plp,3,2026-02-26T18:11:14
122404,Cintas Fini Frutas Silvestres 70 g,Fini,1350,1350,False,https://www.jumbo.cl/tubos-cintas-frutas-silv-acidas-fini-70g-1950847/p,https://jumbocl.vteximg.com.br/arquivos/ids/317968-250-250/Tubos-cintas-frutas-silvestres-acidas-70-g.jpg?v=638776413474400000,Gomitas y Chicles,https://www.jumbo.cl/chocolates-galletas-y-snacks/dulces/gomitas-y-chicles,https://bff.jumbo.cl/catalog/plp,3,2026-02-26T18:11:14
118409,Gomitas Haribo Happy Cola 175 g,Haribo,2590,2590,False,https://www.jumbo.cl/gomita-haribo-happy-cola-175g-1933773/p,https://jumbocl.vteximg.com.br/arquivos/ids/316820-250-250/Gomitas-Haribo-Happy-Cola-175-g.jpg?v=638776410177000000,Gomitas y Chicles,https://www.jumbo.cl/chocolates-galletas-y-snacks/dulces/gomitas-y-chicles,https://bff.jumbo.cl/catalog/plp,3,2026-02-26T18:11:14
134674,Chicles Bigtime Ultra Pocket Menta 24 g,BigTime,3590,3590,False,https://www.jumbo.cl/bigtime-pocket-menta-30x12x2g-1993110/p,https://jumbocl.vteximg.com.br/arquivos/ids/323381-250-250/Chicle-Bigtime-Pocket-Menta-30-x-12-x-2-g.jpg?v=638776426858970000,Gomitas y Chicles,https://www.jumbo.cl/chocolates-galletas-y-snacks/dulces/gomitas-y-chicles,https://bff.jumbo.cl/catalog/plp,3,2026-02-26T18:11:14
115599,Chicles Trident Sabor Citrus Mix Botella 18 un.,Trident,3290,3290,False,https://www.jumbo.cl/trident-bot-wacam-passion-fruit-37-8g-1934572/p,https://jumbocl.vteximg.com.br/arquivos/ids/316532-250-250/Chicles-Trident-Sabor-Citrus-Mix-Botella-18-un.jpg?v=638776408561730000,Gomitas y Chicles,https://www.jumbo.cl/chocolates-galletas-y-snacks/dulces/gomitas-y-chicles,https://bff.jumbo.cl/catalog/plp,3,2026-02-26T18:11:14
113289,Chicles Trident Sin Azúcar Infinit Spearmint 14 un.,Trident,1400,1400,False,https://www.jumbo.cl/trident-infinit-qi-spearmint-1926435/p,https://jumbocl.vteximg.com.br/arquivos/ids/316012-250-250/Chicles-Trident-Sin-Azucar-Infinit-Spearmint-14-un.jpg?v=638776407171030000,Gomitas y Chicles,https://www.jumbo.cl/chocolates-galletas-y-snacks/dulces/gomitas-y-chicles,https://bff.jumbo.cl/catalog/plp,3,2026-02-26T18:11:14
128042,Gomitas Haribo Osito Sauer 175 g,Haribo,2590,2590,False,https://www.jumbo.cl/gomita-haribo-osito-sauer-175g-1956638/p,https://jumbocl.vteximg.com.br/arquivos/ids/320281-250-250/Gomita-Haribo-Osito-Sauer-175-g.jpg?v=638776418927170000,Gomitas y Chicles,https://www.jumbo.cl/chocolates-galletas-y-snacks/dulces/gomitas-y-chicles,https://bff.jumbo.cl/catalog/plp,3,2026-02-26T18:11:14
111822,Gomitas Amos Bloques 100 g,Amos,1450,1450,False,https://www.jumbo.cl/gomitas-de-bloques-amos-100-gr-1922219/p,https://jumbocl.vteximg.com.br/arquivos/ids/379153-250-250/GOMITAS-DE-BLOQUES-AMOS-100-GR.jpg?v=638776818052700000,Gomitas y Chicles,https://www.jumbo.cl/chocolates-galletas-y-snacks/dulces/gomitas-y-chicles,https://bff.jumbo.cl/catalog/plp,3,2026-02-26T18:11:14
132574,Chicles Trident Splash Sin Azúcar Sabor Frutilla Limón 23 un.,Trident,3790,3790,False,https://www.jumbo.cl/trident-splah-center-filled-23s-1984401/p,https://jumbocl.vteximg.com.br/arquivos/ids/321853-250-250/Chicle-Trident-Splah-Center-Filled-23-un.jpg?v=638776424211630000,Gomitas y Chicles,https://www.jumbo.cl/chocolates-galletas-y-snacks/dulces/gomitas-y-chicles,https://bff.jumbo.cl/catalog/plp,3,2026-02-26T18:11:14
125331,Chicles Trident Stranger Things Sabor Yerbabuena Botella 35 un.,Trident,3790,3790,False,https://www.jumbo.cl/trident-35s-bot-yerba-6x6x45-5g-1961602/p,https://jumbocl.vteximg.com.br/arquivos/ids/523891-250-250/Chicles-Trident-Stranger-Things-Sabor-Yerbabuena-Botella-35-un.jpg?v=638959917054700000,Gomitas y Chicles,https://www.jumbo.cl/chocolates-galletas-y-snacks/dulces/gomitas-y-chicles,https://bff.jumbo.cl/catalog/plp,3,2026-02-26T18:11:14
74693,Gomitas Mogul Extreme 400 g,Arcor,2990,2990,False,https://www.jumbo.cl/gomitas-mogul-califrut-extre-arcor-400-g/p,https://jumbocl.vteximg.com.br/arquivos/ids/363045-250-250/Gomitas-Mogul-Califrut-Extre-Arcor-400-g-1-82946873.jpg?v=638776746280300000,Gomitas y Chicles,https://www.jumbo.cl/chocolates-galletas-y-snacks/dulces/gomitas-y-chicles,https://bff.jumbo.cl/catalog/plp,3,2026-02-26T18:11:14
122416,Cintas Fini Frutilla Ácida 70 g,Fini,1350,1350,False,https://www.jumbo.cl/tubos-cintas-frutilla-acida-fini-70g-1950846/p,https://jumbocl.vteximg.com.br/arquivos/ids/318103-250-250/Tubos-cintas-frutilla-acida-70-g.jpg?v=638776413690330000,Gomitas y Chicles,https://www.jumbo.cl/chocolates-galletas-y-snacks/dulces/gomitas-y-chicles,https://bff.jumbo.cl/catalog/plp,3,2026-02-26T18:11:14
120845,Caramelos Masticables Skittles Sabor Original 369 g,Skittles,7550,7550,False,https://www.jumbo.cl/pack-6-un-skittles-original-369-gr-1946110/p,https://jumbocl.vteximg.com.br/arquivos/ids/386233-250-250/PACK-6-UN-SKITTLES-ORIGINAL-369-GR.jpg?v=638776847721630000,Gomitas y Chicles,https://www.jumbo.cl/chocolates-galletas-y-snacks/dulces/gomitas-y-chicles,https://bff.jumbo.cl/catalog/plp,3,2026-02-26T18:11:14
30975,Caramelos Wrigleys Sour 162 g,Wrigleys,4400,4400,False,https://www.jumbo.cl/skittles-sour-161-g/p,https://jumbocl.vteximg.com.br/arquivos/ids/355587-250-250/Skittles-sour-161-g.jpg?v=638776707826070000,Gomitas y Chicles,https://www.jumbo.cl/chocolates-galletas-y-snacks/dulces/gomitas-y-chicles,https://bff.jumbo.cl/catalog/plp,3,2026-02-26T18:11:14
131923,Gomitas Mogul Piecitos 90 g,Arcor,1060,1060,False,https://www.jumbo.cl/gomitas-mogul-piecitos-90gr-1980567/p,https://jumbocl.vteximg.com.br/arquivos/ids/399371-250-250/Gomitas-Mogul-Piecitos-90-g.jpg?v=638776897513800000,Gomitas y Chicles,https://www.jumbo.cl/chocolates-galletas-y-snacks/dulces/gomitas-y-chicles,https://bff.jumbo.cl/catalog/plp,3,2026-02-26T18:11:14
150347,Gomitas Amos Bloques Ácidos 100 g,Amos,1390,1390,False,https://www.jumbo.cl/gomitas-amos-2039852/p,https://jumbocl.vteximg.com.br/arquivos/ids/475489-250-250/Gomitas-Amos-Bloques-Acidos-100-g.jpg?v=638872483439800000,Gomitas y Chicles,https://www.jumbo.cl/chocolates-galletas-y-snacks/dulces/gomitas-y-chicles,https://bff.jumbo.cl/catalog/plp,3,2026-02-26T18:11:14
19017,Gomitas Mogul Caligrut 400 g,Arcor,2990,2990,False,https://www.jumbo.cl/gomitas-arcor-400-g-mogul-califrut/p,https://jumbocl.vteximg.com.br/arquivos/ids/353212-250-250/Principal-18023.jpg?v=638776696465000000,Gomitas y Chicles,https://www.jumbo.cl/chocolates-galletas-y-snacks/dulces/gomitas-y-chicles,https://bff.jumbo.cl/catalog/plp,3,2026-02-26T18:11:14
74688,Gomitas Mogul Ositos 90 g,Arcor,1060,1060,False,https://www.jumbo.cl/gomitas-mogul-ositos-arcor-90-g/p,https://jumbocl.vteximg.com.br/arquivos/ids/363041-250-250/Gomitas-Mogul-ositos-Arcor-90-g-1-82946868.jpg?v=638776746263530000,Gomitas y Chicles,https://www.jumbo.cl/chocolates-galletas-y-snacks/dulces/gomitas-y-chicles,https://bff.jumbo.cl/catalog/plp,3,2026-02-26T18:11:14
146519,Gomitas Fini Huevos Fritos 90 g,Fini,1350,1350,False,https://www.jumbo.cl/gomitas-huevos-fritos-fini-90g-2026657/p,https://jumbocl.vteximg.com.br/arquivos/ids/345595-250-250/Gomitas-Huevos-Fritos-Fini-90-g.jpg?v=638776444822600000,Gomitas y Chicles,https://www.jumbo.cl/chocolates-galletas-y-snacks/dulces/gomitas-y-chicles,https://bff.jumbo.cl/catalog/plp,3,2026-02-26T18:11:14
146521,Tubos Fini Uva Dulce 80 g,Fini,1350,1350,False,https://www.jumbo.cl/tubos-uva-dulce-fini-80g-2026659/p,https://jumbocl.vteximg.com.br/arquivos/ids/345656-250-250/Tubos-Uva-Dulce-Fini-80-g.jpg?v=638776444880930000,Gomitas y Chicles,https://www.jumbo.cl/chocolates-galletas-y-snacks/dulces/gomitas-y-chicles,https://bff.jumbo.cl/catalog/plp,3,2026-02-26T18:11:14
146523,Tubos Fini Twister Dulce 80 g,Fini,1350,1350,False,https://www.jumbo.cl/tubos-twister-dulce-fini-80g-2026661/p,https://jumbocl.vteximg.com.br/arquivos/ids/345944-250-250/TUBOS-TWISTER-DULCE-FINI-80G.jpg?v=638776445156530000,Gomitas y Chicles,https://www.jumbo.cl/chocolates-galletas-y-snacks/dulces/gomitas-y-chicles,https://bff.jumbo.cl/catalog/plp,3,2026-02-26T18:11:14
161335,Gomitas Fini Moras 80 g,Fini,1290,1290,False,https://www.jumbo.cl/gomitas-moras-fini-2053758/p,https://jumbocl.vteximg.com.br/arquivos/ids/549595-250-250/Gomitas-Fini-Moras-80-g.jpg?v=639009846475300000,Gomitas y Chicles,https://www.jumbo.cl/chocolates-galletas-y-snacks/dulces/gomitas-y-chicles,https://bff.jumbo.cl/catalog/plp,3,2026-02-26T18:11:14
159581,Chicle Orbit Botella Hierbabuena 46 un.,Orbit,4490,4490,False,https://www.jumbo.cl/chicle-orbit-bot-2055697/p,https://jumbocl.vteximg.com.br/arquivos/ids/536850-250-250/Chicle-Orbit-Botella-Hierbabuena-46-un.jpg?v=638983812964600000,Gomitas y Chicles,https://www.jumbo.cl/chocolates-galletas-y-snacks/dulces/gomitas-y-chicles,https://bff.jumbo.cl/catalog/plp,3,2026-02-26T18:11:14
55189,Gomitas Fini Gusanos Ácidos 90 g,Fini,1350,1350,False,https://www.jumbo.cl/gomitas-fini-gusanos-cidos-90-g/p,https://jumbocl.vteximg.com.br/arquivos/ids/308724-250-250/Gomitas-Fini-gusanos-acidos-90-g.jpg?v=638776387517530000,Gomitas y Chicles,https://www.jumbo.cl/chocolates-galletas-y-snacks/dulces/gomitas-y-chicles,https://bff.jumbo.cl/catalog/plp,3,2026-02-26T18:11:14
163400,Gomita Sandía Mogul 80 g,Mogul,1119,1119,False,https://www.jumbo.cl/gomita-sandia-mogu-2064079/p,https://jumbocl.vteximg.com.br/arquivos/ids/567092-250-250/Gomita-Sandia-Mogul-80-g.jpg?v=639045122881900000,Gomitas y Chicles,https://www.jumbo.cl/chocolates-galletas-y-snacks/dulces/gomitas-y-chicles,https://bff.jumbo.cl/catalog/plp,3,2026-02-26T18:11:14
163398,Gomita Bananitas Mogul 80 g,Mogul,1119,1119,False,https://www.jumbo.cl/gomita-bananitas-2064080/p,https://jumbocl.vteximg.com.br/arquivos/ids/567093-250-250/Gomita-Bananitas-Mogul-80-g.jpg?v=639045122890200000,Gomitas y Chicles,https://www.jumbo.cl/chocolates-galletas-y-snacks/dulces/gomitas-y-chicles,https://bff.jumbo.cl/catalog/plp,3,2026-02-26T18:11:14
101198,Gomitas Veganas Katjes Conejo 175 g,Katjes,1752,2190,True,https://www.jumbo.cl/gomita-katjes-conejo-200gr-1855309/p,https://jumbocl.vteximg.com.br/arquivos/ids/313646-250-250/Gomita-conejo-200-g.jpg?v=638776400136900000,Gomitas y Chicles,https://www.jumbo.cl/chocolates-galletas-y-snacks/dulces/gomitas-y-chicles,https://bff.jumbo.cl/catalog/plp,3,2026-02-26T18:11:14
55188,Gomitas Fini Gusano Dulce 90 g,Fini,1350,1350,False,https://www.jumbo.cl/gomitas-fini-gusano-dulce-90-g/p,https://jumbocl.vteximg.com.br/arquivos/ids/308696-250-250/Gomitas-Fini-gusano-dulce-90-g.jpg?v=638776387489070000,Gomitas y Chicles,https://www.jumbo.cl/chocolates-galletas-y-snacks/dulces/gomitas-y-chicles,https://bff.jumbo.cl/catalog/plp,3,2026-02-26T18:11:14
55187,Gomitas Fini Dentaduras 90 g,Fini,1350,1350,False,https://www.jumbo.cl/gomitas-fini-dentaduras-90-g/p,https://jumbocl.vteximg.com.br/arquivos/ids/308688-250-250/Gomitas-Fini-dentaduras-90-g.jpg?v=638776387458570000,Gomitas y Chicles,https://www.jumbo.cl/chocolates-galletas-y-snacks/dulces/gomitas-y-chicles,https://bff.jumbo.cl/catalog/plp,3,2026-02-26T18:11:14
55190,Gomitas Fini Plátanos 90 g,Fini,1350,1350,False,https://www.jumbo.cl/gomitas-fini-pl-tanos-90-g/p,https://jumbocl.vteximg.com.br/arquivos/ids/308730-250-250/Gomitas-Fini-platanos-90-g.jpg?v=638776387543500000,Gomitas y Chicles,https://www.jumbo.cl/chocolates-galletas-y-snacks/dulces/gomitas-y-chicles,https://bff.jumbo.cl/catalog/plp,3,2026-02-26T18:11:14
18910,Gomitas Veganas Katjes Frutas 175 g,Katjes,1752,2190,True,https://www.jumbo.cl/gomitas-con-frutas-katjes-200-g/p,https://jumbocl.vteximg.com.br/arquivos/ids/304137-250-250/Gomitas-con-frutas-200-g.jpg?v=638776379174170000,Gomitas y Chicles,https://www.jumbo.cl/chocolates-galletas-y-snacks/dulces/gomitas-y-chicles,https://bff.jumbo.cl/catalog/plp,3,2026-02-26T18:11:14
101200,Gomitas Veganas Katjes Rainbow Edition 175 g,Katjes,1752,2190,True,https://www.jumbo.cl/gomita-katjes-rainbow-200gr-1855307/p,https://jumbocl.vteximg.com.br/arquivos/ids/313671-250-250/Gomita-rainbow-200-g.jpg?v=638776400221000000,Gomitas y Chicles,https://www.jumbo.cl/chocolates-galletas-y-snacks/dulces/gomitas-y-chicles,https://bff.jumbo.cl/catalog/plp,3,2026-02-26T18:11:14
101199,Gomitas Veganas Katjes Sour 175 g,Katjes,1752,2190,True,https://www.jumbo.cl/gomita-katjes-sour-200gr-1855308/p,https://jumbocl.vteximg.com.br/arquivos/ids/313660-250-250/Gomita-sour-200-g.jpg?v=638776400192430000,Gomitas y Chicles,https://www.jumbo.cl/chocolates-galletas-y-snacks/dulces/gomitas-y-chicles,https://bff.jumbo.cl/catalog/plp,3,2026-02-26T18:11:14
149243,Chicle Trident Sandía 14 un.,Trident,1590,1590,False,https://www.jumbo.cl/trident-14s-sandia-2037239/p,https://jumbocl.vteximg.com.br/arquivos/ids/441118-250-250/TRIDENT-14S-SANDIA.jpg?v=638834463127870000,Gomitas y Chicles,https://www.jumbo.cl/chocolates-galletas-y-snacks/dulces/gomitas-y-chicles,https://bff.jumbo.cl/catalog/plp,3,2026-02-26T18:11:14
147785,Bolsa de Gomitas Ácidas Sour Patch Sandía 226 g,Sour Patch,3790,3790,False,https://www.jumbo.cl/sour-pat-san-226g-2026137/p,https://jumbocl.vteximg.com.br/arquivos/ids/458152-250-250/Bolsa-de-Gomitas-Acidas-Sour-Patch-Sandia-226-g.jpg?v=638858676408800000,Gomitas y Chicles,https://www.jumbo.cl/chocolates-galletas-y-snacks/dulces/gomitas-y-chicles,https://bff.jumbo.cl/catalog/plp,3,2026-02-26T18:11:14
147908,Gomitas Haribo Ositos 1 kg,Haribo,14290,14290,False,https://www.jumbo.cl/haribo-oso-1kg-2028866/p,https://jumbocl.vteximg.com.br/arquivos/ids/529897-250-250/Gomitas-Haribo-Ositos-1-kg.jpg?v=638968260368030000,Gomitas y Chicles,https://www.jumbo.cl/chocolates-galletas-y-snacks/dulces/gomitas-y-chicles,https://bff.jumbo.cl/catalog/plp,4,2026-02-26T18:11:18
139099,Gomitas Mogul Extreme Ladrillitos Frutilla 150 g,Arcor,1690,1690,False,https://www.jumbo.cl/mogul-extreme-ladrillitos-fru-150g-2000486/p,https://jumbocl.vteximg.com.br/arquivos/ids/332167-250-250/Mogul-Extreme-Ladrillitos-Frutilla-150-g.jpg?v=638776433836100000,Gomitas y Chicles,https://www.jumbo.cl/chocolates-galletas-y-snacks/dulces/gomitas-y-chicles,https://bff.jumbo.cl/catalog/plp,4,2026-02-26T18:11:18
149246,Chicle Trident Yerba 14 un.,Trident,1590,1590,False,https://www.jumbo.cl/trident-14s-yerba-2039265/p,https://jumbocl.vteximg.com.br/arquivos/ids/441123-250-250/TRIDENT-14S-YERBA.jpg?v=638834463163430000,Gomitas y Chicles,https://www.jumbo.cl/chocolates-galletas-y-snacks/dulces/gomitas-y-chicles,https://bff.jumbo.cl/catalog/plp,4,2026-02-26T18:11:18
159069,Caramelos Merello Christmas Bean 170 g,Merello,2490,2490,False,https://www.jumbo.cl/caramelos-christma-2056047/p,https://jumbocl.vteximg.com.br/arquivos/ids/542275-250-250/Caramelos-Merello-Christmas-Bean-170-g.jpg?v=638991189024800000,Gomitas y Chicles,https://www.jumbo.cl/chocolates-galletas-y-snacks/dulces/gomitas-y-chicles,https://bff.jumbo.cl/catalog/plp,4,2026-02-26T18:11:18
138759,Tubos Frutilla Ácida Fini 240 g,Fini,2490,2490,False,https://www.jumbo.cl/tubos-frutilla-acida-fini-240g-1997425/p,https://jumbocl.vteximg.com.br/arquivos/ids/331527-250-250/Tubos-Frutilla-Acida-Fini-240-g.jpg?v=638776433215570000,Gomitas y Chicles,https://www.jumbo.cl/chocolates-galletas-y-snacks/dulces/gomitas-y-chicles,https://bff.jumbo.cl/catalog/plp,4,2026-02-26T18:11:18
158850,Gomitas Fiestas 380 g,Merello,7990,7990,False,https://www.jumbo.cl/gomitas-fiestas-380cgr-2052331/p,https://jumbocl.vteximg.com.br/arquivos/ids/532958-250-250/Gomitas-Fiestas-380-g.jpg?v=638979414822670000,Gomitas y Chicles,https://www.jumbo.cl/chocolates-galletas-y-snacks/dulces/gomitas-y-chicles,https://bff.jumbo.cl/catalog/plp,4,2026-02-26T18:11:18
141098,Gomitas Ositos Amos 100 g,Amos,1350,1350,False,https://www.jumbo.cl/gomitas-ositos-amos-100gr-2007592/p,https://jumbocl.vteximg.com.br/arquivos/ids/335604-250-250/Gomitas-Ositos-Amos-100-g.jpg?v=638776436652370000,Gomitas y Chicles,https://www.jumbo.cl/chocolates-galletas-y-snacks/dulces/gomitas-y-chicles,https://bff.jumbo.cl/catalog/plp,4,2026-02-26T18:11:18
111821,Gomitas Amos Frutas 100 g,Amos,1390,1390,False,https://www.jumbo.cl/gomitas-de-frutas-amos-100-gr-1922220/p,https://jumbocl.vteximg.com.br/arquivos/ids/379162-250-250/GOMITAS-DE-FRUTAS-AMOS-100-GR.jpg?v=638776818102970000,Gomitas y Chicles,https://www.jumbo.cl/chocolates-galletas-y-snacks/dulces/gomitas-y-chicles,https://bff.jumbo.cl/catalog/plp,4,2026-02-26T18:11:18
147783,Bolsa de Gomitas Ácidas Sour Patch Kids 226 g,Sour Patch,3790,3790,False,https://www.jumbo.cl/sour-pat-kid-226g-2026136/p,https://jumbocl.vteximg.com.br/arquivos/ids/458151-250-250/Bolsa-de-Gomitas-Acidas-Sour-Patch-Kids-226-g.jpg?v=638858676393930000,Gomitas y Chicles,https://www.jumbo.cl/chocolates-galletas-y-snacks/dulces/gomitas-y-chicles,https://bff.jumbo.cl/catalog/plp,4,2026-02-26T18:11:18
158855,Caramelos Christmas Jelly 170 g,Merello,2490,2490,False,https://www.jumbo.cl/caramelos-christmas-jelly-170-g-2052330/p,https://jumbocl.vteximg.com.br/arquivos/ids/532948-250-250/Caramelos-Christmas-Jelly-170-g.jpg?v=638979414810800000,Gomitas y Chicles,https://www.jumbo.cl/chocolates-galletas-y-snacks/dulces/gomitas-y-chicles,https://bff.jumbo.cl/catalog/plp,4,2026-02-26T18:11:18
163399,Gomita Frutilla Ácida Mogul 80 g,Mogul,1119,1119,False,https://www.jumbo.cl/gomita-frutilla-2064081/p,https://jumbocl.vteximg.com.br/arquivos/ids/567094-250-250/Gomita-Frutilla-Acida-Mogul-80-g.jpg?v=639045122898330000,Gomitas y Chicles,https://www.jumbo.cl/chocolates-galletas-y-snacks/dulces/gomitas-y-chicles,https://bff.jumbo.cl/catalog/plp,4,2026-02-26T18:11:18
57050,Gomitas Ositos Dulces 90 g,Fini,1350,1350,False,https://www.jumbo.cl/gomitas-ositos-dulces-fini-90-gr/p,https://jumbocl.vteximg.com.br/arquivos/ids/360204-250-250/1716208.png?v=638776731634670000,Gomitas y Chicles,https://www.jumbo.cl/chocolates-galletas-y-snacks/dulces/gomitas-y-chicles,https://bff.jumbo.cl/catalog/plp,4,2026-02-26T18:11:18
3793,Caramelos Cavendish Sabores Frutales 966 g,Cavendish & Harvey,9990,9990,False,https://www.jumbo.cl/caramelos-cavendish-harvey-frasco-966-g-sabores-frutales/p,https://jumbocl.vteximg.com.br/arquivos/ids/299990-250-250/Caramelos-sabores-frutales-966-g.jpg?v=638776371539870000,Masticables y Caramelos,https://www.jumbo.cl/chocolates-galletas-y-snacks/dulces/calugas-masticables-y-caramelos,https://bff.jumbo.cl/catalog/plp,1,2026-02-26T18:11:26
119466,Masticable Masticandy Amberries 120 g,Ambrosoli,1000,1000,False,https://www.jumbo.cl/caramelo-masticandy-amberries-120-gr-1938317/p,https://jumbocl.vteximg.com.br/arquivos/ids/384892-250-250/Caramelos-Masticandy-Amberries-120-g.jpg?v=638776842016470000,Masticables y Caramelos,https://www.jumbo.cl/chocolates-galletas-y-snacks/dulces/calugas-masticables-y-caramelos,https://bff.jumbo.cl/catalog/plp,1,2026-02-26T18:11:26
19175,Cilindros de Manjar 150 g,De Mi Campo,1990,1990,False,https://www.jumbo.cl/cilindros-de-manjar-de-mi-campo-150-g/p,https://jumbocl.vteximg.com.br/arquivos/ids/353276-250-250/529222.jpg?v=638776696721630000,Masticables y Caramelos,https://www.jumbo.cl/chocolates-galletas-y-snacks/dulces/calugas-masticables-y-caramelos,https://bff.jumbo.cl/catalog/plp,1,2026-02-26T18:11:26
19005,Chupetes Pin Pop XL Frutos Rojos 576 g 24 un.,Ambrosoli,3350,3350,False,https://www.jumbo.cl/chupete-pin-pon-ambrosoli-24-g-xl-sabor-frutos-rojos/p,https://jumbocl.vteximg.com.br/arquivos/ids/353211-250-250/Chupetes-Pin-Pon-24-g-XL-sabor-frutos-rojos.jpg?v=638776696463830000,Masticables y Caramelos,https://www.jumbo.cl/chocolates-galletas-y-snacks/dulces/calugas-masticables-y-caramelos,https://bff.jumbo.cl/catalog/plp,1,2026-02-26T18:11:26
3652,Caluga de Leche de Mi Campo con Nuez 250 g,De Mi Campo,2890,2890,False,https://www.jumbo.cl/caluga-de-leche-con-nuez-de-mi-campo-250-g/p,https://jumbocl.vteximg.com.br/arquivos/ids/346860-250-250/375470.jpg?v=638776464139530000,Masticables y Caramelos,https://www.jumbo.cl/chocolates-galletas-y-snacks/dulces/calugas-masticables-y-caramelos,https://bff.jumbo.cl/catalog/plp,1,2026-02-26T18:11:26
3794,Caramelos Cavendish Guinda Lata 200 g,Cavendish & Harvey,2590,2590,False,https://www.jumbo.cl/caramelos-cavendish-harvey-lata-200-g-guinda/p,https://jumbocl.vteximg.com.br/arquivos/ids/300005-250-250/Caramelos-guinda-lata-200-g.jpg?v=638776371566530000,Masticables y Caramelos,https://www.jumbo.cl/chocolates-galletas-y-snacks/dulces/calugas-masticables-y-caramelos,https://bff.jumbo.cl/catalog/plp,1,2026-02-26T18:11:26
3651,Bolitas de Manjar de Mi Campo con Coco Rallado 95 g,De Mi Campo,1250,1250,False,https://www.jumbo.cl/bolitas-de-manjar-de-mi-campo-bolsa-95-g-con-coco-rallado/p,https://jumbocl.vteximg.com.br/arquivos/ids/346859-250-250/375474.jpg?v=638776464128770000,Masticables y Caramelos,https://www.jumbo.cl/chocolates-galletas-y-snacks/dulces/calugas-masticables-y-caramelos,https://bff.jumbo.cl/catalog/plp,1,2026-02-26T18:11:26
3764,Caramelos Arbolito Surtido Bolsa 430 g 100 un.,Ambrosoli,3090,3090,False,https://www.jumbo.cl/caramelos-ambrosoli-bolsa-430-g-arbolito-surtido/p,https://jumbocl.vteximg.com.br/arquivos/ids/346912-250-250/Caramelos-Arbolito-430-g-surtido.jpg?v=638776464738930000,Masticables y Caramelos,https://www.jumbo.cl/chocolates-galletas-y-snacks/dulces/calugas-masticables-y-caramelos,https://bff.jumbo.cl/catalog/plp,1,2026-02-26T18:11:26
3768,Caramelos Frutas Bolsa 430 g,Ambrosoli,2990,2990,False,https://www.jumbo.cl/caramelos-frutales-ambrosoli-430-g/p,https://jumbocl.vteximg.com.br/arquivos/ids/346915-250-250/Caramelos-frutales-430-g.jpg?v=638776464781000000,Masticables y Caramelos,https://www.jumbo.cl/chocolates-galletas-y-snacks/dulces/calugas-masticables-y-caramelos,https://bff.jumbo.cl/catalog/plp,1,2026-02-26T18:11:26
3783,Caramelos Butter Toffes Chocolate 130 g,Arcor,1290,1290,False,https://www.jumbo.cl/butter-toffee-de-chocolate-arcor-150-g/p,https://jumbocl.vteximg.com.br/arquivos/ids/346921-250-250/Caramelo-Arcor-butter-chocolate-130-gr.jpg?v=638776464873130000,Masticables y Caramelos,https://www.jumbo.cl/chocolates-galletas-y-snacks/dulces/calugas-masticables-y-caramelos,https://bff.jumbo.cl/catalog/plp,1,2026-02-26T18:11:26
134363,Masticable Colombina Fresa Crunchy 360 g,Colombina,3000,3000,False,https://www.jumbo.cl/barra-mastic-colom-fresa-crunchy-360gr-1990558/p,https://jumbocl.vteximg.com.br/arquivos/ids/323056-250-250/Barra-Masticable-Colombina-Fresa-Crunchy-360-g.jpg?v=638776426617830000,Masticables y Caramelos,https://www.jumbo.cl/chocolates-galletas-y-snacks/dulces/calugas-masticables-y-caramelos,https://bff.jumbo.cl/catalog/plp,1,2026-02-26T18:11:26
127055,Chupete Macizo Mentos Sabores Surtidos 80 un.,Mentos,6690,6690,False,https://www.jumbo.cl/mini-chupa-chups-80-uni-1965039/p,https://jumbocl.vteximg.com.br/arquivos/ids/393011-250-250/Chupa-Chups-Mini-80-un.jpg?v=638776873050030000,Masticables y Caramelos,https://www.jumbo.cl/chocolates-galletas-y-snacks/dulces/calugas-masticables-y-caramelos,https://bff.jumbo.cl/catalog/plp,1,2026-02-26T18:11:26
55127,Caramelos Werther's Clásico Sin Azúcar 42 g,Werther´s,1750,1750,False,https://www.jumbo.cl/caramelo-werther-s-cl-sico-sin-az-car-42-g/p,https://jumbocl.vteximg.com.br/arquivos/ids/359605-250-250/Caramelo-Werther-s-clasico-sin-azucar-42-g.jpg?v=638776728994230000,Masticables y Caramelos,https://www.jumbo.cl/chocolates-galletas-y-snacks/dulces/calugas-masticables-y-caramelos,https://bff.jumbo.cl/catalog/plp,1,2026-02-26T18:11:26
78646,Chupete Bon Bon Bun Fresa 228 g,Colombina,1700,1700,False,https://www.jumbo.cl/chupete-bon-bon-bun-fresa-228-g/p,https://jumbocl.vteximg.com.br/arquivos/ids/364080-250-250/Chupete-Bon-Bon-Bun-fresa-228-g.jpg?v=638776752090430000,Masticables y Caramelos,https://www.jumbo.cl/chocolates-galletas-y-snacks/dulces/calugas-masticables-y-caramelos,https://bff.jumbo.cl/catalog/plp,1,2026-02-26T18:11:26
3787,Masticables Arcor Sabores Frutales 800 g,Arcor,6690,6690,False,https://www.jumbo.cl/masticables-arcor-bolsa-800-g-sabores-frutales/p,https://jumbocl.vteximg.com.br/arquivos/ids/346923-250-250/Masticables-sabores-frutales-800-g.jpg?v=638776464900770000,Masticables y Caramelos,https://www.jumbo.cl/chocolates-galletas-y-snacks/dulces/calugas-masticables-y-caramelos,https://bff.jumbo.cl/catalog/plp,1,2026-02-26T18:11:26
3786,Caramelos Kegol Sabores Frutales 153 g,Arcor,1000,1290,True,https://www.jumbo.cl/kegol-arcor-153-g/p,https://jumbocl.vteximg.com.br/arquivos/ids/346922-250-250/1607121.jpg?v=638776464886930000,Masticables y Caramelos,https://www.jumbo.cl/chocolates-galletas-y-snacks/dulces/calugas-masticables-y-caramelos,https://bff.jumbo.cl/catalog/plp,1,2026-02-26T18:11:26
64923,Masticable Maoam 5 Piezas 110 g,Maoam,990,1590,True,https://www.jumbo.cl/masticable-maoam-5-piezas-110g/p,https://jumbocl.vteximg.com.br/arquivos/ids/309648-250-250/Masticable-Maoam-5-piezas-110-g.jpg?v=638776389617130000,Masticables y Caramelos,https://www.jumbo.cl/chocolates-galletas-y-snacks/dulces/calugas-masticables-y-caramelos,https://bff.jumbo.cl/catalog/plp,1,2026-02-26T18:11:26
3770,Chupetes Pin Pop Cereza Extrema 408 g,Ambrosoli,2490,2490,False,https://www.jumbo.cl/chupete-pin-pon-cereza-extrema-ambrosoli-18-g/p,https://jumbocl.vteximg.com.br/arquivos/ids/346916-250-250/Chupete-Pin-Pop-Cereza-Extrema-24-un-432-g.jpg?v=638776464795300000,Masticables y Caramelos,https://www.jumbo.cl/chocolates-galletas-y-snacks/dulces/calugas-masticables-y-caramelos,https://bff.jumbo.cl/catalog/plp,1,2026-02-26T18:11:26
119507,Gomitas Frugelé Duo 140 g,Ambrosoli,1000,1000,False,https://www.jumbo.cl/caramelo-frugele-duo-ambrosoli-140-gr-1938318/p,https://jumbocl.vteximg.com.br/arquivos/ids/384915-250-250/Caramelo-Frugele-Duo-140-g.jpg?v=638776842148530000,Masticables y Caramelos,https://www.jumbo.cl/chocolates-galletas-y-snacks/dulces/calugas-masticables-y-caramelos,https://bff.jumbo.cl/catalog/plp,1,2026-02-26T18:11:26
18830,Caramelos Cavendish Frutos del Bosque 175 g,Cavendish & Harvey,2590,2590,False,https://www.jumbo.cl/caramelos-cavendish-harvey-175-g-sabor-frutos-del-bosque/p,https://jumbocl.vteximg.com.br/arquivos/ids/304134-250-250/Caramelos-frutos-del-bosque-175-g.jpg?v=638776379146930000,Masticables y Caramelos,https://www.jumbo.cl/chocolates-galletas-y-snacks/dulces/calugas-masticables-y-caramelos,https://bff.jumbo.cl/catalog/plp,1,2026-02-26T18:11:26
108588,Caramelos Lheritier Pico Dulce 672 g 48 un.,Lheritier,5750,5750,False,https://www.jumbo.cl/caramelos-pico-dulce-672-gr-1898910/p,https://jumbocl.vteximg.com.br/arquivos/ids/315195-250-250/Caramelos-Lheritier-Pico-Dulce-672-g.jpg?v=638776404237670000,Masticables y Caramelos,https://www.jumbo.cl/chocolates-galletas-y-snacks/dulces/calugas-masticables-y-caramelos,https://bff.jumbo.cl/catalog/plp,1,2026-02-26T18:11:26
19123,Caramelos Merello Dulce de Anís 90 g,Merello,850,850,False,https://www.jumbo.cl/caramelos-merello-90-g-dulce-de-anis/p,https://jumbocl.vteximg.com.br/arquivos/ids/415459-250-250/Caramelos-Merello-Dulce-de-Anis-90-g.jpg?v=638802629336530000,Masticables y Caramelos,https://www.jumbo.cl/chocolates-galletas-y-snacks/dulces/calugas-masticables-y-caramelos,https://bff.jumbo.cl/catalog/plp,1,2026-02-26T18:11:26
118410,Caramelos Cavendish Grosella Relleno Manzana 175 g,Cavendish & Harvey,2990,2990,False,https://www.jumbo.cl/caram-cavendish-grosella-rell-manza-175g-1915036/p,https://jumbocl.vteximg.com.br/arquivos/ids/316780-250-250/Caramelos-grosella-relleno-manzana-175-g.jpg?v=638776410081730000,Masticables y Caramelos,https://www.jumbo.cl/chocolates-galletas-y-snacks/dulces/calugas-masticables-y-caramelos,https://bff.jumbo.cl/catalog/plp,1,2026-02-26T18:11:26
18913,Caramelos Cavendish Fruta Tropical 200 g,Cavendish & Harvey,2590,2590,False,https://www.jumbo.cl/caramelos-cavendish-harvey-200-g-sabor-fruta-tropical/p,https://jumbocl.vteximg.com.br/arquivos/ids/304148-250-250/Caramelos-fruta-tropical-200-g.jpg?v=638776379240300000,Masticables y Caramelos,https://www.jumbo.cl/chocolates-galletas-y-snacks/dulces/calugas-masticables-y-caramelos,https://bff.jumbo.cl/catalog/plp,1,2026-02-26T18:11:26
3791,Calugas Suny Bolsa 200 g,Ambrosoli,1590,1870,True,https://www.jumbo.cl/caluga-suny-calaf-clasicos-250-g/p,https://jumbocl.vteximg.com.br/arquivos/ids/346925-250-250/Calugas-Suny-clasicas-200-g.jpg?v=638776464925900000,Masticables y Caramelos,https://www.jumbo.cl/chocolates-galletas-y-snacks/dulces/calugas-masticables-y-caramelos,https://bff.jumbo.cl/catalog/plp,1,2026-02-26T18:11:26
3765,Calugas Old England Toffee Surtida 450 g,Ambrosoli,3850,3850,False,https://www.jumbo.cl/caluga-ambrosoli-old-england-toffee-surtidos-450-g/p,https://jumbocl.vteximg.com.br/arquivos/ids/346913-250-250/Caramelos-Old-England-Toffee-surtidos-450-g.jpg?v=638776464753330000,Masticables y Caramelos,https://www.jumbo.cl/chocolates-galletas-y-snacks/dulces/calugas-masticables-y-caramelos,https://bff.jumbo.cl/catalog/plp,1,2026-02-26T18:11:26
3782,Chupetes Loly Fruta Bolsa 80 g 10 un.,Ambrosoli,1290,1390,True,https://www.jumbo.cl/paleta-fruta-ambrosoli-10-unid/p,https://jumbocl.vteximg.com.br/arquivos/ids/346920-250-250/Paleta-fruta-10-un.jpg?v=638776464855800000,Masticables y Caramelos,https://www.jumbo.cl/chocolates-galletas-y-snacks/dulces/calugas-masticables-y-caramelos,https://bff.jumbo.cl/catalog/plp,1,2026-02-26T18:11:26
19009,Pin Pop Frutilla 408 g,Ambrosoli,2390,2390,False,https://www.jumbo.cl/caramelo-fresa-pin-pop-ambrosoli-480-g/p,https://jumbocl.vteximg.com.br/arquivos/ids/353208-250-250/Chupete-Pin-Pop-Fresa-16-un-480-g.jpg?v=638776696456400000,Masticables y Caramelos,https://www.jumbo.cl/chocolates-galletas-y-snacks/dulces/calugas-masticables-y-caramelos,https://bff.jumbo.cl/catalog/plp,1,2026-02-26T18:11:26
19130,Porotitos de Caramelo Merello 90 g,Merello,930,930,False,https://www.jumbo.cl/porotitos-de-caramelo-merello-90-g/p,https://jumbocl.vteximg.com.br/arquivos/ids/415462-250-250/Porotitos-de-Caramelo-Merello-90-g.jpg?v=638802629376800000,Masticables y Caramelos,https://www.jumbo.cl/chocolates-galletas-y-snacks/dulces/calugas-masticables-y-caramelos,https://bff.jumbo.cl/catalog/plp,1,2026-02-26T18:11:26
18892,Caramelos Cavendish Frutales 200 g,Cavendish & Harvey,2590,2590,False,https://www.jumbo.cl/caramelos-cavendish-harvey-200-g-frutales/p,https://jumbocl.vteximg.com.br/arquivos/ids/304085-250-250/Caramelos-frutales-200-g.jpg?v=638776378930270000,Masticables y Caramelos,https://www.jumbo.cl/chocolates-galletas-y-snacks/dulces/calugas-masticables-y-caramelos,https://bff.jumbo.cl/catalog/plp,1,2026-02-26T18:11:26
3789,Calugas Suny Bolsa 130 g,Ambrosoli,1470,1470,False,https://www.jumbo.cl/caluga-suny-calaf-130-g/p,https://jumbocl.vteximg.com.br/arquivos/ids/346924-250-250/Calugas-Suny-clasicas-130-g.jpg?v=638776464911770000,Masticables y Caramelos,https://www.jumbo.cl/chocolates-galletas-y-snacks/dulces/calugas-masticables-y-caramelos,https://bff.jumbo.cl/catalog/plp,1,2026-02-26T18:11:26
134686,Caramelos Alka 2 Mentol 38 g,Alka,590,590,False,https://www.jumbo.cl/alka-2-mentol-12x12x28g-1993111/p,https://jumbocl.vteximg.com.br/arquivos/ids/323236-250-250/Alka-2-Mentol-12X12X28-g.jpg?v=638776426750470000,Masticables y Caramelos,https://www.jumbo.cl/chocolates-galletas-y-snacks/dulces/calugas-masticables-y-caramelos,https://bff.jumbo.cl/catalog/plp,1,2026-02-26T18:11:26
77205,Caramelos Gicopa Violeta 150 g,Gicopa,2690,2690,False,https://www.jumbo.cl/caramelos-violeta-150-g/p,https://jumbocl.vteximg.com.br/arquivos/ids/310821-250-250/Caramelos-violeta-150-g.jpg?v=638776392317470000,Masticables y Caramelos,https://www.jumbo.cl/chocolates-galletas-y-snacks/dulces/calugas-masticables-y-caramelos,https://bff.jumbo.cl/catalog/plp,1,2026-02-26T18:11:26
78645,Chupete Bon Bon Bun Surtido 228 g,Colombina,1700,1700,False,https://www.jumbo.cl/chupete-bon-bon-bun-surtido-228-g/p,https://jumbocl.vteximg.com.br/arquivos/ids/364083-250-250/Chupete-Bon-Bon-Bun-surtido-228-g.jpg?v=638776752094470000,Masticables y Caramelos,https://www.jumbo.cl/chocolates-galletas-y-snacks/dulces/calugas-masticables-y-caramelos,https://bff.jumbo.cl/catalog/plp,1,2026-02-26T18:11:26
134687,Caramelos Alka 2 Cereza 28 g,Alka,590,590,False,https://www.jumbo.cl/alka-2-cereza-12x12x28g-1993112/p,https://jumbocl.vteximg.com.br/arquivos/ids/323266-250-250/Alka-2-Cereza-12X12X28-g.jpg?v=638776426775830000,Masticables y Caramelos,https://www.jumbo.cl/chocolates-galletas-y-snacks/dulces/calugas-masticables-y-caramelos,https://bff.jumbo.cl/catalog/plp,1,2026-02-26T18:11:26
137210,Mentos Clearbreath Verde 17.5 g,Mentos,1650,1650,False,https://www.jumbo.cl/mentos-clearbreath-verde-17-5g-1998543/p,https://jumbocl.vteximg.com.br/arquivos/ids/421643-250-250/Mentos-Clearbreath-Verde-175-g.jpg?v=638809565057000000,Masticables y Caramelos,https://www.jumbo.cl/chocolates-galletas-y-snacks/dulces/calugas-masticables-y-caramelos,https://bff.jumbo.cl/catalog/plp,1,2026-02-26T18:11:26
54914,Caramelos Masticables Skittles Sabor Wildberry 62 g,Skittles,1350,1350,False,https://www.jumbo.cl/caramelo-skittles-wild-berry-single-62-g/p,https://jumbocl.vteximg.com.br/arquivos/ids/359529-250-250/Caramelo-Wild-Berry-62-g.jpg?v=638776728648630000,Masticables y Caramelos,https://www.jumbo.cl/chocolates-galletas-y-snacks/dulces/calugas-masticables-y-caramelos,https://bff.jumbo.cl/catalog/plp,1,2026-02-26T18:11:26
73833,Caramelos Gicopa Cerezas 150 g,Gicopa,2690,2690,False,https://www.jumbo.cl/caramelos-cerezas-gicopa-150-g/p,https://jumbocl.vteximg.com.br/arquivos/ids/310350-250-250/Caramelos-cerezas-150-g.jpg?v=638776391372900000,Masticables y Caramelos,https://www.jumbo.cl/chocolates-galletas-y-snacks/dulces/calugas-masticables-y-caramelos,https://bff.jumbo.cl/catalog/plp,1,2026-02-26T18:11:26
19028,Chupetes Loly Leche Bolsa 80 g 10 un.,Ambrosoli,1290,1390,True,https://www.jumbo.cl/paleta-leche-ambrosoli-10-unid/p,https://jumbocl.vteximg.com.br/arquivos/ids/353216-250-250/Paleta-leche-10-un.jpg?v=638776696480170000,Masticables y Caramelos,https://www.jumbo.cl/chocolates-galletas-y-snacks/dulces/calugas-masticables-y-caramelos,https://bff.jumbo.cl/catalog/plp,1,2026-02-26T18:11:26
41126,Chupetes Goyak Gigante 480 g 20 un.,Ambrosoli,2590,2590,False,https://www.jumbo.cl/caramelos-ambrosoli-goyak-480-g/p,https://jumbocl.vteximg.com.br/arquivos/ids/356371-250-250/Caramelos-Goyak-480-g.jpg?v=638776712117030000,Masticables y Caramelos,https://www.jumbo.cl/chocolates-galletas-y-snacks/dulces/calugas-masticables-y-caramelos,https://bff.jumbo.cl/catalog/plp,1,2026-02-26T18:11:26
78746,Caramelos Wonka Uva 142 g,Wonka,2690,2690,False,https://www.jumbo.cl/caramelos-nerds-uva-142-g/p,https://jumbocl.vteximg.com.br/arquivos/ids/364113-250-250/Caramelos-Nerds-uva-142-g-1-117148987.jpg?v=638776752275600000,Masticables y Caramelos,https://www.jumbo.cl/chocolates-galletas-y-snacks/dulces/calugas-masticables-y-caramelos,https://bff.jumbo.cl/catalog/plp,2,2026-02-26T18:11:30
3781,Masticable Masticandy Tubitos 400 g,Ambrosoli,3590,3590,False,https://www.jumbo.cl/masticable-tubitos-ambrosoli-400-g/p,https://jumbocl.vteximg.com.br/arquivos/ids/346919-250-250/Masticables-tubitos-400-g.jpg?v=638776464840730000,Masticables y Caramelos,https://www.jumbo.cl/chocolates-galletas-y-snacks/dulces/calugas-masticables-y-caramelos,https://bff.jumbo.cl/catalog/plp,2,2026-02-26T18:11:30
64920,Caramelos Cavendish Menta 200 g,Cavendish & Harvey,2590,2590,False,https://www.jumbo.cl/caramelo-cavendish-menta-200-gr/p,https://jumbocl.vteximg.com.br/arquivos/ids/309780-250-250/Caramelos-menta-200-g.jpg?v=638776389874970000,Masticables y Caramelos,https://www.jumbo.cl/chocolates-galletas-y-snacks/dulces/calugas-masticables-y-caramelos,https://bff.jumbo.cl/catalog/plp,2,2026-02-26T18:11:30
77206,Mix Caramelos Gicopa Flores 150 g,Gicopa,2690,2690,False,https://www.jumbo.cl/mix-caramelos-flores-150-g/p,https://jumbocl.vteximg.com.br/arquivos/ids/310831-250-250/Mix-caramelos-flores-150-g.jpg?v=638776392348930000,Masticables y Caramelos,https://www.jumbo.cl/chocolates-galletas-y-snacks/dulces/calugas-masticables-y-caramelos,https://bff.jumbo.cl/catalog/plp,2,2026-02-26T18:11:30
55191,Tubos Fini Frutilla Ácido 80 g,Fini,1450,1450,False,https://www.jumbo.cl/caramelo-fini-regaliz-frutilla-cido-80-g/p,https://jumbocl.vteximg.com.br/arquivos/ids/308752-250-250/Caramelo-Fini-regaliz-frutilla-acido-80-g.jpg?v=638776387572200000,Masticables y Caramelos,https://www.jumbo.cl/chocolates-galletas-y-snacks/dulces/calugas-masticables-y-caramelos,https://bff.jumbo.cl/catalog/plp,2,2026-02-26T18:11:30
73507,Caramelos Cavendish Citrus 966 g,Cavendish & Harvey,9990,9990,False,https://www.jumbo.cl/caramelo-cavendish-citrus-966-g/p,https://jumbocl.vteximg.com.br/arquivos/ids/310240-250-250/Caramelos-citrus-966-g.jpg?v=638776391176470000,Masticables y Caramelos,https://www.jumbo.cl/chocolates-galletas-y-snacks/dulces/calugas-masticables-y-caramelos,https://bff.jumbo.cl/catalog/plp,2,2026-02-26T18:11:30
3833,Caramelos Masticables Starburst Frutales Original 204 g,Starburst,4290,4290,False,https://www.jumbo.cl/caramelos-starburst-bolsa-204-g-frutal/p,https://jumbocl.vteximg.com.br/arquivos/ids/346988-250-250/Caramelos-Masticables-Frutales-Original-204g.jpg?v=638776465574000000,Masticables y Caramelos,https://www.jumbo.cl/chocolates-galletas-y-snacks/dulces/calugas-masticables-y-caramelos,https://bff.jumbo.cl/catalog/plp,2,2026-02-26T18:11:30
3653,Caluga de Leche de Mi Campo 250 g,De Mi Campo,2790,2790,False,https://www.jumbo.cl/caluga-de-leche-de-mi-campo-250-g-2/p,https://jumbocl.vteximg.com.br/arquivos/ids/346861-250-250/375468.jpg?v=638776464149770000,Masticables y Caramelos,https://www.jumbo.cl/chocolates-galletas-y-snacks/dulces/calugas-masticables-y-caramelos,https://bff.jumbo.cl/catalog/plp,2,2026-02-26T18:11:30
3807,Caramelos Ice Breaker Berry Sin Azúcar 42 g,Ice Breaker,3390,3390,False,https://www.jumbo.cl/caramelos-berry-sin-azucar-ice-breaker-42-g/p,https://jumbocl.vteximg.com.br/arquivos/ids/346933-250-250/Principal-7247.jpg?v=638776465016300000,Masticables y Caramelos,https://www.jumbo.cl/chocolates-galletas-y-snacks/dulces/calugas-masticables-y-caramelos,https://bff.jumbo.cl/catalog/plp,2,2026-02-26T18:11:30
54959,Caramelos Masticables Skittles Sabor Sour 51 g,Skittles,1350,1350,False,https://www.jumbo.cl/caramelo-skittles-sour-single-51-g/p,https://jumbocl.vteximg.com.br/arquivos/ids/527726-250-250/Caramelos-Masticables-Skittles-Sabor-Sour-51-g.jpg?v=638967404240330000,Masticables y Caramelos,https://www.jumbo.cl/chocolates-galletas-y-snacks/dulces/calugas-masticables-y-caramelos,https://bff.jumbo.cl/catalog/plp,2,2026-02-26T18:11:30
82783,Caramelos Cavendish Fruta Tropical 600 g,Cavendish & Harvey,9990,9990,False,https://www.jumbo.cl/caramelo-cavendish-fruta-tropical-966g/p,https://jumbocl.vteximg.com.br/arquivos/ids/311520-250-250/Caramelos-fruta-tropical-600-g.jpg?v=638776393876030000,Masticables y Caramelos,https://www.jumbo.cl/chocolates-galletas-y-snacks/dulces/calugas-masticables-y-caramelos,https://bff.jumbo.cl/catalog/plp,2,2026-02-26T18:11:30
3797,Masticables Surtido Bolsa 400 g,Dos en Uno,3490,4290,True,https://www.jumbo.cl/masticables-dos-en-uno-bolsa-400-g-sabores-surtidos/p,https://jumbocl.vteximg.com.br/arquivos/ids/346931-250-250/Principal-7237.jpg?v=638776464998070000,Masticables y Caramelos,https://www.jumbo.cl/chocolates-galletas-y-snacks/dulces/calugas-masticables-y-caramelos,https://bff.jumbo.cl/catalog/plp,2,2026-02-26T18:11:30
118412,Caramelos Cavendish Limón Relleno Frutilla 175 g,Cavendish & Harvey,2990,2990,False,https://www.jumbo.cl/caram-cavendish-limon-rell-frutilla-175g-1915035/p,https://jumbocl.vteximg.com.br/arquivos/ids/316807-250-250/Caramelos-limon-relleno-frutilla-175-g.jpg?v=638776410147930000,Masticables y Caramelos,https://www.jumbo.cl/chocolates-galletas-y-snacks/dulces/calugas-masticables-y-caramelos,https://bff.jumbo.cl/catalog/plp,2,2026-02-26T18:11:30
75,Calugas Old England Toffee Bañada en Chocolate 300 g,Ambrosoli,3690,3690,False,https://www.jumbo.cl/caramelos-ambrosoli-bolsa-300-g-old-england-toffe-banado-en-chocolate/p,https://jumbocl.vteximg.com.br/arquivos/ids/297620-250-250/Caramelos-Old-England-Toffe-ba%C3%B1ados-en-chocolate-300-g.jpg?v=638775741426170000,Masticables y Caramelos,https://www.jumbo.cl/chocolates-galletas-y-snacks/dulces/calugas-masticables-y-caramelos,https://bff.jumbo.cl/catalog/plp,2,2026-02-26T18:11:30
150463,Caramelos de Nata Tirma 125 g,Tirma,1690,1690,False,https://www.jumbo.cl/caramelo-tirma125g-2037256/p,https://jumbocl.vteximg.com.br/arquivos/ids/526385-250-250/Caramelos-de-Nata-Tirma-125-g.jpg?v=638966657029530000,Masticables y Caramelos,https://www.jumbo.cl/chocolates-galletas-y-snacks/dulces/calugas-masticables-y-caramelos,https://bff.jumbo.cl/catalog/plp,2,2026-02-26T18:11:30
61346,Calugas de Leche de Mi Campo 90 g,De Mi Campo,930,930,False,https://www.jumbo.cl/caluga-de-leche-de-mi-campo-bolsa-90-g/p,https://jumbocl.vteximg.com.br/arquivos/ids/360896-250-250/Calugas-de-leche-De-Mi-Campo-bolsa-90-g.jpg?v=638776734573400000,Masticables y Caramelos,https://www.jumbo.cl/chocolates-galletas-y-snacks/dulces/calugas-masticables-y-caramelos,https://bff.jumbo.cl/catalog/plp,2,2026-02-26T18:11:30
18911,Caramelos Cavendish Multrifrut Berry 300 g,Cavendish & Harvey,4990,4990,False,https://www.jumbo.cl/caramelos-cavendish-harvey-300-g-sabor-multifruit-berry/p,https://jumbocl.vteximg.com.br/arquivos/ids/304143-250-250/Caramelos-multrifrut-berry-300-g.jpg?v=638776379206070000,Masticables y Caramelos,https://www.jumbo.cl/chocolates-galletas-y-snacks/dulces/calugas-masticables-y-caramelos,https://bff.jumbo.cl/catalog/plp,2,2026-02-26T18:11:30
115580,Calugas Suny Bolsa 360 g,Ambrosoli,2950,2950,False,https://www.jumbo.cl/caluga-calaf-suny-bolsa-360gr-1932749/p,https://jumbocl.vteximg.com.br/arquivos/ids/381762-250-250/Calugas-Suny-360-g.jpg?v=638776828359070000,Masticables y Caramelos,https://www.jumbo.cl/chocolates-galletas-y-snacks/dulces/calugas-masticables-y-caramelos,https://bff.jumbo.cl/catalog/plp,2,2026-02-26T18:11:30
3830,Caramelos Masticables Skittles Sabor Original 62 g,Skittles,1350,1350,False,https://www.jumbo.cl/caramelos-skittles-615-g-sabores-frutales/p,https://jumbocl.vteximg.com.br/arquivos/ids/346971-250-250/Caramelo-Original-62-g.jpg?v=638776465415100000,Masticables y Caramelos,https://www.jumbo.cl/chocolates-galletas-y-snacks/dulces/calugas-masticables-y-caramelos,https://bff.jumbo.cl/catalog/plp,2,2026-02-26T18:11:30
19027,Calugas Old England Toffee Surtida 130 g,Ambrosoli,1250,1250,False,https://www.jumbo.cl/caramelos-old-england-toffe-ambrosoli-130-g/p,https://jumbocl.vteximg.com.br/arquivos/ids/353217-250-250/Caramelos-Old-England-Toffe-130-g.jpg?v=638776696481570000,Masticables y Caramelos,https://www.jumbo.cl/chocolates-galletas-y-snacks/dulces/calugas-masticables-y-caramelos,https://bff.jumbo.cl/catalog/plp,2,2026-02-26T18:11:30
128258,Lollipop Original Gourmet 31 G,Original Gourmet,1190,1190,False,https://www.jumbo.cl/lollipop-original-gourmet-31g-1973269/p,https://jumbocl.vteximg.com.br/arquivos/ids/320228-250-250/Lollipop-Original-Gourmet-31-g.jpg?v=638776418832630000,Masticables y Caramelos,https://www.jumbo.cl/chocolates-galletas-y-snacks/dulces/calugas-masticables-y-caramelos,https://bff.jumbo.cl/catalog/plp,2,2026-02-26T18:11:30
143069,Barra de Manjar Duro Requingua 5 un.,Requingua,2990,2990,False,https://www.jumbo.cl/barra-manjar-duro-requingua-5-un-135g-2010183/p,https://jumbocl.vteximg.com.br/arquivos/ids/403470-250-250/Barra-de-Manjar-Duro-Requingua-5-un.jpg?v=638776913655470000,Masticables y Caramelos,https://www.jumbo.cl/chocolates-galletas-y-snacks/dulces/calugas-masticables-y-caramelos,https://bff.jumbo.cl/catalog/plp,2,2026-02-26T18:11:30
3792,Caramelos Cavendish Berry 966 g,Cavendish & Harvey,9990,9990,False,https://www.jumbo.cl/caramelos-berry-cavendish-966-g/p,https://jumbocl.vteximg.com.br/arquivos/ids/299975-250-250/Caramelos-berry-966-g.jpg?v=638776371513630000,Masticables y Caramelos,https://www.jumbo.cl/chocolates-galletas-y-snacks/dulces/calugas-masticables-y-caramelos,https://bff.jumbo.cl/catalog/plp,2,2026-02-26T18:11:30
117785,Chupetes Flipy con Chicle 208 g 13 un.,Ambrosoli,1520,1520,False,https://www.jumbo.cl/chupete-flipy-13-un-1933883/p,https://jumbocl.vteximg.com.br/arquivos/ids/383342-250-250/CHUPETE-FLIPY-13-UN.jpg?v=638776835110130000,Masticables y Caramelos,https://www.jumbo.cl/chocolates-galletas-y-snacks/dulces/calugas-masticables-y-caramelos,https://bff.jumbo.cl/catalog/plp,2,2026-02-26T18:11:30
18893,Caramelos Cavendish Limón Sour 200 g,Cavendish & Harvey,2590,2590,False,https://www.jumbo.cl/caramelos-cavendish-harvey-200-g-limon-sour/p,https://jumbocl.vteximg.com.br/arquivos/ids/304097-250-250/Caramelos-limon-sour-200-g.jpg?v=638776378963200000,Masticables y Caramelos,https://www.jumbo.cl/chocolates-galletas-y-snacks/dulces/calugas-masticables-y-caramelos,https://bff.jumbo.cl/catalog/plp,2,2026-02-26T18:11:30
92857,Caramelos Nerds Rainbow 142 g,Nerds,2690,2690,False,https://www.jumbo.cl/caramelos-nerds-arcoiris-141-grs-2/p,https://jumbocl.vteximg.com.br/arquivos/ids/368010-250-250/Caramelos-Rainbow-142-g-1-404428.jpg?v=638776770634700000,Masticables y Caramelos,https://www.jumbo.cl/chocolates-galletas-y-snacks/dulces/calugas-masticables-y-caramelos,https://bff.jumbo.cl/catalog/plp,2,2026-02-26T18:11:30
119510,Chupetes Yogueta Surtida 255 g 15 un.,Ambrosoli,1690,1890,True,https://www.jumbo.cl/yogueta-surtida-ambrosoli-255-gr-1938290/p,https://jumbocl.vteximg.com.br/arquivos/ids/384931-250-250/YOGUETA-SURTIDA-AMBROSOLI-255-GR.jpg?v=638776842209000000,Masticables y Caramelos,https://www.jumbo.cl/chocolates-galletas-y-snacks/dulces/calugas-masticables-y-caramelos,https://bff.jumbo.cl/catalog/plp,2,2026-02-26T18:11:30
127369,Mini Caramelos M&M's Masticables Frutal Original 52 g,M&M's,1350,1350,False,https://www.jumbo.cl/starburst-minis-single-52-4g-1962543/p,https://jumbocl.vteximg.com.br/arquivos/ids/393457-250-250/STARBURST-MINIS-SINGLE-524G.jpg?v=638776874634970000,Masticables y Caramelos,https://www.jumbo.cl/chocolates-galletas-y-snacks/dulces/calugas-masticables-y-caramelos,https://bff.jumbo.cl/catalog/plp,2,2026-02-26T18:11:30
143853,Chupete Amberries 12 un.,Ambrosoli,1530,1530,False,https://www.jumbo.cl/chupete-amberries-12x15-2016535/p,https://jumbocl.vteximg.com.br/arquivos/ids/340365-250-250/Chupete-Amberries-12-un.jpg?v=638776440640800000,Masticables y Caramelos,https://www.jumbo.cl/chocolates-galletas-y-snacks/dulces/calugas-masticables-y-caramelos,https://bff.jumbo.cl/catalog/plp,2,2026-02-26T18:11:30
82784,Caramelos Cavendish Fruta Tropical 300 g,Cavendish & Harvey,4990,4990,False,https://www.jumbo.cl/caramelo-cavendish-fruta-tropical-300g/p,https://jumbocl.vteximg.com.br/arquivos/ids/311530-250-250/Caramelos-fruta-tropical-300-g.jpg?v=638776393902130000,Masticables y Caramelos,https://www.jumbo.cl/chocolates-galletas-y-snacks/dulces/calugas-masticables-y-caramelos,https://bff.jumbo.cl/catalog/plp,2,2026-02-26T18:11:30
19031,Calugas Old England Toffee Menta 405 g,Ambrosoli,3490,3890,True,https://www.jumbo.cl/caramelo-ambrosoli-405-g-toffee-mint/p,https://jumbocl.vteximg.com.br/arquivos/ids/353215-250-250/Caramelos-Toffe-Mint-405-g.jpg?v=638776696479830000,Masticables y Caramelos,https://www.jumbo.cl/chocolates-galletas-y-snacks/dulces/calugas-masticables-y-caramelos,https://bff.jumbo.cl/catalog/plp,2,2026-02-26T18:11:30
3649,Manjar de Mi Campo Barra 100 g,De Mi Campo,1690,1690,False,https://www.jumbo.cl/barra-de-manjar-de-mi-campo-100-g-2/p,https://jumbocl.vteximg.com.br/arquivos/ids/346857-250-250/375465.jpg?v=638776464104100000,Masticables y Caramelos,https://www.jumbo.cl/chocolates-galletas-y-snacks/dulces/calugas-masticables-y-caramelos,https://bff.jumbo.cl/catalog/plp,2,2026-02-26T18:11:30
159824,Caramelo sabor eucalyptus 45 g,Ricola,3390,3390,False,https://www.jumbo.cl/caramelo-sabor-eucalyptus-45-g-1554225/p,https://jumbocl.vteximg.com.br/arquivos/ids/536437-250-250/Caramelo-sabor-eucalyptus-45-g.jpg?v=638983797471600000,Masticables y Caramelos,https://www.jumbo.cl/chocolates-galletas-y-snacks/dulces/calugas-masticables-y-caramelos,https://bff.jumbo.cl/catalog/plp,2,2026-02-26T18:11:30
3829,Caramelos Masticables Skittles Sabor Original 204 g,Skittles,4290,4290,False,https://www.jumbo.cl/caramelos-skittles-204-g-sabor-original/p,https://jumbocl.vteximg.com.br/arquivos/ids/346965-250-250/Caramelo-Original-204-g.jpg?v=638776465351500000,Masticables y Caramelos,https://www.jumbo.cl/chocolates-galletas-y-snacks/dulces/calugas-masticables-y-caramelos,https://bff.jumbo.cl/catalog/plp,2,2026-02-26T18:11:30
146512,Mentos Clearbreath Azul 17.5 g,Mentos,1650,1650,False,https://www.jumbo.cl/mentos-clearbreath-azul-25p-2020152/p,https://jumbocl.vteximg.com.br/arquivos/ids/404312-250-250/Mentos-Clearbreath-Azul-175-g.jpg?v=638776918245600000,Masticables y Caramelos,https://www.jumbo.cl/chocolates-galletas-y-snacks/dulces/calugas-masticables-y-caramelos,https://bff.jumbo.cl/catalog/plp,2,2026-02-26T18:11:30
73506,Caramelos Cavendish Citrus 300 g,Cavendish & Harvey,4990,4990,False,https://www.jumbo.cl/caramelo-cavendish-citrus-300-g/p,https://jumbocl.vteximg.com.br/arquivos/ids/310235-250-250/Caramelos-citrus-300-g.jpg?v=638776391145630000,Masticables y Caramelos,https://www.jumbo.cl/chocolates-galletas-y-snacks/dulces/calugas-masticables-y-caramelos,https://bff.jumbo.cl/catalog/plp,2,2026-02-26T18:11:30
3832,Caramelos Masticables Starburst Frutales Original 59 g,Starburst,1350,1350,False,https://www.jumbo.cl/caramelos-original-fruits-starburst-58-7-g/p,https://jumbocl.vteximg.com.br/arquivos/ids/346977-250-250/Caramelos-Masticables-Frutales-Original-59g.jpg?v=638776465474400000,Masticables y Caramelos,https://www.jumbo.cl/chocolates-galletas-y-snacks/dulces/calugas-masticables-y-caramelos,https://bff.jumbo.cl/catalog/plp,2,2026-02-26T18:11:30
3810,Almendras Confitadas Merello Bolsa 250 g,Merello,3230,3230,False,https://www.jumbo.cl/almendras-confitadas-merello-bolsa-250-g/p,https://jumbocl.vteximg.com.br/arquivos/ids/415466-250-250/Almendras-Confitadas-Merello-Bolsa-250-g.jpg?v=638802629455130000,Masticables y Caramelos,https://www.jumbo.cl/chocolates-galletas-y-snacks/dulces/calugas-masticables-y-caramelos,https://bff.jumbo.cl/catalog/plp,2,2026-02-26T18:11:30
73834,Caramelos Gicopa Frambuesa 150 g,Gicopa,2690,2690,False,https://www.jumbo.cl/caramelos-frambuesa-gicopa-150-g/p,https://jumbocl.vteximg.com.br/arquivos/ids/310094-250-250/Caramelos-frambuesa-150-g.jpg?v=638776390873600000,Masticables y Caramelos,https://www.jumbo.cl/chocolates-galletas-y-snacks/dulces/calugas-masticables-y-caramelos,https://bff.jumbo.cl/catalog/plp,2,2026-02-26T18:11:30
19117,Calugas Caseras Entrelagos 100 g,Entrelagos,2990,2990,False,https://www.jumbo.cl/calugas-caseras-entrelagos-100-g/p,https://jumbocl.vteximg.com.br/arquivos/ids/353267-250-250/Principal-18123.jpg?v=638776696680500000,Masticables y Caramelos,https://www.jumbo.cl/chocolates-galletas-y-snacks/dulces/calugas-masticables-y-caramelos,https://bff.jumbo.cl/catalog/plp,2,2026-02-26T18:11:30
131919,Caramelos Werther's Chocolate Sin Azúcar 78 g,Werther´s,3340,3340,False,https://www.jumbo.cl/caramelo-werthers-choco-s-a-60gr-1976412/p,https://jumbocl.vteximg.com.br/arquivos/ids/399353-250-250/Caramelo-Werthers-Chocolate-Sin-Azucar-78-g.jpg?v=638776897451930000,Masticables y Caramelos,https://www.jumbo.cl/chocolates-galletas-y-snacks/dulces/calugas-masticables-y-caramelos,https://bff.jumbo.cl/catalog/plp,3,2026-02-26T18:11:34
55359,Caramelos Werther's Cappuccino Libre de Azúcar 42 g,Werther´s,1750,1750,False,https://www.jumbo.cl/caramelo-werther-s-sugar-free-capuccino-42-g/p,https://jumbocl.vteximg.com.br/arquivos/ids/308671-250-250/Caramelos-Werther-s-Cappuccino-Libre-de-Azucar-42-g.jpg?v=638776387391900000,Masticables y Caramelos,https://www.jumbo.cl/chocolates-galletas-y-snacks/dulces/calugas-masticables-y-caramelos,https://bff.jumbo.cl/catalog/plp,3,2026-02-26T18:11:34
19124,"Caramelos Merello Gajitos, Limón y Naranja 90 g",Merello,850,850,False,https://www.jumbo.cl/caramelos-merello-90-g-gajitos-limon-y-naranja/p,https://jumbocl.vteximg.com.br/arquivos/ids/415461-250-250/Caramelos-Merello-Gajitos-Limon-y-Naranja-90-g.jpg?v=638802629359030000,Masticables y Caramelos,https://www.jumbo.cl/chocolates-galletas-y-snacks/dulces/calugas-masticables-y-caramelos,https://bff.jumbo.cl/catalog/plp,3,2026-02-26T18:11:34
19238,Caramelos Mentos Fruta 114 g 3 un.,Mentos,2190,2190,False,https://www.jumbo.cl/caramelos-mentos-fruta-3-unid-114-g/p,https://jumbocl.vteximg.com.br/arquivos/ids/353288-250-250/1018505.jpg?v=638776696769000000,Masticables y Caramelos,https://www.jumbo.cl/chocolates-galletas-y-snacks/dulces/calugas-masticables-y-caramelos,https://bff.jumbo.cl/catalog/plp,3,2026-02-26T18:11:34
143864,Caramelo Ricola Sabor Cranberry 70 g,Ricola,4650,4650,False,https://www.jumbo.cl/ricola-cranberry-bolsa-70-gr-2017035/p,https://jumbocl.vteximg.com.br/arquivos/ids/340752-250-250/Bolsa-Ricola-Sabor-Cranberry-70-g.jpg?v=638776440971570000,Masticables y Caramelos,https://www.jumbo.cl/chocolates-galletas-y-snacks/dulces/calugas-masticables-y-caramelos,https://bff.jumbo.cl/catalog/plp,3,2026-02-26T18:11:34
87403,Tabletas Efervescentes Ahoj 69 g,Ahoj,1290,1290,False,https://www.jumbo.cl/pastillas-ahoj-brause-39g/p,https://jumbocl.vteximg.com.br/arquivos/ids/311782-250-250/Tabletas-efervescentes-69-g.jpg?v=638776394647330000,Masticables y Caramelos,https://www.jumbo.cl/chocolates-galletas-y-snacks/dulces/calugas-masticables-y-caramelos,https://bff.jumbo.cl/catalog/plp,3,2026-02-26T18:11:34
119503,Chupetse Pin Pop Surtido 255 g 15 un.,Ambrosoli,1920,1920,False,https://www.jumbo.cl/pin-pop-surtido-ambrosoli-255-gr-1938289/p,https://jumbocl.vteximg.com.br/arquivos/ids/384896-250-250/PIN-POP-SURTIDO-AMBROSOLI-255-GR.jpg?v=638776842052670000,Masticables y Caramelos,https://www.jumbo.cl/chocolates-galletas-y-snacks/dulces/calugas-masticables-y-caramelos,https://bff.jumbo.cl/catalog/plp,3,2026-02-26T18:11:34
156051,Caramelo Fini Tubos Frutilla Ácida 35 g,Fini,790,790,False,https://www.jumbo.cl/caramelos-tubos-fini-frutilla-acida-35gr-2048262/p,https://jumbocl.vteximg.com.br/arquivos/ids/508442-250-250/Caramelo-Fini-Tubos-Frutilla-Acida-35-g.jpg?v=638935566117500000,Masticables y Caramelos,https://www.jumbo.cl/chocolates-galletas-y-snacks/dulces/calugas-masticables-y-caramelos,https://bff.jumbo.cl/catalog/plp,3,2026-02-26T18:11:34
134697,Caramelos Alka 2 Manzana 28 g,Alka,590,590,False,https://www.jumbo.cl/alka-2-manzana-12x12x28g-1993113/p,https://jumbocl.vteximg.com.br/arquivos/ids/323702-250-250/Alka-2-Manzana-12X12X28-g.jpg?v=638776427081600000,Masticables y Caramelos,https://www.jumbo.cl/chocolates-galletas-y-snacks/dulces/calugas-masticables-y-caramelos,https://bff.jumbo.cl/catalog/plp,3,2026-02-26T18:11:34
82142,Caramelos Ice Breaker Menta Dúo Frambuesa 36 g,Ice Breaker,3390,3390,False,https://www.jumbo.cl/caramelos-menta-duo-frambuesa-36-g/p,https://jumbocl.vteximg.com.br/arquivos/ids/364867-250-250/Caramelos-menta-duo-frambuesa-36-g-1-140404985.jpg?v=638776756215900000,Masticables y Caramelos,https://www.jumbo.cl/chocolates-galletas-y-snacks/dulces/calugas-masticables-y-caramelos,https://bff.jumbo.cl/catalog/plp,3,2026-02-26T18:11:34
19237,Caramelos Mentos Menta 114 g 3 un.,Mentos,2190,2190,False,https://www.jumbo.cl/caramelos-mentos-menta-3-unid-114-g/p,https://jumbocl.vteximg.com.br/arquivos/ids/353289-250-250/998510.jpg?v=638776696769930000,Masticables y Caramelos,https://www.jumbo.cl/chocolates-galletas-y-snacks/dulces/calugas-masticables-y-caramelos,https://bff.jumbo.cl/catalog/plp,3,2026-02-26T18:11:34
18834,Caramelos Cavendish Sabores Frutales 300 g,Cavendish & Harvey,4990,4990,False,https://www.jumbo.cl/caramelos-cavendish-harvey-300-g-sabor-sabores-frutales/p,https://jumbocl.vteximg.com.br/arquivos/ids/304144-250-250/Caramelos-sabores-frutales-300-g.jpg?v=638776379209630000,Masticables y Caramelos,https://www.jumbo.cl/chocolates-galletas-y-snacks/dulces/calugas-masticables-y-caramelos,https://bff.jumbo.cl/catalog/plp,3,2026-02-26T18:11:34
3808,Caramelos Ice Breaker Fruta Ácida Sin Azúcar 42 g,Ice Breaker,3390,3390,False,https://www.jumbo.cl/caramelos-fruta-acida-sin-azucar-ice-breaker-42-g/p,https://jumbocl.vteximg.com.br/arquivos/ids/346935-250-250/Principal-7248.jpg?v=638776465041830000,Masticables y Caramelos,https://www.jumbo.cl/chocolates-galletas-y-snacks/dulces/calugas-masticables-y-caramelos,https://bff.jumbo.cl/catalog/plp,3,2026-02-26T18:11:34
126315,Mini Caramelos Masticables Starburst Frutal Original 227 g,Starburst,4750,4750,False,https://www.jumbo.cl/starburst-minis-bolsa-227g-1960253/p,https://jumbocl.vteximg.com.br/arquivos/ids/391987-250-250/STARBURST-MINIS-BOLSA-227G.jpg?v=638776869813370000,Masticables y Caramelos,https://www.jumbo.cl/chocolates-galletas-y-snacks/dulces/calugas-masticables-y-caramelos,https://bff.jumbo.cl/catalog/plp,3,2026-02-26T18:11:34
26302,Chupón Requingua Manjar 200 g,Requingua,2950,2950,False,https://www.jumbo.cl/chupon-requingua-manjar-200-g/p,https://jumbocl.vteximg.com.br/arquivos/ids/355829-250-250/544364.jpg?v=638776709198100000,Masticables y Caramelos,https://www.jumbo.cl/chocolates-galletas-y-snacks/dulces/calugas-masticables-y-caramelos,https://bff.jumbo.cl/catalog/plp,3,2026-02-26T18:11:34
19258,Caramelos Tic Tac Diversión de Frutas 49 g,Tic Tac,2690,2690,False,https://www.jumbo.cl/caramelo-tic-tac-diversion-de-frutas-49-g/p,https://jumbocl.vteximg.com.br/arquivos/ids/353299-250-250/Principal-18264.jpg?v=638776696806030000,Masticables y Caramelos,https://www.jumbo.cl/chocolates-galletas-y-snacks/dulces/calugas-masticables-y-caramelos,https://bff.jumbo.cl/catalog/plp,3,2026-02-26T18:11:34
77207,Caramelos Gicopa Variedades 150 g,Gicopa,2690,2690,False,https://www.jumbo.cl/caramelos-variedades-150-g/p,https://jumbocl.vteximg.com.br/arquivos/ids/310609-250-250/Caramelos-variedades-150-g.jpg?v=638776391882830000,Masticables y Caramelos,https://www.jumbo.cl/chocolates-galletas-y-snacks/dulces/calugas-masticables-y-caramelos,https://bff.jumbo.cl/catalog/plp,3,2026-02-26T18:11:34
77208,Caramelos Gicopa Citrus Mix 150 g,Gicopa,2690,2690,False,https://www.jumbo.cl/caramelos-citrus-mix-150-g/p,https://jumbocl.vteximg.com.br/arquivos/ids/310624-250-250/Caramelos-citrus-mix-150-g.jpg?v=638776391914600000,Masticables y Caramelos,https://www.jumbo.cl/chocolates-galletas-y-snacks/dulces/calugas-masticables-y-caramelos,https://bff.jumbo.cl/catalog/plp,3,2026-02-26T18:11:34
19014,Caramelos Butter Toffes Leche 130 g,Arcor,1290,1290,False,https://www.jumbo.cl/caramelos-de-leche-arcor-150-g-butter-toffe/p,https://jumbocl.vteximg.com.br/arquivos/ids/353210-250-250/268269.jpg?v=638776696462500000,Masticables y Caramelos,https://www.jumbo.cl/chocolates-galletas-y-snacks/dulces/calugas-masticables-y-caramelos,https://bff.jumbo.cl/catalog/plp,3,2026-02-26T18:11:34
61347,Calugas de Leche/Nuez de Mi Campo 90 g,De Mi Campo,1390,1390,False,https://www.jumbo.cl/caluga-de-leche-nuez-de-mi-campo-90-g/p,https://jumbocl.vteximg.com.br/arquivos/ids/360904-250-250/Calugas-de-leche-nuez-De-Mi-Campo-90-g.jpg?v=638776734601730000,Masticables y Caramelos,https://www.jumbo.cl/chocolates-galletas-y-snacks/dulces/calugas-masticables-y-caramelos,https://bff.jumbo.cl/catalog/plp,3,2026-02-26T18:11:34
143865,Caramelo Ricola Sabor Limón 70 g,Ricola,4650,4650,False,https://www.jumbo.cl/ricola-limon-bolsa-70-gr-2017036/p,https://jumbocl.vteximg.com.br/arquivos/ids/340788-250-250/Bolsa-Ricola-Sabor-Limon-70-g.jpg?v=638776441002370000,Masticables y Caramelos,https://www.jumbo.cl/chocolates-galletas-y-snacks/dulces/calugas-masticables-y-caramelos,https://bff.jumbo.cl/catalog/plp,3,2026-02-26T18:11:34
3822,Caramelos Ricola Limón y Menta Light 45 g,Ricola,3390,3390,False,https://www.jumbo.cl/caramelos-limon-y-menta-light-ricola-45-g/p,https://jumbocl.vteximg.com.br/arquivos/ids/346961-250-250/Caramelos-Limon-y-menta-Light-Ricola-45-g.jpg?v=638776465299030000,Masticables y Caramelos,https://www.jumbo.cl/chocolates-galletas-y-snacks/dulces/calugas-masticables-y-caramelos,https://bff.jumbo.cl/catalog/plp,3,2026-02-26T18:11:34
78538,Caramelos Cavendish Chocolate 130 g,Cavendish & Harvey,2590,2590,False,https://www.jumbo.cl/caramelos-cavendish-chocolate-130-g/p,https://jumbocl.vteximg.com.br/arquivos/ids/310701-250-250/Caramelos-chocolate-130-g.jpg?v=638776392075130000,Masticables y Caramelos,https://www.jumbo.cl/chocolates-galletas-y-snacks/dulces/calugas-masticables-y-caramelos,https://bff.jumbo.cl/catalog/plp,3,2026-02-26T18:11:34
117712,Huevo Sorpresa Brickell 2.2 g,Brickell,2090,2090,False,https://www.jumbo.cl/huevo-sor-m-brickell-popping-2-2g-1932157/p,https://jumbocl.vteximg.com.br/arquivos/ids/383304-250-250/Huevo-sorpresa-Brickell-22-g.jpg?v=638776834922970000,Masticables y Caramelos,https://www.jumbo.cl/chocolates-galletas-y-snacks/dulces/calugas-masticables-y-caramelos,https://bff.jumbo.cl/catalog/plp,3,2026-02-26T18:11:34
62937,Caramelos Tic Tac Menta 49 g,Tic Tac,2690,2690,False,https://www.jumbo.cl/caramelos-tic-tac-menta-49-g/p,https://jumbocl.vteximg.com.br/arquivos/ids/361270-250-250/Principal-482616.jpg?v=638776736433100000,Masticables y Caramelos,https://www.jumbo.cl/chocolates-galletas-y-snacks/dulces/calugas-masticables-y-caramelos,https://bff.jumbo.cl/catalog/plp,3,2026-02-26T18:11:34
19230,Caramelos Tic Tac Naranja 49 g,Tic Tac,2690,2690,False,https://www.jumbo.cl/caramelo-tic-tac-49-g-t100-naranja/p,https://jumbocl.vteximg.com.br/arquivos/ids/353290-250-250/Principal-18236.jpg?v=638776696776330000,Masticables y Caramelos,https://www.jumbo.cl/chocolates-galletas-y-snacks/dulces/calugas-masticables-y-caramelos,https://bff.jumbo.cl/catalog/plp,3,2026-02-26T18:11:34
55192,Tubos Fini Frutilla Dulce 80 g,Fini,1350,1350,False,https://www.jumbo.cl/caramelo-fini-regaliz-frutilla-dulce-90-g/p,https://jumbocl.vteximg.com.br/arquivos/ids/308777-250-250/Caramelo-Fini-regaliz-frutilla-dulce-80-g.jpg?v=638776387598930000,Masticables y Caramelos,https://www.jumbo.cl/chocolates-galletas-y-snacks/dulces/calugas-masticables-y-caramelos,https://bff.jumbo.cl/catalog/plp,3,2026-02-26T18:11:34
55193,Tubos Fini Tutti Fruti 80 g,Fini,1350,1350,False,https://www.jumbo.cl/caramelos-fini-regaliz-tuttifrutti-cido-80-g/p,https://jumbocl.vteximg.com.br/arquivos/ids/308807-250-250/Caramelo-Fini-regaliz-tutti-frutti-acido-80-g.jpg?v=638776387630200000,Masticables y Caramelos,https://www.jumbo.cl/chocolates-galletas-y-snacks/dulces/calugas-masticables-y-caramelos,https://bff.jumbo.cl/catalog/plp,3,2026-02-26T18:11:34
163021,Caramelo Nido Jardín Secreto 172 g,Merello,5990,5990,False,https://www.jumbo.cl/caramelo-nido-2063519/p,https://jumbocl.vteximg.com.br/arquivos/ids/567947-250-250/Caramelo-Nido-Jardin-Secreto-172-g.jpg?v=639046019866100000,Masticables y Caramelos,https://www.jumbo.cl/chocolates-galletas-y-snacks/dulces/calugas-masticables-y-caramelos,https://bff.jumbo.cl/catalog/plp,3,2026-02-26T18:11:34
137807,Tableta Dulce de Leche Vauquita Clásica 140 g,Vauquita,2490,2490,False,https://www.jumbo.cl/tableta-dulce-de-leche-clasica-vauquita-140g/p,https://jumbocl.vteximg.com.br/arquivos/ids/329328-250-250/TAB-VAUQUITA-140G.jpg?v=638776431666100000,Masticables y Caramelos,https://www.jumbo.cl/chocolates-galletas-y-snacks/dulces/calugas-masticables-y-caramelos,https://bff.jumbo.cl/catalog/plp,3,2026-02-26T18:11:34
137806,Tableta Dulce de Leche Vauquita Clásica 80 g,Vauquita,1590,1590,False,https://www.jumbo.cl/tableta-dulce-de-leche-clasica-vauquita-80g/p,https://jumbocl.vteximg.com.br/arquivos/ids/329271-250-250/TAB-VAUQUITA-80G.jpg?v=638776431630400000,Masticables y Caramelos,https://www.jumbo.cl/chocolates-galletas-y-snacks/dulces/calugas-masticables-y-caramelos,https://bff.jumbo.cl/catalog/plp,3,2026-02-26T18:11:34
43579,Caramelos Cavendish Cavendish Tropical Sin Azúcar 175 g,Cavendish & Harvey,3490,3490,False,https://www.jumbo.cl/caramelos-cavendish-tropical-sin-azucar-175-g/p,https://jumbocl.vteximg.com.br/arquivos/ids/308008-250-250/Caramelos-Cavendish-tropical-sin-azucar-175-g.jpg?v=638776385940030000,Masticables y Caramelos,https://www.jumbo.cl/chocolates-galletas-y-snacks/dulces/calugas-masticables-y-caramelos,https://bff.jumbo.cl/catalog/plp,3,2026-02-26T18:11:34
82782,Caramelos Cavendish Frutos Del Bosque Sin Azúcar 175 g,Cavendish & Harvey,3490,3490,False,https://www.jumbo.cl/caram-cavendish-frutos-bosque-drops-175g/p,https://jumbocl.vteximg.com.br/arquivos/ids/311514-250-250/Caramelos-frutos-del-bosque-sin-azucar-175-g.jpg?v=638776393847870000,Masticables y Caramelos,https://www.jumbo.cl/chocolates-galletas-y-snacks/dulces/calugas-masticables-y-caramelos,https://bff.jumbo.cl/catalog/plp,3,2026-02-26T18:11:34
39680,Caramelos Cavendish Cavendish Fruta Sin Azúcar 175 g,Cavendish & Harvey,3490,3490,False,https://www.jumbo.cl/caramelos-cavendish-fruta-sin-azucar-175-g/p,https://jumbocl.vteximg.com.br/arquivos/ids/307472-250-250/Caramelos-Cavendish-Fruta-Sin-Azucar-175-g.jpg?v=638776384849570000,Masticables y Caramelos,https://www.jumbo.cl/chocolates-galletas-y-snacks/dulces/calugas-masticables-y-caramelos,https://bff.jumbo.cl/catalog/plp,3,2026-02-26T18:11:34
35262,Caramelos Werther's Classic Cream Libre de Azúcar 70 g,Werther´s,2290,2290,False,https://www.jumbo.cl/classic-cream-candies-werther-s-sugar-free-70-g/p,https://jumbocl.vteximg.com.br/arquivos/ids/356747-250-250/Classic-Cream-Candies-libre-de-azucar-70-g.jpg?v=638776714224530000,Masticables y Caramelos,https://www.jumbo.cl/chocolates-galletas-y-snacks/dulces/calugas-masticables-y-caramelos,https://bff.jumbo.cl/catalog/plp,3,2026-02-26T18:11:34
137742,Masticandy Arbolito 120 g,Ambrosoli,1290,1490,True,https://www.jumbo.cl/masticandy-arbolito-120-gr-1997227/p,https://jumbocl.vteximg.com.br/arquivos/ids/329076-250-250/Masticandy-Arbolito-120-g.jpg?v=638776431497530000,Masticables y Caramelos,https://www.jumbo.cl/chocolates-galletas-y-snacks/dulces/calugas-masticables-y-caramelos,https://bff.jumbo.cl/catalog/plp,3,2026-02-26T18:11:34
39679,Caramelos Cavendish Strawberry Drops 175 g,Cavendish & Harvey,2590,2590,False,https://www.jumbo.cl/caramelos-cavendish-harvey-frutilla-drops-175-g/p,https://jumbocl.vteximg.com.br/arquivos/ids/307462-250-250/Caramelos-Strawberry-Drops-175-g.jpg?v=638776384822700000,Masticables y Caramelos,https://www.jumbo.cl/chocolates-galletas-y-snacks/dulces/calugas-masticables-y-caramelos,https://bff.jumbo.cl/catalog/plp,3,2026-02-26T18:11:34
137808,Torta Dulce de Leche Vauquita Clásica 300 g,Vauquita,7790,7790,False,https://www.jumbo.cl/torta-dulce-de-leche-clasica-vauquita-300g/p,https://jumbocl.vteximg.com.br/arquivos/ids/329367-250-250/TORT-VAUQUITA-300G.jpg?v=638776431694870000,Masticables y Caramelos,https://www.jumbo.cl/chocolates-galletas-y-snacks/dulces/calugas-masticables-y-caramelos,https://bff.jumbo.cl/catalog/plp,3,2026-02-26T18:11:34
46088,Caramelo Navidad 380 g,Ambrosoli,3590,3590,False,https://www.jumbo.cl/caramelo-ambrosoli-navidad-380-g/p,https://jumbocl.vteximg.com.br/arquivos/ids/357953-250-250/Caramelo-Navidad-380-g.jpg?v=638776721389370000,Masticables y Caramelos,https://www.jumbo.cl/chocolates-galletas-y-snacks/dulces/calugas-masticables-y-caramelos,https://bff.jumbo.cl/catalog/plp,3,2026-02-26T18:11:34
131926,Candy Spray Sin Azúcar Brickell,Brickell,990,990,False,https://www.jumbo.cl/brickell-candy-spray-1982536/p,https://jumbocl.vteximg.com.br/arquivos/ids/399367-250-250/Candy-Spray-Sin-Azucar-Brickell.jpg?v=638776897508600000,Masticables y Caramelos,https://www.jumbo.cl/chocolates-galletas-y-snacks/dulces/calugas-masticables-y-caramelos,https://bff.jumbo.cl/catalog/plp,3,2026-02-26T18:11:34
81315,Caramelos Navideños Sin Azúcar 126 g,Merello,5290,5290,False,https://www.jumbo.cl/bastones-navidenos-sin-azucar-merello-126-g/p,https://jumbocl.vteximg.com.br/arquivos/ids/364713-250-250/Bastones-navide%C3%B1os-sin-azucar-126-g.jpg?v=638776755268000000,Masticables y Caramelos,https://www.jumbo.cl/chocolates-galletas-y-snacks/dulces/calugas-masticables-y-caramelos,https://bff.jumbo.cl/catalog/plp,4,2026-02-26T18:11:38
143876,Caramelos Chocolate Merello 160 g,Merello,2290,2290,False,https://www.jumbo.cl/caramelos-choco-vintage-160-g-2018545/p,https://jumbocl.vteximg.com.br/arquivos/ids/340415-250-250/Caramelos-Chocolate-Merello-160-g.jpg?v=638776440678870000,Masticables y Caramelos,https://www.jumbo.cl/chocolates-galletas-y-snacks/dulces/calugas-masticables-y-caramelos,https://bff.jumbo.cl/catalog/plp,4,2026-02-26T18:11:38
119949,Bastones de Navidad Merello 105 g,Merello,3490,3490,False,https://www.jumbo.cl/bastones-de-navidad-merello-105g-1527048/p,https://jumbocl.vteximg.com.br/arquivos/ids/547541-250-250/Bastones-de-Navidad-Merello-105-g.jpg?v=639003604462400000,Masticables y Caramelos,https://www.jumbo.cl/chocolates-galletas-y-snacks/dulces/calugas-masticables-y-caramelos,https://bff.jumbo.cl/catalog/plp,4,2026-02-26T18:11:38
61554,Almendras Navideñas Merello 55 g,Merello,2990,2990,False,https://www.jumbo.cl/alemendras-navidenas-merello-55-gr/p,https://jumbocl.vteximg.com.br/arquivos/ids/360979-250-250/Almendras-navide%C3%B1as-Merello-55-g.jpg?v=638776734863100000,Masticables y Caramelos,https://www.jumbo.cl/chocolates-galletas-y-snacks/dulces/calugas-masticables-y-caramelos,https://bff.jumbo.cl/catalog/plp,4,2026-02-26T18:11:38
143879,Bastones de Caramelo Navidad,Ambrosoli,3690,3690,False,https://www.jumbo.cl/bastones-navidad-ambrosoli-10x10gr-2018584/p,https://jumbocl.vteximg.com.br/arquivos/ids/340510-250-250/Bastones-de-Navidad-Ambrosoli-10-x-10-g.jpg?v=638776440748370000,Masticables y Caramelos,https://www.jumbo.cl/chocolates-galletas-y-snacks/dulces/calugas-masticables-y-caramelos,https://bff.jumbo.cl/catalog/plp,4,2026-02-26T18:11:38
61553,Bastones Caja Navideña 10 un.,Merello,5290,5290,False,https://www.jumbo.cl/baston-caja-navidena-merello-10-un/p,https://jumbocl.vteximg.com.br/arquivos/ids/545043-250-250/Bastones-Caja-Navide%C3%B1a-10-un.jpg?v=638997589701970000,Masticables y Caramelos,https://www.jumbo.cl/chocolates-galletas-y-snacks/dulces/calugas-masticables-y-caramelos,https://bff.jumbo.cl/catalog/plp,4,2026-02-26T18:11:38
143871,Caramelos Menta Navideños Merello 160 g,Merello,2290,2290,False,https://www.jumbo.cl/caramelos-menta-navidena-160-g-2018044/p,https://jumbocl.vteximg.com.br/arquivos/ids/340167-250-250/Caramelos-Menta-Navide%C3%B1os-Merello-160-g.jpg?v=638776440503070000,Masticables y Caramelos,https://www.jumbo.cl/chocolates-galletas-y-snacks/dulces/calugas-masticables-y-caramelos,https://bff.jumbo.cl/catalog/plp,4,2026-02-26T18:11:38
143877,Bastones de Caramelos Navideños Merello 12 un.,Merello,4990,4990,False,https://www.jumbo.cl/bastones-navidad-colores-12-unid-2018546/p,https://jumbocl.vteximg.com.br/arquivos/ids/340467-250-250/Bastones-de-Caramelos-Navide%C3%B1os-Merello-12-un.jpg?v=638776440712430000,Masticables y Caramelos,https://www.jumbo.cl/chocolates-galletas-y-snacks/dulces/calugas-masticables-y-caramelos,https://bff.jumbo.cl/catalog/plp,4,2026-02-26T18:11:38
163020,Caramelo Porotitos Zanahoria Ácidos 170 g,Merello,3290,3290,False,https://www.jumbo.cl/caramelo-zanahoria-2063518/p,https://jumbocl.vteximg.com.br/arquivos/ids/568112-250-250/Caramelo-Porotitos-Zanahoria-Acidos-170-g.jpg?v=639046825548400000,Masticables y Caramelos,https://www.jumbo.cl/chocolates-galletas-y-snacks/dulces/calugas-masticables-y-caramelos,https://bff.jumbo.cl/catalog/plp,4,2026-02-26T18:11:38
163737,Caramelos Lifesavers Sabor Frutal 177 g,Life Savers,4290,4290,False,https://www.jumbo.cl/caramelo-lifesever-2064730/p,https://jumbocl.vteximg.com.br/arquivos/ids/575402-250-250/Caramelos-Lifesavers-Sabor-Frutal-177-g.jpg?v=639068660032900000,Masticables y Caramelos,https://www.jumbo.cl/chocolates-galletas-y-snacks/dulces/calugas-masticables-y-caramelos,https://bff.jumbo.cl/catalog/plp,4,2026-02-26T18:11:38
126035,Marshmallows Malva Choc Bañado Chocolate 196 g,Ambrosoli,2190,2450,True,https://www.jumbo.cl/malva-choc-196-gr-1961209/p,https://jumbocl.vteximg.com.br/arquivos/ids/318963-250-250/Malva-Choc-Costa-196-g.jpg?v=638776416236630000,"Malvas, Marshmallows y Merenguitos",https://www.jumbo.cl/chocolates-galletas-y-snacks/dulces/malvas-marshmallows-y-merenguitos,https://bff.jumbo.cl/catalog/plp,1,2026-02-26T18:11:45
3828,Marshmallows Rocky Mountain Bolsa 300 g,Rocky Mountain,2490,3050,True,https://www.jumbo.cl/marshmallows-rocky-mountain-bolsa-300-g/p,https://jumbocl.vteximg.com.br/arquivos/ids/346964-250-250/Principal-7268.jpg?v=638776465336430000,"Malvas, Marshmallows y Merenguitos",https://www.jumbo.cl/chocolates-galletas-y-snacks/dulces/malvas-marshmallows-y-merenguitos,https://bff.jumbo.cl/catalog/plp,1,2026-02-26T18:11:45
104903,Marshmallows Ambrosoli Original Vainilla 230 g,Ambrosoli,2090,2090,False,https://www.jumbo.cl/marshmallow-ambrosoli-15-x-230-gr-1895130/p,https://jumbocl.vteximg.com.br/arquivos/ids/374720-250-250/1895130-01_609047.jpg?v=638776800520970000,"Malvas, Marshmallows y Merenguitos",https://www.jumbo.cl/chocolates-galletas-y-snacks/dulces/malvas-marshmallows-y-merenguitos,https://bff.jumbo.cl/catalog/plp,1,2026-02-26T18:11:45
19035,Marshmallows Guagüitas 300 g,Ambrosoli,2290,2580,True,https://www.jumbo.cl/g-ag-itas-ambrosoli-300-g/p,https://jumbocl.vteximg.com.br/arquivos/ids/353222-250-250/Guaguitas-300-g.jpg?v=638776696500500000,"Malvas, Marshmallows y Merenguitos",https://www.jumbo.cl/chocolates-galletas-y-snacks/dulces/malvas-marshmallows-y-merenguitos,https://bff.jumbo.cl/catalog/plp,1,2026-02-26T18:11:45
144334,Marshmallow Camping Fini 250 g,Fini,2490,2490,False,https://www.jumbo.cl/marshmallow-camping-fini-250g-2018696/p,https://jumbocl.vteximg.com.br/arquivos/ids/341060-250-250/Marshmallow-Camping-Fini-250-g.jpg?v=638776441335930000,"Malvas, Marshmallows y Merenguitos",https://www.jumbo.cl/chocolates-galletas-y-snacks/dulces/malvas-marshmallows-y-merenguitos,https://bff.jumbo.cl/catalog/plp,1,2026-02-26T18:11:45
104902,Marshmallows Trenzas 230 g,Ambrosoli,2090,2090,False,https://www.jumbo.cl/marshmallow-ambrosoli-trenza-15x230-gr-1895129/p,https://jumbocl.vteximg.com.br/arquivos/ids/374718-250-250/1895129-01_609050.jpg?v=638776800518130000,"Malvas, Marshmallows y Merenguitos",https://www.jumbo.cl/chocolates-galletas-y-snacks/dulces/malvas-marshmallows-y-merenguitos,https://bff.jumbo.cl/catalog/plp,1,2026-02-26T18:11:45
3704,Gotitas de Merengue Pavesito Pavesi 75 g,Pavesi,2790,2790,False,https://www.jumbo.cl/gotitas-de-merengue-pavesito-pavesi-75-g/p,https://jumbocl.vteximg.com.br/arquivos/ids/346880-250-250/Gotitas-de-Merengue-Pavesito-Pavesi-75-g.jpg?v=638776464396930000,"Malvas, Marshmallows y Merenguitos",https://www.jumbo.cl/chocolates-galletas-y-snacks/dulces/malvas-marshmallows-y-merenguitos,https://bff.jumbo.cl/catalog/plp,1,2026-02-26T18:11:45
147824,Algodón de Azúcar Coreano Hosan 10 g,Hola Hosan,990,1290,True,https://www.jumbo.cl/algodon-azucar-10g-2025764/p,https://jumbocl.vteximg.com.br/arquivos/ids/488757-250-250/Algodon-de-Azucar-Coreano-Hosan-10-g.jpg?v=638896201215800000,"Malvas, Marshmallows y Merenguitos",https://www.jumbo.cl/chocolates-galletas-y-snacks/dulces/malvas-marshmallows-y-merenguitos,https://bff.jumbo.cl/catalog/plp,1,2026-02-26T18:11:45
74696,Marshmallows Fini Corazón 80 g,Fini,1250,1250,False,https://www.jumbo.cl/marshmallows-fini-corazon-80-g/p,https://jumbocl.vteximg.com.br/arquivos/ids/310320-250-250/Marshmallows-Corazon-80-g.jpg?v=638776391334300000,"Malvas, Marshmallows y Merenguitos",https://www.jumbo.cl/chocolates-galletas-y-snacks/dulces/malvas-marshmallows-y-merenguitos,https://bff.jumbo.cl/catalog/plp,1,2026-02-26T18:11:45
144337,Marshmallow Corazón 250 g,Fini,2490,2490,False,https://www.jumbo.cl/marshmallow-corazon-fini-250g-2019236/p,https://jumbocl.vteximg.com.br/arquivos/ids/341134-250-250/Marshmallow-Corazon-Fini-250-g.jpg?v=638776441422030000,"Malvas, Marshmallows y Merenguitos",https://www.jumbo.cl/chocolates-galletas-y-snacks/dulces/malvas-marshmallows-y-merenguitos,https://bff.jumbo.cl/catalog/plp,1,2026-02-26T18:11:45
19093,Marshmallows Morf Tradicional 120 g,Arcor,1190,1190,False,https://www.jumbo.cl/marshmallows-tradicional-arcor-120-g/p,https://jumbocl.vteximg.com.br/arquivos/ids/353245-250-250/633120.jpg?v=638776696592670000,"Malvas, Marshmallows y Merenguitos",https://www.jumbo.cl/chocolates-galletas-y-snacks/dulces/malvas-marshmallows-y-merenguitos,https://bff.jumbo.cl/catalog/plp,1,2026-02-26T18:11:45
144336,Marshmallow Trenza de Colores Rellena 250 g,Fini,2490,2490,False,https://www.jumbo.cl/marshmallow-trenza-colores-fini-250g-2018698/p,https://jumbocl.vteximg.com.br/arquivos/ids/341107-250-250/Marshmallow-Trenza-Colores-Fini-250-g.jpg?v=638776441392870000,"Malvas, Marshmallows y Merenguitos",https://www.jumbo.cl/chocolates-galletas-y-snacks/dulces/malvas-marshmallows-y-merenguitos,https://bff.jumbo.cl/catalog/plp,1,2026-02-26T18:11:45
126753,Marshmallows Mogul Morf Tradicional 180 g,Arcor,1490,1490,False,https://www.jumbo.cl/morf-tradicional-180g-1959629/p,https://jumbocl.vteximg.com.br/arquivos/ids/392705-250-250/Morf-Tradicional-180-g.jpg?v=638776871952400000,"Malvas, Marshmallows y Merenguitos",https://www.jumbo.cl/chocolates-galletas-y-snacks/dulces/malvas-marshmallows-y-merenguitos,https://bff.jumbo.cl/catalog/plp,1,2026-02-26T18:11:45
3703,Merengue Pavesi Bandeja 230 g,Pavesi,6490,6490,False,https://www.jumbo.cl/merengue-pavesi-bandeja-230-g/p,https://jumbocl.vteximg.com.br/arquivos/ids/346879-250-250/254828.jpg?v=638776464379170000,"Malvas, Marshmallows y Merenguitos",https://www.jumbo.cl/chocolates-galletas-y-snacks/dulces/malvas-marshmallows-y-merenguitos,https://bff.jumbo.cl/catalog/plp,1,2026-02-26T18:11:45
19091,Marshmallows Morf Trenz 120 g,Dos en Uno,1190,1190,False,https://www.jumbo.cl/marshmallows-morf-trenz-dos-en-uno-120-g/p,https://jumbocl.vteximg.com.br/arquivos/ids/353246-250-250/Marshmallows-Morf-Trenz-120-g.jpg?v=638776696592830000,"Malvas, Marshmallows y Merenguitos",https://www.jumbo.cl/chocolates-galletas-y-snacks/dulces/malvas-marshmallows-y-merenguitos,https://bff.jumbo.cl/catalog/plp,1,2026-02-26T18:11:45
144335,Marshmallow Trenza Azul y Blanca Rellena 250 g,Fini,2490,2490,False,https://www.jumbo.cl/marshmallowtrenza-rellena-fini-250g-2018697/p,https://jumbocl.vteximg.com.br/arquivos/ids/341086-250-250/Marshmallow-Trenza-Rellena-Fini-250-g.jpg?v=638776441364500000,"Malvas, Marshmallows y Merenguitos",https://www.jumbo.cl/chocolates-galletas-y-snacks/dulces/malvas-marshmallows-y-merenguitos,https://bff.jumbo.cl/catalog/plp,1,2026-02-26T18:11:45
45486,Marshmallows Ambrosoli Original Vainilla 120 g,Ambrosoli,1190,1290,True,https://www.jumbo.cl/marshmallow-ambrosoli-120-g/p,https://jumbocl.vteximg.com.br/arquivos/ids/357762-250-250/Marshmallows-120-g.jpg?v=638776720687800000,"Malvas, Marshmallows y Merenguitos",https://www.jumbo.cl/chocolates-galletas-y-snacks/dulces/malvas-marshmallows-y-merenguitos,https://bff.jumbo.cl/catalog/plp,1,2026-02-26T18:11:45
105085,Marshmallows Sandía 230 g,Ambrosoli,2090,2090,False,https://www.jumbo.cl/marshmallow-ambrosoli-sandia-230-gr-1897643/p,https://jumbocl.vteximg.com.br/arquivos/ids/374856-250-250/1897643-01_610198.jpg?v=638776801190970000,"Malvas, Marshmallows y Merenguitos",https://www.jumbo.cl/chocolates-galletas-y-snacks/dulces/malvas-marshmallows-y-merenguitos,https://bff.jumbo.cl/catalog/plp,1,2026-02-26T18:11:45
3814,Guagüitas Merello Bolsa 250 g,Merello,2250,2250,False,https://www.jumbo.cl/guaguitas-merello-bolsa-250-g/p,https://jumbocl.vteximg.com.br/arquivos/ids/415465-250-250/Guaguitas-Merello-Bolsa-250-g.jpg?v=638802629439330000,"Malvas, Marshmallows y Merenguitos",https://www.jumbo.cl/chocolates-galletas-y-snacks/dulces/malvas-marshmallows-y-merenguitos,https://bff.jumbo.cl/catalog/plp,1,2026-02-26T18:11:45
38885,Marshmallows Morf XL 350 g,Dos en Uno,2250,2250,False,https://www.jumbo.cl/marshmallow-morf-xl-350-g/p,https://jumbocl.vteximg.com.br/arquivos/ids/357059-250-250/Marshmallow-Morf-XL-350-g.jpg?v=638776715608070000,"Malvas, Marshmallows y Merenguitos",https://www.jumbo.cl/chocolates-galletas-y-snacks/dulces/malvas-marshmallows-y-merenguitos,https://bff.jumbo.cl/catalog/plp,1,2026-02-26T18:11:45
55134,Merenguitos Sin Azúcar Beshos Dulce de Leche 45 g,Beshos,4350,4350,False,https://www.jumbo.cl/merenguitos-swiss-delight-beshos-dulce-de-leche-sin-az-car-45-g/p,https://jumbocl.vteximg.com.br/arquivos/ids/359610-250-250/Merenguitos-sin-azucar-Beshos-dulce-de-leche-45-g.jpg?v=638776729009370000,"Malvas, Marshmallows y Merenguitos",https://www.jumbo.cl/chocolates-galletas-y-snacks/dulces/malvas-marshmallows-y-merenguitos,https://bff.jumbo.cl/catalog/plp,1,2026-02-26T18:11:45
89281,Marshmallows Malva Sabores Frutales 250 g,Ambrosoli,2090,2090,False,https://www.jumbo.cl/marshmallow-malva-250-g/p,https://jumbocl.vteximg.com.br/arquivos/ids/367174-250-250/Marshmallow-malva-250-g.jpg?v=638776766709670000,"Malvas, Marshmallows y Merenguitos",https://www.jumbo.cl/chocolates-galletas-y-snacks/dulces/malvas-marshmallows-y-merenguitos,https://bff.jumbo.cl/catalog/plp,1,2026-02-26T18:11:45
147693,Merenguitos 45 g,Beshos,4850,4850,False,https://www.jumbo.cl/merenguitos-45gr-2033573/p,https://jumbocl.vteximg.com.br/arquivos/ids/458069-250-250/Merenguitos-45-g.jpg?v=638857856174670000,"Malvas, Marshmallows y Merenguitos",https://www.jumbo.cl/chocolates-galletas-y-snacks/dulces/malvas-marshmallows-y-merenguitos,https://bff.jumbo.cl/catalog/plp,1,2026-02-26T18:11:45
55132,Merenguitos Sin Azúcar Beshos Original 45 g,Beshos,4250,4250,False,https://www.jumbo.cl/merenguitos-swiss-delight-beshos-original-sin-az-car-45-g/p,https://jumbocl.vteximg.com.br/arquivos/ids/359612-250-250/Merenguitos-sin-azucar-Beshos-original-45-g.jpg?v=638776729012500000,"Malvas, Marshmallows y Merenguitos",https://www.jumbo.cl/chocolates-galletas-y-snacks/dulces/malvas-marshmallows-y-merenguitos,https://bff.jumbo.cl/catalog/plp,1,2026-02-26T18:11:45
161336,Gomitas Fini Party Mix 500 g,Fini,6990,6990,False,https://www.jumbo.cl/surtido-gomitas-pa-2053759/p,https://jumbocl.vteximg.com.br/arquivos/ids/549596-250-250/Gomitas-Fini-Party-Mix-Surtido-500-g.jpg?v=639009846487500000,"Malvas, Marshmallows y Merenguitos",https://www.jumbo.cl/chocolates-galletas-y-snacks/dulces/malvas-marshmallows-y-merenguitos,https://bff.jumbo.cl/catalog/plp,1,2026-02-26T18:11:45
93412,Merenguitos Beshos Light 55 g,Beshos,4240,4240,False,https://www.jumbo.cl/merenguitos-light-55-g/p,https://jumbocl.vteximg.com.br/arquivos/ids/368310-250-250/Merenguitos-light-55-g.jpg?v=638776771994900000,"Malvas, Marshmallows y Merenguitos",https://www.jumbo.cl/chocolates-galletas-y-snacks/dulces/malvas-marshmallows-y-merenguitos,https://bff.jumbo.cl/catalog/plp,1,2026-02-26T18:11:45
154353,Gomita Ambrosoli Habanitos 80 g,Ambrosoli,1290,1290,False,https://www.jumbo.cl/gomita-habanitos-ambrosoli-80-gr-2039031/p,https://jumbocl.vteximg.com.br/arquivos/ids/491922-250-250/Gomita-Ambrosoli-Habanitos-80-g.jpg?v=638905693620130000,"Malvas, Marshmallows y Merenguitos",https://www.jumbo.cl/chocolates-galletas-y-snacks/dulces/malvas-marshmallows-y-merenguitos,https://bff.jumbo.cl/catalog/plp,1,2026-02-26T18:11:45
103367,Pack Brownie Nutra Bien Braunichoc 140 g 4 un.,Nutra Bien,1690,1990,True,https://www.jumbo.cl/pack-braunichoc-4uni-140gr/p,https://jumbocl.vteximg.com.br/arquivos/ids/373879-250-250/Pack-4-un-Braunichoc-140-g.jpg?v=638776797460470000,"Alfajores, Pasteles y Queques",https://www.jumbo.cl/chocolates-galletas-y-snacks/dulces/alfajores-pasteles-y-queques,https://bff.jumbo.cl/catalog/plp,1,2026-02-26T18:11:53
73,"Pack 8 un. Bizcocho Chocman 33 g, 264 g neto",Costa,2350,2750,True,https://www.jumbo.cl/pack-chocman-costa-10-unid-330-g/p,https://jumbocl.vteximg.com.br/arquivos/ids/297618-250-250/Bizcocho-Chocman-8-un-33-g-c-u.jpg?v=638775741396430000,"Alfajores, Pasteles y Queques",https://www.jumbo.cl/chocolates-galletas-y-snacks/dulces/alfajores-pasteles-y-queques,https://bff.jumbo.cl/catalog/plp,1,2026-02-26T18:11:53
99017,Alfajor Nutrisa Manjar Sin Sellos 5 un.,Nutrisa,4390,4390,False,https://www.jumbo.cl/alfajor-manjar-s-s-nutrisa-5un-1871198/p,https://jumbocl.vteximg.com.br/arquivos/ids/313226-250-250/Alfajor-Nutrisa-Manjar-Sin-Sellos-5-un.jpg?v=638776399069000000,"Alfajores, Pasteles y Queques",https://www.jumbo.cl/chocolates-galletas-y-snacks/dulces/alfajores-pasteles-y-queques,https://bff.jumbo.cl/catalog/plp,1,2026-02-26T18:11:53
103370,Pack Galletas Rellenas Nutra Bien Delicia Frambuesa 168 g 4 un.,Nutra Bien,2390,2390,False,https://www.jumbo.cl/pack-delicia-frambuesa-4uni-168gr/p,https://jumbocl.vteximg.com.br/arquivos/ids/373887-250-250/Pack-4-un-Delicia-frambuesa-168-g.jpg?v=638776797488770000,"Alfajores, Pasteles y Queques",https://www.jumbo.cl/chocolates-galletas-y-snacks/dulces/alfajores-pasteles-y-queques,https://bff.jumbo.cl/catalog/plp,1,2026-02-26T18:11:53
3990,Alfajores Fino Entrelagos 270 g 6 un.,Entrelagos,9290,9290,False,https://www.jumbo.cl/alfajor-fino-entrelagos-6-unid-270-g-2/p,https://jumbocl.vteximg.com.br/arquivos/ids/347074-250-250/Alfajor-fino-Entrelagos-6-unid-270-g.jpg?v=638776466730930000,"Alfajores, Pasteles y Queques",https://www.jumbo.cl/chocolates-galletas-y-snacks/dulces/alfajores-pasteles-y-queques,https://bff.jumbo.cl/catalog/plp,1,2026-02-26T18:11:53
19019,Alfajores Havanna Mixtos 306 g 6 un.,Havanna,11690,11690,False,https://www.jumbo.cl/alfajor-mixto-havanna-6-unid/p,https://jumbocl.vteximg.com.br/arquivos/ids/353218-250-250/Alfajores-mixtos-6-un-306-g.jpg?v=638776696482800000,"Alfajores, Pasteles y Queques",https://www.jumbo.cl/chocolates-galletas-y-snacks/dulces/alfajores-pasteles-y-queques,https://bff.jumbo.cl/catalog/plp,1,2026-02-26T18:11:53
128067,Alfajores Calaf Premium 240 g,Calaf,3690,3690,False,https://www.jumbo.cl/bandeja-alfajor-premium-4-uni-60-gr-1970628/p,https://jumbocl.vteximg.com.br/arquivos/ids/320065-250-250/Bandeja-Alfajor-Premium-360-g.jpg?v=638776418624100000,"Alfajores, Pasteles y Queques",https://www.jumbo.cl/chocolates-galletas-y-snacks/dulces/alfajores-pasteles-y-queques,https://bff.jumbo.cl/catalog/plp,1,2026-02-26T18:11:53
80676,Alfajores Alfi 15 g 10 un.,Marinela,2090,2090,False,https://www.jumbo.cl/alfi-multiempaque-10-un-150gr/p,https://jumbocl.vteximg.com.br/arquivos/ids/364413-250-250/Alfajor-Alfi-10-unid-15-g-c-u.jpg?v=638776753934770000,"Alfajores, Pasteles y Queques",https://www.jumbo.cl/chocolates-galletas-y-snacks/dulces/alfajores-pasteles-y-queques,https://bff.jumbo.cl/catalog/plp,1,2026-02-26T18:11:53
155741,Mankeke 180 g 6 un.,Marinela,1990,2490,True,https://www.jumbo.cl/mankeke-6un-180g-cajilla-2047620/p,https://jumbocl.vteximg.com.br/arquivos/ids/500297-250-250/Mankeke-180-g-6-un.jpg?v=638917603255000000,"Alfajores, Pasteles y Queques",https://www.jumbo.cl/chocolates-galletas-y-snacks/dulces/alfajores-pasteles-y-queques,https://bff.jumbo.cl/catalog/plp,1,2026-02-26T18:11:53
91915,Alfajores Lagos Del Sur Brandy 180 g 4 un.,Lagos Del Sur,2390,2390,False,https://www.jumbo.cl/alfajor-brandy-4-un-180-g-c-u/p,https://jumbocl.vteximg.com.br/arquivos/ids/312303-250-250/Alfajor-brandy-4-un180-g-c-u.jpg?v=638776396108830000,"Alfajores, Pasteles y Queques",https://www.jumbo.cl/chocolates-galletas-y-snacks/dulces/alfajores-pasteles-y-queques,https://bff.jumbo.cl/catalog/plp,1,2026-02-26T18:11:53
19022,Alfajores Havanna Chocolate 228 g 6 un.,Havanna,11650,11650,False,https://www.jumbo.cl/alfajor-de-chocolate-havanna-6-unid/p,https://jumbocl.vteximg.com.br/arquivos/ids/353214-250-250/Alfajores-chocolate-6-un-228-g.jpg?v=638776696479370000,"Alfajores, Pasteles y Queques",https://www.jumbo.cl/chocolates-galletas-y-snacks/dulces/alfajores-pasteles-y-queques,https://bff.jumbo.cl/catalog/plp,1,2026-02-26T18:11:53
4043,Alfajores Lagos del Sur Laguito 280 g 8 un.,Laguito,2590,2590,False,https://www.jumbo.cl/alfajor-lagos-del-sur-bolsa-280-g-8-unid-laguito/p,https://jumbocl.vteximg.com.br/arquivos/ids/300118-250-250/Alfajor-Laguito-bolsa-8-unid-280-g.jpg?v=638776371817370000,"Alfajores, Pasteles y Queques",https://www.jumbo.cl/chocolates-galletas-y-snacks/dulces/alfajores-pasteles-y-queques,https://bff.jumbo.cl/catalog/plp,1,2026-02-26T18:11:53
91914,Alfajores Lagos Del Sur Clásico 180 g 4 un.,Lagos Del Sur,2390,2390,False,https://www.jumbo.cl/alfajor-clasico-4-un-180-g-c-u/p,https://jumbocl.vteximg.com.br/arquivos/ids/312286-250-250/Alfajor-clasico-4-un-180-g-c-u.jpg?v=638776396078930000,"Alfajores, Pasteles y Queques",https://www.jumbo.cl/chocolates-galletas-y-snacks/dulces/alfajores-pasteles-y-queques,https://bff.jumbo.cl/catalog/plp,1,2026-02-26T18:11:53
97757,Alfajores Havanna 70% Cacao 260 g 4 un.,Havanna,11390,11390,False,https://www.jumbo.cl/alfajor-havanna-70-cacao-x-4-un-260-gr-1859848/p,https://jumbocl.vteximg.com.br/arquivos/ids/370206-250-250/Alfajores-70--cacao-4-un-260-g.jpg?v=638776781076400000,"Alfajores, Pasteles y Queques",https://www.jumbo.cl/chocolates-galletas-y-snacks/dulces/alfajores-pasteles-y-queques,https://bff.jumbo.cl/catalog/plp,1,2026-02-26T18:11:53
97754,Chocolates Havanna Havannets Mixtos 282 g 6 un.,Havanna,11490,11490,False,https://www.jumbo.cl/havannets-mixto-6-unidades-282-gr-1859845/p,https://jumbocl.vteximg.com.br/arquivos/ids/370202-250-250/Chocolates-mixtos-6-un-282-g.jpg?v=638776781049370000,"Alfajores, Pasteles y Queques",https://www.jumbo.cl/chocolates-galletas-y-snacks/dulces/alfajores-pasteles-y-queques,https://bff.jumbo.cl/catalog/plp,1,2026-02-26T18:11:53
119476,Alfajores Havanna Chocolate Blanco 6 un.,Havanna,11690,11690,False,https://www.jumbo.cl/alfajor-havanna-chocolate-blanco-6un-1938200/p,https://jumbocl.vteximg.com.br/arquivos/ids/384901-250-250/Alfajor-blanco-6-un.jpg?v=638776842074430000,"Alfajores, Pasteles y Queques",https://www.jumbo.cl/chocolates-galletas-y-snacks/dulces/alfajores-pasteles-y-queques,https://bff.jumbo.cl/catalog/plp,1,2026-02-26T18:11:53
99016,Alfajor Nutrisa Frambuesa Sin Sellos 5 un.,Nutrisa,4390,4390,False,https://www.jumbo.cl/alfajor-frambuesa-s-s-nutrisa-5un-1871199/p,https://jumbocl.vteximg.com.br/arquivos/ids/313217-250-250/Alfajor-Nutrisa-Frambuesa-Sin-Sellos-5-un.jpg?v=638776399040030000,"Alfajores, Pasteles y Queques",https://www.jumbo.cl/chocolates-galletas-y-snacks/dulces/alfajores-pasteles-y-queques,https://bff.jumbo.cl/catalog/plp,1,2026-02-26T18:11:53
155743,Queque Marinela Gansito 250 g 5 un.,Marinela,3490,3490,False,https://www.jumbo.cl/gansito-5un-250g-cajilla-2047622/p,https://jumbocl.vteximg.com.br/arquivos/ids/571269-250-250/Queque-Marinela-Gansito-250-g-5-un.jpg?v=639050412344400000,"Alfajores, Pasteles y Queques",https://www.jumbo.cl/chocolates-galletas-y-snacks/dulces/alfajores-pasteles-y-queques,https://bff.jumbo.cl/catalog/plp,1,2026-02-26T18:11:53
90613,"Pack 8 un. Bizcocho Chocman Black 33 g, 264 g neto",Costa,2350,2750,True,https://www.jumbo.cl/pack-bizcocho-chocman-black-264-g/p,https://jumbocl.vteximg.com.br/arquivos/ids/367448-250-250/Pack-bizcocho-Chocman-black-264-g.jpg?v=638776768031100000,"Alfajores, Pasteles y Queques",https://www.jumbo.cl/chocolates-galletas-y-snacks/dulces/alfajores-pasteles-y-queques,https://bff.jumbo.cl/catalog/plp,1,2026-02-26T18:11:53
155742,Pinguino 240 g 6 un.,Marinela,2490,2990,True,https://www.jumbo.cl/pinguino-6un-240g-cajilla-2047621/p,https://jumbocl.vteximg.com.br/arquivos/ids/500301-250-250/Pinguino-240-g-6-un.jpg?v=638917603263170000,"Alfajores, Pasteles y Queques",https://www.jumbo.cl/chocolates-galletas-y-snacks/dulces/alfajores-pasteles-y-queques,https://bff.jumbo.cl/catalog/plp,1,2026-02-26T18:11:53
146516,Alfajores Mar del Plata 4 un.,Havanna,13990,13990,False,https://www.jumbo.cl/alfajor-mar-del-plata-4-und-2025672/p,https://jumbocl.vteximg.com.br/arquivos/ids/346022-250-250/Alfajor-Mar-del-Plata-4-un.jpg?v=638776445248870000,"Alfajores, Pasteles y Queques",https://www.jumbo.cl/chocolates-galletas-y-snacks/dulces/alfajores-pasteles-y-queques,https://bff.jumbo.cl/catalog/plp,1,2026-02-26T18:11:53
119493,Bizcochos Rellenos Havanna Havannet 70% Puro Cacao 8 un.,Havanna,15990,15990,False,https://www.jumbo.cl/havannet-70-puro-cacao-8-un-1938199/p,https://jumbocl.vteximg.com.br/arquivos/ids/384926-250-250/Havannet-70--puro-cacao-8-un.jpg?v=638776842193030000,"Alfajores, Pasteles y Queques",https://www.jumbo.cl/chocolates-galletas-y-snacks/dulces/alfajores-pasteles-y-queques,https://bff.jumbo.cl/catalog/plp,1,2026-02-26T18:11:53
142021,Queque Kuchenmeister Vainilla 400 g,Kuchenmeister,2490,3790,True,https://www.jumbo.cl/queque-kuchenmeister-vainilla-400-gr-2010132/p,https://jumbocl.vteximg.com.br/arquivos/ids/336525-250-250/QUEQUE-VAINILLA.jpg?v=638776437691530000,"Alfajores, Pasteles y Queques",https://www.jumbo.cl/chocolates-galletas-y-snacks/dulces/alfajores-pasteles-y-queques,https://bff.jumbo.cl/catalog/plp,1,2026-02-26T18:11:53
146738,Alfajor En Línea Frambuesa Sin Azúcar 1 un.,En Línea,4190,4190,False,https://www.jumbo.cl/alfajor-frambuesa-2018256/p,https://jumbocl.vteximg.com.br/arquivos/ids/428437-250-250/Alfajor-En-Linea-Frambuesa-Sin-Azucar-1-un.jpg?v=638811019220270000,"Alfajores, Pasteles y Queques",https://www.jumbo.cl/chocolates-galletas-y-snacks/dulces/alfajores-pasteles-y-queques,https://bff.jumbo.cl/catalog/plp,1,2026-02-26T18:11:53
142049,Macarrones de Pauline Fruit Heart 88 g 6 un.,De Pauline,7990,7990,False,https://www.jumbo.cl/macarrones-de-pauline-fruit-heart-6u-88g-1997288/p,https://jumbocl.vteximg.com.br/arquivos/ids/336756-250-250/Macarrones-de-Pauline-Fruit-Heart-88-g-6-un.jpg?v=638776437923900000,"Alfajores, Pasteles y Queques",https://www.jumbo.cl/chocolates-galletas-y-snacks/dulces/alfajores-pasteles-y-queques,https://bff.jumbo.cl/catalog/plp,1,2026-02-26T18:11:53
156668,Postre Suk Choco Dubai 590 g 8 Porciones,Suk,14990,14990,False,https://www.jumbo.cl/postre-choco-dubai-suk-590-grs/p,https://jumbocl.vteximg.com.br/arquivos/ids/535801-250-250/Postre-Choco-Dubai-Suk-590-g-8-Porciones.jpg?v=638979674902830000,"Alfajores, Pasteles y Queques",https://www.jumbo.cl/chocolates-galletas-y-snacks/dulces/alfajores-pasteles-y-queques,https://bff.jumbo.cl/catalog/plp,1,2026-02-26T18:11:53
162177,Queque Mini Pingüino Doypack 200 g,Marinela,3990,3990,False,https://www.jumbo.cl/mini-pinguino-2061322/p,https://jumbocl.vteximg.com.br/arquivos/ids/560637-250-250/Queque-Mini-Pinguino-Doypack-200-g.jpg?v=639033992593800000,"Alfajores, Pasteles y Queques",https://www.jumbo.cl/chocolates-galletas-y-snacks/dulces/alfajores-pasteles-y-queques,https://bff.jumbo.cl/catalog/plp,1,2026-02-26T18:11:53
162190,Queque Rayita Frutilla 150 g 5 un.,Marinela,2490,2490,False,https://www.jumbo.cl/rayita-frutilla-2058038/p,https://jumbocl.vteximg.com.br/arquivos/ids/560632-250-250/Queque-Rayita-Frutilla-150-g-5-un.jpg?v=639033992553800000,"Alfajores, Pasteles y Queques",https://www.jumbo.cl/chocolates-galletas-y-snacks/dulces/alfajores-pasteles-y-queques,https://bff.jumbo.cl/catalog/plp,1,2026-02-26T18:11:53
146743,Alfajor En Línea Manjar Sin Azúcar 1 un.,En Línea,4190,4190,False,https://www.jumbo.cl/alfajor-manjar-2018255/p,https://jumbocl.vteximg.com.br/arquivos/ids/428203-250-250/Alfajor-En-Linea-Manjar-Sin-Azucar-1-un.jpg?v=638811014374330000,"Alfajores, Pasteles y Queques",https://www.jumbo.cl/chocolates-galletas-y-snacks/dulces/alfajores-pasteles-y-queques,https://bff.jumbo.cl/catalog/plp,1,2026-02-26T18:11:53
128059,Alfajores Calaf Classic 35 g,Calaf,3350,3350,False,https://www.jumbo.cl/bandeja-alfajor-classic-6-uni-35gr-1967888/p,https://jumbocl.vteximg.com.br/arquivos/ids/394178-250-250/Bandeja-Alfajor-Classic-35-g.jpg?v=638776877775730000,"Alfajores, Pasteles y Queques",https://www.jumbo.cl/chocolates-galletas-y-snacks/dulces/alfajores-pasteles-y-queques,https://bff.jumbo.cl/catalog/plp,1,2026-02-26T18:11:53
3755,Pack Brownie Nutra Bien Original 248 g 4 un.,Nutra Bien,2790,3450,True,https://www.jumbo.cl/queque-brownie-nutra-bien-pack-4-unid-brownie/p,https://jumbocl.vteximg.com.br/arquivos/ids/346911-250-250/Pack-4-un-Brownies-248-g.jpg?v=638776464724930000,"Alfajores, Pasteles y Queques",https://www.jumbo.cl/chocolates-galletas-y-snacks/dulces/alfajores-pasteles-y-queques,https://bff.jumbo.cl/catalog/plp,1,2026-02-26T18:11:53
103368,Pack Mini Brownie Nutra Bien con Cacao 180 g 6 un.,Nutra Bien,2690,2690,False,https://www.jumbo.cl/pack-minibrownie-6-uni-180gr/p,https://jumbocl.vteximg.com.br/arquivos/ids/373889-250-250/Pack-6-un-Minibrownie-180-g.jpg?v=638776797489530000,"Alfajores, Pasteles y Queques",https://www.jumbo.cl/chocolates-galletas-y-snacks/dulces/alfajores-pasteles-y-queques,https://bff.jumbo.cl/catalog/plp,1,2026-02-26T18:11:53
97753,Chocolates Havanna Havannets 330 g 6 un.,Havanna,11490,11490,False,https://www.jumbo.cl/havannets-chocolate-6-uni-330-gr-374568/p,https://jumbocl.vteximg.com.br/arquivos/ids/370200-250-250/Chocolates-6-un-330-g.jpg?v=638776781048270000,"Alfajores, Pasteles y Queques",https://www.jumbo.cl/chocolates-galletas-y-snacks/dulces/alfajores-pasteles-y-queques,https://bff.jumbo.cl/catalog/plp,1,2026-02-26T18:11:53
150360,Alfajor Nutrisa Sin Azúcar Choco Manjar 5 un.,Nutrisa,4190,4190,False,https://www.jumbo.cl/al-nutr-choc-m-ss-2009953/p,https://jumbocl.vteximg.com.br/arquivos/ids/452593-250-250/Alfajor-Nutrisa-Sin-Azucar-Choco-Manjar-5-un.jpg?v=638854181421200000,"Alfajores, Pasteles y Queques",https://www.jumbo.cl/chocolates-galletas-y-snacks/dulces/alfajores-pasteles-y-queques,https://bff.jumbo.cl/catalog/plp,1,2026-02-26T18:11:53
153045,Alfajor Calaf Premium Blanco,Calaf,3690,3690,False,https://www.jumbo.cl/bandeja-alfajor-blanco-premium-2041990/p,https://jumbocl.vteximg.com.br/arquivos/ids/487592-250-250/Bandeja-Alfajor-Premium-Blanco.jpg?v=638894124910300000,"Alfajores, Pasteles y Queques",https://www.jumbo.cl/chocolates-galletas-y-snacks/dulces/alfajores-pasteles-y-queques,https://bff.jumbo.cl/catalog/plp,1,2026-02-26T18:11:53
150361,Alfajor Nutrisa Sin Azúcar Choco Frambuesa 5 un.,Nutrisa,4190,4190,False,https://www.jumbo.cl/al-nutr-choc-f-ss-2009954/p,https://jumbocl.vteximg.com.br/arquivos/ids/452598-250-250/Alfajor-Nutrisa-Sin-Azucar-Choco-Frambuesa-5-un.jpg?v=638854181436830000,"Alfajores, Pasteles y Queques",https://www.jumbo.cl/chocolates-galletas-y-snacks/dulces/alfajores-pasteles-y-queques,https://bff.jumbo.cl/catalog/plp,1,2026-02-26T18:11:53
155744,Rayita 150 g 5 un.,Marinela,2490,2490,False,https://www.jumbo.cl/rayita-5un-150g-cajilla-2048210/p,https://jumbocl.vteximg.com.br/arquivos/ids/500309-250-250/Rayita-150-g-5-un.jpg?v=638917603291530000,"Alfajores, Pasteles y Queques",https://www.jumbo.cl/chocolates-galletas-y-snacks/dulces/alfajores-pasteles-y-queques,https://bff.jumbo.cl/catalog/plp,1,2026-02-26T18:11:53
126770,Macarrones de Pauline Mix Clásico 6 un. 72 g,De Pauline,4990,4990,False,https://www.jumbo.cl/macarrones-de-pauline-mix-clasico-6un72g-1963047/p,https://jumbocl.vteximg.com.br/arquivos/ids/319324-250-250/Macarrones-de-Pauline-Mix-Clasico-6-un-72-g.jpg?v=638776417248330000,"Alfajores, Pasteles y Queques",https://www.jumbo.cl/chocolates-galletas-y-snacks/dulces/alfajores-pasteles-y-queques,https://bff.jumbo.cl/catalog/plp,1,2026-02-26T18:11:53
113961,Queque Berries Dilici Sin Gluten 300 g,Dilici,5490,5490,False,https://www.jumbo.cl/queque-berries-dilici-s-gluten-300gr-1929122/p,https://jumbocl.vteximg.com.br/arquivos/ids/381058-250-250/Queque-berries-sin-gluten-300-g.jpg?v=638776825811330000,"Alfajores, Pasteles y Queques",https://www.jumbo.cl/chocolates-galletas-y-snacks/dulces/alfajores-pasteles-y-queques,https://bff.jumbo.cl/catalog/plp,1,2026-02-26T18:11:53
122808,Alfajor Deluxe & Bla Bla Dulce de Leche 28 g,Deluxe & Bla Bla,990,990,False,https://www.jumbo.cl/alfajor-deluxe-dulce-de-leche-28-grs-1956120/p,https://jumbocl.vteximg.com.br/arquivos/ids/388569-250-250/Alfajor-Deluxe-dulce-de-leche-28-g.jpg?v=638776856365300000,"Alfajores, Pasteles y Queques",https://www.jumbo.cl/chocolates-galletas-y-snacks/dulces/alfajores-pasteles-y-queques,https://bff.jumbo.cl/catalog/plp,1,2026-02-26T18:11:53
54958,Barquillos Gullón Sabor Chocolate 60 g,Gullón,1490,1490,False,https://www.jumbo.cl/barquillo-gull-n-chocolate-70-g/p,https://jumbocl.vteximg.com.br/arquivos/ids/359547-250-250/Barquillo-Gullon-sabor-chocolate-70-g.jpg?v=638776728745030000,"Alfajores, Pasteles y Queques",https://www.jumbo.cl/chocolates-galletas-y-snacks/dulces/alfajores-pasteles-y-queques,https://bff.jumbo.cl/catalog/plp,2,2026-02-26T18:11:57
4094,Brownies Nutra Bien Sin Azúcar 4 un.,Nutra Bien,3490,3490,False,https://www.jumbo.cl/brownie-nutra-bien-pack-4-unid-sin-azucar/p,https://jumbocl.vteximg.com.br/arquivos/ids/347101-250-250/Pack-4-un-Brownies-sin-azucar.jpg?v=638776467071330000,"Alfajores, Pasteles y Queques",https://www.jumbo.cl/chocolates-galletas-y-snacks/dulces/alfajores-pasteles-y-queques,https://bff.jumbo.cl/catalog/plp,2,2026-02-26T18:11:57
19113,Alfajores Artesanales Entrelagos Surtido 510 g 12 un.,Entrelagos,14790,14790,False,https://www.jumbo.cl/alfajor-surtido-entrelagos-510-g-12-unid/p,https://jumbocl.vteximg.com.br/arquivos/ids/353259-250-250/Alfajor-surtido-entrelagos-12-un-510-g.jpg?v=638776696653370000,"Alfajores, Pasteles y Queques",https://www.jumbo.cl/chocolates-galletas-y-snacks/dulces/alfajores-pasteles-y-queques,https://bff.jumbo.cl/catalog/plp,2,2026-02-26T18:11:57
122841,Alfajor Deluxe & Bla Bla Mantequilla de Maní 28 g,Deluxe & Bla Bla,990,990,False,https://www.jumbo.cl/alfajor-deluxe-mantequilla-mani-28-grs-1956122/p,https://jumbocl.vteximg.com.br/arquivos/ids/388593-250-250/Alfajor-mantequilla-de-mani-28-g.jpg?v=638776856453930000,"Alfajores, Pasteles y Queques",https://www.jumbo.cl/chocolates-galletas-y-snacks/dulces/alfajores-pasteles-y-queques,https://bff.jumbo.cl/catalog/plp,2,2026-02-26T18:11:57
103369,Pack Alfajores Chilenos Nutra Bien 180 g 4 un.,Nutra Bien,2390,2390,False,https://www.jumbo.cl/pack-alfajor-chileno-4uni-180gr/p,https://jumbocl.vteximg.com.br/arquivos/ids/373888-250-250/Pack-4-un-Alfajor-chileno-180-g.jpg?v=638776797488900000,"Alfajores, Pasteles y Queques",https://www.jumbo.cl/chocolates-galletas-y-snacks/dulces/alfajores-pasteles-y-queques,https://bff.jumbo.cl/catalog/plp,2,2026-02-26T18:11:57
105614,Pack Brownie Chips Nutra Bien 248 g 4 un.,Nutra Bien,3450,3450,False,https://www.jumbo.cl/pack-brownie-chips-nutra-bien-4un-248gr-1898066/p,https://jumbocl.vteximg.com.br/arquivos/ids/375210-250-250/Pack-4-un-Brownie-chips-Nutra-Bien-248-g.jpg?v=638776802594430000,"Alfajores, Pasteles y Queques",https://www.jumbo.cl/chocolates-galletas-y-snacks/dulces/alfajores-pasteles-y-queques,https://bff.jumbo.cl/catalog/plp,2,2026-02-26T18:11:57
128113,Bizcocho Dulce Deluxe & Bla Bla 100 g,Deluxe & Bla Bla,2540,2540,False,https://www.jumbo.cl/bizcocho-dulce-100-grs-1972592/p,https://jumbocl.vteximg.com.br/arquivos/ids/394247-250-250/Bizcocho-Dulce-100-g.jpg?v=638776878046900000,"Alfajores, Pasteles y Queques",https://www.jumbo.cl/chocolates-galletas-y-snacks/dulces/alfajores-pasteles-y-queques,https://bff.jumbo.cl/catalog/plp,2,2026-02-26T18:11:57
143875,Display 4 Alfajores Frambuesa 160 g,Entrelagos,3771,4190,True,https://www.jumbo.cl/display-4-alfajores-frambuesa-160g-2018537/p,https://jumbocl.vteximg.com.br/arquivos/ids/340373-250-250/DISPLAY-4-ALFAJORES-FRAMBUESA-160G.jpg?v=638776440646270000,"Alfajores, Pasteles y Queques",https://www.jumbo.cl/chocolates-galletas-y-snacks/dulces/alfajores-pasteles-y-queques,https://bff.jumbo.cl/catalog/plp,2,2026-02-26T18:11:57
143873,Display 4 Alfajores Manjar Leche 180 g,Entrelagos,3771,4190,True,https://www.jumbo.cl/display-4-alfajores-manjar-leche-180g-2018535/p,https://jumbocl.vteximg.com.br/arquivos/ids/340335-250-250/DISPLAY-4-ALFAJORES-MANJAR-LECHE-180G.jpg?v=638776440615370000,"Alfajores, Pasteles y Queques",https://www.jumbo.cl/chocolates-galletas-y-snacks/dulces/alfajores-pasteles-y-queques,https://bff.jumbo.cl/catalog/plp,2,2026-02-26T18:11:57
143874,Display 4 Alfajores Manjar Sin Azúcar 180 g,Entrelagos,4761,5290,True,https://www.jumbo.cl/display-4-alfajores-manjar-s-azucar-180g-2018536/p,https://jumbocl.vteximg.com.br/arquivos/ids/340279-250-250/DISPLAY-4-ALFAJORES-MANJAR-S-AZUCAR-180G.jpg?v=638776440581630000,"Alfajores, Pasteles y Queques",https://www.jumbo.cl/chocolates-galletas-y-snacks/dulces/alfajores-pasteles-y-queques,https://bff.jumbo.cl/catalog/plp,2,2026-02-26T18:11:57
62199,Brownie Snack Adventure 45 g 2 un.,Snack Adventure,1730,1730,False,https://www.jumbo.cl/brownie-snack-adventure-2x-45-gr-c-u/p,https://jumbocl.vteximg.com.br/arquivos/ids/361065-250-250/Brownie-Snack-Adventure-2-unid-45-g-c-u.jpg?v=638776735207030000,"Alfajores, Pasteles y Queques",https://www.jumbo.cl/chocolates-galletas-y-snacks/dulces/alfajores-pasteles-y-queques,https://bff.jumbo.cl/catalog/plp,2,2026-02-26T18:11:57
143857,Caja de Alfajor Mix 270 g,Salzburgo,9990,9990,False,https://www.jumbo.cl/caja-alfajor-mix-270-grs-2016539/p,https://jumbocl.vteximg.com.br/arquivos/ids/340516-250-250/Caja-de-Alfajor-Mix-270-g.jpg?v=638776440758370000,"Alfajores, Pasteles y Queques",https://www.jumbo.cl/chocolates-galletas-y-snacks/dulces/alfajores-pasteles-y-queques,https://bff.jumbo.cl/catalog/plp,2,2026-02-26T18:11:57
126771,Macarrones de Pauline Surtido 24 un.,De Pauline,15990,15990,False,https://www.jumbo.cl/macarrones-de-pauline-surtido-24un-288g-1963048/p,https://jumbocl.vteximg.com.br/arquivos/ids/319148-250-250/Macarrones-de-Pauline-Surtido-24-un.jpg?v=638776416767870000,"Alfajores, Pasteles y Queques",https://www.jumbo.cl/chocolates-galletas-y-snacks/dulces/alfajores-pasteles-y-queques,https://bff.jumbo.cl/catalog/plp,2,2026-02-26T18:11:57
4169,Snack Matilde Vicenzi Mini Voglie Pastele 25 g 6 un.,Matilde Vicenzi,1533,2190,True,https://www.jumbo.cl/mini-voglie-pastele-vicenzi-125-g/p,https://jumbocl.vteximg.com.br/arquivos/ids/300003-250-250/Snack-mini-voglie-pastele-5x25-g.jpg?v=638776371564830000,"Alfajores, Pasteles y Queques",https://www.jumbo.cl/chocolates-galletas-y-snacks/dulces/alfajores-pasteles-y-queques,https://bff.jumbo.cl/catalog/plp,2,2026-02-26T18:11:57
4168,Snack Matilde Vicenzi Mini Voglie con Avellana 25 g 5 un.,Matilde Vicenzi,1533,2190,True,https://www.jumbo.cl/mini-voglie-nuez-vicenzi-170-g/p,https://jumbocl.vteximg.com.br/arquivos/ids/299987-250-250/Snack-mini-voglie-con-avellana-5x25-g.jpg?v=638776371535470000,"Alfajores, Pasteles y Queques",https://www.jumbo.cl/chocolates-galletas-y-snacks/dulces/alfajores-pasteles-y-queques,https://bff.jumbo.cl/catalog/plp,2,2026-02-26T18:11:57
3077,Papas Fritas Marco Polo Rústicas Sal de Mar 185 g,Marco Polo,2690,2690,False,https://www.jumbo.cl/papas-fritas-marco-polo-rusticas-sal-de-mar-200-g-2/p,https://jumbocl.vteximg.com.br/arquivos/ids/573573-250-250/Papas-Fritas-Marco-Polo-Rusticas-con-Sal-de-Mar-185-g.jpg?v=639063505333200000,Papas Fritas,https://www.jumbo.cl/chocolates-galletas-y-snacks/snacks/papas-fritas,https://bff.jumbo.cl/catalog/plp,1,2026-02-26T18:12:04
123445,Papas Fritas Lay's Corte Americano 330 g,Lay's,2250,3330,True,https://www.jumbo.cl/lays-ta-350-gr-1949959/p,https://jumbocl.vteximg.com.br/arquivos/ids/457399-250-250/Papas-Fritas-Lay-s-Corte-Americano-330-g.jpg?v=638857209345930000,Papas Fritas,https://www.jumbo.cl/chocolates-galletas-y-snacks/snacks/papas-fritas,https://bff.jumbo.cl/catalog/plp,1,2026-02-26T18:12:04
82337,Papas Fritas Lay's Stax Original 134 g,Lay's,2430,2430,False,https://www.jumbo.cl/papas-fritas-stax-original-134-g/p,https://jumbocl.vteximg.com.br/arquivos/ids/456289-250-250/Papas-Fritas-Lay-s-Stax-Original-134-g.jpg?v=638857187759700000,Papas Fritas,https://www.jumbo.cl/chocolates-galletas-y-snacks/snacks/papas-fritas,https://bff.jumbo.cl/catalog/plp,1,2026-02-26T18:12:04
112649,Papas Fritas Marco Polo Rústicas Sal de Mar 380 g,Marco Polo,3490,4330,True,https://www.jumbo.cl/papas-fritas-rusticas-marco-polo-380-gr-1927137/p,https://jumbocl.vteximg.com.br/arquivos/ids/567439-250-250/Papas-Fritas-Marco-Polo-Rusticas-Sal-de-Mar-380-g.jpg?v=639045136425900000,Papas Fritas,https://www.jumbo.cl/chocolates-galletas-y-snacks/snacks/papas-fritas,https://bff.jumbo.cl/catalog/plp,1,2026-02-26T18:12:04
82332,Papas Fritas Lay's Stax Crema y Cebolla 134 g,Lay's,2430,2430,False,https://www.jumbo.cl/papas-fritas-stax-sour-cream-134-g/p,https://jumbocl.vteximg.com.br/arquivos/ids/456314-250-250/Papas-Fritas-Lay-s-Stax-Crema-y-Cebolla-134-g.jpg?v=638857187841130000,Papas Fritas,https://www.jumbo.cl/chocolates-galletas-y-snacks/snacks/papas-fritas,https://bff.jumbo.cl/catalog/plp,1,2026-02-26T18:12:04
3020,Papas Fritas Kryzpo Original 130 g,Kryzpo,1650,2250,True,https://www.jumbo.cl/papas-fritas-kryzpo-140-g-sabor-original/p,https://jumbocl.vteximg.com.br/arquivos/ids/299842-250-250/Papas-Fritas-Kryzpo-Original-130-g.jpg?v=638776371214300000,Papas Fritas,https://www.jumbo.cl/chocolates-galletas-y-snacks/snacks/papas-fritas,https://bff.jumbo.cl/catalog/plp,1,2026-02-26T18:12:04
138130,Papas Fritas Marco Polo Caseras 350 g,Marco Polo,3230,3230,False,https://www.jumbo.cl/papas-fritas-caseras-marco-polo-350g-1995331/p,https://jumbocl.vteximg.com.br/arquivos/ids/567469-250-250/Papas-Fritas-Marco-Polo-Caseras-350-g.jpg?v=639045136671900000,Papas Fritas,https://www.jumbo.cl/chocolates-galletas-y-snacks/snacks/papas-fritas,https://bff.jumbo.cl/catalog/plp,1,2026-02-26T18:12:04
3075,Papas Fritas Marco Polo Rústicas Merkén 185 g,Marco Polo,2690,2690,False,https://www.jumbo.cl/papas-fritas-marco-polo-rusticas-merquen-200-g-2/p,https://jumbocl.vteximg.com.br/arquivos/ids/573570-250-250/Papas-Fritas-Marco-Polo-Rusticas-Merken-185-g.jpg?v=639063505298300000,Papas Fritas,https://www.jumbo.cl/chocolates-galletas-y-snacks/snacks/papas-fritas,https://bff.jumbo.cl/catalog/plp,1,2026-02-26T18:12:04
123851,Papas Fritas Lay's Artesanas Sal de Mar 150 g,Lay's,1890,2390,True,https://www.jumbo.cl/lays-ar-smar-150g/p,https://jumbocl.vteximg.com.br/arquivos/ids/457465-250-250/Papas-Fritas-Lay-s-Artesanas-Sal-de-Mar-150-g.jpg?v=638857209733930000,Papas Fritas,https://www.jumbo.cl/chocolates-galletas-y-snacks/snacks/papas-fritas,https://bff.jumbo.cl/catalog/plp,1,2026-02-26T18:12:04
3019,Papas Fritas Kryzpo Crema Cebolla 130 g,Kryzpo,1650,2350,True,https://www.jumbo.cl/papas-fritas-kryzpo-140-g-sabor-crema-cebolla/p,https://jumbocl.vteximg.com.br/arquivos/ids/299816-250-250/Papas-Fritas-Kryzpo-Crema-Cebolla-130-g.jpg?v=638776371172970000,Papas Fritas,https://www.jumbo.cl/chocolates-galletas-y-snacks/snacks/papas-fritas,https://bff.jumbo.cl/catalog/plp,1,2026-02-26T18:12:04
123436,Papas Fritas Lay's Corte Liso 330 g,Lay's,2750,3330,True,https://www.jumbo.cl/lays-lisa-350-gr-1949960/p,https://jumbocl.vteximg.com.br/arquivos/ids/456864-250-250/Papas-Fritas-Lay-s-Corte-Liso-330-g.jpg?v=638857189795170000,Papas Fritas,https://www.jumbo.cl/chocolates-galletas-y-snacks/snacks/papas-fritas,https://bff.jumbo.cl/catalog/plp,1,2026-02-26T18:12:04
138113,Papas Fritas Marco Polo Corte Americano 350 g,Marco Polo,3230,3230,False,https://www.jumbo.cl/papas-fritas-marco-polo-americ-350g-1995330/p,https://jumbocl.vteximg.com.br/arquivos/ids/567467-250-250/Papas-Fritas-Marco-Polo-Corte-Americano-350-g.jpg?v=639045136657530000,Papas Fritas,https://www.jumbo.cl/chocolates-galletas-y-snacks/snacks/papas-fritas,https://bff.jumbo.cl/catalog/plp,1,2026-02-26T18:12:04
155935,Papas Fritas Lay's Corte Americano Crema y Cebolla 180 g,Lay's,2390,2390,False,https://www.jumbo.cl/papa-frita-lays-sour-cream-180g-2045197/p,https://jumbocl.vteximg.com.br/arquivos/ids/508151-250-250/Papas-Fritas-Lay-s-Corte-Americano-Crema-y-Cebolla-180-g.jpg?v=638935565610830000,Papas Fritas,https://www.jumbo.cl/chocolates-galletas-y-snacks/snacks/papas-fritas,https://bff.jumbo.cl/catalog/plp,1,2026-02-26T18:12:04
101314,Papas Fritas Lay's Jamón Serrano 180 g,Lay's,1950,2450,True,https://www.jumbo.cl/papas-fritas-lays-mediterr-jamon-200-gr-1871733/p,https://jumbocl.vteximg.com.br/arquivos/ids/456506-250-250/Papas-Fritas-Lay-s-Jamon-Serrano-180-g.jpg?v=638857188504100000,Papas Fritas,https://www.jumbo.cl/chocolates-galletas-y-snacks/snacks/papas-fritas,https://bff.jumbo.cl/catalog/plp,1,2026-02-26T18:12:04
82090,Papas Fritas Cuisine & Co Artesanal Sal de Mar 250 g,Cuisine & Co,2950,2950,False,https://www.jumbo.cl/papas-artesanales-sal-de-mar-250-g-cuisine-and-co-1802309/p,https://jumbocl.vteximg.com.br/arquivos/ids/364860-250-250/Papas-Artesanales-Sal-de-Mar-250-g.jpg?v=638776756197400000,Papas Fritas,https://www.jumbo.cl/chocolates-galletas-y-snacks/snacks/papas-fritas,https://bff.jumbo.cl/catalog/plp,1,2026-02-26T18:12:04
139054,Papas Fritas Marco Polo Crema Ciboulette 180 g,Marco Polo,2040,2040,False,https://www.jumbo.cl/pf-marco-polo-crema-ciboulette-180-gr-2002058/p,https://jumbocl.vteximg.com.br/arquivos/ids/567503-250-250/Papas-Fritas-Marco-Polo-Crema-Ciboulette-180-g.jpg?v=639045136937030000,Papas Fritas,https://www.jumbo.cl/chocolates-galletas-y-snacks/snacks/papas-fritas,https://bff.jumbo.cl/catalog/plp,1,2026-02-26T18:12:04
136443,Chips Tika Nativas Sal de Mar 150 g,Tika,2490,2490,False,https://www.jumbo.cl/tika-nativas-sal-de-mar-150g-1992844/p,https://jumbocl.vteximg.com.br/arquivos/ids/326376-250-250/TIKA-NATIVAS-SAL-DE-MAR-150G.jpg?v=638776429157600000,Papas Fritas,https://www.jumbo.cl/chocolates-galletas-y-snacks/snacks/papas-fritas,https://bff.jumbo.cl/catalog/plp,1,2026-02-26T18:12:04
159022,Papas Fritas Lay's Switch Sabor a Queso y Chile 180 g,Lay's,1990,1990,False,https://www.jumbo.cl/papas-fritas-lay-s-switch-sabor-a-queso-y-chile-180-g/p,https://jumbocl.vteximg.com.br/arquivos/ids/533654-250-250/Papas-Fritas-Lay-s-Switch-Sabor-a-Queso-y-Chile-180-g.jpg?v=638979415636030000,Papas Fritas,https://www.jumbo.cl/chocolates-galletas-y-snacks/snacks/papas-fritas,https://bff.jumbo.cl/catalog/plp,1,2026-02-26T18:12:04
148377,Snack Tika Patagonia 150 g,Tika,3490,3490,False,https://www.jumbo.cl/tika-patagonia150g-2032083/p,https://jumbocl.vteximg.com.br/arquivos/ids/444688-250-250/Snack-Tika-Patagonia-150-g.jpg?v=638836335111230000,Papas Fritas,https://www.jumbo.cl/chocolates-galletas-y-snacks/snacks/papas-fritas,https://bff.jumbo.cl/catalog/plp,1,2026-02-26T18:12:04
101307,Papas Fritas Lay's Mediterráneas Orégano 180 g,Lay's,2450,2450,False,https://www.jumbo.cl/papas-fritas-lays-mediterr-oregan-200-gr-1871732/p,https://jumbocl.vteximg.com.br/arquivos/ids/456474-250-250/Papas-Fritas-Lay-s-Mediterraneas-Oregano-180-g.jpg?v=638857188415500000,Papas Fritas,https://www.jumbo.cl/chocolates-galletas-y-snacks/snacks/papas-fritas,https://bff.jumbo.cl/catalog/plp,1,2026-02-26T18:12:04
45635,Papas Fritas Marco Polo Corte Americano 450 g,Marco Polo,3850,3850,False,https://www.jumbo.cl/papas-fritas-corte-americano-marco-polo-450-g/p,https://jumbocl.vteximg.com.br/arquivos/ids/567427-250-250/Papas-Fritas-Marco-Polo-Corte-Americano-450-g.jpg?v=639045136326200000,Papas Fritas,https://www.jumbo.cl/chocolates-galletas-y-snacks/snacks/papas-fritas,https://bff.jumbo.cl/catalog/plp,1,2026-02-26T18:12:04
115246,Papas Fritas Pringles Crema y Cebolla 109 g,Pringles,2330,2330,False,https://www.jumbo.cl/papas-pringles-sour-cream-124g-1931672/p,https://jumbocl.vteximg.com.br/arquivos/ids/316292-250-250/Papas-Fritas-Pringles-Sour-Cream-124-g.jpg?v=638776407818570000,Papas Fritas,https://www.jumbo.cl/chocolates-galletas-y-snacks/snacks/papas-fritas,https://bff.jumbo.cl/catalog/plp,1,2026-02-26T18:12:04
3027,Papas Fritas Kryzpo Original 37 g,Kryzpo,1120,1120,False,https://www.jumbo.cl/papas-fritas-kryzpo-sabor-original-envase-de-40-g/p,https://jumbocl.vteximg.com.br/arquivos/ids/346555-250-250/Papas-Fritas-Kryzpo-Original-37-g.jpg?v=638776460877570000,Papas Fritas,https://www.jumbo.cl/chocolates-galletas-y-snacks/snacks/papas-fritas,https://bff.jumbo.cl/catalog/plp,1,2026-02-26T18:12:04
139103,Papas Fritas Marco Polo Serrano 180 g,Marco Polo,2180,2180,False,https://www.jumbo.cl/papas-fritas-marco-polo-serrano-180-gr-2002059/p,https://jumbocl.vteximg.com.br/arquivos/ids/567505-250-250/Papas-Fritas-Marco-Polo-Serrano-180-g.jpg?v=639045136950330000,Papas Fritas,https://www.jumbo.cl/chocolates-galletas-y-snacks/snacks/papas-fritas,https://bff.jumbo.cl/catalog/plp,1,2026-02-26T18:12:04
119883,Papas Fritas Marco Polo Rústicas Cebolla 185 g,Marco Polo,2690,2690,False,https://www.jumbo.cl/papas-marco-polo-rusticas-cebolla-185g-1937211/p,https://jumbocl.vteximg.com.br/arquivos/ids/567441-250-250/Papas-Fritas-Marco-Polo-Rusticas-Cebolla-185-g.jpg?v=639045136441430000,Papas Fritas,https://www.jumbo.cl/chocolates-galletas-y-snacks/snacks/papas-fritas,https://bff.jumbo.cl/catalog/plp,1,2026-02-26T18:12:04
87081,Papas Fritas Marco Polo Rústicas Aceto y Sal de Mar 185 g,Marco Polo,2690,2690,False,https://www.jumbo.cl/papas-fritas-rusticas-ace-sal-mar-185-gr/p,https://jumbocl.vteximg.com.br/arquivos/ids/573586-250-250/Papas-Fritas-Marco-Polo-Rusticas-Aceto-y-Sal-de-Mar-185-g.jpg?v=639063505445670000,Papas Fritas,https://www.jumbo.cl/chocolates-galletas-y-snacks/snacks/papas-fritas,https://bff.jumbo.cl/catalog/plp,1,2026-02-26T18:12:04
122025,Papas Fritas Lay's Corte Americano 150 g,Lay's,1590,1590,False,https://www.jumbo.cl/lays-ta-150gr-1952596/p,https://jumbocl.vteximg.com.br/arquivos/ids/457413-250-250/Papas-Fritas-Lay-s-Corte-Americano-150-g.jpg?v=638857209419030000,Papas Fritas,https://www.jumbo.cl/chocolates-galletas-y-snacks/snacks/papas-fritas,https://bff.jumbo.cl/catalog/plp,1,2026-02-26T18:12:04
82333,Papas Fritas Lay's Stax Cheddar 134 g,Lay's,2430,2430,False,https://www.jumbo.cl/papas-fritas-stax-cheddar-134-g/p,https://jumbocl.vteximg.com.br/arquivos/ids/456336-250-250/Papas-Fritas-Lay-s-Stax-Cheddar-134-g.jpg?v=638857187920400000,Papas Fritas,https://www.jumbo.cl/chocolates-galletas-y-snacks/snacks/papas-fritas,https://bff.jumbo.cl/catalog/plp,1,2026-02-26T18:12:04
51780,Papas Fritas Lay's Corte Americano 200 g,Lay's,2190,2190,False,https://www.jumbo.cl/papas-fritas-lay-s-tipo-americana-230-g/p,https://jumbocl.vteximg.com.br/arquivos/ids/494752-250-250/Papas-Fritas-Lay-s-Corte-Americano-200-g.jpg?v=638907270991330000,Papas Fritas,https://www.jumbo.cl/chocolates-galletas-y-snacks/snacks/papas-fritas,https://bff.jumbo.cl/catalog/plp,1,2026-02-26T18:12:04
139051,Papas Fritas Marco Polo BBQ 180 g,Marco Polo,2180,2180,False,https://www.jumbo.cl/papas-fritas-marco-polo-bbq-180gr-2000511/p,https://jumbocl.vteximg.com.br/arquivos/ids/567487-250-250/Papas-Fritas-Marco-Polo-BBQ-180-g.jpg?v=639045136805470000,Papas Fritas,https://www.jumbo.cl/chocolates-galletas-y-snacks/snacks/papas-fritas,https://bff.jumbo.cl/catalog/plp,1,2026-02-26T18:12:04
141601,"Chips Flip Papa, Camote, Zanahoria y Betarraga 140 g",Flip,2890,3290,True,https://www.jumbo.cl/chips-papa-camote-zana-beta-flip-140g-2007565/p,https://jumbocl.vteximg.com.br/arquivos/ids/583977-250-250/Chips-Flip-Papa-Camote-Zanahoria-y-Betarraga-140-g.jpg?v=639076276182530000,Papas Fritas,https://www.jumbo.cl/chocolates-galletas-y-snacks/snacks/papas-fritas,https://bff.jumbo.cl/catalog/plp,1,2026-02-26T18:12:04
120526,Papas Fritas Lay's Corte Americano 450 g,Lay's,4990,4990,False,https://www.jumbo.cl/lays-ta-500-gr-1932720/p,https://jumbocl.vteximg.com.br/arquivos/ids/456795-250-250/Papas-Fritas-Lay-s-Corte-Americano-450-g.jpg?v=638857189544000000,Papas Fritas,https://www.jumbo.cl/chocolates-galletas-y-snacks/snacks/papas-fritas,https://bff.jumbo.cl/catalog/plp,1,2026-02-26T18:12:04
119903,Papas Frita Kryzpo Wavy Sal de Mar 110 g,Kryzpo,1650,2350,True,https://www.jumbo.cl/kryzpo-wavy-sal-de-mar-110g-1940691/p,https://jumbocl.vteximg.com.br/arquivos/ids/385143-250-250/Papas-Frita-Kryzpo-Wavy-Sal-de-Mar-110g.jpg?v=638776843078600000,Papas Fritas,https://www.jumbo.cl/chocolates-galletas-y-snacks/snacks/papas-fritas,https://bff.jumbo.cl/catalog/plp,1,2026-02-26T18:12:04
138390,Papas Fritas Nativas Sal de Mar 150 g,Buka,2290,2290,False,https://www.jumbo.cl/papas-fritas-nativa-sal-de-mar-buka-150g-2001069/p,https://jumbocl.vteximg.com.br/arquivos/ids/330461-250-250/PAPAS-FRITAS-NATIVA-SAL-DE-MAR-BUKA-150G.jpg?v=638776432450930000,Papas Fritas,https://www.jumbo.cl/chocolates-galletas-y-snacks/snacks/papas-fritas,https://bff.jumbo.cl/catalog/plp,1,2026-02-26T18:12:04
124133,Papas Fritas Lay's Artesanas Salsa Verde 150 g,Lay's,1890,2390,True,https://www.jumbo.cl/lays-artesanas-salsa-verde-150-gr-1956897/p,https://jumbocl.vteximg.com.br/arquivos/ids/457471-250-250/Lays-Artesanas-Salsa-Verde-150-g.jpg?v=638857209808530000,Papas Fritas,https://www.jumbo.cl/chocolates-galletas-y-snacks/snacks/papas-fritas,https://bff.jumbo.cl/catalog/plp,1,2026-02-26T18:12:04
127908,Papas Fritas Rústicas Marco Polo Aceite de Oliva y Albahaca 185 g,Marco Polo,2690,2690,False,https://www.jumbo.cl/papas-rusticas-mpolo-oliva-albahaca-185g-1972047/p,https://jumbocl.vteximg.com.br/arquivos/ids/573604-250-250/Papas-Fritas-Rusticas-Marco-Polo-Aceite-de-Oliva-y-Albahaca-185-g.jpg?v=639063505572730000,Papas Fritas,https://www.jumbo.cl/chocolates-galletas-y-snacks/snacks/papas-fritas,https://bff.jumbo.cl/catalog/plp,1,2026-02-26T18:12:04
138413,Mix Vegetales Buka Mostaza Miel 150 g,Buka,2890,2890,False,https://www.jumbo.cl/mix-vegetales-mostaza-miel-buka-150g-2001072/p,https://jumbocl.vteximg.com.br/arquivos/ids/329939-250-250/Mix-Vegetales-Buka-Mostaza-Miel-150-g.jpg?v=638776432083600000,Papas Fritas,https://www.jumbo.cl/chocolates-galletas-y-snacks/snacks/papas-fritas,https://bff.jumbo.cl/catalog/plp,1,2026-02-26T18:12:04
148378,Snack Tika Furiosas 150 g,Tika,3590,3590,False,https://www.jumbo.cl/tika-furiosas-150g-2032084/p,https://jumbocl.vteximg.com.br/arquivos/ids/444692-250-250/Snack-Tika-Furiosas-150-g.jpg?v=638836335126530000,Papas Fritas,https://www.jumbo.cl/chocolates-galletas-y-snacks/snacks/papas-fritas,https://bff.jumbo.cl/catalog/plp,1,2026-02-26T18:12:04
3041,Papas Fritas Lay's Corte Liso 200 g,Lay's,2190,2190,False,https://www.jumbo.cl/papas-fritas-lays-lisas-230-g/p,https://jumbocl.vteximg.com.br/arquivos/ids/456066-250-250/Papas-Fritas-Lay-s-Corte-Liso-200-g.jpg?v=638857187017000000,Papas Fritas,https://www.jumbo.cl/chocolates-galletas-y-snacks/snacks/papas-fritas,https://bff.jumbo.cl/catalog/plp,1,2026-02-26T18:12:04
148925,Papas Fritas Marco Polo Kétchup Kraft 180 g,Marco Polo,2230,2230,False,https://www.jumbo.cl/papa-frita-ketchup-2037162/p,https://jumbocl.vteximg.com.br/arquivos/ids/567511-250-250/Papas-Fritas-Marco-Polo-Ketchup-Kraft-180-g.jpg?v=639045136980230000,Papas Fritas,https://www.jumbo.cl/chocolates-galletas-y-snacks/snacks/papas-fritas,https://bff.jumbo.cl/catalog/plp,2,2026-02-26T18:12:09
140652,Snack Tika Furiosas 100 g,Tika,2490,2490,False,https://www.jumbo.cl/tika-furiosas-100gr-2004532/p,https://jumbocl.vteximg.com.br/arquivos/ids/334728-250-250/Snack-Tika-Furiosas-100-g.jpg?v=638776435864330000,Papas Fritas,https://www.jumbo.cl/chocolates-galletas-y-snacks/snacks/papas-fritas,https://bff.jumbo.cl/catalog/plp,2,2026-02-26T18:12:09
159985,Papas Fritas Marco Polo Wavy Extra Onduladas 200 g,Marco Polo,1590,2290,True,https://www.jumbo.cl/papas-fritas-extra-2054239/p,https://jumbocl.vteximg.com.br/arquivos/ids/573731-250-250/Papas-Fritas-Marco-Polo-Extra-Onduladas-200-g.jpg?v=639063506357600000,Papas Fritas,https://www.jumbo.cl/chocolates-galletas-y-snacks/snacks/papas-fritas,https://bff.jumbo.cl/catalog/plp,2,2026-02-26T18:12:09
82089,Papas Fritas Cuisine & Co Artesanal Sal de Mar 185 g,Cuisine & Co,1990,2530,True,https://www.jumbo.cl/papas-artesanales-sal-de-mar-185-g-cuisine-and-co-1802308/p,https://jumbocl.vteximg.com.br/arquivos/ids/364857-250-250/Papas-Artesanales-Sal-de-Mar-185-g.jpg?v=638776756177270000,Papas Fritas,https://www.jumbo.cl/chocolates-galletas-y-snacks/snacks/papas-fritas,https://bff.jumbo.cl/catalog/plp,2,2026-02-26T18:12:09
138412,Papas Fritas Nativas Cebolla Caramelizada 150 g,Buka,2290,2290,False,https://www.jumbo.cl/papas-nativas-ceboll-car-buka-150g-2001068/p,https://jumbocl.vteximg.com.br/arquivos/ids/329887-250-250/PAPAS-NATIVAS-CEBOLL-CAR-BUKA-150G.jpg?v=638776432048000000,Papas Fritas,https://www.jumbo.cl/chocolates-galletas-y-snacks/snacks/papas-fritas,https://bff.jumbo.cl/catalog/plp,2,2026-02-26T18:12:09
3076,Papas Fritas Marco Polo Rústicas Queso Orégano 185 g,Marco Polo,2690,2690,False,https://www.jumbo.cl/papas-fritas-marco-polo-rusticas-queso-200-g-2/p,https://jumbocl.vteximg.com.br/arquivos/ids/573571-250-250/Papas-Fritas-Marco-Polo-Rusticas-Queso-185-g.jpg?v=639063505310830000,Papas Fritas,https://www.jumbo.cl/chocolates-galletas-y-snacks/snacks/papas-fritas,https://bff.jumbo.cl/catalog/plp,2,2026-02-26T18:12:09
3021,Papas Fritas Kryzpo Queso 130 g,Kryzpo,1650,2350,True,https://www.jumbo.cl/papas-fritas-kryzpo-140-g-sabor-queso/p,https://jumbocl.vteximg.com.br/arquivos/ids/299858-250-250/Papas-Fritas-Kryzpo-Queso-130-g.jpg?v=638776371253300000,Papas Fritas,https://www.jumbo.cl/chocolates-galletas-y-snacks/snacks/papas-fritas,https://bff.jumbo.cl/catalog/plp,2,2026-02-26T18:12:09
115299,Papas Fritas Pringles Original 104 g,Pringles,2330,2330,False,https://www.jumbo.cl/papas-pringles-original-124g-1931671/p,https://jumbocl.vteximg.com.br/arquivos/ids/316418-250-250/Papas-Fritas-Pringles-Original-104-g.jpg?v=638776408107300000,Papas Fritas,https://www.jumbo.cl/chocolates-galletas-y-snacks/snacks/papas-fritas,https://bff.jumbo.cl/catalog/plp,2,2026-02-26T18:12:09
125978,Papas Fritas Buka Flow Corte Americano 200 g,Buka,1490,2050,True,https://www.jumbo.cl/papas-fritas-flow-corte-americano-200-gr-1959308/p,https://jumbocl.vteximg.com.br/arquivos/ids/391720-250-250/Papas-Fritas-Flow-Corte-Americano-200-g.jpg?v=638776868719830000,Papas Fritas,https://www.jumbo.cl/chocolates-galletas-y-snacks/snacks/papas-fritas,https://bff.jumbo.cl/catalog/plp,2,2026-02-26T18:12:09
132389,Papas Fritas Lay's Cheddar 180 g,Lay's,2450,2450,False,https://www.jumbo.cl/papas-lays-queso-cheddar-180g-1983572/p,https://jumbocl.vteximg.com.br/arquivos/ids/457021-250-250/Papas-Fritas-Lay-s-Cheddar-180-g.jpg?v=638857190467770000,Papas Fritas,https://www.jumbo.cl/chocolates-galletas-y-snacks/snacks/papas-fritas,https://bff.jumbo.cl/catalog/plp,2,2026-02-26T18:12:09
138407,Mix Vegetales Buka 150 g,Buka,2890,2890,False,https://www.jumbo.cl/mix-de-vegetales-buka-150g-2001070/p,https://jumbocl.vteximg.com.br/arquivos/ids/330551-250-250/Mix-de-Vegetales-Buka-150-g.jpg?v=638776432522400000,Papas Fritas,https://www.jumbo.cl/chocolates-galletas-y-snacks/snacks/papas-fritas,https://bff.jumbo.cl/catalog/plp,2,2026-02-26T18:12:09
148792,Camotes Rústicos Marco Polo 150 g,Marco Polo,2790,2790,False,https://www.jumbo.cl/snack-camotes-2038125/p,https://jumbocl.vteximg.com.br/arquivos/ids/567519-250-250/Camotes-Rusticos-Marco-Polo-150-g.jpg?v=639045137032670000,Papas Fritas,https://www.jumbo.cl/chocolates-galletas-y-snacks/snacks/papas-fritas,https://bff.jumbo.cl/catalog/plp,2,2026-02-26T18:12:09
135553,Papas Fritas Lay's Artesanas Cebolla y Pimienta 150 g,Lay's,1890,2390,True,https://www.jumbo.cl/lays-artesanas-cebolla-pimienta-150g-1992843/p,https://jumbocl.vteximg.com.br/arquivos/ids/457039-250-250/Papas-Fritas-Lay-s-Artesanas-Cebolla-y-Pimienta-150-g.jpg?v=638857190548400000,Papas Fritas,https://www.jumbo.cl/chocolates-galletas-y-snacks/snacks/papas-fritas,https://bff.jumbo.cl/catalog/plp,2,2026-02-26T18:12:09
134647,Pack Colación Buka 5 un.,Buka,2490,2490,False,https://www.jumbo.cl/pack-colacion-5un-1988767/p,https://jumbocl.vteximg.com.br/arquivos/ids/323098-250-250/Pack-Colacion-5-un.jpg?v=638776426653270000,Papas Fritas,https://www.jumbo.cl/chocolates-galletas-y-snacks/snacks/papas-fritas,https://bff.jumbo.cl/catalog/plp,2,2026-02-26T18:12:09
129613,Papas Fritas Lay's Artesanas Sabor Caprese 150 g,Lay's,1890,2390,True,https://www.jumbo.cl/lays-artesanas-caprese-150-gr-1972261/p,https://jumbocl.vteximg.com.br/arquivos/ids/456965-250-250/Papas-Fritas-Lay-s-Artesanas-Sabor-Caprese-150-g.jpg?v=638857190186000000,Papas Fritas,https://www.jumbo.cl/chocolates-galletas-y-snacks/snacks/papas-fritas,https://bff.jumbo.cl/catalog/plp,2,2026-02-26T18:12:09
102486,Papas Fritas Lay's Sabor Ketchup 180 g,Lay's,2450,2450,False,https://www.jumbo.cl/papas-fritas-lays-ketchup-200-gr-1885608/p,https://jumbocl.vteximg.com.br/arquivos/ids/456663-250-250/Papas-Fritas-Lay-s-Sabor-Ketchup-180-g.jpg?v=638857189039170000,Papas Fritas,https://www.jumbo.cl/chocolates-galletas-y-snacks/snacks/papas-fritas,https://bff.jumbo.cl/catalog/plp,2,2026-02-26T18:12:09
140565,Papas Fritas Sal de Mar Inka Chips 150 g,Inka Chips,2390,2390,False,https://www.jumbo.cl/papas-fritas-sal-de-mar-inka-chips-150g-1998303/p,https://jumbocl.vteximg.com.br/arquivos/ids/547434-250-250/Papas-Fritas-Sal-de-Mar-Inka-Chips-150-g.jpg?v=639002097855500000,Papas Fritas,https://www.jumbo.cl/chocolates-galletas-y-snacks/snacks/papas-fritas,https://bff.jumbo.cl/catalog/plp,2,2026-02-26T18:12:09
150178,Snack Tika Artesanal Chiloé 100 g,Tika,2490,2490,False,https://www.jumbo.cl/snack-artesanal-2035144/p,https://jumbocl.vteximg.com.br/arquivos/ids/479450-250-250/Snack-Artesanal-Tika-Chiloe-100-g.jpg?v=638881344341230000,Papas Fritas,https://www.jumbo.cl/chocolates-galletas-y-snacks/snacks/papas-fritas,https://bff.jumbo.cl/catalog/plp,2,2026-02-26T18:12:09
136437,Chips Tika Nativas Cebollita Dulce 150 g,Tika,2300,2300,False,https://www.jumbo.cl/tika-nativas-cebollita-dulce-150g-1993767/p,https://jumbocl.vteximg.com.br/arquivos/ids/327017-250-250/TIKA-NATIVAS-CEBOLLITA-DULCE-150G.jpg?v=638776429662330000,Papas Fritas,https://www.jumbo.cl/chocolates-galletas-y-snacks/snacks/papas-fritas,https://bff.jumbo.cl/catalog/plp,2,2026-02-26T18:12:09
141603,Chips Flip Manzana Roja y Verde 140 g,Flip,2890,3990,True,https://www.jumbo.cl/chips-manzana-roja-verde-flip-140g-2007567/p,https://jumbocl.vteximg.com.br/arquivos/ids/583994-250-250/Chips-Flip-Manzana-Roja-y-Verde-140-g.jpg?v=639076276248630000,Papas Fritas,https://www.jumbo.cl/chocolates-galletas-y-snacks/snacks/papas-fritas,https://bff.jumbo.cl/catalog/plp,2,2026-02-26T18:12:09
137956,Papas Fritas Marco Polo Caseras 200 g,Marco Polo,1590,1990,True,https://www.jumbo.cl/papas-fritas-caseras-marco-polo-200g-1998288/p,https://jumbocl.vteximg.com.br/arquivos/ids/567471-250-250/Papas-Fritas-Marco-Polo-Caseras-200-g.jpg?v=639045136685370000,Papas Fritas,https://www.jumbo.cl/chocolates-galletas-y-snacks/snacks/papas-fritas,https://bff.jumbo.cl/catalog/plp,2,2026-02-26T18:12:09
111779,Papas Fritas Inferno Rústicas 175 g,Inferno,2530,2530,False,https://www.jumbo.cl/papas-fritas-rusticas-inferno-175-gr-1921243/p,https://jumbocl.vteximg.com.br/arquivos/ids/379077-250-250/PAPAS-FRITAS-RUSTICAS-INFERNO-175-GR.jpg?v=638776817829070000,Papas Fritas,https://www.jumbo.cl/chocolates-galletas-y-snacks/snacks/papas-fritas,https://bff.jumbo.cl/catalog/plp,2,2026-02-26T18:12:09
148793,Mix Vegetales Rústicos Marco Polo 150 g,Marco Polo,2790,2790,False,https://www.jumbo.cl/snack-vegetales-2038126/p,https://jumbocl.vteximg.com.br/arquivos/ids/573709-250-250/Mix-Vegetales-Rusticos-Marco-Polo-150-g.jpg?v=639063506219130000,Papas Fritas,https://www.jumbo.cl/chocolates-galletas-y-snacks/snacks/papas-fritas,https://bff.jumbo.cl/catalog/plp,2,2026-02-26T18:12:09
136442,Chips Tika Nativas Crema Ciboulette 150 g,Tika,2300,2300,False,https://www.jumbo.cl/tika-nativas-crema-ciboulette-150g-1993757/p,https://jumbocl.vteximg.com.br/arquivos/ids/326346-250-250/TIKA-NATIVAS-CREMA-CIBOULETTE-150G.jpg?v=638776429131330000,Papas Fritas,https://www.jumbo.cl/chocolates-galletas-y-snacks/snacks/papas-fritas,https://bff.jumbo.cl/catalog/plp,2,2026-02-26T18:12:09
122398,Snack Tika Nativas Andinas 100 g,Tika,2090,2090,False,https://www.jumbo.cl/tika-nativas-andinas-100-gr-1954028/p,https://jumbocl.vteximg.com.br/arquivos/ids/445345-250-250/Snack-Tika-Nativas-Andinas-100-g.jpg?v=638838834008000000,Papas Fritas,https://www.jumbo.cl/chocolates-galletas-y-snacks/snacks/papas-fritas,https://bff.jumbo.cl/catalog/plp,2,2026-02-26T18:12:09
141602,Chips Flip Mix Camote y Betarraga 140 g,Flip,2890,3290,True,https://www.jumbo.cl/chips-mix-camote-betarraga-flip-140g-2007566/p,https://jumbocl.vteximg.com.br/arquivos/ids/583985-250-250/Chips-Flip-Mix-Camote-y-Betarraga-140-g.jpg?v=639076276221130000,Papas Fritas,https://www.jumbo.cl/chocolates-galletas-y-snacks/snacks/papas-fritas,https://bff.jumbo.cl/catalog/plp,2,2026-02-26T18:12:09
128300,Papas Fritas Lay's Artesanas Merkén 150 g,Lay's,1890,2390,True,https://www.jumbo.cl/lays-merken-150-g/p,https://jumbocl.vteximg.com.br/arquivos/ids/456982-250-250/Papas-Fritas-Lay-s-Artesanas-Merken-150-g.jpg?v=638857190267570000,Papas Fritas,https://www.jumbo.cl/chocolates-galletas-y-snacks/snacks/papas-fritas,https://bff.jumbo.cl/catalog/plp,2,2026-02-26T18:12:09
136446,Chips Tika Roots Sal de Mar 135 g,Tika,2690,2690,False,https://www.jumbo.cl/tika-roots-sal-de-mar-135g-1992842/p,https://jumbocl.vteximg.com.br/arquivos/ids/326509-250-250/TIKA-ROOTS-SAL-DE-MAR-135G.jpg?v=638776429261530000,Papas Fritas,https://www.jumbo.cl/chocolates-galletas-y-snacks/snacks/papas-fritas,https://bff.jumbo.cl/catalog/plp,2,2026-02-26T18:12:09
119935,Papas Fritas Kryzpo Wavy Cheddar 110 g,Kryzpo,1650,2350,True,https://www.jumbo.cl/kryzpo-wavy-cheddar-110g-1940692/p,https://jumbocl.vteximg.com.br/arquivos/ids/385279-250-250/Papas-Fritas-Kryzpo-Wavy-Cheddar-110g.jpg?v=638776843596870000,Papas Fritas,https://www.jumbo.cl/chocolates-galletas-y-snacks/snacks/papas-fritas,https://bff.jumbo.cl/catalog/plp,2,2026-02-26T18:12:09
39073,Pack 5 un. Papas Tika Colación 35 g,Tika,3120,3120,False,https://www.jumbo.cl/pack-colacion-tika-5-unid-35-g-c-u/p,https://jumbocl.vteximg.com.br/arquivos/ids/497169-250-250/Pack-5-un-Papas-Tika-Colacion-35-g.jpg?v=638912213380470000,Papas Fritas,https://www.jumbo.cl/chocolates-galletas-y-snacks/snacks/papas-fritas,https://bff.jumbo.cl/catalog/plp,2,2026-02-26T18:12:09
142418,Papas Fritas Inferno Spicy Pepperoni 180 g,Inferno,1690,2590,True,https://www.jumbo.cl/papas-fritas-ta-spicy-pep-inferno-180gr-2009908/p,https://jumbocl.vteximg.com.br/arquivos/ids/336942-250-250/Papas-Fritas-Inferno-Spicy-Pepperoni-180-g.jpg?v=638776438126570000,Papas Fritas,https://www.jumbo.cl/chocolates-galletas-y-snacks/snacks/papas-fritas,https://bff.jumbo.cl/catalog/plp,2,2026-02-26T18:12:09
148924,Papas Fritas Marco Polo Mostaza Kraft 180 g,Marco Polo,2230,2230,False,https://www.jumbo.cl/papa-frita-mostaza-2036597/p,https://jumbocl.vteximg.com.br/arquivos/ids/567509-250-250/Papas-Fritas-Marco-Polo-Mostaza-Kraft-180-g.jpg?v=639045136972600000,Papas Fritas,https://www.jumbo.cl/chocolates-galletas-y-snacks/snacks/papas-fritas,https://bff.jumbo.cl/catalog/plp,2,2026-02-26T18:12:09
73860,Papas Chips Tika Nativas Hilo 180 g,Tika,3450,3450,False,https://www.jumbo.cl/papas-chips-nativas-hilo-tika-180-g/p,https://jumbocl.vteximg.com.br/arquivos/ids/310244-250-250/Papas-chips-nativas-hilo-Tika-180-g.jpg?v=638776391188230000,Papas Fritas,https://www.jumbo.cl/chocolates-galletas-y-snacks/snacks/papas-fritas,https://bff.jumbo.cl/catalog/plp,2,2026-02-26T18:12:09
106085,Papas Fritas Pat Pot 150 g,PatPot Chips,2890,2890,False,https://www.jumbo.cl/papas-fritas-patpot-150-gr-1884737/p,https://jumbocl.vteximg.com.br/arquivos/ids/375567-250-250/Papas-Fritas-Pat-Pot-150-g.jpg?v=638776804219430000,Papas Fritas,https://www.jumbo.cl/chocolates-galletas-y-snacks/snacks/papas-fritas,https://bff.jumbo.cl/catalog/plp,2,2026-02-26T18:12:09
159980,Papas Fritas Rústicas Marco Polo Merkén 380 g,Marco Polo,5450,5450,False,https://www.jumbo.cl/papas-fritas-rusti-2054232/p,https://jumbocl.vteximg.com.br/arquivos/ids/573729-250-250/Papas-Fritas-Rusticas-Marco-Polo-Merken-380-g.jpg?v=639063506347130000,Papas Fritas,https://www.jumbo.cl/chocolates-galletas-y-snacks/snacks/papas-fritas,https://bff.jumbo.cl/catalog/plp,2,2026-02-26T18:12:09
97536,Snack Tika Papas Ramitas Cebolla Grillada 170 g,Tika,2690,2690,False,https://www.jumbo.cl/tika-papas-ramitas-ceb-grillada-170-gr-1857530/p,https://jumbocl.vteximg.com.br/arquivos/ids/370016-250-250/Snack-papas-ramitas-cebolla-grillada-170-g.jpg?v=638776780090670000,Papas Fritas,https://www.jumbo.cl/chocolates-galletas-y-snacks/snacks/papas-fritas,https://bff.jumbo.cl/catalog/plp,2,2026-02-26T18:12:09
75718,Papas Fritas Cuisine & Co Corte Americano 230 g,Cuisine & Co,1490,1890,True,https://www.jumbo.cl/papas-fritas-corte-americano-230-g-cuisine-and-co-1782532/p,https://jumbocl.vteximg.com.br/arquivos/ids/363439-250-250/Papas-Fritas-Corte-Americano-230-g.jpg?v=638776748334070000,Papas Fritas,https://www.jumbo.cl/chocolates-galletas-y-snacks/snacks/papas-fritas,https://bff.jumbo.cl/catalog/plp,2,2026-02-26T18:12:09
82191,Chips Tika Patagonia 100 g,Tika,2490,2490,False,https://www.jumbo.cl/vegetales-chips-patagonia-100-g/p,https://jumbocl.vteximg.com.br/arquivos/ids/445296-250-250/Vegetales-Tika-Chips-Patagonia-100-g.jpg?v=638838833840030000,Papas Fritas,https://www.jumbo.cl/chocolates-galletas-y-snacks/snacks/papas-fritas,https://bff.jumbo.cl/catalog/plp,2,2026-02-26T18:12:09
144046,Papas Fritas Cuisine & Co Big Size Original 75 g,Cuisine & Co,1890,1890,False,https://www.jumbo.cl/papas-long-chips-c-and-co-original-75g-2008374/p,https://jumbocl.vteximg.com.br/arquivos/ids/489480-250-250/Papas-Fritas-Cuisine---Co-Long-Chips-Original-75-g.jpg?v=638901008886100000,Papas Fritas,https://www.jumbo.cl/chocolates-galletas-y-snacks/snacks/papas-fritas,https://bff.jumbo.cl/catalog/plp,2,2026-02-26T18:12:09
148380,Snack Tika Royal Trufa Negra 150 g,Tika,3030,3030,False,https://www.jumbo.cl/tika-royal-tru150g-2032086/p,https://jumbocl.vteximg.com.br/arquivos/ids/444700-250-250/Snack-Tika-Royal-Trufa-Negra-150-g.jpg?v=638836335151500000,Papas Fritas,https://www.jumbo.cl/chocolates-galletas-y-snacks/snacks/papas-fritas,https://bff.jumbo.cl/catalog/plp,2,2026-02-26T18:12:09
113690,Papas Fritas Lay's Stax 68 g,Lay's,990,990,False,https://www.jumbo.cl/lays-ta-72g-1929077/p,https://jumbocl.vteximg.com.br/arquivos/ids/523867-250-250/Snack-Lays-Ta-68-g.jpg?v=638959916912570000,Papas Fritas,https://www.jumbo.cl/chocolates-galletas-y-snacks/snacks/papas-fritas,https://bff.jumbo.cl/catalog/plp,3,2026-02-26T18:12:13
147612,Papas Fritas Marco Polo 180 g,Marco Polo,2180,2180,False,https://www.jumbo.cl/papas-fritas-180g-2028709/p,https://jumbocl.vteximg.com.br/arquivos/ids/573699-250-250/Papas-Fritas-Marco-Polo-180-g.jpg?v=639063506167400000,Papas Fritas,https://www.jumbo.cl/chocolates-galletas-y-snacks/snacks/papas-fritas,https://bff.jumbo.cl/catalog/plp,3,2026-02-26T18:12:13
140566,Papas Fritas Jalapeño Inka Chips 150 g,Inka Chips,2390,2390,False,https://www.jumbo.cl/papas-fritas-jalapeo-inka-chips-150g-1998301/p,https://jumbocl.vteximg.com.br/arquivos/ids/547427-250-250/Papas-Fritas-Jalape%C3%B1o-Inka-Chips-150-g.jpg?v=639002097838270000,Papas Fritas,https://www.jumbo.cl/chocolates-galletas-y-snacks/snacks/papas-fritas,https://bff.jumbo.cl/catalog/plp,3,2026-02-26T18:12:13
87747,Pack Papas Fritas Lay's Stax 268 g,Lay's,4690,4690,False,https://www.jumbo.cl/papas-fritas-lays-pack-stax-268g/p,https://jumbocl.vteximg.com.br/arquivos/ids/457280-250-250/Pack-Papas-Fritas-Lay-s-Stax-268-g.jpg?v=638857208730970000,Papas Fritas,https://www.jumbo.cl/chocolates-galletas-y-snacks/snacks/papas-fritas,https://bff.jumbo.cl/catalog/plp,3,2026-02-26T18:12:13
148382,Snack Tika Royal Parmesano Vegano 150 g,Tika,3030,3030,False,https://www.jumbo.cl/tika-royal-par150g-2032087/p,https://jumbocl.vteximg.com.br/arquivos/ids/444703-250-250/Snack-Tika-Royal-Parmesano-Vegano-150-g.jpg?v=638836335160570000,Papas Fritas,https://www.jumbo.cl/chocolates-galletas-y-snacks/snacks/papas-fritas,https://bff.jumbo.cl/catalog/plp,3,2026-02-26T18:12:13
141600,"Chips Flip Camote, Zanahoria y Manzana 140 g",Flip,2890,3290,True,https://www.jumbo.cl/chips-camote-zanahoria-manz-flip-140g-2007564/p,https://jumbocl.vteximg.com.br/arquivos/ids/583967-250-250/Chips-Flip-Camote-Zanahoria-y-Manzana-140-g.jpg?v=639076276150170000,Papas Fritas,https://www.jumbo.cl/chocolates-galletas-y-snacks/snacks/papas-fritas,https://bff.jumbo.cl/catalog/plp,3,2026-02-26T18:12:13
139096,Papas Fritas Jalapeño Kryzpo 130 g,Kryzpo,1650,2430,True,https://www.jumbo.cl/papas-fritas-jalapeno-kryzpo-130g-2004808/p,https://jumbocl.vteximg.com.br/arquivos/ids/332034-250-250/Papas-Fritas-Jalape%C3%B1o-Kryzpo-130-g.jpg?v=638776433729100000,Papas Fritas,https://www.jumbo.cl/chocolates-galletas-y-snacks/snacks/papas-fritas,https://bff.jumbo.cl/catalog/plp,3,2026-02-26T18:12:13
115266,Papas Fritas Pringles Queso 109 g,Pringles,2330,2330,False,https://www.jumbo.cl/papas-pringles-queso-124g-1931670/p,https://jumbocl.vteximg.com.br/arquivos/ids/316298-250-250/Papas-Fritas-Pringles-Queso-109-g.jpg?v=638776407852070000,Papas Fritas,https://www.jumbo.cl/chocolates-galletas-y-snacks/snacks/papas-fritas,https://bff.jumbo.cl/catalog/plp,3,2026-02-26T18:12:13
136432,Chips Tika Nativas Merkén Ahumado 150 g,Tika,2300,2300,False,https://www.jumbo.cl/tika-nativas-merken-ahumado-150g-1993758/p,https://jumbocl.vteximg.com.br/arquivos/ids/326679-250-250/TIKA-NATIVAS-MERKEN-AHUMADO-150G.jpg?v=638776429405630000,Papas Fritas,https://www.jumbo.cl/chocolates-galletas-y-snacks/snacks/papas-fritas,https://bff.jumbo.cl/catalog/plp,3,2026-02-26T18:12:13
140567,Papas Fritas BBQ Cebolla Inka Chips 150 g,Inka Chips,2390,2390,False,https://www.jumbo.cl/papas-fritas-bbq-cebolla-inka-chips-150g-1998302/p,https://jumbocl.vteximg.com.br/arquivos/ids/547431-250-250/Papas-Fritas-BBQ-Cebolla-Inka-Chips-150-g.jpg?v=639002097845970000,Papas Fritas,https://www.jumbo.cl/chocolates-galletas-y-snacks/snacks/papas-fritas,https://bff.jumbo.cl/catalog/plp,3,2026-02-26T18:12:13
17178,Papas Fritas Kryzpo Cebolla 37 g,Kryzpo,1120,1120,False,https://www.jumbo.cl/papas-fritas-sabor-crema-cebolla-kryzpo-40-g/p,https://jumbocl.vteximg.com.br/arquivos/ids/351838-250-250/Papas-Fritas-Kryzpo-Cebolla-37-G.jpg?v=638776687195500000,Papas Fritas,https://www.jumbo.cl/chocolates-galletas-y-snacks/snacks/papas-fritas,https://bff.jumbo.cl/catalog/plp,3,2026-02-26T18:12:13
63979,Papas Fritas Pringles BBQ 158 g,Pringles,2830,2830,False,https://www.jumbo.cl/papas-fritas-pringles-bbq-158-g/p,https://jumbocl.vteximg.com.br/arquivos/ids/429644-250-250/Papas-Fritas-Pringles-BBQ-158-g.jpg?v=638814649532270000,Papas Fritas,https://www.jumbo.cl/chocolates-galletas-y-snacks/snacks/papas-fritas,https://bff.jumbo.cl/catalog/plp,3,2026-02-26T18:12:13
140653,Papas Fritas Pringles Asado 109 g,Pringles,2330,2330,False,https://www.jumbo.cl/papas-pringles-asado-109g-2010038/p,https://jumbocl.vteximg.com.br/arquivos/ids/334810-250-250/Papas-Fritas-Pringles-Asado-109-g.jpg?v=638776435926330000,Papas Fritas,https://www.jumbo.cl/chocolates-galletas-y-snacks/snacks/papas-fritas,https://bff.jumbo.cl/catalog/plp,3,2026-02-26T18:12:13
126739,Papas Fritas The Fresh Market Sal de Mar 284 g,The Fresh Market,4890,4890,False,https://www.jumbo.cl/papas-fritas-con-sal-de-mar-tfm-284g-1961204/p,https://jumbocl.vteximg.com.br/arquivos/ids/319205-250-250/Papas-Fritas-con-Sal-de-Mar-TFM-284-g.jpg?v=638776416963000000,Papas Fritas,https://www.jumbo.cl/chocolates-galletas-y-snacks/snacks/papas-fritas,https://bff.jumbo.cl/catalog/plp,3,2026-02-26T18:12:13
153591,Snack Tika Roots Crema & Cebolla Perejil 135 g,Tika,2690,2690,False,https://www.jumbo.cl/tika-roots-crema-and-cebolla-perejil-135-gr-2032088/p,https://jumbocl.vteximg.com.br/arquivos/ids/495520-250-250/Snack-Tika-Roots-Crema---Cebolla-Perejil-135-g.jpg?v=638911621470070000,Papas Fritas,https://www.jumbo.cl/chocolates-galletas-y-snacks/snacks/papas-fritas,https://bff.jumbo.cl/catalog/plp,3,2026-02-26T18:12:13
126737,Papas Fritas The Fresh Market Sal y Vinagre 255 g,The Fresh Market,4890,4890,False,https://www.jumbo.cl/papas-fritas-sal-y-vinagre-tfm-255g-1961202/p,https://jumbocl.vteximg.com.br/arquivos/ids/319192-250-250/Papas-Fritas-TFM-Sal-y-Vinagre-255-g.jpg?v=638776416934300000,Papas Fritas,https://www.jumbo.cl/chocolates-galletas-y-snacks/snacks/papas-fritas,https://bff.jumbo.cl/catalog/plp,3,2026-02-26T18:12:13
126736,Papas Fritas The Fresh Market Crema y Cebolla 255 g,The Fresh Market,4890,4890,False,https://www.jumbo.cl/papas-fritas-crema-y-cebolla-tfm-255g-1961201/p,https://jumbocl.vteximg.com.br/arquivos/ids/319184-250-250/Papas-Fritas-Crema-y-Cebolla-TFM-255-g.jpg?v=638776416906630000,Papas Fritas,https://www.jumbo.cl/chocolates-galletas-y-snacks/snacks/papas-fritas,https://bff.jumbo.cl/catalog/plp,3,2026-02-26T18:12:13
126735,Papas Fritas The Fresh Market BBQ 255 g,The Fresh Market,4890,4890,False,https://www.jumbo.cl/papas-fritas-sabor-bbq-tfm-255g-1961200/p,https://jumbocl.vteximg.com.br/arquivos/ids/319176-250-250/Papas-Fritas-Sabor-Bbq-TFM-255-g.jpg?v=638776416881300000,Papas Fritas,https://www.jumbo.cl/chocolates-galletas-y-snacks/snacks/papas-fritas,https://bff.jumbo.cl/catalog/plp,3,2026-02-26T18:12:13
139930,Papas Fritas con Trufa Colle del Tartufo 45 g,Colle del Tartufo,2590,2590,False,https://www.jumbo.cl/papas-fritas-c-trufa-colle-d-tartuf-45g-2002824/p,https://jumbocl.vteximg.com.br/arquivos/ids/333432-250-250/PAPAS-CTRUFA-45G.jpg?v=638776434890370000,Papas Fritas,https://www.jumbo.cl/chocolates-galletas-y-snacks/snacks/papas-fritas,https://bff.jumbo.cl/catalog/plp,3,2026-02-26T18:12:13
126738,Papas Fritas The Fresh Market Agridulce 255 g,The Fresh Market,4890,4890,False,https://www.jumbo.cl/papas-fritas-agridulce-tfm-255g-1961203/p,https://jumbocl.vteximg.com.br/arquivos/ids/422319-250-250/Papas-Fritas-Agridulce-TFM-255-g.jpg?v=638809575602300000,Papas Fritas,https://www.jumbo.cl/chocolates-galletas-y-snacks/snacks/papas-fritas,https://bff.jumbo.cl/catalog/plp,3,2026-02-26T18:12:13
161250,Papas Fritas Finas Frutos del Maipo 700 g,Frutos Del Maipo,4090,4090,False,https://www.jumbo.cl/papas-fritas-700gr-2055270/p,https://jumbocl.vteximg.com.br/arquivos/ids/546066-250-250/PAPAS-FRITAS-700GR.jpg?v=638999678496600000,Papas Fritas,https://www.jumbo.cl/chocolates-galletas-y-snacks/snacks/papas-fritas,https://bff.jumbo.cl/catalog/plp,3,2026-02-26T18:12:13
97537,Snack Tika Papas Ramitas Quesito Vegano 170 g,Tika,2630,2630,False,https://www.jumbo.cl/tika-papas-ramitas-vegan-cheese-170-gr-1857531/p,https://jumbocl.vteximg.com.br/arquivos/ids/370015-250-250/Snack-papas-ramitas-quesito-vegano-170-g.jpg?v=638776780081800000,Papas Fritas,https://www.jumbo.cl/chocolates-galletas-y-snacks/snacks/papas-fritas,https://bff.jumbo.cl/catalog/plp,3,2026-02-26T18:12:13
82091,Papas Fritas Cuisine & Co Artesanal Merkén 185 g,Cuisine & Co,1990,2530,True,https://www.jumbo.cl/papas-artesanales-merken-185-g-cuisine-and-co-1802310/p,https://jumbocl.vteximg.com.br/arquivos/ids/364862-250-250/Papas-Artesanales-Merken-185-g.jpg?v=638776756200230000,Papas Fritas,https://www.jumbo.cl/chocolates-galletas-y-snacks/snacks/papas-fritas,https://bff.jumbo.cl/catalog/plp,3,2026-02-26T18:12:13
144048,Papas Fritas Cuisine & Co Big Size Sour Cream 75 g,Cuisine & Co,1890,1890,False,https://www.jumbo.cl/papas-long-chips-c-and-co-sour-cream-75g-2010204/p,https://jumbocl.vteximg.com.br/arquivos/ids/489482-250-250/Papas-Fritas-Cuisine---Co-Long-Chips-Sour-Cream-75-g.jpg?v=638901008902130000,Papas Fritas,https://www.jumbo.cl/chocolates-galletas-y-snacks/snacks/papas-fritas,https://bff.jumbo.cl/catalog/plp,3,2026-02-26T18:12:13
82092,Vegetales Artesanales Cuisine & Co 180 g,Cuisine & Co,3090,3090,False,https://www.jumbo.cl/vegetales-artesanales-180-g-cuisine-and-co-1802311/p,https://jumbocl.vteximg.com.br/arquivos/ids/364864-250-250/Vegetales-artesanales-180-g.jpg?v=638776756200700000,Papas Fritas,https://www.jumbo.cl/chocolates-galletas-y-snacks/snacks/papas-fritas,https://bff.jumbo.cl/catalog/plp,3,2026-02-26T18:12:13
144044,Papas Fritas Cuisine & Co Big Size BBQ 75 g,Cuisine & Co,1890,1890,False,https://www.jumbo.cl/papas-long-chips-c-and-co-bbq-75g-2010206/p,https://jumbocl.vteximg.com.br/arquivos/ids/492016-250-250/Papas-Fritas-Cuisine---Co-Long-Chips-BBQ-75-g.jpg?v=638906289717170000,Papas Fritas,https://www.jumbo.cl/chocolates-galletas-y-snacks/snacks/papas-fritas,https://bff.jumbo.cl/catalog/plp,3,2026-02-26T18:12:13
80005,Papas Fritas Lay's Artesanas 270 g,Lay's,3690,3690,False,https://www.jumbo.cl/papas-fritas-lay-s-artesanas-sal-270-gr/p,https://jumbocl.vteximg.com.br/arquivos/ids/456364-250-250/Papas-Fritas-Lay-s-Artesanas-270-g.jpg?v=638857188006370000,Papas Fritas,https://www.jumbo.cl/chocolates-galletas-y-snacks/snacks/papas-fritas,https://bff.jumbo.cl/catalog/plp,3,2026-02-26T18:12:13
148379,Snack Tika Chiloé 150 g,Tika,3490,3490,False,https://www.jumbo.cl/tika-chiloe-150g-2032085/p,https://jumbocl.vteximg.com.br/arquivos/ids/444696-250-250/Snack-Tika-Chiloe-150-g.jpg?v=638836335141130000,Papas Fritas,https://www.jumbo.cl/chocolates-galletas-y-snacks/snacks/papas-fritas,https://bff.jumbo.cl/catalog/plp,3,2026-02-26T18:12:13
122257,Papas Fritas Cuisine & Co Corte Americano XL 520 g,Cuisine & Co,4130,4130,False,https://www.jumbo.cl/papas-fritas-c-amer-cuisine-and-co-xl-520-gr-1951038/p,https://jumbocl.vteximg.com.br/arquivos/ids/388115-250-250/Papas-fritas-corte-americano-XL-520-g.jpg?v=638776854539630000,Papas Fritas,https://www.jumbo.cl/chocolates-galletas-y-snacks/snacks/papas-fritas,https://bff.jumbo.cl/catalog/plp,3,2026-02-26T18:12:13
139064,Papas Fritas Marco Polo Limón 180 g,Marco Polo,2180,2180,False,https://www.jumbo.cl/papas-fritas-c-a-limon-marco-polo-180-gr-2000502/p,https://jumbocl.vteximg.com.br/arquivos/ids/567473-250-250/Papas-Fritas-Marco-Polo-Limon-180-g.jpg?v=639045136698930000,Papas Fritas,https://www.jumbo.cl/chocolates-galletas-y-snacks/snacks/papas-fritas,https://bff.jumbo.cl/catalog/plp,3,2026-02-26T18:12:13
137911,Papas Fritas Marco Polo Corte Americano 200 g,Marco Polo,1590,1990,True,https://www.jumbo.cl/papas-fritas-corte-americ-marcopolo-200g-1997393/p,https://jumbocl.vteximg.com.br/arquivos/ids/573618-250-250/Papas-Fritas-Marco-Polo-Corte-Americano-200-g.jpg?v=639063505695170000,Papas Fritas,https://www.jumbo.cl/chocolates-galletas-y-snacks/snacks/papas-fritas,https://bff.jumbo.cl/catalog/plp,3,2026-02-26T18:12:13
159986,Papas Fritas Rústicas Marco Polo Trufa 185 g,Marco Polo,3590,3590,False,https://www.jumbo.cl/papas-fritas-rusti-2054240/p,https://jumbocl.vteximg.com.br/arquivos/ids/573732-250-250/Papas-Fritas-Rusticas-Marco-Polo-Trufa-185-g.jpg?v=639063506371400000,Papas Fritas,https://www.jumbo.cl/chocolates-galletas-y-snacks/snacks/papas-fritas,https://bff.jumbo.cl/catalog/plp,3,2026-02-26T18:12:13
77283,Papas Fritas Marco Polo Rústicas Sal Rosada y Pimienta 185 g,Marco Polo,2890,2890,False,https://www.jumbo.cl/papas-rusticas-sal-rosada-y-pimienta-180-g/p,https://jumbocl.vteximg.com.br/arquivos/ids/573583-250-250/Papas-Fritas-Marco-Polo-Rusticas-con-Sal-Rosada-y-Pimienta-185-g.jpg?v=639063505414070000,Papas Fritas,https://www.jumbo.cl/chocolates-galletas-y-snacks/snacks/papas-fritas,https://bff.jumbo.cl/catalog/plp,3,2026-02-26T18:12:13
75456,Papas Fritas Cuisine & Co Corte Americano 400 g,Cuisine & Co,3050,3050,False,https://www.jumbo.cl/papas-fritas-corte-americano-400-g-cuisine-and-co-1782533/p,https://jumbocl.vteximg.com.br/arquivos/ids/363267-250-250/Papas-Fritas-Corte-Americano-400-g.jpg?v=638776747125830000,Papas Fritas,https://www.jumbo.cl/chocolates-galletas-y-snacks/snacks/papas-fritas,https://bff.jumbo.cl/catalog/plp,3,2026-02-26T18:12:13
139066,Papas Fritas Inferno Spicy Cheddar 180 g,Inferno,1690,2590,True,https://www.jumbo.cl/papas-fritas-inferno-spicy-cheddar-180gr-2000503/p,https://jumbocl.vteximg.com.br/arquivos/ids/331583-250-250/Papas-Fritas-Inferno-Spicy-Cheddar-180-g.jpg?v=638776433266900000,Papas Fritas,https://www.jumbo.cl/chocolates-galletas-y-snacks/snacks/papas-fritas,https://bff.jumbo.cl/catalog/plp,3,2026-02-26T18:12:13
148381,Snack Tika Royal Setas 150 g,Tika,3030,3030,False,https://www.jumbo.cl/tika-royal-setas-2032089/p,https://jumbocl.vteximg.com.br/arquivos/ids/444708-250-250/Snack-Tika-Royal-Setas-150-g.jpg?v=638836335190600000,Papas Fritas,https://www.jumbo.cl/chocolates-galletas-y-snacks/snacks/papas-fritas,https://bff.jumbo.cl/catalog/plp,3,2026-02-26T18:12:13
147613,Papas Fritas Lay's Artesanas Sal de Mar 95 g,Lay's,1150,1150,False,https://www.jumbo.cl/papas-lays-95gr-2029204/p,https://jumbocl.vteximg.com.br/arquivos/ids/457120-250-250/Papas-Fritas-Lay-s-Artesanas-Sal-de-Mar-95-g.jpg?v=638857191211570000,Papas Fritas,https://www.jumbo.cl/chocolates-galletas-y-snacks/snacks/papas-fritas,https://bff.jumbo.cl/catalog/plp,3,2026-02-26T18:12:13
2991,Camote Frito Inka Chips 130 g,Inka Chips,1990,1990,False,https://www.jumbo.cl/camote-frito-inka-chips-bolsa-130-g-2/p,https://jumbocl.vteximg.com.br/arquivos/ids/547425-250-250/Camote-Frito-Inka-Chips-130-g.jpg?v=639002097831830000,Snacks Vegetales,https://www.jumbo.cl/chocolates-galletas-y-snacks/snacks/snacks-vegetales,https://bff.jumbo.cl/catalog/plp,1,2026-02-26T18:12:24
2997,Plátano Frito Inka Chips Maduro 100 g,Inka Chips,1390,1390,False,https://www.jumbo.cl/platano-frito-inka-chips-dulces-bolsa-100-grs-2/p,https://jumbocl.vteximg.com.br/arquivos/ids/299746-250-250/Platano-Frito-Inka-Chips-Maduro-100-g.jpg?v=638776371010130000,Snacks Vegetales,https://www.jumbo.cl/chocolates-galletas-y-snacks/snacks/snacks-vegetales,https://bff.jumbo.cl/catalog/plp,1,2026-02-26T18:12:24
127810,Sopaipitikas Sal de Mar 140 g,Tika,2050,2050,False,https://www.jumbo.cl/sopaipitikas-tika-sal-de-mar-140-g-1969950/p,https://jumbocl.vteximg.com.br/arquivos/ids/393941-250-250/Sopaitilas-Tika-Sal-de-Mar-140-g.jpg?v=638776876798170000,Snacks Vegetales,https://www.jumbo.cl/chocolates-galletas-y-snacks/snacks/snacks-vegetales,https://bff.jumbo.cl/catalog/plp,1,2026-02-26T18:12:24
90832,Plátano Frito Cuisine & Co 240 g,Cuisine & Co,2490,2490,False,https://www.jumbo.cl/platano-frito-240-g-cuisine-and-co-1801199/p,https://jumbocl.vteximg.com.br/arquivos/ids/367500-250-250/Platano-frito-240-g.jpg?v=638776768227070000,Snacks Vegetales,https://www.jumbo.cl/chocolates-galletas-y-snacks/snacks/snacks-vegetales,https://bff.jumbo.cl/catalog/plp,1,2026-02-26T18:12:24
3002,Habas Fritas Inka Crops 150 g,Inka Crops,2290,2290,False,https://www.jumbo.cl/habas-fritas-inka-crops-150-g-2/p,https://jumbocl.vteximg.com.br/arquivos/ids/299799-250-250/Habas-fritas-150-g.jpg?v=638776371117530000,Snacks Vegetales,https://www.jumbo.cl/chocolates-galletas-y-snacks/snacks/snacks-vegetales,https://bff.jumbo.cl/catalog/plp,1,2026-02-26T18:12:24
2993,Mix Tropical Inka Chips 125 g,Inka Chips,1990,1990,False,https://www.jumbo.cl/mix-inka-chips-bolsa-125-g-contiene-camote-yuca-y-chifle-salsado-y-dulce-frito-en-hojuelas-2/p,https://jumbocl.vteximg.com.br/arquivos/ids/547423-250-250/Mix-Tropical-Inka-Chips-125-g.jpg?v=639002097821930000,Snacks Vegetales,https://www.jumbo.cl/chocolates-galletas-y-snacks/snacks/snacks-vegetales,https://bff.jumbo.cl/catalog/plp,1,2026-02-26T18:12:24
127804,Sopaipitikas Pebre Chileno 140 g,Tika,1990,1990,False,https://www.jumbo.cl/sopaipitikas-tika-pebre-chileno-140-g-1966935/p,https://jumbocl.vteximg.com.br/arquivos/ids/393926-250-250/Sopaitilas-Tika-Pebre-Chileno-140-g.jpg?v=638776876728400000,Snacks Vegetales,https://www.jumbo.cl/chocolates-galletas-y-snacks/snacks/snacks-vegetales,https://bff.jumbo.cl/catalog/plp,1,2026-02-26T18:12:24
2996,Plátano Frito Inka Chips Salado 100 g,Inka Chips,1390,1390,False,https://www.jumbo.cl/platano-frito-inka-chips-bolsa-100-g-salado-2/p,https://jumbocl.vteximg.com.br/arquivos/ids/299737-250-250/Platano-Frito-Inka-Chips-Salado-100-g.jpg?v=638776370984830000,Snacks Vegetales,https://www.jumbo.cl/chocolates-galletas-y-snacks/snacks/snacks-vegetales,https://bff.jumbo.cl/catalog/plp,1,2026-02-26T18:12:24
2998,Yuca Frita Inka Chips 130 g,Inka Chips,1990,1990,False,https://www.jumbo.cl/yuca-frita-inka-chips-bolsa-130-g-2/p,https://jumbocl.vteximg.com.br/arquivos/ids/547421-250-250/Yuca-Frita-Inka-Chips-130-g.jpg?v=639002097815770000,Snacks Vegetales,https://www.jumbo.cl/chocolates-galletas-y-snacks/snacks/snacks-vegetales,https://bff.jumbo.cl/catalog/plp,1,2026-02-26T18:12:24
2995,Plátano Frito Inka Chips Picante 100 g,Inka Chips,1390,1390,False,https://www.jumbo.cl/platano-frito-inka-chips-bolsa-100-g-picante-2/p,https://jumbocl.vteximg.com.br/arquivos/ids/299723-250-250/Platano-Frito-Inka-Chips-Picante-100-g.jpg?v=638776370959670000,Snacks Vegetales,https://www.jumbo.cl/chocolates-galletas-y-snacks/snacks/snacks-vegetales,https://bff.jumbo.cl/catalog/plp,1,2026-02-26T18:12:24
57499,Tortillas Tika Quínoa Sésamo Tostado 180 g,Tika,2530,2530,False,https://www.jumbo.cl/tortika-quinoa-sesamo-tostado-tika-180g/p,https://jumbocl.vteximg.com.br/arquivos/ids/309045-250-250/Tortillas-Tika-Quinoa-Sesamo-Tostado-180-g.jpg?v=638776388054130000,Snacks Vegetales,https://www.jumbo.cl/chocolates-galletas-y-snacks/snacks/snacks-vegetales,https://bff.jumbo.cl/catalog/plp,1,2026-02-26T18:12:24
95352,Snack Base de Papa Mizos Popped Sal de Mar 105 g,Mizos,3050,3050,False,https://www.jumbo.cl/mizos-popped-papa-sal-de-mat-105g/p,https://jumbocl.vteximg.com.br/arquivos/ids/312697-250-250/Snack-a-Base-de-Papa-Mizos-Popped-Sal-de-Mar-105-g.jpg?v=638776397331300000,Snacks Vegetales,https://www.jumbo.cl/chocolates-galletas-y-snacks/snacks/snacks-vegetales,https://bff.jumbo.cl/catalog/plp,1,2026-02-26T18:12:24
3003,Mix Andino Inka Crops 150 g,Inka Crops,2190,2190,False,https://www.jumbo.cl/mix-andino-inka-crops-envase-150-g-2/p,https://jumbocl.vteximg.com.br/arquivos/ids/299804-250-250/Mix-Andino-Inka-Crops-150-g.jpg?v=638776371143130000,Snacks Vegetales,https://www.jumbo.cl/chocolates-galletas-y-snacks/snacks/snacks-vegetales,https://bff.jumbo.cl/catalog/plp,1,2026-02-26T18:12:24
3001,Cancha Serrana Inka Crops 180 g,Inka Crops,2590,2590,False,https://www.jumbo.cl/cancha-serrana-inka-crops-180-g-2/p,https://jumbocl.vteximg.com.br/arquivos/ids/299787-250-250/Cancha-Serrana-Inka-Crops-180-g.jpg?v=638776371091770000,Snacks Vegetales,https://www.jumbo.cl/chocolates-galletas-y-snacks/snacks/snacks-vegetales,https://bff.jumbo.cl/catalog/plp,1,2026-02-26T18:12:24
127523,Tika Mini Rice Pop Sour Cream 110 g,Tika,1990,1990,False,https://www.jumbo.cl/tika-mini-rice-pop-sour-cream-110-grs-1964127/p,https://jumbocl.vteximg.com.br/arquivos/ids/393612-250-250/Tika-Mini-Rice-Pop-Sour-Cream-110-g.jpg?v=638776875337400000,Snacks Vegetales,https://www.jumbo.cl/chocolates-galletas-y-snacks/snacks/snacks-vegetales,https://bff.jumbo.cl/catalog/plp,1,2026-02-26T18:12:24
148790,Snack Plátanos Rústicos Marco Polo 150 g,Marco Polo,2390,2390,False,https://www.jumbo.cl/snack-platanos-2038123/p,https://jumbocl.vteximg.com.br/arquivos/ids/567517-250-250/Snack-Platanos-Rusticos-Marco-Polo-150-g.jpg?v=639045137020770000,Snacks Vegetales,https://www.jumbo.cl/chocolates-galletas-y-snacks/snacks/snacks-vegetales,https://bff.jumbo.cl/catalog/plp,1,2026-02-26T18:12:24
131154,Snack Edamame Sal de Mar 113 g,Mercado Lowcarb,5990,5990,False,https://www.jumbo.cl/snack-edamame-sal-de-m-mer-lowcarb-113g-1977125/p,https://jumbocl.vteximg.com.br/arquivos/ids/398284-250-250/Snack-Edame-Sal-de-Mar-Mercado-Low-Carb-113-g.jpg?v=638776893398670000,Snacks Vegetales,https://www.jumbo.cl/chocolates-galletas-y-snacks/snacks/snacks-vegetales,https://bff.jumbo.cl/catalog/plp,1,2026-02-26T18:12:24
135122,Snacks Aros de Cebolla Ecovida Sin Gluten 100 g,Ecovida,2550,2550,False,https://www.jumbo.cl/snack-aros-cebolla-s-glut-ecovida-100g-1993669/p,https://jumbocl.vteximg.com.br/arquivos/ids/324987-250-250/Snack-Aros-Cebolla-Sin-Gluten-Ecovida-100-g.jpg?v=638776428020830000,Snacks Vegetales,https://www.jumbo.cl/chocolates-galletas-y-snacks/snacks/snacks-vegetales,https://bff.jumbo.cl/catalog/plp,1,2026-02-26T18:12:24
135071,Snack Ecovida Tomate Albahaca Sin Gluten 100 g,Ecovida,2550,2550,False,https://www.jumbo.cl/snack-tomate-albahac-s-glut-ecovida-100g-1993670/p,https://jumbocl.vteximg.com.br/arquivos/ids/324195-250-250/Snack-Ecovida-Tomate-Albahaca-Sin-Gluten-100-g.jpg?v=638776427400200000,Snacks Vegetales,https://www.jumbo.cl/chocolates-galletas-y-snacks/snacks/snacks-vegetales,https://bff.jumbo.cl/catalog/plp,1,2026-02-26T18:12:24
77219,Chips Plátano Chifleton 100 g,Chifleton,2590,2590,False,https://www.jumbo.cl/chips-platano-100-g/p,https://jumbocl.vteximg.com.br/arquivos/ids/310725-250-250/Chips-Platano-Chifleton-100-g.jpg?v=638776392126230000,Snacks Vegetales,https://www.jumbo.cl/chocolates-galletas-y-snacks/snacks/snacks-vegetales,https://bff.jumbo.cl/catalog/plp,1,2026-02-26T18:12:24
131151,Snack Edamame Sal de Mar 5 un.,Mercado Lowcarb,5990,5990,False,https://www.jumbo.cl/snack-edamame-sale-de-m-mer-lowcarb-5uni-1977126/p,https://jumbocl.vteximg.com.br/arquivos/ids/398275-250-250/Snack-Edamame-Sal-de-Mar-5-un.jpg?v=638776893348630000,Snacks Vegetales,https://www.jumbo.cl/chocolates-galletas-y-snacks/snacks/snacks-vegetales,https://bff.jumbo.cl/catalog/plp,1,2026-02-26T18:12:24
131169,Snack Edamame Sriracha 113 g,Mercado Lowcarb,5990,5990,False,https://www.jumbo.cl/snack-edamame-sriracha-mer-lowcarb-113g-1975739/p,https://jumbocl.vteximg.com.br/arquivos/ids/398305-250-250/Snack-Edame-Sriracha-Mercado-Low-Carb-113-g.jpg?v=638776893481470000,Snacks Vegetales,https://www.jumbo.cl/chocolates-galletas-y-snacks/snacks/snacks-vegetales,https://bff.jumbo.cl/catalog/plp,1,2026-02-26T18:12:24
131165,Snack Edamame Salsa Buffalo 113 g,Mercado Lowcarb,5990,5990,False,https://www.jumbo.cl/snack-edamame-salsa-buf-mer-lowcarb-113g-1977127/p,https://jumbocl.vteximg.com.br/arquivos/ids/398306-250-250/Snack-Edame-Salsa-Buffalo-Mercado-Low-Carb-113-g.jpg?v=638776893484200000,Snacks Vegetales,https://www.jumbo.cl/chocolates-galletas-y-snacks/snacks/snacks-vegetales,https://bff.jumbo.cl/catalog/plp,1,2026-02-26T18:12:24
2992,Maíz Gigante Inka Corn Salado 100 g,Inka Corn,1490,1490,False,https://www.jumbo.cl/maiz-gigante-inka-chips-bolsa-100-g-original-2/p,https://jumbocl.vteximg.com.br/arquivos/ids/299694-250-250/Maiz-gigante-salado-100-g.jpg?v=638776370908970000,Snacks Vegetales,https://www.jumbo.cl/chocolates-galletas-y-snacks/snacks/snacks-vegetales,https://bff.jumbo.cl/catalog/plp,1,2026-02-26T18:12:24
87523,Chips Plátano Chifleton Sour Cream 100 g,Chifleton,2590,2590,False,https://www.jumbo.cl/chips-platano-sour-cream-100-g/p,https://jumbocl.vteximg.com.br/arquivos/ids/311807-250-250/Chips-Platano-Chifleton-Sour-Cream-100-g.jpg?v=638776394689130000,Snacks Vegetales,https://www.jumbo.cl/chocolates-galletas-y-snacks/snacks/snacks-vegetales,https://bff.jumbo.cl/catalog/plp,1,2026-02-26T18:12:24
77221,Chips Plátano Chifleton Dulce 100 g,Chifleton,2590,2590,False,https://www.jumbo.cl/chips-platano-dulce-100-g/p,https://jumbocl.vteximg.com.br/arquivos/ids/310754-250-250/Chips-Platano-Chifleton-Dulce-100-g.jpg?v=638776392181300000,Snacks Vegetales,https://www.jumbo.cl/chocolates-galletas-y-snacks/snacks/snacks-vegetales,https://bff.jumbo.cl/catalog/plp,1,2026-02-26T18:12:24
77220,Chips Plátano Chifleton Sweet Chili 100 g,Chifleton,2590,2590,False,https://www.jumbo.cl/chips-platano-sweet-chili-100-g/p,https://jumbocl.vteximg.com.br/arquivos/ids/310738-250-250/Chips-Platano-Chifleton-Sweet-Chili-100-g.jpg?v=638776392152630000,Snacks Vegetales,https://www.jumbo.cl/chocolates-galletas-y-snacks/snacks/snacks-vegetales,https://bff.jumbo.cl/catalog/plp,1,2026-02-26T18:12:24
159984,Palitos Vegetales Marco Polo 200 g,Marco Polo,2490,3490,True,https://www.jumbo.cl/palitos-de-vegetal-2054238/p,https://jumbocl.vteximg.com.br/arquivos/ids/567536-250-250/Palitos-Vegetales-Marco-Polo-200-g.jpg?v=639045137149230000,Snacks Vegetales,https://www.jumbo.cl/chocolates-galletas-y-snacks/snacks/snacks-vegetales,https://bff.jumbo.cl/catalog/plp,1,2026-02-26T18:12:24
127524,Tika Mini Rice Pop Frutilla Limón 110 g,Tika,1990,1990,False,https://www.jumbo.cl/tika-mini-rice-pop-frut-limon-110-grs-1964128/p,https://jumbocl.vteximg.com.br/arquivos/ids/393600-250-250/Tika-Mini-Rice-Pop-Frutilla-Limon-110-g.jpg?v=638776875285470000,Snacks Vegetales,https://www.jumbo.cl/chocolates-galletas-y-snacks/snacks/snacks-vegetales,https://bff.jumbo.cl/catalog/plp,1,2026-02-26T18:12:24
106199,Terra Veggie Sticks Doypack 130 g,Marco Polo,2390,2390,False,https://www.jumbo.cl/terra-veggie-sticks-doypack-130-gr-1899221/p,https://jumbocl.vteximg.com.br/arquivos/ids/375666-250-250/Terra-veggie-sticks-doypack-130-g.jpg?v=638776804692900000,Snacks Vegetales,https://www.jumbo.cl/chocolates-galletas-y-snacks/snacks/snacks-vegetales,https://bff.jumbo.cl/catalog/plp,1,2026-02-26T18:12:24
95350,Snack Base de Papa Mizos Popped Lenteja Tomate Albahaca 98 g,Mizos,3050,3050,False,https://www.jumbo.cl/mizos-popped-lenteja-tomate-albahaca-98g/p,https://jumbocl.vteximg.com.br/arquivos/ids/312684-250-250/Snack-a-Base-de-Papa-Mizos-Popped-Lenteja-Tomate-Albahaca-98-g.jpg?v=638776397266070000,Snacks Vegetales,https://www.jumbo.cl/chocolates-galletas-y-snacks/snacks/snacks-vegetales,https://bff.jumbo.cl/catalog/plp,1,2026-02-26T18:12:24
138128,Snack Garbanzos Nutripop Sin Gluten Frambuesa 20 g,Nutripop,990,990,False,https://www.jumbo.cl/nutripop-snack-garbanzo-s-glu-framb-20g-2000202/p,https://jumbocl.vteximg.com.br/arquivos/ids/584096-250-250/Nutripop-Snack-Garbanzo-sin-Gluten-Frambuesa-20-g.jpg?v=639077340429000000,Snacks Vegetales,https://www.jumbo.cl/chocolates-galletas-y-snacks/snacks/snacks-vegetales,https://bff.jumbo.cl/catalog/plp,1,2026-02-26T18:12:24
3000,Maíz Gigante Inka Corn Picante 100 g,Inka Corn,1490,1490,False,https://www.jumbo.cl/maiz-gigante-picante-inka-corn-bolsa-100-g-2/p,https://jumbocl.vteximg.com.br/arquivos/ids/299773-250-250/Maiz-Gigante-Inka-Corn-Picante-100-g.jpg?v=638776371062400000,Snacks Vegetales,https://www.jumbo.cl/chocolates-galletas-y-snacks/snacks/snacks-vegetales,https://bff.jumbo.cl/catalog/plp,1,2026-02-26T18:12:24
87522,Chips Plátano Chifleton Limón 100 g,Chifleton,2590,2590,False,https://www.jumbo.cl/chips-platano-limon-100-g/p,https://jumbocl.vteximg.com.br/arquivos/ids/311795-250-250/Chips-Platano-Chifleton-Limon-100-g.jpg?v=638776394661130000,Snacks Vegetales,https://www.jumbo.cl/chocolates-galletas-y-snacks/snacks/snacks-vegetales,https://bff.jumbo.cl/catalog/plp,1,2026-02-26T18:12:24
148791,Papas Fritas Rústicas Marco Polo Mix Nativas 150 g,Marco Polo,2790,2790,False,https://www.jumbo.cl/snack-nativo-2038124/p,https://jumbocl.vteximg.com.br/arquivos/ids/573707-250-250/Papas-Fritas-Rusticas-Marco-Polo-Mix-Nativas-150-g.jpg?v=639063506204600000,Snacks Vegetales,https://www.jumbo.cl/chocolates-galletas-y-snacks/snacks/snacks-vegetales,https://bff.jumbo.cl/catalog/plp,1,2026-02-26T18:12:24
135112,Snack Ecovida Queso Parmesano Sin Gluten 100 g,Ecovida,2550,2550,False,https://www.jumbo.cl/snack-queso-parmesan-s-glut-ecovida-100g-1993671/p,https://jumbocl.vteximg.com.br/arquivos/ids/324397-250-250/Snack-Ecovida-Queso-Parmesano-Sin-Gluten-100-g.jpg?v=638776427573600000,Snacks Vegetales,https://www.jumbo.cl/chocolates-galletas-y-snacks/snacks/snacks-vegetales,https://bff.jumbo.cl/catalog/plp,1,2026-02-26T18:12:24
75691,Mix Nuts Marco Polo 350 g,Marco Polo,4170,4170,False,https://www.jumbo.cl/mix-nuts-marco-polo-350-g/p,https://jumbocl.vteximg.com.br/arquivos/ids/573581-250-250/Mix-Nuts-Marco-Polo-350-g.jpg?v=639063505403570000,Maní y Frutos Secos,https://www.jumbo.cl/chocolates-galletas-y-snacks/snacks/mani-y-frutos-secos,https://bff.jumbo.cl/catalog/plp,1,2026-02-26T18:12:34
75448,Castañas de Cajú Saladas 80 g,Cuisine & Co,2290,2290,False,https://www.jumbo.cl/castanas-de-caju-saladas-80-g-cuisine-and-co-1776034/p,https://jumbocl.vteximg.com.br/arquivos/ids/363268-250-250/Casta%C3%B1as-de-caju-saladas-80-g.jpg?v=638776747126000000,Maní y Frutos Secos,https://www.jumbo.cl/chocolates-galletas-y-snacks/snacks/mani-y-frutos-secos,https://bff.jumbo.cl/catalog/plp,1,2026-02-26T18:12:34
75453,Pistachos Cuisine & Co 80 g,Cuisine & Co,2160,2160,False,https://www.jumbo.cl/pistachos-80-g-cuisine-and-co-1787035/p,https://jumbocl.vteximg.com.br/arquivos/ids/363266-250-250/Pistachos-80-g.jpg?v=638776747125200000,Maní y Frutos Secos,https://www.jumbo.cl/chocolates-galletas-y-snacks/snacks/mani-y-frutos-secos,https://bff.jumbo.cl/catalog/plp,1,2026-02-26T18:12:34
102681,Evercrisp Maní Salado 380 g,Evercrisp,2830,2830,False,https://www.jumbo.cl/mani-salado-evercrisp-403-gr-1880269/p,https://jumbocl.vteximg.com.br/arquivos/ids/456562-250-250/Evercrisp-Mani-Salado-380-g.jpg?v=638857188692200000,Maní y Frutos Secos,https://www.jumbo.cl/chocolates-galletas-y-snacks/snacks/mani-y-frutos-secos,https://bff.jumbo.cl/catalog/plp,1,2026-02-26T18:12:34
34015,Mix Frutos Secos Millantú 120 g,Millantú,1470,1470,False,https://www.jumbo.cl/mix-frutos-secos-millantu-120-g/p,https://jumbocl.vteximg.com.br/arquivos/ids/356727-250-250/Mix-frutos-secos-Millantu-120-g.jpg?v=638776714131300000,Maní y Frutos Secos,https://www.jumbo.cl/chocolates-galletas-y-snacks/snacks/mani-y-frutos-secos,https://bff.jumbo.cl/catalog/plp,1,2026-02-26T18:12:34
2559,Maní con Miel Marco Polo Bolsa 150 g,Marco Polo,1450,1450,False,https://www.jumbo.cl/mani-con-miel-marco-polo-bolsa-150-g/p,https://jumbocl.vteximg.com.br/arquivos/ids/573764-250-250/Mani-con-Miel-Marco-Polo-Bolsa-150-g.jpg?v=639063506531400000,Maní y Frutos Secos,https://www.jumbo.cl/chocolates-galletas-y-snacks/snacks/mani-y-frutos-secos,https://bff.jumbo.cl/catalog/plp,1,2026-02-26T18:12:34
75454,Almendras Saladas 80 g,Cuisine & Co,1990,1990,False,https://www.jumbo.cl/almendras-saladas-80-g-cuisine-and-co-1787036/p,https://jumbocl.vteximg.com.br/arquivos/ids/363265-250-250/Almendras-saladas-80-g.jpg?v=638776747123300000,Maní y Frutos Secos,https://www.jumbo.cl/chocolates-galletas-y-snacks/snacks/mani-y-frutos-secos,https://bff.jumbo.cl/catalog/plp,1,2026-02-26T18:12:34
68470,Frutos Secos Vivo Nuts y Semillas 80 g,Vivo,1590,1590,False,https://www.jumbo.cl/frutos-secos-vivo-nuts-y-semillas-80-g/p,https://jumbocl.vteximg.com.br/arquivos/ids/361789-250-250/Frutos-secos-Nuts-y-Semillas-80-g.jpg?v=638776739317470000,Maní y Frutos Secos,https://www.jumbo.cl/chocolates-galletas-y-snacks/snacks/mani-y-frutos-secos,https://bff.jumbo.cl/catalog/plp,1,2026-02-26T18:12:34
2568,Maní Tipo Japonés Marco Polo Bolsa 100 g,Marco Polo,990,990,False,https://www.jumbo.cl/mani-tipo-japones-marco-polo-bolsa-100-grs/p,https://jumbocl.vteximg.com.br/arquivos/ids/573560-250-250/Mani-Tipo-Japones-Marco-Polo-Bolsa-100-g.jpg?v=639063505201100000,Maní y Frutos Secos,https://www.jumbo.cl/chocolates-galletas-y-snacks/snacks/mani-y-frutos-secos,https://bff.jumbo.cl/catalog/plp,1,2026-02-26T18:12:34
72200,Maní con Miel Marco Polo 350 g,Marco Polo,2890,2890,False,https://www.jumbo.cl/mani-con-miel-marco-polo-350-g/p,https://jumbocl.vteximg.com.br/arquivos/ids/567429-250-250/Mani-con-Miel-Marco-Polo-350-g.jpg?v=639045136350930000,Maní y Frutos Secos,https://www.jumbo.cl/chocolates-galletas-y-snacks/snacks/mani-y-frutos-secos,https://bff.jumbo.cl/catalog/plp,1,2026-02-26T18:12:34
75461,Maní Japonés Cuisine & Co 200 g,Cuisine & Co,1790,1790,False,https://www.jumbo.cl/mani-japones-200-g-cuisine-and-co-1784326/p,https://jumbocl.vteximg.com.br/arquivos/ids/363271-250-250/Mani-japones-200-g.jpg?v=638776747141900000,Maní y Frutos Secos,https://www.jumbo.cl/chocolates-galletas-y-snacks/snacks/mani-y-frutos-secos,https://bff.jumbo.cl/catalog/plp,1,2026-02-26T18:12:34
90709,Maní Japonés de La Rosa 400 g,De La Rosa,4750,4750,False,https://www.jumbo.cl/mani-japones-de-la-rosa-400-g/p,https://jumbocl.vteximg.com.br/arquivos/ids/367456-250-250/Man-japon-s-de-la-rosa-400-g-1-165477147.jpg?v=638776768062300000,Maní y Frutos Secos,https://www.jumbo.cl/chocolates-galletas-y-snacks/snacks/mani-y-frutos-secos,https://bff.jumbo.cl/catalog/plp,1,2026-02-26T18:12:34
68475,Frutos Secos Vivo Nuts y Frutas 80 g,Vivo,1590,1590,False,https://www.jumbo.cl/frutos-secos-vivo-nuts-y-frutas-80-g/p,https://jumbocl.vteximg.com.br/arquivos/ids/361798-250-250/Frutos-secos-Nuts-y-Frutas-80-g.jpg?v=638776739388870000,Maní y Frutos Secos,https://www.jumbo.cl/chocolates-galletas-y-snacks/snacks/mani-y-frutos-secos,https://bff.jumbo.cl/catalog/plp,1,2026-02-26T18:12:34
2572,Mix de Maní Marco Polo 350 g,Marco Polo,4170,4170,False,https://www.jumbo.cl/nutmix-marco-polo-350-g/p,https://jumbocl.vteximg.com.br/arquivos/ids/573568-250-250/Mix-de-Mani-Marco-Polo-350-g.jpg?v=639063505282030000,Maní y Frutos Secos,https://www.jumbo.cl/chocolates-galletas-y-snacks/snacks/mani-y-frutos-secos,https://bff.jumbo.cl/catalog/plp,1,2026-02-26T18:12:34
102666,Evercrisp Maní Sin Sal 380 g,Evercrisp,2890,2890,False,https://www.jumbo.cl/mani-sin-sal-evercrisp-403-gr-1880270/p,https://jumbocl.vteximg.com.br/arquivos/ids/456577-250-250/Evercrisp-Mani-Sin-Sal-380-g.jpg?v=638857188735400000,Maní y Frutos Secos,https://www.jumbo.cl/chocolates-galletas-y-snacks/snacks/mani-y-frutos-secos,https://bff.jumbo.cl/catalog/plp,1,2026-02-26T18:12:34
2537,Maní Japonés de La Rosa 200 g,De La Rosa,2520,2520,False,https://www.jumbo.cl/mani-japones-de-la-rosa-bolsa-200-g/p,https://jumbocl.vteximg.com.br/arquivos/ids/299619-250-250/Mani-japones-de-la-rosa-bolsa-200-g.jpg?v=638775766743300000,Maní y Frutos Secos,https://www.jumbo.cl/chocolates-galletas-y-snacks/snacks/mani-y-frutos-secos,https://bff.jumbo.cl/catalog/plp,1,2026-02-26T18:12:34
87101,Maní Tipo Japonés Maniax 200 g,Evercrisp,1990,1990,False,https://www.jumbo.cl/mani-japones-original-maniax-200-gr/p,https://jumbocl.vteximg.com.br/arquivos/ids/457288-250-250/Mani-Tipo-Japones-Maniax-200-g.jpg?v=638857208771730000,Maní y Frutos Secos,https://www.jumbo.cl/chocolates-galletas-y-snacks/snacks/mani-y-frutos-secos,https://bff.jumbo.cl/catalog/plp,1,2026-02-26T18:12:34
2562,Maní Confitado Marco Polo Bolsa 80 g,Marco Polo,920,920,False,https://www.jumbo.cl/mani-confitado-marco-polo-bolsa-80-g/p,https://jumbocl.vteximg.com.br/arquivos/ids/573562-250-250/Mani-Confitado-Marco-Polo-Bolsa-80-g.jpg?v=639063505221130000,Maní y Frutos Secos,https://www.jumbo.cl/chocolates-galletas-y-snacks/snacks/mani-y-frutos-secos,https://bff.jumbo.cl/catalog/plp,1,2026-02-26T18:12:34
2588,Surtido Salado Millantú 120 g,Millantú,1890,1890,False,https://www.jumbo.cl/surtido-salado-millantu-bolsa-120-g/p,https://jumbocl.vteximg.com.br/arquivos/ids/346385-250-250/272681.jpg?v=638776458312470000,Maní y Frutos Secos,https://www.jumbo.cl/chocolates-galletas-y-snacks/snacks/mani-y-frutos-secos,https://bff.jumbo.cl/catalog/plp,1,2026-02-26T18:12:34
68483,Frutos Secos Vivo Nuts y Coco 80 g,Vivo,1590,1590,False,https://www.jumbo.cl/frutos-secos-vivo-nuts-y-coco-80-g/p,https://jumbocl.vteximg.com.br/arquivos/ids/361797-250-250/Frutos-secos-Vivo-nuts-y-coco-80-g.jpg?v=638776739385070000,Maní y Frutos Secos,https://www.jumbo.cl/chocolates-galletas-y-snacks/snacks/mani-y-frutos-secos,https://bff.jumbo.cl/catalog/plp,1,2026-02-26T18:12:34
88311,Mix Frutos Secos Alto La Cruz 700 g,Alto La Cruz,10590,10590,False,https://www.jumbo.cl/mix-frutos-secos-bol-700g/p,https://jumbocl.vteximg.com.br/arquivos/ids/366719-250-250/Mix-frutos-secos-bol-700g-1-190761493.jpg?v=638776764512700000,Maní y Frutos Secos,https://www.jumbo.cl/chocolates-galletas-y-snacks/snacks/mani-y-frutos-secos,https://bff.jumbo.cl/catalog/plp,1,2026-02-26T18:12:34
75690,Maní con Pasas Marco Polo 350 g,Marco Polo,2890,2890,False,https://www.jumbo.cl/mani-con-pasas-marco-polo-350-g/p,https://jumbocl.vteximg.com.br/arquivos/ids/573579-250-250/Mani-con-Pasas-Marco-Polo-350-g.jpg?v=639063505378770000,Maní y Frutos Secos,https://www.jumbo.cl/chocolates-galletas-y-snacks/snacks/mani-y-frutos-secos,https://bff.jumbo.cl/catalog/plp,1,2026-02-26T18:12:34
2578,Castaña de Cajú Millantú Sin Sal 120 g,Millantú,3650,3650,False,https://www.jumbo.cl/castana-de-caju-sin-sal-millantu-bolsa-120-grs/p,https://jumbocl.vteximg.com.br/arquivos/ids/346379-250-250/270491.jpg?v=638776458216800000,Maní y Frutos Secos,https://www.jumbo.cl/chocolates-galletas-y-snacks/snacks/mani-y-frutos-secos,https://bff.jumbo.cl/catalog/plp,1,2026-02-26T18:12:34
2576,Almendras Millantú Saladas 80 g,Millantú,2390,2390,False,https://www.jumbo.cl/almendras-saladas-millantu-bolsa-80-g/p,https://jumbocl.vteximg.com.br/arquivos/ids/299650-250-250/Principal-6017.jpg?v=638775767309870000,Maní y Frutos Secos,https://www.jumbo.cl/chocolates-galletas-y-snacks/snacks/mani-y-frutos-secos,https://bff.jumbo.cl/catalog/plp,1,2026-02-26T18:12:34
2577,Castaña de Cajú Millantú Saladas 200 g,Millantú,6790,6790,False,https://www.jumbo.cl/castana-de-caju-saladas-millantu-bolsa-200-grs/p,https://jumbocl.vteximg.com.br/arquivos/ids/346378-250-250/270490.jpg?v=638776458201800000,Maní y Frutos Secos,https://www.jumbo.cl/chocolates-galletas-y-snacks/snacks/mani-y-frutos-secos,https://bff.jumbo.cl/catalog/plp,1,2026-02-26T18:12:34
139052,Maní Salado Marco Polo 380 g,Marco Polo,2830,2830,False,https://www.jumbo.cl/mani-salado-marco-polo-380gr-2000507/p,https://jumbocl.vteximg.com.br/arquivos/ids/567480-250-250/Mani-Salado-Marco-Polo-380-g.jpg?v=639045136752900000,Maní y Frutos Secos,https://www.jumbo.cl/chocolates-galletas-y-snacks/snacks/mani-y-frutos-secos,https://bff.jumbo.cl/catalog/plp,1,2026-02-26T18:12:34
139050,Maní Sin Sal Marco Polo 380 g,Marco Polo,2830,2830,False,https://www.jumbo.cl/mani-sin-sal-marco-polo-380gr-2000505/p,https://jumbocl.vteximg.com.br/arquivos/ids/567476-250-250/Mani-Sin-Sal-Marco-Polo-380-g.jpg?v=639045136723930000,Maní y Frutos Secos,https://www.jumbo.cl/chocolates-galletas-y-snacks/snacks/mani-y-frutos-secos,https://bff.jumbo.cl/catalog/plp,1,2026-02-26T18:12:34
160801,Frutos Secos y Frutas Marco Polo Deli Mix 150 g,Marco Polo,2390,2390,False,https://www.jumbo.cl/frutos-secos-y-fru-2055765/p,https://jumbocl.vteximg.com.br/arquivos/ids/584033-250-250/Frutos-Secos-y-Frutas-Marco-Polo-Deli-Mix-150-g.jpg?v=639076276432670000,Maní y Frutos Secos,https://www.jumbo.cl/chocolates-galletas-y-snacks/snacks/mani-y-frutos-secos,https://bff.jumbo.cl/catalog/plp,1,2026-02-26T18:12:34
160804,Pistachos Salados Marco Polo 150 g,Marco Polo,5190,5190,False,https://www.jumbo.cl/pistachos-salados-2055768/p,https://jumbocl.vteximg.com.br/arquivos/ids/576853-250-250/Pistachos-Salados-Marco-Polo-150-g.jpg?v=639069339517000000,Maní y Frutos Secos,https://www.jumbo.cl/chocolates-galletas-y-snacks/snacks/mani-y-frutos-secos,https://bff.jumbo.cl/catalog/plp,1,2026-02-26T18:12:34
73512,Maní Salado Cuisine & Co 180 g,Cuisine & Co,1330,1330,False,https://www.jumbo.cl/mani-salado-180-g-cuisine-and-co-1787037/p,https://jumbocl.vteximg.com.br/arquivos/ids/362677-250-250/Mani-salado-180-g.jpg?v=638776744363900000,Maní y Frutos Secos,https://www.jumbo.cl/chocolates-galletas-y-snacks/snacks/mani-y-frutos-secos,https://bff.jumbo.cl/catalog/plp,1,2026-02-26T18:12:34
2587,Surtido Cóctel Millantú 200 g,Millantú,3950,3950,False,https://www.jumbo.cl/surtido-cocktail-millantu-bolsa-200-g/p,https://jumbocl.vteximg.com.br/arquivos/ids/346384-250-250/Surtido-Cocktail-Millantu-Bolsa-200-g.jpg?v=638776458294930000,Maní y Frutos Secos,https://www.jumbo.cl/chocolates-galletas-y-snacks/snacks/mani-y-frutos-secos,https://bff.jumbo.cl/catalog/plp,1,2026-02-26T18:12:34
159976,Mix Frutos Secos Marco Polo 150 g,Marco Polo,1890,2390,True,https://www.jumbo.cl/mix-frutos-secos-1-2054233/p,https://jumbocl.vteximg.com.br/arquivos/ids/567526-250-250/Mix-Frutos-Secos-Marco-Polo-150-g.jpg?v=639045137079630000,Maní y Frutos Secos,https://www.jumbo.cl/chocolates-galletas-y-snacks/snacks/mani-y-frutos-secos,https://bff.jumbo.cl/catalog/plp,1,2026-02-26T18:12:34
32815,Surtido Sin Sal Millantú 200 g,Millantú,3850,3850,False,https://www.jumbo.cl/surtido-sin-sal-millantu-200-g/p,https://jumbocl.vteximg.com.br/arquivos/ids/356665-250-250/Surtido-sin-sal-Millantu-200-g.jpg?v=638776713836000000,Maní y Frutos Secos,https://www.jumbo.cl/chocolates-galletas-y-snacks/snacks/mani-y-frutos-secos,https://bff.jumbo.cl/catalog/plp,1,2026-02-26T18:12:34
74496,Coco Slice Frutisa 80 g,Frutisa,1830,1830,False,https://www.jumbo.cl/coco-slice-frutisa-80-g/p,https://jumbocl.vteximg.com.br/arquivos/ids/409336-250-250/Coco-Slice-Frutisa-80-g.jpg?v=638787727163270000,Maní y Frutos Secos,https://www.jumbo.cl/chocolates-galletas-y-snacks/snacks/mani-y-frutos-secos,https://bff.jumbo.cl/catalog/plp,1,2026-02-26T18:12:34
67764,Maní Evercrisp Salado 140 g,Evercrisp,1350,1350,False,https://www.jumbo.cl/mani-evercrisp-con-sal-160-grs/p,https://jumbocl.vteximg.com.br/arquivos/ids/462735-250-250/Mani-Evercrisp-Salado-140-g.jpg?v=638869009865830000,Maní y Frutos Secos,https://www.jumbo.cl/chocolates-galletas-y-snacks/snacks/mani-y-frutos-secos,https://bff.jumbo.cl/catalog/plp,1,2026-02-26T18:12:34
2561,Maní con Pasas Marco Polo Bolsa 180 g,Marco Polo,1470,1470,False,https://www.jumbo.cl/mani-con-pasas-marco-polo-bolsa-180-g/p,https://jumbocl.vteximg.com.br/arquivos/ids/573760-250-250/Mani-con-Pasas-Marco-Polo-Bolsa-180-g.jpg?v=639063506516400000,Maní y Frutos Secos,https://www.jumbo.cl/chocolates-galletas-y-snacks/snacks/mani-y-frutos-secos,https://bff.jumbo.cl/catalog/plp,1,2026-02-26T18:12:34
88268,Almendra Natural Alto La Cruz 700 g,Alto La Cruz,11990,11990,False,https://www.jumbo.cl/almendra-natural-700-g/p,https://jumbocl.vteximg.com.br/arquivos/ids/366693-250-250/Almendra-natural-700-g-1-150161165.jpg?v=638776764286800000,Maní y Frutos Secos,https://www.jumbo.cl/chocolates-galletas-y-snacks/snacks/mani-y-frutos-secos,https://bff.jumbo.cl/catalog/plp,1,2026-02-26T18:12:34
139090,Maní Salado Marco Polo 150 g,Marco Polo,1090,1290,True,https://www.jumbo.cl/mani-salado-marco-polo-150gr-2000508/p,https://jumbocl.vteximg.com.br/arquivos/ids/567482-250-250/Mani-Salado-Marco-Polo-150-g.jpg?v=639045136767470000,Maní y Frutos Secos,https://www.jumbo.cl/chocolates-galletas-y-snacks/snacks/mani-y-frutos-secos,https://bff.jumbo.cl/catalog/plp,1,2026-02-26T18:12:34
83200,Manzana Deshidratada 20 g,Cuisine & Co,710,710,False,https://www.jumbo.cl/manzana-deshidratada-20-g-cuisine-and-co-1800807/p,https://jumbocl.vteximg.com.br/arquivos/ids/365284-250-250/Manzana-deshidratada-20-g.jpg?v=638776758122070000,Maní y Frutos Secos,https://www.jumbo.cl/chocolates-galletas-y-snacks/snacks/mani-y-frutos-secos,https://bff.jumbo.cl/catalog/plp,1,2026-02-26T18:12:34
127642,Trail Mix Frutisa 70 g,Frutisa,1150,1550,True,https://www.jumbo.cl/mix-trail-frutisa-70-gr-1960250/p,https://jumbocl.vteximg.com.br/arquivos/ids/393764-250-250/Mix-Trail-Frutisa-70-g.jpg?v=638776876044370000,Maní y Frutos Secos,https://www.jumbo.cl/chocolates-galletas-y-snacks/snacks/mani-y-frutos-secos,https://bff.jumbo.cl/catalog/plp,1,2026-02-26T18:12:34
139091,Maní Sin Sal Marco Polo 150 g,Marco Polo,1090,1290,True,https://www.jumbo.cl/mani-sin-sal-marco-polo-150gr-2000510/p,https://jumbocl.vteximg.com.br/arquivos/ids/567485-250-250/Mani-Sin-Sal-Marco-Polo-150-g.jpg?v=639045136790100000,Maní y Frutos Secos,https://www.jumbo.cl/chocolates-galletas-y-snacks/snacks/mani-y-frutos-secos,https://bff.jumbo.cl/catalog/plp,2,2026-02-26T18:12:38
88270,Mix Tostado Alto La Cruz 700 g,Alto La Cruz,8490,8490,False,https://www.jumbo.cl/mix-tostado-700-g/p,https://jumbocl.vteximg.com.br/arquivos/ids/366691-250-250/Mix-tostado-700-g-1-150161167.jpg?v=638776764286500000,Maní y Frutos Secos,https://www.jumbo.cl/chocolates-galletas-y-snacks/snacks/mani-y-frutos-secos,https://bff.jumbo.cl/catalog/plp,2,2026-02-26T18:12:38
67894,Maní Evercrisp Sin Sal 140 g,Evercrisp,1350,1350,False,https://www.jumbo.cl/mani-evercrisp-sin-sal-160-gr/p,https://jumbocl.vteximg.com.br/arquivos/ids/462738-250-250/Mani-Evercrisp-Sin-Sal-140-g.jpg?v=638869009886400000,Maní y Frutos Secos,https://www.jumbo.cl/chocolates-galletas-y-snacks/snacks/mani-y-frutos-secos,https://bff.jumbo.cl/catalog/plp,2,2026-02-26T18:12:38
2541,Maní Tipo Japonés Evercrisp 100 g,Evercrisp,820,820,False,https://www.jumbo.cl/mani-japones-evercrisp-100-g/p,https://jumbocl.vteximg.com.br/arquivos/ids/456046-250-250/Mani-Tipo-Japones-Evercrisp-100-g.jpg?v=638857186940200000,Maní y Frutos Secos,https://www.jumbo.cl/chocolates-galletas-y-snacks/snacks/mani-y-frutos-secos,https://bff.jumbo.cl/catalog/plp,2,2026-02-26T18:12:38
160800,Mix Frutos Secos Marco Polo Chocolate 150 g,Marco Polo,3390,3390,False,https://www.jumbo.cl/mix-frutos-secos-c-2055764/p,https://jumbocl.vteximg.com.br/arquivos/ids/583998-250-250/Mix-Frutos-Secos-Marco-Polo-Chocolate-150-g.jpg?v=639076276259370000,Maní y Frutos Secos,https://www.jumbo.cl/chocolates-galletas-y-snacks/snacks/mani-y-frutos-secos,https://bff.jumbo.cl/catalog/plp,2,2026-02-26T18:12:38
17207,Maní Crocante Millantú con Jamón Ahumado 100 g,Millantú,849,849,False,https://www.jumbo.cl/mani-crocante-con-jamon-ahumado-millantu-100-g/p,https://jumbocl.vteximg.com.br/arquivos/ids/351846-250-250/785079003.jpg?v=638776687241370000,Maní y Frutos Secos,https://www.jumbo.cl/chocolates-galletas-y-snacks/snacks/mani-y-frutos-secos,https://bff.jumbo.cl/catalog/plp,2,2026-02-26T18:12:38
88269,Almendra Tostada Alto La Cruz 700 g,Alto La Cruz,14890,14890,False,https://www.jumbo.cl/almendra-tostada-700-g/p,https://jumbocl.vteximg.com.br/arquivos/ids/366692-250-250/Almendra-tostada-700-g-1-150161166.jpg?v=638776764286630000,Maní y Frutos Secos,https://www.jumbo.cl/chocolates-galletas-y-snacks/snacks/mani-y-frutos-secos,https://bff.jumbo.cl/catalog/plp,2,2026-02-26T18:12:38
2585,Pistachos Salados Millantú 80 g,Millantú,2690,2690,False,https://www.jumbo.cl/pistachos-salados-millantu-bolsa-80-g/p,https://jumbocl.vteximg.com.br/arquivos/ids/346382-250-250/271939.jpg?v=638776458266270000,Maní y Frutos Secos,https://www.jumbo.cl/chocolates-galletas-y-snacks/snacks/mani-y-frutos-secos,https://bff.jumbo.cl/catalog/plp,2,2026-02-26T18:12:38
2540,Mix de Maní Evercrisp con Pasas y Almendras 150 g,Evercrisp,2030,2030,False,https://www.jumbo.cl/mani-evercrisp-con-pasas-y-almendras-150-g/p,https://jumbocl.vteximg.com.br/arquivos/ids/457201-250-250/Mix-de-Mani-Evercrisp-con-Pasas-y-Almendras-150-g.jpg?v=638857208345330000,Maní y Frutos Secos,https://www.jumbo.cl/chocolates-galletas-y-snacks/snacks/mani-y-frutos-secos,https://bff.jumbo.cl/catalog/plp,2,2026-02-26T18:12:38
127638,Tropical Mix Frutisa 70 g,Frutisa,1150,1550,True,https://www.jumbo.cl/mix-tropical-frutisa-70-gr-1959474/p,https://jumbocl.vteximg.com.br/arquivos/ids/393762-250-250/Mix-Tropical-Frutisa-70-g.jpg?v=638776876024200000,Maní y Frutos Secos,https://www.jumbo.cl/chocolates-galletas-y-snacks/snacks/mani-y-frutos-secos,https://bff.jumbo.cl/catalog/plp,2,2026-02-26T18:12:38
127351,Energy Mix Frutisa 300 g,Frutisa,2990,4090,True,https://www.jumbo.cl/mix-energy-frutisa-300g-1960846/p,https://jumbocl.vteximg.com.br/arquivos/ids/319477-250-250/Energy-Mix-Frutisa-300-g.jpg?v=638776417601900000,Maní y Frutos Secos,https://www.jumbo.cl/chocolates-galletas-y-snacks/snacks/mani-y-frutos-secos,https://bff.jumbo.cl/catalog/plp,2,2026-02-26T18:12:38
122274,Maní Salado XL 430 g,Cuisine & Co,2890,2890,False,https://www.jumbo.cl/mani-salado-cuisine-and-co-xl-430g-1951041/p,https://jumbocl.vteximg.com.br/arquivos/ids/388124-250-250/Mani-salado-XL-430-g.jpg?v=638776854580500000,Maní y Frutos Secos,https://www.jumbo.cl/chocolates-galletas-y-snacks/snacks/mani-y-frutos-secos,https://bff.jumbo.cl/catalog/plp,2,2026-02-26T18:12:38
148846,Semillas Sembrasol Pipona 370 g,Sembrasol,3490,3490,False,https://www.jumbo.cl/semilla-pipona370-2031086/p,https://jumbocl.vteximg.com.br/arquivos/ids/437818-250-250/Semillas-Sembrasol-Pipona-370-g.jpg?v=638831039693570000,Maní y Frutos Secos,https://www.jumbo.cl/chocolates-galletas-y-snacks/snacks/mani-y-frutos-secos,https://bff.jumbo.cl/catalog/plp,2,2026-02-26T18:12:38
2580,Maní Crocante Millantú con Merkén 100 g,Millantú,849,849,False,https://www.jumbo.cl/mani-crocante-con-merken-millantu-bolsa-100-g/p,https://jumbocl.vteximg.com.br/arquivos/ids/346380-250-250/785079004.jpg?v=638776458234600000,Maní y Frutos Secos,https://www.jumbo.cl/chocolates-galletas-y-snacks/snacks/mani-y-frutos-secos,https://bff.jumbo.cl/catalog/plp,2,2026-02-26T18:12:38
2575,Almendras Millantú con Miel 100 g,Millantú,2850,2850,False,https://www.jumbo.cl/almendras-con-miel-millantu-bolsa-100-g/p,https://jumbocl.vteximg.com.br/arquivos/ids/299648-250-250/Principal-6016.jpg?v=638775767264530000,Maní y Frutos Secos,https://www.jumbo.cl/chocolates-galletas-y-snacks/snacks/mani-y-frutos-secos,https://bff.jumbo.cl/catalog/plp,2,2026-02-26T18:12:38
143052,Pack Mix de Pasas y Cranberries Cuisine & Co 90 g,Cuisine & Co,2290,2290,False,https://www.jumbo.cl/pack-mix-pasas-y-cranberries-90gr-c-and-co-2009564/p,https://jumbocl.vteximg.com.br/arquivos/ids/434168-250-250/Pack-de-Mix-de-Pasas-y-Cranberries-Cuisine---Co-90-g.jpg?v=638823546414630000,Maní y Frutos Secos,https://www.jumbo.cl/chocolates-galletas-y-snacks/snacks/mani-y-frutos-secos,https://bff.jumbo.cl/catalog/plp,2,2026-02-26T18:12:38
143053,Pack Mix de Pasas Cuisine & Co 90 g,Cuisine & Co,2290,2290,False,https://www.jumbo.cl/pack-mix-pasas-90gr-cuisine-and-co-2009565/p,https://jumbocl.vteximg.com.br/arquivos/ids/434169-250-250/Pack-de-Mix-de-Pasas-Cuisine---Co-90-g.jpg?v=638823546430370000,Maní y Frutos Secos,https://www.jumbo.cl/chocolates-galletas-y-snacks/snacks/mani-y-frutos-secos,https://bff.jumbo.cl/catalog/plp,2,2026-02-26T18:12:38
75667,Maní Japonés de La Rosa 42 g,De La Rosa,850,850,False,https://www.jumbo.cl/mani-japones-de-la-rosa-42gr/p,https://jumbocl.vteximg.com.br/arquivos/ids/363422-250-250/Man-japon-s-De-la-Rosa-42-g-1-48082460.jpg?v=638776748252000000,Maní y Frutos Secos,https://www.jumbo.cl/chocolates-galletas-y-snacks/snacks/mani-y-frutos-secos,https://bff.jumbo.cl/catalog/plp,2,2026-02-26T18:12:38
129622,Mix Kazai De La Rosa Dulce 180 g,De La Rosa,2990,2990,False,https://www.jumbo.cl/mix-kazai-dulce-180-gr-1972849/p,https://jumbocl.vteximg.com.br/arquivos/ids/396055-250-250/Mix-Kazai-Dulce-180-g.jpg?v=638776885573400000,Maní y Frutos Secos,https://www.jumbo.cl/chocolates-galletas-y-snacks/snacks/mani-y-frutos-secos,https://bff.jumbo.cl/catalog/plp,2,2026-02-26T18:12:38
156433,Semilla de Maravilla Tostada C&Co 400 g,Cuisine & Co,2390,2390,False,https://www.jumbo.cl/semilla-de-maravilla-tostada-c-and-co-400g-2050862/p,https://jumbocl.vteximg.com.br/arquivos/ids/549161-250-250/Semilla-de-Maravilla-Tostada-C-Co-400-g.jpg?v=639009716734500000,Maní y Frutos Secos,https://www.jumbo.cl/chocolates-galletas-y-snacks/snacks/mani-y-frutos-secos,https://bff.jumbo.cl/catalog/plp,2,2026-02-26T18:12:38
17205,Castañas de Cajú Millantú Saladas 80 g,Millantú,2490,2490,False,https://www.jumbo.cl/castanas-de-caju-saladas-millantu-80-g/p,https://jumbocl.vteximg.com.br/arquivos/ids/351847-250-250/Casta%C3%B1as-de-caju-saladas-Millantu-80-g.jpg?v=638776687243230000,Maní y Frutos Secos,https://www.jumbo.cl/chocolates-galletas-y-snacks/snacks/mani-y-frutos-secos,https://bff.jumbo.cl/catalog/plp,2,2026-02-26T18:12:38
160803,Castañas de Cajú Marco Polo Saladas 150 g,Marco Polo,4590,4590,False,https://www.jumbo.cl/castanas-caju-sala-2055767/p,https://jumbocl.vteximg.com.br/arquivos/ids/567540-250-250/Casta%C3%B1as-de-Caju-Marco-Polo-Saladas-150-g.jpg?v=639045137186900000,Maní y Frutos Secos,https://www.jumbo.cl/chocolates-galletas-y-snacks/snacks/mani-y-frutos-secos,https://bff.jumbo.cl/catalog/plp,2,2026-02-26T18:12:38
148842,Almendras Blue Diamond Ahumadas Doypack 453 g,Blue Diamond,9990,14990,True,https://www.jumbo.cl/almendras-ahumadas-2033116/p,https://jumbocl.vteximg.com.br/arquivos/ids/434547-250-250/Almendras-Blue-Diamond-Ahumadas-Doypack-453-g.jpg?v=638823548069730000,Maní y Frutos Secos,https://www.jumbo.cl/chocolates-galletas-y-snacks/snacks/mani-y-frutos-secos,https://bff.jumbo.cl/catalog/plp,2,2026-02-26T18:12:38
148841,Almendras Blue Diamond Ahumadas Lata 170 g,Blue Diamond,6490,6490,False,https://www.jumbo.cl/almendras-ahumadas-2033115/p,https://jumbocl.vteximg.com.br/arquivos/ids/434546-250-250/Almendras-Blue-Diamond-Ahumadas-Lata-170-g.jpg?v=638823548064200000,Maní y Frutos Secos,https://www.jumbo.cl/chocolates-galletas-y-snacks/snacks/mani-y-frutos-secos,https://bff.jumbo.cl/catalog/plp,2,2026-02-26T18:12:38
92556,Party Mix Picoteo Frutisa 300 g,Frutisa,4090,4090,False,https://www.jumbo.cl/party-mix-picoteo-300-g/p,https://jumbocl.vteximg.com.br/arquivos/ids/367846-250-250/Party-mix-picoteo-300-g.jpg?v=638776769778900000,Maní y Frutos Secos,https://www.jumbo.cl/chocolates-galletas-y-snacks/snacks/mani-y-frutos-secos,https://bff.jumbo.cl/catalog/plp,2,2026-02-26T18:12:38
148843,Almendras Blue Diamond Tostadas Doypack 453 g,Blue Diamond,9990,14990,True,https://www.jumbo.cl/almendras-tostadas-2033117/p,https://jumbocl.vteximg.com.br/arquivos/ids/434548-250-250/Almendras-Blue-Diamond-Tostadas-Doypack-453-g.jpg?v=638823548075830000,Maní y Frutos Secos,https://www.jumbo.cl/chocolates-galletas-y-snacks/snacks/mani-y-frutos-secos,https://bff.jumbo.cl/catalog/plp,2,2026-02-26T18:12:38
148844,Almendras Blue Diamond Habanero BBQ Doypack 453 g,Blue Diamond,9990,14990,True,https://www.jumbo.cl/almendras-habanero-2033118/p,https://jumbocl.vteximg.com.br/arquivos/ids/434549-250-250/Almendras-Blue-Diamond-Habanero-BBQ-Doypack-453-g.jpg?v=638823548082230000,Maní y Frutos Secos,https://www.jumbo.cl/chocolates-galletas-y-snacks/snacks/mani-y-frutos-secos,https://bff.jumbo.cl/catalog/plp,2,2026-02-26T18:12:38
88266,Nuez Mariposa Alto La Cruz 700 g,Alto La Cruz,14490,14490,False,https://www.jumbo.cl/nuez-mariposa-700-g/p,https://jumbocl.vteximg.com.br/arquivos/ids/366687-250-250/Nuez-mariposa-700-g-1-150161163.jpg?v=638776764261600000,Maní y Frutos Secos,https://www.jumbo.cl/chocolates-galletas-y-snacks/snacks/mani-y-frutos-secos,https://bff.jumbo.cl/catalog/plp,2,2026-02-26T18:12:38
2586,Pistachos Sin Sal Millantú 100 g,Millantú,3550,3550,False,https://www.jumbo.cl/pistachos-sin-sal-millantu-bolsa-100-g/p,https://jumbocl.vteximg.com.br/arquivos/ids/346383-250-250/1035080.jpg?v=638776458279200000,Maní y Frutos Secos,https://www.jumbo.cl/chocolates-galletas-y-snacks/snacks/mani-y-frutos-secos,https://bff.jumbo.cl/catalog/plp,2,2026-02-26T18:12:38
88267,Nuez Cuarto Alto La Cruz 700 g,Alto La Cruz,12490,12490,False,https://www.jumbo.cl/nuez-cuarto-700-g/p,https://jumbocl.vteximg.com.br/arquivos/ids/366689-250-250/Nuez-cuarto-700-g-1-150161164.jpg?v=638776764281170000,Maní y Frutos Secos,https://www.jumbo.cl/chocolates-galletas-y-snacks/snacks/mani-y-frutos-secos,https://bff.jumbo.cl/catalog/plp,2,2026-02-26T18:12:38
148845,Almendras Blue Diamond con Miel Lata 170 g,Blue Diamond,6490,6490,False,https://www.jumbo.cl/almendras-con-miel-2033119/p,https://jumbocl.vteximg.com.br/arquivos/ids/434550-250-250/Almendras-Blue-Diamond-con-Miel-Lata-170-g.jpg?v=638823548088600000,Maní y Frutos Secos,https://www.jumbo.cl/chocolates-galletas-y-snacks/snacks/mani-y-frutos-secos,https://bff.jumbo.cl/catalog/plp,2,2026-02-26T18:12:38
92557,Hakuna Mix Picoteo 300 g,Frutisa,4090,4090,False,https://www.jumbo.cl/hakuna-mix-picoteo-300-g/p,https://jumbocl.vteximg.com.br/arquivos/ids/409352-250-250/Hakuna-Mix-Picoteo-300-g.jpg?v=638787727202600000,Maní y Frutos Secos,https://www.jumbo.cl/chocolates-galletas-y-snacks/snacks/mani-y-frutos-secos,https://bff.jumbo.cl/catalog/plp,2,2026-02-26T18:12:38
127343,Euphoria Mix Frutisa 180 g,Frutisa,2490,3450,True,https://www.jumbo.cl/mix-euphoria-frutisa-180g-1962105/p,https://jumbocl.vteximg.com.br/arquivos/ids/393436-250-250/Euphoria-Mix-Frutisa-180-g.jpg?v=638776874573700000,Maní y Frutos Secos,https://www.jumbo.cl/chocolates-galletas-y-snacks/snacks/mani-y-frutos-secos,https://bff.jumbo.cl/catalog/plp,2,2026-02-26T18:12:38
141609,Maní Japonés Kazai Clásico 680 g,Kazai,8150,8150,False,https://www.jumbo.cl/japones-kazai-clasico-680gr-2009683/p,https://jumbocl.vteximg.com.br/arquivos/ids/336128-250-250/Mani-Japones-Kazai-Clasico-680-g.jpg?v=638776437269030000,Maní y Frutos Secos,https://www.jumbo.cl/chocolates-galletas-y-snacks/snacks/mani-y-frutos-secos,https://bff.jumbo.cl/catalog/plp,2,2026-02-26T18:12:38
129604,Mix Kazai De La Rosa Picante 180 g,De La Rosa,2990,2990,False,https://www.jumbo.cl/mix-kazai-picante-180-gr-1972848/p,https://jumbocl.vteximg.com.br/arquivos/ids/396023-250-250/Mix-Kazai-Picante-180-g.jpg?v=638776885459670000,Maní y Frutos Secos,https://www.jumbo.cl/chocolates-galletas-y-snacks/snacks/mani-y-frutos-secos,https://bff.jumbo.cl/catalog/plp,2,2026-02-26T18:12:38
160802,Almendras Saladas Marco Polo 150 g,Marco Polo,2890,2890,False,https://www.jumbo.cl/almendras-saladas-2055766/p,https://jumbocl.vteximg.com.br/arquivos/ids/567538-250-250/Almendras-Saladas-Marco-Polo-150-g.jpg?v=639045137163230000,Maní y Frutos Secos,https://www.jumbo.cl/chocolates-galletas-y-snacks/snacks/mani-y-frutos-secos,https://bff.jumbo.cl/catalog/plp,2,2026-02-26T18:12:38
127342,Mix Frutos Secos Frutisa 70 g,Frutisa,1150,1550,True,https://www.jumbo.cl/dely-mix-frutisa-70g-1962103/p,https://jumbocl.vteximg.com.br/arquivos/ids/319608-250-250/Mix-Frutos-Secos-Frutisa-70-g.jpg?v=638776417871500000,Maní y Frutos Secos,https://www.jumbo.cl/chocolates-galletas-y-snacks/snacks/mani-y-frutos-secos,https://bff.jumbo.cl/catalog/plp,2,2026-02-26T18:12:38
127345,Hawaii Mix Frutisa 120 g,Frutisa,1350,1850,True,https://www.jumbo.cl/mix-hawaii-frutisa-120g-1959712/p,https://jumbocl.vteximg.com.br/arquivos/ids/393437-250-250/Hawaii-Mix-Frutisa-120-g.jpg?v=638776874576830000,Maní y Frutos Secos,https://www.jumbo.cl/chocolates-galletas-y-snacks/snacks/mani-y-frutos-secos,https://bff.jumbo.cl/catalog/plp,2,2026-02-26T18:12:38
159981,Castañas Cajú con Miel Marco Polo 150 g,Marco Polo,5290,5290,False,https://www.jumbo.cl/castanas-caju-con-2054235/p,https://jumbocl.vteximg.com.br/arquivos/ids/567530-250-250/Casta%C3%B1as-Caju-con-Miel-Marco-Polo-150-g.jpg?v=639045137108830000,Maní y Frutos Secos,https://www.jumbo.cl/chocolates-galletas-y-snacks/snacks/mani-y-frutos-secos,https://bff.jumbo.cl/catalog/plp,2,2026-02-26T18:12:38
107467,Mix Ñami Frutisa 140 g,Frutisa,1490,2050,True,https://www.jumbo.cl/mix-nami-frutisa-140-gr-1899679/p,https://jumbocl.vteximg.com.br/arquivos/ids/409362-250-250/Mix-%C3%91ami-Frutisa-140-g.jpg?v=638787727221530000,Maní y Frutos Secos,https://www.jumbo.cl/chocolates-galletas-y-snacks/snacks/mani-y-frutos-secos,https://bff.jumbo.cl/catalog/plp,2,2026-02-26T18:12:38
148840,Almendras Blue Diamond Habanero BBQ Lata 170 g,Blue Diamond,6490,6490,False,https://www.jumbo.cl/almendras-lata-2033114/p,https://jumbocl.vteximg.com.br/arquivos/ids/434545-250-250/Almendras-Blue-Diamond-Habanero-BBQ-Lata-170-g.jpg?v=638823548057200000,Maní y Frutos Secos,https://www.jumbo.cl/chocolates-galletas-y-snacks/snacks/mani-y-frutos-secos,https://bff.jumbo.cl/catalog/plp,3,2026-02-26T18:12:42
92594,Maní Japonés Kazai Ají Limón 80 g,Kazai,1250,1450,True,https://www.jumbo.cl/mani-japones-kazai-aji-limon-80-g/p,https://jumbocl.vteximg.com.br/arquivos/ids/367867-250-250/Man-japon-s-kazai-aj-lim-n-80-g-1-206301083.jpg?v=638776769870770000,Maní y Frutos Secos,https://www.jumbo.cl/chocolates-galletas-y-snacks/snacks/mani-y-frutos-secos,https://bff.jumbo.cl/catalog/plp,3,2026-02-26T18:12:42
111067,Mix Aloha Frutisa 300 g,Frutisa,4090,4090,False,https://www.jumbo.cl/mix-aloha-frutisa-300-gr-1903984/p,https://jumbocl.vteximg.com.br/arquivos/ids/409398-250-250/Mix-Aloha-Frutisa-300-g.jpg?v=638787727301100000,Maní y Frutos Secos,https://www.jumbo.cl/chocolates-galletas-y-snacks/snacks/mani-y-frutos-secos,https://bff.jumbo.cl/catalog/plp,3,2026-02-26T18:12:42
146860,Money Bag Mix de Frutos Secos Cuisine & Co 400 g,Cuisine & Co,3990,3990,False,https://www.jumbo.cl/money-bag-400g-cuisine-and-co-nbe-mp-2025162/p,https://jumbocl.vteximg.com.br/arquivos/ids/573842-250-250/2025162-01_703310.jpg?v=639064396150900000,Maní y Frutos Secos,https://www.jumbo.cl/chocolates-galletas-y-snacks/snacks/mani-y-frutos-secos,https://bff.jumbo.cl/catalog/plp,3,2026-02-26T18:12:42
121406,Maní Japonés Kazai Clásico 80 g,Kazai,1250,1450,True,https://www.jumbo.cl/mani-japones-clasico-80-gr-1945555/p,https://jumbocl.vteximg.com.br/arquivos/ids/387396-250-250/Mani-japones-clasico-80-g.jpg?v=638776851593370000,Maní y Frutos Secos,https://www.jumbo.cl/chocolates-galletas-y-snacks/snacks/mani-y-frutos-secos,https://bff.jumbo.cl/catalog/plp,3,2026-02-26T18:12:42
119384,Maní con Sal de Mar Frutisa 150 g,Frutisa,1330,1330,False,https://www.jumbo.cl/mani-con-sal-de-mar-frutisa-150g-1937693/p,https://jumbocl.vteximg.com.br/arquivos/ids/384766-250-250/Mani-con-sal-de-mar-150-g.jpg?v=638776841504630000,Maní y Frutos Secos,https://www.jumbo.cl/chocolates-galletas-y-snacks/snacks/mani-y-frutos-secos,https://bff.jumbo.cl/catalog/plp,3,2026-02-26T18:12:42
127627,Go Mix Frutisa 70 g,Frutisa,1150,1550,True,https://www.jumbo.cl/mix-go-frutisa-70g-1959439/p,https://jumbocl.vteximg.com.br/arquivos/ids/393750-250-250/Mix-Go-Frutisa-70-g.jpg?v=638776875957570000,Maní y Frutos Secos,https://www.jumbo.cl/chocolates-galletas-y-snacks/snacks/mani-y-frutos-secos,https://bff.jumbo.cl/catalog/plp,3,2026-02-26T18:12:42
141604,Maní Japonés Kazai Merkén 80 g,Kazai,1250,1360,True,https://www.jumbo.cl/japones-kazai-merken-80gr-2007725/p,https://jumbocl.vteximg.com.br/arquivos/ids/335985-250-250/Mani-Japones-Kazai-Merken-80-g.jpg?v=638776437111730000,Maní y Frutos Secos,https://www.jumbo.cl/chocolates-galletas-y-snacks/snacks/mani-y-frutos-secos,https://bff.jumbo.cl/catalog/plp,3,2026-02-26T18:12:42
159979,Almendras con Miel Marco Polo 150 g,Marco Polo,3990,3990,False,https://www.jumbo.cl/almendras-con-miel-2054234/p,https://jumbocl.vteximg.com.br/arquivos/ids/567528-250-250/Almendras-con-Miel-Marco-Polo-150-g.jpg?v=639045137094400000,Maní y Frutos Secos,https://www.jumbo.cl/chocolates-galletas-y-snacks/snacks/mani-y-frutos-secos,https://bff.jumbo.cl/catalog/plp,3,2026-02-26T18:12:42
129914,Maní Japonés de La Rosa Spicy Cheddar Kazai 80 g,De La Rosa,1250,1450,True,https://www.jumbo.cl/mani-japones-spicy-cheddar-kazai-80-gr-1973999/p,https://jumbocl.vteximg.com.br/arquivos/ids/396469-250-250/Mani-Japones-Spicy-Cheddar-Kazai-80-g.jpg?v=638776886969770000,Maní y Frutos Secos,https://www.jumbo.cl/chocolates-galletas-y-snacks/snacks/mani-y-frutos-secos,https://bff.jumbo.cl/catalog/plp,3,2026-02-26T18:12:42
127649,Vita Mix Frutisa 70 g,Frutisa,1150,1550,True,https://www.jumbo.cl/mix-vita-frutisa-70-gr-1960251/p,https://jumbocl.vteximg.com.br/arquivos/ids/393778-250-250/Mix-Vita-Frutisa.jpg?v=638776876098830000,Maní y Frutos Secos,https://www.jumbo.cl/chocolates-galletas-y-snacks/snacks/mani-y-frutos-secos,https://bff.jumbo.cl/catalog/plp,3,2026-02-26T18:12:42
121396,Maní Japonés Kazai Salsa Negra 80 g,Kazai,1250,1450,True,https://www.jumbo.cl/mani-japones-salsa-negra-80-gr-1945554/p,https://jumbocl.vteximg.com.br/arquivos/ids/387405-250-250/Mani-japones-salsa-negra-80-g.jpg?v=638776851636400000,Maní y Frutos Secos,https://www.jumbo.cl/chocolates-galletas-y-snacks/snacks/mani-y-frutos-secos,https://bff.jumbo.cl/catalog/plp,3,2026-02-26T18:12:42
141610,Maní Japones Kazai Bbq 80 g,Kazai,1250,1430,True,https://www.jumbo.cl/japones-kazai-bbq-80gr-2009684/p,https://jumbocl.vteximg.com.br/arquivos/ids/336154-250-250/Mani-Japones-Kazai-BBQ-80-g.jpg?v=638776437298770000,Maní y Frutos Secos,https://www.jumbo.cl/chocolates-galletas-y-snacks/snacks/mani-y-frutos-secos,https://bff.jumbo.cl/catalog/plp,3,2026-02-26T18:12:42
123094,Maní Salado Sin Piel 500 g,Maní King,3490,3490,False,https://www.jumbo.cl/mani-salado-sin-piel-king-500g-1955804/p,https://jumbocl.vteximg.com.br/arquivos/ids/318434-250-250/Mani-salado-sin-piel-500g.jpg?v=638776414381600000,Maní y Frutos Secos,https://www.jumbo.cl/chocolates-galletas-y-snacks/snacks/mani-y-frutos-secos,https://bff.jumbo.cl/catalog/plp,3,2026-02-26T18:12:42
123096,Maní Tostado Sin Piel 500 g,Maní King,3490,3490,False,https://www.jumbo.cl/mani-tostado-sin-piel-sal-king-500g-1955805/p,https://jumbocl.vteximg.com.br/arquivos/ids/318462-250-250/Mani-tostado-sin-piel-500-g.jpg?v=638776414468570000,Maní y Frutos Secos,https://www.jumbo.cl/chocolates-galletas-y-snacks/snacks/mani-y-frutos-secos,https://bff.jumbo.cl/catalog/plp,3,2026-02-26T18:12:42
123098,Maní Salado con Piel 500 g,Maní King,3490,3490,False,https://www.jumbo.cl/mani-salado-con-piel-king-500g-1955806/p,https://jumbocl.vteximg.com.br/arquivos/ids/318444-250-250/Mani-salado-con-piel-500-g.jpg?v=638776414412170000,Maní y Frutos Secos,https://www.jumbo.cl/chocolates-galletas-y-snacks/snacks/mani-y-frutos-secos,https://bff.jumbo.cl/catalog/plp,3,2026-02-26T18:12:42
159982,Mix Frutos Secos Marco Polo 700 g,Marco Polo,6890,8990,True,https://www.jumbo.cl/mix-frutos-secos-1-2054236/p,https://jumbocl.vteximg.com.br/arquivos/ids/567532-250-250/Mix-Frutos-Secos-Marco-Polo-700-g.jpg?v=639045137121800000,Maní y Frutos Secos,https://www.jumbo.cl/chocolates-galletas-y-snacks/snacks/mani-y-frutos-secos,https://bff.jumbo.cl/catalog/plp,3,2026-02-26T18:12:42
75717,Maní con Miel 150 g,Cuisine & Co,1290,1290,False,https://www.jumbo.cl/mani-con-miel-150-g-cuisine-and-co-1787040/p,https://jumbocl.vteximg.com.br/arquivos/ids/363438-250-250/Mani-con-miel-150-g.jpg?v=638776748333270000,Maní y Frutos Secos,https://www.jumbo.cl/chocolates-galletas-y-snacks/snacks/mani-y-frutos-secos,https://bff.jumbo.cl/catalog/plp,3,2026-02-26T18:12:42
2573,Pistachos Marco Polo 80 g,Marco Polo,2350,2350,False,https://www.jumbo.cl/pistachos-marco-polo-bolsa-80-grs/p,https://jumbocl.vteximg.com.br/arquivos/ids/299646-250-250/Pistachos-bolsa-80-g.jpg?v=638775767218230000,Maní y Frutos Secos,https://www.jumbo.cl/chocolates-galletas-y-snacks/snacks/mani-y-frutos-secos,https://bff.jumbo.cl/catalog/plp,3,2026-02-26T18:12:42
2555,Almendras Marco Polo Saladas 80 g,Marco Polo,2190,2190,False,https://www.jumbo.cl/almendras-saladas-marco-polo-bolsa-80-g/p,https://jumbocl.vteximg.com.br/arquivos/ids/299627-250-250/Principal-5996.jpg?v=638775766864470000,Maní y Frutos Secos,https://www.jumbo.cl/chocolates-galletas-y-snacks/snacks/mani-y-frutos-secos,https://bff.jumbo.cl/catalog/plp,3,2026-02-26T18:12:42
17159,Mix Frutos Secos Marco Polo 80 g,Marco Polo,1630,1630,False,https://www.jumbo.cl/mix-frutos-secos-marco-polo-80-g/p,https://jumbocl.vteximg.com.br/arquivos/ids/351840-250-250/1675375.jpg?v=638776687203800000,Maní y Frutos Secos,https://www.jumbo.cl/chocolates-galletas-y-snacks/snacks/mani-y-frutos-secos,https://bff.jumbo.cl/catalog/plp,3,2026-02-26T18:12:42
2556,Castaña de Cajú Marco Polo Bolsa 80 g,Marco Polo,2490,2490,False,https://www.jumbo.cl/castana-de-caju-marco-polo-bolsa-80-g/p,https://jumbocl.vteximg.com.br/arquivos/ids/299628-250-250/Casta%C3%B1a-de-Caju-Marco-Polo-Bolsa-80-g.jpg?v=638775766877170000,Maní y Frutos Secos,https://www.jumbo.cl/chocolates-galletas-y-snacks/snacks/mani-y-frutos-secos,https://bff.jumbo.cl/catalog/plp,3,2026-02-26T18:12:42
123424,Ramitas Evercrisp Sabor Queso 330 g,Evercrisp,2690,2690,False,https://www.jumbo.cl/ramitas-queso-330-gr-1956893/p,https://jumbocl.vteximg.com.br/arquivos/ids/457449-250-250/Ramitas-Evercrisp-Sabor-Queso-330-g.jpg?v=638857209575030000,"Ramitas, Suflés y Otros Snacks",https://www.jumbo.cl/chocolates-galletas-y-snacks/snacks/ramitas-sufles-y-otros-snacks,https://bff.jumbo.cl/catalog/plp,1,2026-02-26T18:12:50
123124,Ramitas Evercrisp Sabor Original 330 g,Evercrisp,2690,2690,False,https://www.jumbo.cl/ramitas-sal-330-gr-1956892/p,https://jumbocl.vteximg.com.br/arquivos/ids/457435-250-250/Ramitas-Evercrisp-Sabor-Original-330-g.jpg?v=638857209517930000,"Ramitas, Suflés y Otros Snacks",https://www.jumbo.cl/chocolates-galletas-y-snacks/snacks/ramitas-sufles-y-otros-snacks,https://bff.jumbo.cl/catalog/plp,1,2026-02-26T18:12:50
99995,Cheezels Sabor Queso 200 g,Evercrisp,2160,2160,False,https://www.jumbo.cl/cheezels-retro-snack-220-gr-1871734/p,https://jumbocl.vteximg.com.br/arquivos/ids/456520-250-250/Cheezels-Sabor-Queso-200-g.jpg?v=638857188553230000,"Ramitas, Suflés y Otros Snacks",https://www.jumbo.cl/chocolates-galletas-y-snacks/snacks/ramitas-sufles-y-otros-snacks,https://bff.jumbo.cl/catalog/plp,1,2026-02-26T18:12:50
117784,Cheetos Palitos 250 g,Evercrisp,1990,1990,False,https://www.jumbo.cl/cheetos-palitos-queso-evercrisp-280-gr-1935322/p,https://jumbocl.vteximg.com.br/arquivos/ids/475694-250-250/Cheetos-Palitos-250-g.jpg?v=638872631918870000,"Ramitas, Suflés y Otros Snacks",https://www.jumbo.cl/chocolates-galletas-y-snacks/snacks/ramitas-sufles-y-otros-snacks,https://bff.jumbo.cl/catalog/plp,1,2026-02-26T18:12:50
106551,Crunchis Maní Marco Polo 330 g,Marco Polo,2190,2190,False,https://www.jumbo.cl/crunchis-mani-330-gr-1897494/p,https://jumbocl.vteximg.com.br/arquivos/ids/573588-250-250/Crunchis-Mani-Marco-Polo-330-g.jpg?v=639063505456000000,"Ramitas, Suflés y Otros Snacks",https://www.jumbo.cl/chocolates-galletas-y-snacks/snacks/ramitas-sufles-y-otros-snacks,https://bff.jumbo.cl/catalog/plp,1,2026-02-26T18:12:50
126587,Ramitas Evercrisp Sabor Original 230 g,Evercrisp,1790,2120,True,https://www.jumbo.cl/ramitas-sal-230-gr-1956894/p,https://jumbocl.vteximg.com.br/arquivos/ids/492966-250-250/Ramitas-Evercrisp-Sabor-Original-230-g.jpg?v=638906471524430000,"Ramitas, Suflés y Otros Snacks",https://www.jumbo.cl/chocolates-galletas-y-snacks/snacks/ramitas-sufles-y-otros-snacks,https://bff.jumbo.cl/catalog/plp,1,2026-02-26T18:12:50
139055,Snack Crunchis Suflés Papa Marco Polo 200 g,Marco Polo,1490,1880,True,https://www.jumbo.cl/crunchis-sufles-papa-marco-polo-200g-2002056/p,https://jumbocl.vteximg.com.br/arquivos/ids/567499-250-250/Snack-Crunchis-Sufles-Papa-Marco-Polo-200-g.jpg?v=639045136909800000,"Ramitas, Suflés y Otros Snacks",https://www.jumbo.cl/chocolates-galletas-y-snacks/snacks/ramitas-sufles-y-otros-snacks,https://bff.jumbo.cl/catalog/plp,1,2026-02-26T18:12:50
101128,Chis Pop Sabor Tutti-Frutti 200 g,Evercrisp,2140,2140,False,https://www.jumbo.cl/chis-pop-tutti-frutti-220-gr-1873527/p,https://jumbocl.vteximg.com.br/arquivos/ids/457334-250-250/Chis-Pop-Sabor-Tutti-Frutti-200-g.jpg?v=638857209044200000,"Ramitas, Suflés y Otros Snacks",https://www.jumbo.cl/chocolates-galletas-y-snacks/snacks/ramitas-sufles-y-otros-snacks,https://bff.jumbo.cl/catalog/plp,1,2026-02-26T18:12:50
159019,Snack Ramitas Evercrisp Sabor Crema y Cebolla 250 g,Evercrisp,2190,2190,False,https://www.jumbo.cl/snack-lays-switch-180-gr/p,https://jumbocl.vteximg.com.br/arquivos/ids/533631-250-250/Snack-Ramitas-Evercrisp-Sabor-a-Crema-y-Cebolla-160-g.jpg?v=638979415610900000,"Ramitas, Suflés y Otros Snacks",https://www.jumbo.cl/chocolates-galletas-y-snacks/snacks/ramitas-sufles-y-otros-snacks,https://bff.jumbo.cl/catalog/plp,1,2026-02-26T18:12:50
2969,Choco Cracs Sabor Chocolate 160 g,Evercrisp,1750,1750,False,https://www.jumbo.cl/choco-cracs-evercrisp-bolsa-160-grs/p,https://jumbocl.vteximg.com.br/arquivos/ids/457160-250-250/Choco-Cracs-Sabor-Chocolate-160-g.jpg?v=638857191781870000,"Ramitas, Suflés y Otros Snacks",https://www.jumbo.cl/chocolates-galletas-y-snacks/snacks/ramitas-sufles-y-otros-snacks,https://bff.jumbo.cl/catalog/plp,1,2026-02-26T18:12:50
139094,Snack Crunchis Sabor Maní Marco Polo 200 g,Marco Polo,1490,1880,True,https://www.jumbo.cl/crunchis-sabor-mani-marco-polo-200-gr-2002057/p,https://jumbocl.vteximg.com.br/arquivos/ids/567501-250-250/Snack-Crunchis-Sabor-Mani-Marco-Polo-200-g.jpg?v=639045136923400000,"Ramitas, Suflés y Otros Snacks",https://www.jumbo.cl/chocolates-galletas-y-snacks/snacks/ramitas-sufles-y-otros-snacks,https://bff.jumbo.cl/catalog/plp,1,2026-02-26T18:12:50
81290,Crunchy Puri Queso 140 g,Purisnacks,2790,2790,False,https://www.jumbo.cl/souffles-de-queso-170-g/p,https://jumbocl.vteximg.com.br/arquivos/ids/435858-250-250/Puri-Crunchy-Queso-140-g.jpg?v=638825960138270000,"Ramitas, Suflés y Otros Snacks",https://www.jumbo.cl/chocolates-galletas-y-snacks/snacks/ramitas-sufles-y-otros-snacks,https://bff.jumbo.cl/catalog/plp,1,2026-02-26T18:12:50
81289,Crunchy Puri Maní 140 g,Purisnacks,2790,2790,False,https://www.jumbo.cl/souffles-sabor-mani-170-g/p,https://jumbocl.vteximg.com.br/arquivos/ids/435855-250-250/Puri-Crunchy-Mani-140-g.jpg?v=638825960101970000,"Ramitas, Suflés y Otros Snacks",https://www.jumbo.cl/chocolates-galletas-y-snacks/snacks/ramitas-sufles-y-otros-snacks,https://bff.jumbo.cl/catalog/plp,1,2026-02-26T18:12:50
81196,Ramitas Evercrisp Sabor Queso 48 g,Evercrisp,610,610,False,https://www.jumbo.cl/ramitas-de-queso-48-g/p,https://jumbocl.vteximg.com.br/arquivos/ids/494795-250-250/Ramitas-Evercrisp-Sabor-Queso-48-g.jpg?v=638907271126200000,"Ramitas, Suflés y Otros Snacks",https://www.jumbo.cl/chocolates-galletas-y-snacks/snacks/ramitas-sufles-y-otros-snacks,https://bff.jumbo.cl/catalog/plp,1,2026-02-26T18:12:50
139078,Snack Crunchis Suflés Queso Marco Polo 200 g,Marco Polo,1490,1880,True,https://www.jumbo.cl/crunchis-sufles-queso-marco-polo-200g-2002054/p,https://jumbocl.vteximg.com.br/arquivos/ids/567495-250-250/Snack-Crunchis-Sufles-Queso-Marco-Polo-200-g.jpg?v=639045136880130000,"Ramitas, Suflés y Otros Snacks",https://www.jumbo.cl/chocolates-galletas-y-snacks/snacks/ramitas-sufles-y-otros-snacks,https://bff.jumbo.cl/catalog/plp,1,2026-02-26T18:12:50
139049,Snack Crunchis Tubos Queso Marco Polo 200 g,Marco Polo,1490,1880,True,https://www.jumbo.cl/crunchis-tubos-queso-marco-polo-200g-2002055/p,https://jumbocl.vteximg.com.br/arquivos/ids/567497-250-250/Snack-Crunchis-Tubos-Queso-Marco-Polo-200-g.jpg?v=639045136895500000,"Ramitas, Suflés y Otros Snacks",https://www.jumbo.cl/chocolates-galletas-y-snacks/snacks/ramitas-sufles-y-otros-snacks,https://bff.jumbo.cl/catalog/plp,1,2026-02-26T18:12:50
139048,Snack Ramitas Marco Polo Saladas 230 g,Marco Polo,2040,2040,False,https://www.jumbo.cl/ramitas-marco-polo-saladas-230-grs-2000509/p,https://jumbocl.vteximg.com.br/arquivos/ids/567484-250-250/Snack-Ramitas-Marco-Polo-Saladas-230-g.jpg?v=639045136777170000,"Ramitas, Suflés y Otros Snacks",https://www.jumbo.cl/chocolates-galletas-y-snacks/snacks/ramitas-sufles-y-otros-snacks,https://bff.jumbo.cl/catalog/plp,1,2026-02-26T18:12:50
125412,Cheezels Sabor Queso 150 g,Evercrisp,1490,1490,False,https://www.jumbo.cl/cheezels-150-gr-1956891/p,https://jumbocl.vteximg.com.br/arquivos/ids/457430-250-250/Cheezels-Sabor-Queso-150-g.jpg?v=638857209461730000,"Ramitas, Suflés y Otros Snacks",https://www.jumbo.cl/chocolates-galletas-y-snacks/snacks/ramitas-sufles-y-otros-snacks,https://bff.jumbo.cl/catalog/plp,1,2026-02-26T18:12:50
101556,Evercrisp Traga Traga Frambuesa 200 g,Evercrisp,2250,2250,False,https://www.jumbo.cl/traga-traga-frambueza-220-gr-1873526/p,https://jumbocl.vteximg.com.br/arquivos/ids/457329-250-250/Evercrisp-Traga-Traga-Frambuesa-200-g.jpg?v=638857208996870000,"Ramitas, Suflés y Otros Snacks",https://www.jumbo.cl/chocolates-galletas-y-snacks/snacks/ramitas-sufles-y-otros-snacks,https://bff.jumbo.cl/catalog/plp,1,2026-02-26T18:12:50
101136,Gatolate Sabor Chocolate 200 g,Evercrisp,2330,2330,False,https://www.jumbo.cl/gatolate-snacks-220-gr-1873525/p,https://jumbocl.vteximg.com.br/arquivos/ids/456537-250-250/Gatolate-Sabor-Chocolate-200-g.jpg?v=638857188624430000,"Ramitas, Suflés y Otros Snacks",https://www.jumbo.cl/chocolates-galletas-y-snacks/snacks/ramitas-sufles-y-otros-snacks,https://bff.jumbo.cl/catalog/plp,1,2026-02-26T18:12:50
124131,Cheetos Palitos 200 g,Evercrisp,1490,1490,False,https://www.jumbo.cl/cheetos-palitos-200-gr-1949962/p,https://jumbocl.vteximg.com.br/arquivos/ids/456897-250-250/Cheetos-Palitos-200-g.jpg?v=638857189918830000,"Ramitas, Suflés y Otros Snacks",https://www.jumbo.cl/chocolates-galletas-y-snacks/snacks/ramitas-sufles-y-otros-snacks,https://bff.jumbo.cl/catalog/plp,1,2026-02-26T18:12:50
139056,Crunchis Pops Tutifrutti Marco Polo 200 g,Marco Polo,1490,1880,True,https://www.jumbo.cl/crunchis-pops-tutifrutti-marco-polo-200g-2000512/p,https://jumbocl.vteximg.com.br/arquivos/ids/573636-250-250/Crunchis-Pops-Tutifrutti-Marco-Polo-200-g.jpg?v=639063505806930000,"Ramitas, Suflés y Otros Snacks",https://www.jumbo.cl/chocolates-galletas-y-snacks/snacks/ramitas-sufles-y-otros-snacks,https://bff.jumbo.cl/catalog/plp,1,2026-02-26T18:12:50
145897,Ramitas Puri Queso 22 g,Puripop Popcorn,590,590,False,https://www.jumbo.cl/puri-ramitas-queso-puripop-22-gr-2023067/p,https://jumbocl.vteximg.com.br/arquivos/ids/435909-250-250/Puri-Ramitas-Queso-22-g.jpg?v=638825960686700000,"Ramitas, Suflés y Otros Snacks",https://www.jumbo.cl/chocolates-galletas-y-snacks/snacks/ramitas-sufles-y-otros-snacks,https://bff.jumbo.cl/catalog/plp,1,2026-02-26T18:12:50
97551,Snack de Todito Original 220 g,Evercrisp,1900,2390,True,https://www.jumbo.cl/detodito-i-evercrisp-290g-1860067/p,https://jumbocl.vteximg.com.br/arquivos/ids/494834-250-250/Snack-de-Todito-Original-220-g.jpg?v=638907271238170000,"Ramitas, Suflés y Otros Snacks",https://www.jumbo.cl/chocolates-galletas-y-snacks/snacks/ramitas-sufles-y-otros-snacks,https://bff.jumbo.cl/catalog/plp,1,2026-02-26T18:12:50
97554,Snack de Todito 340 g,Evercrisp,3130,3130,False,https://www.jumbo.cl/detodito-i-evercrisp-400g-1860070/p,https://jumbocl.vteximg.com.br/arquivos/ids/494851-250-250/Snack-de-Todito-340-g.jpg?v=638907271287130000,"Ramitas, Suflés y Otros Snacks",https://www.jumbo.cl/chocolates-galletas-y-snacks/snacks/ramitas-sufles-y-otros-snacks,https://bff.jumbo.cl/catalog/plp,1,2026-02-26T18:12:50
120524,Cheetos Queso Crema 220 g,Evercrisp,2030,2030,False,https://www.jumbo.cl/cheetos-queso-crema-250-gr-1948544/p,https://jumbocl.vteximg.com.br/arquivos/ids/457381-250-250/Cheetos-Queso-Crema-220-g.jpg?v=638857209262730000,"Ramitas, Suflés y Otros Snacks",https://www.jumbo.cl/chocolates-galletas-y-snacks/snacks/ramitas-sufles-y-otros-snacks,https://bff.jumbo.cl/catalog/plp,1,2026-02-26T18:12:50
126588,Ramitas Evercrisp Sabor Queso 230 g,Evercrisp,1700,2120,True,https://www.jumbo.cl/ramitas-queso-230-gr-1956895/p,https://jumbocl.vteximg.com.br/arquivos/ids/492984-250-250/Ramitas-Evercrisp-Sabor-Queso-230-g.jpg?v=638906471573100000,"Ramitas, Suflés y Otros Snacks",https://www.jumbo.cl/chocolates-galletas-y-snacks/snacks/ramitas-sufles-y-otros-snacks,https://bff.jumbo.cl/catalog/plp,1,2026-02-26T18:12:50
75455,Pop Color Cuisine & Co 270 g,Cuisine & Co,1290,1990,True,https://www.jumbo.cl/pop-color-270-g-cuisine-and-co-1787038/p,https://jumbocl.vteximg.com.br/arquivos/ids/363264-250-250/Pop-color-270-g.jpg?v=638776747122200000,"Ramitas, Suflés y Otros Snacks",https://www.jumbo.cl/chocolates-galletas-y-snacks/snacks/ramitas-sufles-y-otros-snacks,https://bff.jumbo.cl/catalog/plp,1,2026-02-26T18:12:50
108583,Ramitas Puri Oliva Sal de Mar 150 g,Purisnacks,2790,2790,False,https://www.jumbo.cl/puri-ramitas-oliva-sal-puripop-150-gr-1904126/p,https://jumbocl.vteximg.com.br/arquivos/ids/435872-250-250/Puri-Ramitas-Saladas-125-g.jpg?v=638825960280470000,"Ramitas, Suflés y Otros Snacks",https://www.jumbo.cl/chocolates-galletas-y-snacks/snacks/ramitas-sufles-y-otros-snacks,https://bff.jumbo.cl/catalog/plp,1,2026-02-26T18:12:50
145898,Ramitas Puri Saladas 22 g,Puripop Popcorn,590,590,False,https://www.jumbo.cl/puri-ramitas-saladas-puripop-22-gr-2023068/p,https://jumbocl.vteximg.com.br/arquivos/ids/435912-250-250/Puri-Ramitas-Saladas-22-g.jpg?v=638825960718400000,"Ramitas, Suflés y Otros Snacks",https://www.jumbo.cl/chocolates-galletas-y-snacks/snacks/ramitas-sufles-y-otros-snacks,https://bff.jumbo.cl/catalog/plp,1,2026-02-26T18:12:50
57457,Crunchis Marco Polo Sabor Maní 110 g,Marco Polo,1190,1190,False,https://www.jumbo.cl/crunchis-sabor-mani-m-polo-110g/p,https://jumbocl.vteximg.com.br/arquivos/ids/573575-250-250/Crunchis-Marco-Polo-Sabor-Mani-110-g.jpg?v=639063505348400000,"Ramitas, Suflés y Otros Snacks",https://www.jumbo.cl/chocolates-galletas-y-snacks/snacks/ramitas-sufles-y-otros-snacks,https://bff.jumbo.cl/catalog/plp,1,2026-02-26T18:12:50
155850,Snack Detodito Sabor Queso 340 g,Evercrisp,3190,3190,False,https://www.jumbo.cl/snack-detodito-ii-340g-2045196/p,https://jumbocl.vteximg.com.br/arquivos/ids/508122-250-250/Snack-Detodito-Sabor-Queso-340-g.jpg?v=638935565564800000,"Ramitas, Suflés y Otros Snacks",https://www.jumbo.cl/chocolates-galletas-y-snacks/snacks/ramitas-sufles-y-otros-snacks,https://bff.jumbo.cl/catalog/plp,1,2026-02-26T18:12:50
113700,Cheetos Palitos Sabor A Queso 84 g,Evercrisp,990,990,False,https://www.jumbo.cl/cheetos-pali-queso-84g-1929078/p,https://jumbocl.vteximg.com.br/arquivos/ids/456763-250-250/Cheetos-Palitos-Sabor-a-Queso-84-g.jpg?v=638857189422300000,"Ramitas, Suflés y Otros Snacks",https://www.jumbo.cl/chocolates-galletas-y-snacks/snacks/ramitas-sufles-y-otros-snacks,https://bff.jumbo.cl/catalog/plp,1,2026-02-26T18:12:50
154185,Soufflé Puri Crunchy Sabor Papa 140 g,Puripop Popcorn,3150,3150,False,https://www.jumbo.cl/souffle-papa-puri-crunchy-140gr-2045113/p,https://jumbocl.vteximg.com.br/arquivos/ids/491661-250-250/Souffle-Puri-Crunchy-Sabor-Papa-140-g.jpg?v=638905524881200000,"Ramitas, Suflés y Otros Snacks",https://www.jumbo.cl/chocolates-galletas-y-snacks/snacks/ramitas-sufles-y-otros-snacks,https://bff.jumbo.cl/catalog/plp,1,2026-02-26T18:12:50
159018,Snack Ramitas Evercrisp Sabor a Churros 250 g,Evercrisp,2190,2190,False,https://www.jumbo.cl/snack-ramitas-churro-250g/p,https://jumbocl.vteximg.com.br/arquivos/ids/533599-250-250/Snack-Ramitas-Evercrisp-Sabor-a-Churros-250-g.jpg?v=638979415568100000,"Ramitas, Suflés y Otros Snacks",https://www.jumbo.cl/chocolates-galletas-y-snacks/snacks/ramitas-sufles-y-otros-snacks,https://bff.jumbo.cl/catalog/plp,1,2026-02-26T18:12:50
143225,Snack Takis Intense 190 g,Takis,1890,2130,True,https://www.jumbo.cl/snack-takis-intense-190-g-2003477/p,https://jumbocl.vteximg.com.br/arquivos/ids/339208-250-250/2003477-01_687750.jpg?v=638776439815700000,"Ramitas, Suflés y Otros Snacks",https://www.jumbo.cl/chocolates-galletas-y-snacks/snacks/ramitas-sufles-y-otros-snacks,https://bff.jumbo.cl/catalog/plp,1,2026-02-26T18:12:50
85180,Cheetos Maní 250 g,Evercrisp,1840,1840,False,https://www.jumbo.cl/sufle-cheetos-mani-230-g/p,https://jumbocl.vteximg.com.br/arquivos/ids/461800-250-250/Cheetos-Mani-250-g.jpg?v=638866453530000000,"Ramitas, Suflés y Otros Snacks",https://www.jumbo.cl/chocolates-galletas-y-snacks/snacks/ramitas-sufles-y-otros-snacks,https://bff.jumbo.cl/catalog/plp,1,2026-02-26T18:12:50
155849,Snack Detodito Dulce 220 g,Evercrisp,2390,2390,False,https://www.jumbo.cl/snack-detodito-dulce-220g-2045195/p,https://jumbocl.vteximg.com.br/arquivos/ids/508104-250-250/Snack-Detodito-Dulce-220-g.jpg?v=638935565537900000,"Ramitas, Suflés y Otros Snacks",https://www.jumbo.cl/chocolates-galletas-y-snacks/snacks/ramitas-sufles-y-otros-snacks,https://bff.jumbo.cl/catalog/plp,1,2026-02-26T18:12:50
142485,Suflé Maní Buka 200 g,Buka,1990,1990,False,https://www.jumbo.cl/sufle-mani-buka-200-gr-2009513/p,https://jumbocl.vteximg.com.br/arquivos/ids/337332-250-250/Sufle-Mani-Buka-200-g.jpg?v=638776438533830000,"Ramitas, Suflés y Otros Snacks",https://www.jumbo.cl/chocolates-galletas-y-snacks/snacks/ramitas-sufles-y-otros-snacks,https://bff.jumbo.cl/catalog/plp,1,2026-02-26T18:12:50
155552,Piqueos Crunch Nutrico BBQ Ahumado 80 g,Nutrico,2390,2990,True,https://www.jumbo.cl/piqueos-crunch-bbq-ahumado-nutrico-80-g-2045654/p,https://jumbocl.vteximg.com.br/arquivos/ids/498321-250-250/Piqueos-Crunch-BBQ-Ahumado-Nutrico-80-g.jpg?v=638913484196100000,"Ramitas, Suflés y Otros Snacks",https://www.jumbo.cl/chocolates-galletas-y-snacks/snacks/ramitas-sufles-y-otros-snacks,https://bff.jumbo.cl/catalog/plp,1,2026-02-26T18:12:50
17105,Charqui Las Cardas Kids Posta Negra 105 g,Las Cardas,7550,7550,False,https://www.jumbo.cl/charqui-las-cardas-105-g-kids-posta-negra/p,https://jumbocl.vteximg.com.br/arquivos/ids/351824-250-250/540116.jpg?v=638776687131670000,"Ramitas, Suflés y Otros Snacks",https://www.jumbo.cl/chocolates-galletas-y-snacks/snacks/ramitas-sufles-y-otros-snacks,https://bff.jumbo.cl/catalog/plp,2,2026-02-26T18:12:54
134365,Snack Empanaditas Queso Marco Polo 100 g,Marco Polo,690,950,True,https://www.jumbo.cl/empanaditas-queso-marco-polo-100g-1991540/p,https://jumbocl.vteximg.com.br/arquivos/ids/567466-250-250/Snack-Empanaditas-Queso-Marco-Polo-100-g.jpg?v=639045136645200000,"Ramitas, Suflés y Otros Snacks",https://www.jumbo.cl/chocolates-galletas-y-snacks/snacks/ramitas-sufles-y-otros-snacks,https://bff.jumbo.cl/catalog/plp,2,2026-02-26T18:12:54
122284,Ramitas Saladas XL 350 g,Cuisine & Co,2000,2540,True,https://www.jumbo.cl/ramitas-saladas-cuisine-and-co-xl-350-gr-1951039/p,https://jumbocl.vteximg.com.br/arquivos/ids/248503-250-250/Ramitas-saladas-XL-350-g.jpg?v=638683275599730000,"Ramitas, Suflés y Otros Snacks",https://www.jumbo.cl/chocolates-galletas-y-snacks/snacks/ramitas-sufles-y-otros-snacks,https://bff.jumbo.cl/catalog/plp,2,2026-02-26T18:12:54
138123,Snack Garbanzos Nutripop Sin Gluten Chocolate 20 g,Nutripop,990,990,False,https://www.jumbo.cl/nutripop-snack-garbanzo-s-glut-choco-20g-2000203/p,https://jumbocl.vteximg.com.br/arquivos/ids/427373-250-250/Nutripop-Snack-Garbanzo-sin-Gluten-Chocolate-20-g.jpg?v=638811002193630000,"Ramitas, Suflés y Otros Snacks",https://www.jumbo.cl/chocolates-galletas-y-snacks/snacks/ramitas-sufles-y-otros-snacks,https://bff.jumbo.cl/catalog/plp,2,2026-02-26T18:12:54
155551,Piqueos Crunch Nutrico Queso Parmesa 80 g,Nutrico,2390,2990,True,https://www.jumbo.cl/piqueos-crunch-queso-parmesa-nutrico-80-g-2045655/p,https://jumbocl.vteximg.com.br/arquivos/ids/498322-250-250/Piqueos-Crunch-Queso-Parmesa-Nutrico-80-g.jpg?v=638913484205930000,"Ramitas, Suflés y Otros Snacks",https://www.jumbo.cl/chocolates-galletas-y-snacks/snacks/ramitas-sufles-y-otros-snacks,https://bff.jumbo.cl/catalog/plp,2,2026-02-26T18:12:54
97550,Snack de Todito Queso 220 g,Evercrisp,2390,2390,False,https://www.jumbo.cl/detodito-ii-evercrisp-290g-1860065/p,https://jumbocl.vteximg.com.br/arquivos/ids/406536-250-250/Snack-de-Todito-Queso-220-g.jpg?v=638783656682500000,"Ramitas, Suflés y Otros Snacks",https://www.jumbo.cl/chocolates-galletas-y-snacks/snacks/ramitas-sufles-y-otros-snacks,https://bff.jumbo.cl/catalog/plp,2,2026-02-26T18:12:54
138495,Cheetos Ketchup 200 g,Evercrisp,1990,1990,False,https://www.jumbo.cl/cheetos-ketchup-evercrisp-200g-1995416/p,https://jumbocl.vteximg.com.br/arquivos/ids/457050-250-250/Cheetos-Ketchup-200-g.jpg?v=638857190603570000,"Ramitas, Suflés y Otros Snacks",https://www.jumbo.cl/chocolates-galletas-y-snacks/snacks/ramitas-sufles-y-otros-snacks,https://bff.jumbo.cl/catalog/plp,2,2026-02-26T18:12:54
122300,Ramitas Queso XL 350 g,Cuisine & Co,2000,2540,True,https://www.jumbo.cl/ramitas-queso-cuisine-and-co-xl-350-gr-1951040/p,https://jumbocl.vteximg.com.br/arquivos/ids/388116-250-250/Ramitas-queso-XL-350-g.jpg?v=638776854540430000,"Ramitas, Suflés y Otros Snacks",https://www.jumbo.cl/chocolates-galletas-y-snacks/snacks/ramitas-sufles-y-otros-snacks,https://bff.jumbo.cl/catalog/plp,2,2026-02-26T18:12:54
105763,Cheezels Sabor Queso 100 g,Evercrisp,1350,1350,False,https://www.jumbo.cl/cheezels-retro-snack-evercrisp-100-gr-1899120/p,https://jumbocl.vteximg.com.br/arquivos/ids/457369-250-250/Cheezels-Sabor-Queso-100-g.jpg?v=638857209196330000,"Ramitas, Suflés y Otros Snacks",https://www.jumbo.cl/chocolates-galletas-y-snacks/snacks/ramitas-sufles-y-otros-snacks,https://bff.jumbo.cl/catalog/plp,2,2026-02-26T18:12:54
17031,"Pretzels con Cebolla, Miel y Mostaza Snyders 283 g",Snyders,4450,4450,False,https://www.jumbo.cl/pretzels-con-cebolla-miel-y-mostaza-snyders-283-g/p,https://jumbocl.vteximg.com.br/arquivos/ids/351813-250-250/630512.jpg?v=638776687093600000,"Ramitas, Suflés y Otros Snacks",https://www.jumbo.cl/chocolates-galletas-y-snacks/snacks/ramitas-sufles-y-otros-snacks,https://bff.jumbo.cl/catalog/plp,2,2026-02-26T18:12:54
139105,Snack Ramitas Marco Polo Queso 230 g,Marco Polo,2040,2040,False,https://www.jumbo.cl/ramitas-marco-polo-queso-230-grs-2000504/p,https://jumbocl.vteximg.com.br/arquivos/ids/567475-250-250/Snack-Ramitas-Marco-Polo-Queso-230-g.jpg?v=639045136710900000,"Ramitas, Suflés y Otros Snacks",https://www.jumbo.cl/chocolates-galletas-y-snacks/snacks/ramitas-sufles-y-otros-snacks,https://bff.jumbo.cl/catalog/plp,2,2026-02-26T18:12:54
97552,De Todito 120 g,Evercrisp,1380,1380,False,https://www.jumbo.cl/detodito-ii-evercrisp-120-g-1860068/p,https://jumbocl.vteximg.com.br/arquivos/ids/457314-250-250/De-Todito-120-g.jpg?v=638857208893230000,"Ramitas, Suflés y Otros Snacks",https://www.jumbo.cl/chocolates-galletas-y-snacks/snacks/ramitas-sufles-y-otros-snacks,https://bff.jumbo.cl/catalog/plp,2,2026-02-26T18:12:54
118937,Snack Mix Marco Polo 290 g,Marco Polo,2830,2830,False,https://www.jumbo.cl/snack-mix-marco-polo-290g-1939670/p,https://jumbocl.vteximg.com.br/arquivos/ids/567461-250-250/Snack-Mix-Marco-Polo-290-g.jpg?v=639045136607600000,"Ramitas, Suflés y Otros Snacks",https://www.jumbo.cl/chocolates-galletas-y-snacks/snacks/ramitas-sufles-y-otros-snacks,https://bff.jumbo.cl/catalog/plp,2,2026-02-26T18:12:54
17103,Charqui de Vacuno Las Cardas 80 g,Las Cardas,6060,6060,False,https://www.jumbo.cl/charqui-de-vacuno-las-cardas-80-g/p,https://jumbocl.vteximg.com.br/arquivos/ids/351823-250-250/1588281.jpg?v=638776687130570000,"Ramitas, Suflés y Otros Snacks",https://www.jumbo.cl/chocolates-galletas-y-snacks/snacks/ramitas-sufles-y-otros-snacks,https://bff.jumbo.cl/catalog/plp,2,2026-02-26T18:12:54
139110,Snack Crunchis Palitos Queso Marco Polo 280 g,Marco Polo,1930,1930,False,https://www.jumbo.cl/crunchis-palitos-queso-marco-polo-280g-2000506/p,https://jumbocl.vteximg.com.br/arquivos/ids/567478-250-250/Snack-Crunchis-Palitos-Queso-Marco-Polo-280-g.jpg?v=639045136737730000,"Ramitas, Suflés y Otros Snacks",https://www.jumbo.cl/chocolates-galletas-y-snacks/snacks/ramitas-sufles-y-otros-snacks,https://bff.jumbo.cl/catalog/plp,2,2026-02-26T18:12:54
134375,Snack Empanaditas Jamón Queso Marco Polo 100 g,Marco Polo,690,950,True,https://www.jumbo.cl/empanaditas-jamon-queso-marco-polo-100g-1991538/p,https://jumbocl.vteximg.com.br/arquivos/ids/567465-250-250/Snack-Empanaditas-Jamon-Queso-Marco-Polo-100-g.jpg?v=639045136637830000,"Ramitas, Suflés y Otros Snacks",https://www.jumbo.cl/chocolates-galletas-y-snacks/snacks/ramitas-sufles-y-otros-snacks,https://bff.jumbo.cl/catalog/plp,2,2026-02-26T18:12:54
17106,Charqui de Vacuno Las Cardas 50 g,Las Cardas,4350,4350,False,https://www.jumbo.cl/charqui-de-vacuno-las-cardas-50-g/p,https://jumbocl.vteximg.com.br/arquivos/ids/351826-250-250/1588280.jpg?v=638776687135870000,"Ramitas, Suflés y Otros Snacks",https://www.jumbo.cl/chocolates-galletas-y-snacks/snacks/ramitas-sufles-y-otros-snacks,https://bff.jumbo.cl/catalog/plp,2,2026-02-26T18:12:54
118595,Snack Detodito Original 120 g,Evercrisp,1380,1380,False,https://www.jumbo.cl/detodito-i-evercrisp-120gr-1939087/p,https://jumbocl.vteximg.com.br/arquivos/ids/492911-250-250/Snack-Detodito-Original-120-g.jpg?v=638906471374200000,"Ramitas, Suflés y Otros Snacks",https://www.jumbo.cl/chocolates-galletas-y-snacks/snacks/ramitas-sufles-y-otros-snacks,https://bff.jumbo.cl/catalog/plp,2,2026-02-26T18:12:54
159983,Snack Aritos Cola Cao Marco Polo 200 g,Marco Polo,1490,1990,True,https://www.jumbo.cl/snack-aritos-cola-2054237/p,https://jumbocl.vteximg.com.br/arquivos/ids/567534-250-250/Snack-Aritos-Cola-Cao-Marco-Polo-200-g.jpg?v=639045137135330000,"Ramitas, Suflés y Otros Snacks",https://www.jumbo.cl/chocolates-galletas-y-snacks/snacks/ramitas-sufles-y-otros-snacks,https://bff.jumbo.cl/catalog/plp,2,2026-02-26T18:12:54
162079,Snack Tikaquitos Queso Tika 150 g,Tika,1990,1990,False,https://www.jumbo.cl/snack-tikaquitos-q-2058492/p,https://jumbocl.vteximg.com.br/arquivos/ids/555645-250-250/SNACK-TIKAQUITOS-Q.jpg?v=639017015261530000,"Ramitas, Suflés y Otros Snacks",https://www.jumbo.cl/chocolates-galletas-y-snacks/snacks/ramitas-sufles-y-otros-snacks,https://bff.jumbo.cl/catalog/plp,2,2026-02-26T18:12:54
162080,Snack Tikaquitos Fuego Tika Loco 150 g,Tika,1990,1990,False,https://www.jumbo.cl/snack-tikaquitos-f-2058493/p,https://jumbocl.vteximg.com.br/arquivos/ids/555647-250-250/SNACK-TIKAQUITOS-F.jpg?v=639017015269970000,"Ramitas, Suflés y Otros Snacks",https://www.jumbo.cl/chocolates-galletas-y-snacks/snacks/ramitas-sufles-y-otros-snacks,https://bff.jumbo.cl/catalog/plp,2,2026-02-26T18:12:54
76900,Ramitas Saladas 270 g,Cuisine & Co,2090,2090,False,https://www.jumbo.cl/ramitas-saladas-270-g-cuisine-and-co-1802307/p,https://jumbocl.vteximg.com.br/arquivos/ids/363832-250-250/Ramitas-saladas-270-g.jpg?v=638776750830970000,"Ramitas, Suflés y Otros Snacks",https://www.jumbo.cl/chocolates-galletas-y-snacks/snacks/ramitas-sufles-y-otros-snacks,https://bff.jumbo.cl/catalog/plp,2,2026-02-26T18:12:54
76899,Ramitas de Queso 270 g,Cuisine & Co,2090,2090,False,https://www.jumbo.cl/ramitas-de-queso-270-g-cuisine-and-co-1802306/p,https://jumbocl.vteximg.com.br/arquivos/ids/363829-250-250/Ramitas-de-queso-270-g.jpg?v=638776750829400000,"Ramitas, Suflés y Otros Snacks",https://www.jumbo.cl/chocolates-galletas-y-snacks/snacks/ramitas-sufles-y-otros-snacks,https://bff.jumbo.cl/catalog/plp,2,2026-02-26T18:12:54
75716,Pop Cheese Cuisine & Co 270 g,Cuisine & Co,1290,1990,True,https://www.jumbo.cl/pop-cheese-270-g-cuisine-and-co-1787039/p,https://jumbocl.vteximg.com.br/arquivos/ids/363437-250-250/Pop-cheese-270-g.jpg?v=638776748332970000,"Ramitas, Suflés y Otros Snacks",https://www.jumbo.cl/chocolates-galletas-y-snacks/snacks/ramitas-sufles-y-otros-snacks,https://bff.jumbo.cl/catalog/plp,2,2026-02-26T18:12:54
154184,Snack Nutripop Garbanzo Sin Gluten Queso 20 g,Nutripop,990,990,False,https://www.jumbo.cl/snack-nutripop-garbanzo-sglut-queso-20-g-2044495/p,https://jumbocl.vteximg.com.br/arquivos/ids/522715-250-250/Snack-Nutripop-Garbanzo-S-Glut-Queso-20-g.jpg?v=638959817303170000,"Ramitas, Suflés y Otros Snacks",https://www.jumbo.cl/chocolates-galletas-y-snacks/snacks/ramitas-sufles-y-otros-snacks,https://bff.jumbo.cl/catalog/plp,2,2026-02-26T18:12:54
125340,Charqui de Vacuno Jack Links 25 g,Jack Links,2870,2870,False,https://www.jumbo.cl/jack-links-beef-jerky-original-25-g-1960581/p,https://jumbocl.vteximg.com.br/arquivos/ids/391155-250-250/Snack-proteico-Jack-Links-Beef-Jerky-Original-25-g.jpg?v=638776866527500000,"Ramitas, Suflés y Otros Snacks",https://www.jumbo.cl/chocolates-galletas-y-snacks/snacks/ramitas-sufles-y-otros-snacks,https://bff.jumbo.cl/catalog/plp,2,2026-02-26T18:12:54
82093,Suflé Maní Cuisine & Co 250 g,Cuisine & Co,1790,1790,False,https://www.jumbo.cl/sufle-mani-250-g-cuisine-and-co-1802312/p,https://jumbocl.vteximg.com.br/arquivos/ids/364861-250-250/Sufle-mani-250-g.jpg?v=638776756199430000,"Ramitas, Suflés y Otros Snacks",https://www.jumbo.cl/chocolates-galletas-y-snacks/snacks/ramitas-sufles-y-otros-snacks,https://bff.jumbo.cl/catalog/plp,2,2026-02-26T18:12:54
119893,Empanaditas Queso Jamón 250 g,Marco Polo,1820,1820,False,https://www.jumbo.cl/empanaditas-queso-jamon-marco-polo-250g-1937214/p,https://jumbocl.vteximg.com.br/arquivos/ids/385134-250-250/Empanaditas-queso-jamon-250-g.jpg?v=638776843028870000,"Ramitas, Suflés y Otros Snacks",https://www.jumbo.cl/chocolates-galletas-y-snacks/snacks/ramitas-sufles-y-otros-snacks,https://bff.jumbo.cl/catalog/plp,2,2026-02-26T18:12:54
119959,Empanaditas Queso 250 g,Marco Polo,1820,1820,False,https://www.jumbo.cl/empanaditas-queso-marco-polo-250g-1937213/p,https://jumbocl.vteximg.com.br/arquivos/ids/385289-250-250/Empanaditas-Queso-250-g.jpg?v=638776843644230000,"Ramitas, Suflés y Otros Snacks",https://www.jumbo.cl/chocolates-galletas-y-snacks/snacks/ramitas-sufles-y-otros-snacks,https://bff.jumbo.cl/catalog/plp,2,2026-02-26T18:12:54
103313,Cheezels Sabor Queso 320 g,Evercrisp,3650,3650,False,https://www.jumbo.cl/cheezels-320-gr-1880372/p,https://jumbocl.vteximg.com.br/arquivos/ids/462756-250-250/Cheezels-Sabor-Queso-320-g.jpg?v=638869010021300000,"Ramitas, Suflés y Otros Snacks",https://www.jumbo.cl/chocolates-galletas-y-snacks/snacks/ramitas-sufles-y-otros-snacks,https://bff.jumbo.cl/catalog/plp,2,2026-02-26T18:12:54
3119,Cheezels Sabor Queso 30 g,Retro Snack,730,730,False,https://www.jumbo.cl/cheezels-retro-snack-bolsa-30-g-horneados/p,https://jumbocl.vteximg.com.br/arquivos/ids/455987-250-250/Cheezels-Sabor-Queso-30-g.jpg?v=638857186744770000,"Ramitas, Suflés y Otros Snacks",https://www.jumbo.cl/chocolates-galletas-y-snacks/snacks/ramitas-sufles-y-otros-snacks,https://bff.jumbo.cl/catalog/plp,2,2026-02-26T18:12:54
125322,Charqui de Vacuno Teriyaki Jack Links 25 g,Jack Links,2870,2870,False,https://www.jumbo.cl/jack-links-beef-jerky-teriyaki-25-g-1959562/p,https://jumbocl.vteximg.com.br/arquivos/ids/422288-250-250/Snack-proteico-Jack-Links-Beef-Jerky-teriyaki-25-g.jpg?v=638809575375470000,"Ramitas, Suflés y Otros Snacks",https://www.jumbo.cl/chocolates-galletas-y-snacks/snacks/ramitas-sufles-y-otros-snacks,https://bff.jumbo.cl/catalog/plp,2,2026-02-26T18:12:54
138401,Takis Blue Heat 190 g,Barcel,1890,2130,True,https://www.jumbo.cl/takis-blue-heat-barcel-190gr-1995363/p,https://jumbocl.vteximg.com.br/arquivos/ids/330297-250-250/Takis-Blue-Heat-190-g.jpg?v=638776432333800000,"Ramitas, Suflés y Otros Snacks",https://www.jumbo.cl/chocolates-galletas-y-snacks/snacks/ramitas-sufles-y-otros-snacks,https://bff.jumbo.cl/catalog/plp,2,2026-02-26T18:12:54
111025,Ramitas Inferno Spicy Cheddar 250 g,Inferno,1990,1990,False,https://www.jumbo.cl/ramitas-spicy-cheddar-inferno-250g-1909535/p,https://jumbocl.vteximg.com.br/arquivos/ids/378307-250-250/RAMITAS-SPICY-CHEDDAR-INFERNO-250G.jpg?v=638776814732830000,"Ramitas, Suflés y Otros Snacks",https://www.jumbo.cl/chocolates-galletas-y-snacks/snacks/ramitas-sufles-y-otros-snacks,https://bff.jumbo.cl/catalog/plp,2,2026-02-26T18:12:54
142486,Suflé Aros de Cebolla Bbq Buka 200 g,Buka,1990,1990,False,https://www.jumbo.cl/sufle-aros-de-cebolla-bbq-buka-200g-2009514/p,https://jumbocl.vteximg.com.br/arquivos/ids/337376-250-250/Sufle-Aros-de-Cebolla-BBQ-Buka-200-g.jpg?v=638776438566700000,"Ramitas, Suflés y Otros Snacks",https://www.jumbo.cl/chocolates-galletas-y-snacks/snacks/ramitas-sufles-y-otros-snacks,https://bff.jumbo.cl/catalog/plp,2,2026-02-26T18:12:54
88848,Charqui power mix keto 80 g,Tribu,1930,1930,False,https://www.jumbo.cl/charqui-power-mix-keto-80-g/p,https://jumbocl.vteximg.com.br/arquivos/ids/366983-250-250/Charqui-power-mix-keto-80-g-1-175308672.jpg?v=638776765743730000,"Ramitas, Suflés y Otros Snacks",https://www.jumbo.cl/chocolates-galletas-y-snacks/snacks/ramitas-sufles-y-otros-snacks,https://bff.jumbo.cl/catalog/plp,2,2026-02-26T18:12:54
105661,Cheetos Palitos Sabor A Queso 110 g,Evercrisp,1150,1150,False,https://www.jumbo.cl/cheetos-palitos-110-gr-1899121/p,https://jumbocl.vteximg.com.br/arquivos/ids/457370-250-250/Cheetos-Palitos-Sabor-a-Queso-110-g.jpg?v=638857209209700000,"Ramitas, Suflés y Otros Snacks",https://www.jumbo.cl/chocolates-galletas-y-snacks/snacks/ramitas-sufles-y-otros-snacks,https://bff.jumbo.cl/catalog/plp,2,2026-02-26T18:12:54
147373,Ramitas Evercrisp Queso 110 g,Evercrisp,1150,1150,False,https://www.jumbo.cl/ramitas-queso-110-gr-2030051/p,https://jumbocl.vteximg.com.br/arquivos/ids/493270-250-250/Ramitas-Evercrisp-Queso-110-g.jpg?v=638906472413370000,"Ramitas, Suflés y Otros Snacks",https://www.jumbo.cl/chocolates-galletas-y-snacks/snacks/ramitas-sufles-y-otros-snacks,https://bff.jumbo.cl/catalog/plp,2,2026-02-26T18:12:54
147370,Ramitas Evercrisp Saladas 110 g,Evercrisp,1150,1150,False,https://www.jumbo.cl/ramitas-saladas-110-gr-2030052/p,https://jumbocl.vteximg.com.br/arquivos/ids/493278-250-250/Ramitas-Evercrisp-Saladas-110-g.jpg?v=638906472449330000,"Ramitas, Suflés y Otros Snacks",https://www.jumbo.cl/chocolates-galletas-y-snacks/snacks/ramitas-sufles-y-otros-snacks,https://bff.jumbo.cl/catalog/plp,2,2026-02-26T18:12:54
126822,Galletas Saladas Club Social Original 216 g,Club Social,1890,1890,False,https://www.jumbo.cl/galleta-club-social-normal-216-gr-1961732/p,https://jumbocl.vteximg.com.br/arquivos/ids/510915-250-250/Galletas-Saladas-Club-Social-Original-216-g.jpg?v=638942411064400000,Galletas de Cóctel,https://www.jumbo.cl/chocolates-galletas-y-snacks/galletas-saladas/galletas-de-coctel,https://bff.jumbo.cl/catalog/plp,1,2026-02-26T18:13:03
148803,Galletas Club Social Sabor Queso Pack 9 un. x 24 g,Club Social,1890,1890,False,https://www.jumbo.cl/galleta-queso-2038101/p,https://jumbocl.vteximg.com.br/arquivos/ids/437556-250-250/Galletas-Club-Social-Sabor-Queso-Pack-9-un-x-24-g.jpg?v=638831039198330000,Galletas de Cóctel,https://www.jumbo.cl/chocolates-galletas-y-snacks/galletas-saladas/galletas-de-coctel,https://bff.jumbo.cl/catalog/plp,1,2026-02-26T18:13:03
148804,Galletas Club Social Sabor Jamón Ahumado Pack 9 un. x 24 g,Club Social,1890,1890,False,https://www.jumbo.cl/galleta-jamon-2038102/p,https://jumbocl.vteximg.com.br/arquivos/ids/436332-250-250/Galletas-Club-Social-Sabor-Jamon-Ahumado-Pack-9-un-x-24-g.jpg?v=638827842275900000,Galletas de Cóctel,https://www.jumbo.cl/chocolates-galletas-y-snacks/galletas-saladas/galletas-de-coctel,https://bff.jumbo.cl/catalog/plp,1,2026-02-26T18:13:03
156380,Galletas Club Social Pack 12 un.,Club Social,2000,2000,False,https://www.jumbo.cl/galleta-club-social-pack12-2048615/p,https://jumbocl.vteximg.com.br/arquivos/ids/519291-250-250/Pack-12-un-Galletas-Club-Social.jpg?v=638950438854600000,Galletas de Cóctel,https://www.jumbo.cl/chocolates-galletas-y-snacks/galletas-saladas/galletas-de-coctel,https://bff.jumbo.cl/catalog/plp,1,2026-02-26T18:13:03
156381,Galletas Saladas Ritz Sabor Original 70 g,Ritz,590,590,False,https://www.jumbo.cl/galleta-ritz-70gr-2048622/p,https://jumbocl.vteximg.com.br/arquivos/ids/567976-250-250/Galletas-Ritz-Sabor-Original-70-g.jpg?v=639046023078670000,Galletas de Cóctel,https://www.jumbo.cl/chocolates-galletas-y-snacks/galletas-saladas/galletas-de-coctel,https://bff.jumbo.cl/catalog/plp,1,2026-02-26T18:13:03
134678,Galletas Selz Cracker 270 g,Selz,1310,1310,False,https://www.jumbo.cl/cracker-tradicional-3pack-270g-1989470/p,https://jumbocl.vteximg.com.br/arquivos/ids/322883-250-250/Galletas-Cracker-Tradicional-3-Pack-270-g.jpg?v=638776426479830000,Galletas de Cóctel,https://www.jumbo.cl/chocolates-galletas-y-snacks/galletas-saladas/galletas-de-coctel,https://bff.jumbo.cl/catalog/plp,1,2026-02-26T18:13:03
97624,Galletas de Maíz Salmas Horneadas 216 g,Salmas,2990,3390,True,https://www.jumbo.cl/galletas-salmas-maiz-horneadas-216-g-1858597/p,https://jumbocl.vteximg.com.br/arquivos/ids/370098-250-250/Galletas-salmas-maiz-horneadas-216-g.jpg?v=638776780587330000,Galletas de Cóctel,https://www.jumbo.cl/chocolates-galletas-y-snacks/galletas-saladas/galletas-de-coctel,https://bff.jumbo.cl/catalog/plp,1,2026-02-26T18:13:03
2605,Tripack Galletas Crackelet 255 g 3 un.,Costa,1650,1650,False,https://www.jumbo.cl/galletas-costa-255-g-tripack-crackelet/p,https://jumbocl.vteximg.com.br/arquivos/ids/346388-250-250/Galletas-tripack-Crackelet-255-g.jpg?v=638776458357130000,Galletas de Cóctel,https://www.jumbo.cl/chocolates-galletas-y-snacks/galletas-saladas/galletas-de-coctel,https://bff.jumbo.cl/catalog/plp,1,2026-02-26T18:13:03
156382,Galletas Saladas Ritz Rellenas de Queso 75 g,Ritz,850,850,False,https://www.jumbo.cl/galleta-queso-ritz-75g-2048623/p,https://jumbocl.vteximg.com.br/arquivos/ids/567984-250-250/Galletas-Ritz-Rellenas-de-Queso-75-g.jpg?v=639046023103070000,Galletas de Cóctel,https://www.jumbo.cl/chocolates-galletas-y-snacks/galletas-saladas/galletas-de-coctel,https://bff.jumbo.cl/catalog/plp,1,2026-02-26T18:13:03
19185,Galletas Tika Mini Crackers Cúrcuma y Sésamo 140 g,Tika,2500,2500,False,https://www.jumbo.cl/galletas-crackers-tika-140-g-curcuma/p,https://jumbocl.vteximg.com.br/arquivos/ids/445280-250-250/Galletas-Tika-Mini-Crackers-Curcuma-y-Sesamo-140-g.jpg?v=638838833791770000,Galletas de Cóctel,https://www.jumbo.cl/chocolates-galletas-y-snacks/galletas-saladas/galletas-de-coctel,https://bff.jumbo.cl/catalog/plp,1,2026-02-26T18:13:03
74695,Galletas Grill Clásica 140 g,Mckay,1730,1730,False,https://www.jumbo.cl/galleta-grill-bolsa-mckay-140-g/p,https://jumbocl.vteximg.com.br/arquivos/ids/578454-250-250/Galletas-Grill-Clasica-140-g.jpg?v=639071560643170000,Galletas de Cóctel,https://www.jumbo.cl/chocolates-galletas-y-snacks/galletas-saladas/galletas-de-coctel,https://bff.jumbo.cl/catalog/plp,1,2026-02-26T18:13:03
134658,Galletas Selz Cracker Orégano 90 g,Selz,450,550,True,https://www.jumbo.cl/galletas-cracker-ore-oli-90gr-1989466/p,https://jumbocl.vteximg.com.br/arquivos/ids/323555-250-250/Galletas-Cracker-Ore-Oli-90-g.jpg?v=638776426979900000,Galletas de Cóctel,https://www.jumbo.cl/chocolates-galletas-y-snacks/galletas-saladas/galletas-de-coctel,https://bff.jumbo.cl/catalog/plp,1,2026-02-26T18:13:03
2601,Galletas Mini Selz Clásicas 35 g,Arcor,290,290,False,https://www.jumbo.cl/galletas-arcor-galleta-mini-selz/p,https://jumbocl.vteximg.com.br/arquivos/ids/346386-250-250/Galletas-mini-Selz-35-g.jpg?v=638776458329600000,Galletas de Cóctel,https://www.jumbo.cl/chocolates-galletas-y-snacks/galletas-saladas/galletas-de-coctel,https://bff.jumbo.cl/catalog/plp,1,2026-02-26T18:13:03
92499,Galletas Nat Crackers Cramberry Nuez 80 g,Nat Crackers,2450,2450,False,https://www.jumbo.cl/galleta-cramberry-80-g/p,https://jumbocl.vteximg.com.br/arquivos/ids/367815-250-250/Galleta-Nat-crackers-cramberry-nuez-80-g.jpg?v=638776769575200000,Galletas de Cóctel,https://www.jumbo.cl/chocolates-galletas-y-snacks/galletas-saladas/galletas-de-coctel,https://bff.jumbo.cl/catalog/plp,1,2026-02-26T18:13:03
54720,Galletas Nat Crackers Cranberry Nuez 160 g,Nat Crackers,4650,4650,False,https://www.jumbo.cl/galleta-natcrackers-cranberry-nuez-160-g/p,https://jumbocl.vteximg.com.br/arquivos/ids/359323-250-250/Galleta-Natcrackers-cranberry-nuez-160-g.jpg?v=638776727758000000,Galletas de Cóctel,https://www.jumbo.cl/chocolates-galletas-y-snacks/galletas-saladas/galletas-de-coctel,https://bff.jumbo.cl/catalog/plp,1,2026-02-26T18:13:03
92999,Galletas Perfect Choice Artisan Zapallo y Cranberries 130 g,Perfect Choice,3990,3990,False,https://www.jumbo.cl/galletas-horns-artisan-semillas-130-g/p,https://jumbocl.vteximg.com.br/arquivos/ids/368072-250-250/Galletas-Artisan-zapallo-y-cranberries-130-g.jpg?v=638776770953230000,Galletas de Cóctel,https://www.jumbo.cl/chocolates-galletas-y-snacks/galletas-saladas/galletas-de-coctel,https://bff.jumbo.cl/catalog/plp,1,2026-02-26T18:13:03
156452,Galletas Tika Crackers Quinoa Oliva 140 g,Tika,2500,2500,False,https://www.jumbo.cl/galleta-tika-crackers-quinoa-oliva140g-2051600/p,https://jumbocl.vteximg.com.br/arquivos/ids/518446-250-250/GALLETA-TIKA-CRACKERS-QUINOA-OLIVA140G.jpg?v=638948537386930000,Galletas de Cóctel,https://www.jumbo.cl/chocolates-galletas-y-snacks/galletas-saladas/galletas-de-coctel,https://bff.jumbo.cl/catalog/plp,1,2026-02-26T18:13:03
134684,Galletas Selz Cracker Tradicional 90 g,Selz,450,550,True,https://www.jumbo.cl/galletas-cracker-tradicional-90gr-1989464/p,https://jumbocl.vteximg.com.br/arquivos/ids/323150-250-250/Galletas-Cracker-Tradicional-90-g.jpg?v=638776426689500000,Galletas de Cóctel,https://www.jumbo.cl/chocolates-galletas-y-snacks/galletas-saladas/galletas-de-coctel,https://bff.jumbo.cl/catalog/plp,1,2026-02-26T18:13:03
146118,Galleta Selz Cracker Semillas 150 g,Selz,990,990,False,https://www.jumbo.cl/galleta-selz-cracker-semillas-150g-2021759/p,https://jumbocl.vteximg.com.br/arquivos/ids/410726-250-250/Galleta-Selz-Cracker-Semillas-150-g.jpg?v=638790482645600000,Galletas de Cóctel,https://www.jumbo.cl/chocolates-galletas-y-snacks/galletas-saladas/galletas-de-coctel,https://bff.jumbo.cl/catalog/plp,1,2026-02-26T18:13:03
127797,Galletas Saladas Club Social Integrales 216 g,Club Social,1890,1890,False,https://www.jumbo.cl/galleta-club-social-integral-24-gr-1966545/p,https://jumbocl.vteximg.com.br/arquivos/ids/510931-250-250/Galletas-Saladas-Club-Social-Integrales-216-g.jpg?v=638942411739300000,Galletas de Cóctel,https://www.jumbo.cl/chocolates-galletas-y-snacks/galletas-saladas/galletas-de-coctel,https://bff.jumbo.cl/catalog/plp,1,2026-02-26T18:13:03
2607,Galletas Costa Crackelet 85 g,Costa,580,580,False,https://www.jumbo.cl/galletas-costa-paquete-85-g-crackelet/p,https://jumbocl.vteximg.com.br/arquivos/ids/346390-250-250/Galletas-Crackelet-85-g.jpg?v=638776458388900000,Galletas de Cóctel,https://www.jumbo.cl/chocolates-galletas-y-snacks/galletas-saladas/galletas-de-coctel,https://bff.jumbo.cl/catalog/plp,1,2026-02-26T18:13:03
52166,Galletas Grill Clásica 35 g,Mckay,460,460,False,https://www.jumbo.cl/galletas-mckay-grill-35-g/p,https://jumbocl.vteximg.com.br/arquivos/ids/358737-250-250/Galletas-Grill-clasicas-35g.jpg?v=638776725140000000,Galletas de Cóctel,https://www.jumbo.cl/chocolates-galletas-y-snacks/galletas-saladas/galletas-de-coctel,https://bff.jumbo.cl/catalog/plp,1,2026-02-26T18:13:03
115570,Galletas Saladas Sacapita Sal de Mar 120 g,Sacapita,3190,3190,False,https://www.jumbo.cl/sacapita-sal-de-mar-120-gr-1925883/p,https://jumbocl.vteximg.com.br/arquivos/ids/381750-250-250/Galletas-sal-de-mar-120-g.jpg?v=638776828323570000,Galletas de Cóctel,https://www.jumbo.cl/chocolates-galletas-y-snacks/galletas-saladas/galletas-de-coctel,https://bff.jumbo.cl/catalog/plp,1,2026-02-26T18:13:03
78642,Galletas Nat Crackers Dátiles y Almendras 160 g,Nat Crackers,4650,4650,False,https://www.jumbo.cl/galletas-de-datiles-y-almendras-160-g/p,https://jumbocl.vteximg.com.br/arquivos/ids/364079-250-250/Galletas-de-datiles-y-almendras-160-g.jpg?v=638776752089330000,Galletas de Cóctel,https://www.jumbo.cl/chocolates-galletas-y-snacks/galletas-saladas/galletas-de-coctel,https://bff.jumbo.cl/catalog/plp,1,2026-02-26T18:13:03
134666,Galletas Selz Cracker Merkén 90 g,Selz,450,550,True,https://www.jumbo.cl/galletas-cracker-merken-90gr-1989467/p,https://jumbocl.vteximg.com.br/arquivos/ids/322885-250-250/Galletas-Cracker-Merken-90-g.jpg?v=638776426480130000,Galletas de Cóctel,https://www.jumbo.cl/chocolates-galletas-y-snacks/galletas-saladas/galletas-de-coctel,https://bff.jumbo.cl/catalog/plp,1,2026-02-26T18:13:03
132427,Chip Sanissimo Ideal Original 160 g,Ideal,2950,2950,False,https://www.jumbo.cl/chip-sanissimo-original-160gr-1979587/p,https://jumbocl.vteximg.com.br/arquivos/ids/400274-250-250/Chip-Sanissimo-Original-160-g.jpg?v=638776900799570000,Galletas de Cóctel,https://www.jumbo.cl/chocolates-galletas-y-snacks/galletas-saladas/galletas-de-coctel,https://bff.jumbo.cl/catalog/plp,1,2026-02-26T18:13:03
54719,Galletas Nat Crackers Pistacho Romero 160 g,Nat Crackers,4650,4650,False,https://www.jumbo.cl/galleta-natcrackers-pistacho-romero-160-g/p,https://jumbocl.vteximg.com.br/arquivos/ids/359322-250-250/Galleta-Natcrackers-pistacho-romero-160-g.jpg?v=638776727758000000,Galletas de Cóctel,https://www.jumbo.cl/chocolates-galletas-y-snacks/galletas-saladas/galletas-de-coctel,https://bff.jumbo.cl/catalog/plp,1,2026-02-26T18:13:03
137735,Galletas Perfect Choice Crackers Ajo 175 g,Perfect Choice,2330,2330,False,https://www.jumbo.cl/galletas-crackers-pchoice-ajo-175gr-1997228/p,https://jumbocl.vteximg.com.br/arquivos/ids/328734-250-250/Galletas-Perfect-Choice-Crackers-Ajo-175-g.jpg?v=638776431232000000,Galletas de Cóctel,https://www.jumbo.cl/chocolates-galletas-y-snacks/galletas-saladas/galletas-de-coctel,https://bff.jumbo.cl/catalog/plp,1,2026-02-26T18:13:03
93000,Galletas Perfect Choice Artisan Higo y Nuez Pecana 130 g,Perfect Choice,4090,4090,False,https://www.jumbo.cl/galletas-horns-artisan-higo-y-nuez-130-g/p,https://jumbocl.vteximg.com.br/arquivos/ids/368070-250-250/Galleta-Artisan-higo-y-nuez-pecana-130-g.jpg?v=638776770952430000,Galletas de Cóctel,https://www.jumbo.cl/chocolates-galletas-y-snacks/galletas-saladas/galletas-de-coctel,https://bff.jumbo.cl/catalog/plp,1,2026-02-26T18:13:03
59,Galletas Mini Sabor Jamón Selz 35 g,Selz,290,290,False,https://www.jumbo.cl/galleta-mini-selz-jamon-arcor-35-g/p,https://jumbocl.vteximg.com.br/arquivos/ids/297608-250-250/Galleta-Mini-sabor-Jamon-Selz-35-g.jpg?v=638775741265200000,Galletas de Cóctel,https://www.jumbo.cl/chocolates-galletas-y-snacks/galletas-saladas/galletas-de-coctel,https://bff.jumbo.cl/catalog/plp,1,2026-02-26T18:13:03
127799,Galletas Saladas Club Social Mantequilla 216 g,Club Social,1890,1890,False,https://www.jumbo.cl/galleta-club-social-mantequilla-24-gr-1964235/p,https://jumbocl.vteximg.com.br/arquivos/ids/510927-250-250/Galletas-Saladas-Club-Social-Mantequilla-216-g.jpg?v=638942411712300000,Galletas de Cóctel,https://www.jumbo.cl/chocolates-galletas-y-snacks/galletas-saladas/galletas-de-coctel,https://bff.jumbo.cl/catalog/plp,1,2026-02-26T18:13:03
156451,Galletas Tika Crackers Tomate Albahaca 140 g,Tika,2500,2500,False,https://www.jumbo.cl/galleta-tika-crackers-tomate-albaha-140g-2051599/p,https://jumbocl.vteximg.com.br/arquivos/ids/518444-250-250/GALLETA-TIKA-CRACKERS-TOMATE-ALBAHA-140G.jpg?v=638948537372370000,Galletas de Cóctel,https://www.jumbo.cl/chocolates-galletas-y-snacks/galletas-saladas/galletas-de-coctel,https://bff.jumbo.cl/catalog/plp,1,2026-02-26T18:13:03
155785,Galletas Grill Clásica 200 g,Mckay,2000,2590,True,https://www.jumbo.cl/galleta-grill-clasica-200g-2048208/p,https://jumbocl.vteximg.com.br/arquivos/ids/500307-250-250/Galletas-Grill-Clasica-200-g.jpg?v=638917603283570000,Galletas de Cóctel,https://www.jumbo.cl/chocolates-galletas-y-snacks/galletas-saladas/galletas-de-coctel,https://bff.jumbo.cl/catalog/plp,1,2026-02-26T18:13:03
158032,Galletas Nat Wafer Crackers Original 100 g,Nat Crackers,3690,3690,False,https://www.jumbo.cl/galleta-nat-wafer-crackers-original-100g-2048746/p,https://jumbocl.vteximg.com.br/arquivos/ids/518720-250-250/Galleta-Nat-Wafer-Crackers-Original-100-g.jpg?v=638950410275100000,Galletas de Cóctel,https://www.jumbo.cl/chocolates-galletas-y-snacks/galletas-saladas/galletas-de-coctel,https://bff.jumbo.cl/catalog/plp,1,2026-02-26T18:13:03
158033,Galletas Nat Wafer Crackers Romero 100 g,Nat Crackers,3690,3690,False,https://www.jumbo.cl/galleta-nat-wafer-crackers-romero-100g-2048744/p,https://jumbocl.vteximg.com.br/arquivos/ids/518701-250-250/Galleta-Nat-Wafer-Crackers-Romero-100-g.jpg?v=638950410232000000,Galletas de Cóctel,https://www.jumbo.cl/chocolates-galletas-y-snacks/galletas-saladas/galletas-de-coctel,https://bff.jumbo.cl/catalog/plp,1,2026-02-26T18:13:03
115578,Galletas Grill Albahaca 140 g,Mckay,1790,1790,False,https://www.jumbo.cl/galleta-grill-albahaca-bolsa-mckay-140g-1932763/p,https://jumbocl.vteximg.com.br/arquivos/ids/579150-250-250/Galletas-Grill-Albahaca-140-g.jpg?v=639071561646170000,Galletas de Cóctel,https://www.jumbo.cl/chocolates-galletas-y-snacks/galletas-saladas/galletas-de-coctel,https://bff.jumbo.cl/catalog/plp,1,2026-02-26T18:13:03
142532,Galletas Cracker Cuisine & Co Tripack 255 g,Cuisine & Co,1290,1290,False,https://www.jumbo.cl/galleta-cracker-c-and-co-tripack-255g-2001066/p,https://jumbocl.vteximg.com.br/arquivos/ids/419279-250-250/Galleta-Cracker-Cuisne---Co-Tripack-255-g.jpg?v=638809479272670000,Galletas de Cóctel,https://www.jumbo.cl/chocolates-galletas-y-snacks/galletas-saladas/galletas-de-coctel,https://bff.jumbo.cl/catalog/plp,1,2026-02-26T18:13:03
131554,Galletas Cóctel Quadrelli Sal de Mar 150 g,Quadrelli,2590,2590,False,https://www.jumbo.cl/gall-horn-quadrelli-sal-de-mar-150-gr-1956810/p,https://jumbocl.vteximg.com.br/arquivos/ids/398845-250-250/Galletas-Cocktail-Quadrelli-Sal-de-Mar-150-g.jpg?v=638776895597130000,Galletas de Cóctel,https://www.jumbo.cl/chocolates-galletas-y-snacks/galletas-saladas/galletas-de-coctel,https://bff.jumbo.cl/catalog/plp,1,2026-02-26T18:13:03
19075,Galletas Saladas Crackelet Sal de Mar 70 g,Crackelet,580,580,False,https://www.jumbo.cl/galletas-saladas-crackelet-70-g-sal-de-mar/p,https://jumbocl.vteximg.com.br/arquivos/ids/353232-250-250/Galletas-saladas-Crackelet-70-g-sal-de-mar.jpg?v=638776696546830000,Galletas de Cóctel,https://www.jumbo.cl/chocolates-galletas-y-snacks/galletas-saladas/galletas-de-coctel,https://bff.jumbo.cl/catalog/plp,1,2026-02-26T18:13:03
146117,Galleta Selz Max 140 g,Selz,1190,1190,False,https://www.jumbo.cl/galleta-selz-max-140g-2021758/p,https://jumbocl.vteximg.com.br/arquivos/ids/410714-250-250/Galleta-Selz-Max-140-g.jpg?v=638790482587500000,Galletas de Cóctel,https://www.jumbo.cl/chocolates-galletas-y-snacks/galletas-saladas/galletas-de-coctel,https://bff.jumbo.cl/catalog/plp,1,2026-02-26T18:13:03
115592,Galletas Saladas Sacapita Romero 120 g,Sacapita,3190,3190,False,https://www.jumbo.cl/sacapita-romero-120-gr-1925884/p,https://jumbocl.vteximg.com.br/arquivos/ids/381773-250-250/Galletas-saladas-romero-120-g.jpg?v=638776828421130000,Galletas de Cóctel,https://www.jumbo.cl/chocolates-galletas-y-snacks/galletas-saladas/galletas-de-coctel,https://bff.jumbo.cl/catalog/plp,2,2026-02-26T18:13:07
115569,Galletas Grill Jamón Serrano 140 g,Mckay,1790,1790,False,https://www.jumbo.cl/galleta-grill-jamon-serrano-mckay-140g-1932764/p,https://jumbocl.vteximg.com.br/arquivos/ids/381746-250-250/Galletas-Grill-jamon-serrano-140-g.jpg?v=638776828298870000,Galletas de Cóctel,https://www.jumbo.cl/chocolates-galletas-y-snacks/galletas-saladas/galletas-de-coctel,https://bff.jumbo.cl/catalog/plp,2,2026-02-26T18:13:07
135891,Galleta Crisp Danvita Zanahorias 130 g,Danvita,2168,2890,True,https://www.jumbo.cl/gall-crisp-danvita-zanahorias-130g-1986308/p,https://jumbocl.vteximg.com.br/arquivos/ids/325747-250-250/Galleta-Crisp-Danvita-Zanahorias-130-g.jpg?v=638776428617600000,Galletas de Cóctel,https://www.jumbo.cl/chocolates-galletas-y-snacks/galletas-saladas/galletas-de-coctel,https://bff.jumbo.cl/catalog/plp,2,2026-02-26T18:13:07
92034,Galletas de Maíz Tipo Cóctel 60 g,Saniito,1890,1890,False,https://www.jumbo.cl/galleta-de-maiz-cocktail-60-g/p,https://jumbocl.vteximg.com.br/arquivos/ids/312215-250-250/Galleta-de-Maiz-Tipo-Cocktail-60-g.jpg?v=638776395961900000,Galletas de Cóctel,https://www.jumbo.cl/chocolates-galletas-y-snacks/galletas-saladas/galletas-de-coctel,https://bff.jumbo.cl/catalog/plp,2,2026-02-26T18:13:07
135886,Galleta Crisp Danvita Queso Tomate Albahaca 130 g,Danvita,2168,2890,True,https://www.jumbo.cl/gall-crisp-danvita-queso-toma-albah-130g-1986285/p,https://jumbocl.vteximg.com.br/arquivos/ids/325550-250-250/Galleta-Crisp-Danvita-Queso-Tomate-Albahaca-130-g.jpg?v=638776428456370000,Galletas de Cóctel,https://www.jumbo.cl/chocolates-galletas-y-snacks/galletas-saladas/galletas-de-coctel,https://bff.jumbo.cl/catalog/plp,2,2026-02-26T18:13:07
138531,Galletas Crackers Keto de Harina de Almendras y Romero 135 g,Grana,5390,5390,False,https://www.jumbo.cl/gall-cracker-romero-keto-veg-grana-135gr-2001344/p,https://jumbocl.vteximg.com.br/arquivos/ids/330873-250-250/Galletas-Crackers-Keto-de-Harina-de-Almendras-y-Romero-135-g.jpg?v=638776432747200000,Galletas de Cóctel,https://www.jumbo.cl/chocolates-galletas-y-snacks/galletas-saladas/galletas-de-coctel,https://bff.jumbo.cl/catalog/plp,2,2026-02-26T18:13:07
145910,Crackelet Envases Individuales 137 g,Costa,1290,1290,False,https://www.jumbo.cl/crackelet-pack-6-un-137gr-2019963/p,https://jumbocl.vteximg.com.br/arquivos/ids/344444-250-250/CRACKELET-PACK-6-UN-137GR.jpg?v=638776443931300000,Galletas de Cóctel,https://www.jumbo.cl/chocolates-galletas-y-snacks/galletas-saladas/galletas-de-coctel,https://bff.jumbo.cl/catalog/plp,2,2026-02-26T18:13:07
138502,Galletas Crackers Keto de Harina de Almendras y Sal de Mar 135 g,Grana,5390,5390,False,https://www.jumbo.cl/gall-cracker-salmar-keto-veg-grana-135gr-2001345/p,https://jumbocl.vteximg.com.br/arquivos/ids/330754-250-250/Galletas-Crackers-Keto-de-Harina-de-Almendras-y-Sal-de-Mar-135-g.jpg?v=638776432664300000,Galletas de Cóctel,https://www.jumbo.cl/chocolates-galletas-y-snacks/galletas-saladas/galletas-de-coctel,https://bff.jumbo.cl/catalog/plp,2,2026-02-26T18:13:07
135909,Galleta Crisp Danvita Betarraga 130 g,Danvita,2168,2890,True,https://www.jumbo.cl/gall-crisp-danvita-betarraga-130g-1986287/p,https://jumbocl.vteximg.com.br/arquivos/ids/325679-250-250/Galleta-Crisp-Danvita-Betarraga-130-g.jpg?v=638776428564100000,Galletas de Cóctel,https://www.jumbo.cl/chocolates-galletas-y-snacks/galletas-saladas/galletas-de-coctel,https://bff.jumbo.cl/catalog/plp,2,2026-02-26T18:13:07
103865,Galletas Saladas Cuetara Krititas 350 g,Cuetara,3250,3250,False,https://www.jumbo.cl/galletas-saladas-krititas-cuetara-350-gr-1887343/p,https://jumbocl.vteximg.com.br/arquivos/ids/374322-250-250/Galletas-saladas-Krititas-350-g.jpg?v=638776799207430000,Galletas de Cóctel,https://www.jumbo.cl/chocolates-galletas-y-snacks/galletas-saladas/galletas-de-coctel,https://bff.jumbo.cl/catalog/plp,2,2026-02-26T18:13:07
148966,"Galletas Cracker Keto Harina de Almendras, Ajo, y Albahaca 135 g",Grana,5390,5390,False,https://www.jumbo.cl/galleta-crak-150g-2037161/p,https://jumbocl.vteximg.com.br/arquivos/ids/447980-250-250/Galletas-Cracker-Keto-Harina-de-Almendras-Ajo-y-Albahaca-135-g.jpg?v=638843119575400000,Galletas de Cóctel,https://www.jumbo.cl/chocolates-galletas-y-snacks/galletas-saladas/galletas-de-coctel,https://bff.jumbo.cl/catalog/plp,2,2026-02-26T18:13:07
135922,Galletas Crisp Danvita Chile Ajo 130 g,Danvita,2168,2890,True,https://www.jumbo.cl/gall-crisp-danvita-chili-ajo-130g-1986288/p,https://jumbocl.vteximg.com.br/arquivos/ids/458006-250-250/Galletas-Crisp-Danvita-Chile-Ajo-130-g.jpg?v=638857855776800000,Galletas de Cóctel,https://www.jumbo.cl/chocolates-galletas-y-snacks/galletas-saladas/galletas-de-coctel,https://bff.jumbo.cl/catalog/plp,2,2026-02-26T18:13:07
158034,Galletas Nat Wafer Crackers Pimienta 100 g,Nat Crackers,3690,3690,False,https://www.jumbo.cl/galleta-nat-wafer-crackers-pimienta-100g-2048745/p,https://jumbocl.vteximg.com.br/arquivos/ids/518708-250-250/Galleta-Nat-Wafer-Crackers-Pimienta-100-g.jpg?v=638950410252870000,Galletas de Cóctel,https://www.jumbo.cl/chocolates-galletas-y-snacks/galletas-saladas/galletas-de-coctel,https://bff.jumbo.cl/catalog/plp,2,2026-02-26T18:13:07
159048,Galletas Crackers Love Sal de Mar 130 g,Love Co,4490,4490,False,https://www.jumbo.cl/galleta-love-co-2055044/p,https://jumbocl.vteximg.com.br/arquivos/ids/536760-250-250/Galletas-Crackers-Love-Sal-de-Mar-130-g.jpg?v=638983812703270000,Galletas de Cóctel,https://www.jumbo.cl/chocolates-galletas-y-snacks/galletas-saladas/galletas-de-coctel,https://bff.jumbo.cl/catalog/plp,2,2026-02-26T18:13:07
159049,Galletas Crackers Love Romero 130 g,Love Co,4490,4490,False,https://www.jumbo.cl/galleta-love-co-2056071/p,https://jumbocl.vteximg.com.br/arquivos/ids/536891-250-250/Galletas-Crackers-Love-Romero-130-g.jpg?v=638983813097600000,Galletas de Cóctel,https://www.jumbo.cl/chocolates-galletas-y-snacks/galletas-saladas/galletas-de-coctel,https://bff.jumbo.cl/catalog/plp,2,2026-02-26T18:13:07
131555,Galletas Cóctel Quadrelli Espelta Chia 150 g,Quadrelli,2590,2590,False,https://www.jumbo.cl/gall-horn-quadrelli-espelta-chia-150-gr-1956809/p,https://jumbocl.vteximg.com.br/arquivos/ids/398843-250-250/Galletas-Cocktail-Quadrelli-Espelta-Chia-150-g.jpg?v=638776895595900000,Galletas de Cóctel,https://www.jumbo.cl/chocolates-galletas-y-snacks/galletas-saladas/galletas-de-coctel,https://bff.jumbo.cl/catalog/plp,2,2026-02-26T18:13:07
82958,Galletas Ricecrisps Sal de Mar 100 g,Ricecrisps,3550,3550,False,https://www.jumbo.cl/galletas-sal-de-mar-100-g/p,https://jumbocl.vteximg.com.br/arquivos/ids/311367-250-250/Galletas-sal-de-mar-100-g.jpg?v=638776393591330000,Galletas de Cóctel,https://www.jumbo.cl/chocolates-galletas-y-snacks/galletas-saladas/galletas-de-coctel,https://bff.jumbo.cl/catalog/plp,2,2026-02-26T18:13:07
142529,Galletas Cracker Cuisine & Co Unitaria 85 g,Cuisine & Co,480,480,False,https://www.jumbo.cl/galleta-cracker-c-and-co-unitaria-85g-1999413/p,https://jumbocl.vteximg.com.br/arquivos/ids/419278-250-250/Galleta-Cracker-Cuisne---Co-Unitaria-85-g.jpg?v=638809479261470000,Galletas de Cóctel,https://www.jumbo.cl/chocolates-galletas-y-snacks/galletas-saladas/galletas-de-coctel,https://bff.jumbo.cl/catalog/plp,2,2026-02-26T18:13:07
148806,Galletas Salmas Camote 6 un. 108 g,Sanissimo,1990,2130,True,https://www.jumbo.cl/salmascamotezana6p-2038104/p,https://jumbocl.vteximg.com.br/arquivos/ids/434616-250-250/Galletas-Salmas-Camote-6-un-108-g.jpg?v=638823548655300000,Galletas de Cóctel,https://www.jumbo.cl/chocolates-galletas-y-snacks/galletas-saladas/galletas-de-coctel,https://bff.jumbo.cl/catalog/plp,2,2026-02-26T18:13:07
148805,Galletas Salmas Clásica 108 g,Sanissimo,1990,2130,True,https://www.jumbo.cl/salmasmaizmorado6p-2038103/p,https://jumbocl.vteximg.com.br/arquivos/ids/434615-250-250/Galletas-Salmas-Clasica-108-g.jpg?v=638823548639330000,Galletas de Cóctel,https://www.jumbo.cl/chocolates-galletas-y-snacks/galletas-saladas/galletas-de-coctel,https://bff.jumbo.cl/catalog/plp,2,2026-02-26T18:13:07
115529,Galletas Crackers Lorenz con Semillas 100 g,Lorenz,2390,2390,False,https://www.jumbo.cl/crackers-c-semillas-lorenz-100g-1928709/p,https://jumbocl.vteximg.com.br/arquivos/ids/316416-250-250/Galletas-Crackers-con-semillas-100-g.jpg?v=638776408098670000,Galletas de Cóctel,https://www.jumbo.cl/chocolates-galletas-y-snacks/galletas-saladas/galletas-de-coctel,https://bff.jumbo.cl/catalog/plp,2,2026-02-26T18:13:07
132456,Chip Sanissimo Ideal Tomate Albahaca 160 g,Ideal,2950,2950,False,https://www.jumbo.cl/chip-sanissimo-tomate-albahaca-160gr-1979589/p,https://jumbocl.vteximg.com.br/arquivos/ids/400287-250-250/Chip-Sanissimo-Tomate-Albahaca-160-g.jpg?v=638776900854300000,Galletas de Cóctel,https://www.jumbo.cl/chocolates-galletas-y-snacks/galletas-saladas/galletas-de-coctel,https://bff.jumbo.cl/catalog/plp,2,2026-02-26T18:13:07
127994,Snack Maíz Queso Cheddar 80 g,Deluxe & Bla Bla,2550,2550,False,https://www.jumbo.cl/snack-maiz-cheddar-s-gluten-deluxe-80g-1967814/p,https://jumbocl.vteximg.com.br/arquivos/ids/394136-250-250/Snack-Maiz-Queso-Cheddar-Sin-Gluten-Deluxe-80-g.jpg?v=638776877589800000,Galletas de Cóctel,https://www.jumbo.cl/chocolates-galletas-y-snacks/galletas-saladas/galletas-de-coctel,https://bff.jumbo.cl/catalog/plp,2,2026-02-26T18:13:07
128008,Snack Maíz Verdeo Queso Cheddar 80 g,Deluxe & Bla Bla,2550,2550,False,https://www.jumbo.cl/snack-maiz-queso-cre-s-gluten-deluxe-80g-1967815/p,https://jumbocl.vteximg.com.br/arquivos/ids/394156-250-250/Snack-Maiz-Queso-Crema-Sin-Gluten-Deluxe-80-g.jpg?v=638776877679570000,Galletas de Cóctel,https://www.jumbo.cl/chocolates-galletas-y-snacks/galletas-saladas/galletas-de-coctel,https://bff.jumbo.cl/catalog/plp,2,2026-02-26T18:13:07
138729,Mini Crackelet Jamón Familiar 140 g,Costa,1000,1390,True,https://www.jumbo.cl/mini-crackelet-jamon-familiar-140gr-2001837/p,https://jumbocl.vteximg.com.br/arquivos/ids/330891-250-250/Mini-Crackelet-Jamon-Familiar-140-g.jpg?v=638776432763870000,Galletas de Cóctel,https://www.jumbo.cl/chocolates-galletas-y-snacks/galletas-saladas/galletas-de-coctel,https://bff.jumbo.cl/catalog/plp,2,2026-02-26T18:13:07
132426,Chip Sanissimo Ideal Ají 160 g,Ideal,2950,2950,False,https://www.jumbo.cl/chip-sanissimo-aji-160gr-1979588/p,https://jumbocl.vteximg.com.br/arquivos/ids/400257-250-250/Chip-Sanissimo-Aji-160-g.jpg?v=638776900749370000,Galletas de Cóctel,https://www.jumbo.cl/chocolates-galletas-y-snacks/galletas-saladas/galletas-de-coctel,https://bff.jumbo.cl/catalog/plp,2,2026-02-26T18:13:07
113692,Galletas Kupiec Fitos Sweet Chili 120 g,Kupiec,2650,2650,False,https://www.jumbo.cl/galleta-kupiec-fitos-sour-cream-120-gr-1930870/p,https://jumbocl.vteximg.com.br/arquivos/ids/503192-250-250/Galletas-Kupiec-Fitos-Sweet-Chili-120-g.jpg?v=638926243111670000,Galletas de Cóctel,https://www.jumbo.cl/chocolates-galletas-y-snacks/galletas-saladas/galletas-de-coctel,https://bff.jumbo.cl/catalog/plp,2,2026-02-26T18:13:07
119190,Galletas Mini Crackelet Familiar 180 g,Costa,1000,1390,True,https://www.jumbo.cl/mini-crackelet-familiar-180-gr-1938706/p,https://jumbocl.vteximg.com.br/arquivos/ids/384626-250-250/Mini-Crackelet-Familiar-180-g.jpg?v=638776840988700000,Galletas de Cóctel,https://www.jumbo.cl/chocolates-galletas-y-snacks/galletas-saladas/galletas-de-coctel,https://bff.jumbo.cl/catalog/plp,2,2026-02-26T18:13:07
122500,Galletas Crackers Surtidas The Fresh Market 249 g,The Fresh Market,7490,7490,False,https://www.jumbo.cl/galletas-crackers-surtidas-tfm-249g-1949928/p,https://jumbocl.vteximg.com.br/arquivos/ids/318004-250-250/Galletas-Crackers-Surtidas-TFM-249-g.jpg?v=638776413528200000,Galletas de Cóctel,https://www.jumbo.cl/chocolates-galletas-y-snacks/galletas-saladas/galletas-de-coctel,https://bff.jumbo.cl/catalog/plp,2,2026-02-26T18:13:07
122501,Galletas Crackers The Fresh Market Original Orgánica 198 g,The Fresh Market,4990,4990,False,https://www.jumbo.cl/galletas-crackers-original-tfm-198g-1949929/p,https://jumbocl.vteximg.com.br/arquivos/ids/554653-250-250/Galletas-Crackers-The-Fresh-Market-Original-Organica-198-g.jpg?v=639016866993600000,Galletas de Cóctel,https://www.jumbo.cl/chocolates-galletas-y-snacks/galletas-saladas/galletas-de-coctel,https://bff.jumbo.cl/catalog/plp,2,2026-02-26T18:13:07
126731,Galletas The Fresh Market Queso Classic Cheddar 170 g,The Fresh Market,5990,5990,False,https://www.jumbo.cl/crackers-queso-classic-cheddar-tfm-170g-1961196/p,https://jumbocl.vteximg.com.br/arquivos/ids/554697-250-250/Galletas-The-Fresh-Market-Queso-Classic-Cheddar-170-g.jpg?v=639016867371170000,Galletas de Cóctel,https://www.jumbo.cl/chocolates-galletas-y-snacks/galletas-saladas/galletas-de-coctel,https://bff.jumbo.cl/catalog/plp,2,2026-02-26T18:13:07
126729,Galletas The Fresh Market Queso Sabor Bagel Spice 170 g,The Fresh Market,6990,6990,False,https://www.jumbo.cl/crackers-queso-sabor-bagel-tfm-170g-1961194/p,https://jumbocl.vteximg.com.br/arquivos/ids/554693-250-250/Galletas-The-Fresh-Market-Queso-Sabor-Bagel-Spice-170-g.jpg?v=639016867337330000,Galletas de Cóctel,https://www.jumbo.cl/chocolates-galletas-y-snacks/galletas-saladas/galletas-de-coctel,https://bff.jumbo.cl/catalog/plp,2,2026-02-26T18:13:07
126730,Galletas The Fresh Market Queso White Cheddar 170 g,The Fresh Market,6990,6990,False,https://www.jumbo.cl/crackers-queso-white-cheddar-tfm-170g-1961195/p,https://jumbocl.vteximg.com.br/arquivos/ids/554695-250-250/Galletas-The-Fresh-Market-Queso-White-Cheddar-170-g.jpg?v=639016867355100000,Galletas de Cóctel,https://www.jumbo.cl/chocolates-galletas-y-snacks/galletas-saladas/galletas-de-coctel,https://bff.jumbo.cl/catalog/plp,2,2026-02-26T18:13:07
112808,Galleta de Arroz Cuisine & Co con Sal 100 g,Cuisine & Co,1390,1390,False,https://www.jumbo.cl/galleta-de-arroz-con-sal-100-g-1918705/p,https://jumbocl.vteximg.com.br/arquivos/ids/380081-250-250/Galleta-de-arroz-con-sal-100-g.jpg?v=638776821767700000,Galletas de Arroz y Quinoa,https://www.jumbo.cl/chocolates-galletas-y-snacks/galletas-saladas/galletas-de-arroz-y-quinoa,https://bff.jumbo.cl/catalog/plp,1,2026-02-26T18:13:13
2616,Galletas Arroz Selz Envase 100 g,Selz,1850,1850,False,https://www.jumbo.cl/galletas-selz-envase-100-g-arroz/p,https://jumbocl.vteximg.com.br/arquivos/ids/346393-250-250/Galletas-arroz-envase-100-g.jpg?v=638776458438030000,Galletas de Arroz y Quinoa,https://www.jumbo.cl/chocolates-galletas-y-snacks/galletas-saladas/galletas-de-arroz-y-quinoa,https://bff.jumbo.cl/catalog/plp,1,2026-02-26T18:13:13
142524,Galletas de Arroz Cuisine & Co Tomate y Albahaca 100 g,Cuisine & Co,2990,2990,False,https://www.jumbo.cl/gall-de-arroz-tomate-y-alb-100-grs-c-and-co-1995348/p,https://jumbocl.vteximg.com.br/arquivos/ids/403430-250-250/Galleta-de-Arroz-Tomate-y-Albondigas-100-g-Cuisne---Co.jpg?v=638776913163130000,Galletas de Arroz y Quinoa,https://www.jumbo.cl/chocolates-galletas-y-snacks/galletas-saladas/galletas-de-arroz-y-quinoa,https://bff.jumbo.cl/catalog/plp,1,2026-02-26T18:13:13
30979,Galletas de Arroz Kupiec Sésamo 90 g,Kupiec,2430,2430,False,https://www.jumbo.cl/galleta-de-arroz-kupiec-sesamo-90-g/p,https://jumbocl.vteximg.com.br/arquivos/ids/355589-250-250/1582269.jpg?v=638776707827930000,Galletas de Arroz y Quinoa,https://www.jumbo.cl/chocolates-galletas-y-snacks/galletas-saladas/galletas-de-arroz-y-quinoa,https://bff.jumbo.cl/catalog/plp,1,2026-02-26T18:13:13
45487,Galletas de Arroz Tucapel Clásicas 150 g,Tucapel,1570,1570,False,https://www.jumbo.cl/galletas-de-arroz-tucapel-clasicas-150-g/p,https://jumbocl.vteximg.com.br/arquivos/ids/357770-250-250/Galletas-de-arroz-clasicas-150-g.jpg?v=638776720703230000,Galletas de Arroz y Quinoa,https://www.jumbo.cl/chocolates-galletas-y-snacks/galletas-saladas/galletas-de-arroz-y-quinoa,https://bff.jumbo.cl/catalog/plp,1,2026-02-26T18:13:13
4401,Tortitas de Arroz Santiveri Orgánicas Sin Gluten 100 g,Santiveri,2990,2990,False,https://www.jumbo.cl/tortitas-de-arroz-sin-gluten-santiveri-130-g/p,https://jumbocl.vteximg.com.br/arquivos/ids/347269-250-250/Tortitas-de-arroz-organica-sin-gluten-130-g.jpg?v=638776469267530000,Galletas de Arroz y Quinoa,https://www.jumbo.cl/chocolates-galletas-y-snacks/galletas-saladas/galletas-de-arroz-y-quinoa,https://bff.jumbo.cl/catalog/plp,1,2026-02-26T18:13:13
142531,Galletas de Arroz Cuisine & Co Sal de Mar 100 g,Cuisine & Co,2990,2990,False,https://www.jumbo.cl/galleta-de-arroz-sal-de-mar-100-grs-c-and-co-2000972/p,https://jumbocl.vteximg.com.br/arquivos/ids/403432-250-250/Galleta-de-Arroz-Sal-de-Mar-100-g-Cuisne---Co.jpg?v=638776913181130000,Galletas de Arroz y Quinoa,https://www.jumbo.cl/chocolates-galletas-y-snacks/galletas-saladas/galletas-de-arroz-y-quinoa,https://bff.jumbo.cl/catalog/plp,1,2026-02-26T18:13:13
142525,Galletas de Arroz Cuisine & Co Queso 100 g,Cuisine & Co,2990,2990,False,https://www.jumbo.cl/galleta-de-arroz-queso-100-grs-c-and-co-1995349/p,https://jumbocl.vteximg.com.br/arquivos/ids/403429-250-250/Galleta-de-Arroz-Queso-100-g-Cuisne---Co.jpg?v=638776913162330000,Galletas de Arroz y Quinoa,https://www.jumbo.cl/chocolates-galletas-y-snacks/galletas-saladas/galletas-de-arroz-y-quinoa,https://bff.jumbo.cl/catalog/plp,1,2026-02-26T18:13:13
138147,Chips de Arroz Tasty Snack Sabor Zapallo,Tasty Snack,3550,3550,False,https://www.jumbo.cl/chips-de-arroz-tasty-snax-sabor-zapallo-1991979/p,https://jumbocl.vteximg.com.br/arquivos/ids/329609-250-250/Chips-de-Arroz-Tasty-Snack-Sabor-Zapallo.jpg?v=638776431868330000,Galletas de Arroz y Quinoa,https://www.jumbo.cl/chocolates-galletas-y-snacks/galletas-saladas/galletas-de-arroz-y-quinoa,https://bff.jumbo.cl/catalog/plp,1,2026-02-26T18:13:13
4363,Tortitas de Arroz Integral Bicentury Sin Sal 130 g,Bicentury,2390,2390,False,https://www.jumbo.cl/tortitas-de-arroz-integral-bicentury-bolsa-130-g-nackis-sin-sal/p,https://jumbocl.vteximg.com.br/arquivos/ids/300213-250-250/Tortitas-de-arroz-integral-sin-sal-130-g.jpg?v=638776372019270000,Galletas de Arroz y Quinoa,https://www.jumbo.cl/chocolates-galletas-y-snacks/galletas-saladas/galletas-de-arroz-y-quinoa,https://bff.jumbo.cl/catalog/plp,1,2026-02-26T18:13:13
77187,Tortitas Bicentury Frutos Rojo Chocolate Balnco 4x2 131 g,Bicentury,4390,4390,False,https://www.jumbo.cl/torta-arroz-frutilla-rojo-4x2-131-g/p,https://jumbocl.vteximg.com.br/arquivos/ids/310654-250-250/Torta-arroz-frutos-rojo-4x2-131-g.jpg?v=638776391970070000,Galletas de Arroz y Quinoa,https://www.jumbo.cl/chocolates-galletas-y-snacks/galletas-saladas/galletas-de-arroz-y-quinoa,https://bff.jumbo.cl/catalog/plp,1,2026-02-26T18:13:13
3849,Galletas de Arroz Cerealitas Libre de Gluten 160 g,Cerealitas,3790,3790,False,https://www.jumbo.cl/galletas-cerealitas-bolsa-160-g-arroz-sin-gluten/p,https://jumbocl.vteximg.com.br/arquivos/ids/300062-250-250/Galletas-de-arroz-libre-de-gluten-160-g.jpg?v=638776371698530000,Galletas de Arroz y Quinoa,https://www.jumbo.cl/chocolates-galletas-y-snacks/galletas-saladas/galletas-de-arroz-y-quinoa,https://bff.jumbo.cl/catalog/plp,1,2026-02-26T18:13:13
147797,Tortita Toque de Sal Proteína Bicentury,Bicentury,2190,2890,True,https://www.jumbo.cl/tort-prot-csal-2035052/p,https://jumbocl.vteximg.com.br/arquivos/ids/553363-250-250/Tortita-Toque-de-Sal-Proteina-Bicentury.jpg?v=639014960799530000,Galletas de Arroz y Quinoa,https://www.jumbo.cl/chocolates-galletas-y-snacks/galletas-saladas/galletas-de-arroz-y-quinoa,https://bff.jumbo.cl/catalog/plp,1,2026-02-26T18:13:13
147793,Tortita de Pimentón Proteína Bicentury,Bicentury,2190,2890,True,https://www.jumbo.cl/tort-prot-pimenton-2035053/p,https://jumbocl.vteximg.com.br/arquivos/ids/553364-250-250/Tortita-de-Pimenton-Proteina-Bicentury.jpg?v=639014960806330000,Galletas de Arroz y Quinoa,https://www.jumbo.cl/chocolates-galletas-y-snacks/galletas-saladas/galletas-de-arroz-y-quinoa,https://bff.jumbo.cl/catalog/plp,1,2026-02-26T18:13:13
38766,Galletas de Arroz Integral Ricecrisps Sésamo 100 g,Ricecrisps,3550,3550,False,https://www.jumbo.cl/galleta-de-arroz-want-want-integral-de-sesamo-100-g/p,https://jumbocl.vteximg.com.br/arquivos/ids/307390-250-250/Galletas-de-arroz-integral-sesamo-100-g.jpg?v=638776384598400000,Galletas de Arroz y Quinoa,https://www.jumbo.cl/chocolates-galletas-y-snacks/galletas-saladas/galletas-de-arroz-y-quinoa,https://bff.jumbo.cl/catalog/plp,1,2026-02-26T18:13:13
38767,Galletas de Arroz Integral Ricecrisps Multigrano 100 g,Ricecrisps,3550,3550,False,https://www.jumbo.cl/galletas-de-arroz-integral-multigrano-100-g/p,https://jumbocl.vteximg.com.br/arquivos/ids/307395-250-250/Galletas-de-arroz-integral-multigrano-100-g.jpg?v=638776384632170000,Galletas de Arroz y Quinoa,https://www.jumbo.cl/chocolates-galletas-y-snacks/galletas-saladas/galletas-de-arroz-y-quinoa,https://bff.jumbo.cl/catalog/plp,1,2026-02-26T18:13:13
118594,Chips de Arroz Tasty Snax Sabor Camote Morado 100 g,Ricecrisps,3550,3550,False,https://www.jumbo.cl/galle-arroz-ricecrips-camote-morad-100gr-1938573/p,https://jumbocl.vteximg.com.br/arquivos/ids/384160-250-250/Galletas-arroz-Ricecrips-camote-morado-100-g.jpg?v=638776838864330000,Galletas de Arroz y Quinoa,https://www.jumbo.cl/chocolates-galletas-y-snacks/galletas-saladas/galletas-de-arroz-y-quinoa,https://bff.jumbo.cl/catalog/plp,1,2026-02-26T18:13:13
56960,Tortitas de Arroz Bio Zentrale Orgánicas 100 g,Bio Zentrale,1790,1790,False,https://www.jumbo.cl/tortitas-de-arroz-biozentrale-100g/p,https://jumbocl.vteximg.com.br/arquivos/ids/309150-250-250/Tortitas-de-arroz-organicas-100-g.jpg?v=638776388377070000,Galletas de Arroz y Quinoa,https://www.jumbo.cl/chocolates-galletas-y-snacks/galletas-saladas/galletas-de-arroz-y-quinoa,https://bff.jumbo.cl/catalog/plp,1,2026-02-26T18:13:13
56962,Tortitas de Maíz Bio Zentrale Orgánicas 120 g,Bio Zentrale,2490,2490,False,https://www.jumbo.cl/tortitas-de-maiz-biozentrale-120g/p,https://jumbocl.vteximg.com.br/arquivos/ids/309161-250-250/Tortitas-de-maiz-organicas-120-g.jpg?v=638776388406030000,Galletas de Arroz y Quinoa,https://www.jumbo.cl/chocolates-galletas-y-snacks/galletas-saladas/galletas-de-arroz-y-quinoa,https://bff.jumbo.cl/catalog/plp,1,2026-02-26T18:13:13
56959,Tortitas de Arroz Bio Zentrale Sal de Mar Orgánicas 100 g,Bio Zentrale,1990,1990,False,https://www.jumbo.cl/tortitas-arroz-sal-de-mar-biozentra-100g/p,https://jumbocl.vteximg.com.br/arquivos/ids/309141-250-250/Tortitas-de-arroz-sal-de-mar-organicas-100-g.jpg?v=638776388351630000,Galletas de Arroz y Quinoa,https://www.jumbo.cl/chocolates-galletas-y-snacks/galletas-saladas/galletas-de-arroz-y-quinoa,https://bff.jumbo.cl/catalog/plp,1,2026-02-26T18:13:13
30978,Galletas de Arroz Kupiec Natural 90 g,Kupiec,2430,2430,False,https://www.jumbo.cl/galletas-de-arroz-kupiec-natural-90-g/p,https://jumbocl.vteximg.com.br/arquivos/ids/355588-250-250/1582267.jpg?v=638776707827470000,Galletas de Arroz y Quinoa,https://www.jumbo.cl/chocolates-galletas-y-snacks/galletas-saladas/galletas-de-arroz-y-quinoa,https://bff.jumbo.cl/catalog/plp,1,2026-02-26T18:13:13
4392,Tortitas de Maíz Bicentury 130 g,Bicentury,2490,2490,False,https://www.jumbo.cl/tortitas-de-maiz-nackis-bolsa-130-g-2/p,https://jumbocl.vteximg.com.br/arquivos/ids/300165-250-250/Tortitas-de-maiz-130-g.jpg?v=638776371902100000,Galletas de Arroz y Quinoa,https://www.jumbo.cl/chocolates-galletas-y-snacks/galletas-saladas/galletas-de-arroz-y-quinoa,https://bff.jumbo.cl/catalog/plp,1,2026-02-26T18:13:13
4389,Tortitas de Arroz Integral Bicentury 130 g,Bicentury,2290,2290,False,https://www.jumbo.cl/tortitas-de-arroz-integral-nackis-bolsa-130-g-2/p,https://jumbocl.vteximg.com.br/arquivos/ids/300124-250-250/Tortitas-de-arroz-integral-130-g.jpg?v=638776371824930000,Galletas de Arroz y Quinoa,https://www.jumbo.cl/chocolates-galletas-y-snacks/galletas-saladas/galletas-de-arroz-y-quinoa,https://bff.jumbo.cl/catalog/plp,1,2026-02-26T18:13:13
127815,Galleta de Arroz Deluxe & Bla Bla Salada 98 g,Deluxe & Bla Bla,2450,2450,False,https://www.jumbo.cl/gall-arroz-salada-deluxe-98g-1969945/p,https://jumbocl.vteximg.com.br/arquivos/ids/393942-250-250/Galleta-Arroz-Salada-Deluxe-98-g.jpg?v=638776876798770000,Galletas de Arroz y Quinoa,https://www.jumbo.cl/chocolates-galletas-y-snacks/galletas-saladas/galletas-de-arroz-y-quinoa,https://bff.jumbo.cl/catalog/plp,1,2026-02-26T18:13:13
113704,Galletas Kupiec Fitos Sour Cream 120 g,Kupiec,2640,2640,False,https://www.jumbo.cl/galleta-kupiec-fitos-sweet-chilli-120-gr-1930871/p,https://jumbocl.vteximg.com.br/arquivos/ids/503196-250-250/Galletas-Kupiec-Fitos-Sour-Cream-120-g.jpg?v=638926243119570000,Galletas de Arroz y Quinoa,https://www.jumbo.cl/chocolates-galletas-y-snacks/galletas-saladas/galletas-de-arroz-y-quinoa,https://bff.jumbo.cl/catalog/plp,1,2026-02-26T18:13:13
128088,Galletas Soda Line 160 g,Costa,1050,1050,False,https://www.jumbo.cl/galleta-de-soda-line-160-gr-1967887/p,https://jumbocl.vteximg.com.br/arquivos/ids/320052-250-250/Galletas-de-Soda-Line-160-g.jpg?v=638776418595370000,Galletas de Soda y Agua,https://www.jumbo.cl/chocolates-galletas-y-snacks/galletas-saladas/galletas-de-soda-y-agua,https://bff.jumbo.cl/catalog/plp,1,2026-02-26T18:13:18
3863,Galletas Mckay Soda Clásica 180 g,Mckay,1250,1250,False,https://www.jumbo.cl/galletas-soda-mckay-180-g/p,https://jumbocl.vteximg.com.br/arquivos/ids/299889-250-250/Galleta-McKay-Soda-Clasica-180-g.jpg?v=638776371347270000,Galletas de Soda y Agua,https://www.jumbo.cl/chocolates-galletas-y-snacks/galletas-saladas/galletas-de-soda-y-agua,https://bff.jumbo.cl/catalog/plp,1,2026-02-26T18:13:18
128060,Galletas de Soda 160 g,Costa,1050,1050,False,https://www.jumbo.cl/galleta-de-soda-160-gr-1972585/p,https://jumbocl.vteximg.com.br/arquivos/ids/320279-250-250/Galleta-de-Soda-160-g.jpg?v=638776418919600000,Galletas de Soda y Agua,https://www.jumbo.cl/chocolates-galletas-y-snacks/galletas-saladas/galletas-de-soda-y-agua,https://bff.jumbo.cl/catalog/plp,1,2026-02-26T18:13:18
3879,Galletas Soda Vivo 123 g,Vivo,1070,1070,False,https://www.jumbo.cl/galletas-de-soda-vivo-123-g/p,https://jumbocl.vteximg.com.br/arquivos/ids/347014-250-250/Galletas-de-Soda-Vivo-123-g.jpg?v=638776465891730000,Galletas de Soda y Agua,https://www.jumbo.cl/chocolates-galletas-y-snacks/galletas-saladas/galletas-de-soda-y-agua,https://bff.jumbo.cl/catalog/plp,1,2026-02-26T18:13:18
119452,Galletas Agua Line 175 g,Costa,1170,1170,False,https://www.jumbo.cl/galleta-agua-line-costa-175-gr-1939231/p,https://jumbocl.vteximg.com.br/arquivos/ids/384872-250-250/GALLETA-AGUA-LINE-COSTA-175-GR.jpg?v=638776841931300000,Galletas de Soda y Agua,https://www.jumbo.cl/chocolates-galletas-y-snacks/galletas-saladas/galletas-de-soda-y-agua,https://bff.jumbo.cl/catalog/plp,1,2026-02-26T18:13:18
3878,Galletas Agua Vivo 140 g,Vivo,1100,1100,False,https://www.jumbo.cl/galletas-de-agua-vivo-140-g/p,https://jumbocl.vteximg.com.br/arquivos/ids/347013-250-250/Galletas-de-Agua-Vivo-140-g.jpg?v=638776465878100000,Galletas de Soda y Agua,https://www.jumbo.cl/chocolates-galletas-y-snacks/galletas-saladas/galletas-de-soda-y-agua,https://bff.jumbo.cl/catalog/plp,1,2026-02-26T18:13:18
3861,Galletas Mckay Agua 180 g,Mckay,1350,1350,False,https://www.jumbo.cl/galletas-de-agua-mckay-205-g/p,https://jumbocl.vteximg.com.br/arquivos/ids/300119-250-250/Galletas-Mckay-Agua-180-g.jpg?v=638776371817500000,Galletas de Soda y Agua,https://www.jumbo.cl/chocolates-galletas-y-snacks/galletas-saladas/galletas-de-soda-y-agua,https://bff.jumbo.cl/catalog/plp,1,2026-02-26T18:13:18
3862,Galletas Mckay Soda Light 180 g,Mckay,1290,1290,False,https://www.jumbo.cl/galletas-soda-light-mckay-180-g/p,https://jumbocl.vteximg.com.br/arquivos/ids/347009-250-250/Galletas-Soda-light-180g.jpg?v=638776465827100000,Galletas de Soda y Agua,https://www.jumbo.cl/chocolates-galletas-y-snacks/galletas-saladas/galletas-de-soda-y-agua,https://bff.jumbo.cl/catalog/plp,1,2026-02-26T18:13:18
3872,Pack Galleta Agua Light Selz Bajo en Sodio 600 g 3 un.,Selz,2590,2590,False,https://www.jumbo.cl/galleta-agua-light-selz-pack-3-unid-600-g-cu-bajo-en-sodio/p,https://jumbocl.vteximg.com.br/arquivos/ids/347011-250-250/Galleta-Agua-Light-Selz-Pack-3-unid-600-g-c-u-Bajo-en-sodio.jpg?v=638776465850000000,Galletas de Soda y Agua,https://www.jumbo.cl/chocolates-galletas-y-snacks/galletas-saladas/galletas-de-soda-y-agua,https://bff.jumbo.cl/catalog/plp,1,2026-02-26T18:13:18
122440,Galletas Agua 175 g,Costa,1170,1170,False,https://www.jumbo.cl/galleta-agua-costa-175-g-1939230/p,https://jumbocl.vteximg.com.br/arquivos/ids/388263-250-250/Galletas-agua-175-g.jpg?v=638776855118930000,Galletas de Soda y Agua,https://www.jumbo.cl/chocolates-galletas-y-snacks/galletas-saladas/galletas-de-soda-y-agua,https://bff.jumbo.cl/catalog/plp,1,2026-02-26T18:13:18
3860,Galletas Mckay Agua Sin Sal 180 g,Mckay,1500,1500,False,https://www.jumbo.cl/galletas-de-agua-mckay-180-g-sin-sal/p,https://jumbocl.vteximg.com.br/arquivos/ids/347007-250-250/Galletas-de-Agua-sin-sal-180g.jpg?v=638776465805870000,Galletas de Soda y Agua,https://www.jumbo.cl/chocolates-galletas-y-snacks/galletas-saladas/galletas-de-soda-y-agua,https://bff.jumbo.cl/catalog/plp,1,2026-02-26T18:13:18
3876,Galletas Soda Selz Bajo en Sodio 180 g,Selz,1050,1050,False,https://www.jumbo.cl/galletas-soda-selz-180-g-bajo-en-sodio/p,https://jumbocl.vteximg.com.br/arquivos/ids/347012-250-250/937041.jpg?v=638776465867270000,Galletas de Soda y Agua,https://www.jumbo.cl/chocolates-galletas-y-snacks/galletas-saladas/galletas-de-soda-y-agua,https://bff.jumbo.cl/catalog/plp,1,2026-02-26T18:13:18
122502,Galletas de Agua The Fresh Market Orgánica 124 g,The Fresh Market,4190,4190,False,https://www.jumbo.cl/galletas-de-agua-org-tfm-124g-1949930/p,https://jumbocl.vteximg.com.br/arquivos/ids/318032-250-250/Galltas-de-Agua-TFM-Organica-124-g.jpg?v=638776413581230000,Galletas de Soda y Agua,https://www.jumbo.cl/chocolates-galletas-y-snacks/galletas-saladas/galletas-de-soda-y-agua,https://bff.jumbo.cl/catalog/plp,1,2026-02-26T18:13:18
122503,Galletas de Agua The Fresh Market Orgánica con Pimienta 124 g,The Fresh Market,4190,4190,False,https://www.jumbo.cl/galletas-de-agua-c-pmta-org-tfm-124g-1949931/p,https://jumbocl.vteximg.com.br/arquivos/ids/318048-250-250/Galletas-de-Agua-Organica-con-Pimienta-TFM-124-g.jpg?v=638776413606730000,Galletas de Soda y Agua,https://www.jumbo.cl/chocolates-galletas-y-snacks/galletas-saladas/galletas-de-soda-y-agua,https://bff.jumbo.cl/catalog/plp,1,2026-02-26T18:13:18
2621,Pack Galletas Salvado Vivo 585 g 3 un.,Vivo,2690,3090,True,https://www.jumbo.cl/galletas-de-salvado-vivo-585-g-tripack-2/p,https://jumbocl.vteximg.com.br/arquivos/ids/346397-250-250/Galletas-de-salvado-tripack-585-g.jpg?v=638776458509830000,Galletas Integrales y Salvado,https://www.jumbo.cl/chocolates-galletas-y-snacks/galletas-saladas/galletas-integrales-y-salvado,https://bff.jumbo.cl/catalog/plp,1,2026-02-26T18:13:25
117868,Galletas Selz Salvado Light 600 g,Selz,2990,2990,False,https://www.jumbo.cl/galleta-selz-salvado-light-trip-600-gr/p,https://jumbocl.vteximg.com.br/arquivos/ids/383439-250-250/Galletas-salvado-light-600-g.jpg?v=638776835471630000,Galletas Integrales y Salvado,https://www.jumbo.cl/chocolates-galletas-y-snacks/galletas-saladas/galletas-integrales-y-salvado,https://bff.jumbo.cl/catalog/plp,1,2026-02-26T18:13:25
117825,Pack Galletas Salvadas Fibractive 600 g,Bagley,3090,3090,False,https://www.jumbo.cl/pack-galleta-salv-bagley-fibractive-600g-1935324/p,https://jumbocl.vteximg.com.br/arquivos/ids/383353-250-250/Pack-Galletas-Salvadas-Fibractive-600-g.jpg?v=638776835147470000,Galletas Integrales y Salvado,https://www.jumbo.cl/chocolates-galletas-y-snacks/galletas-saladas/galletas-integrales-y-salvado,https://bff.jumbo.cl/catalog/plp,1,2026-02-26T18:13:25
19111,Pack Galletas Selz Salvado y Chía 519 g 3 un.,Selz,3050,3050,False,https://www.jumbo.cl/galletas-de-salvado-selz-519-g-chia-tripack/p,https://jumbocl.vteximg.com.br/arquivos/ids/353256-250-250/Pack-galletas-de-salvado-y-chia-3-un-519-g.jpg?v=639064272318470000,Galletas Integrales y Salvado,https://www.jumbo.cl/chocolates-galletas-y-snacks/galletas-saladas/galletas-integrales-y-salvado,https://bff.jumbo.cl/catalog/plp,1,2026-02-26T18:13:25
135920,Galleta Crisp Danvita Integral Sésamo 130 g,Danvita,2168,2890,True,https://www.jumbo.cl/gall-crisp-danvita-integral-sesamo-130g-1986721/p,https://jumbocl.vteximg.com.br/arquivos/ids/326052-250-250/Galleta-Crisp-Danvita-Integral-Sesamo-130-g.jpg?v=638776428869130000,Galletas Integrales y Salvado,https://www.jumbo.cl/chocolates-galletas-y-snacks/galletas-saladas/galletas-integrales-y-salvado,https://bff.jumbo.cl/catalog/plp,1,2026-02-26T18:13:25
56433,Galletas de Matza Yanovsky 115 g,Yanovsky,5590,5590,False,https://www.jumbo.cl/galletitas-matza-yanovsky-115g/p,https://jumbocl.vteximg.com.br/arquivos/ids/426163-250-250/Galletas-de-matza-Yanovsky-115-g.jpg?v=638810984005670000,Galletas Integrales y Salvado,https://www.jumbo.cl/chocolates-galletas-y-snacks/galletas-saladas/galletas-integrales-y-salvado,https://bff.jumbo.cl/catalog/plp,1,2026-02-26T18:13:25
157752,Galleta Gullón SDW Choco Sin Gluten 225 g,Gullón,3190,4250,True,https://www.jumbo.cl/galleta-gullon-sdw-choco-s-gluten-225g-2052669/p,https://jumbocl.vteximg.com.br/arquivos/ids/523059-250-250/Galleta-Gullon-SDW-Choco-Sin-Gluten-225-g.jpg?v=638959818680370000,Galletas Integrales y Salvado,https://www.jumbo.cl/chocolates-galletas-y-snacks/galletas-saladas/galletas-integrales-y-salvado,https://bff.jumbo.cl/catalog/plp,1,2026-02-26T18:13:25
4156,Pack Galletas Selz Salvado y Linaza 519 g 3 un.,Selz,3050,3050,False,https://www.jumbo.cl/tripack-galleta-de-linaza-selz-519-g/p,https://jumbocl.vteximg.com.br/arquivos/ids/347118-250-250/Pack-galletas-de-salvado-y-linaza-3-un-519-g.jpg?v=638776467364870000,Galletas Integrales y Salvado,https://www.jumbo.cl/chocolates-galletas-y-snacks/galletas-saladas/galletas-integrales-y-salvado,https://bff.jumbo.cl/catalog/plp,1,2026-02-26T18:13:25
26757,Paté Pavo Al Cognac 100 g,Castillo,3050,3050,False,https://www.jumbo.cl/pate-pavo-al-cognac-castillo-100-g/p,https://jumbocl.vteximg.com.br/arquivos/ids/355937-250-250/916601-1.jpg?v=638776709765600000,Pastas Untables,https://www.jumbo.cl/chocolates-galletas-y-snacks/pastas-para-coctel-y-untables/pastas-untables,https://bff.jumbo.cl/catalog/plp,1,2026-02-26T18:13:32
131575,Pasta Untable Cuisine & Co Ave Pimentón 240 g,Cuisine & Co,3990,3990,False,https://www.jumbo.cl/pasta-unt-ave-pimenton-cuisine-and-co-240g-1975637/p,https://jumbocl.vteximg.com.br/arquivos/ids/321284-250-250/Pasta-Untable-Ave-Pimenton-Cuisine---Co-240-g.jpg?v=638776422925830000,Pastas Untables,https://www.jumbo.cl/chocolates-galletas-y-snacks/pastas-para-coctel-y-untables/pastas-untables,https://bff.jumbo.cl/catalog/plp,1,2026-02-26T18:13:32
26758,Paté Finas Hierbas 100 g,Castillo,3050,3050,False,https://www.jumbo.cl/pate-finas-hierbas-castillo-100-g/p,https://jumbocl.vteximg.com.br/arquivos/ids/355935-250-250/916602-1.jpg?v=638776709765470000,Pastas Untables,https://www.jumbo.cl/chocolates-galletas-y-snacks/pastas-para-coctel-y-untables/pastas-untables,https://bff.jumbo.cl/catalog/plp,1,2026-02-26T18:13:32
108711,Pasta Curry Verde 220 g,Exotic Food,2790,2790,False,https://www.jumbo.cl/pasta-curry-verde-exotic-food-220g-1897779/p,https://jumbocl.vteximg.com.br/arquivos/ids/315175-250-250/Pasta-curry-verde-220-g.jpg?v=638776404043700000,Pastas Untables,https://www.jumbo.cl/chocolates-galletas-y-snacks/pastas-para-coctel-y-untables/pastas-untables,https://bff.jumbo.cl/catalog/plp,1,2026-02-26T18:13:32
150424,Pasta de Aceitunas Verdes Bornibus 250 g,Bornibus,9290,9290,False,https://www.jumbo.cl/pasta-aceitunas-2037268/p,https://jumbocl.vteximg.com.br/arquivos/ids/453094-250-250/PASTA-ACEITUNAS.jpg?v=638854197480200000,Pastas Untables,https://www.jumbo.cl/chocolates-galletas-y-snacks/pastas-para-coctel-y-untables/pastas-untables,https://bff.jumbo.cl/catalog/plp,1,2026-02-26T18:13:32
150426,Pesto Siciliano Bornibus 230 g,Bornibus,9290,9290,False,https://www.jumbo.cl/pesto-siciliano-2037271/p,https://jumbocl.vteximg.com.br/arquivos/ids/455748-250-250/Pesto-Siciliano-Bornibus-230-g.jpg?v=638857141525600000,Pastas Untables,https://www.jumbo.cl/chocolates-galletas-y-snacks/pastas-para-coctel-y-untables/pastas-untables,https://bff.jumbo.cl/catalog/plp,1,2026-02-26T18:13:32
131576,Pasta Untable Cuisine & Co Ave Mayo 240 g,Cuisine & Co,3990,3990,False,https://www.jumbo.cl/pasta-untable-ave-mayo-cuisine-and-co-240g-1975635/p,https://jumbocl.vteximg.com.br/arquivos/ids/321307-250-250/Pasta-Untable-Ave-Mayo-Cuisine---Co-240-g.jpg?v=638776422954070000,Pastas Untables,https://www.jumbo.cl/chocolates-galletas-y-snacks/pastas-para-coctel-y-untables/pastas-untables,https://bff.jumbo.cl/catalog/plp,1,2026-02-26T18:13:32
131574,Pasta Untable Cuisine & Co Club 240 g,Cuisine & Co,3990,3990,False,https://www.jumbo.cl/pasta-untable-club-cuisine-and-co-240g-1975638/p,https://jumbocl.vteximg.com.br/arquivos/ids/321344-250-250/Pasta-Untable-Club-Cuisine---Co-240-g.jpg?v=638776423036200000,Pastas Untables,https://www.jumbo.cl/chocolates-galletas-y-snacks/pastas-para-coctel-y-untables/pastas-untables,https://bff.jumbo.cl/catalog/plp,1,2026-02-26T18:13:32
131572,Pasta Untable Cuisine & Co Queso Ciboulette 240 g,Cuisine & Co,3990,3990,False,https://www.jumbo.cl/pasta-unt-queso-ciboulet-cuisine-and-co-240g-1975639/p,https://jumbocl.vteximg.com.br/arquivos/ids/321328-250-250/Pasta-Untable-Queso-Ciboulette-Cuisine---Co-240-g.jpg?v=638776423007700000,Pastas Untables,https://www.jumbo.cl/chocolates-galletas-y-snacks/pastas-para-coctel-y-untables/pastas-untables,https://bff.jumbo.cl/catalog/plp,1,2026-02-26T18:13:32
131577,Pasta Untable Cuisine & Co Queso Salame 240 g,Cuisine & Co,3990,3990,False,https://www.jumbo.cl/pasta-unt-queso-salame-cuisine-and-co-240g-1975640/p,https://jumbocl.vteximg.com.br/arquivos/ids/321316-250-250/Pasta-Untable-Queso-Salame-Cuisine---Co-240-g.jpg?v=638776422979570000,Pastas Untables,https://www.jumbo.cl/chocolates-galletas-y-snacks/pastas-para-coctel-y-untables/pastas-untables,https://bff.jumbo.cl/catalog/plp,1,2026-02-26T18:13:32
139769,Mix Duo Ave Pimentón/Club C&C 360 g,Cuisine & Co,5490,5490,False,https://www.jumbo.cl/mix-duo-ave-pimenton-club-c-and-c-360-g-2004908/p,https://jumbocl.vteximg.com.br/arquivos/ids/333113-250-250/MIX-DUO-AVE-PIMENTON-CLUB-C-C-360-G.jpg?v=638776434607700000,Pastas Untables,https://www.jumbo.cl/chocolates-galletas-y-snacks/pastas-para-coctel-y-untables/pastas-untables,https://bff.jumbo.cl/catalog/plp,1,2026-02-26T18:13:32
131573,Pasta Untable Cuisine & Co Tártara 240 g,Cuisine & Co,3990,3990,False,https://www.jumbo.cl/pasta-untable-tartara-cuisine-and-co-240g-1975636/p,https://jumbocl.vteximg.com.br/arquivos/ids/321266-250-250/Pasta-Untable-Tartara-Cuisine---Co-240-g.jpg?v=638776422897330000,Pastas Untables,https://www.jumbo.cl/chocolates-galletas-y-snacks/pastas-para-coctel-y-untables/pastas-untables,https://bff.jumbo.cl/catalog/plp,1,2026-02-26T18:13:32
3161,Pasta Bruschetta de Alcachofas Buka 295 g,Buka,3490,3490,False,https://www.jumbo.cl/pasta-de-alcachofa-buka-frasco-140-g-2/p,https://jumbocl.vteximg.com.br/arquivos/ids/299689-250-250/Pasta-de-Alcachofa-Buka-Quinoa-220-g.jpg?v=638776370903800000,Pastas Untables,https://www.jumbo.cl/chocolates-galletas-y-snacks/pastas-para-coctel-y-untables/pastas-untables,https://bff.jumbo.cl/catalog/plp,1,2026-02-26T18:13:32
137185,Pasta Rústica Suk Berenjenas y Tomates Asados 200 g,Suk,3490,3990,True,https://www.jumbo.cl/pasta-rustica-bere-y-tom-asados-suk-200g-1995683/p,https://jumbocl.vteximg.com.br/arquivos/ids/328403-250-250/PASTA-RUSTICA-BERE-Y-TOM-ASADOS-SUK-200G.jpg?v=638776430869070000,Pastas Untables,https://www.jumbo.cl/chocolates-galletas-y-snacks/pastas-para-coctel-y-untables/pastas-untables,https://bff.jumbo.cl/catalog/plp,1,2026-02-26T18:13:32
127310,Baba Ganoush Suk 175 g,Suk,2990,2990,False,https://www.jumbo.cl/baba-ganoush-suk-175-grs-1965592/p,https://jumbocl.vteximg.com.br/arquivos/ids/393389-250-250/BABA-GANOUSH-SUK-175-GRS.jpg?v=638776874410130000,Pastas Untables,https://www.jumbo.cl/chocolates-galletas-y-snacks/pastas-para-coctel-y-untables/pastas-untables,https://bff.jumbo.cl/catalog/plp,1,2026-02-26T18:13:32
90861,Baba Ganoush Suk 380 g,Suk,4390,4390,False,https://www.jumbo.cl/baba-ganoush-380-g/p,https://jumbocl.vteximg.com.br/arquivos/ids/367527-250-250/Baba-ganoush-380-g.jpg?v=638776768364270000,Pastas Untables,https://www.jumbo.cl/chocolates-galletas-y-snacks/pastas-para-coctel-y-untables/pastas-untables,https://bff.jumbo.cl/catalog/plp,1,2026-02-26T18:13:32
137183,Pasta Rústica Suk Pimientos y Tomates Asados 200 g,Suk,3490,3990,True,https://www.jumbo.cl/pasta-rustica-pimi-y-tom-asados-suk-200g-1995682/p,https://jumbocl.vteximg.com.br/arquivos/ids/328351-250-250/PASTA-RUSTICA-PIMI-Y-TOM-ASADOS-SUK-200G.jpg?v=638776430804070000,Pastas Untables,https://www.jumbo.cl/chocolates-galletas-y-snacks/pastas-para-coctel-y-untables/pastas-untables,https://bff.jumbo.cl/catalog/plp,1,2026-02-26T18:13:32
143239,Pasta Danesa Untable Vegana FSH Peas 125 g,F'SH Peas,3990,3990,False,https://www.jumbo.cl/pasta-danesa-untable-vegana-fsh-peas-125-g-2019074/p,https://jumbocl.vteximg.com.br/arquivos/ids/339577-250-250/Pasta-Danesa-Untable-Vegana-FSH-Peas-125-g.jpg?v=638776440069100000,Pastas Untables,https://www.jumbo.cl/chocolates-galletas-y-snacks/pastas-para-coctel-y-untables/pastas-untables,https://bff.jumbo.cl/catalog/plp,1,2026-02-26T18:13:32
125353,Tuna Salad 300 g,Jumbo,4990,4990,False,https://www.jumbo.cl/tuna-salad-300-grs-un-1956644/p,https://jumbocl.vteximg.com.br/arquivos/ids/318741-250-250/Tuna-Salad-300-g.jpg?v=638776415762970000,Pastas Untables,https://www.jumbo.cl/chocolates-galletas-y-snacks/pastas-para-coctel-y-untables/pastas-untables,https://bff.jumbo.cl/catalog/plp,1,2026-02-26T18:13:32
125352,Seafood Salad 300 g,Jumbo,4990,4990,False,https://www.jumbo.cl/seafood-salad-300-grs-un-1956643/p,https://jumbocl.vteximg.com.br/arquivos/ids/318731-250-250/Seafood-Salad-300-g.jpg?v=638776415725930000,Pastas Untables,https://www.jumbo.cl/chocolates-galletas-y-snacks/pastas-para-coctel-y-untables/pastas-untables,https://bff.jumbo.cl/catalog/plp,1,2026-02-26T18:13:32
143820,Tapenade de Aceitunas Akapacha 230 g,Akapacha,5590,5590,False,https://www.jumbo.cl/tapenade-de-aceitunas-akapacha-230g-2019039/p,https://jumbocl.vteximg.com.br/arquivos/ids/473852-250-250/Tapenade-de-Aceitunas-Akapacha-230-g.jpg?v=638872409067500000,Pastas Untables,https://www.jumbo.cl/chocolates-galletas-y-snacks/pastas-para-coctel-y-untables/pastas-untables,https://bff.jumbo.cl/catalog/plp,1,2026-02-26T18:13:32
125354,Chancho en Piedra 300 g,Jumbo,2490,2490,False,https://www.jumbo.cl/chancho-en-piedra-jumbo-un-300-gr-1928733/p,https://jumbocl.vteximg.com.br/arquivos/ids/318765-250-250/Chancho-en-Piedra-300-g.jpg?v=638776415835800000,Pastas Untables,https://www.jumbo.cl/chocolates-galletas-y-snacks/pastas-para-coctel-y-untables/pastas-untables,https://bff.jumbo.cl/catalog/plp,1,2026-02-26T18:13:32
36125,Paté Foie Perello 100 g,Perelló,1450,1450,False,https://www.jumbo.cl/pate-foie-perello-100-g/p,https://jumbocl.vteximg.com.br/arquivos/ids/356853-250-250/1652080.jpg?v=638776714661300000,Pastas Untables,https://www.jumbo.cl/chocolates-galletas-y-snacks/pastas-para-coctel-y-untables/pastas-untables,https://bff.jumbo.cl/catalog/plp,1,2026-02-26T18:13:32
36126,Paté Ternera Perello 100 g,Perelló,1450,1450,False,https://www.jumbo.cl/pate-ternera-perello-100-g/p,https://jumbocl.vteximg.com.br/arquivos/ids/356860-250-250/1652081.jpg?v=638776714684500000,Pastas Untables,https://www.jumbo.cl/chocolates-galletas-y-snacks/pastas-para-coctel-y-untables/pastas-untables,https://bff.jumbo.cl/catalog/plp,1,2026-02-26T18:13:32
102120,Paté Foie Henaff 130 g,Henaff,3740,3740,False,https://www.jumbo.cl/pate-foie-henaff-130-gr-1876543/p,https://jumbocl.vteximg.com.br/arquivos/ids/373028-250-250/Pate-foie-130-g.jpg?v=638776793740270000,Pastas Untables,https://www.jumbo.cl/chocolates-galletas-y-snacks/pastas-para-coctel-y-untables/pastas-untables,https://bff.jumbo.cl/catalog/plp,1,2026-02-26T18:13:32
147654,Pack de 4 Mousse Variedades 45 g,Stefymar,17990,17990,False,https://www.jumbo.cl/pack-surtido-4u45g-2035076/p,https://jumbocl.vteximg.com.br/arquivos/ids/533730-250-250/Pack-de-4-Mousse-Variedades-45-g.jpg?v=638979415769800000,Pastas Untables,https://www.jumbo.cl/chocolates-galletas-y-snacks/pastas-para-coctel-y-untables/pastas-untables,https://bff.jumbo.cl/catalog/plp,1,2026-02-26T18:13:32
132330,Terrina de Pato Rougie 180 g,Rougie,10990,10990,False,https://www.jumbo.cl/terrina-de-pato-rougie-180g-1970817/p,https://jumbocl.vteximg.com.br/arquivos/ids/400140-250-250/Terrina-de-Pato-Rougie-180-g.jpg?v=638776900206270000,Pastas Untables,https://www.jumbo.cl/chocolates-galletas-y-snacks/pastas-para-coctel-y-untables/pastas-untables,https://bff.jumbo.cl/catalog/plp,1,2026-02-26T18:13:32
147657,Mousse de Salmón Ahumado al Merkén 60 g,Stefymar,4990,4990,False,https://www.jumbo.cl/mousse-salmon-60g-2035079/p,https://jumbocl.vteximg.com.br/arquivos/ids/533755-250-250/Mousse-de-Salmon-Ahumado-al-Merken-60-g.jpg?v=638979415807530000,Pastas Untables,https://www.jumbo.cl/chocolates-galletas-y-snacks/pastas-para-coctel-y-untables/pastas-untables,https://bff.jumbo.cl/catalog/plp,1,2026-02-26T18:13:32
144257,Mousse Foie Gras Delpeyrat 120 g,Delpeyrat,11490,11490,False,https://www.jumbo.cl/mousse-foie-gras-delpeyrat-120g-2017781/p,https://jumbocl.vteximg.com.br/arquivos/ids/403587-250-250/Mousse-Foie-Gras-Delpeyrat-120-g.jpg?v=638776914571200000,Pastas Untables,https://www.jumbo.cl/chocolates-galletas-y-snacks/pastas-para-coctel-y-untables/pastas-untables,https://bff.jumbo.cl/catalog/plp,1,2026-02-26T18:13:32
101608,Terrine de Pato Henaff A La Miel 90 g,Henaff,5130,5130,False,https://www.jumbo.cl/terrine-de-pato-a-la-miel-90-gr-1875235/p,https://jumbocl.vteximg.com.br/arquivos/ids/372793-250-250/Terrine-de-pato-a-la-miel-90-g.jpg?v=638776792744300000,Pastas Untables,https://www.jumbo.cl/chocolates-galletas-y-snacks/pastas-para-coctel-y-untables/pastas-untables,https://bff.jumbo.cl/catalog/plp,1,2026-02-26T18:13:32
101609,Terrine de Bretonne Henaff 200 g,Henaff,6450,6450,False,https://www.jumbo.cl/terrine-de-bretonne-henaff-200-gr-1876546/p,https://jumbocl.vteximg.com.br/arquivos/ids/372800-250-250/Terrine-de-bretonne-200-g.jpg?v=638776792775400000,Pastas Untables,https://www.jumbo.cl/chocolates-galletas-y-snacks/pastas-para-coctel-y-untables/pastas-untables,https://bff.jumbo.cl/catalog/plp,1,2026-02-26T18:13:32
101610,Terrine de Conejo Henaff con Ciruelas 90 g,Henaff,5130,5130,False,https://www.jumbo.cl/terrine-de-conejo-con-ciruelas-90-gr-1875234/p,https://jumbocl.vteximg.com.br/arquivos/ids/372802-250-250/Terrine-de-conejo-con-ciruelas-90-g.jpg?v=638776792776830000,Pastas Untables,https://www.jumbo.cl/chocolates-galletas-y-snacks/pastas-para-coctel-y-untables/pastas-untables,https://bff.jumbo.cl/catalog/plp,1,2026-02-26T18:13:32
147656,Mousse de Loco 60 g,Stefymar,5990,5990,False,https://www.jumbo.cl/mousse-loco-60g-2035078/p,https://jumbocl.vteximg.com.br/arquivos/ids/533751-250-250/Mousse-de-Loco-60-g.jpg?v=638979415793200000,Pastas Untables,https://www.jumbo.cl/chocolates-galletas-y-snacks/pastas-para-coctel-y-untables/pastas-untables,https://bff.jumbo.cl/catalog/plp,1,2026-02-26T18:13:32
132322,Terrina de Pato Provençale Rougie 180 g,Rougie,10990,10990,False,https://www.jumbo.cl/terrina-de-pato-provenzar-rougie-180g-1970815/p,https://jumbocl.vteximg.com.br/arquivos/ids/400133-250-250/Terrina-de-Pato-Prevenzar-Rougie-180-g.jpg?v=638776900173700000,Pastas Untables,https://www.jumbo.cl/chocolates-galletas-y-snacks/pastas-para-coctel-y-untables/pastas-untables,https://bff.jumbo.cl/catalog/plp,1,2026-02-26T18:13:32
132320,Terrina de Pato Pimienta Rougie 180 g,Rougie,10990,10990,False,https://www.jumbo.cl/terrina-de-pato-pimienta-rougie-180g-1970816/p,https://jumbocl.vteximg.com.br/arquivos/ids/400130-250-250/Terrina-de-Pato-Pimienta-Rougie-180-g.jpg?v=638776900164300000,Pastas Untables,https://www.jumbo.cl/chocolates-galletas-y-snacks/pastas-para-coctel-y-untables/pastas-untables,https://bff.jumbo.cl/catalog/plp,1,2026-02-26T18:13:32
147655,Mousse de Centolla Patagónica 60 g,Stefymar,8990,8990,False,https://www.jumbo.cl/mousse-centoll-60g-2035077/p,https://jumbocl.vteximg.com.br/arquivos/ids/533738-250-250/Mousse-de-Centolla-Patagonica-60-g.jpg?v=638979415782300000,Pastas Untables,https://www.jumbo.cl/chocolates-galletas-y-snacks/pastas-para-coctel-y-untables/pastas-untables,https://bff.jumbo.cl/catalog/plp,1,2026-02-26T18:13:32
144266,Mousse Foie Gras con Higo Delpeyrat 120 g,Delpeyrat,11490,11490,False,https://www.jumbo.cl/mousse-foie-gras-con-higo-delpeyrat-120g-2017780/p,https://jumbocl.vteximg.com.br/arquivos/ids/403594-250-250/Mousse-Foie-Gras-con-Higo-Delpeyrat-120-g.jpg?v=638776914611130000,Pastas Untables,https://www.jumbo.cl/chocolates-galletas-y-snacks/pastas-para-coctel-y-untables/pastas-untables,https://bff.jumbo.cl/catalog/plp,1,2026-02-26T18:13:32
143819,Pasta de Aceitunas con Nuez Akapacha 230 g,Akapacha,5590,5590,False,https://www.jumbo.cl/pasta-aceitunas-con-nuez-akapacha-230g-2019038/p,https://jumbocl.vteximg.com.br/arquivos/ids/488517-250-250/Pasta-de-Aceitunas-con-Nuez-Akapacha-230-g.jpg?v=638894807573130000,Pastas Untables,https://www.jumbo.cl/chocolates-galletas-y-snacks/pastas-para-coctel-y-untables/pastas-untables,https://bff.jumbo.cl/catalog/plp,1,2026-02-26T18:13:32
115439,Pasta Roasted Chicken Salad 300 g,Jumbo Ready!,4990,4990,False,https://www.jumbo.cl/pasta-roasted-chicken-salad-300-grs/p,https://jumbocl.vteximg.com.br/arquivos/ids/316354-250-250/Pasta-Roasted-Chicken-Salad-300-g.jpg?v=638776407967230000,Pastas Untables,https://www.jumbo.cl/chocolates-galletas-y-snacks/pastas-para-coctel-y-untables/pastas-untables,https://bff.jumbo.cl/catalog/plp,1,2026-02-26T18:13:32
43229,Dip Untable Buka Yogurt Ciboulette 220 g,Buka,2550,2550,False,https://www.jumbo.cl/salsa-untable-yoghurt-ciboulette-buka-220-g/p,https://jumbocl.vteximg.com.br/arquivos/ids/355146-250-250/Salsa-untable-yoghurt-ciboulette-Buka-220-g.jpg?v=638776705403600000,Salsas y Dip Untables,https://www.jumbo.cl/chocolates-galletas-y-snacks/pastas-para-coctel-y-untables/salsas-y-dip-untables,https://bff.jumbo.cl/catalog/plp,1,2026-02-26T18:13:38
122446,Mermelada Costa Crackelet Cebolla 110 g,Costa,1350,1350,False,https://www.jumbo.cl/mermelada-crackelet-cebolla-110-gr-1952414/p,https://jumbocl.vteximg.com.br/arquivos/ids/388271-250-250/Mermelada-Crackelet-cebolla-110-g.jpg?v=638776855161400000,Salsas y Dip Untables,https://www.jumbo.cl/chocolates-galletas-y-snacks/pastas-para-coctel-y-untables/salsas-y-dip-untables,https://bff.jumbo.cl/catalog/plp,1,2026-02-26T18:13:38
83783,Dip Perfect Choice Esparrago 225 g,Perfect Choice,3490,3490,False,https://www.jumbo.cl/dip-esparrago-225-g/p,https://jumbocl.vteximg.com.br/arquivos/ids/365467-250-250/Dip-esparrago-225-g.jpg?v=638776759194100000,Salsas y Dip Untables,https://www.jumbo.cl/chocolates-galletas-y-snacks/pastas-para-coctel-y-untables/salsas-y-dip-untables,https://bff.jumbo.cl/catalog/plp,1,2026-02-26T18:13:38
3159,Pasta de Ají Rojo Buka Frasco 150 g,Buka,2870,2870,False,https://www.jumbo.cl/pasta-de-aji-rojo-buka-frasco-150-g-2/p,https://jumbocl.vteximg.com.br/arquivos/ids/346586-250-250/Pasta-de-aji-rojo-frasco-150-g.jpg?v=638776461336900000,Salsas y Dip Untables,https://www.jumbo.cl/chocolates-galletas-y-snacks/pastas-para-coctel-y-untables/salsas-y-dip-untables,https://bff.jumbo.cl/catalog/plp,1,2026-02-26T18:13:38
55442,"Bruschetta Perfect Choice Palmito, Espárrago y Almendra 280 g",Perfect Choice,4290,4290,False,https://www.jumbo.cl/salsa-para-bruschetta-perfect-choice-esparrago-almeja-280-g/p,https://jumbocl.vteximg.com.br/arquivos/ids/359726-250-250/Salsa-para-bruschetta-esparrago---almendra-280-g.jpg?v=638776729546970000,Salsas y Dip Untables,https://www.jumbo.cl/chocolates-galletas-y-snacks/pastas-para-coctel-y-untables/salsas-y-dip-untables,https://bff.jumbo.cl/catalog/plp,1,2026-02-26T18:13:38
3218,Bruschetta Perfect Choice Esparrago Verde 280 g,Perfect Choice,4290,4290,False,https://www.jumbo.cl/bruschetta-perfect-choice-280-g-esparrago-verde-2/p,https://jumbocl.vteximg.com.br/arquivos/ids/346610-250-250/Bruschetta-Perfect-Choice-280-g-Esparrago-Verde.jpg?v=638776461585570000,Salsas y Dip Untables,https://www.jumbo.cl/chocolates-galletas-y-snacks/pastas-para-coctel-y-untables/salsas-y-dip-untables,https://bff.jumbo.cl/catalog/plp,1,2026-02-26T18:13:38
122443,Mermelada Costa Crackelet Pimentón 110 g,Costa,1350,1350,False,https://www.jumbo.cl/mermelada-crackelet-pimenton-110-gr-1952413/p,https://jumbocl.vteximg.com.br/arquivos/ids/388268-250-250/Mermelada-Crackelet-pimenton-110-g.jpg?v=638776855145130000,Salsas y Dip Untables,https://www.jumbo.cl/chocolates-galletas-y-snacks/pastas-para-coctel-y-untables/salsas-y-dip-untables,https://bff.jumbo.cl/catalog/plp,1,2026-02-26T18:13:38
111769,Caramelizado Perfect Choice Pimiento Piquillo y Jalapeño 360 g,Perfect Choice,3899,3899,False,https://www.jumbo.cl/carameliz-cocktail-pch-pimiento-360-gr-1921222/p,https://jumbocl.vteximg.com.br/arquivos/ids/379062-250-250/Caramelizado-pimiento-y-jalape%C3%B1o-320-g.jpg?v=638776817775500000,Salsas y Dip Untables,https://www.jumbo.cl/chocolates-galletas-y-snacks/pastas-para-coctel-y-untables/salsas-y-dip-untables,https://bff.jumbo.cl/catalog/plp,1,2026-02-26T18:13:38
127376,Salsa para Untar Gourmet Tártara 200 g,Gourmet,1899,1899,False,https://www.jumbo.cl/salsa-para-untar-tartara-200-gr-1965593/p,https://jumbocl.vteximg.com.br/arquivos/ids/319552-250-250/Salsa-Para-Untar-Gourmet-Tartara-200-g.jpg?v=638776417768230000,Salsas y Dip Untables,https://www.jumbo.cl/chocolates-galletas-y-snacks/pastas-para-coctel-y-untables/salsas-y-dip-untables,https://bff.jumbo.cl/catalog/plp,1,2026-02-26T18:13:38
55843,Bruschetta Perfect Choice Alcachofa y Quinoa 290 g,Perfect Choice,4490,4490,False,https://www.jumbo.cl/brusche-alca-quinoa-perfect-choice-280g/p,https://jumbocl.vteximg.com.br/arquivos/ids/359836-250-250/Brusche-alca-quinoa-Perfect-Choice-280g.jpg?v=638776729952670000,Salsas y Dip Untables,https://www.jumbo.cl/chocolates-galletas-y-snacks/pastas-para-coctel-y-untables/salsas-y-dip-untables,https://bff.jumbo.cl/catalog/plp,1,2026-02-26T18:13:38
2886,Salsa Dip Hot La Costeña 453 grs.,La Costeña,2384,2980,True,https://www.jumbo.cl/salsa-dip-hot-la-costena-frasco-453-grs/p,https://jumbocl.vteximg.com.br/arquivos/ids/346501-250-250/Salsa-Dip-Hot-La-Coste%C3%B1a-453-grs.jpg?v=638776460102230000,Salsas y Dip Untables,https://www.jumbo.cl/chocolates-galletas-y-snacks/pastas-para-coctel-y-untables/salsas-y-dip-untables,https://bff.jumbo.cl/catalog/plp,1,2026-02-26T18:13:38
2844,Salsa para Untar Gourmet Yogurt y Ciboulette 200 g,Gourmet,2150,2150,False,https://www.jumbo.cl/salsa-para-untar-gourmet-doypack-200-g-yoghurt-y-ciboulette/p,https://jumbocl.vteximg.com.br/arquivos/ids/299733-250-250/Salsa-Para-Untar-Gourmet-Yoghurt-y-Ciboulette-200-g.jpg?v=638776370977330000,Salsas y Dip Untables,https://www.jumbo.cl/chocolates-galletas-y-snacks/pastas-para-coctel-y-untables/salsas-y-dip-untables,https://bff.jumbo.cl/catalog/plp,1,2026-02-26T18:13:38
148926,Salsa Dip Buka Guacamole 180 g,Buka,2490,2490,False,https://www.jumbo.cl/salsa-dip-guacamol-2038121/p,https://jumbocl.vteximg.com.br/arquivos/ids/436342-250-250/Salsa-Dip-Buka-Guacamole-180-g.jpg?v=638827842288670000,Salsas y Dip Untables,https://www.jumbo.cl/chocolates-galletas-y-snacks/pastas-para-coctel-y-untables/salsas-y-dip-untables,https://bff.jumbo.cl/catalog/plp,1,2026-02-26T18:13:38
55834,Mermelada Perfect Choice Pimiento 160 g,Perfect Choice,2690,2690,False,https://www.jumbo.cl/mermelada-de-pimiento-perfect-choice-160-g/p,https://jumbocl.vteximg.com.br/arquivos/ids/359835-250-250/Mermelada-de-pimiento-Perfect-Choice-160-g.jpg?v=638776729952500000,Salsas y Dip Untables,https://www.jumbo.cl/chocolates-galletas-y-snacks/pastas-para-coctel-y-untables/salsas-y-dip-untables,https://bff.jumbo.cl/catalog/plp,1,2026-02-26T18:13:38
36128,Salsa Huancaína Perfect Choice 225 g,Perfect Choice,3190,3190,False,https://www.jumbo.cl/salsa-huancaina-perfect-choice-225-g/p,https://jumbocl.vteximg.com.br/arquivos/ids/356858-250-250/Salsa-huancaina-Perfect-choice-225-g.jpg?v=638776714681600000,Salsas y Dip Untables,https://www.jumbo.cl/chocolates-galletas-y-snacks/pastas-para-coctel-y-untables/salsas-y-dip-untables,https://bff.jumbo.cl/catalog/plp,1,2026-02-26T18:13:38
55833,Mermelada Perfect Choice Cebolla Morada 160 g,Perfect Choice,2690,2690,False,https://www.jumbo.cl/mermelada-de-cebolla-morada-perfect-choice-160-g/p,https://jumbocl.vteximg.com.br/arquivos/ids/359826-250-250/Mermelada-de-cebolla-morada-Perfect-Choice-160-g.jpg?v=638776729925070000,Salsas y Dip Untables,https://www.jumbo.cl/chocolates-galletas-y-snacks/pastas-para-coctel-y-untables/salsas-y-dip-untables,https://bff.jumbo.cl/catalog/plp,1,2026-02-26T18:13:38
43228,Dip Untable Buka Cheddar 220 g,Buka,2550,2550,False,https://www.jumbo.cl/salsa-untable-cheddar-buka-220-g/p,https://jumbocl.vteximg.com.br/arquivos/ids/355148-250-250/Salsa-untable-cheddar-220-g.jpg?v=638776705404530000,Salsas y Dip Untables,https://www.jumbo.cl/chocolates-galletas-y-snacks/pastas-para-coctel-y-untables/salsas-y-dip-untables,https://bff.jumbo.cl/catalog/plp,1,2026-02-26T18:13:38
43227,Dip Untable Buka Ajo 220 g,Buka,2550,2550,False,https://www.jumbo.cl/salsa-untable-ajo-buka-220-g/p,https://jumbocl.vteximg.com.br/arquivos/ids/355147-250-250/Salsa-untable-ajo-220-g.jpg?v=638776705404530000,Salsas y Dip Untables,https://www.jumbo.cl/chocolates-galletas-y-snacks/pastas-para-coctel-y-untables/salsas-y-dip-untables,https://bff.jumbo.cl/catalog/plp,1,2026-02-26T18:13:38
73627,Salsa para Untar Gourmet Premium Alcachofa Espinaca 200 g,Gourmet,1899,1899,False,https://www.jumbo.cl/salsa-para-untar-gourmet-premium-alcachofa-espinaca-g/p,https://jumbocl.vteximg.com.br/arquivos/ids/310172-250-250/Salsa-para-untar-Gourmet-premium-alcachofa-espinaca-200-g.jpg?v=638776391044730000,Salsas y Dip Untables,https://www.jumbo.cl/chocolates-galletas-y-snacks/pastas-para-coctel-y-untables/salsas-y-dip-untables,https://bff.jumbo.cl/catalog/plp,1,2026-02-26T18:13:38
55152,Salsa de Ajo Don Juan 100 g,Don Juan,780,780,False,https://www.jumbo.cl/salsa-de-ajo-don-juan-100-g/p,https://jumbocl.vteximg.com.br/arquivos/ids/423054-250-250/Salsa-de-ajo-Don-Juan-100-g.jpg?v=638809589822500000,Salsas y Dip Untables,https://www.jumbo.cl/chocolates-galletas-y-snacks/pastas-para-coctel-y-untables/salsas-y-dip-untables,https://bff.jumbo.cl/catalog/plp,1,2026-02-26T18:13:38
73626,Salsa para Untar Gourmet Premium Cebolla y Ajo 200 g,Gourmet,1890,1890,False,https://www.jumbo.cl/salsa-para-untar-gourmet-premium-cebolla-y-ajo-200-g/p,https://jumbocl.vteximg.com.br/arquivos/ids/310156-250-250/Salsa-para-untar-Gourmet-premium-cebolla-y-ajo-200-g.jpg?v=638776391011670000,Salsas y Dip Untables,https://www.jumbo.cl/chocolates-galletas-y-snacks/pastas-para-coctel-y-untables/salsas-y-dip-untables,https://bff.jumbo.cl/catalog/plp,1,2026-02-26T18:13:38
2845,Salsa para Untar Gourmet Light Ajo y Orégano 200 g,Gourmet,2150,2150,False,https://www.jumbo.cl/salsa-para-untar-light-gourmet-ajo-y-oregano-doy-pack-200-grs/p,https://jumbocl.vteximg.com.br/arquivos/ids/299747-250-250/Salsa-para-untar-light-Ajo-y-Oregano-200-g.jpg?v=638776371010430000,Salsas y Dip Untables,https://www.jumbo.cl/chocolates-galletas-y-snacks/pastas-para-coctel-y-untables/salsas-y-dip-untables,https://bff.jumbo.cl/catalog/plp,1,2026-02-26T18:13:38
115278,Cebolla Caramelizada La Sazonería con Vino 250 g,La Sazonería,3592,4490,True,https://www.jumbo.cl/cebolla-caram-c-vino-oporto-la-sazoneria-1931659/p,https://jumbocl.vteximg.com.br/arquivos/ids/381435-250-250/Cebolla-Caramelizada-con-Vino-Oporto-250-g.jpg?v=638776827025200000,Salsas y Dip Untables,https://www.jumbo.cl/chocolates-galletas-y-snacks/pastas-para-coctel-y-untables/salsas-y-dip-untables,https://bff.jumbo.cl/catalog/plp,1,2026-02-26T18:13:38
119383,Pimiento Caramelizado La Sazonería con Vino 250 g,La Sazonería,3592,4490,True,https://www.jumbo.cl/pimiento-caramelizado-c-vino-oporto-1937694/p,https://jumbocl.vteximg.com.br/arquivos/ids/384786-250-250/Pimiento-caramelizado-con-vino-oporto.jpg?v=638776841603730000,Salsas y Dip Untables,https://www.jumbo.cl/chocolates-galletas-y-snacks/pastas-para-coctel-y-untables/salsas-y-dip-untables,https://bff.jumbo.cl/catalog/plp,1,2026-02-26T18:13:38
126354,Pesto Rúcula Albahaca Natural Love Co 190 g,I Love Hummus,5390,5390,False,https://www.jumbo.cl/pesto-rucula-alba-natural-love-co-190-gr-1960897/p,https://jumbocl.vteximg.com.br/arquivos/ids/392111-250-250/Pesto-Rucula-Albahaca-Natural-Lovo-Co-190-g.jpg?v=638776870178900000,Salsas y Dip Untables,https://www.jumbo.cl/chocolates-galletas-y-snacks/pastas-para-coctel-y-untables/salsas-y-dip-untables,https://bff.jumbo.cl/catalog/plp,1,2026-02-26T18:13:38
126352,Pesto Aceituna Natural Love Co 190 g,I Love Hummus,4890,4890,False,https://www.jumbo.cl/pesto-aceituna-natural-love-co-190-gr-1960898/p,https://jumbocl.vteximg.com.br/arquivos/ids/392099-250-250/Pesto-Aceituna-Natural-Lovo-Co-190-g.jpg?v=638776870113230000,Salsas y Dip Untables,https://www.jumbo.cl/chocolates-galletas-y-snacks/pastas-para-coctel-y-untables/salsas-y-dip-untables,https://bff.jumbo.cl/catalog/plp,1,2026-02-26T18:13:38
111770,Caramelizado Perfect Choice Cebolla 320 g,Perfect Choice,4399,4399,False,https://www.jumbo.cl/carameliz-cocktail-pch-cebolla-320-gr-1921223/p,https://jumbocl.vteximg.com.br/arquivos/ids/379058-250-250/Caramelizado-cebolla-320-g.jpg?v=638776817767870000,Salsas y Dip Untables,https://www.jumbo.cl/chocolates-galletas-y-snacks/pastas-para-coctel-y-untables/salsas-y-dip-untables,https://bff.jumbo.cl/catalog/plp,1,2026-02-26T18:13:38
3155,Confitura de Cebolla Buka Bolsa 160 g,Buka,2990,2990,False,https://www.jumbo.cl/confitura-de-cebolla-buka-bolsa-de-160-g-2/p,https://jumbocl.vteximg.com.br/arquivos/ids/346582-250-250/Confitura-de-cebolla-bolsa-160-g.jpg?v=638776461287230000,Salsas y Dip Untables,https://www.jumbo.cl/chocolates-galletas-y-snacks/pastas-para-coctel-y-untables/salsas-y-dip-untables,https://bff.jumbo.cl/catalog/plp,1,2026-02-26T18:13:38
155575,Cuartos Alcachofas Marinadas 105 g drenado,Perfect Choice,3050,3050,False,https://www.jumbo.cl/cuadritos-alcachofas-marinadas-105-g-drenado-2043420/p,https://jumbocl.vteximg.com.br/arquivos/ids/545343-250-250/Cuadritos-Alcachofas-Marinadas-105-g-drenado.jpg?v=638999677206070000,Salsas y Dip Untables,https://www.jumbo.cl/chocolates-galletas-y-snacks/pastas-para-coctel-y-untables/salsas-y-dip-untables,https://bff.jumbo.cl/catalog/plp,1,2026-02-26T18:13:38
115261,Confitura de Calabaza La Sazonería con Nuez 250 g,La Sazonería,3592,4490,True,https://www.jumbo.cl/confitura-de-calabaza-snuez-la-sazoneria-1931660/p,https://jumbocl.vteximg.com.br/arquivos/ids/381423-250-250/Confitura-de-calabaza-con-nuez-250-g.jpg?v=638776826979200000,Salsas y Dip Untables,https://www.jumbo.cl/chocolates-galletas-y-snacks/pastas-para-coctel-y-untables/salsas-y-dip-untables,https://bff.jumbo.cl/catalog/plp,1,2026-02-26T18:13:38
3217,Bruschetta Perfect Choice Pimiento 280 g,Perfect Choice,4290,4290,False,https://www.jumbo.cl/bruschetta-de-pimiento-perfect-choice-280-g-2/p,https://jumbocl.vteximg.com.br/arquivos/ids/346608-250-250/Bruschetta-de-Pimiento-Perfect-Choice-280-g.jpg?v=638776461569270000,Salsas y Dip Untables,https://www.jumbo.cl/chocolates-galletas-y-snacks/pastas-para-coctel-y-untables/salsas-y-dip-untables,https://bff.jumbo.cl/catalog/plp,1,2026-02-26T18:13:38
111774,Bruschetta Perfect Choice Tomate 290 g,Perfect Choice,3650,3650,False,https://www.jumbo.cl/bruschetta-de-tomate-90-gr-1921227/p,https://jumbocl.vteximg.com.br/arquivos/ids/379067-250-250/Bruschetta-de-tomate-90-g.jpg?v=638776817799300000,Salsas y Dip Untables,https://www.jumbo.cl/chocolates-galletas-y-snacks/pastas-para-coctel-y-untables/salsas-y-dip-untables,https://bff.jumbo.cl/catalog/plp,1,2026-02-26T18:13:38
155572,Pesto Cremoso Perfect Choice 190 g,Perfect Choice,4390,4390,False,https://www.jumbo.cl/pesto-cremoso-perfect-choice-190-g-2043418/p,https://jumbocl.vteximg.com.br/arquivos/ids/545330-250-250/Pesto-Cremoso-Perfect-Choice-190-g.jpg?v=638999677179770000,Salsas y Dip Untables,https://www.jumbo.cl/chocolates-galletas-y-snacks/pastas-para-coctel-y-untables/salsas-y-dip-untables,https://bff.jumbo.cl/catalog/plp,1,2026-02-26T18:13:38
155573,Salsa Untable Ajo Perfect Choice 220 g,Perfect Choice,2990,2990,False,https://www.jumbo.cl/salsa-untable-ajo-perfect-choice-220-g-2043419/p,https://jumbocl.vteximg.com.br/arquivos/ids/545338-250-250/Salsa-Untable-Ajo-Perfect-Choice-220-g.jpg?v=638999677192900000,Salsas y Dip Untables,https://www.jumbo.cl/chocolates-galletas-y-snacks/pastas-para-coctel-y-untables/salsas-y-dip-untables,https://bff.jumbo.cl/catalog/plp,1,2026-02-26T18:13:38
3216,Bruschetta Perfect Choice Alcachofa 280 g,Perfect Choice,4290,4290,False,https://www.jumbo.cl/bruschetta-de-alcachofa-perfect-choice-280-g-2/p,https://jumbocl.vteximg.com.br/arquivos/ids/346606-250-250/Bruschetta-de-Alcachofa-280-g.jpg?v=638776461549470000,Salsas y Dip Untables,https://www.jumbo.cl/chocolates-galletas-y-snacks/pastas-para-coctel-y-untables/salsas-y-dip-untables,https://bff.jumbo.cl/catalog/plp,1,2026-02-26T18:13:38
3156,Mermelada de Pimentón Buka Frasco 160 g,Buka,2990,2990,False,https://www.jumbo.cl/mermelada-de-pimenton-buka-frasco-160-g-2/p,https://jumbocl.vteximg.com.br/arquivos/ids/346584-250-250/Mermelada-de-pimenton-frasco-160-g.jpg?v=638776461309270000,Salsas y Dip Untables,https://www.jumbo.cl/chocolates-galletas-y-snacks/pastas-para-coctel-y-untables/salsas-y-dip-untables,https://bff.jumbo.cl/catalog/plp,1,2026-02-26T18:13:38
83787,"Dip Perfect Choice Alcachofa, Espinaca y Queso 220 g",Perfect Choice,3390,3390,False,https://www.jumbo.cl/dip-alcachofa-espinaca-y-queso-225-g/p,https://jumbocl.vteximg.com.br/arquivos/ids/365480-250-250/Dip-alcachofa-espinaca-y-queso-225-g.jpg?v=638776759234500000,Salsas y Dip Untables,https://www.jumbo.cl/chocolates-galletas-y-snacks/pastas-para-coctel-y-untables/salsas-y-dip-untables,https://bff.jumbo.cl/catalog/plp,1,2026-02-26T18:13:38
17181,Pesto Perfect Choice Sabor Genovés 140 g,Perfect Choice,2990,2990,False,https://www.jumbo.cl/pesto-perfect-choice-140-g-sabor-genoves/p,https://jumbocl.vteximg.com.br/arquivos/ids/351848-250-250/Pesto-sabor-genoves-140-g.jpg?v=638776687243230000,Salsas y Dip Untables,https://www.jumbo.cl/chocolates-galletas-y-snacks/pastas-para-coctel-y-untables/salsas-y-dip-untables,https://bff.jumbo.cl/catalog/plp,1,2026-02-26T18:13:38
93196,Dip Buka Tártara 220 g,Buka,2549,2549,False,https://www.jumbo.cl/dip-sabor-tartara-220-g/p,https://jumbocl.vteximg.com.br/arquivos/ids/368174-250-250/Dip-sabor-tartara-220-g.jpg?v=638776771368670000,Salsas y Dip Untables,https://www.jumbo.cl/chocolates-galletas-y-snacks/pastas-para-coctel-y-untables/salsas-y-dip-untables,https://bff.jumbo.cl/catalog/plp,1,2026-02-26T18:13:38
134926,Hummus Tradicional Cuisine & Co 250 g,Cuisine & Co,3990,3990,False,https://www.jumbo.cl/hummus-trad-c-y-co/p,https://jumbocl.vteximg.com.br/arquivos/ids/323614-250-250/Hummus-Tradicional-Cuisine---Co-250-g.jpg?v=638776427017830000,Hummus,https://www.jumbo.cl/chocolates-galletas-y-snacks/pastas-para-coctel-y-untables/hummus,https://bff.jumbo.cl/catalog/plp,1,2026-02-26T18:13:44
27951,Salsa Hummus Buka 220 g,Buka,2870,2870,False,https://www.jumbo.cl/salsa-buka-hummus-merken-220-g/p,https://jumbocl.vteximg.com.br/arquivos/ids/356105-250-250/Salsa-hummus-220-g.jpg?v=638776710732470000,Hummus,https://www.jumbo.cl/chocolates-galletas-y-snacks/pastas-para-coctel-y-untables/hummus,https://bff.jumbo.cl/catalog/plp,1,2026-02-26T18:13:44
87298,Hummus Suk 380 g,Suk,3990,3990,False,https://www.jumbo.cl/hummus-380-g/p,https://jumbocl.vteximg.com.br/arquivos/ids/366078-250-250/Hummus-380-g.jpg?v=638776761993600000,Hummus,https://www.jumbo.cl/chocolates-galletas-y-snacks/pastas-para-coctel-y-untables/hummus,https://bff.jumbo.cl/catalog/plp,1,2026-02-26T18:13:44
101103,Hummus Lenteja Almendra 220 g,I Love Hummus,4490,4490,False,https://www.jumbo.cl/hummus-lenteja-almendra-i-love-220-gr-1863051/p,https://jumbocl.vteximg.com.br/arquivos/ids/372533-250-250/Hummus-lenteja-almendra-220-g.jpg?v=638776791694930000,Hummus,https://www.jumbo.cl/chocolates-galletas-y-snacks/pastas-para-coctel-y-untables/hummus,https://bff.jumbo.cl/catalog/plp,1,2026-02-26T18:13:44
127312,Hummus Suk 180 g,Suk,2490,2490,False,https://www.jumbo.cl/hummus-suk-180-grs-1966543/p,https://jumbocl.vteximg.com.br/arquivos/ids/393391-250-250/HUMMUS-SUK-180-GRS.jpg?v=638776874411870000,Hummus,https://www.jumbo.cl/chocolates-galletas-y-snacks/pastas-para-coctel-y-untables/hummus,https://bff.jumbo.cl/catalog/plp,1,2026-02-26T18:13:44
101117,Hummus Aceituna Pimiento 220 g,I Love Hummus,4799,4799,False,https://www.jumbo.cl/hummus-aceituna-pimien-i-love-220-gr-1863049/p,https://jumbocl.vteximg.com.br/arquivos/ids/372547-250-250/Hummus-aceituna-pimiento-220-g.jpg?v=638776791748130000,Hummus,https://www.jumbo.cl/chocolates-galletas-y-snacks/pastas-para-coctel-y-untables/hummus,https://bff.jumbo.cl/catalog/plp,1,2026-02-26T18:13:44
115549,Hummus Poroto Negro Cilantro 220 g,I Love Hummus,4490,4490,False,https://www.jumbo.cl/hummus-poroto-negro-cilantro-love-co220g-1928705/p,https://jumbocl.vteximg.com.br/arquivos/ids/381736-250-250/Hummus-poroto-negro-cilantro-220-g.jpg?v=638776828264370000,Hummus,https://www.jumbo.cl/chocolates-galletas-y-snacks/pastas-para-coctel-y-untables/hummus,https://bff.jumbo.cl/catalog/plp,1,2026-02-26T18:13:44
115552,Hummus Ajo Chilote Merkén 220 g,I Love Hummus,4799,4799,False,https://www.jumbo.cl/hummus-ajo-chilote-merken-love-co-220gr-1928704/p,https://jumbocl.vteximg.com.br/arquivos/ids/381735-250-250/Hummus-ajo-chilote-merken-220-g.jpg?v=638776828262500000,Hummus,https://www.jumbo.cl/chocolates-galletas-y-snacks/pastas-para-coctel-y-untables/hummus,https://bff.jumbo.cl/catalog/plp,1,2026-02-26T18:13:44
134925,Hummus Albahaca Cuisine & Co 250 g,Cuisine & Co,3990,3990,False,https://www.jumbo.cl/hummus-alb-c-y-co/p,https://jumbocl.vteximg.com.br/arquivos/ids/323575-250-250/Hummus-Albahaca-Cuisine---Co-250-g.jpg?v=638776426992330000,Hummus,https://www.jumbo.cl/chocolates-galletas-y-snacks/pastas-para-coctel-y-untables/hummus,https://bff.jumbo.cl/catalog/plp,1,2026-02-26T18:13:44
139768,Mix Duo Hummus Tradicional/Queso Ciboulette C&C 360 g,Cuisine & Co,5490,5490,False,https://www.jumbo.cl/mix-duo-hummus-trad-ques-cibou-c-and-c-360-g-2004907/p,https://jumbocl.vteximg.com.br/arquivos/ids/333082-250-250/MIX-DUO-HUMMUS-TRAD-QUES-CIBOU-C-C-360-G.jpg?v=638776434581900000,Hummus,https://www.jumbo.cl/chocolates-galletas-y-snacks/pastas-para-coctel-y-untables/hummus,https://bff.jumbo.cl/catalog/plp,1,2026-02-26T18:13:44
156248,Mix Hummus Tomate Albahaca 360 g,Cuisine & Co,5490,5490,False,https://www.jumbo.cl/mix-hummus-tomate-albahaca-360g-2049302/p,https://jumbocl.vteximg.com.br/arquivos/ids/532482-250-250/Mix-Hummus-Tomate-Albahaca-360-g.jpg?v=638979414293700000,Hummus,https://www.jumbo.cl/chocolates-galletas-y-snacks/pastas-para-coctel-y-untables/hummus,https://bff.jumbo.cl/catalog/plp,1,2026-02-26T18:13:44
156247,Mix Hummus Betarraga Cúrcuma Thai 360 g,Cuisine & Co,5490,5490,False,https://www.jumbo.cl/mix-hummus-betarraga-curcuma-thai-360g-2049301/p,https://jumbocl.vteximg.com.br/arquivos/ids/532477-250-250/Mix-Hummus-Betarraga-Curcuma-Thai-360-g.jpg?v=638979414285900000,Hummus,https://www.jumbo.cl/chocolates-galletas-y-snacks/pastas-para-coctel-y-untables/hummus,https://bff.jumbo.cl/catalog/plp,1,2026-02-26T18:13:44
101109,Hummus Tomate Seco Orégano 220 g,I Love Hummus,4799,4799,False,https://www.jumbo.cl/hummus-tom-seco-oregano-i-love-220-gr-1863048/p,https://jumbocl.vteximg.com.br/arquivos/ids/372543-250-250/Hummus-tomate-seco-oregano-220-g.jpg?v=638776791721300000,Hummus,https://www.jumbo.cl/chocolates-galletas-y-snacks/pastas-para-coctel-y-untables/hummus,https://bff.jumbo.cl/catalog/plp,1,2026-02-26T18:13:44
101100,Hummus Tomate Original 220 g,I Love Hummus,4799,4799,False,https://www.jumbo.cl/hummus-original-i-love-220-gr-1863050/p,https://jumbocl.vteximg.com.br/arquivos/ids/372535-250-250/Hummus-original-220-g.jpg?v=638776791697130000,Hummus,https://www.jumbo.cl/chocolates-galletas-y-snacks/pastas-para-coctel-y-untables/hummus,https://bff.jumbo.cl/catalog/plp,1,2026-02-26T18:13:44
