sku;name;brand;price;list_price;in_offer;detail_url;image_url;subcat_name;subcat_url;source_json_url;page_num;extracted_at
00780192000083;Alimento Seco Perro Adulto Raza Mediana/Grande Carne Bolsa, 15 Kg;;1679;30990;True;https://super.lider.cl/ip/perro/00780192000083;https://i5.walmartimages.cl/asr/aea2c23a-594e-4dd7-b7c9-01d355ab4ab3.59dde1d63306be7094f4e5b641c1e43a.jpeg?null=&odnHeight=580&odnWidth=580&odnBg=FFFFFF;Perro > Alimento Seco;https://super.lider.cl/browse/mascotas/perro/alimento-seco/07089592_29432822_59354834;;1;2026-03-17T01:48:44
00780410000086;Alimento Seco Perro Adulto Raza Mediana/Grande Carne y Cereales Bolsa, 15 Kg;;1893;28390;True;https://super.lider.cl/ip/perro/00780410000086;https://i5.walmartimages.cl/asr/84203e66-65b4-404a-b786-c6daadff3eea.fd7b40e3192f632cf17581bd7fea02ca.jpeg?null=&odnHeight=580&odnWidth=580&odnBg=FFFFFF;Perro > Alimento Seco;https://super.lider.cl/browse/mascotas/perro/alimento-seco/07089592_29432822_59354834;;1;2026-03-17T01:48:44
00779745300033;Alimento Seco Perro Adulto Raza Mediana/Grande Carne Bolsa, 15 Kg;;1799;33590;True;https://super.lider.cl/ip/perro/00779745300033;https://i5.walmartimages.cl/asr/e868a89f-4d2d-49db-91b5-b2c991b8bb06.146843467c45d5729cdcdf178483afff.jpeg?null=&odnHeight=580&odnWidth=580&odnBg=FFFFFF;Perro > Alimento Seco;https://super.lider.cl/browse/mascotas/perro/alimento-seco/07089592_29432822_59354834;;1;2026-03-17T01:48:44
00844529057339;Alimento Seco Perro Adulto Multi Proteina Carne Bolsa, 12 kg;;2083;29990;True;https://super.lider.cl/ip/perro/00844529057339;https://i5.walmartimages.cl/asr/062d9d85-1182-44e2-8c5b-058ffbe0adf5.f8251bf6f0d2747c04b74aa5a98b3215.jpeg?odnHeight=580&odnWidth=580&odnBg=FFFFFF;Perro > Alimento Seco;https://super.lider.cl/browse/mascotas/perro/alimento-seco/07089592_29432822_59354834;;1;2026-03-17T01:48:44
00844529133306;Alimento Seco Perro Adulto Raza Mediana/Grande Carne y Pollo Bolsa, 12 kg;;2083;24990;True;https://super.lider.cl/ip/perro/00844529133306;https://i5.walmartimages.cl/asr/7ed1e024-9481-4f8b-80d4-60e6d1993f94.bff6b907a649dade85a1137fde50bc26.jpeg?null=&odnHeight=580&odnWidth=580&odnBg=FFFFFF;Perro > Alimento Seco;https://super.lider.cl/browse/mascotas/perro/alimento-seco/07089592_29432822_59354834;;1;2026-03-17T01:48:44
00780257554454;Alimento Seco Perro Senior Cuidado Articular Sabor Carne Bolsa, 15 kg;;1686;30990;True;https://super.lider.cl/ip/perro/00780257554454;https://i5.walmartimages.cl/asr/3cbad26b-8334-4eb9-8981-b63cde049eed.2a7e7ded54d5ef93c4d61483d8d5c8de.jpeg?null=&odnHeight=580&odnWidth=580&odnBg=FFFFFF;Perro > Alimento Seco;https://super.lider.cl/browse/mascotas/perro/alimento-seco/07089592_29432822_59354834;;1;2026-03-17T01:48:44
00780443800158;Alimento Seco Perro Adulto Raza Mediana/Grande Carne y Cereales Bolsa, 15 Kg;;1533;22990;True;https://super.lider.cl/ip/perro/00780443800158;https://i5.walmartimages.cl/asr/2725eeab-e585-4f97-b402-f0774be08133.210b63209ba2a4c2a8f51775263590ef.jpeg?odnHeight=580&odnWidth=580&odnBg=FFFFFF;Perro > Alimento Seco;https://super.lider.cl/browse/mascotas/perro/alimento-seco/07089592_29432822_59354834;;1;2026-03-17T01:48:44
00780410000280;Alimento Seco Perro Adulto Carne y Arroz Bolsa, 15 Kg;;1233;21490;True;https://super.lider.cl/ip/perro/00780410000280;https://i5.walmartimages.cl/asr/26240dd1-4e07-409e-9553-8eef56134d8b.554cf543675aa179af62a36cfef42f27.jpeg?odnHeight=580&odnWidth=580&odnBg=FFFFFF;Perro > Alimento Seco;https://super.lider.cl/browse/mascotas/perro/alimento-seco/07089592_29432822_59354834;;1;2026-03-17T01:48:44
00780257553244;Alimento Seco Perro Adulto Carne y Arroz Bolsa, 15 kg;;1439;21590;True;https://super.lider.cl/ip/perro/00780257553244;https://i5.walmartimages.cl/asr/a7b7fbbb-4746-427f-9efa-28c2ae38276e.adfd9a1729f49641cd70e6bd3d3a7756.jpeg?odnHeight=580&odnWidth=580&odnBg=FFFFFF;Perro > Alimento Seco;https://super.lider.cl/browse/mascotas/perro/alimento-seco/07089592_29432822_59354834;;1;2026-03-17T01:48:44
00779745300159;Alimento Seco Perro Senior Carne y Vegetales Bolsa, 3 Kg;;2983;11190;True;https://super.lider.cl/ip/perro/00779745300159;https://i5.walmartimages.cl/asr/614546a7-e837-462b-8973-2e8299dde77e.b7c1745a5f6e09c6f263cb212e111a39.jpeg?null=&odnHeight=580&odnWidth=580&odnBg=FFFFFF;Perro > Alimento Seco;https://super.lider.cl/browse/mascotas/perro/alimento-seco/07089592_29432822_59354834;;1;2026-03-17T01:48:44
00844529168474;Alimento Seco Perro Adulto Mediano Senior Bolsa, 12 kg;;2449;29390;True;https://super.lider.cl/ip/perro/00844529168474;https://i5.walmartimages.cl/asr/a1f86f24-1f36-43bc-86d9-32b037930ebc.135dda7dfa3dbf5d5cae026aff53f57c.jpeg?null=&odnHeight=580&odnWidth=580&odnBg=FFFFFF;Perro > Alimento Seco;https://super.lider.cl/browse/mascotas/perro/alimento-seco/07089592_29432822_59354834;;1;2026-03-17T01:48:44
00780192000105;Alimento Seco Cachorro Raza Mediana/Grande Carne y Leche Bolsa, 15 Kg;;1679;30990;True;https://super.lider.cl/ip/perro/00780192000105;https://i5.walmartimages.cl/asr/0c7ad4e6-de85-49f3-aa49-2b4e810e93e1.f7e0f88d6d80e60d50723be771683f26.jpeg?null=&odnHeight=580&odnWidth=580&odnBg=FFFFFF;Perro > Alimento Seco;https://super.lider.cl/browse/mascotas/perro/alimento-seco/07089592_29432822_59354834;;1;2026-03-17T01:48:44
00779745300157;Alimento Seco Perro Adulto Raza Pequeña Carne y Vegetales Bolsa, 3 Kg;;2240;11190;True;https://super.lider.cl/ip/perro/00779745300157;https://i5.walmartimages.cl/asr/ba656759-de40-49f1-887a-33a5c49b7061.764bfc5d6a61f25a2813650db37c3f9c.jpeg?null=&odnHeight=580&odnWidth=580&odnBg=FFFFFF;Perro > Alimento Seco;https://super.lider.cl/browse/mascotas/perro/alimento-seco/07089592_29432822_59354834;;1;2026-03-17T01:48:44
00761328790989;Alimento Seco Perro Adulto Raza Pequeña Carne y Pollo Bolsa, 3 Kg;;3597;10790;True;https://super.lider.cl/ip/perro/00761328790989;https://i5.walmartimages.cl/asr/f3ca31aa-6edc-4ffc-a8b7-c7a5b5c23c81.b416f84071f94e513f4586b9dbfef6cd.jpeg?odnHeight=580&odnWidth=580&odnBg=FFFFFF;Perro > Alimento Seco;https://super.lider.cl/browse/mascotas/perro/alimento-seco/07089592_29432822_59354834;;1;2026-03-17T01:48:44
00779745300153;Alimento Seco Perro Adulto Raza Mediana/Grande Carne Bolsa, 3 Kg;;2240;11190;True;https://super.lider.cl/ip/perro/00779745300153;https://i5.walmartimages.cl/asr/af1746d9-de0f-415b-9911-580071103d4e.25edffe9efdabd838e8821dc120c94ee.jpeg?null=&odnHeight=580&odnWidth=580&odnBg=FFFFFF;Perro > Alimento Seco;https://super.lider.cl/browse/mascotas/perro/alimento-seco/07089592_29432822_59354834;;1;2026-03-17T01:48:44
00779745300151;Alimento Seco Cachorro Carne Bolsa, 3 Kg;;2240;11190;True;https://super.lider.cl/ip/perro/00779745300151;https://i5.walmartimages.cl/asr/7e3120dc-37fc-4349-84d4-086acd2cf409.971cd7468946b8cdfaa5e9b31b66eba6.jpeg?null=&odnHeight=580&odnWidth=580&odnBg=FFFFFF;Perro > Alimento Seco;https://super.lider.cl/browse/mascotas/perro/alimento-seco/07089592_29432822_59354834;;1;2026-03-17T01:48:44
00761328722519;Alimento Seco Perro Adulto Raza Pequeña Pollo y Carne Bolsa, 2 Kg;;5345;10690;True;https://super.lider.cl/ip/perro/00761328722519;https://i5.walmartimages.cl/asr/0e4eba92-21fb-4476-ada5-9a5b51878254.cf9cc914254aaaf25ddf0a7f6ebeb897.jpeg?null=&odnHeight=580&odnWidth=580&odnBg=FFFFFF;Perro > Alimento Seco;https://super.lider.cl/browse/mascotas/perro/alimento-seco/07089592_29432822_59354834;;1;2026-03-17T01:48:44
00779745397246;Alimento Seco Cachorro Carne, 15 Kg;;1859;33890;True;https://super.lider.cl/ip/perro/00779745397246;https://i5.walmartimages.cl/asr/a26d5e7c-eed8-47a6-820a-a6113ee6e2f6.dd0241bc0b750645ae129b4d051c5222.jpeg?null=&odnHeight=580&odnWidth=580&odnBg=FFFFFF;Perro > Alimento Seco;https://super.lider.cl/browse/mascotas/perro/alimento-seco/07089592_29432822_59354834;;1;2026-03-17T01:48:44
00780091020225;Bolsas Sanitarias Ecologicas (60 Unidades), 60 Un;;3990;3990;False;https://super.lider.cl/ip/perro/00780091020225;https://i5.walmartimages.cl/asr/03d261a7-e17d-4b87-bff7-5db91e827bce.50ff18cbe3fa08470b11d8dc1d1388de.jpeg?odnHeight=580&odnWidth=580&odnBg=FFFFFF;Perro > Alimento Seco;https://super.lider.cl/browse/mascotas/perro/alimento-seco/07089592_29432822_59354834;;1;2026-03-17T01:48:44
00761328732741;Alimento Seco Perro Longevidad Sabor Carne Bolsa, 3 Kg;;3597;10790;True;https://super.lider.cl/ip/perro/00761328732741;https://i5.walmartimages.cl/asr/3b563ffb-4512-4bc8-b3cd-5bb3a4e8a948.6939abf4b00b31f5f4925a3421753870.jpeg?odnHeight=580&odnWidth=580&odnBg=FFFFFF;Perro > Alimento Seco;https://super.lider.cl/browse/mascotas/perro/alimento-seco/07089592_29432822_59354834;;1;2026-03-17T01:48:44
00780443800380;Alimento Seco Perro Adulto Carne Bolsa, 9 Kg;;12490;12490;False;https://super.lider.cl/ip/perro/00780443800380;https://i5.walmartimages.cl/asr/c5833c7c-8d41-4c33-a615-d79fd83e3929.93f63f05c6b55de6c799bcf848aae8e8.jpeg?null=&odnHeight=580&odnWidth=580&odnBg=FFFFFF;Perro > Alimento Seco;https://super.lider.cl/browse/mascotas/perro/alimento-seco/07089592_29432822_59354834;;1;2026-03-17T01:48:44
00761328722535;Alimento Seco Perro Adulto Raza Pequeña Pollo y Cordero Bolsa, 2 Kg;;5345;10690;True;https://super.lider.cl/ip/perro/00761328722535;https://i5.walmartimages.cl/asr/15d9f2a4-d13d-414a-ac33-cb3b2226dd37.86af71e0f02555e1d8b4fe1bd9295709.jpeg?null=&odnHeight=580&odnWidth=580&odnBg=FFFFFF;Perro > Alimento Seco;https://super.lider.cl/browse/mascotas/perro/alimento-seco/07089592_29432822_59354834;;1;2026-03-17T01:48:44
00761328790987;Alimento Seco Perro Adulto Raza Pequeña Carne y Pollo Bolsa, 8 Kg;;20290;20290;False;https://super.lider.cl/ip/perro/00761328790987;https://i5.walmartimages.cl/asr/9749ee14-4eda-42b2-aadc-b95b4e5bef57.eb8caf126589c7cfc90d5575ed793b70.jpeg?odnHeight=580&odnWidth=580&odnBg=FFFFFF;Perro > Alimento Seco;https://super.lider.cl/browse/mascotas/perro/alimento-seco/07089592_29432822_59354834;;1;2026-03-17T01:48:44
00780192000068;Alimento Seco Perro Senior Raza Mediana/Grande Carne Bolsa, 3 Kg;;1700;10990;True;https://super.lider.cl/ip/perro/00780192000068;https://i5.walmartimages.cl/asr/ab633c4e-d84e-4ba1-8d6b-6d962a436130.37284a0a76608625ad130355ddaa0c3c.jpeg?null=&odnHeight=580&odnWidth=580&odnBg=FFFFFF;Perro > Alimento Seco;https://super.lider.cl/browse/mascotas/perro/alimento-seco/07089592_29432822_59354834;;1;2026-03-17T01:48:44
00780192000176;Alimento Seco Perro Adulto Raza Pequeña Carne Bolsa, 3 Kg;;1700;10990;True;https://super.lider.cl/ip/perro/00780192000176;https://i5.walmartimages.cl/asr/9ea512c3-aacd-4140-950f-9f769d8f65c3.96a166a719914636d4aa8a8d82aa1964.jpeg?null=&odnHeight=580&odnWidth=580&odnBg=FFFFFF;Perro > Alimento Seco;https://super.lider.cl/browse/mascotas/perro/alimento-seco/07089592_29432822_59354834;;1;2026-03-17T01:48:44
00780257553413;Alimento Seco Perro Senior Raza Pequeña Carne Bolsa, 3 kg;;3663;10990;True;https://super.lider.cl/ip/perro/00780257553413;https://i5.walmartimages.cl/asr/f770c76a-2270-4132-8658-ceb0298506fd.77f4ae1125a1ea684ebb9d102e8a1420.jpeg?null=&odnHeight=580&odnWidth=580&odnBg=FFFFFF;Perro > Alimento Seco;https://super.lider.cl/browse/mascotas/perro/alimento-seco/07089592_29432822_59354834;;1;2026-03-17T01:48:44
00844529056371;Alimento Seco Perro Adulto Alta Proteina Carne Bolsa, 3 kg;;3597;10790;True;https://super.lider.cl/ip/perro/00844529056371;https://i5.walmartimages.cl/asr/f2a65280-72b2-4dc8-88d4-ab524f5f7e53.568cf46f2d55b724c873d6bbebd87446.jpeg?null=&odnHeight=580&odnWidth=580&odnBg=FFFFFF;Perro > Alimento Seco;https://super.lider.cl/browse/mascotas/perro/alimento-seco/07089592_29432822_59354834;;1;2026-03-17T01:48:44
00844529140092;Alimento Seco Perro Cachorro Raza Mediana y Grande Bolsa, 12 kg;;2449;29390;True;https://super.lider.cl/ip/perro/00844529140092;https://i5.walmartimages.cl/asr/8ca5ff9d-476f-449b-82b6-4af1985d49fc.c35a3f6a43d10bd4a5382938b40d0403.jpeg?null=&odnHeight=580&odnWidth=580&odnBg=FFFFFF;Perro > Alimento Seco;https://super.lider.cl/browse/mascotas/perro/alimento-seco/07089592_29432822_59354834;;1;2026-03-17T01:48:44
00761303595084;Alimento Seco Cachorro Raza Pequeña Carne y Pollo Bolsa, 3 Kg;;3597;10790;True;https://super.lider.cl/ip/perro/00761303595084;https://i5.walmartimages.cl/asr/572f4683-203b-447b-b3a3-0846aecdfe6f.15f4a7da94f99e43efa71aa88ea62ca1.jpeg?null=&odnHeight=580&odnWidth=580&odnBg=FFFFFF;Perro > Alimento Seco;https://super.lider.cl/browse/mascotas/perro/alimento-seco/07089592_29432822_59354834;;1;2026-03-17T01:48:44
00761328790976;Alimento Seco Perro Adulto Raza Mediana/Grande Carne y Pollo Bolsa, 3 Kg;;3597;10790;True;https://super.lider.cl/ip/perro/00761328790976;https://i5.walmartimages.cl/asr/e3a7340a-6425-40ce-8928-87f5a291aec0.18e3ea07cc1d65dd9fd670956a5d355e.jpeg?null=&odnHeight=580&odnWidth=580&odnBg=FFFFFF;Perro > Alimento Seco;https://super.lider.cl/browse/mascotas/perro/alimento-seco/07089592_29432822_59354834;;1;2026-03-17T01:48:44
00780257553358;Alimento Seco Perro Adulto Raza Pequeña Sabor Pollo Bolsa, 3 Kg;;5063;15190;True;https://super.lider.cl/ip/perro/00780257553358;https://i5.walmartimages.cl/asr/6e132e39-b330-47a5-ad31-1b32fb8f75b2.42beeef9139a5758d9e37acec05cce25.jpeg?null=&odnHeight=580&odnWidth=580&odnBg=FFFFFF;Perro > Alimento Seco;https://super.lider.cl/browse/mascotas/perro/alimento-seco/07089592_29432822_59354834;;1;2026-03-17T01:48:44
00761328722801;Alimento Seco Perro Adulto Raza Mediana/Grande Pollo y Cordero Bolsa, 6 Kg;;4548;27290;True;https://super.lider.cl/ip/perro/00761328722801;https://i5.walmartimages.cl/asr/2f4238bb-04fd-41c6-a9e5-736f9fb8d517.253982da55e16a20cb49f4cd7159b0b6.jpeg?null=&odnHeight=580&odnWidth=580&odnBg=FFFFFF;Perro > Alimento Seco;https://super.lider.cl/browse/mascotas/perro/alimento-seco/07089592_29432822_59354834;;1;2026-03-17T01:48:44
00780257553365;Alimento Seco Perro Adulto Raza Mediana/Grande Sabor Pollo Bolsa, 15 Kg;;2666;39990;True;https://super.lider.cl/ip/perro/00780257553365;https://i5.walmartimages.cl/asr/c6060499-d65a-4dd4-b775-f64333e7a745.ec2684da5ac25f871d6f589e359b4e67.jpeg?null=&odnHeight=580&odnWidth=580&odnBg=FFFFFF;Perro > Alimento Seco;https://super.lider.cl/browse/mascotas/perro/alimento-seco/07089592_29432822_59354834;;1;2026-03-17T01:48:44
00761328722537;Alimento Seco Perro Adulto Raza Pequeña Pollo y Cordero Bolsa, 6 Kg;;4548;27290;True;https://super.lider.cl/ip/perro/00761328722537;https://i5.walmartimages.cl/asr/4bfd9f4b-199e-40c8-8341-26851107a197.1b52d68152159ca344f3452ffa78e20c.jpeg?null=&odnHeight=580&odnWidth=580&odnBg=FFFFFF;Perro > Alimento Seco;https://super.lider.cl/browse/mascotas/perro/alimento-seco/07089592_29432822_59354834;;1;2026-03-17T01:48:44
00761328722723;Alimento Seco Perro Adulto Raza Mediana/Grande Pollo y Carne Bolsa, 12 Kg;;4299;51590;True;https://super.lider.cl/ip/perro/00761328722723;https://i5.walmartimages.cl/asr/a13141fe-49e2-47a4-bf45-13afbf80d260.e156d607351d900c8ab3d8d51b5254c8.jpeg?null=&odnHeight=580&odnWidth=580&odnBg=FFFFFF;Perro > Alimento Seco;https://super.lider.cl/browse/mascotas/perro/alimento-seco/07089592_29432822_59354834;;1;2026-03-17T01:48:44
00780257553324;Alimento Seco Perro Adulto Raza Pequeña Carne Bolsa, 8 Kg;;2873;22990;True;https://super.lider.cl/ip/perro/00780257553324;https://i5.walmartimages.cl/asr/8c132f0a-2fdc-42c3-a245-fb3424667995.5e91f329d67e4f08aae1706538dd17cd.jpeg?null=&odnHeight=580&odnWidth=580&odnBg=FFFFFF;Perro > Alimento Seco;https://super.lider.cl/browse/mascotas/perro/alimento-seco/07089592_29432822_59354834;;1;2026-03-17T01:48:44
00780192000011;Alimento Seco Cachorro Raza Mediana/Grande Sabor Carne y Leche Bolsa, 3 Kg;;1700;10990;True;https://super.lider.cl/ip/perro/00780192000011;https://i5.walmartimages.cl/asr/6bdf559c-e29d-47c1-a1f3-1d567e06c4c4.8146429fe1a75a1710b86acc3ff02d5b.jpeg?null=&odnHeight=580&odnWidth=580&odnBg=FFFFFF;Perro > Alimento Seco;https://super.lider.cl/browse/mascotas/perro/alimento-seco/07089592_29432822_59354834;;1;2026-03-17T01:48:44
00779745397411;Alimento Cachorro Razas Pequeñas, 3 kg;;2200;11190;True;https://super.lider.cl/ip/perro/00779745397411;https://i5.walmartimages.cl/asr/4fcb5d6f-1453-4eda-96ea-42ada18c0167.bef605203ac7586a69a16c55b98d30a6.jpeg?odnHeight=580&odnWidth=580&odnBg=FFFFFF;Perro > Alimento Seco;https://super.lider.cl/browse/mascotas/perro/alimento-seco/07089592_29432822_59354834;;1;2026-03-17T01:48:44
00780257554455;Alimento Seco Perro Adulto Sabor Carne Bolsa, 21 kg;;1900;39890;True;https://super.lider.cl/ip/perro/00780257554455;https://i5.walmartimages.cl/asr/a0095f78-a51a-4d6d-b16b-ed371b3ca3a7.fbe7f7d97d61cfa66720d4ed69eb76c6.jpeg?null=&odnHeight=580&odnWidth=580&odnBg=FFFFFF;Perro > Alimento Seco;https://super.lider.cl/browse/mascotas/perro/alimento-seco/07089592_29432822_59354834;;1;2026-03-17T01:48:44
00040005088011;Super Premium - Alimento Seco Gato Adulto Esterilizado De Pollo Y Salmón, 2 kg;;7995;15990;True;https://super.lider.cl/ip/perro/00040005088011;https://i5.walmartimages.cl/asr/4278f609-36ea-4334-bd45-7c0ed52372ab.5e3fba8c75f8952414b750a22246f558.jpeg?odnHeight=580&odnWidth=580&odnBg=FFFFFF;Perro > Alimento Seco;https://super.lider.cl/browse/mascotas/gato/alimento-seco/07089592_85723699_38537300;;1;2026-03-17T01:50:50
00780257553359;Alimento Seco Perro Adulto Raza Mediana/Grande Sabor Pollo Bolsa, 3 Kg;;5063;15190;True;https://super.lider.cl/ip/perro/00780257553359;https://i5.walmartimages.cl/asr/e69f19dd-ea7a-4a8d-a646-75cebfb835d0.4c37a9e4d340af6e6ac08265fee3feb9.jpeg?null=&odnHeight=580&odnWidth=580&odnBg=FFFFFF;Perro > Alimento Seco;https://super.lider.cl/browse/mascotas/perro/alimento-seco/07089592_29432822_59354834;;1;2026-03-17T01:48:44
00780192000018;Alimento Seco Perro Adulto Raza Mediana/Grande Sabor Carne Bolsa, 3 Kg;;3663;10990;True;https://super.lider.cl/ip/perro/00780192000018;https://i5.walmartimages.cl/asr/faa121d8-5635-4f87-9818-bf367d9a9a61.8d7d5a4753f70872950c9f8c54f7df7b.jpeg?null=&odnHeight=580&odnWidth=580&odnBg=FFFFFF;Perro > Alimento Seco;https://super.lider.cl/browse/mascotas/perro/alimento-seco/07089592_29432822_59354834;;1;2026-03-17T01:48:44
00780443800216;Alimento Seco Perro Adulto Raza Pequeña Carne y Cereales Bolsa, 3 Kg;;10390;10390;False;https://super.lider.cl/ip/perro/00780443800216;https://i5.walmartimages.cl/asr/cc9dde7e-c555-46d8-9965-e8ceb62dfd98.6efa1b4481ec31e089899dbb34d466f5.jpeg?null=&odnHeight=580&odnWidth=580&odnBg=FFFFFF;Perro > Alimento Seco;https://super.lider.cl/browse/mascotas/perro/alimento-seco/07089592_29432822_59354834;;1;2026-03-17T01:48:44
00761303595092;Alimento Seco Cachorro Raza Mediana/Grande Carne y Pollo Bolsa, 3 Kg;;3597;10790;True;https://super.lider.cl/ip/perro/00761303595092;https://i5.walmartimages.cl/asr/ae66ed60-6cac-45d5-9c58-0caaac6d7561.0f8f4d124ee3b4b07c58e68ae05f792d.jpeg?null=&odnHeight=580&odnWidth=580&odnBg=FFFFFF;Perro > Alimento Seco;https://super.lider.cl/browse/mascotas/perro/alimento-seco/07089592_29432822_59354834;;1;2026-03-17T01:48:44
00040005088006;Super Premium - Alimento Seco Perro Adulto Raza Pequeña De Pollo Y Arvejas, 2 kg;;5495;10990;True;https://super.lider.cl/ip/perro/00040005088006;https://i5.walmartimages.cl/asr/951dd305-c26b-4083-a0e5-9660a79301d4.f34be36bf66b9dfc9eacc3086961ab5b.jpeg?odnHeight=580&odnWidth=580&odnBg=FFFFFF;Perro > Alimento Seco;https://super.lider.cl/browse/mascotas/perro/alimento-seco/07089592_29432822_59354834?page=2;;2;2026-03-17T01:49:07
00779745397250;Alimento Seco Perro Adulto Raza Pequeña Carne y Vegetales Bolsa, 8 Kg;;3024;24190;True;https://super.lider.cl/ip/perro/00779745397250;https://i5.walmartimages.cl/asr/05da5049-9427-4a86-87fb-0485c7d5f2cc.d3fc339de74963e8eb49afa13936f07d.jpeg?null=&odnHeight=580&odnWidth=580&odnBg=FFFFFF;Perro > Alimento Seco;https://super.lider.cl/browse/mascotas/perro/alimento-seco/07089592_29432822_59354834?page=2;;2;2026-03-17T01:49:07
00761328722511;Alimento Seco Cachorro Pollo y Carne Bolsa, 6 Kg;;4548;27290;True;https://super.lider.cl/ip/perro/00761328722511;https://i5.walmartimages.cl/asr/98ebdf5e-0fe7-497a-919e-3da89ca311da.6a2ee6349fb4bde9874eb90797a8b9c8.jpeg?null=&odnHeight=580&odnWidth=580&odnBg=FFFFFF;Perro > Alimento Seco;https://super.lider.cl/browse/mascotas/perro/alimento-seco/07089592_29432822_59354834?page=2;;2;2026-03-17T01:49:07
00780257553361;Alimento Seco Cachorro Raza Pequeña Sabor Pollo Bolsa, 2,5 Kg;;6076;15190;True;https://super.lider.cl/ip/perro/00780257553361;https://i5.walmartimages.cl/asr/a0398f32-075e-4645-8786-9c67d26b9ce6.f7930d7557aca59a540c3522ae1b2af1.jpeg?null=&odnHeight=580&odnWidth=580&odnBg=FFFFFF;Perro > Alimento Seco;https://super.lider.cl/browse/mascotas/perro/alimento-seco/07089592_29432822_59354834?page=2;;2;2026-03-17T01:49:07
00844529056408;Alimento Seco Perro Adulto Multi Proteina Carne Bolsa, 3 kg;;3597;10790;True;https://super.lider.cl/ip/perro/00844529056408;https://i5.walmartimages.cl/asr/c7196a87-e5c2-495c-9995-791e8c3d51ff.1c7ca81ed6733e9be0d424fb187fbe29.jpeg?null=&odnHeight=580&odnWidth=580&odnBg=FFFFFF;Perro > Alimento Seco;https://super.lider.cl/browse/mascotas/perro/alimento-seco/07089592_29432822_59354834?page=2;;2;2026-03-17T01:49:07
00761328722553;Alimento Seco Perro Adulto Raza Mediana/Grande Pollo y Carne Bolsa, 6 Kg;;4548;27290;True;https://super.lider.cl/ip/perro/00761328722553;https://i5.walmartimages.cl/asr/5a5efc36-1543-4e78-85e6-5191f5d40a6a.383b7372c3c29cc0173596574b204a0d.jpeg?null=&odnHeight=580&odnWidth=580&odnBg=FFFFFF;Perro > Alimento Seco;https://super.lider.cl/browse/mascotas/perro/alimento-seco/07089592_29432822_59354834?page=2;;2;2026-03-17T01:49:07
00040005088009;Super Premium - Alimento Seco Cachorro Raza Mediana/Grande De Pollo Y Arveja, 2 kg;;5495;10990;True;https://super.lider.cl/ip/perro/00040005088009;https://i5.walmartimages.cl/asr/fe905f8d-6e2c-4ded-9ddf-66ca4cb90498.9a796a88aa0cad7f073ced1c2e28205d.jpeg?odnHeight=580&odnWidth=580&odnBg=FFFFFF;Perro > Alimento Seco;https://super.lider.cl/browse/mascotas/perro/alimento-seco/07089592_29432822_59354834?page=2;;2;2026-03-17T01:49:07
00040005088007;Super Premium - Alimento Seco Perro Adulto Raza Pequeña De Pollo Y Arvejas, 6 kg;;4498;26990;True;https://super.lider.cl/ip/perro/00040005088007;https://i5.walmartimages.cl/asr/478eda57-679a-43ed-9900-2a66198609b5.bd226a0aeb805fa16b47dba57c16b059.jpeg?odnHeight=580&odnWidth=580&odnBg=FFFFFF;Perro > Alimento Seco;https://super.lider.cl/browse/mascotas/perro/alimento-seco/07089592_29432822_59354834?page=2;;2;2026-03-17T01:49:07
00040005088008;Super Premium - Alimentos Seco Perro Adulto Mediano/Grande De Pollo Y Arvejas, 12 kg;;3916;46990;True;https://super.lider.cl/ip/cafe-te-y-hierbas/00040005088008;https://i5.walmartimages.cl/asr/7c6640a4-1ea8-4b08-95b6-c22a7453b2ba.3a657e02e518b8226ddf8ec77d664d00.jpeg?odnHeight=580&odnWidth=580&odnBg=FFFFFF;Perro > Alimento Seco;https://super.lider.cl/browse/mascotas/perro/alimento-seco/07089592_29432822_59354834?page=2;;2;2026-03-17T01:49:07
00780443800153;Alimento Seco Cachorro Carne y Cereales Bolsa, 3 Kg;;10390;10390;False;https://super.lider.cl/ip/perro/00780443800153;https://i5.walmartimages.cl/asr/628150e8-5bfb-42cf-a4f9-66bf650752bd.66fc51220048ccc9ac80a726f275216a.jpeg?null=&odnHeight=580&odnWidth=580&odnBg=FFFFFF;Perro > Alimento Seco;https://super.lider.cl/browse/mascotas/perro/alimento-seco/07089592_29432822_59354834?page=2;;2;2026-03-17T01:49:07
00761328722513;Alimento Seco Cachorro Sabor Pollo y Carne Bolsa;;4166;49990;True;https://super.lider.cl/ip/perro/00761328722513;https://i5.walmartimages.cl/asr/2184171f-a593-4ee9-9d2b-04bb4b0343a1.7b1be85f8d9646cb59b7721880d8ca75.jpeg?null=&odnHeight=580&odnWidth=580&odnBg=FFFFFF;Perro > Alimento Seco;https://super.lider.cl/browse/mascotas/perro/alimento-seco/07089592_29432822_59354834?page=2;;2;2026-03-17T01:49:07
00780257553363;Alimento Seco Cachorro Raza Mediana/Grande Sabor Pollo Bolsa, 2,5 Kg;;6076;15190;True;https://super.lider.cl/ip/perro/00780257553363;https://i5.walmartimages.cl/asr/733ef43d-0b84-42e3-8869-6966d22c675f.a588001a20c5882c44306d1b96c64acd.jpeg?null=&odnHeight=580&odnWidth=580&odnBg=FFFFFF;Perro > Alimento Seco;https://super.lider.cl/browse/mascotas/perro/alimento-seco/07089592_29432822_59354834?page=2;;2;2026-03-17T01:49:07
00780257553486;Delident Raza Grande, 270 g;;2590;9593;True;https://super.lider.cl/ip/perro/00780257553486;https://i5.walmartimages.cl/asr/e1c94fd0-d773-4b35-8a74-2aa443f8a80c.38e272f18bff9c18264a1d04d021e8a4.jpeg?odnHeight=580&odnWidth=580&odnBg=FFFFFF;Perro > Alimento Seco;https://super.lider.cl/browse/mascotas/perro/alimento-seco/07089592_29432822_59354834?page=2;;2;2026-03-17T01:49:07
00780257553485;Delident Raza Pequeña, 110 g;;1590;14455;True;https://super.lider.cl/ip/perro/00780257553485;https://i5.walmartimages.cl/asr/d194875c-877a-44a2-8706-03e968a97b33.d32e41d209146baf18a7ff610734f405.jpeg?odnHeight=580&odnWidth=580&odnBg=FFFFFF;Perro > Alimento Seco;https://super.lider.cl/browse/mascotas/perro/alimento-seco/07089592_29432822_59354834?page=2;;2;2026-03-17T01:49:07
00780257553484;Delident Raza Mediana, 180 g;;1790;9944;True;https://super.lider.cl/ip/perro/00780257553484;https://i5.walmartimages.cl/asr/15c17966-862a-400b-ac13-25844125b0d4.adb77101727957357ebaecae2928ce5e.jpeg?odnHeight=580&odnWidth=580&odnBg=FFFFFF;Perro > Alimento Seco;https://super.lider.cl/browse/mascotas/perro/alimento-seco/07089592_29432822_59354834?page=2;;2;2026-03-17T01:49:07
00062869382601;Indomitable Patagonia Classic Beef 460 G, 460 g;;759;3490;True;https://super.lider.cl/ip/perro/00062869382601;https://i5.walmartimages.cl/asr/b598cb10-53da-4220-8246-476d0faaa56e.4c9699ebc24bb2f6eca6429f92267ca4.jpeg?odnHeight=580&odnWidth=580&odnBg=FFFFFF;Perro > Alimento Seco;https://super.lider.cl/browse/mascotas/perro/alimento-seco/07089592_29432822_59354834?page=2;;2;2026-03-17T01:49:07
00761328722489;Alimento Seco Cachorro Pollo y Carne Bolsa, 2 Kg;;5345;10690;True;https://super.lider.cl/ip/perro/00761328722489;https://i5.walmartimages.cl/asr/ac9b9c20-ba90-4533-a202-d56d6bc22ff7.297e71cf1d54f65bd95784e2b66206a3.jpeg?null=&odnHeight=580&odnWidth=580&odnBg=FFFFFF;Perro > Alimento Seco;https://super.lider.cl/browse/mascotas/perro/alimento-seco/07089592_29432822_59354834?page=2;;2;2026-03-17T01:49:07
00780257553323;Alimento Seco Cachorro Raza Pequeña Carne y Leche Bolsa, 3 Kg;;1700;10990;True;https://super.lider.cl/ip/perro/00780257553323;https://i5.walmartimages.cl/asr/26f99190-74c3-426d-b3cf-bd6d1491e962.856762e82f88baaa60e9f1c21cee77be.jpeg?null=&odnHeight=580&odnWidth=580&odnBg=FFFFFF;Perro > Alimento Seco;https://super.lider.cl/browse/mascotas/perro/alimento-seco/07089592_29432822_59354834?page=2;;2;2026-03-17T01:49:07
00779745300079;Alimento Húmedo Perro Adulto Sabor Carne Pouch, 100 g;;810;8100;True;https://super.lider.cl/ip/perro/00779745300079;https://i5.walmartimages.cl/asr/0e9f735d-26ff-4638-bb58-2c7f2dff9b9f.a16b5c34256fd3e10a4f7d23d2717c04.jpeg?null=&odnHeight=580&odnWidth=580&odnBg=FFFFFF;Perro > Alimento Humedo;https://super.lider.cl/browse/mascotas/perro/alimento-humedo/07089592_29432822_02175062;;1;2026-03-17T01:49:33
00779745300047;Alimento Húmedo Perro Adulto Raza Pequeña Sabor Carne Pouch, 100 g;;810;8100;True;https://super.lider.cl/ip/perro/00779745300047;https://i5.walmartimages.cl/asr/b654b24d-f6cc-4263-9c7e-2c71672e8692.7967a7ca2b482175be7a6da8b65cbcf4.jpeg?null=&odnHeight=580&odnWidth=580&odnBg=FFFFFF;Perro > Alimento Humedo;https://super.lider.cl/browse/mascotas/perro/alimento-humedo/07089592_29432822_02175062;;1;2026-03-17T01:49:33
00779745300048;Alimento Húmedo Perro Adulto Raza Pequeña Sabor Pollo Pouch, 100 g;;810;8100;True;https://super.lider.cl/ip/perro/00779745300048;https://i5.walmartimages.cl/asr/1d73773f-b8fd-4633-9689-db35eacb3fe7.6f095c2e688a723eb73aa5d6ea3b49c0.jpeg?null=&odnHeight=580&odnWidth=580&odnBg=FFFFFF;Perro > Alimento Humedo;https://super.lider.cl/browse/mascotas/perro/alimento-humedo/07089592_29432822_02175062;;1;2026-03-17T01:49:33
00779745300080;Alimento Húmedo Perro Adulto Sabor Pollo Pouch, 100 g;;810;8100;True;https://super.lider.cl/ip/perro/00779745300080;https://i5.walmartimages.cl/asr/d2aa1609-666d-40a5-a3c2-2c4c3c345c79.2dd9d396475aac56786cdf65f2f74078.jpeg?null=&odnHeight=580&odnWidth=580&odnBg=FFFFFF;Perro > Alimento Humedo;https://super.lider.cl/browse/mascotas/perro/alimento-humedo/07089592_29432822_02175062;;1;2026-03-17T01:49:33
00085000671539;Puré Cremoso Perro Adulto Sabor Pollo Sachet, 14 g;;600;42679;True;https://super.lider.cl/ip/perro/00085000671539;https://i5.walmartimages.cl/asr/82983b35-b361-4ee7-b6e6-c4628e87352f.80e13f8a29db0f127cbf220f2e2e8b5f.jpeg?null=&odnHeight=580&odnWidth=580&odnBg=FFFFFF;Perro > Alimento Humedo;https://super.lider.cl/browse/mascotas/perro/alimento-humedo/07089592_29432822_02175062;;1;2026-03-17T01:49:33
00780410000174;Alimento Húmedo Perro Adulto Sabor Carne y Vegetales Sobre, 100 g;;640;6400;True;https://super.lider.cl/ip/perro/00780410000174;https://i5.walmartimages.cl/asr/4f710852-a37c-4ee6-9df7-3b92197f5f14.7823b16d3d594e278de418881d911225.jpeg?odnHeight=580&odnWidth=580&odnBg=FFFFFF;Perro > Alimento Humedo;https://super.lider.cl/browse/mascotas/perro/alimento-humedo/07089592_29432822_02175062;;1;2026-03-17T01:49:33
00779745397176;Alimento Húmedo Perro Senior Sabor Carne Pouch, 100 g;;810;8100;True;https://super.lider.cl/ip/perro/00779745397176;https://i5.walmartimages.cl/asr/bf134f15-a7cf-4225-8693-4c44f22a3aea.177814dea1e406da1226985c0792ce92.jpeg?null=&odnHeight=580&odnWidth=580&odnBg=FFFFFF;Perro > Alimento Humedo;https://super.lider.cl/browse/mascotas/perro/alimento-humedo/07089592_29432822_02175062;;1;2026-03-17T01:49:33
00780410000175;Alimento Húmedo Perro Adulto Trocitos Sabor Pollo Pouch, 100 g;;640;6400;True;https://super.lider.cl/ip/perro/00780410000175;https://i5.walmartimages.cl/asr/23c9e074-f807-4b9d-8e2d-757b89bdd515.7bcfa3067ef1e84a0404eb94141b7437.jpeg?null=&odnHeight=580&odnWidth=580&odnBg=FFFFFF;Perro > Alimento Humedo;https://super.lider.cl/browse/mascotas/perro/alimento-humedo/07089592_29432822_02175062;;1;2026-03-17T01:49:33
00085000671543;Puré Cremoso Perro Adulto Sabor Pollo y Vegetales Sachet, 14 g;;600;42679;True;https://super.lider.cl/ip/perro/00085000671543;https://i5.walmartimages.cl/asr/e7e8ea6c-694e-49a6-9f40-1f770d881817.326987a3290b0107e15e2b2d7ed26380.jpeg?null=&odnHeight=580&odnWidth=580&odnBg=FFFFFF;Perro > Alimento Humedo;https://super.lider.cl/browse/mascotas/perro/alimento-humedo/07089592_29432822_02175062;;1;2026-03-17T01:49:33
00779745300046;Alimento Húmedo Cachorro Sabor Carne Pouch, 85 g;;810;8100;True;https://super.lider.cl/ip/perro/00779745300046;https://i5.walmartimages.cl/asr/53a7ba70-ab84-4c2d-aee8-4b713f3f93ce.c08340750728460fea1ca77939de4cd4.jpeg?null=&odnHeight=580&odnWidth=580&odnBg=FFFFFF;Perro > Alimento Humedo;https://super.lider.cl/browse/mascotas/perro/alimento-humedo/07089592_29432822_02175062;;1;2026-03-17T01:49:33
00789602902225;Alimento Húmedo Cachorro Sabor Pollo Pouch, 100 g;;810;8100;True;https://super.lider.cl/ip/perro/00789602902225;https://i5.walmartimages.cl/asr/8f0d68ca-df48-4696-b9fc-9ee7d03b8561.2815e308639c152b8007977ba0236c5f.jpeg?null=&odnHeight=580&odnWidth=580&odnBg=FFFFFF;Perro > Alimento Humedo;https://super.lider.cl/browse/mascotas/perro/alimento-humedo/07089592_29432822_02175062;;1;2026-03-17T01:49:33
00780410000252;Alimento Húmedo Cachorro Trocitos Sabor Carne Pouch, 100 g;;640;6400;True;https://super.lider.cl/ip/perro/00780410000252;https://i5.walmartimages.cl/asr/b9302069-9f3e-4716-a01c-e03d85d5c7b4.051d9dd97b5b2ac85b5ef01d686da3b7.jpeg?null=&odnHeight=580&odnWidth=580&odnBg=FFFFFF;Perro > Alimento Humedo;https://super.lider.cl/browse/mascotas/perro/alimento-humedo/07089592_29432822_02175062;;1;2026-03-17T01:49:33
00780257553175;Alimento Húmedo Perro Adulto Trocitos Sabor Carne Pouch, 100 g;;680;6800;True;https://super.lider.cl/ip/perro/00780257553175;https://i5.walmartimages.cl/asr/c745ecb0-6794-4f19-81ed-f5fe2e77d765.fae644feaf69d4218444897a4f9a9931.jpeg?null=&odnHeight=580&odnWidth=580&odnBg=FFFFFF;Perro > Alimento Humedo;https://super.lider.cl/browse/mascotas/perro/alimento-humedo/07089592_29432822_02175062;;1;2026-03-17T01:49:33
00085000671554;Snack Perro Adulto Sabor Pollo Sachet Pack 8 Un, 14 g;;1360;6790;True;https://super.lider.cl/ip/perro/00085000671554;https://i5.walmartimages.cl/asr/57fc4ef8-6236-4054-a71d-dd11db44603f.8330fcccc8bf756223843de901ed417f.jpeg?odnHeight=580&odnWidth=580&odnBg=FFFFFF;Perro > Alimento Humedo;https://super.lider.cl/browse/mascotas/perro/alimento-humedo/07089592_29432822_02175062;;1;2026-03-17T01:49:33
00780443800335;Alimento Húmedo Perro Adulto Trocitos Sabor Carne Pouch, 100 g;;630;6300;True;https://super.lider.cl/ip/perro/00780443800335;https://i5.walmartimages.cl/asr/5b464c08-6154-41d7-9dbe-22008dce37cf.3d3909cdfee95fcd6400acd903595fee.jpeg?null=&odnHeight=580&odnWidth=580&odnBg=FFFFFF;Perro > Alimento Humedo;https://super.lider.cl/browse/mascotas/perro/alimento-humedo/07089592_29432822_02175062;;1;2026-03-17T01:49:33
00780257553172;Alimento Húmedo Perro Adulto Trocitos Sabor Pollo Pouch, 100 g;;680;6800;True;https://super.lider.cl/ip/perro/00780257553172;https://i5.walmartimages.cl/asr/8f1339ba-8158-4d3f-8bba-7c37685bef8b.fb5be463d40cbbd86a71336419df7f20.jpeg?null=&odnHeight=580&odnWidth=580&odnBg=FFFFFF;Perro > Alimento Humedo;https://super.lider.cl/browse/mascotas/perro/alimento-humedo/07089592_29432822_02175062;;1;2026-03-17T01:49:33
00780443800336;Alimento Húmedo Perro Adulto Trocitos Sabor Pollo Pouch, 100 g;;630;6300;True;https://super.lider.cl/ip/perro/00780443800336;https://i5.walmartimages.cl/asr/91e91133-9edb-4524-bc3c-60dcd63f40cc.bd7580bed2fadd3f8695e6fd9ceaff8d.jpeg?null=&odnHeight=580&odnWidth=580&odnBg=FFFFFF;Perro > Alimento Humedo;https://super.lider.cl/browse/mascotas/perro/alimento-humedo/07089592_29432822_02175062;;1;2026-03-17T01:49:33
00780257553332;Alimento Húmedo Perro Adulto Raza Pequeña Trocitos Sabor Carne Pouch, 85 g;;680;8000;True;https://super.lider.cl/ip/perro/00780257553332;https://i5.walmartimages.cl/asr/38adf045-7af5-4f7b-a283-75bf6836ec26.cd311be0f3b6a4c871c6d2189b1e58ad.jpeg?null=&odnHeight=580&odnWidth=580&odnBg=FFFFFF;Perro > Alimento Humedo;https://super.lider.cl/browse/mascotas/perro/alimento-humedo/07089592_29432822_02175062;;1;2026-03-17T01:49:33
00780257553445;Alimento Húmedo Perro Senior Trocitos Sabor Carne Pouch, 100 g;;680;68000;True;https://super.lider.cl/ip/perro/00780257553445;https://i5.walmartimages.cl/asr/e7c759f6-923e-42ba-a70f-792840e488aa.978c025bb2a6cef2ff833eecfacbfe13.jpeg?null=&odnHeight=580&odnWidth=580&odnBg=FFFFFF;Perro > Alimento Humedo;https://super.lider.cl/browse/mascotas/perro/alimento-humedo/07089592_29432822_02175062;;1;2026-03-17T01:49:33
00789100011567;Alimento Húmedo Perro Adulto Sabor Cordero Pouch, 100 g;;830;8300;True;https://super.lider.cl/ip/perro/00789100011567;https://i5.walmartimages.cl/asr/45ed87d6-6f1a-4e3d-a916-5e73b9561dd3.ea84e932863ece53bc6745bae7efe6ba.jpeg?null=&odnHeight=580&odnWidth=580&odnBg=FFFFFF;Perro > Alimento Humedo;https://super.lider.cl/browse/mascotas/perro/alimento-humedo/07089592_29432822_02175062;;1;2026-03-17T01:49:33
00789100011563;Alimento Húmedo Perro Adulto Sabor Carne Pouch, 100 g;;830;8300;True;https://super.lider.cl/ip/perro/00789100011563;https://i5.walmartimages.cl/asr/c9b13770-ccfd-45ad-986f-499516b50129.5b2bd67cb50fb8129b2e1fc40fc7339e.jpeg?null=&odnHeight=580&odnWidth=580&odnBg=FFFFFF;Perro > Alimento Humedo;https://super.lider.cl/browse/mascotas/perro/alimento-humedo/07089592_29432822_02175062;;1;2026-03-17T01:49:33
00789100033234;Alimento Húmedo Perro Adulto Sabor Carne, Pollo y Cordero Pouch, 85 g;;1250;14705;True;https://super.lider.cl/ip/perro/00789100033234;https://i5.walmartimages.cl/asr/e166a1e9-137f-4b8f-a321-dbefc4db8354.71485111fced08dbbb44691c27096068.jpeg?null=&odnHeight=580&odnWidth=580&odnBg=FFFFFF;Perro > Alimento Humedo;https://super.lider.cl/browse/mascotas/perro/alimento-humedo/07089592_29432822_02175062;;1;2026-03-17T01:49:33
00789100011565;Alimento Húmedo Perro Adulto Sabor Pollo Pouch, 100 g;;830;8300;True;https://super.lider.cl/ip/perro/00789100011565;https://i5.walmartimages.cl/asr/0a3bdf24-68c5-49db-866c-d02485249bfe.a5ed92636e173cac3ee6656af122ec2e.jpeg?null=&odnHeight=580&odnWidth=580&odnBg=FFFFFF;Perro > Alimento Humedo;https://super.lider.cl/browse/mascotas/perro/alimento-humedo/07089592_29432822_02175062;;1;2026-03-17T01:49:33
00085000671556;Snack Perro Adulto Sabor Pollo y Salmón Sachet Pack 8 Un, 14 g;;6790;7073;True;https://super.lider.cl/ip/perro/00085000671556;https://i5.walmartimages.cl/asr/330829bd-b521-4c31-b119-27fa9e8b841d.f30c6cb00589dfadccda11b6322d37c7.jpeg?odnHeight=580&odnWidth=580&odnBg=FFFFFF;Perro > Alimento Humedo;https://super.lider.cl/browse/mascotas/perro/alimento-humedo/07089592_29432822_02175062;;1;2026-03-17T01:49:33
00780257553266;Alimento Húmedo Cachorro Trocitos Sabor Pollo Pouch, 85 g;;680;8000;True;https://super.lider.cl/ip/perro/00780257553266;https://i5.walmartimages.cl/asr/0b0d5a2b-6294-4e0d-98c6-22c60074d151.52e2356c04dcbd7f1c7648f0c1d1391d.jpeg?null=&odnHeight=580&odnWidth=580&odnBg=FFFFFF;Perro > Alimento Humedo;https://super.lider.cl/browse/mascotas/perro/alimento-humedo/07089592_29432822_02175062;;1;2026-03-17T01:49:33
00789100033210;Alimento Húmedo Perro Adulto y Cachorro Superfoods Sabor Salmón Pouch, 85 g;;1250;14705;True;https://super.lider.cl/ip/perro/00789100033210;https://i5.walmartimages.cl/asr/9d2740a5-cff1-4afe-96af-aa7d9eb3eeb4.0a31624a37b3721c8fa3537576079d45.jpeg?null=&odnHeight=580&odnWidth=580&odnBg=FFFFFF;Perro > Alimento Humedo;https://super.lider.cl/browse/mascotas/perro/alimento-humedo/07089592_29432822_02175062;;1;2026-03-17T01:49:33
00789100033230;Alimento Húmedo Perro Adulto y Cachorro Super Nutrientes Sabor Pollo Pouch, 85 g;;1250;14705;True;https://super.lider.cl/ip/perro/00789100033230;https://i5.walmartimages.cl/asr/222efdef-f336-46fd-bfef-00b8e8f9b97f.7590fcfed97e81d390af24ef445500ec.jpeg?null=&odnHeight=580&odnWidth=580&odnBg=FFFFFF;Perro > Alimento Humedo;https://super.lider.cl/browse/mascotas/perro/alimento-humedo/07089592_29432822_02175062;;1;2026-03-17T01:49:33
00789100024413;Alimento Húmedo Perro Adulto Raza Pequeña Sabor Carne Pouch, 100 g;;830;8300;True;https://super.lider.cl/ip/perro/00789100024413;https://i5.walmartimages.cl/asr/8b7e7e6a-7d76-42f0-9393-3a672ed241ce.accd58c062b59afee7ddc4301327a1af.jpeg?null=&odnHeight=580&odnWidth=580&odnBg=FFFFFF;Perro > Alimento Humedo;https://super.lider.cl/browse/mascotas/perro/alimento-humedo/07089592_29432822_02175062;;1;2026-03-17T01:49:33
00789100024474;Alimento Húmedo Cachorro Sabor Carne Pouch, 100 g;;830;8300;True;https://super.lider.cl/ip/perro/00789100024474;https://i5.walmartimages.cl/asr/0da541c9-f1a2-489a-abb1-58aea6a76058.68509ab6d7f353d241db1bd9f3c5acfd.jpeg?null=&odnHeight=580&odnWidth=580&odnBg=FFFFFF;Perro > Alimento Humedo;https://super.lider.cl/browse/mascotas/perro/alimento-humedo/07089592_29432822_02175062;;1;2026-03-17T01:49:33
00780257553397;Alimento Húmedo Perro Adulto y Cachorro Sabor Pechuga de Pollo con Salmón al Jugo Pouch, 100 g;;1250;12500;True;https://super.lider.cl/ip/perro/00780257553397;https://i5.walmartimages.cl/asr/e7123409-17bc-48be-a4a7-eaa5f043e5ca.75fc77191cca8ec2b45d191eb7d20ffb.jpeg?null=&odnHeight=580&odnWidth=580&odnBg=FFFFFF;Perro > Alimento Humedo;https://super.lider.cl/browse/mascotas/perro/alimento-humedo/07089592_29432822_02175062;;1;2026-03-17T01:49:33
00065952550933;Alimento Natural Para Perro Sachet Vacuno, 200 g;;2290;11450;True;https://super.lider.cl/ip/perro/00065952550933;https://i5.walmartimages.cl/asr/271f0887-9b81-487b-8227-7e7b5e607dbd.02f8303ad423b5776490d477fe6e5382.jpeg?odnHeight=580&odnWidth=580&odnBg=FFFFFF;Perro > Alimento Humedo;https://super.lider.cl/browse/mascotas/perro/alimento-humedo/07089592_29432822_02175062;;1;2026-03-17T01:49:33
00065952550938;Alimento Natural Para Gato Sachet Renal, 200 g;;2850;14250;True;https://super.lider.cl/ip/perro/00065952550938;https://i5.walmartimages.cl/asr/b0e8cdad-b1b5-4a73-8559-6357312f600d.660022ebd697238bafef89bcf0d6aea8.jpeg?odnHeight=580&odnWidth=580&odnBg=FFFFFF;Perro > Alimento Humedo;https://super.lider.cl/browse/mascotas/perro/alimento-humedo/07089592_29432822_02175062;;1;2026-03-17T01:49:33
00074674766585;Snack para Perro Beef Crema de Vacuno Pouch, 90 g;;2090;2090;False;https://super.lider.cl/ip/perro/00074674766585;https://i5.walmartimages.cl/asr/d3eae884-f2fb-49ca-be8b-4bc7b9f94342.474a5c113c09356c8798515d3b3b9c64.jpeg?odnHeight=580&odnWidth=580&odnBg=FFFFFF;Perro > Alimento Humedo;https://super.lider.cl/browse/mascotas/perro/alimento-humedo/07089592_29432822_02175062;;1;2026-03-17T01:49:33
00074674766586;Snack para Perro Beef Crema de Cordero Pouch, 90 g;;2090;2090;False;https://super.lider.cl/ip/perro/00074674766586;https://i5.walmartimages.cl/asr/5aeda8a5-d7f5-41b0-a454-41a16c533ece.15bc6a2f729a87f53bb166a8a0123e50.jpeg?odnHeight=580&odnWidth=580&odnBg=FFFFFF;Perro > Alimento Humedo;https://super.lider.cl/browse/mascotas/perro/alimento-humedo/07089592_29432822_02175062;;1;2026-03-17T01:49:33
00065952550935;Alimento Natural Para Gato Sachet Pollo, 200 g;;2850;14250;True;https://super.lider.cl/ip/perro/00065952550935;https://i5.walmartimages.cl/asr/1a4e4dc3-d39e-4566-830b-e8aaaa2d802b.043c649b22d5213d95a946ec6d8e3bba.jpeg?odnHeight=580&odnWidth=580&odnBg=FFFFFF;Perro > Alimento Humedo;https://super.lider.cl/browse/mascotas/perro/alimento-humedo/07089592_29432822_02175062;;1;2026-03-17T01:49:33
00065952550930;Alimento Natural Para Perro Sachet Salmón, 200 g;;2290;11450;True;https://super.lider.cl/ip/perro/00065952550930;https://i5.walmartimages.cl/asr/7e72fbe0-2218-42dc-a552-31bfeb64edce.66c66484bec5fb1ec7bb9617d23201a7.jpeg?odnHeight=580&odnWidth=580&odnBg=FFFFFF;Perro > Alimento Humedo;https://super.lider.cl/browse/mascotas/perro/alimento-humedo/07089592_29432822_02175062;;1;2026-03-17T01:49:33
00085000671539;Puré Cremoso Perro Adulto Sabor Pollo Sachet, 14 g;;600;42679;True;https://super.lider.cl/ip/perro/00085000671539;https://i5.walmartimages.cl/asr/82983b35-b361-4ee7-b6e6-c4628e87352f.80e13f8a29db0f127cbf220f2e2e8b5f.jpeg?null=&odnHeight=580&odnWidth=580&odnBg=FFFFFF;Perro > Snack y Premios;https://super.lider.cl/browse/mascotas/perro/snack-y-premios/07089592_29432822_49543527;;1;2026-03-17T01:50:00
00789100009824;Snack Perro Adulto Doguitos Tira de Asado Bolsa, 65 g;;1650;25385;True;https://super.lider.cl/ip/perro/00789100009824;https://i5.walmartimages.cl/asr/58dc1f92-9ec4-4c7b-a088-db27e480a723.a7b68b7e6d214f4d61336b2bb24ef9e4.jpeg?odnHeight=580&odnWidth=580&odnBg=FFFFFF;Perro > Snack y Premios;https://super.lider.cl/browse/mascotas/perro/snack-y-premios/07089592_29432822_49543527;;1;2026-03-17T01:50:00
00789602905236;Snack Perro Adulto Dentastix Raza Grande Bolsa, 7 Un;;990;7407;True;https://super.lider.cl/ip/perro/00789602905236;https://i5.walmartimages.cl/asr/b72a0340-8a7e-445d-987e-d77826b7c48f.67d7f545de0f5d6f051cdd61b6f51c62.jpeg?null=&odnHeight=580&odnWidth=580&odnBg=FFFFFF;Perro > Snack y Premios;https://super.lider.cl/browse/mascotas/perro/snack-y-premios/07089592_29432822_49543527;;1;2026-03-17T01:50:00
00779745397185;Snack Perro Adulto Rodeo Sabor Carne Bolsa, 70 g;;350;14286;True;https://super.lider.cl/ip/perro/00779745397185;https://i5.walmartimages.cl/asr/b4fc4b02-3128-4841-9ccd-ca9533d7b4b5.85a4df2d575002a01bfc2f809c1ee895.jpeg?null=&odnHeight=580&odnWidth=580&odnBg=FFFFFF;Perro > Snack y Premios;https://super.lider.cl/browse/mascotas/perro/snack-y-premios/07089592_29432822_49543527;;1;2026-03-17T01:50:00
00085000671543;Puré Cremoso Perro Adulto Sabor Pollo y Vegetales Sachet, 14 g;;600;42679;True;https://super.lider.cl/ip/perro/00085000671543;https://i5.walmartimages.cl/asr/e7e8ea6c-694e-49a6-9f40-1f770d881817.326987a3290b0107e15e2b2d7ed26380.jpeg?null=&odnHeight=580&odnWidth=580&odnBg=FFFFFF;Perro > Snack y Premios;https://super.lider.cl/browse/mascotas/perro/snack-y-premios/07089592_29432822_49543527;;1;2026-03-17T01:50:00
00780550500667;Huesito para perro extra calcio, 40 g;;2650;66250;True;https://super.lider.cl/ip/perro/00780550500667;https://i5.walmartimages.cl/asr/df6e28ce-a16d-45a7-a116-20c45b05fcf0.597db748b1dd8de5f403c8ab4a8102e0.jpeg?odnHeight=580&odnWidth=580&odnBg=FFFFFF;Perro > Snack y Premios;https://super.lider.cl/browse/mascotas/perro/snack-y-premios/07089592_29432822_49543527;;1;2026-03-17T01:50:00
00780460346599;Sanck para Perro Garra de pollo Bolsa, 65 g;;2750;42308;True;https://super.lider.cl/ip/perro/00780460346599;https://i5.walmartimages.cl/asr/1ec56648-6132-4af2-b8a4-2cde23b96808.626abb4e99a6b13318eadf1ca4879269.jpeg?null=&odnHeight=580&odnWidth=580&odnBg=FFFFFF;Perro > Snack y Premios;https://super.lider.cl/browse/mascotas/perro/snack-y-premios/07089592_29432822_49543527;;1;2026-03-17T01:50:00
00074674766603;Brocheta Pato Cordero y Ternera 18 un, 345 g;;7990;7990;False;https://super.lider.cl/ip/perro/00074674766603;https://i5.walmartimages.cl/asr/4f00451f-6b4c-464f-9dc3-28305b060335.2224310dffab3e3fe8b08700064ba8b4.jpeg?null=&odnHeight=580&odnWidth=580&odnBg=FFFFFF;Perro > Snack y Premios;https://super.lider.cl/browse/mascotas/perro/snack-y-premios/07089592_29432822_49543527;;1;2026-03-17T01:50:00
00780460346597;Sanck para Perro Pulmón de Vacuno Bolsa, 50 g;;2590;51800;True;https://super.lider.cl/ip/perro/00780460346597;https://i5.walmartimages.cl/asr/fbf6e2dd-ca71-4d4b-8104-0093c98a29c5.e4f3f13e677272d538bdc8798eab3e37.jpeg?null=&odnHeight=580&odnWidth=580&odnBg=FFFFFF;Perro > Snack y Premios;https://super.lider.cl/browse/mascotas/perro/snack-y-premios/07089592_29432822_49543527;;1;2026-03-17T01:50:00
00789602905233;Snack Perro Adulto Dentastix Raza Pequeña Bolsa, 7 Un;;1890;17181;True;https://super.lider.cl/ip/perro/00789602905233;https://i5.walmartimages.cl/asr/85ac18ef-0211-4bcb-aaa7-c2434830a241.7569427a7498321fe4f0eca3f50c516c.jpeg?null=&odnHeight=580&odnWidth=580&odnBg=FFFFFF;Perro > Snack y Premios;https://super.lider.cl/browse/mascotas/perro/snack-y-premios/07089592_29432822_49543527;;1;2026-03-17T01:50:00
00780192000178;Galletas Perro Adulto Sabor Carne Bolsa, 500 g;;2850;5700;True;https://super.lider.cl/ip/perro/00780192000178;https://i5.walmartimages.cl/asr/b6ed4f57-d19b-4762-8d8e-ff397d7ee036.dcc783249086c40746974ffe8bfebd6a.jpeg?odnHeight=580&odnWidth=580&odnBg=FFFFFF;Perro > Snack y Premios;https://super.lider.cl/browse/mascotas/perro/snack-y-premios/07089592_29432822_49543527;;1;2026-03-17T01:50:00
00780257553346;Galletas Perro Adulto Raza Pequeña Sabor Carne Bolsa, 500 g;;2850;5700;True;https://super.lider.cl/ip/perro/00780257553346;https://i5.walmartimages.cl/asr/dc585598-3558-49d5-92c5-5b105670c1e1.ce9fa845eca128449ce2bfa9338c339e.jpeg?odnHeight=580&odnWidth=580&odnBg=FFFFFF;Perro > Snack y Premios;https://super.lider.cl/browse/mascotas/perro/snack-y-premios/07089592_29432822_49543527;;1;2026-03-17T01:50:00
00789100009847;Snack Perro Adulto Doguitos Medallones de Carne Bolsa, 65 g;;1650;25385;True;https://super.lider.cl/ip/perro/00789100009847;https://i5.walmartimages.cl/asr/767738f5-c8f1-41a8-aa3a-bce84dd5f899.58cb2a9be22b3925990418edbc328cc7.jpeg?null=&odnHeight=580&odnWidth=580&odnBg=FFFFFF;Perro > Snack y Premios;https://super.lider.cl/browse/mascotas/perro/snack-y-premios/07089592_29432822_49543527;;1;2026-03-17T01:50:00
00779745397184;Snack Perro Adulto Dentastix Raza Mediana Bolsa, 7 Un;;2150;11944;True;https://super.lider.cl/ip/perro/00779745397184;https://i5.walmartimages.cl/asr/b4586182-6a43-4502-85bf-e83b3812f4c0.bef1e5274d59073c1537fc2ab5754e41.jpeg?null=&odnHeight=580&odnWidth=580&odnBg=FFFFFF;Perro > Snack y Premios;https://super.lider.cl/browse/mascotas/perro/snack-y-premios/07089592_29432822_49543527;;1;2026-03-17T01:50:00
00780460346598;Snack para Perro Mix Aperitivo Bolsa, 300 g;;3890;12967;True;https://super.lider.cl/ip/perro/00780460346598;https://i5.walmartimages.cl/asr/7e1c6ef5-f7c2-4ab7-b06a-942b8ec256d4.9e6d113bd31a4b76430d6096e3a6a2fc.jpeg?null=&odnHeight=580&odnWidth=580&odnBg=FFFFFF;Perro > Snack y Premios;https://super.lider.cl/browse/mascotas/perro/snack-y-premios/07089592_29432822_49543527;;1;2026-03-17T01:50:00
00780445700201;Snack Perro Classic Duck Strip Bolsa, g g;;2990;29900;True;https://super.lider.cl/ip/perro/00780445700201;https://i5.walmartimages.cl/asr/c4c80180-8c83-427c-853f-b805c74f4c29.34363909bcfd09d65a24dbff0a0e0673.jpeg?null=&odnHeight=580&odnWidth=580&odnBg=FFFFFF;Perro > Snack y Premios;https://super.lider.cl/browse/mascotas/perro/snack-y-premios/07089592_29432822_49543527;;1;2026-03-17T01:50:00
00085000671554;Snack Perro Adulto Sabor Pollo Sachet Pack 8 Un, 14 g;;1360;6790;True;https://super.lider.cl/ip/perro/00085000671554;https://i5.walmartimages.cl/asr/57fc4ef8-6236-4054-a71d-dd11db44603f.8330fcccc8bf756223843de901ed417f.jpeg?odnHeight=580&odnWidth=580&odnBg=FFFFFF;Perro > Snack y Premios;https://super.lider.cl/browse/mascotas/perro/snack-y-premios/07089592_29432822_49543527;;1;2026-03-17T01:50:00
00779745397188;Galletas Perro Adulto Sabor Clásicas Biscrok Multi Bolsa, 500 g;;3790;7580;True;https://super.lider.cl/ip/perro/00779745397188;https://i5.walmartimages.cl/asr/03f36556-5c8e-469f-8c4d-b36a999ca102.578365fc4de80767a07153a71999c7e3.jpeg?null=&odnHeight=580&odnWidth=580&odnBg=FFFFFF;Perro > Snack y Premios;https://super.lider.cl/browse/mascotas/perro/snack-y-premios/07089592_29432822_49543527;;1;2026-03-17T01:50:00
00065952511103;Snack Perro Adulto Tiritas de Cordero Bolsa, 400 g;;9690;9690;False;https://super.lider.cl/ip/perro/00065952511103;https://i5.walmartimages.cl/asr/064c2a65-decd-45d2-b21c-c57aef523119.2c541055a491df951bce4ba54c365940.jpeg?null=&odnHeight=580&odnWidth=580&odnBg=FFFFFF;Perro > Snack y Premios;https://super.lider.cl/browse/mascotas/perro/snack-y-premios/07089592_29432822_49543527;;1;2026-03-17T01:50:00
00779745397186;Snack Perro Adulto Rodeo Sabor Pollo Bolsa, 70 g;;350;14286;True;https://super.lider.cl/ip/perro/00779745397186;https://i5.walmartimages.cl/asr/c8ac0154-74c5-46d9-84d0-a7071efc7687.51f220872273ed020ac8a97ecc4eb4fa.jpeg?null=&odnHeight=580&odnWidth=580&odnBg=FFFFFF;Perro > Snack y Premios;https://super.lider.cl/browse/mascotas/perro/snack-y-premios/07089592_29432822_49543527;;1;2026-03-17T01:50:00
00780465625000;Hueso Cuero Natural Tamaño S, 1 Un;;1490;1490;False;https://super.lider.cl/ip/perro/00780465625000;https://i5.walmartimages.cl/asr/99396036-bc04-49c5-9187-3bd2d043b959.f6657dd2f874a3dc6f4b2270735f9e08.jpeg?null=&odnHeight=580&odnWidth=580&odnBg=FFFFFF;Perro > Snack y Premios;https://super.lider.cl/browse/mascotas/perro/snack-y-premios/07089592_29432822_49543527;;1;2026-03-17T01:50:00
00400823934322;Snack Perro Beef Stick Rustico, g;;2590;47090;True;https://super.lider.cl/ip/perro/00400823934322;https://i5.walmartimages.cl/asr/8f52e8ae-aea7-4731-b10b-ad522a5f0457.45860cf645f726dbb3a27452788ae296.jpeg?null=&odnHeight=580&odnWidth=580&odnBg=FFFFFF;Perro > Snack y Premios;https://super.lider.cl/browse/mascotas/perro/snack-y-premios/07089592_29432822_49543527;;1;2026-03-17T01:50:00
00074674766573;Snacks Tiritas de Perro Pequeños, Medianos y Adultos Sabor Carne Bolsa, 75 g;;1590;21200;True;https://super.lider.cl/ip/perro/00074674766573;https://i5.walmartimages.cl/asr/bf7ee51f-854d-488b-9002-a316dfc4ef57.dab624c0504068e86faa92bc720a0469.jpeg?null=&odnHeight=580&odnWidth=580&odnBg=FFFFFF;Perro > Snack y Premios;https://super.lider.cl/browse/mascotas/perro/snack-y-premios/07089592_29432822_49543527;;1;2026-03-17T01:50:00
00780465625182;Snack Perro Adulto Tiritas de Cordero Bolsa, 100 g;;3490;3490;False;https://super.lider.cl/ip/perro/00780465625182;https://i5.walmartimages.cl/asr/4a4c24b9-5d07-4b3b-a81e-f3377a50e17a.3175534e22418068b6f321a5e67e4a9d.jpeg?null=&odnHeight=580&odnWidth=580&odnBg=FFFFFF;Perro > Snack y Premios;https://super.lider.cl/browse/mascotas/perro/snack-y-premios/07089592_29432822_49543527;;1;2026-03-17T01:50:00
00780465625063;Snack Perro Adulto Sticks Cuero Vacuno con Giros Pollo Bolsa, 100 g;;3490;3490;False;https://super.lider.cl/ip/perro/00780465625063;https://i5.walmartimages.cl/asr/e0d96c06-8cf2-4df9-a0c9-80b12bf05e8a.f8c8a34e6d092316195393eb9bc85bc3.jpeg?null=&odnHeight=580&odnWidth=580&odnBg=FFFFFF;Perro > Snack y Premios;https://super.lider.cl/browse/mascotas/perro/snack-y-premios/07089592_29432822_49543527;;1;2026-03-17T01:50:00
00780445700226;Snack Perro Meat Mix Lamb con Spinaca & Beef Apple Bolsa, g g;;3690;36900;True;https://super.lider.cl/ip/perro/00780445700226;https://i5.walmartimages.cl/asr/7e5ad2c2-eaa0-4d27-9a91-660a2520c6ad.621ff63e428e512418c98478d3f52b56.jpeg?null=&odnHeight=580&odnWidth=580&odnBg=FFFFFF;Perro > Snack y Premios;https://super.lider.cl/browse/mascotas/perro/snack-y-premios/07089592_29432822_49543527;;1;2026-03-17T01:50:00
00780257553334;Snack Salsa Perro Todas las Edades Sabor Carne al Jugo Doypack, 300 g;;2150;7167;True;https://super.lider.cl/ip/perro/00780257553334;https://i5.walmartimages.cl/asr/9a8bd22d-5798-4383-985f-1c1b5252223c.ec7112e1059a4b59a206f58b3359aed8.jpeg?null=&odnHeight=580&odnWidth=580&odnBg=FFFFFF;Perro > Snack y Premios;https://super.lider.cl/browse/mascotas/perro/snack-y-premios/07089592_29432822_49543527;;1;2026-03-17T01:50:00
00780257553421;Snack Perro Pellet Todos Los Tamaños Multivitamínico Sabor Pollo Bolsa, 300 g;;2490;8299;True;https://super.lider.cl/ip/perro/00780257553421;https://i5.walmartimages.cl/asr/bb55dc91-24bc-4499-a861-9d791a82c086.c31e8073f757887488cab9552ce0f689.jpeg?null=&odnHeight=580&odnWidth=580&odnBg=FFFFFF;Perro > Snack y Premios;https://super.lider.cl/browse/mascotas/perro/snack-y-premios/07089592_29432822_49543527;;1;2026-03-17T01:50:00
00780192000177;Galletas Cachorro Raza Grande Sabor Leche Bolsa, 500 g;;2850;5700;True;https://super.lider.cl/ip/perro/00780192000177;https://i5.walmartimages.cl/asr/bd29f98b-7d79-45ed-927d-4a56d6dfa8cf.bde0a3c750c80748f0395c0688473712.jpeg?null=&odnHeight=580&odnWidth=580&odnBg=FFFFFF;Perro > Snack y Premios;https://super.lider.cl/browse/mascotas/perro/snack-y-premios/07089592_29432822_49543527;;1;2026-03-17T01:50:00
00074674766592;Dental Stick Perro Grande, 270 g;;440;2790;True;https://super.lider.cl/ip/perro/00074674766592;https://i5.walmartimages.cl/asr/2b62b312-8578-4aff-a9de-0cafae26c60f.970033649dae754af4c32101cb0f1349.jpeg?odnHeight=580&odnWidth=580&odnBg=FFFFFF;Perro > Snack y Premios;https://super.lider.cl/browse/mascotas/perro/snack-y-premios/07089592_29432822_49543527;;1;2026-03-17T01:50:00
00780257553340;Snack Perro Adulto Rollitos Sabor Carne Bolsa, 50 g;;190;28571;True;https://super.lider.cl/ip/perro/00780257553340;https://i5.walmartimages.cl/asr/4a755527-f977-4fe8-868c-5ffd21b95648.22d1de7991692f34ab37627a7c965130.jpeg?null=&odnHeight=580&odnWidth=580&odnBg=FFFFFF;Perro > Snack y Premios;https://super.lider.cl/browse/mascotas/perro/snack-y-premios/07089592_29432822_49543527;;1;2026-03-17T01:50:00
00400823923029;Snack Perro Beef Stick Venado, g;;1190;99166;True;https://super.lider.cl/ip/perro/00400823923029;https://i5.walmartimages.cl/asr/f1f2a230-dcdf-4829-ac1a-18869361ce09.3d79e5bddcaec4d8ea1634a26201b07a.jpeg?null=&odnHeight=580&odnWidth=580&odnBg=FFFFFF;Perro > Snack y Premios;https://super.lider.cl/browse/mascotas/perro/snack-y-premios/07089592_29432822_49543527;;1;2026-03-17T01:50:00
00074674766604;Brocheta Pato Cordero y Ternera 6 un, 115 g;;3490;3490;False;https://super.lider.cl/ip/perro/00074674766604;https://i5.walmartimages.cl/asr/7df1ed46-0f43-42b6-b1e4-02262b65ba27.f1ffb707b2b2f6a022a15cf5836d76b8.jpeg?null=&odnHeight=580&odnWidth=580&odnBg=FFFFFF;Perro > Snack y Premios;https://super.lider.cl/browse/mascotas/perro/snack-y-premios/07089592_29432822_49543527;;1;2026-03-17T01:50:00
00780460346588;Snack Jeky Proteico Sabor Cordero, 80 g;;440;35625;True;https://super.lider.cl/ip/perro/00780460346588;https://i5.walmartimages.cl/asr/53e4d3f9-a565-447a-8201-872d2c450e92.8c5ef5b13370c895d67e510e2eb170e2.jpeg?odnHeight=580&odnWidth=580&odnBg=FFFFFF;Perro > Snack y Premios;https://super.lider.cl/browse/mascotas/perro/snack-y-premios/07089592_29432822_49543527;;1;2026-03-17T01:50:00
00074674766574;Snack Perro Adulto Seco Charqui de Pollo Bolsa, 400 g;;9690;9690;False;https://super.lider.cl/ip/perro/00074674766574;https://i5.walmartimages.cl/asr/87e13fd8-e5a6-4674-bfb1-e63f34807a42.3241c2563b8746e75b69cb319ccb2558.jpeg?null=&odnHeight=580&odnWidth=580&odnBg=FFFFFF;Perro > Snack y Premios;https://super.lider.cl/browse/mascotas/perro/snack-y-premios/07089592_29432822_49543527;;1;2026-03-17T01:50:00
00780550500916;Snack para Perro de entrenamiento, 70 g;;2890;41286;True;https://super.lider.cl/ip/perro/00780550500916;https://i5.walmartimages.cl/asr/4b4ecc0c-2e61-421d-a89b-5a17eeefd17d.b51997842d85a736f1898e0dd70a11dc.jpeg?null=&odnHeight=580&odnWidth=580&odnBg=FFFFFF;Perro > Snack y Premios;https://super.lider.cl/browse/mascotas/perro/snack-y-premios/07089592_29432822_49543527;;1;2026-03-17T01:50:00
00780463202060;Snack Perro Adulto Trocitos Camote Envueltos en Pollo Bolsa, 100 g;;3490;3490;False;https://super.lider.cl/ip/perro/00780463202060;https://i5.walmartimages.cl/asr/61331db4-ae11-4d7a-a3d1-d22d609a8d6a.c438347c0905470680747beae88aad0e.jpeg?null=&odnHeight=580&odnWidth=580&odnBg=FFFFFF;Perro > Snack y Premios;https://super.lider.cl/browse/mascotas/perro/snack-y-premios/07089592_29432822_49543527;;1;2026-03-17T01:50:00
00780257553420;Alimento Seco Perro Senior Raza Mediana Y Grande Sabor Carne Bolsa, 300 g;;2490;8299;True;https://super.lider.cl/ip/perro/00780257553420;https://i5.walmartimages.cl/asr/4acf311b-ff86-4a20-9a13-3fb2f5de7ca9.1b35f735a1093361e75c31bcba1cd0f9.jpeg?null=&odnHeight=580&odnWidth=580&odnBg=FFFFFF;Perro > Snack y Premios;https://super.lider.cl/browse/mascotas/perro/snack-y-premios/07089592_29432822_49543527;;1;2026-03-17T01:50:00
00780460346539;Femúr Para Perro de Vacuno gigante Bolsa, 2 kg;;3845;7690;True;https://super.lider.cl/ip/perro/00780460346539;https://i5.walmartimages.cl/asr/d0139a34-4743-4131-8568-1cb5444ac642.fc2acd5c22a5d6204ca330e33edc87e5.jpeg?null=&odnHeight=580&odnWidth=580&odnBg=FFFFFF;Perro > Snack y Premios;https://super.lider.cl/browse/mascotas/perro/snack-y-premios/07089592_29432822_49543527;;1;2026-03-17T01:50:00
00063424000423;Hueso Triple Sabor Tamaño M, 1 Un;;3790;3790;False;https://super.lider.cl/ip/perro/00063424000423;https://i5.walmartimages.cl/asr/3584ad87-e82b-4c63-843a-89afe8fc3ee5.bb67b71404de4fe725158432762c907a.jpeg?odnHeight=580&odnWidth=580&odnBg=FFFFFF;Perro > Snack y Premios;https://super.lider.cl/browse/mascotas/perro/snack-y-premios/07089592_29432822_49543527;;1;2026-03-17T01:50:00
00780465625065;Snack Perro Adulto Tiritas Pollo con Tocino Bolsa, 100 g;;3490;3490;False;https://super.lider.cl/ip/perro/00780465625065;https://i5.walmartimages.cl/asr/e61a7bc4-293d-4bce-813c-d6e766cb2d2a.2a96137de6cb97e3fb36463351d9cacf.jpeg?null=&odnHeight=580&odnWidth=580&odnBg=FFFFFF;Perro > Snack y Premios;https://super.lider.cl/browse/mascotas/perro/snack-y-premios/07089592_29432822_49543527;;1;2026-03-17T01:50:00
00074674766605;Tiritas de Vacuno 400 g, 400 g;;9690;9690;False;https://super.lider.cl/ip/perro/00074674766605;https://i5.walmartimages.cl/asr/78bb6bfc-7327-491f-9c78-4cc43ca580ba.09ea564b0e2f8ed0e9dec80c4cb4fa3e.jpeg?null=&odnHeight=580&odnWidth=580&odnBg=FFFFFF;Perro > Snack y Premios;https://super.lider.cl/browse/mascotas/perro/snack-y-premios/07089592_29432822_49543527;;1;2026-03-17T01:50:00
00074674766607;Training Treat: Rollitos de Pato con Propóleo 100 g, 100 g;;3490;3490;False;https://super.lider.cl/ip/perro/00074674766607;https://i5.walmartimages.cl/asr/1800266a-f9f5-47fa-8b69-a46bcc7a1254.e142282905c61236fbf6bac610805ee0.jpeg?null=&odnHeight=580&odnWidth=580&odnBg=FFFFFF;Perro > Snack y Premios;https://super.lider.cl/browse/mascotas/perro/snack-y-premios/07089592_29432822_49543527;;1;2026-03-17T01:50:00
00780467341000;Galletas Perro Adulto Seco Sabor Ternera Caja, 460 g;;4290;9326;True;https://super.lider.cl/ip/perro/00780467341000;https://i5.walmartimages.cl/asr/684f17d1-88c4-4ec8-83f1-5a2cc8174500.7b024ab25f93ea2e01fc5721661b7162.jpeg?null=&odnHeight=580&odnWidth=580&odnBg=FFFFFF;Perro > Snack y Premios;https://super.lider.cl/browse/mascotas/perro/snack-y-premios/07089592_29432822_49543527;;1;2026-03-17T01:50:00
00085000671556;Snack Perro Adulto Sabor Pollo y Salmón Sachet Pack 8 Un, 14 g;;6790;7073;True;https://super.lider.cl/ip/perro/00085000671556;https://i5.walmartimages.cl/asr/330829bd-b521-4c31-b119-27fa9e8b841d.f30c6cb00589dfadccda11b6322d37c7.jpeg?odnHeight=580&odnWidth=580&odnBg=FFFFFF;Perro > Snack y Premios;https://super.lider.cl/browse/mascotas/perro/snack-y-premios/07089592_29432822_49543527?page=2;;2;2026-03-17T01:50:24
00780465625062;Galletas Perro Adulto Maní Envueltas en Pollo Bolsa, 100 g;;3490;3490;False;https://super.lider.cl/ip/perro/00780465625062;https://i5.walmartimages.cl/asr/9ea44987-1a56-4c3d-8779-9ddf078c0f58.4884b61995a95a93044a5afb0c582dd5.jpeg?null=&odnHeight=580&odnWidth=580&odnBg=FFFFFF;Perro > Snack y Premios;https://super.lider.cl/browse/mascotas/perro/snack-y-premios/07089592_29432822_49543527?page=2;;2;2026-03-17T01:50:24
00074674766572;Snack Perro Adulto Seco Buddies Bocadito Sabor Carne Bolsa, 75 g;;240;18000;True;https://super.lider.cl/ip/perro/00074674766572;https://i5.walmartimages.cl/asr/a66d0e78-dac1-42da-ac8b-840c6753d125.a0165a3b306fcafcdf16f65e80b30b5c.jpeg?null=&odnHeight=580&odnWidth=580&odnBg=FFFFFF;Perro > Snack y Premios;https://super.lider.cl/browse/mascotas/perro/snack-y-premios/07089592_29432822_49543527?page=2;;2;2026-03-17T01:50:24
00065952511102;Snack Perro Adulto Trutros de Pato con Huesitos de Calcio Bolsa, 400 g;;9690;9690;False;https://super.lider.cl/ip/perro/00065952511102;https://i5.walmartimages.cl/asr/abf1ee3b-1b79-448a-85d0-bebb84203dc2.42ed90f1a30183bccec126fb6b3dc483.jpeg?null=&odnHeight=580&odnWidth=580&odnBg=FFFFFF;Perro > Snack y Premios;https://super.lider.cl/browse/mascotas/perro/snack-y-premios/07089592_29432822_49543527?page=2;;2;2026-03-17T01:50:24
00400823959123;Snack Perro Boony Bits Bolsa, g;;3690;30750;True;https://super.lider.cl/ip/perro/00400823959123;https://i5.walmartimages.cl/asr/91edfbd9-a801-4cf8-934a-9054c304e89a.d0a800b5cbd1c3fe8c935c118056fcfe.jpeg?null=&odnHeight=580&odnWidth=580&odnBg=FFFFFF;Perro > Snack y Premios;https://super.lider.cl/browse/mascotas/perro/snack-y-premios/07089592_29432822_49543527?page=2;;2;2026-03-17T01:50:24
00780445700203;Snack Perro Classic Lamb Strip Bolsa, g g;;2990;29900;True;https://super.lider.cl/ip/perro/00780445700203;https://i5.walmartimages.cl/asr/30afee84-864b-473c-a90f-f346e835cb6b.0141661489bd855b1e7e0805021c69e0.jpeg?odnHeight=580&odnWidth=580&odnBg=FFFFFF;Perro > Snack y Premios;https://super.lider.cl/browse/mascotas/perro/snack-y-premios/07089592_29432822_49543527?page=2;;2;2026-03-17T01:50:24
00780465625072;Snack Perro Adulto Brochetas Triple Sabor Pollo, Pato y Vacuno Bolsa, 6 Un;;3490;3490;False;https://super.lider.cl/ip/perro/00780465625072;https://i5.walmartimages.cl/asr/7ba9385e-b245-43fa-9bdd-3c8c2e675b84.00f66c52252d4369fbcdb755762207e9.jpeg?null=&odnHeight=580&odnWidth=580&odnBg=FFFFFF;Perro > Snack y Premios;https://super.lider.cl/browse/mascotas/perro/snack-y-premios/07089592_29432822_49543527?page=2;;2;2026-03-17T01:50:24
00780467341014;Galleta Perro Cachorro Leche, g;;1790;22375;True;https://super.lider.cl/ip/perro/00780467341014;https://i5.walmartimages.cl/asr/644a6b85-b118-42e7-9f6a-1612d5637774.37f46faca92b09da8f0d03dd946e67f7.jpeg?null=&odnHeight=580&odnWidth=580&odnBg=FFFFFF;Perro > Snack y Premios;https://super.lider.cl/browse/mascotas/perro/snack-y-premios/07089592_29432822_49543527?page=2;;2;2026-03-17T01:50:24
00065952511113;Snack Perro Adulto Trutros de Pato con Huesitos de Calcio Bolsa, 100 g;;3490;34900;True;https://super.lider.cl/ip/perro/00065952511113;https://i5.walmartimages.cl/asr/45db97cd-c5a4-4e55-87b8-ea9cd543323f.7221455d095de3929070acce52986331.jpeg?null=&odnHeight=580&odnWidth=580&odnBg=FFFFFF;Perro > Snack y Premios;https://super.lider.cl/browse/mascotas/perro/snack-y-premios/07089592_29432822_49543527?page=2;;2;2026-03-17T01:50:24
00780467341011;Galleta Perro Adulto Raza Pequeña Pollo, g g;;3990;11400;True;https://super.lider.cl/ip/perro/00780467341011;https://i5.walmartimages.cl/asr/4140c2ee-92e1-4a7f-aa8a-0925e50d9f27.b4a415dd82b735b3c351e39efd1aa9b8.jpeg?odnHeight=580&odnWidth=580&odnBg=FFFFFF;Perro > Snack y Premios;https://super.lider.cl/browse/mascotas/perro/snack-y-premios/07089592_29432822_49543527?page=2;;2;2026-03-17T01:50:24
00780465625071;Snack Perro Adulto Huesitos Sabor Pollo, Vacuno y Cordero Bolsa, 7 Un;;4290;4290;False;https://super.lider.cl/ip/perro/00780465625071;https://i5.walmartimages.cl/asr/b5c4b8f3-9a41-478b-ad39-1b1fd14e0e52.d2a9328f827e1357454eb206c4693564.jpeg?odnHeight=580&odnWidth=580&odnBg=FFFFFF;Perro > Snack y Premios;https://super.lider.cl/browse/mascotas/perro/snack-y-premios/07089592_29432822_49543527?page=2;;2;2026-03-17T01:50:24
00780467341015;Galleta Perro Adulto Ternera, g;;1790;22375;True;https://super.lider.cl/ip/perro/00780467341015;https://i5.walmartimages.cl/asr/65886673-ec0e-485e-9208-37094455f588.4414c2bf8c7da27e4f5df2ff450ee156.jpeg?null=&odnHeight=580&odnWidth=580&odnBg=FFFFFF;Perro > Snack y Premios;https://super.lider.cl/browse/mascotas/perro/snack-y-premios/07089592_29432822_49543527?page=2;;2;2026-03-17T01:50:24
00780467341016;Galleta Perro Adulto Grill, g;;1790;22375;True;https://super.lider.cl/ip/perro/00780467341016;https://i5.walmartimages.cl/asr/7943c84b-0716-40fe-8887-f627ade077df.b499077ce3f734b168a073dc3853c384.jpeg?null=&odnHeight=580&odnWidth=580&odnBg=FFFFFF;Perro > Snack y Premios;https://super.lider.cl/browse/mascotas/perro/snack-y-premios/07089592_29432822_49543527?page=2;;2;2026-03-17T01:50:24
00780467341010;Galleta Perro Cachoro Leche, g g;;3990;11400;True;https://super.lider.cl/ip/perro/00780467341010;https://i5.walmartimages.cl/asr/bef4f2c4-00db-427b-a58f-078827b711b4.93bc8280335867f06d029da570c415ef.jpeg?odnHeight=580&odnWidth=580&odnBg=FFFFFF;Perro > Snack y Premios;https://super.lider.cl/browse/mascotas/perro/snack-y-premios/07089592_29432822_49543527?page=2;;2;2026-03-17T01:50:24
00789602905232;Snack Perro Adulto Dentastix Raza Pequeña Bolsa, 3 Un;;1350;1377;True;https://super.lider.cl/ip/perro/00789602905232;https://i5.walmartimages.cl/asr/fe0ec3b5-025c-4846-8080-2db8ae3a9de4.64fbf2c4080c9250d1d636a2fb1c3f90.jpeg?null=&odnHeight=580&odnWidth=580&odnBg=FFFFFF;Perro > Snack y Premios;https://super.lider.cl/browse/mascotas/perro/snack-y-premios/07089592_29432822_49543527?page=2;;2;2026-03-17T01:50:24
00780550500917;Snack para Perro Sabor Pato Loops, 60 g;;3190;53167;True;https://super.lider.cl/ip/perro/00780550500917;https://i5.walmartimages.cl/asr/b28cccef-e6c6-40a2-80ad-73c5192541ed.ef3f543a71d7a3d2d6e4cf6d10d68112.jpeg?odnHeight=580&odnWidth=580&odnBg=FFFFFF;Perro > Snack y Premios;https://super.lider.cl/browse/mascotas/perro/snack-y-premios/07089592_29432822_49543527?page=2;;2;2026-03-17T01:50:24
00400823923110;Snack Perro Beef Stick Pavo, G;;1190;99166;True;https://super.lider.cl/ip/perro/00400823923110;https://i5.walmartimages.cl/asr/af5cb27d-600f-48ae-abb1-693c3d20183a.896790ee9ea3bd621bdf3796e99f40a4.jpeg?null=&odnHeight=580&odnWidth=580&odnBg=FFFFFF;Perro > Snack y Premios;https://super.lider.cl/browse/mascotas/perro/snack-y-premios/07089592_29432822_49543527?page=2;;2;2026-03-17T01:50:24
00074674766606;Training Treat: Cubitos de Pollo con Tocino 100 g, 100 g;;3490;3490;False;https://super.lider.cl/ip/perro/00074674766606;https://i5.walmartimages.cl/asr/4df5d6bb-29c5-4fe1-8c14-c2acc454e6c8.2a01516ed24354d55f442212723a1098.jpeg?null=&odnHeight=580&odnWidth=580&odnBg=FFFFFF;Perro > Snack y Premios;https://super.lider.cl/browse/mascotas/perro/snack-y-premios/07089592_29432822_49543527?page=2;;2;2026-03-17T01:50:24
00780467341003;Galleta Perro Adulto Grill, g ml;;4290;9326;True;https://super.lider.cl/ip/perro/00780467341003;https://i5.walmartimages.cl/asr/240b70b9-1f54-4fb2-9f1c-5184c3d7c8d7.3d8afc83fc877045cb0487c41bad315c.jpeg?null=&odnHeight=580&odnWidth=580&odnBg=FFFFFF;Perro > Snack y Premios;https://super.lider.cl/browse/mascotas/perro/snack-y-premios/07089592_29432822_49543527?page=2;;2;2026-03-17T01:50:24
00780467341013;Galleta Perro Adulto Raza Pequeña Pollo, g;;1790;22375;True;https://super.lider.cl/ip/perro/00780467341013;https://i5.walmartimages.cl/asr/8a0c598a-eb51-443a-8f99-fc2a8d01f153.40881a56e0d14c1bd3e413676d1370d1.jpeg?odnHeight=580&odnWidth=580&odnBg=FFFFFF;Perro > Snack y Premios;https://super.lider.cl/browse/mascotas/perro/snack-y-premios/07089592_29432822_49543527?page=2;;2;2026-03-17T01:50:24
00779745397183;Snack Perro Adulto Dentastix Raza Mediana Bolsa, 3 Un;;1490;19351;True;https://super.lider.cl/ip/perro/00779745397183;https://i5.walmartimages.cl/asr/8ab23b84-832e-4d16-85ce-d9f4f160bff3.92d2ab6890b9fd0ab57b21f3ca464b07.jpeg?null=&odnHeight=580&odnWidth=580&odnBg=FFFFFF;Perro > Snack y Premios;https://super.lider.cl/browse/mascotas/perro/snack-y-premios/07089592_29432822_49543527?page=2;;2;2026-03-17T01:50:24
00779745397345;Snack Perro Adulto Dentastix Raza Grande Bolsa, 3 Un;;730;2190;True;https://super.lider.cl/ip/perro/00779745397345;https://i5.walmartimages.cl/asr/d4328e00-f2eb-4117-b45e-57de12bfe4e5.aa3c04aa45dab1a83a9fb5a1079c4f06.jpeg?null=&odnHeight=580&odnWidth=580&odnBg=FFFFFF;Perro > Snack y Premios;https://super.lider.cl/browse/mascotas/perro/snack-y-premios/07089592_29432822_49543527?page=2;;2;2026-03-17T01:50:24
00063424000422;Hueso Triple Sabor Tamaño S, 1 Un;;2150;2150;False;https://super.lider.cl/ip/perro/00063424000422;https://i5.walmartimages.cl/asr/51bc1838-9c45-4058-92f7-d7117a7cf512.d80662ac26994c01434251bab56b5852.jpeg?odnHeight=580&odnWidth=580&odnBg=FFFFFF;Perro > Snack y Premios;https://super.lider.cl/browse/mascotas/perro/snack-y-premios/07089592_29432822_49543527?page=2;;2;2026-03-17T01:50:24
00063424000424;Hueso Triple Sabor Tamaño L, 1 Un;;4590;4590;False;https://super.lider.cl/ip/perro/00063424000424;https://i5.walmartimages.cl/asr/dab6bf0c-4cc0-44cf-8861-11257de01db8.5e63fb8361458db08cdf9049b5ef52a3.jpeg?odnHeight=580&odnWidth=580&odnBg=FFFFFF;Perro > Snack y Premios;https://super.lider.cl/browse/mascotas/perro/snack-y-premios/07089592_29432822_49543527?page=2;;2;2026-03-17T01:50:24
00072016779979;Snack Perro Cubos de Cerdo, 90 g;;3790;4211;True;https://super.lider.cl/ip/perro/00072016779979;https://i5.walmartimages.cl/asr/794b81e2-d6a5-45d0-a3ed-c221ad20227a.c2b7dbb4cf26395d09ba7f5e6b29c28a.jpeg?odnHeight=580&odnWidth=580&odnBg=FFFFFF;Perro > Snack y Premios;https://super.lider.cl/browse/mascotas/perro/snack-y-premios/07089592_29432822_49543527?page=2;;2;2026-03-17T01:50:24
00073755881642;Snack Perro Corazones de Pollo, 90 g;;3790;4211;True;https://super.lider.cl/ip/perro/00073755881642;https://i5.walmartimages.cl/asr/594f9a54-605b-4f1d-bcba-7718b9f4f79c.92b74d624434e1cbcc11a299feab9bf6.jpeg?odnHeight=580&odnWidth=580&odnBg=FFFFFF;Perro > Snack y Premios;https://super.lider.cl/browse/mascotas/perro/snack-y-premios/07089592_29432822_49543527?page=2;;2;2026-03-17T01:50:24
00072016779982;Snack Perro Choritos, 90 g;;3790;4211;True;https://super.lider.cl/ip/perro/00072016779982;https://i5.walmartimages.cl/asr/17af3b32-21ad-40d7-a7c8-83f1b5a65a92.d6827fdac5aa088d1628650d2dbdad80.jpeg?odnHeight=580&odnWidth=580&odnBg=FFFFFF;Perro > Snack y Premios;https://super.lider.cl/browse/mascotas/perro/snack-y-premios/07089592_29432822_49543527?page=2;;2;2026-03-17T01:50:24
00780467756017;Kambú Om, Mantequilla De Maní Relajante Para Perros, 200 g;;3190;15950;True;https://super.lider.cl/ip/perro/00780467756017;https://i5.walmartimages.cl/asr/e686d5e0-e37c-44d3-ab6a-3dbb9efd3a32.c40b78031a1dafc03c2583d29004b4b7.jpeg?odnHeight=580&odnWidth=580&odnBg=FFFFFF;Perro > Snack y Premios;https://super.lider.cl/browse/mascotas/perro/snack-y-premios/07089592_29432822_49543527?page=2;;2;2026-03-17T01:50:24
00780467756016;Kambú Pro Mantequilla De Maní Con Probióticos Para Perros, 200 g;;3190;15950;True;https://super.lider.cl/ip/perro/00780467756016;https://i5.walmartimages.cl/asr/23354af4-f1d3-47c3-9adb-8af20c5c0e72.6e9354a68de67badc4584668587241b3.jpeg?odnHeight=580&odnWidth=580&odnBg=FFFFFF;Perro > Snack y Premios;https://super.lider.cl/browse/mascotas/perro/snack-y-premios/07089592_29432822_49543527?page=2;;2;2026-03-17T01:50:24
00780467756015;Kambú Tradicional Mantequilla De Maní Para Perros, 200 g;;3190;15950;True;https://super.lider.cl/ip/perro/00780467756015;https://i5.walmartimages.cl/asr/163e0a03-8a0e-49a7-94bb-4a252043e66d.6c35efc3b4f922ca7e9e14f45b9c072b.jpeg?odnHeight=580&odnWidth=580&odnBg=FFFFFF;Perro > Snack y Premios;https://super.lider.cl/browse/mascotas/perro/snack-y-premios/07089592_29432822_49543527?page=2;;2;2026-03-17T01:50:24
00780467962008;Sazonador Salmon Perros, 70 g;;4290;6129;True;https://super.lider.cl/ip/perro/00780467962008;https://i5.walmartimages.cl/asr/d405176c-bfc5-4c7f-b1c6-15bbde950db8.b74dc295c33ffa7cf6d44b26d39a3e29.jpeg?odnHeight=580&odnWidth=580&odnBg=FFFFFF;Perro > Snack y Premios;https://super.lider.cl/browse/mascotas/perro/snack-y-premios/07089592_29432822_49543527?page=2;;2;2026-03-17T01:50:24
00780467962007;Sazonador Cerdo Perros, 70 g;;4290;6129;True;https://super.lider.cl/ip/perro/00780467962007;https://i5.walmartimages.cl/asr/9acfc65f-9541-489e-bd51-839cd11362c4.03068039f0412ad6465aebe74ebbdf25.jpeg?odnHeight=580&odnWidth=580&odnBg=FFFFFF;Perro > Snack y Premios;https://super.lider.cl/browse/mascotas/perro/snack-y-premios/07089592_29432822_49543527?page=2;;2;2026-03-17T01:50:24
00780465625180;Snack Perro Adulto Seco Trozos de Salmón Bolsa, 100 g;;3490;3490;False;https://super.lider.cl/ip/perro/00780465625180;https://i5.walmartimages.cl/asr/a202fd2b-a7f6-434e-93d7-637828dc6442.e6356d4ef0ba376f1e4edb5cfbcadcb9.jpeg?null=&odnHeight=580&odnWidth=580&odnBg=FFFFFF;Perro > Snack y Premios;https://super.lider.cl/browse/mascotas/perro/snack-y-premios/07089592_29432822_49543527?page=2;;2;2026-03-17T01:50:24
00063424000421;Snack Perro Adulto Brochetas Triple Sabor Pollo, Pato y Vacuno Bolsa, 18 Un;;7990;7990;False;https://super.lider.cl/ip/perro/00063424000421;https://i5.walmartimages.cl/asr/dfd95a11-8425-4114-902e-c69c9ddffae8.ec3ebc19f3581e1c6e03338ce2b05b9c.jpeg?null=&odnHeight=580&odnWidth=580&odnBg=FFFFFF;Perro > Snack y Premios;https://super.lider.cl/browse/mascotas/perro/snack-y-premios/07089592_29432822_49543527?page=2;;2;2026-03-17T01:50:24
00400823923009;Snack Perro Beef Stick Carne, g;;1190;99166;True;https://super.lider.cl/ip/perro/00400823923009;https://i5.walmartimages.cl/asr/cfdeae7a-1faa-4bed-8870-71b4a3468f38.ac613a230a5bc3bcc75b083da949011d.jpeg?null=&odnHeight=580&odnWidth=580&odnBg=FFFFFF;Perro > Snack y Premios;https://super.lider.cl/browse/mascotas/perro/snack-y-premios/07089592_29432822_49543527?page=2;;2;2026-03-17T01:50:24
00780445700223;Snack Perro Meat Balls Duck & Apple Bolsa, g g;;3690;36900;True;https://super.lider.cl/ip/perro/00780445700223;https://i5.walmartimages.cl/asr/18e2dc40-b438-4abd-8a0a-7de231e61654.8ac978fbc49df7f2a35801bb3e8bb37f.jpeg?null=&odnHeight=580&odnWidth=580&odnBg=FFFFFF;Perro > Snack y Premios;https://super.lider.cl/browse/mascotas/perro/snack-y-premios/07089592_29432822_49543527?page=2;;2;2026-03-17T01:50:24
00780257553466;Alimento Seco Gato Adulto Adulto Sabor Salmón Bolsa, 1 kg;;690;2690;True;https://super.lider.cl/ip/gato/00780257553466;https://i5.walmartimages.cl/asr/0955d529-fbfb-4c67-a106-2b0a42f04b00.afbbb25e9aa5b891a1673eeed2b2a959.jpeg?null=&odnHeight=580&odnWidth=580&odnBg=FFFFFF;Perro > Alimento Seco;https://super.lider.cl/browse/mascotas/gato/alimento-seco/07089592_85723699_38537300;;1;2026-03-17T01:50:50
00761303595142;Alimento Seco Delimix Gato Adulto Sabor Pollo Bolsa, 8 Kg;;2899;28990;True;https://super.lider.cl/ip/gato/00761303595142;https://i5.walmartimages.cl/asr/51f2173b-122f-49df-9760-f9db8ae92566.f72ec8486f12b6714406b21c81d10e8c.jpeg?null=&odnHeight=580&odnWidth=580&odnBg=FFFFFF;Perro > Alimento Seco;https://super.lider.cl/browse/mascotas/gato/alimento-seco/07089592_85723699_38537300;;1;2026-03-17T01:50:50
00761303595120;Alimento Seco Gato Adulto Sabor Carne Bolsa, 8 Kg;;2899;28990;True;https://super.lider.cl/ip/gato/00761303595120;https://i5.walmartimages.cl/asr/a909eba2-41d1-44f0-9c60-339521720709.a8902d23301499c7cfa635e3105eb2f8.jpeg?odnHeight=580&odnWidth=580&odnBg=FFFFFF;Perro > Alimento Seco;https://super.lider.cl/browse/mascotas/gato/alimento-seco/07089592_85723699_38537300;;1;2026-03-17T01:50:50
00844529059273;Alimento Seco Gatito Sabor Mix de Carnes Bolsa, 1 Kg;;2890;4450;True;https://super.lider.cl/ip/gato/00844529059273;https://i5.walmartimages.cl/asr/ee7c0554-8461-4ea0-972d-7035b8f56f8b.7e2c374bc8ff0e5ee6fb35b54f627862.jpeg?null=&odnHeight=580&odnWidth=580&odnBg=FFFFFF;Perro > Alimento Seco;https://super.lider.cl/browse/mascotas/gato/alimento-seco/07089592_85723699_38537300;;1;2026-03-17T01:50:50
00780192000140;Alimento Seco Gato Adulto Sabor Salmón Bolsa, 3 Kg;;2300;11990;True;https://super.lider.cl/ip/gato/00780192000140;https://i5.walmartimages.cl/asr/a4796db5-45c1-48c0-98d1-fa06a04ba109.b1241f7f0f0e95240f71acc28295c43a.jpeg?null=&odnHeight=580&odnWidth=580&odnBg=FFFFFF;Perro > Alimento Seco;https://super.lider.cl/browse/mascotas/gato/alimento-seco/07089592_85723699_38537300;;1;2026-03-17T01:50:50
00779745397106;Alimento Seco Gato Adulto Sabor Carne Bolsa, 1 Kg;;1300;5690;True;https://super.lider.cl/ip/gato/00779745397106;https://i5.walmartimages.cl/asr/19041f95-7384-4850-890e-b5c318d5e662.ed412d6e454fb5207473f2e3ae676f62.jpeg?null=&odnHeight=580&odnWidth=580&odnBg=FFFFFF;Perro > Alimento Seco;https://super.lider.cl/browse/mascotas/gato/alimento-seco/07089592_85723699_38537300;;1;2026-03-17T01:50:50
00780192000164;Alimento Seco Gato Adulto Sabor Carne Bolsa, 3 Kg;;2300;11990;True;https://super.lider.cl/ip/gato/00780192000164;https://i5.walmartimages.cl/asr/3894313b-83d1-4cd2-94ed-2e03ebe43f46.ce22db56fa8e02c587f975109999c6f9.jpeg?null=&odnHeight=580&odnWidth=580&odnBg=FFFFFF;Perro > Alimento Seco;https://super.lider.cl/browse/mascotas/gato/alimento-seco/07089592_85723699_38537300;;1;2026-03-17T01:50:50
00779745397235;Alimento Seco Gato Adulto Sabor Carne Bolsa, 3 Kg;;2700;13590;True;https://super.lider.cl/ip/gato/00779745397235;https://i5.walmartimages.cl/asr/111208c5-0235-47be-bd76-d156dd3ef1fa.ac0c1661c5b51a5b9fca66949ae734df.jpeg?null=&odnHeight=580&odnWidth=580&odnBg=FFFFFF;Perro > Alimento Seco;https://super.lider.cl/browse/mascotas/gato/alimento-seco/07089592_85723699_38537300;;1;2026-03-17T01:50:50
00780443800368;Alimento Seco Gatito Sabor Pollo y Leche Bolsa, 1 kg;;4290;4290;False;https://super.lider.cl/ip/gato/00780443800368;https://i5.walmartimages.cl/asr/591cb903-98c5-41a7-9131-0382bf94000f.2fceddbed3148c5d09dc9e1a3ce552c0.jpeg?null=&odnHeight=580&odnWidth=580&odnBg=FFFFFF;Perro > Alimento Seco;https://super.lider.cl/browse/mascotas/gato/alimento-seco/07089592_85723699_38537300;;1;2026-03-17T01:50:50
00761303932101;Alimento Seco Gato Adulto Esterilizado Sabor Pescado Bolsa, 8 Kg;;3149;31490;True;https://super.lider.cl/ip/gato/00761303932101;https://i5.walmartimages.cl/asr/34cfa07d-7bef-48f3-856b-6ca5a1159997.c770ed1a196301f523a9c7dce516b38b.jpeg?null=&odnHeight=580&odnWidth=580&odnBg=FFFFFF;Perro > Alimento Seco;https://super.lider.cl/browse/mascotas/gato/alimento-seco/07089592_85723699_38537300;;1;2026-03-17T01:50:50
00761303595124;Alimento Seco Gatito Sabor Carne Bolsa, 1 Kg;;6190;6190;False;https://super.lider.cl/ip/gato/00761303595124;https://i5.walmartimages.cl/asr/b48cdd49-0df5-4da8-aa89-735ce28f5013.2851e5727c6961c96f44257d11b87c93.jpeg?null=&odnHeight=580&odnWidth=580&odnBg=FFFFFF;Perro > Alimento Seco;https://super.lider.cl/browse/mascotas/gato/alimento-seco/07089592_85723699_38537300;;1;2026-03-17T01:50:50
00761303595104;Alimento Seco Gato Adulto Sabor Pescado Arroz y Espinaca Bolsa, 1 Kg;;2790;4450;True;https://super.lider.cl/ip/gato/00761303595104;https://i5.walmartimages.cl/asr/87299239-f61d-4e15-a964-d2704d820248.62c78b4965c57d11e6803942d532e0a0.jpeg?null=&odnHeight=580&odnWidth=580&odnBg=FFFFFF;Perro > Alimento Seco;https://super.lider.cl/browse/mascotas/gato/alimento-seco/07089592_85723699_38537300;;1;2026-03-17T01:50:50
00761303595123;Alimento Seco Gatito Sabor Carne Bolsa, 8 Kg;;3149;31490;True;https://super.lider.cl/ip/gato/00761303595123;https://i5.walmartimages.cl/asr/91674c65-e506-4bec-bddd-7402f5925af2.054e2bc07a021f270b06edefb22bca4d.jpeg?null=&odnHeight=580&odnWidth=580&odnBg=FFFFFF;Perro > Alimento Seco;https://super.lider.cl/browse/mascotas/gato/alimento-seco/07089592_85723699_38537300;;1;2026-03-17T01:50:50
00779745397118;Alimento Seco Gato Adulto Sabor Pollo Bolsa, 1 Kg;;1300;5690;True;https://super.lider.cl/ip/gato/00779745397118;https://i5.walmartimages.cl/asr/551c8ab1-1678-46a4-83cd-1344a087c930.c7ab76e5e69599b11c3a66ac61021411.jpeg?null=&odnHeight=580&odnWidth=580&odnBg=FFFFFF;Perro > Alimento Seco;https://super.lider.cl/browse/mascotas/gato/alimento-seco/07089592_85723699_38537300;;1;2026-03-17T01:50:50
00761303595128;Alimento Seco Gato Adulto Sabor Carne Bolsa, 1 Kg;;6190;6190;False;https://super.lider.cl/ip/gato/00761303595128;https://i5.walmartimages.cl/asr/2d39ca9b-d546-4d13-932e-50b3a480f94e.e2fbdd368000c740f41d895a6a98393b.jpeg?null=&odnHeight=580&odnWidth=580&odnBg=FFFFFF;Perro > Alimento Seco;https://super.lider.cl/browse/mascotas/gato/alimento-seco/07089592_85723699_38537300;;1;2026-03-17T01:50:50
00779745397229;Alimento Seco Gato Adulto Sabor Pescado Bolsa, 1 Kg;;1300;5690;True;https://super.lider.cl/ip/gato/00779745397229;https://i5.walmartimages.cl/asr/b902709a-e92f-43bb-858e-bc0cf2159b47.5246838a4b35cc4eac55bdc2c8e297f2.jpeg?null=&odnHeight=580&odnWidth=580&odnBg=FFFFFF;Perro > Alimento Seco;https://super.lider.cl/browse/mascotas/gato/alimento-seco/07089592_85723699_38537300;;1;2026-03-17T01:50:50
00780192000168;Alimento Seco Gato Adulto Sabor Pollo Bolsa, 3 Kg;;2300;11990;True;https://super.lider.cl/ip/gato/00780192000168;https://i5.walmartimages.cl/asr/11fc7433-71f1-4c6c-a400-9a220f695001.8ddfa0db473811d780aa846939726eae.jpeg?null=&odnHeight=580&odnWidth=580&odnBg=FFFFFF;Perro > Alimento Seco;https://super.lider.cl/browse/mascotas/gato/alimento-seco/07089592_85723699_38537300;;1;2026-03-17T01:50:50
00779745397112;Alimento Seco Gatito Sabor Carne y Leche Bolsa, 1 Kg;;5790;5790;False;https://super.lider.cl/ip/gato/00779745397112;https://i5.walmartimages.cl/asr/a572a239-07ee-4944-a825-b9828ab239d2.f0f66216188711d3242bb1b90be1efb5.jpeg?null=&odnHeight=580&odnWidth=580&odnBg=FFFFFF;Perro > Alimento Seco;https://super.lider.cl/browse/mascotas/gato/alimento-seco/07089592_85723699_38537300;;1;2026-03-17T01:50:50
00779745397101;Alimento Seco Gato Adulto Sabor Pescado Bolsa, 3 Kg;;2700;13590;True;https://super.lider.cl/ip/gato/00779745397101;https://i5.walmartimages.cl/asr/7dd9e13f-0b60-4064-bd22-178d095ee425.cfb5f86efbfb1c1ea8f29e0b89c6b6bd.jpeg?null=&odnHeight=580&odnWidth=580&odnBg=FFFFFF;Perro > Alimento Seco;https://super.lider.cl/browse/mascotas/gato/alimento-seco/07089592_85723699_38537300;;1;2026-03-17T01:50:50
00779745397391;Alimento Seco Gatito Sabor Carne y Leche Bolsa, 3 kg;;4530;13590;True;https://super.lider.cl/ip/gato/00779745397391;https://i5.walmartimages.cl/asr/a32146ed-cad8-494f-9063-d6f7e2bbd65c.0fefcab00ad992a56eef002e1d05d5b0.jpeg?null=&odnHeight=580&odnWidth=580&odnBg=FFFFFF;Perro > Alimento Seco;https://super.lider.cl/browse/mascotas/gato/alimento-seco/07089592_85723699_38537300;;1;2026-03-17T01:50:50
00761328723050;Alimento Seco Gato Adulto Esterilizado Sabor Pollo y Salmón Bolsa, 2 Kg;;8495;16990;True;https://super.lider.cl/ip/gato/00761328723050;https://i5.walmartimages.cl/asr/5626cdbf-91a1-471f-8fcd-cabcf8944832.8aceb32a40ed09321bf5c4ed7bdeb340.jpeg?odnHeight=580&odnWidth=580&odnBg=FFFFFF;Perro > Alimento Seco;https://super.lider.cl/browse/mascotas/gato/alimento-seco/07089592_85723699_38537300;;1;2026-03-17T01:50:50
00761303595140;Alimento Seco Gato Adulto Sabor Carne Bolsa Delimix, 1 Kg;;6190;6190;False;https://super.lider.cl/ip/gato/00761303595140;https://i5.walmartimages.cl/asr/22f97bb2-2977-4411-8415-7ed24de11f00.25276c0ff8ac19bc650c974400b88240.jpeg?null=&odnHeight=580&odnWidth=580&odnBg=FFFFFF;Perro > Alimento Seco;https://super.lider.cl/browse/mascotas/gato/alimento-seco/07089592_85723699_38537300;;1;2026-03-17T01:50:50
00761303595131;Alimento Seco Gato Adulto Sabor Pollo Bolsa Delimix, 3 Kg;;5230;15690;True;https://super.lider.cl/ip/gato/00761303595131;https://i5.walmartimages.cl/asr/3ea1dc78-48ad-4fb3-bb25-90c815fd5d98.f10e226db5f77c965b44ebbd29fefbfc.jpeg?null=&odnHeight=580&odnWidth=580&odnBg=FFFFFF;Perro > Alimento Seco;https://super.lider.cl/browse/mascotas/gato/alimento-seco/07089592_85723699_38537300;;1;2026-03-17T01:50:50
00779745397368;Alimento Seco Gato Adulto Sabor Carne Bolsa, 8 Kg;;3224;25790;True;https://super.lider.cl/ip/gato/00779745397368;https://i5.walmartimages.cl/asr/88b47d0e-7e61-4bc7-afdb-fba5618c0c40.5b86bf9df9bdac240788c609a9462e4d.jpeg?null=&odnHeight=580&odnWidth=580&odnBg=FFFFFF;Perro > Alimento Seco;https://super.lider.cl/browse/mascotas/gato/alimento-seco/07089592_85723699_38537300;;1;2026-03-17T01:50:50
00761328722999;Alimento Seco Gatito Sabor Pollo y Carne Bolsa, 2 Kg;;8495;16990;True;https://super.lider.cl/ip/gato/00761328722999;https://i5.walmartimages.cl/asr/9f34a900-d011-45d4-8305-778c62b1ea4e.f6cbea7023ca7ef1bf11bc6304ceb7ff.jpeg?null=&odnHeight=580&odnWidth=580&odnBg=FFFFFF;Perro > Alimento Seco;https://super.lider.cl/browse/mascotas/gato/alimento-seco/07089592_85723699_38537300;;1;2026-03-17T01:50:50
00761303595106;Alimento Seco Gato Adulto Sabor Pescado Arroz y Espinaca Bolsa, 8 Kg;;2623;20990;True;https://super.lider.cl/ip/gato/00761303595106;https://i5.walmartimages.cl/asr/93f797eb-6a45-4187-a86a-2dbf2a7200da.5511b3926de8fe6875d0d40560a5c476.jpeg?null=&odnHeight=580&odnWidth=580&odnBg=FFFFFF;Perro > Alimento Seco;https://super.lider.cl/browse/mascotas/gato/alimento-seco/07089592_85723699_38537300;;1;2026-03-17T01:50:50
00780257553364;Alimento Seco Gato Adulto Sabor Pollo Bolsa, 2,1 Kg;;6138;12890;True;https://super.lider.cl/ip/gato/00780257553364;https://i5.walmartimages.cl/asr/61b8282d-65d2-4be9-847f-528dd7b55a79.d5b4c1a8f4d768061a2de726764a665c.jpeg?null=&odnHeight=580&odnWidth=580&odnBg=FFFFFF;Perro > Alimento Seco;https://super.lider.cl/browse/mascotas/gato/alimento-seco/07089592_85723699_38537300;;1;2026-03-17T01:50:50
00780192000137;Alimento Seco Gato Adulto Sabor Salmón Bolsa, 1 Kg;;5290;5290;False;https://super.lider.cl/ip/gato/00780192000137;https://i5.walmartimages.cl/asr/5c3d0d00-3cf8-4afd-bce1-58786553aa7e.01ac85f5da916c38d4ea685fb5cb7a03.jpeg?null=&odnHeight=580&odnWidth=580&odnBg=FFFFFF;Perro > Alimento Seco;https://super.lider.cl/browse/mascotas/gato/alimento-seco/07089592_85723699_38537300;;1;2026-03-17T01:50:50
00780192000141;Alimento Seco Gatito Sabor Pollo y Leche Bolsa, 1 kg;;5690;5690;False;https://super.lider.cl/ip/gato/00780192000141;https://i5.walmartimages.cl/asr/4457a1a8-9be5-48e7-962c-39145b282f62.342e4254995e79b3b3b030681a36fe2f.jpeg?null=&odnHeight=580&odnWidth=580&odnBg=FFFFFF;Perro > Alimento Seco;https://super.lider.cl/browse/mascotas/gato/alimento-seco/07089592_85723699_38537300;;1;2026-03-17T01:50:50
00761303667288;Alimento Seco Gatito Sabor Carne Bolsa, 3 Kg;;5230;15690;True;https://super.lider.cl/ip/gato/00761303667288;https://i5.walmartimages.cl/asr/1ec034d3-ab1e-41fc-a3c3-961d2866d095.59be50a99b0bdfc5e6f42317f48e5f45.jpeg?null=&odnHeight=580&odnWidth=580&odnBg=FFFFFF;Perro > Alimento Seco;https://super.lider.cl/browse/mascotas/gato/alimento-seco/07089592_85723699_38537300;;1;2026-03-17T01:50:50
00761328723038;Alimento Seco Gato Adulto Sabor Pollo y Carne Bolsa, 2 Kg;;8495;16990;True;https://super.lider.cl/ip/gato/00761328723038;https://i5.walmartimages.cl/asr/9814f1a6-9480-47ba-8b20-9473766f0e25.f2169c078cb34b2ee16e275809212f65.jpeg?null=&odnHeight=580&odnWidth=580&odnBg=FFFFFF;Perro > Alimento Seco;https://super.lider.cl/browse/mascotas/gato/alimento-seco/07089592_85723699_38537300;;1;2026-03-17T01:50:50
00761303595149;Alimento Seco Gato Adulto Sabor Pescado Bolsa, 3 Kg;;5230;15690;True;https://super.lider.cl/ip/gato/00761303595149;https://i5.walmartimages.cl/asr/5d4ceb20-1862-4889-bc0e-306bc84b303b.b36ccdb95910351dc1ff82073bd96e74.jpeg?null=&odnHeight=580&odnWidth=580&odnBg=FFFFFF;Perro > Alimento Seco;https://super.lider.cl/browse/mascotas/gato/alimento-seco/07089592_85723699_38537300;;1;2026-03-17T01:50:50
00761303595118;Alimento Seco Gato Adulto Sabor Carne Bolsa, 3 Kg;;5230;15690;True;https://super.lider.cl/ip/gato/00761303595118;https://i5.walmartimages.cl/asr/33228127-6275-43b0-9283-0d3aedf033b2.2bd264e5a9194ed2983a8da1918de81f.jpeg?null=&odnHeight=580&odnWidth=580&odnBg=FFFFFF;Perro > Alimento Seco;https://super.lider.cl/browse/mascotas/gato/alimento-seco/07089592_85723699_38537300;;1;2026-03-17T01:50:50
00780192000134;Alimento Seco Gato Adulto Sabor Carne Bolsa, 1 Kg;;5290;5290;False;https://super.lider.cl/ip/gato/00780192000134;https://i5.walmartimages.cl/asr/7b9a1305-bd2b-4da2-9797-d87f72879326.c02f1c9f59c1483f00b5c5787800bcac.jpeg?null=&odnHeight=580&odnWidth=580&odnBg=FFFFFF;Perro > Alimento Seco;https://super.lider.cl/browse/mascotas/gato/alimento-seco/07089592_85723699_38537300;;1;2026-03-17T01:50:50
00040005088010;Super Premium - Alimento Seco Gato Adulto De Pollo Y Salmón, 2 kg;;7495;14990;True;https://super.lider.cl/ip/gato/00040005088010;https://i5.walmartimages.cl/asr/193e36e2-b8d2-4b02-a16f-0da020075f1b.b85cbf1fd75cea22fe321a7bafa29d4f.jpeg?odnHeight=580&odnWidth=580&odnBg=FFFFFF;Perro > Alimento Seco;https://super.lider.cl/browse/mascotas/gato/alimento-seco/07089592_85723699_38537300;;1;2026-03-17T01:50:50
00780192000136;Alimento Seco Gato Adulto Sabor Salmón Bolsa, 8 Kg;;3349;26790;True;https://super.lider.cl/ip/gato/00780192000136;https://i5.walmartimages.cl/asr/7079ca70-43c9-4d0e-8d43-267ae6f06860.547185fe2b6846e795d50630416c0b81.jpeg?null=&odnHeight=580&odnWidth=580&odnBg=FFFFFF;Perro > Alimento Seco;https://super.lider.cl/browse/mascotas/gato/alimento-seco/07089592_85723699_38537300;;1;2026-03-17T01:50:50
00761328723044;Alimento Seco Gato Adulto Sabor Pollo y Salmón Bolsa, 2 Kg;;8495;16990;True;https://super.lider.cl/ip/gato/00761328723044;https://i5.walmartimages.cl/asr/89f61e9a-9504-4b21-8467-c271e9d2f6d4.797f7f90828b61c0a394e1c11edcaafd.jpeg?null=&odnHeight=580&odnWidth=580&odnBg=FFFFFF;Perro > Alimento Seco;https://super.lider.cl/browse/mascotas/gato/alimento-seco/07089592_85723699_38537300;;1;2026-03-17T01:50:50
00779745397367;Alimento Seco Gato Adulto Sabor Pescado Bolsa, 8 Kg;;3224;25790;True;https://super.lider.cl/ip/gato/00779745397367;https://i5.walmartimages.cl/asr/c81edd74-858d-49dd-ae6a-8232bc16973f.8f0e4970d89881f8562a5a05e7448077.jpeg?null=&odnHeight=580&odnWidth=580&odnBg=FFFFFF;Perro > Alimento Seco;https://super.lider.cl/browse/mascotas/gato/alimento-seco/07089592_85723699_38537300;;1;2026-03-17T01:50:50
00780192000133;Alimento Seco Gato Adulto Sabor Carne Bolsa, 8 Kg;;3349;26790;True;https://super.lider.cl/ip/gato/00780192000133;https://i5.walmartimages.cl/asr/b5d893e0-1e91-4190-be3c-0b0619125d57.d38518b9d2482a84c3fa796ab0ca2b47.jpeg?null=&odnHeight=580&odnWidth=580&odnBg=FFFFFF;Perro > Alimento Seco;https://super.lider.cl/browse/mascotas/gato/alimento-seco/07089592_85723699_38537300;;1;2026-03-17T01:50:50
00779745397310;Alimento Seco Gato Adulto Castrado Sabor Mix Carne Bolsa, 3 Kg;;4830;14490;True;https://super.lider.cl/ip/gato/00779745397310;https://i5.walmartimages.cl/asr/2f55a533-968c-49f6-8b6b-aac8d2e1fb96.3c2d10f959fef2a8d6692019992988a9.jpeg?null=&odnHeight=580&odnWidth=580&odnBg=FFFFFF;Perro > Alimento Seco;https://super.lider.cl/browse/mascotas/gato/alimento-seco/07089592_85723699_38537300;;1;2026-03-17T01:50:50
00761303595146;Alimento Seco Gato Adulto Sabor Pescado Bolsa, 1 Kg;;6190;6190;False;https://super.lider.cl/ip/gato/00761303595146;https://i5.walmartimages.cl/asr/58b3de19-99b4-441b-bd54-2fadf8a9feb3.a05102de91255f60af75efb21c9e9053.jpeg?null=&odnHeight=580&odnWidth=580&odnBg=FFFFFF;Perro > Alimento Seco;https://super.lider.cl/browse/mascotas/gato/alimento-seco/07089592_85723699_38537300;;1;2026-03-17T01:50:50
00085595800657;Puré Cremoso Gato Adulto Sabor Pollo Sachet, 56 g;;2950;52679;True;https://super.lider.cl/ip/gato/00085595800657;https://i5.walmartimages.cl/asr/2f5ae63a-91c7-471a-9745-5d1f1c2ff9b3.cc09daeb9320c6932baa45affdbd010b.jpeg?odnHeight=580&odnWidth=580&odnBg=FFFFFF;Perro > Alimento Humedo;https://super.lider.cl/browse/mascotas/gato/alimento-humedo/07089592_85723699_39598429;;1;2026-03-17T01:51:17
00779745300055;Alimento Húmedo Gato Adulto Sabor Pollo Pouch, 85 g;;810;9529;True;https://super.lider.cl/ip/gato/00779745300055;https://i5.walmartimages.cl/asr/db633774-7cc1-49a8-8288-0957d5ba3e9a.d07048598375b6e4d092826b7e35d0cb.jpeg?odnHeight=580&odnWidth=580&odnBg=FFFFFF;Perro > Alimento Humedo;https://super.lider.cl/browse/mascotas/gato/alimento-humedo/07089592_85723699_39598429;;1;2026-03-17T01:51:17
00779745300042;Alimento Húmedo Gato Adulto Sabor Carne Pouch, 85 g;;810;9529;True;https://super.lider.cl/ip/gato/00779745300042;https://i5.walmartimages.cl/asr/15220109-be9f-40c9-abea-49b425dc45ee.3cfb0cece18f85c651c0651a8ec40fa2.jpeg?odnHeight=580&odnWidth=580&odnBg=FFFFFF;Perro > Alimento Humedo;https://super.lider.cl/browse/mascotas/gato/alimento-humedo/07089592_85723699_39598429;;1;2026-03-17T01:51:17
00005000029048;Alimento Húmedo gato Salmón Lata, g g;;190;6410;True;https://super.lider.cl/ip/gato/00005000029048;https://i5.walmartimages.cl/asr/0f519e0c-66fa-4680-92b6-172931af7770.641c18e1f18d8a38363b0509fd2fe3f7.jpeg?null=&odnHeight=580&odnWidth=580&odnBg=FFFFFF;Perro > Alimento Humedo;https://super.lider.cl/browse/mascotas/gato/alimento-humedo/07089592_85723699_39598429;;1;2026-03-17T01:51:17
00779745300041;Alimento Húmedo Gato Adulto Sabor Salmón Pouch, 85 g;;810;9529;True;https://super.lider.cl/ip/gato/00779745300041;https://i5.walmartimages.cl/asr/2621802a-c01e-4895-9428-152c12992bc6.1ed0c7a88843e4efd3f37a9797985ac9.jpeg?odnHeight=580&odnWidth=580&odnBg=FFFFFF;Perro > Alimento Humedo;https://super.lider.cl/browse/mascotas/gato/alimento-humedo/07089592_85723699_39598429;;1;2026-03-17T01:51:17
00085595800655;Puré Cremoso Gato Adulto Sabor Atún Sachet, 56 g;;2950;52679;True;https://super.lider.cl/ip/gato/00085595800655;https://i5.walmartimages.cl/asr/94a25dc5-7119-4b18-975d-ce100969360a.6bd522cceba1d7055e5ae202900bd20b.jpeg?odnHeight=580&odnWidth=580&odnBg=FFFFFF;Perro > Alimento Humedo;https://super.lider.cl/browse/mascotas/gato/alimento-humedo/07089592_85723699_39598429;;1;2026-03-17T01:51:17
00085595800666;Puré Cremoso Gato Adulto Sabor Atún y Salmón Sachet, 56 g;;2950;52679;True;https://super.lider.cl/ip/gato/00085595800666;https://i5.walmartimages.cl/asr/f1e63ed8-acd0-40a8-918e-5fb51f729c45.08539213693e46bd03bba9957d13bc0d.jpeg?odnHeight=580&odnWidth=580&odnBg=FFFFFF;Perro > Alimento Humedo;https://super.lider.cl/browse/mascotas/gato/alimento-humedo/07089592_85723699_39598429;;1;2026-03-17T01:51:17
00789100024106;Alimento Húmedo Gato Adulto Sabor Carne Pouch, 85 g;;850;10000;True;https://super.lider.cl/ip/gato/00789100024106;https://i5.walmartimages.cl/asr/e005e625-d901-4809-bf65-be4648eaf6ab.5445d69889d20e15feeaa86a41a5aae0.jpeg?odnHeight=580&odnWidth=580&odnBg=FFFFFF;Perro > Alimento Humedo;https://super.lider.cl/browse/mascotas/gato/alimento-humedo/07089592_85723699_39598429;;1;2026-03-17T01:51:17
00779745300040;Alimento Húmedo Gatito Sabor Carne Pouch, 85 g;;810;9529;True;https://super.lider.cl/ip/gato/00779745300040;https://i5.walmartimages.cl/asr/2dac0745-51f2-45ec-b458-8301242eeb77.8ba23e05b81c665bca928cd58b09bae9.jpeg?odnHeight=580&odnWidth=580&odnBg=FFFFFF;Perro > Alimento Humedo;https://super.lider.cl/browse/mascotas/gato/alimento-humedo/07089592_85723699_39598429;;1;2026-03-17T01:51:17
00005000029059;Alimento Húmedo Gato Adulto Sabor Atún Lata, 156 g;;190;6410;True;https://super.lider.cl/ip/gato/00005000029059;https://i5.walmartimages.cl/asr/b2b77a23-7ed6-446a-b129-b98d020ff65a.f2b8965f2aea377bd12f938b8c384eee.jpeg?odnHeight=580&odnWidth=580&odnBg=FFFFFF;Perro > Alimento Humedo;https://super.lider.cl/browse/mascotas/gato/alimento-humedo/07089592_85723699_39598429;;1;2026-03-17T01:51:17
00789100024113;Alimento Húmedo Gato Adulto Sabor Pescado Blanco Pouch, 85 g;;850;10000;True;https://super.lider.cl/ip/gato/00789100024113;https://i5.walmartimages.cl/asr/a059cc91-8a7c-4d34-8870-d0bb7b576527.dd44b6863eaca8de4595e2131fc3ac1d.jpeg?odnHeight=580&odnWidth=580&odnBg=FFFFFF;Perro > Alimento Humedo;https://super.lider.cl/browse/mascotas/gato/alimento-humedo/07089592_85723699_39598429;;1;2026-03-17T01:51:17
00789602904656;Alimento Húmedo Gato Adulto Sabor Atún en Salsa Pouch, 85 g;;810;9529;True;https://super.lider.cl/ip/gato/00789602904656;https://i5.walmartimages.cl/asr/04f4bc5d-b246-4ecf-8f3b-e04b43ccef83.95d6217a2ba74972e310ef92c8456049.jpeg?odnHeight=580&odnWidth=580&odnBg=FFFFFF;Perro > Alimento Humedo;https://super.lider.cl/browse/mascotas/gato/alimento-humedo/07089592_85723699_39598429;;1;2026-03-17T01:51:17
00779745300147;Alimento Húmedo Gatito Soufflé Sabor Carne Pouch, 85 g;;810;9529;True;https://super.lider.cl/ip/gato/00779745300147;https://i5.walmartimages.cl/asr/cf857ee7-7e42-476b-b385-4adcb0c26881.bc0ab0850dc0fcee2fcfc250d3a81b4b.jpeg?odnHeight=580&odnWidth=580&odnBg=FFFFFF;Perro > Alimento Humedo;https://super.lider.cl/browse/mascotas/gato/alimento-humedo/07089592_85723699_39598429;;1;2026-03-17T01:51:17
00789100024117;Alimento Húmedo Gato Adulto Sabor Pollo e Hígado Pouch, 85 g;;850;10000;True;https://super.lider.cl/ip/gato/00789100024117;https://i5.walmartimages.cl/asr/f2c5dfde-28fa-41fc-b8c9-d38e6a890507.bb9c8ad0e3796aa7564ddf42592f9b66.jpeg?null=&odnHeight=580&odnWidth=580&odnBg=FFFFFF;Perro > Alimento Humedo;https://super.lider.cl/browse/mascotas/gato/alimento-humedo/07089592_85723699_39598429;;1;2026-03-17T01:51:17
00779745300043;Alimento Húmedo Gato Adulto Sabor Pavo Pouch, 85 g;;810;9529;True;https://super.lider.cl/ip/gato/00779745300043;https://i5.walmartimages.cl/asr/abfaa229-63ed-4307-9037-86f64a699dcc.b4f9867ca1e26bcd5b5b4dbdbf679322.jpeg?odnHeight=580&odnWidth=580&odnBg=FFFFFF;Perro > Alimento Humedo;https://super.lider.cl/browse/mascotas/gato/alimento-humedo/07089592_85723699_39598429;;1;2026-03-17T01:51:17
00789100024062;Alimento Húmedo Gatito Sabor Carne Pouch, 85 g;;850;10000;True;https://super.lider.cl/ip/gato/00789100024062;https://i5.walmartimages.cl/asr/0547dc32-3df6-4e7a-973c-fa9de1a6b99c.04c6d1aa64ac59125c50250b85832362.jpeg?odnHeight=580&odnWidth=580&odnBg=FFFFFF;Perro > Alimento Humedo;https://super.lider.cl/browse/mascotas/gato/alimento-humedo/07089592_85723699_39598429;;1;2026-03-17T01:51:17
00789100024058;Alimento Húmedo Gatito Sabor Pescado Pouch, 85 g;;850;10000;True;https://super.lider.cl/ip/gato/00789100024058;https://i5.walmartimages.cl/asr/744d799e-e5dd-4d15-b232-eb938d98b2c3.c6505c7ebef4d416242b3dae44000b81.jpeg?null=&odnHeight=580&odnWidth=580&odnBg=FFFFFF;Perro > Alimento Humedo;https://super.lider.cl/browse/mascotas/gato/alimento-humedo/07089592_85723699_39598429;;1;2026-03-17T01:51:17
00789100012077;Alimento Húmedo Gato Adulto Sabor Atún Pouch, 85 g;;850;10000;True;https://super.lider.cl/ip/gato/00789100012077;https://i5.walmartimages.cl/asr/6a37bd6e-906a-44a3-b194-eb7392a7e8b0.185de35511ec651d710eb4de0f9ddbcb.jpeg?odnHeight=580&odnWidth=580&odnBg=FFFFFF;Perro > Alimento Humedo;https://super.lider.cl/browse/mascotas/gato/alimento-humedo/07089592_85723699_39598429;;1;2026-03-17T01:51:17
00789100024108;Alimento Húmedo Gato Adulto Sabor Salmón Pouch, 85 g;;850;10000;True;https://super.lider.cl/ip/gato/00789100024108;https://i5.walmartimages.cl/asr/a1495b97-99d6-4e00-8e73-04b811ccba01.c5f21fe2032aac0f7ae12821c7148d96.jpeg?odnHeight=580&odnWidth=580&odnBg=FFFFFF;Perro > Alimento Humedo;https://super.lider.cl/browse/mascotas/gato/alimento-humedo/07089592_85723699_39598429;;1;2026-03-17T01:51:17
00005000029068;Alimento Húmedo Gato Adulto Paté Pavo/Menudencia Lata, 156 g;;190;6410;True;https://super.lider.cl/ip/gato/00005000029068;https://i5.walmartimages.cl/asr/a468cc61-b3f0-41f1-ac6f-832ea1fadbdd.c7929752a2e647464cb00615a3c5bd76.jpeg?null=&odnHeight=580&odnWidth=580&odnBg=FFFFFF;Perro > Alimento Humedo;https://super.lider.cl/browse/mascotas/gato/alimento-humedo/07089592_85723699_39598429;;1;2026-03-17T01:51:17
00789602904662;Alimento Húmedo Gato Adulto Castrado Sabor Carne Pouch, 85 g;;810;9529;True;https://super.lider.cl/ip/gato/00789602904662;https://i5.walmartimages.cl/asr/3d187107-453e-4125-93aa-66f73895ab9a.187f8155a038def1f4a62b61360c27f9.jpeg?null=&odnHeight=580&odnWidth=580&odnBg=FFFFFF;Perro > Alimento Humedo;https://super.lider.cl/browse/mascotas/gato/alimento-humedo/07089592_85723699_39598429;;1;2026-03-17T01:51:17
00780410000165;Alimento Húmedo Gato Adulto Trocitos Sabor Salmón y Sardina Pouch, 100 g;;640;7529;True;https://super.lider.cl/ip/gato/00780410000165;https://i5.walmartimages.cl/asr/775f910e-a5e5-40e7-95d5-f58bccf31087.a7db47cf491e21883e13a4cf255b1754.jpeg?null=&odnHeight=580&odnWidth=580&odnBg=FFFFFF;Perro > Alimento Humedo;https://super.lider.cl/browse/mascotas/gato/alimento-humedo/07089592_85723699_39598429;;1;2026-03-17T01:51:17
00780257553264;Alimento Húmedo Gatito Trocitos Sabor Carne Pouch, 85 g;;680;8000;True;https://super.lider.cl/ip/gato/00780257553264;https://i5.walmartimages.cl/asr/3b6a6889-7b03-4e51-a77a-c85eb43d65a6.b037e0e0b671582258f1212a64c49473.jpeg?null=&odnHeight=580&odnWidth=580&odnBg=FFFFFF;Perro > Alimento Humedo;https://super.lider.cl/browse/mascotas/gato/alimento-humedo/07089592_85723699_39598429;;1;2026-03-17T01:51:17
00780410000242;Alimento Húmedo Gato Adulto Trocitos Sabor Atún y Salmón Pouch, 100 g;;640;6400;True;https://super.lider.cl/ip/gato/00780410000242;https://i5.walmartimages.cl/asr/360f188e-cc29-41d5-ba22-1820f7f0b9f1.0b70f5709554b29cd0192bc75def4aeb.jpeg?odnHeight=580&odnWidth=580&odnBg=FFFFFF;Perro > Alimento Humedo;https://super.lider.cl/browse/mascotas/gato/alimento-humedo/07089592_85723699_39598429;;1;2026-03-17T01:51:17
00779745300149;Alimento Húmedo Gato Adulto Jelly Sabor Pescado Pouch, 85 g;;810;9529;True;https://super.lider.cl/ip/gato/00779745300149;https://i5.walmartimages.cl/asr/11cb7ffe-1113-493a-a857-f33fc6c5819d.c4223102e29563ccf491f71ae9890091.jpeg?odnHeight=580&odnWidth=580&odnBg=FFFFFF;Perro > Alimento Humedo;https://super.lider.cl/browse/mascotas/gato/alimento-humedo/07089592_85723699_39598429;;1;2026-03-17T01:51:17
00789100033238;Alimento Humedo Gato Superfoods Sabor Salmon Pouch, 85 g;;1290;15176;True;https://super.lider.cl/ip/gato/00789100033238;https://i5.walmartimages.cl/asr/7719a04d-c54c-4c4d-a1b8-f4d1c92f4768.a9699630c5e6ef7c8119db6bd0416dd2.jpeg?null=&odnHeight=580&odnWidth=580&odnBg=FFFFFF;Perro > Alimento Humedo;https://super.lider.cl/browse/mascotas/gato/alimento-humedo/07089592_85723699_39598429;;1;2026-03-17T01:51:17
00780443800329;Alimento Húmedo Gatito Sabor Carne y Leche Pouch, 85 g;;630;1000;True;https://super.lider.cl/ip/gato/00780443800329;https://i5.walmartimages.cl/asr/e9572380-7dcb-449a-8ccd-9903fdf9e1f6.0f6a6ae7f6062eef64700fec331d674e.jpeg?null=&odnHeight=580&odnWidth=580&odnBg=FFFFFF;Perro > Alimento Humedo;https://super.lider.cl/browse/mascotas/gato/alimento-humedo/07089592_85723699_39598429;;1;2026-03-17T01:51:17
00780410000243;Alimento Húmedo Gato Adulto Trocitos Sabor Pollo y Pavo Pouch, 100 g;;640;7529;True;https://super.lider.cl/ip/gato/00780410000243;https://i5.walmartimages.cl/asr/29ceacf6-ef71-4c52-903f-96df95893fc4.aa77ad622b171fc215984692973871b1.jpeg?odnHeight=580&odnWidth=580&odnBg=FFFFFF;Perro > Alimento Humedo;https://super.lider.cl/browse/mascotas/gato/alimento-humedo/07089592_85723699_39598429;;1;2026-03-17T01:51:17
00780443800327;Alimento Húmedo Gato Adulto Sabor Carne Pouch, 85 g;;630;1000;True;https://super.lider.cl/ip/gato/00780443800327;https://i5.walmartimages.cl/asr/6e110e7c-d468-4489-8dd4-f5cc6b29914d.39c46bfef3ff97f74826cbbb0901cda5.jpeg?null=&odnHeight=580&odnWidth=580&odnBg=FFFFFF;Perro > Alimento Humedo;https://super.lider.cl/browse/mascotas/gato/alimento-humedo/07089592_85723699_39598429;;1;2026-03-17T01:51:17
00780257553173;Alimento Húmedo Gato Adulto Trocitos Sabor Carne Pouch, 85 g;;680;8000;True;https://super.lider.cl/ip/gato/00780257553173;https://i5.walmartimages.cl/asr/52babc65-da61-4a2d-9ba1-85f4472cccf6.4f4b8905c470d4ef5be393d5d6deefbf.jpeg?null=&odnHeight=580&odnWidth=580&odnBg=FFFFFF;Perro > Alimento Humedo;https://super.lider.cl/browse/mascotas/gato/alimento-humedo/07089592_85723699_39598429;;1;2026-03-17T01:51:17
00780443800328;Alimento Húmedo Gato Adulto Sabor Salmón Pouch, 85 g;;630;1000;True;https://super.lider.cl/ip/gato/00780443800328;https://i5.walmartimages.cl/asr/e86a1af2-c4bf-4f85-9cf9-7e36a0209417.ecfe29572d52b4996a9f92fb7751ef53.jpeg?null=&odnHeight=580&odnWidth=580&odnBg=FFFFFF;Perro > Alimento Humedo;https://super.lider.cl/browse/mascotas/gato/alimento-humedo/07089592_85723699_39598429;;1;2026-03-17T01:51:17
00779745300148;Alimento Húmedo Gato Adulto Jelly Sabor Carne Pouch, 85 g;;810;9529;True;https://super.lider.cl/ip/gato/00779745300148;https://i5.walmartimages.cl/asr/855a3bcd-36cf-4fec-ad90-ed1c4e348dd9.8dcb3928b4ff4a94c5b26e4f57ec6de0.jpeg?null=&odnHeight=580&odnWidth=580&odnBg=FFFFFF;Perro > Alimento Humedo;https://super.lider.cl/browse/mascotas/gato/alimento-humedo/07089592_85723699_39598429;;1;2026-03-17T01:51:17
00780257553174;Alimento Húmedo Gato Adulto Trocitos Sabor Salmón Pouch, 85 g;;680;8000;True;https://super.lider.cl/ip/gato/00780257553174;https://i5.walmartimages.cl/asr/ec4f00b5-c86c-41c9-8893-75e97ad3c5f8.8a6094e2a58c21055d77080c5017d729.jpeg?null=&odnHeight=580&odnWidth=580&odnBg=FFFFFF;Perro > Alimento Humedo;https://super.lider.cl/browse/mascotas/gato/alimento-humedo/07089592_85723699_39598429;;1;2026-03-17T01:51:17
00789100033242;Alimento Húmedo Gato Adulto Super Nutrientes Sabor Carne Pouch, 85 g;;1290;15176;True;https://super.lider.cl/ip/gato/00789100033242;https://i5.walmartimages.cl/asr/5d21598c-b370-4d4b-aaad-0f881d854b5f.445182fadc78a47ddf8ccfcd751a5135.jpeg?null=&odnHeight=580&odnWidth=580&odnBg=FFFFFF;Perro > Alimento Humedo;https://super.lider.cl/browse/mascotas/gato/alimento-humedo/07089592_85723699_39598429;;1;2026-03-17T01:51:17
00789100033246;Alimento Húmedo Gato Adulto Sabor Salmón, Atún y Pescado Blanco Pouch, 85 g;;1290;15176;True;https://super.lider.cl/ip/gato/00789100033246;https://i5.walmartimages.cl/asr/85f1abce-ee5e-42fc-8cb9-e3dd9c7a362b.27efadda78b52836026450f01cca9d10.jpeg?null=&odnHeight=580&odnWidth=580&odnBg=FFFFFF;Perro > Alimento Humedo;https://super.lider.cl/browse/mascotas/gato/alimento-humedo/07089592_85723699_39598429;;1;2026-03-17T01:51:17
00780257553411;Alimento Húmedo Gato Adulto Trocitos Sabor Atún Pouch, 85 g;;680;8000;True;https://super.lider.cl/ip/gato/00780257553411;https://i5.walmartimages.cl/asr/10f5745d-3831-4dc1-9af5-199799063589.098a068afe47079a489bd1b4300076ab.jpeg?null=&odnHeight=580&odnWidth=580&odnBg=FFFFFF;Perro > Alimento Humedo;https://super.lider.cl/browse/mascotas/gato/alimento-humedo/07089592_85723699_39598429;;1;2026-03-17T01:51:17
00780257553398;Alimento Húmedo Gato Adulto Sabor Pechuga de Pollo con Salmón al Jugo Pouch, 85 g;;1250;14706;True;https://super.lider.cl/ip/gato/00780257553398;https://i5.walmartimages.cl/asr/5bbf7b7a-1210-4f21-bf43-ec423a95164f.90e7f2487bb25fb67a398ca050a3f4ea.jpeg?null=&odnHeight=580&odnWidth=580&odnBg=FFFFFF;Perro > Alimento Humedo;https://super.lider.cl/browse/mascotas/gato/alimento-humedo/07089592_85723699_39598429;;1;2026-03-17T01:51:17
00074674766584;Caldo para Gato de Vacuno, 50 g;;1090;1090;False;https://super.lider.cl/ip/gato/00074674766584;https://i5.walmartimages.cl/asr/aaf5bd40-2171-48dc-99e2-5c172f320117.f1f9fb474564241c0edf951d7a46e919.jpeg?odnHeight=580&odnWidth=580&odnBg=FFFFFF;Perro > Alimento Humedo;https://super.lider.cl/browse/mascotas/gato/alimento-humedo/07089592_85723699_39598429;;1;2026-03-17T01:51:17
00074674766583;Caldo de Pato para Gato Pouch, 50 g;;1090;1090;False;https://super.lider.cl/ip/gato/00074674766583;https://i5.walmartimages.cl/asr/0455cd50-a9e8-4b55-b9bf-6ad1b86e93cf.4e56ae5f99a56a0dd4860361bdd204bf.jpeg?odnHeight=580&odnWidth=580&odnBg=FFFFFF;Perro > Alimento Humedo;https://super.lider.cl/browse/mascotas/gato/alimento-humedo/07089592_85723699_39598429;;1;2026-03-17T01:51:17
00074674766582;Caldo de Salmón para Gato Pouch, 50 g;;1090;1090;False;https://super.lider.cl/ip/gato/00074674766582;https://i5.walmartimages.cl/asr/fc8b3e96-6985-4174-a3ac-014487c6ae5b.c1eb41d07f55b1f2ed6345761d91dd79.jpeg?odnHeight=580&odnWidth=580&odnBg=FFFFFF;Perro > Alimento Humedo;https://super.lider.cl/browse/mascotas/gato/alimento-humedo/07089592_85723699_39598429;;1;2026-03-17T01:51:17
00085595800657;Puré Cremoso Gato Adulto Sabor Pollo Sachet, 56 g;;2950;52679;True;https://super.lider.cl/ip/gato/00085595800657;https://i5.walmartimages.cl/asr/2f5ae63a-91c7-471a-9745-5d1f1c2ff9b3.cc09daeb9320c6932baa45affdbd010b.jpeg?odnHeight=580&odnWidth=580&odnBg=FFFFFF;Perro > Snack y Premios;https://super.lider.cl/browse/mascotas/gato/snack-y-premios/07089592_85723699_83034796;;1;2026-03-17T01:52:46
00085595800655;Puré Cremoso Gato Adulto Sabor Atún Sachet, 56 g;;2950;52679;True;https://super.lider.cl/ip/gato/00085595800655;https://i5.walmartimages.cl/asr/94a25dc5-7119-4b18-975d-ce100969360a.6bd522cceba1d7055e5ae202900bd20b.jpeg?odnHeight=580&odnWidth=580&odnBg=FFFFFF;Perro > Snack y Premios;https://super.lider.cl/browse/mascotas/gato/snack-y-premios/07089592_85723699_83034796;;1;2026-03-17T01:52:46
00085595800666;Puré Cremoso Gato Adulto Sabor Atún y Salmón Sachet, 56 g;;2950;52679;True;https://super.lider.cl/ip/gato/00085595800666;https://i5.walmartimages.cl/asr/f1e63ed8-acd0-40a8-918e-5fb51f729c45.08539213693e46bd03bba9957d13bc0d.jpeg?odnHeight=580&odnWidth=580&odnBg=FFFFFF;Perro > Snack y Premios;https://super.lider.cl/browse/mascotas/gato/snack-y-premios/07089592_85723699_83034796;;1;2026-03-17T01:52:46
00780445700263;Snack Gato Líquido Variedades Caja, 360 g;;9990;27749;True;https://super.lider.cl/ip/gato/00780445700263;https://i5.walmartimages.cl/asr/94754f0f-c7a5-4139-9cc3-081ba337a76c.9628a361e5fbfb3522eea4fd75ffb70e.jpeg?odnHeight=580&odnWidth=580&odnBg=FFFFFF;Perro > Snack y Premios;https://super.lider.cl/browse/mascotas/gato/snack-y-premios/07089592_85723699_83034796;;1;2026-03-17T01:52:46
00789100024749;Snack Gato Adulto Dental Sabor Pollo Bolsa, 40 g;;1490;37250;True;https://super.lider.cl/ip/gato/00789100024749;https://i5.walmartimages.cl/asr/ae6070ba-75f9-429f-80ae-fa9addb82288.9f9e2381db7119a381a93330f342a58b.jpeg?null=&odnHeight=580&odnWidth=580&odnBg=FFFFFF;Perro > Snack y Premios;https://super.lider.cl/browse/mascotas/gato/snack-y-premios/07089592_85723699_83034796;;1;2026-03-17T01:52:46
00065952511111;Galletas Gato Adulto Catnip y Pollo Bolsa, 65 g;;340;19231;True;https://super.lider.cl/ip/gato/00065952511111;https://i5.walmartimages.cl/asr/122f96bb-53b4-4d73-94d3-5cc1d248bce9.c053d5cdfe1459942beb358f808e0a8e.jpeg?null=&odnHeight=580&odnWidth=580&odnBg=FFFFFF;Perro > Snack y Premios;https://super.lider.cl/browse/mascotas/gato/snack-y-premios/07089592_85723699_83034796;;1;2026-03-17T01:52:46
00780445700262;Snack Gato Líquido Sabor Mix del Mar Caja, 360 g;;9990;27749;True;https://super.lider.cl/ip/gato/00780445700262;https://i5.walmartimages.cl/asr/e177572f-79a6-4b41-824d-0c82a403d8d8.7bc4de8d4978ad56441dc24ca40781e2.jpeg?odnHeight=580&odnWidth=580&odnBg=FFFFFF;Perro > Snack y Premios;https://super.lider.cl/browse/mascotas/gato/snack-y-premios/07089592_85723699_83034796;;1;2026-03-17T01:52:46
00076506676528;Galleta Rellena Gato Sabor Salmon con Hierba Gatera Caja, g;;1790;22375;True;https://super.lider.cl/ip/gato/00076506676528;https://i5.walmartimages.cl/asr/941b439b-fd7a-4fe7-9c42-18e7f65a1282.cc6cc3a6270f0d4ff2e44fee9df08197.jpeg?null=&odnHeight=580&odnWidth=580&odnBg=FFFFFF;Perro > Snack y Premios;https://super.lider.cl/browse/mascotas/gato/snack-y-premios/07089592_85723699_83034796;;1;2026-03-17T01:52:46
00789100011757;Snack Gato Adulto Travesuras Original Mix Pollo, Hígado y Pavo Bolsa, 60 g;;1650;27500;True;https://super.lider.cl/ip/gato/00789100011757;https://i5.walmartimages.cl/asr/68631753-b63f-4d36-9e8f-20b6abae7d37.13c5d6bf8944cc890a2d24afa0c988ea.jpeg?null=&odnHeight=580&odnWidth=580&odnBg=FFFFFF;Perro > Snack y Premios;https://super.lider.cl/browse/mascotas/gato/snack-y-premios/07089592_85723699_83034796;;1;2026-03-17T01:52:46
00076506676524;Galleta Gato con Catnip Sabor Pollo con Hierba Gatera Caja, g;;1790;22375;True;https://super.lider.cl/ip/gato/00076506676524;https://i5.walmartimages.cl/asr/85489810-10b5-46b8-b1ba-36fded9de170.bf54d75acc46388cbb1856aea2aa0f4f.jpeg?null=&odnHeight=580&odnWidth=580&odnBg=FFFFFF;Perro > Snack y Premios;https://super.lider.cl/browse/mascotas/gato/snack-y-premios/07089592_85723699_83034796;;1;2026-03-17T01:52:46
00076506676526;Galleta Rellena Gato Sabor Salmon con Pollo Caja, g;;1790;22375;True;https://super.lider.cl/ip/gato/00076506676526;https://i5.walmartimages.cl/asr/27ef7c1b-f0a1-426a-8377-c7b39e867910.3ac4408f52bf3ace14482f7028efc6f4.jpeg?null=&odnHeight=580&odnWidth=580&odnBg=FFFFFF;Perro > Snack y Premios;https://super.lider.cl/browse/mascotas/gato/snack-y-premios/07089592_85723699_83034796;;1;2026-03-17T01:52:46
00779745397380;Snack Gato Adulto Pellet Sabroso Sabor Pollo Bolsa, 80 g;;1890;23625;True;https://super.lider.cl/ip/gato/00779745397380;https://i5.walmartimages.cl/asr/8bd860c5-2a4f-452a-856a-e7c094c95570.f9c4adb149f182fc6fdd86706dd0b67b.jpeg?odnHeight=580&odnWidth=580&odnBg=FFFFFF;Perro > Snack y Premios;https://super.lider.cl/browse/mascotas/gato/snack-y-premios/07089592_85723699_83034796;;1;2026-03-17T01:52:46
00779745397381;Snack Gato Adulto Pellet Tentador Sabor Carne Bolsa, 80 g;;1890;23625;True;https://super.lider.cl/ip/gato/00779745397381;https://i5.walmartimages.cl/asr/3873e9f5-37f5-43e8-ab25-897a6d769d55.a922e21185ab283fb2052f42dc8a857b.jpeg?odnHeight=580&odnWidth=580&odnBg=FFFFFF;Perro > Snack y Premios;https://super.lider.cl/browse/mascotas/gato/snack-y-premios/07089592_85723699_83034796;;1;2026-03-17T01:52:46
00076506676858;Snack Gato Cremoso Sabor Cangrejo Bolsa, 60 g;;1790;29833;True;https://super.lider.cl/ip/gato/00076506676858;https://i5.walmartimages.cl/asr/d1a829c6-0f71-44bc-8aac-54d2f268dd6d.db12e8439d2ac03206a9fd98b43dc46b.jpeg?odnHeight=580&odnWidth=580&odnBg=FFFFFF;Perro > Snack y Premios;https://super.lider.cl/browse/mascotas/gato/snack-y-premios/07089592_85723699_83034796;;1;2026-03-17T01:52:46
00779745397382;Snack Gato Adulto Pellet Delicioso Sabor Salmón Bolsa, 80 g;;1890;23625;True;https://super.lider.cl/ip/gato/00779745397382;https://i5.walmartimages.cl/asr/0b554b7a-e4d3-465b-a26e-41dfdd2b6304.cc4a53cf8a56596a62cedcb97b5d69d8.jpeg?odnHeight=580&odnWidth=580&odnBg=FFFFFF;Perro > Snack y Premios;https://super.lider.cl/browse/mascotas/gato/snack-y-premios/07089592_85723699_83034796;;1;2026-03-17T01:52:46
00780445700247;Snack Gato Líquido Sabor Pollo Bolsa, g Un;;1990;3316;True;https://super.lider.cl/ip/gato/00780445700247;https://i5.walmartimages.cl/asr/5f0199a3-cd33-44d5-9043-470c8937e897.fef89563b1fca4686b76fd5ddce2160b.jpeg?null=&odnHeight=580&odnWidth=580&odnBg=FFFFFF;Perro > Snack y Premios;https://super.lider.cl/browse/mascotas/gato/snack-y-premios/07089592_85723699_83034796;;1;2026-03-17T01:52:46
00780445700261;Snack Gato Líquido Mix Pollo Caja, 360 g;;9990;27749;True;https://super.lider.cl/ip/gato/00780445700261;https://i5.walmartimages.cl/asr/1ac450f1-c25b-4ec3-a6e7-5d97b7f7dd6e.37155e88fd56f2154d26ed0f9cd02d9f.jpeg?odnHeight=580&odnWidth=580&odnBg=FFFFFF;Perro > Snack y Premios;https://super.lider.cl/browse/mascotas/gato/snack-y-premios/07089592_85723699_83034796;;1;2026-03-17T01:52:46
00400823924190;Snack Gato Catstick Conejo y Pato, g;;2290;127222;True;https://super.lider.cl/ip/gato/00400823924190;https://i5.walmartimages.cl/asr/887bfe18-d604-4bab-bfb0-ad165514ef77.4af22dbb3ff854b3d5952888cbfe0afc.jpeg?odnHeight=580&odnWidth=580&odnBg=FFFFFF;Perro > Snack y Premios;https://super.lider.cl/browse/mascotas/gato/snack-y-premios/07089592_85723699_83034796;;1;2026-03-17T01:52:46
00076506676522;Galleta Gato con Catnip Sabor Salmon Hierba Gatera Caja, g ml;;1790;22375;True;https://super.lider.cl/ip/gato/00076506676522;https://i5.walmartimages.cl/asr/00d60b70-6be0-4452-a357-5a732fd386bb.e161574363ae5960108b347ed6881367.jpeg?null=&odnHeight=580&odnWidth=580&odnBg=FFFFFF;Perro > Snack y Premios;https://super.lider.cl/browse/mascotas/gato/snack-y-premios/07089592_85723699_83034796;;1;2026-03-17T01:52:46
00076506676859;Snack Gato Cremoso Sabor Salmón con Matababi Bolsa, g;;1790;29833;True;https://super.lider.cl/ip/gato/00076506676859;https://i5.walmartimages.cl/asr/94aca496-b3b6-4411-8cb4-c2ebe2757eb7.ec6edd03e6e74d832c7dacee4bc49869.jpeg?odnHeight=580&odnWidth=580&odnBg=FFFFFF;Perro > Snack y Premios;https://super.lider.cl/browse/mascotas/gato/snack-y-premios/07089592_85723699_83034796;;1;2026-03-17T01:52:46
00065952511110;Galletas Gato Adulto Catnip y Atún Bolsa, 65 g;;340;19231;True;https://super.lider.cl/ip/gato/00065952511110;https://i5.walmartimages.cl/asr/f6582b8e-7e06-4386-867e-6d342ca238c2.e130912fcf1f8e316f70965e19769ea4.jpeg?null=&odnHeight=580&odnWidth=580&odnBg=FFFFFF;Perro > Snack y Premios;https://super.lider.cl/browse/mascotas/gato/snack-y-premios/07089592_85723699_83034796;;1;2026-03-17T01:52:46
00789100011759;Snack Gato Adulto Travesuras Ocean Mix Camarón, Salmón y Atún Bolsa, 60 g;;1650;27500;True;https://super.lider.cl/ip/gato/00789100011759;https://i5.walmartimages.cl/asr/1394cb2f-fe6e-4dcf-847c-ebe53a2dc173.dfb3b48a86e7f8e706e3680455e0735c.jpeg?null=&odnHeight=580&odnWidth=580&odnBg=FFFFFF;Perro > Snack y Premios;https://super.lider.cl/browse/mascotas/gato/snack-y-premios/07089592_85723699_83034796;;1;2026-03-17T01:52:46
00400823931219;Snack Gato Catstick Pollo Hierbagatera, g;;2290;127222;True;https://super.lider.cl/ip/gato/00400823931219;https://i5.walmartimages.cl/asr/e4efdb74-9ae4-45fb-960f-38b0ff142d07.60f08dcee134d9b30c1eb03e691a283e.jpeg?odnHeight=580&odnWidth=580&odnBg=FFFFFF;Perro > Snack y Premios;https://super.lider.cl/browse/mascotas/gato/snack-y-premios/07089592_85723699_83034796;;1;2026-03-17T01:52:46
00780460346592;Snack Gato catnip Grain Free, 60 g;;340;25625;True;https://super.lider.cl/ip/gato/00780460346592;https://i5.walmartimages.cl/asr/afdebf2a-5ed9-489a-8608-26abd46c6c50.4a1ede1255ea5d72beb694a9652cd50f.jpeg?odnHeight=580&odnWidth=580&odnBg=FFFFFF;Perro > Snack y Premios;https://super.lider.cl/browse/mascotas/gato/snack-y-premios/07089592_85723699_83034796;;1;2026-03-17T01:52:46
00400823939314;Snack Gato Catstick Salmón, g;;2290;127222;True;https://super.lider.cl/ip/gato/00400823939314;https://i5.walmartimages.cl/asr/b11cf357-2206-4d07-a15f-e362171589f9.2be7acae714f17029fbedabb349c2cd0.jpeg?odnHeight=580&odnWidth=580&odnBg=FFFFFF;Perro > Snack y Premios;https://super.lider.cl/browse/mascotas/gato/snack-y-premios/07089592_85723699_83034796;;1;2026-03-17T01:52:46
00076506676529;Galleta Rellena Gato Sabor Atún con Pollo, g;;1790;22375;True;https://super.lider.cl/ip/gato/00076506676529;https://i5.walmartimages.cl/asr/f329eadd-8f3d-45bf-8dc5-29affd9b6ea1.f1f3c36244dc6bb36723a9948f2e0eb3.jpeg?null=&odnHeight=580&odnWidth=580&odnBg=FFFFFF;Perro > Snack y Premios;https://super.lider.cl/browse/mascotas/gato/snack-y-premios/07089592_85723699_83034796;;1;2026-03-17T01:52:46
00076506676857;Snack Gato Cremoso Sabor Atún Bolsa, g;;1790;29833;True;https://super.lider.cl/ip/gato/00076506676857;https://i5.walmartimages.cl/asr/fb2f81a8-73c3-4038-88ce-cf48ebb61cba.96c63584134554645d01da9f9d1ee94c.jpeg?odnHeight=580&odnWidth=580&odnBg=FFFFFF;Perro > Snack y Premios;https://super.lider.cl/browse/mascotas/gato/snack-y-premios/07089592_85723699_83034796;;1;2026-03-17T01:52:46
00076506676523;Galleta Gato con Catnip Sabor Atún con Hierba Gatera Caja, g;;1790;22375;True;https://super.lider.cl/ip/gato/00076506676523;https://i5.walmartimages.cl/asr/9de828df-f140-4e80-9659-f60694bf6bee.27402d3154f7eac1910168b62907901b.jpeg?null=&odnHeight=580&odnWidth=580&odnBg=FFFFFF;Perro > Snack y Premios;https://super.lider.cl/browse/mascotas/gato/snack-y-premios/07089592_85723699_83034796;;1;2026-03-17T01:52:46
00076506676856;Snack Gato Cremoso Sabor Camarón Bolsa, 60 g;;1790;29833;True;https://super.lider.cl/ip/gato/00076506676856;https://i5.walmartimages.cl/asr/c070e7b7-7597-468a-afb8-1ca437655ea8.3db7a596fa789f801bedf10b47bc1900.jpeg?odnHeight=580&odnWidth=580&odnBg=FFFFFF;Perro > Snack y Premios;https://super.lider.cl/browse/mascotas/gato/snack-y-premios/07089592_85723699_83034796;;1;2026-03-17T01:52:46
00076506676527;Galleta Rellena Gato Sabor Atún con Queso, 80 g;;1790;22375;True;https://super.lider.cl/ip/gato/00076506676527;https://i5.walmartimages.cl/asr/34639191-550e-4844-a9ec-588be6b47c14.9da46350b310ddaedb7dd04376ae3b14.jpeg?null=&odnHeight=580&odnWidth=580&odnBg=FFFFFF;Perro > Snack y Premios;https://super.lider.cl/browse/mascotas/gato/snack-y-premios/07089592_85723699_83034796;;1;2026-03-17T01:52:46
00780445700249;Snack Gato Líquido Salmón Atún Bolsa, g g;;1990;3316;True;https://super.lider.cl/ip/gato/00780445700249;https://i5.walmartimages.cl/asr/1ecc5ab6-7fe2-4e6b-b41d-4fa7b8c26725.be5815ff12a1f08bb60c3d4d254bc52c.jpeg?null=&odnHeight=580&odnWidth=580&odnBg=FFFFFF;Perro > Snack y Premios;https://super.lider.cl/browse/mascotas/gato/snack-y-premios/07089592_85723699_83034796;;1;2026-03-17T01:52:46
00780445700248;Snack Gato Líquido Sabor Atún Bolsa, g g;;1990;3316;True;https://super.lider.cl/ip/gato/00780445700248;https://i5.walmartimages.cl/asr/bfc21913-648e-4dd7-bf32-16ff685fa250.ce25883f61c5654a7816c5953c728194.jpeg?null=&odnHeight=580&odnWidth=580&odnBg=FFFFFF;Perro > Snack y Premios;https://super.lider.cl/browse/mascotas/gato/snack-y-premios/07089592_85723699_83034796;;1;2026-03-17T01:52:46
00074674766598;Alimento Húmedo para Gato Tiritas Suaves de Salmón, 65 g;;1990;1990;False;https://super.lider.cl/ip/gato/00074674766598;https://i5.walmartimages.cl/asr/18fb1d47-d2a1-430d-94de-cda7dc43188e.e47c6ad43274e58b6496137f11265a43.jpeg?odnHeight=580&odnWidth=580&odnBg=FFFFFF;Perro > Snack y Premios;https://super.lider.cl/browse/mascotas/gato/snack-y-premios/07089592_85723699_83034796;;1;2026-03-17T01:52:46
00074674766597;Alimento Húmedo para Gato Tiritas Suaves de Vacuno, 65 g;;1990;1990;False;https://super.lider.cl/ip/gato/00074674766597;https://i5.walmartimages.cl/asr/8db16f9c-e3a2-4b84-8f83-955eea4b3099.52d3c34dfbf89c9afafdac1ec36baf5b.jpeg?odnHeight=580&odnWidth=580&odnBg=FFFFFF;Perro > Snack y Premios;https://super.lider.cl/browse/mascotas/gato/snack-y-premios/07089592_85723699_83034796;;1;2026-03-17T01:52:46
00885139300421;Snacks Húmedo Gato Sabor Maguro Y Vieras, 48 g;;990;41667;True;https://super.lider.cl/ip/gato/00885139300421;https://i5.walmartimages.cl/asr/0dc504ca-45fb-43c9-9555-3f0f259b355f.31a4c6d944688e7a19f141083c7eac9b.jpeg?null=&odnHeight=580&odnWidth=580&odnBg=FFFFFF;Perro > Snack y Premios;https://super.lider.cl/browse/mascotas/gato/snack-y-premios/07089592_85723699_83034796;;1;2026-03-17T01:52:46
00885139300418;Snacks Humedo Gato sabor Salmon y Queso, 48 g;;990;41667;True;https://super.lider.cl/ip/gato/00885139300418;https://i5.walmartimages.cl/asr/12f16789-db8b-4257-8b3e-6006ca765e25.d9f1e6a851caa0258a7ceded72b25dc7.jpeg?null=&odnHeight=580&odnWidth=580&odnBg=FFFFFF;Perro > Snack y Premios;https://super.lider.cl/browse/mascotas/gato/snack-y-premios/07089592_85723699_83034796;;1;2026-03-17T01:52:46
00074674766596;Alimento Húmedo para Gato Tiritas Suaves de Pato, 65 g;;1990;1990;False;https://super.lider.cl/ip/gato/00074674766596;https://i5.walmartimages.cl/asr/501ac99c-1443-4bac-8344-d757a124b077.c665e85b204cf550f71d82c64a185147.jpeg?odnHeight=580&odnWidth=580&odnBg=FFFFFF;Perro > Snack y Premios;https://super.lider.cl/browse/mascotas/gato/snack-y-premios/07089592_85723699_83034796;;1;2026-03-17T01:52:46
00780465625207;Puré Cremoso Gato Adulto Sabor Atún y Salmón Sachet, 70 g;;430;2150;True;https://super.lider.cl/ip/gato/00780465625207;https://i5.walmartimages.cl/asr/8c154af8-7277-4c60-9593-36cf9daac6ec.fb6303730eb59ed4304a316b4731438f.jpeg?null=&odnHeight=580&odnWidth=580&odnBg=FFFFFF;Perro > Snack y Premios;https://super.lider.cl/browse/mascotas/gato/snack-y-premios/07089592_85723699_83034796;;1;2026-03-17T01:52:46
00885139300415;Snacks Húmedo Gato Sabor Pollo Y Atun, 48 g;;990;41667;True;https://super.lider.cl/ip/gato/00885139300415;https://i5.walmartimages.cl/asr/cd5cdf1c-82c6-4af6-baef-9d8c20f44de8.0226fbbdb221c10987b4a193e67b8d38.jpeg?null=&odnHeight=580&odnWidth=580&odnBg=FFFFFF;Perro > Snack y Premios;https://super.lider.cl/browse/mascotas/gato/snack-y-premios/07089592_85723699_83034796;;1;2026-03-17T01:52:46
00780465625208;Puré Cremoso Gato Adulto Sabor Atún Sachet, 70 g;;430;2150;True;https://super.lider.cl/ip/gato/00780465625208;https://i5.walmartimages.cl/asr/546ff01f-dc79-4828-bd29-22786a7cefbf.b25805b1c319372926542c38529c25e5.jpeg?null=&odnHeight=580&odnWidth=580&odnBg=FFFFFF;Perro > Snack y Premios;https://super.lider.cl/browse/mascotas/gato/snack-y-premios/07089592_85723699_83034796;;1;2026-03-17T01:52:46
00074674766581;Cream Snack Mix Gato 30 un, 420 g;;10990;10990;False;https://super.lider.cl/ip/gato/00074674766581;https://i5.walmartimages.cl/asr/03dd0fb5-925b-4c6c-97b3-789fc006c30d.39043540ee48eecef7227c4d3f397b6e.jpeg?odnHeight=580&odnWidth=580&odnBg=FFFFFF;Perro > Snack y Premios;https://super.lider.cl/browse/mascotas/gato/snack-y-premios/07089592_85723699_83034796;;1;2026-03-17T01:52:46
00072016779978;Snack Gatos Cubitos de Salmón, 50 g;;2890;5780;True;https://super.lider.cl/ip/gato/00072016779978;https://i5.walmartimages.cl/asr/6af81e0e-3f98-480b-a5b2-e2ad68273805.49182f6c54b0d0312e15bd5ed91b4486.jpeg?odnHeight=580&odnWidth=580&odnBg=FFFFFF;Perro > Snack y Premios;https://super.lider.cl/browse/mascotas/gato/snack-y-premios/07089592_85723699_83034796;;1;2026-03-17T01:52:46
00072016779975;Sazonador Cerdo Gatos, 70 g;;4390;6271;True;https://super.lider.cl/ip/gato/00072016779975;https://i5.walmartimages.cl/asr/4e8f31a1-2017-4dbc-a5d9-c1aa069c6046.5bb39369c33070442d6678ae1ad9a74b.jpeg?odnHeight=580&odnWidth=580&odnBg=FFFFFF;Perro > Snack y Premios;https://super.lider.cl/browse/mascotas/gato/snack-y-premios/07089592_85723699_83034796;;1;2026-03-17T01:52:46
00072016779983;Snack Gatos Choritos, 50 g;;2890;5780;True;https://super.lider.cl/ip/gato/00072016779983;https://i5.walmartimages.cl/asr/54a47f11-64d6-49d7-816f-247895eb4321.c9d3195d9fa3d2a97fe731c7aca4622e.jpeg?odnHeight=580&odnWidth=580&odnBg=FFFFFF;Perro > Snack y Premios;https://super.lider.cl/browse/mascotas/gato/snack-y-premios/07089592_85723699_83034796;;1;2026-03-17T01:52:46
00780465625209;Puré Cremoso Gato Adulto Sabor Salmón Sachet, 70 g;;430;2150;True;https://super.lider.cl/ip/gato/00780465625209;https://i5.walmartimages.cl/asr/6f941904-9a5f-4384-b922-9e4d574818e5.dfd6f210d87368486f7d350797805e21.jpeg?null=&odnHeight=580&odnWidth=580&odnBg=FFFFFF;Perro > Snack y Premios;https://super.lider.cl/browse/mascotas/gato/snack-y-premios/07089592_85723699_83034796?page=2;;2;2026-03-17T01:53:09
00780464753084;Alimento para Conejos Bolsa, 1 Kg;;2390;2390;False;https://super.lider.cl/ip/otras-mascotas/00780464753084;https://i5.walmartimages.cl/asr/c8b79a2c-d5fc-4887-8ea8-220d6e7dacb2.9bb1ec51561e9f2f0d5dd9d1a07774e1.jpeg?null=&odnHeight=580&odnWidth=580&odnBg=FFFFFF;Perro > Alimento Conejo;https://super.lider.cl/browse/mascotas/otras-mascotas/alimento-conejo/07089592_42714284_49619948;;1;2026-03-17T01:53:34
00780464753078;Alimento Alpiste Bolsa, 1 Kg;;3390;3390;False;https://super.lider.cl/ip/otras-mascotas/00780464753078;https://i5.walmartimages.cl/asr/59c04758-702f-4e75-8cdf-288f4b0c8e1c.788e9545d67e9a1ec00fcd8cb425c178.jpeg?null=&odnHeight=580&odnWidth=580&odnBg=FFFFFF;Perro > Alimento Pajaro;https://super.lider.cl/browse/mascotas/otras-mascotas/alimento-pajaro/07089592_42714284_59337773;;1;2026-03-17T01:53:59
00780464753080;Alimento para Catitas Bolsa, 1 Kg;;3990;3990;False;https://super.lider.cl/ip/otras-mascotas/00780464753080;https://i5.walmartimages.cl/asr/0bc8380c-2a1d-4f8c-9261-cac6f74fc4a9.f4839a8c977bb6f0aca2d9ea2b8739c0.jpeg?null=&odnHeight=580&odnWidth=580&odnBg=FFFFFF;Perro > Alimento Pajaro;https://super.lider.cl/browse/mascotas/otras-mascotas/alimento-pajaro/07089592_42714284_59337773;;1;2026-03-17T01:53:59
00780464753087;Alimento para Hámsters y Jerbos Bolsa, 1 Kg;;3990;3990;False;https://super.lider.cl/ip/otras-mascotas/00780464753087;https://i5.walmartimages.cl/asr/24869568-f82e-43d0-bd35-c73c589656eb.143e572fdcb4a8d16aac41d146ac8ca0.jpeg?null=&odnHeight=580&odnWidth=580&odnBg=FFFFFF;Perro > Alimento Roedor;https://super.lider.cl/browse/mascotas/otras-mascotas/alimento-roedor/07089592_42714284_53427902;;1;2026-03-17T01:54:25
00780410056202;Alimento para Hámsters y Jerbos Bolsa, 500 gr;;2090;4180;True;https://super.lider.cl/ip/otras-mascotas/00780410056202;https://i5.walmartimages.cl/asr/97fa3cdd-d005-41e0-bf78-22ef748edcfe.a801f1f36acf5e59bb0f9fca72817bc8.jpeg?null=&odnHeight=580&odnWidth=580&odnBg=FFFFFF;Perro > Alimento Roedor;https://super.lider.cl/browse/mascotas/otras-mascotas/alimento-roedor/07089592_42714284_53427902;;1;2026-03-17T01:54:25
00063424000439;Arena Sanitaria para Gato Aglutinante con Aroma a Lavanda Bolsa, 9 Kg;;1210;10890;True;https://super.lider.cl/ip/higiene-y-bienestar/00063424000439;https://i5.walmartimages.cl/asr/f7e6e282-3cc7-41ee-8dfa-9611dc039ebf.e5ee87da2e6b84d6a60ff69ac087c818.jpeg?null=&odnHeight=580&odnWidth=580&odnBg=FFFFFF;Perro > Arena para Gato;https://super.lider.cl/browse/mascotas/higiene-y-bienestar/arena-para-gato/07089592_02342029_67185424;;1;2026-03-17T01:54:52
00780460346503;Arena Sanitaria para Gato Aglutinante con Aroma a Lavanda Bolsa, 2 Kg;;300;3290;True;https://super.lider.cl/ip/higiene-y-bienestar/00780460346503;https://i5.walmartimages.cl/asr/d4a6d150-91bb-463d-9b1e-1640870aca39.fa9e3eeb4186f98296a4676125e5005b.jpeg?null=&odnHeight=580&odnWidth=580&odnBg=FFFFFF;Perro > Arena para Gato;https://super.lider.cl/browse/mascotas/higiene-y-bienestar/arena-para-gato/07089592_02342029_67185424;;1;2026-03-17T01:54:52
00780460346530;Arena Aglutinante Aroma Lavanda, 20 kg;;999;19990;True;https://super.lider.cl/ip/higiene-y-bienestar/00780460346530;https://i5.walmartimages.cl/asr/e2dc7cf0-23ec-4d15-91ed-840a45325906.2c03f1ee886e78a17d0bcbbc82ced794.jpeg?null=&odnHeight=580&odnWidth=580&odnBg=FFFFFF;Perro > Arena para Gato;https://super.lider.cl/browse/mascotas/higiene-y-bienestar/arena-para-gato/07089592_02342029_67185424;;1;2026-03-17T01:54:52
00780550500942;Arena Sanitaria para Gato Aglutinante Bolsa, 9 Kg;;1272;13490;True;https://super.lider.cl/ip/higiene-y-bienestar/00780550500942;https://i5.walmartimages.cl/asr/9b4410a3-036e-4d21-946c-c5da6d9b23fd.5b99b2760cd108d6e4ef0b4f7cf52175.jpeg?null=&odnHeight=580&odnWidth=580&odnBg=FFFFFF;Perro > Arena para Gato;https://super.lider.cl/browse/mascotas/higiene-y-bienestar/arena-para-gato/07089592_02342029_67185424;;1;2026-03-17T01:54:52
00074674766576;Arena Sanitaria Para Gato Café Bolsa, 9 kg;;1210;10890;True;https://super.lider.cl/ip/higiene-y-bienestar/00074674766576;https://i5.walmartimages.cl/asr/734958c6-e268-41e7-b1a9-0c60bec069ae.a1d44233609650856686d00183882132.jpeg?odnHeight=580&odnWidth=580&odnBg=FFFFFF;Perro > Arena para Gato;https://super.lider.cl/browse/mascotas/higiene-y-bienestar/arena-para-gato/07089592_02342029_67185424;;1;2026-03-17T01:54:52
00063424000420;Arena Sanitaria para Gato Aglutinante con Aroma a Lavanda Bolsa, 4 Kg;;5990;5990;False;https://super.lider.cl/ip/higiene-y-bienestar/00063424000420;https://i5.walmartimages.cl/asr/54cd8695-7a2a-4975-84ad-3a2aa8d186c6.45be57c49060a4ce34d75ab0a7fc068a.jpeg?null=&odnHeight=580&odnWidth=580&odnBg=FFFFFF;Perro > Arena para Gato;https://super.lider.cl/browse/mascotas/higiene-y-bienestar/arena-para-gato/07089592_02342029_67185424;;1;2026-03-17T01:54:52
00780460346528;Arena Aglutinante Aroma Café, 20 kg;;1000;19990;True;https://super.lider.cl/ip/higiene-y-bienestar/00780460346528;https://i5.walmartimages.cl/asr/0017b34a-e198-40a7-bf25-419cb98c2794.449dc87650fe9dfc1b1797a8781569ec.jpeg?null=&odnHeight=580&odnWidth=580&odnBg=FFFFFF;Perro > Arena para Gato;https://super.lider.cl/browse/mascotas/higiene-y-bienestar/arena-para-gato/07089592_02342029_67185424;;1;2026-03-17T01:54:52
00780460346516;Arena Sanitaria para Gato Aglutinante con Aroma a Lavanda Bolsa, 10 kg;;1289;14490;True;https://super.lider.cl/ip/higiene-y-bienestar/00780460346516;https://i5.walmartimages.cl/asr/61f2eb84-b973-4de8-a4fb-c0938c17a9b6.34d58547cf0cbb7b4b2e9a5298b9b1fd.jpeg?null=&odnHeight=580&odnWidth=580&odnBg=FFFFFF;Perro > Arena para Gato;https://super.lider.cl/browse/mascotas/higiene-y-bienestar/arena-para-gato/07089592_02342029_67185424;;1;2026-03-17T01:54:52
00780460346525;Arena Sanitaria para Gato Aglutinante con Aroma a Café Bolsa, 10 kg;;1289;14490;True;https://super.lider.cl/ip/higiene-y-bienestar/00780460346525;https://i5.walmartimages.cl/asr/58a8b2d7-972b-4592-82ba-6e7298f7c72f.b766a35e08eb9b517986fddf80d13bea.jpeg?null=&odnHeight=580&odnWidth=580&odnBg=FFFFFF;Perro > Arena para Gato;https://super.lider.cl/browse/mascotas/higiene-y-bienestar/arena-para-gato/07089592_02342029_67185424;;1;2026-03-17T01:54:52
00780460346511;Arena Sanitaria para Gato Aglutinante con Aroma a Café Bolsa, 2 Kg;;300;3290;True;https://super.lider.cl/ip/higiene-y-bienestar/00780460346511;https://i5.walmartimages.cl/asr/2a2837d7-2124-4fb0-8f70-3789cc79f7fe.4cb709be3eca156bb9685416c89d3e18.jpeg?null=&odnHeight=580&odnWidth=580&odnBg=FFFFFF;Perro > Arena para Gato;https://super.lider.cl/browse/mascotas/higiene-y-bienestar/arena-para-gato/07089592_02342029_67185424;;1;2026-03-17T01:54:52
00780460346514;Arena Sanitaria para Gato Aglutinante Bolsa, 10 kg;;1289;14490;True;https://super.lider.cl/ip/higiene-y-bienestar/00780460346514;https://i5.walmartimages.cl/asr/b6228a90-cd47-4ae4-9f4b-2009db66e541.4af5e2e6601d129b217c49c3d7ea67dc.jpeg?null=&odnHeight=580&odnWidth=580&odnBg=FFFFFF;Perro > Arena para Gato;https://super.lider.cl/browse/mascotas/higiene-y-bienestar/arena-para-gato/07089592_02342029_67185424;;1;2026-03-17T01:54:52
00780464753165;Arena Sanitaria para Gato Bolsa, 4 Kg;;1297;5190;True;https://super.lider.cl/ip/higiene-y-bienestar/00780464753165;https://i5.walmartimages.cl/asr/e58a7f7e-0957-4202-9c25-15b113ef2240.b6050c6b9f27423c492f337ea0db313f.jpeg?null=&odnHeight=580&odnWidth=580&odnBg=FFFFFF;Perro > Arena para Gato;https://super.lider.cl/browse/mascotas/higiene-y-bienestar/arena-para-gato/07089592_02342029_67185424;;1;2026-03-17T01:54:52
00780460346502;Arena Aglutinante Aroma Natural, 4 kg;;1497;5990;True;https://super.lider.cl/ip/higiene-y-bienestar/00780460346502;https://i5.walmartimages.cl/asr/69d3058d-7b84-47c7-bd10-36481b4cec5c.1e4b6d918fdefd385e1a0f94b2e47b3e.jpeg?null=&odnHeight=580&odnWidth=580&odnBg=FFFFFF;Perro > Arena para Gato;https://super.lider.cl/browse/mascotas/higiene-y-bienestar/arena-para-gato/07089592_02342029_67185424;;1;2026-03-17T01:54:52
00074674766587;Arena Sanitaria Aglutinante Café, 2 kg;;2990;2990;False;https://super.lider.cl/ip/higiene-y-bienestar/00074674766587;https://i5.walmartimages.cl/asr/99e7b311-b955-4095-afc6-8ef644ae0476.88c3cac06c13975d2d1bf9693bb0d100.jpeg?null=&odnHeight=580&odnWidth=580&odnBg=FFFFFF;Perro > Arena para Gato;https://super.lider.cl/browse/mascotas/higiene-y-bienestar/arena-para-gato/07089592_02342029_67185424;;1;2026-03-17T01:54:52
00074674766575;Arena Sanitaria para Gato Aglutinante con Aroma a Café Bolsa, 4 kg;;1498;5990;True;https://super.lider.cl/ip/higiene-y-bienestar/00074674766575;https://i5.walmartimages.cl/asr/d5356b2f-39c7-45ae-b3bf-5a24e4e1ea08.d2c6c5ccb5392b0fa3fe36ff48b511b3.jpeg?null=&odnHeight=580&odnWidth=580&odnBg=FFFFFF;Perro > Arena para Gato;https://super.lider.cl/browse/mascotas/higiene-y-bienestar/arena-para-gato/07089592_02342029_67185424;;1;2026-03-17T01:54:52
00780550501169;Arena Sanitaria para Gato Aglutinante con Aroma a Lavanda Bolsa, 4 kg;;1200;7690;True;https://super.lider.cl/ip/higiene-y-bienestar/00780550501169;https://i5.walmartimages.cl/asr/097c28db-c411-4f7a-9f93-af2d0dd1ed17.5d8dfeba7f58a124a2b430dfe99ef220.jpeg?null=&odnHeight=580&odnWidth=580&odnBg=FFFFFF;Perro > Arena para Gato;https://super.lider.cl/browse/mascotas/higiene-y-bienestar/arena-para-gato/07089592_02342029_67185424;;1;2026-03-17T01:54:52
00780550500941;Arena Sanitaria para Gato Aglutinante, 4 Kg;;1200;7690;True;https://super.lider.cl/ip/higiene-y-bienestar/00780550500941;https://i5.walmartimages.cl/asr/fa045fff-f44c-404f-a25a-40b4d6ae8c83.1b706706373813a5a36fbc4a948d9f9a.jpeg?null=&odnHeight=580&odnWidth=580&odnBg=FFFFFF;Perro > Arena para Gato;https://super.lider.cl/browse/mascotas/higiene-y-bienestar/arena-para-gato/07089592_02342029_67185424;;1;2026-03-17T01:54:52
00063384310608;Arena Sanitaria para Gato Litter Pearls Micro Crystals Bolsa, 3,18 Kg;;4682;14890;True;https://super.lider.cl/ip/higiene-y-bienestar/00063384310608;https://i5.walmartimages.cl/asr/2fb65590-d018-4f6d-9c5e-0b6ad478bdd5.a864f939d4d520f7f31b6465db209429.jpeg?null=&odnHeight=580&odnWidth=580&odnBg=FFFFFF;Perro > Arena para Gato;https://super.lider.cl/browse/mascotas/higiene-y-bienestar/arena-para-gato/07089592_02342029_67185424;;1;2026-03-17T01:54:52
00065952511107;Cristales Sanitarios para Gato Silica Gel Bolsa, 2 Kg;;9790;9790;False;https://super.lider.cl/ip/higiene-y-bienestar/00065952511107;https://i5.walmartimages.cl/asr/6f1e5eea-21b9-42e4-aab9-53cdfa23a839.12f069eeea0385870cec234764f0e005.jpeg?null=&odnHeight=580&odnWidth=580&odnBg=FFFFFF;Perro > Arena para Gato;https://super.lider.cl/browse/mascotas/higiene-y-bienestar/arena-para-gato/07089592_02342029_67185424;;1;2026-03-17T01:54:52
00074674766577;Arena Sanitaria Para Gato Natural, 4 kg;;5990;5990;False;https://super.lider.cl/ip/higiene-y-bienestar/00074674766577;https://i5.walmartimages.cl/asr/b5203771-d1c7-4eae-b32a-df7faa3bef8f.c3161f5af3951ee34e0d47a688c77ce2.jpeg?null=&odnHeight=580&odnWidth=580&odnBg=FFFFFF;Perro > Arena para Gato;https://super.lider.cl/browse/mascotas/higiene-y-bienestar/arena-para-gato/07089592_02342029_67185424;;1;2026-03-17T01:54:52
00780257553273;Arena Sanitaria para Gato No Aglutinante Bolsa, 4 Kg;;2373;9490;True;https://super.lider.cl/ip/higiene-y-bienestar/00780257553273;https://i5.walmartimages.cl/asr/862f97c7-0ef5-48e9-b26a-d368d971bccb.e3dda78e38ac4a8c1bac82843bf87a14.jpeg?null=&odnHeight=580&odnWidth=580&odnBg=FFFFFF;Perro > Arena para Gato;https://super.lider.cl/browse/mascotas/higiene-y-bienestar/arena-para-gato/07089592_02342029_67185424;;1;2026-03-17T01:54:52
00780550501196;Arena Sanitaria Eco De Maiz Para Gatos 5 Litros Traper, 5 L;;2698;13490;True;https://super.lider.cl/ip/higiene-y-bienestar/00780550501196;https://i5.walmartimages.cl/asr/9f5a2367-9086-4540-8010-e3639723cfb8.528a9377f129d67af7a357c4a3645dd2.jpeg?odnHeight=580&odnWidth=580&odnBg=FFFFFF;Perro > Arena para Gato;https://super.lider.cl/browse/mascotas/higiene-y-bienestar/arena-para-gato/07089592_02342029_67185424;;1;2026-03-17T01:54:52
00104183841350;Bolsa Para Desecho de Mascota, 1 Un;;990;990;False;https://super.lider.cl/ip/higiene-y-bienestar/00104183841350;https://i5.walmartimages.cl/asr/43ae07a5-be6b-44d2-8d25-13bf2abc2518.419aa6d4909e22134bf6c8e8666f2aa0.jpeg?null=&odnHeight=580&odnWidth=580&odnBg=FFFFFF;Perro > Bolsas y Accesorios Sanitarios;https://super.lider.cl/browse/mascotas/higiene-y-bienestar/bolsas-y-accesorios-sanitarios/07089592_02342029_52790901;;1;2026-03-17T01:55:20
00074674766589;Rollo Bolsas Sanitarias, 1 Un;;550;550;False;https://super.lider.cl/ip/higiene-y-bienestar/00074674766589;https://i5.walmartimages.cl/asr/25ac6119-d7e4-4ef7-9185-bc9d04c4be3a.f9222fdbdf0c34d123cf372dab54706b.jpeg?null=&odnHeight=580&odnWidth=580&odnBg=FFFFFF;Perro > Bolsas y Accesorios Sanitarios;https://super.lider.cl/browse/mascotas/higiene-y-bienestar/bolsas-y-accesorios-sanitarios/07089592_02342029_52790901;;1;2026-03-17T01:55:20
00065952511101;Pads de Entrenamiento para Perro M 60x60 cm, 30 Un;;8990;8990;False;https://super.lider.cl/ip/higiene-y-bienestar/00065952511101;https://i5.walmartimages.cl/asr/931f027e-7455-4876-b3f7-0027e37470d6.64916341be1b242b08f245a1fa1efc0d.jpeg?null=&odnHeight=580&odnWidth=580&odnBg=FFFFFF;Perro > Bolsas y Accesorios Sanitarios;https://super.lider.cl/browse/mascotas/higiene-y-bienestar/bolsas-y-accesorios-sanitarios/07089592_02342029_52790901;;1;2026-03-17T01:55:20
00780000600510;Antiparasitario para Perro Pipeta Externa Raza Mediana, 1 Un;;4590;4590;False;https://super.lider.cl/ip/higiene-y-bienestar/00780000600510;https://i5.walmartimages.cl/asr/f4e2e993-4a06-4dc4-b65c-0d89970ccfa1.017ae9434f35cdf4e43041ee3c04d6a1.jpeg?null=&odnHeight=580&odnWidth=580&odnBg=FFFFFF;Perro > Bolsas y Accesorios Sanitarios;https://super.lider.cl/browse/mascotas/higiene-y-bienestar/bolsas-y-accesorios-sanitarios/07089592_02342029_52790901;;1;2026-03-17T01:55:20
00074674766588;Pads de Entrenamiento para Perro XL 90x60 cm, 30 Un;;11990;11990;False;https://super.lider.cl/ip/higiene-y-bienestar/00074674766588;https://i5.walmartimages.cl/asr/7c941fe2-9bd9-43ec-82c6-3bbb6c1d16e2.caaa37c14c73a05e653d68e5678b062e.jpeg?null=&odnHeight=580&odnWidth=580&odnBg=FFFFFF;Perro > Bolsas y Accesorios Sanitarios;https://super.lider.cl/browse/mascotas/higiene-y-bienestar/bolsas-y-accesorios-sanitarios/07089592_02342029_52790901;;1;2026-03-17T01:55:20
00065952511106;Pads de Entrenamiento para Perro con Carbon Activo XL 90x60 cm, 30 Un;;13890;13890;False;https://super.lider.cl/ip/higiene-y-bienestar/00065952511106;https://i5.walmartimages.cl/asr/3e9f8ff0-d2e2-4ffc-9c76-b579ffbffd00.86086a428cd66a1658a2c5747d1536de.jpeg?null=&odnHeight=580&odnWidth=580&odnBg=FFFFFF;Perro > Bolsas y Accesorios Sanitarios;https://super.lider.cl/browse/mascotas/higiene-y-bienestar/bolsas-y-accesorios-sanitarios/07089592_02342029_52790901;;1;2026-03-17T01:55:20
00780799157324;Pads de Entrenamiento para Perro M 60x60 cm, 10 Un;;3990;3990;False;https://super.lider.cl/ip/higiene-y-bienestar/00780799157324;https://i5.walmartimages.cl/asr/cf302255-389a-41a9-bb53-8b37ea37cca9.1a3e6313c29d31da1c570355b1e0a54e.jpeg?null=&odnHeight=580&odnWidth=580&odnBg=FFFFFF;Perro > Bolsas y Accesorios Sanitarios;https://super.lider.cl/browse/mascotas/higiene-y-bienestar/bolsas-y-accesorios-sanitarios/07089592_02342029_52790901;;1;2026-03-17T01:55:20
00780799157406;Pala para Arena Sanitaria de Gato, 1 Un;;1490;1490;False;https://super.lider.cl/ip/higiene-y-bienestar/00780799157406;https://i5.walmartimages.cl/asr/9b370fd2-283a-4369-b749-1c2bf057de54.f21da9505a2a71240bb12fda78e93c03.jpeg?odnHeight=580&odnWidth=580&odnBg=FFFFFF;Perro > Bolsas y Accesorios Sanitarios;https://super.lider.cl/browse/mascotas/higiene-y-bienestar/bolsas-y-accesorios-sanitarios/07089592_02342029_52790901;;1;2026-03-17T01:55:20
00780681002489;Trapero Húmedo Pets X 12 Limón, 1 Un;;1000;3490;True;https://super.lider.cl/ip/higiene-y-bienestar/00780681002489;https://i5.walmartimages.cl/asr/82d06971-7854-4033-aa9f-eb7372603faf.486b5ffe76c91220ce535a3ae65a616b.jpeg?odnHeight=580&odnWidth=580&odnBg=FFFFFF;Perro > Bolsas y Accesorios Sanitarios;https://super.lider.cl/browse/mascotas/higiene-y-bienestar/bolsas-y-accesorios-sanitarios/07089592_02342029_52790901;;1;2026-03-17T01:55:20
00780681002649;Rodillo Quitapelusas Pets, 1 Un;;1490;1490;False;https://super.lider.cl/ip/higiene-y-bienestar/00780681002649;https://i5.walmartimages.cl/asr/339300cc-f62d-4847-a760-f58ac70bcf16.fc5911443916c52d26e95f6353892a30.jpeg?odnHeight=580&odnWidth=580&odnBg=FFFFFF;Perro > Bolsas y Accesorios Sanitarios;https://super.lider.cl/browse/mascotas/higiene-y-bienestar/bolsas-y-accesorios-sanitarios/07089592_02342029_52790901;;1;2026-03-17T01:55:20
00078918552285;Pack 4 Bolsas Sanitarias Ecológicas, 1 Un;;2850;2850;False;https://super.lider.cl/ip/higiene-y-bienestar/00078918552285;https://i5.walmartimages.cl/asr/cde108ed-4972-4c7f-b1cb-f1547f1b2cb4.502fe0c3adc116aea1fb6fe3951bdc3d.jpeg?null=&odnHeight=580&odnWidth=580&odnBg=FFFFFF;Perro > Bolsas y Accesorios Sanitarios;https://super.lider.cl/browse/mascotas/higiene-y-bienestar/bolsas-y-accesorios-sanitarios/07089592_02342029_52790901;;1;2026-03-17T01:55:20
00780000600898;Antiparasitario para Perro y Gato Spray Externo, 50 ml;;10390;20780;True;https://super.lider.cl/ip/higiene-y-bienestar/00780000600898;https://i5.walmartimages.cl/asr/ee68b168-2a3a-453a-9e1d-1d006ded874f.b59d0aa0efdb797b40844460edcfa5bd.jpeg?null=&odnHeight=580&odnWidth=580&odnBg=FFFFFF;Perro > Bolsas y Accesorios Sanitarios;https://super.lider.cl/browse/mascotas/higiene-y-bienestar/bolsas-y-accesorios-sanitarios/07089592_02342029_52790901;;1;2026-03-17T01:55:20
00779052002700;Limpiador Desinfectante de Piso para Ambiente con Mascotas Lavanda Botella, 800 ml;;3390;4237;True;https://super.lider.cl/ip/pisos-y-muebles/00779052002700;https://i5.walmartimages.cl/asr/0fb67e55-0567-4fbe-9b86-be0d72a6c575.f856b20bbc93c91620af801b6e211ed3.jpeg?odnHeight=580&odnWidth=580&odnBg=FFFFFF;Perro > Bolsas y Accesorios Sanitarios;https://super.lider.cl/browse/mascotas/higiene-y-bienestar/bolsas-y-accesorios-sanitarios/07089592_02342029_52790901;;1;2026-03-17T01:55:20
00780465625051;Educador Sanitario para Perro, 230 ml;;4990;4990;False;https://super.lider.cl/ip/higiene-y-bienestar/00780465625051;https://i5.walmartimages.cl/asr/d80cacad-5e12-4369-b34c-734e8bd691b4.5257a7868f05a5c79345793f0584e670.jpeg?null=&odnHeight=580&odnWidth=580&odnBg=FFFFFF;Perro > Bolsas y Accesorios Sanitarios;https://super.lider.cl/browse/mascotas/higiene-y-bienestar/bolsas-y-accesorios-sanitarios/07089592_02342029_52790901;;1;2026-03-17T01:55:20
00780550501198;Pads de Entrenamiento para Perro con Carbon Activo XL 90x60 cm, 30 Un;;10492;14690;True;https://super.lider.cl/ip/higiene-y-bienestar/00780550501198;https://i5.walmartimages.cl/asr/55d7e6d7-d432-44e0-b83b-25d00d976b2f.4c8b9b5fdcb6d0ccbb01e34099ac5d93.jpeg?null=&odnHeight=580&odnWidth=580&odnBg=FFFFFF;Perro > Bolsas y Accesorios Sanitarios;https://super.lider.cl/browse/mascotas/higiene-y-bienestar/bolsas-y-accesorios-sanitarios/07089592_02342029_52790901;;1;2026-03-17T01:55:20
00780799157404;Bandeja Arena Sanitaria de Gato 43x32x14 cm, 1 Un;;7990;7990;False;https://super.lider.cl/ip/higiene-y-bienestar/00780799157404;https://i5.walmartimages.cl/asr/7d7b01f8-07ac-4b26-815f-c32d6f1e3c8f.11a225d123a649aaf0b6cded3682bd12.jpeg?odnHeight=580&odnWidth=580&odnBg=FFFFFF;Perro > Bolsas y Accesorios Sanitarios;https://super.lider.cl/browse/mascotas/higiene-y-bienestar/bolsas-y-accesorios-sanitarios/07089592_02342029_52790901;;1;2026-03-17T01:55:20
00780681002648;Esponja Dual Pets 1 unidad, 1 Un;;1990;1990;False;https://super.lider.cl/ip/higiene-y-bienestar/00780681002648;https://i5.walmartimages.cl/asr/f3dc6edf-b5fc-458a-a052-e64e100ca736.5e5f48bc2727833175466dacd69b2b07.jpeg?odnHeight=580&odnWidth=580&odnBg=FFFFFF;Perro > Bolsas y Accesorios Sanitarios;https://super.lider.cl/browse/mascotas/higiene-y-bienestar/bolsas-y-accesorios-sanitarios/07089592_02342029_52790901;;1;2026-03-17T01:55:20
00779052002701;Limpiador Desinfectante de Piso para Ambiente con Mascotas Lavanda Recarga, 420 ml;;2250;2812;True;https://super.lider.cl/ip/pisos-y-muebles/00779052002701;https://i5.walmartimages.cl/asr/ddfcbe73-e6cf-431f-a02f-e5d69393b913.9536069f9b52ccf618bbb8c1fa49ad06.jpeg?odnHeight=580&odnWidth=580&odnBg=FFFFFF;Perro > Bolsas y Accesorios Sanitarios;https://super.lider.cl/browse/mascotas/higiene-y-bienestar/bolsas-y-accesorios-sanitarios/07089592_02342029_52790901;;1;2026-03-17T01:55:20
00078918552250;Porta Bolsa + 2 Bolsas Ecológicas, 1 Un;;3990;3990;False;https://super.lider.cl/ip/higiene-y-bienestar/00078918552250;https://i5.walmartimages.cl/asr/18df629b-1d3f-4c48-8fa9-c1ce9389d60c.4b98d880790aa1deda1ef4595ee72853.jpeg?null=&odnHeight=580&odnWidth=580&odnBg=FFFFFF;Perro > Bolsas y Accesorios Sanitarios;https://super.lider.cl/browse/mascotas/higiene-y-bienestar/bolsas-y-accesorios-sanitarios/07089592_02342029_52790901;;1;2026-03-17T01:55:20
00780000600295;Talco Antiparasitario para Gato Lata, 100 g;;3790;37899;True;https://super.lider.cl/ip/higiene-y-bienestar/00780000600295;https://i5.walmartimages.cl/asr/8cffcb1b-93bf-4142-bde7-bc553f52f6f8.bf0b09b80eeccbb43090d290abc74b7f.jpeg?null=&odnHeight=580&odnWidth=580&odnBg=FFFFFF;Perro > Bolsas y Accesorios Sanitarios;https://super.lider.cl/browse/mascotas/higiene-y-bienestar/bolsas-y-accesorios-sanitarios/07089592_02342029_52790901;;1;2026-03-17T01:55:20
00400845561071;Limpiador para Manchas de Mascotas, 650 ml;;1840;10385;True;https://super.lider.cl/ip/pisos-y-muebles/00400845561071;https://i5.walmartimages.cl/asr/52e555a6-db50-4283-b1c9-eb98a2f0efb1.b4215c0295e103fc56726f2128366394.jpeg?null=&odnHeight=580&odnWidth=580&odnBg=FFFFFF;Perro > Bolsas y Accesorios Sanitarios;https://super.lider.cl/browse/mascotas/higiene-y-bienestar/bolsas-y-accesorios-sanitarios/07089592_02342029_52790901;;1;2026-03-17T01:55:20
00779052002699;Desinfectante de Ambientes y Superficies Aerosol Lavanda Lata, 495 ml;;5190;10485;True;https://super.lider.cl/ip/higiene-y-bienestar/00779052002699;https://i5.walmartimages.cl/asr/eb890971-a163-4c13-ade5-873e00ea9db7.6e77f5eddbd013183daf34e2ba51a3ef.jpeg?odnHeight=580&odnWidth=580&odnBg=FFFFFF;Perro > Bolsas y Accesorios Sanitarios;https://super.lider.cl/browse/mascotas/higiene-y-bienestar/bolsas-y-accesorios-sanitarios/07089592_02342029_52790901;;1;2026-03-17T01:55:20
00780681001129;Cepillo de Goma Multiuso 2 En 1, 1 Un;;9950;9950;False;https://super.lider.cl/ip/higiene-y-bienestar/00780681001129;https://i5.walmartimages.cl/asr/f7a78cc6-3371-469c-a8ad-8d3228c0e5e2.1f99cdb193760520b29a786321861e1f.jpeg?odnHeight=580&odnWidth=580&odnBg=FFFFFF;Perro > Bolsas y Accesorios Sanitarios;https://super.lider.cl/browse/mascotas/higiene-y-bienestar/bolsas-y-accesorios-sanitarios/07089592_02342029_52790901;;1;2026-03-17T01:55:20
00780000600644;Antiparasitario para Gato Pipeta Externa, 1 Un;;9690;9690;False;https://super.lider.cl/ip/higiene-y-bienestar/00780000600644;https://i5.walmartimages.cl/asr/172a3362-a447-439a-929f-35ae30c36090.c5bfc5d5d25b43956c706357eb6288de.jpeg?odnHeight=580&odnWidth=580&odnBg=FFFFFF;Perro > Bolsas y Accesorios Sanitarios;https://super.lider.cl/browse/mascotas/higiene-y-bienestar/bolsas-y-accesorios-sanitarios/07089592_02342029_52790901;;1;2026-03-17T01:55:20
00780465625050;Eliminador de Olores de Mascotas, 1 L;;4990;4990;False;https://super.lider.cl/ip/higiene-y-bienestar/00780465625050;https://i5.walmartimages.cl/asr/0c1f3cc7-adaf-46d5-a9fa-8e331c0733c3.cdffccba30c7edc29270dd2b540965c7.jpeg?null=&odnHeight=580&odnWidth=580&odnBg=FFFFFF;Perro > Baño y Limpieza;https://super.lider.cl/browse/mascotas/higiene-y-bienestar/bao-y-limpieza/07089592_02342029_81556437;;1;2026-03-17T01:55:47
00780460346603;Destructor de olores gato perro, 350 ml;;740;12143;True;https://super.lider.cl/ip/higiene-y-bienestar/00780460346603;https://i5.walmartimages.cl/asr/961d4b30-729b-4033-9322-82bea841e669.19cd08a4e1d987b5e785361dfd96faa9.jpeg?odnHeight=580&odnWidth=580&odnBg=FFFFFF;Perro > Baño y Limpieza;https://super.lider.cl/browse/mascotas/higiene-y-bienestar/bao-y-limpieza/07089592_02342029_81556437;;1;2026-03-17T01:55:47
00780465625049;Repelente para Perro y Gato, 1 L;;4990;4990;False;https://super.lider.cl/ip/higiene-y-bienestar/00780465625049;https://i5.walmartimages.cl/asr/ae57fbfa-2fcc-4878-94c3-ade27a483557.6ba5cb24875452cdb21c29690825175c.jpeg?null=&odnHeight=580&odnWidth=580&odnBg=FFFFFF;Perro > Baño y Limpieza;https://super.lider.cl/browse/mascotas/higiene-y-bienestar/bao-y-limpieza/07089592_02342029_81556437;;1;2026-03-17T01:55:47
00780465625052;Eliminador de Olores Orina de Gato, 230 ml;;3990;3990;False;https://super.lider.cl/ip/higiene-y-bienestar/00780465625052;https://i5.walmartimages.cl/asr/abb64a43-15d7-4b60-9095-cf8b313eabd7.e7f1f32fb30d0648058f4e1f9764fbde.jpeg?null=&odnHeight=580&odnWidth=580&odnBg=FFFFFF;Perro > Baño y Limpieza;https://super.lider.cl/browse/mascotas/higiene-y-bienestar/bao-y-limpieza/07089592_02342029_81556437;;1;2026-03-17T01:55:47
00780000600447;Shampoo para Perro Hipoalergenico Uso Frecuente Botella, 390 ml;;3990;10230;True;https://super.lider.cl/ip/higiene-y-bienestar/00780000600447;https://i5.walmartimages.cl/asr/c1794f1e-5146-4b8a-b4ac-b73108a0b29e.c81db688ba3cad8fd238daec7ffe37b9.jpeg?null=&odnHeight=580&odnWidth=580&odnBg=FFFFFF;Perro > Baño y Limpieza;https://super.lider.cl/browse/mascotas/higiene-y-bienestar/bao-y-limpieza/07089592_02342029_81556437;;1;2026-03-17T01:55:47
00040005067221;Rodillo Saca Pelusa Negro;;1490;1490;False;https://super.lider.cl/ip/organizacion/00040005067221;https://i5.walmartimages.cl/asr/5109c4fb-1430-4d28-b53d-0e056fb418ab.a12c7d847cd6f5dc46a461ac28175e4e.jpeg?null=&odnHeight=580&odnWidth=580&odnBg=FFFFFF;Perro > Baño y Limpieza;https://super.lider.cl/browse/mascotas/higiene-y-bienestar/bao-y-limpieza/07089592_02342029_81556437;;1;2026-03-17T01:55:47
00780799157331;Cepillo Doble Rectangular para Mascotas, 1 Un;;3990;3990;False;https://super.lider.cl/ip/higiene-y-bienestar/00780799157331;https://i5.walmartimages.cl/asr/f4510874-6010-4f6c-a1a2-076d5f76b5a8.b71274f20487e976dc9fbed8499aa3f3.jpeg?null=&odnHeight=580&odnWidth=580&odnBg=FFFFFF;Perro > Baño y Limpieza;https://super.lider.cl/browse/mascotas/higiene-y-bienestar/bao-y-limpieza/07089592_02342029_81556437;;1;2026-03-17T01:55:47
00780465625217;Shampoo para Perro Pelaje Claro con Aloe Vera Aroma Frambuesa y Papaya Botella, 300 ml;;2950;2950;False;https://super.lider.cl/ip/higiene-y-bienestar/00780465625217;https://i5.walmartimages.cl/asr/10cbb682-4f77-473a-83e9-0ab4dbee6a78.283f7f68a97d2f4971a55c768cab4bf0.jpeg?null=&odnHeight=580&odnWidth=580&odnBg=FFFFFF;Perro > Baño y Limpieza;https://super.lider.cl/browse/mascotas/higiene-y-bienestar/bao-y-limpieza/07089592_02342029_81556437;;1;2026-03-17T01:55:47
00040005067220;Rodillo Saca Pelusa Gris;;1490;1490;False;https://super.lider.cl/ip/organizacion/00040005067220;https://i5.walmartimages.cl/asr/ebed6a31-de12-4218-979b-6cd2e951b6f3.a13a1414f111510393353a7d90d8eda1.jpeg?null=&odnHeight=580&odnWidth=580&odnBg=FFFFFF;Perro > Baño y Limpieza;https://super.lider.cl/browse/mascotas/higiene-y-bienestar/bao-y-limpieza/07089592_02342029_81556437;;1;2026-03-17T01:55:47
00780465625214;Shampoo para Perro 2 en 1 con Balsamo Aroma Vainilla Botella, 300 ml;;2950;2950;False;https://super.lider.cl/ip/higiene-y-bienestar/00780465625214;https://i5.walmartimages.cl/asr/e4953c2c-beab-40c8-834a-7c2d23638cef.32ea6411180555d3fce587926d3671be.jpeg?null=&odnHeight=580&odnWidth=580&odnBg=FFFFFF;Perro > Baño y Limpieza;https://super.lider.cl/browse/mascotas/higiene-y-bienestar/bao-y-limpieza/07089592_02342029_81556437;;1;2026-03-17T01:55:47
00780000600446;Shampoo para Perro Extra Brillo Uso Frecuente Botella, 390 ml;;3990;10230;True;https://super.lider.cl/ip/higiene-y-bienestar/00780000600446;https://i5.walmartimages.cl/asr/aa3510a0-7f89-4f48-85d5-43247f494772.f8fa26ed76b816d41e29a8bfae82025f.jpeg?null=&odnHeight=580&odnWidth=580&odnBg=FFFFFF;Perro > Baño y Limpieza;https://super.lider.cl/browse/mascotas/higiene-y-bienestar/bao-y-limpieza/07089592_02342029_81556437;;1;2026-03-17T01:55:47
00780465625047;Shampoo para Gato Seco Repelente Pulgas Aroma Eucaliptus Lata, 100 g;;2550;2550;False;https://super.lider.cl/ip/higiene-y-bienestar/00780465625047;https://i5.walmartimages.cl/asr/8826bb53-a326-4a12-8904-8082d92ae23d.74215ec6d10af7ad10cdde4df319081c.jpeg?null=&odnHeight=580&odnWidth=580&odnBg=FFFFFF;Perro > Baño y Limpieza;https://super.lider.cl/browse/mascotas/higiene-y-bienestar/bao-y-limpieza/07089592_02342029_81556437;;1;2026-03-17T01:55:47
00780550500082;Repelente para Perro y Gato, 440 ml;;8990;20431;True;https://super.lider.cl/ip/higiene-y-bienestar/00780550500082;https://i5.walmartimages.cl/asr/411e8a56-90fe-418f-9662-5122ec860967.5eb0fd49a5aad6689957171797470632.jpeg?null=&odnHeight=580&odnWidth=580&odnBg=FFFFFF;Perro > Baño y Limpieza;https://super.lider.cl/browse/mascotas/higiene-y-bienestar/bao-y-limpieza/07089592_02342029_81556437;;1;2026-03-17T01:55:47
00780465625212;Shampoo para Perro Repelente con Aloe Vera Aroma Eucaliptus Botella, 300 ml;;2950;2950;False;https://super.lider.cl/ip/higiene-y-bienestar/00780465625212;https://i5.walmartimages.cl/asr/2f94416a-73ec-4f8e-bdde-0647c5becc6d.36d8929082cbb834f715b5e6baf29a27.jpeg?null=&odnHeight=580&odnWidth=580&odnBg=FFFFFF;Perro > Baño y Limpieza;https://super.lider.cl/browse/mascotas/higiene-y-bienestar/bao-y-limpieza/07089592_02342029_81556437;;1;2026-03-17T01:55:47
00780465625045;Shampoo para Perro Repelente Pulgas Aroma Eucalipto Botella, 1000 ml;;7390;7390;False;https://super.lider.cl/ip/higiene-y-bienestar/00780465625045;https://i5.walmartimages.cl/asr/0e60b588-e526-48d1-a0a7-4ed6c0e9fae5.e9f7d2a24f35878e72889b83dfb33edd.jpeg?null=&odnHeight=580&odnWidth=580&odnBg=FFFFFF;Perro > Baño y Limpieza;https://super.lider.cl/browse/mascotas/higiene-y-bienestar/bao-y-limpieza/07089592_02342029_81556437;;1;2026-03-17T01:55:47
00780000600155;Shampoo para Perro Antiparasitario Botella, 300 ml;;5690;18966;True;https://super.lider.cl/ip/higiene-y-bienestar/00780000600155;https://i5.walmartimages.cl/asr/867b0a23-654d-4c10-b9c1-23fe4848177d.0feea3c20811d628231c5420d0930087.jpeg?null=&odnHeight=580&odnWidth=580&odnBg=FFFFFF;Perro > Baño y Limpieza;https://super.lider.cl/browse/mascotas/higiene-y-bienestar/bao-y-limpieza/07089592_02342029_81556437;;1;2026-03-17T01:55:47
00780583610019;Quitapelusas Rodillo;;3000;3000;False;https://super.lider.cl/ip/accesorios-aseo/00780583610019;https://i5.walmartimages.cl/asr/b7afa88e-e5ac-46f4-bf6e-ec779eadec0c.ec2e690c2b23c2b3eb4b93df69ab0809.jpeg?odnHeight=580&odnWidth=580&odnBg=FFFFFF;Perro > Baño y Limpieza;https://super.lider.cl/browse/mascotas/higiene-y-bienestar/bao-y-limpieza/07089592_02342029_81556437;;1;2026-03-17T01:55:47
00780465625057;Colonia para Perritas Aroma Berries, 160 ml;;2990;2990;False;https://super.lider.cl/ip/higiene-y-bienestar/00780465625057;https://i5.walmartimages.cl/asr/4d7dc8dd-a6e5-4bd8-aee1-d05cb9e575ae.38ee600ab64e29c44782d4c4b8d8938f.jpeg?null=&odnHeight=580&odnWidth=580&odnBg=FFFFFF;Perro > Baño y Limpieza;https://super.lider.cl/browse/mascotas/higiene-y-bienestar/bao-y-limpieza/07089592_02342029_81556437;;1;2026-03-17T01:55:47
00780465625041;Shampoo para Perro Balsámico Aroma Vainilla Botella, 1000 ml;;7390;7390;False;https://super.lider.cl/ip/higiene-y-bienestar/00780465625041;https://i5.walmartimages.cl/asr/0d92ef18-b038-4625-bf3d-79f592a4ea1f.ee20038d8043e85500be06d8b8166f41.jpeg?null=&odnHeight=580&odnWidth=580&odnBg=FFFFFF;Perro > Baño y Limpieza;https://super.lider.cl/browse/mascotas/higiene-y-bienestar/bao-y-limpieza/07089592_02342029_81556437;;1;2026-03-17T01:55:47
00780550501181;Toallitas Húmedas Para Mascotas De Bambu Eco, 100 Un;;3890;3890;False;https://super.lider.cl/ip/higiene-y-bienestar/00780550501181;https://i5.walmartimages.cl/asr/d0309246-7dbb-489c-8955-d4112e0a4d20.b81a19ff7c4b196715bdafcbf39ac0bc.jpeg?null=&odnHeight=580&odnWidth=580&odnBg=FFFFFF;Perro > Baño y Limpieza;https://super.lider.cl/browse/mascotas/higiene-y-bienestar/bao-y-limpieza/07089592_02342029_81556437;;1;2026-03-17T01:55:47
00063424000468;Cepillo Suave Premium para Mascotas, 1 Un;;4990;4990;False;https://super.lider.cl/ip/higiene-y-bienestar/00063424000468;https://i5.walmartimages.cl/asr/9a42fd1f-9e48-4a99-806d-15ae033de04a.433c05ce162d6bdef06b7ba6ad1943d5.jpeg?null=&odnHeight=580&odnWidth=580&odnBg=FFFFFF;Perro > Baño y Limpieza;https://super.lider.cl/browse/mascotas/higiene-y-bienestar/bao-y-limpieza/07089592_02342029_81556437;;1;2026-03-17T01:55:47
00002120039997;Quitapelusas Rodillo;;4790;4790;False;https://super.lider.cl/ip/accesorios-aseo/00002120039997;https://i5.walmartimages.cl/asr/b2a3790f-8239-4cbe-b9f7-c6e5bf7a1828.cd1f7772c607ab1e3e61785f7d13ae4c.jpeg?odnHeight=580&odnWidth=580&odnBg=FFFFFF;Perro > Baño y Limpieza;https://super.lider.cl/browse/mascotas/higiene-y-bienestar/bao-y-limpieza/07089592_02342029_81556437;;1;2026-03-17T01:55:47
00780465625218;Acondicionador para Perro Hidratante con Aceite de Coco Botella, 300 ml;;2950;2950;False;https://super.lider.cl/ip/higiene-y-bienestar/00780465625218;https://i5.walmartimages.cl/asr/4b9f0f6b-768e-4b4c-b921-4e5b47029833.d960b4e0bd3feebeaac04f76740c4220.jpeg?null=&odnHeight=580&odnWidth=580&odnBg=FFFFFF;Perro > Baño y Limpieza;https://super.lider.cl/browse/mascotas/higiene-y-bienestar/bao-y-limpieza/07089592_02342029_81556437;;1;2026-03-17T01:55:47
00065952511105;Toallitas Húmedas Hipoalergénicas para Mascotas, 70 Un;;2990;4271;True;https://super.lider.cl/ip/higiene-y-bienestar/00065952511105;https://i5.walmartimages.cl/asr/f00c83e1-a7d2-4acf-af83-b9eb340e9c54.4d30880a04ba481abb1dba55d3ccd266.jpeg?null=&odnHeight=580&odnWidth=580&odnBg=FFFFFF;Perro > Baño y Limpieza;https://super.lider.cl/browse/mascotas/higiene-y-bienestar/bao-y-limpieza/07089592_02342029_81556437;;1;2026-03-17T01:55:47
00780465625046;Shampoo para Perro Seco Aroma Eucaliptus Lata, 100 g;;2890;2890;False;https://super.lider.cl/ip/higiene-y-bienestar/00780465625046;https://i5.walmartimages.cl/asr/e106663a-de73-40b5-a16a-6927667d024f.df7105633b9c76ea9d23cd8b4d4f3ad5.jpeg?null=&odnHeight=580&odnWidth=580&odnBg=FFFFFF;Perro > Baño y Limpieza;https://super.lider.cl/browse/mascotas/higiene-y-bienestar/bao-y-limpieza/07089592_02342029_81556437;;1;2026-03-17T01:55:47
00780467343002;Removedor de Olores Orgánico, 500 ml;;6590;13180;True;https://super.lider.cl/ip/higiene-y-bienestar/00780467343002;https://i5.walmartimages.cl/asr/624f42ac-7cac-4710-a5d1-ad5f936ebe82.cacb674b951f8b861558de5284caee2e.jpeg?null=&odnHeight=580&odnWidth=580&odnBg=FFFFFF;Perro > Baño y Limpieza;https://super.lider.cl/browse/mascotas/higiene-y-bienestar/bao-y-limpieza/07089592_02342029_81556437;;1;2026-03-17T01:55:47
00780465625219;Shampoo para Perro Espuma Seca Aroma Granada Lata, 230 ml;;3690;3690;False;https://super.lider.cl/ip/higiene-y-bienestar/00780465625219;https://i5.walmartimages.cl/asr/dc2b6a50-18a5-4b87-9e60-08fa4d74d994.ca6725d219ac22a3960310e968914e16.jpeg?null=&odnHeight=580&odnWidth=580&odnBg=FFFFFF;Perro > Baño y Limpieza;https://super.lider.cl/browse/mascotas/higiene-y-bienestar/bao-y-limpieza/07089592_02342029_81556437;;1;2026-03-17T01:55:47
00780000600159;Shampoo para Perro Balsamico Uso Frecuente Botella, 390 ml;;3890;9974;True;https://super.lider.cl/ip/higiene-y-bienestar/00780000600159;https://i5.walmartimages.cl/asr/07207afa-5a3b-4e4c-a027-b94d9e639611.4c0f2520bfa596e75011092188c0bd2b.jpeg?null=&odnHeight=580&odnWidth=580&odnBg=FFFFFF;Perro > Baño y Limpieza;https://super.lider.cl/browse/mascotas/higiene-y-bienestar/bao-y-limpieza/07089592_02342029_81556437;;1;2026-03-17T01:55:47
00780465625054;Collar Repelente de Pulgas para Gato, 1 Un;;3790;3790;False;https://super.lider.cl/ip/accesorios-y-juguetes/00780465625054;https://i5.walmartimages.cl/asr/ec25b476-31be-4eae-8326-99b277256ce6.396811eaec6b52ad0d73b80fcd1dbfbf.jpeg?odnHeight=580&odnWidth=580&odnBg=FFFFFF;Perro > Collares arnes y correas;https://super.lider.cl/browse/mascotas/accesorios-y-juguetes/collares-arnes-y-correas/07089592_73368248_78844187;;1;2026-03-17T01:56:13
00780799157377;Collar para Gato con Campana Brillante, 1 Un;;2690;2690;False;https://super.lider.cl/ip/accesorios-y-juguetes/00780799157377;https://i5.walmartimages.cl/asr/efcaf228-2eb9-421f-b3b0-15489da3c8a3.8b82b0f5f383ccea0d4a0dde78ce14b6.jpeg?null=&odnHeight=580&odnWidth=580&odnBg=FFFFFF;Perro > Collares arnes y correas;https://super.lider.cl/browse/mascotas/accesorios-y-juguetes/collares-arnes-y-correas/07089592_73368248_78844187;;1;2026-03-17T01:56:13
00780271020222;Portabolsas Sanitarias Negro + 10 Bolsas Ecologicas, 10 Un;;3990;3990;False;https://super.lider.cl/ip/accesorios-y-juguetes/00780271020222;https://i5.walmartimages.cl/asr/1e248289-84ba-4585-b35e-1f315d399d9e.73e1c99245d66b816595e32e97c08173.jpeg?odnHeight=580&odnWidth=580&odnBg=FFFFFF;Perro > Collares arnes y correas;https://super.lider.cl/browse/mascotas/accesorios-y-juguetes/collares-arnes-y-correas/07089592_73368248_78844187;;1;2026-03-17T01:56:13
00078918552309;Arnés Pechera para Perro Talla M, 1 Un;;6990;6990;False;https://super.lider.cl/ip/accesorios-y-juguetes/00078918552309;https://i5.walmartimages.cl/asr/924b7b0e-b185-4330-8734-cd6bc0ffad89.25367ecc9d15a0bdfa4e202b0731eb57.jpeg?null=&odnHeight=580&odnWidth=580&odnBg=FFFFFF;Perro > Collares arnes y correas;https://super.lider.cl/browse/mascotas/accesorios-y-juguetes/collares-arnes-y-correas/07089592_73368248_78844187;;1;2026-03-17T01:56:13
00780465625053;Collar Repelente de Pulgas para Perro, 1 Un;;6490;6490;False;https://super.lider.cl/ip/accesorios-y-juguetes/00780465625053;https://i5.walmartimages.cl/asr/89567eaa-1683-4567-9fe9-2a56e9e66f84.5a88f3b1d8a111e5211a9c46b9b45ec9.jpeg?odnHeight=580&odnWidth=580&odnBg=FFFFFF;Perro > Collares arnes y correas;https://super.lider.cl/browse/mascotas/accesorios-y-juguetes/collares-arnes-y-correas/07089592_73368248_78844187;;1;2026-03-17T01:56:13
00065952511096;Trailla Retráctil para Perro 5 metros, 1 Un;;9790;9790;False;https://super.lider.cl/ip/accesorios-y-juguetes/00065952511096;https://i5.walmartimages.cl/asr/0c39c5bf-c4c3-4f3b-99ed-1f64cbb5ab11.40c14c3349e2407702126ee30012ed5b.jpeg?null=&odnHeight=580&odnWidth=580&odnBg=FFFFFF;Perro > Collares arnes y correas;https://super.lider.cl/browse/mascotas/accesorios-y-juguetes/collares-arnes-y-correas/07089592_73368248_78844187;;1;2026-03-17T01:56:13
00063424000513;Set Arnés Pechera y Correa para Perro Talla L, 1 Un;;13990;13990;False;https://super.lider.cl/ip/accesorios-y-juguetes/00063424000513;https://i5.walmartimages.cl/asr/0c6da06d-6f4c-42fa-b05b-56723ccdb28f.7866a240698c88d58829e306c2980847.jpeg?null=&odnHeight=580&odnWidth=580&odnBg=FFFFFF;Perro > Collares arnes y correas;https://super.lider.cl/browse/mascotas/accesorios-y-juguetes/collares-arnes-y-correas/07089592_73368248_78844187;;1;2026-03-17T01:56:13
00078918552269;Correa para Perro con Resorte, 1 Un;;6490;6490;False;https://super.lider.cl/ip/accesorios-y-juguetes/00078918552269;https://i5.walmartimages.cl/asr/16a8b5ad-058b-47c3-8327-d4f9cd70b1ee.f3c53c17594b710cbf5c7b0bbd0d182d.jpeg?null=&odnHeight=580&odnWidth=580&odnBg=FFFFFF;Perro > Collares arnes y correas;https://super.lider.cl/browse/mascotas/accesorios-y-juguetes/collares-arnes-y-correas/07089592_73368248_78844187;;1;2026-03-17T01:56:13
00063424000512;Set Arnés Pechera y Correa para Perro Talla M, 1 Un;;12790;12790;False;https://super.lider.cl/ip/accesorios-y-juguetes/00063424000512;https://i5.walmartimages.cl/asr/14fd9bb9-3c1d-4306-95b7-d808fae3054d.594b44e8ea7feac07bcb274b34d5de23.jpeg?null=&odnHeight=580&odnWidth=580&odnBg=FFFFFF;Perro > Collares arnes y correas;https://super.lider.cl/browse/mascotas/accesorios-y-juguetes/collares-arnes-y-correas/07089592_73368248_78844187;;1;2026-03-17T01:56:13
00078918552229;Arnés Pechera para Perro Talla S, 1 Un;;6490;6490;False;https://super.lider.cl/ip/accesorios-y-juguetes/00078918552229;https://i5.walmartimages.cl/asr/6552ea77-fba3-4aea-8366-1bd587357469.a2256dcee731c29c7a97d44582df9f09.jpeg?null=&odnHeight=580&odnWidth=580&odnBg=FFFFFF;Perro > Collares arnes y correas;https://super.lider.cl/browse/mascotas/accesorios-y-juguetes/collares-arnes-y-correas/07089592_73368248_78844187;;1;2026-03-17T01:56:13
00780051020229;Arnes Basico Beige Talla M, 1 Un;;9990;9990;False;https://super.lider.cl/ip/accesorios-y-juguetes/00780051020229;https://i5.walmartimages.cl/asr/0426f8cd-f2ce-4eb2-89a8-2666a1266e97.ff56e1115b9b39babf247e2a5dd60006.jpeg?odnHeight=580&odnWidth=580&odnBg=FFFFFF;Perro > Collares arnes y correas;https://super.lider.cl/browse/mascotas/accesorios-y-juguetes/collares-arnes-y-correas/07089592_73368248_78844187;;1;2026-03-17T01:56:13
00063424000511;Set Arnés Pechera y Correa para Perro Talla S, 1 Un;;11590;11590;False;https://super.lider.cl/ip/accesorios-y-juguetes/00063424000511;https://i5.walmartimages.cl/asr/e7651355-50b3-4d82-99fc-79e1edcb6778.94cb398694b9058206c0f5b7a268fe7f.jpeg?null=&odnHeight=580&odnWidth=580&odnBg=FFFFFF;Perro > Collares arnes y correas;https://super.lider.cl/browse/mascotas/accesorios-y-juguetes/collares-arnes-y-correas/07089592_73368248_78844187;;1;2026-03-17T01:56:13
00780061020224;Arnes Basico Beige Talla L, 1 Un;;10990;10990;False;https://super.lider.cl/ip/accesorios-y-juguetes/00780061020224;https://i5.walmartimages.cl/asr/3fbbb4cb-7660-458d-bf9e-c107abe0895f.399aef4c9a8b5091ff498d9d44ad3f9f.jpeg?odnHeight=580&odnWidth=580&odnBg=FFFFFF;Perro > Collares arnes y correas;https://super.lider.cl/browse/mascotas/accesorios-y-juguetes/collares-arnes-y-correas/07089592_73368248_78844187;;1;2026-03-17T01:56:13
00780091020224;Correa Basica Color Peach, 1 Un;;8990;8990;False;https://super.lider.cl/ip/accesorios-y-juguetes/00780091020224;https://i5.walmartimages.cl/asr/29ce3e93-ef50-422b-bc5d-be1b22e01e32.a6c03e6223497b543562f378372ff63c.jpeg?odnHeight=580&odnWidth=580&odnBg=FFFFFF;Perro > Collares arnes y correas;https://super.lider.cl/browse/mascotas/accesorios-y-juguetes/collares-arnes-y-correas/07089592_73368248_78844187;;1;2026-03-17T01:56:13
00780051020224;Arnes Basico Beige Talla S, 1 Un;;8990;8990;False;https://super.lider.cl/ip/accesorios-y-juguetes/00780051020224;https://i5.walmartimages.cl/asr/3accff3f-ab48-4c7f-b45c-80df7d38c0c0.a4898ba46ec934c132726bc91ec4b022.jpeg?odnHeight=580&odnWidth=580&odnBg=FFFFFF;Perro > Collares arnes y correas;https://super.lider.cl/browse/mascotas/accesorios-y-juguetes/collares-arnes-y-correas/07089592_73368248_78844187;;1;2026-03-17T01:56:13
00780464753056;Viruta Vegetal para Animales Bolsa, 2 Kg;;1795;3590;True;https://super.lider.cl/ip/accesorios-y-juguetes/00780464753056;https://i5.walmartimages.cl/asr/bf44004c-b635-448c-bd99-a3e9ffbf3719.e2f5a1cfae8cbf2f105d1109e1ea46e5.jpeg?null=&odnHeight=580&odnWidth=580&odnBg=FFFFFF;Perro > Casas platos y accesorios;https://super.lider.cl/browse/mascotas/accesorios-y-juguetes/casas-platos-y-accesorios/07089592_73368248_54392300;;1;2026-03-17T01:56:42
00780465625039;Plato para Perro Antihormigas XL, 1 Un;;2990;2990;False;https://super.lider.cl/ip/accesorios-y-juguetes/00780465625039;https://i5.walmartimages.cl/asr/d7c3e977-ca7b-491e-816e-0d5cd700f1a5.457e29b856cf29ecd94250de8c145aed.jpeg?null=&odnHeight=580&odnWidth=580&odnBg=FFFFFF;Perro > Casas platos y accesorios;https://super.lider.cl/browse/mascotas/accesorios-y-juguetes/casas-platos-y-accesorios/07089592_73368248_54392300;;1;2026-03-17T01:56:42
00074674766608;Plato de Acero Para Perros L, 1 Un;;4590;4590;False;https://super.lider.cl/ip/accesorios-y-juguetes/00074674766608;https://i5.walmartimages.cl/asr/562721ae-bec3-413d-8a06-189f92711b00.f1c7bf2052f7b09f6d7bb0ab2c28d95f.jpeg?odnHeight=580&odnWidth=580&odnBg=FFFFFF;Perro > Casas platos y accesorios;https://super.lider.cl/browse/mascotas/accesorios-y-juguetes/casas-platos-y-accesorios/07089592_73368248_54392300;;1;2026-03-17T01:56:42
00040005080565;Recipiente plastico 20l para alimento seco, producto surtido;;5200;12990;True;https://super.lider.cl/ip/organizacion/00040005080565;https://i5.walmartimages.cl/asr/b5e62c06-3a97-48e0-924c-70c486d4484b.94d88d87363aff3072d0f57e2f20f1e4.jpeg?odnHeight=580&odnWidth=580&odnBg=FFFFFF;Perro > Casas platos y accesorios;https://super.lider.cl/browse/mascotas/accesorios-y-juguetes/casas-platos-y-accesorios/07089592_73368248_54392300;;1;2026-03-17T01:56:42
00078918552314;Plato para Perro de Acero Tamaño M, 1 Un;;3690;3690;False;https://super.lider.cl/ip/accesorios-y-juguetes/00078918552314;https://i5.walmartimages.cl/asr/ab0e307d-695e-4fe6-a11e-47d4d2bdeb1a.e8a9a26376c4c06babe33e1215c47ea9.jpeg?null=&odnHeight=580&odnWidth=580&odnBg=FFFFFF;Perro > Casas platos y accesorios;https://super.lider.cl/browse/mascotas/accesorios-y-juguetes/casas-platos-y-accesorios/07089592_73368248_54392300;;1;2026-03-17T01:56:42
00780799157323;Plato para Perro Redondo Tamaño L, 1 Un;;1950;1950;False;https://super.lider.cl/ip/accesorios-y-juguetes/00780799157323;https://i5.walmartimages.cl/asr/372a153f-6490-4bb9-bd92-00682cb4f3f7.302e134d082ddd0c58b1590a0e5838ae.jpeg?null=&odnHeight=580&odnWidth=580&odnBg=FFFFFF;Perro > Casas platos y accesorios;https://super.lider.cl/browse/mascotas/accesorios-y-juguetes/casas-platos-y-accesorios/07089592_73368248_54392300;;1;2026-03-17T01:56:42
00078918552315;Plato para Perro de Acero Tamaño S, 1 Un;;2750;2750;False;https://super.lider.cl/ip/accesorios-y-juguetes/00078918552315;https://i5.walmartimages.cl/asr/e3f8bd53-e87f-416d-877e-e0b24a7e1702.916f3f53bbf877c668b6896a8237a7b3.jpeg?null=&odnHeight=580&odnWidth=580&odnBg=FFFFFF;Perro > Casas platos y accesorios;https://super.lider.cl/browse/mascotas/accesorios-y-juguetes/casas-platos-y-accesorios/07089592_73368248_54392300;;1;2026-03-17T01:56:42
00078918552264;Plato para Gato Diseños Tamaño S, producto surtido, 1 Un;;3990;3990;False;https://super.lider.cl/ip/accesorios-y-juguetes/00078918552264;https://i5.walmartimages.cl/asr/0df56ec8-1054-48ff-b634-a83f1173c94d.f6b9ca05129b1dc482ae6fc352579058.jpeg?null=&odnHeight=580&odnWidth=580&odnBg=FFFFFF;Perro > Casas platos y accesorios;https://super.lider.cl/browse/mascotas/accesorios-y-juguetes/casas-platos-y-accesorios/07089592_73368248_54392300;;1;2026-03-17T01:56:42
00780799157320;Plato para Perro Doble Tamaño L, 1 Un;;2990;2990;False;https://super.lider.cl/ip/accesorios-y-juguetes/00780799157320;https://i5.walmartimages.cl/asr/97e6da7b-6676-4b88-9b47-34829825a54d.583314255991299f91ed074754cda28c.jpeg?null=&odnHeight=580&odnWidth=580&odnBg=FFFFFF;Perro > Casas platos y accesorios;https://super.lider.cl/browse/mascotas/accesorios-y-juguetes/casas-platos-y-accesorios/07089592_73368248_54392300;;1;2026-03-17T01:56:42
00780799157321;Plato para Perro Doble Tamaño M, 1 Un;;2490;2490;False;https://super.lider.cl/ip/accesorios-y-juguetes/00780799157321;https://i5.walmartimages.cl/asr/cc6ef598-0d67-4dfd-8c8e-f5e7e947130f.8d205f4229b2bd21bbefee687937d274.jpeg?null=&odnHeight=580&odnWidth=580&odnBg=FFFFFF;Perro > Casas platos y accesorios;https://super.lider.cl/browse/mascotas/accesorios-y-juguetes/casas-platos-y-accesorios/07089592_73368248_54392300;;1;2026-03-17T01:56:42
00040005119349;Mordedor Con Cuerda, Producto Surtido, 1 Un;;5990;5990;False;https://super.lider.cl/ip/accesorios-y-juguetes/00040005119349;https://i5.walmartimages.cl/asr/90bbf71d-d945-4568-b7b1-dac5e88bf887.6cb46adb06905c311bd9adb0fea1043f.jpeg?odnHeight=580&odnWidth=580&odnBg=FFFFFF;Perro > Casas platos y accesorios;https://super.lider.cl/browse/mascotas/accesorios-y-juguetes/casas-platos-y-accesorios/07089592_73368248_54392300;;1;2026-03-17T01:56:42
00040005119348;Hueso Mordedor, Producto Surtido, 1 Un;;5990;5990;False;https://super.lider.cl/ip/accesorios-y-juguetes/00040005119348;https://i5.walmartimages.cl/asr/3a47476f-1b74-4d8e-8e3a-c71f21024119.37ed2ffcfa2fe04061ba9b58e5b4c7a7.jpeg?odnHeight=580&odnWidth=580&odnBg=FFFFFF;Perro > Casas platos y accesorios;https://super.lider.cl/browse/mascotas/accesorios-y-juguetes/casas-platos-y-accesorios/07089592_73368248_54392300;;1;2026-03-17T01:56:42
00780799157420;Cama de Invierno para Perro Tamaño XS, 1 Un;;15990;15990;False;https://super.lider.cl/ip/accesorios-y-juguetes/00780799157420;https://i5.walmartimages.cl/asr/fdef67b1-ac65-4210-b013-c7b0a2ecb90d.e6737daa0405880e970c033cf22588fb.jpeg?null=&odnHeight=580&odnWidth=580&odnBg=FFFFFF;Perro > Casas platos y accesorios;https://super.lider.cl/browse/mascotas/accesorios-y-juguetes/casas-platos-y-accesorios/07089592_73368248_54392300;;1;2026-03-17T01:56:42
00074674766591;Pelota de Tennis para Perros, 1 Un;;990;990;False;https://super.lider.cl/ip/accesorios-y-juguetes/00074674766591;https://i5.walmartimages.cl/asr/b9797b4e-9cbd-4859-a4af-4ab1f7b868d2.62fb702aefdde99fde8eed55851c3252.jpeg?null=&odnHeight=580&odnWidth=580&odnBg=FFFFFF;Perro > Juguetes y Rascadores;https://super.lider.cl/browse/mascotas/accesorios-y-juguetes/juguetes-y-rascadores/07089592_73368248_99350993;;1;2026-03-17T01:57:10
00780799157402;Juguete para Perro Básico Vinilo, 1 Un;;1690;1690;False;https://super.lider.cl/ip/accesorios-y-juguetes/00780799157402;https://i5.walmartimages.cl/asr/387ec39c-5a94-41f6-8e29-95a3f9e59f83.0680c6615ee1d7c2b20a99dbd96e0516.jpeg?null=&odnHeight=580&odnWidth=580&odnBg=FFFFFF;Perro > Juguetes y Rascadores;https://super.lider.cl/browse/mascotas/accesorios-y-juguetes/juguetes-y-rascadores/07089592_73368248_99350993;;1;2026-03-17T01:57:10
00780799157397;Juguete para Gato Caña, 1 Un;;1990;1990;False;https://super.lider.cl/ip/accesorios-y-juguetes/00780799157397;https://i5.walmartimages.cl/asr/bdb055dc-27f1-4fee-be36-6818aeba6a68.9f550c19dfef39308398f16aa9e52052.jpeg?null=&odnHeight=580&odnWidth=580&odnBg=FFFFFF;Perro > Juguetes y Rascadores;https://super.lider.cl/browse/mascotas/accesorios-y-juguetes/juguetes-y-rascadores/07089592_73368248_99350993;;1;2026-03-17T01:57:10
00780799157311;Juguete para Perro Bolsa 3 Pelotas Tenis, 1 Un;;2450;2450;False;https://super.lider.cl/ip/accesorios-y-juguetes/00780799157311;https://i5.walmartimages.cl/asr/647d531e-8c8e-49c8-8862-3a2a78e4e33d.642b56bde0a653dfdf3f18dba2c36d8d.jpeg?odnHeight=580&odnWidth=580&odnBg=FFFFFF;Perro > Juguetes y Rascadores;https://super.lider.cl/browse/mascotas/accesorios-y-juguetes/juguetes-y-rascadores/07089592_73368248_99350993;;1;2026-03-17T01:57:10
00780799157314;Juguete para Perro Pelota Tenis Cuerda, 1 Un;;2450;2450;False;https://super.lider.cl/ip/accesorios-y-juguetes/00780799157314;https://i5.walmartimages.cl/asr/03c45250-9298-4e09-a9a7-4dbfbfbac5ba.9e1820ef9c89ddcce41fdac3864d1458.jpeg?null=&odnHeight=580&odnWidth=580&odnBg=FFFFFF;Perro > Juguetes y Rascadores;https://super.lider.cl/browse/mascotas/accesorios-y-juguetes/juguetes-y-rascadores/07089592_73368248_99350993;;1;2026-03-17T01:57:10
00780041020227;Peluche Apretable Conejo, 1 Un;;6990;6990;False;https://super.lider.cl/ip/accesorios-y-juguetes/00780041020227;https://i5.walmartimages.cl/asr/0d8aaf9a-62fd-4f50-842f-e4e0697759d2.7a95e0735c654484996d77f87025fbaa.jpeg?odnHeight=580&odnWidth=580&odnBg=FFFFFF;Perro > Juguetes y Rascadores;https://super.lider.cl/browse/mascotas/accesorios-y-juguetes/juguetes-y-rascadores/07089592_73368248_99350993;;1;2026-03-17T01:57:10
00078918552252;Juguete para Gato Tablero Rasguño Base, 1 Un;;3890;3890;False;https://super.lider.cl/ip/accesorios-y-juguetes/00078918552252;https://i5.walmartimages.cl/asr/4e20e4d8-550a-4813-9ee6-144cbdbf6f51.0fc09afab35b4ce36a8944659d955b69.jpeg?null=&odnHeight=580&odnWidth=580&odnBg=FFFFFF;Perro > Juguetes y Rascadores;https://super.lider.cl/browse/mascotas/accesorios-y-juguetes/juguetes-y-rascadores/07089592_73368248_99350993;;1;2026-03-17T01:57:10
00780799157403;Juguete para Perro Básico Látex, 1 Un;;2690;2690;False;https://super.lider.cl/ip/accesorios-y-juguetes/00780799157403;https://i5.walmartimages.cl/asr/83916906-d5b3-42d0-a9d9-c183c5f05f9f.a8f7996cf502c64db47eb4033976a36f.jpeg?null=&odnHeight=580&odnWidth=580&odnBg=FFFFFF;Perro > Juguetes y Rascadores;https://super.lider.cl/browse/mascotas/accesorios-y-juguetes/juguetes-y-rascadores/07089592_73368248_99350993;;1;2026-03-17T01:57:10
00063424000429;Juguete para Gato Plush Catnip, 1 Un;;3490;3490;False;https://super.lider.cl/ip/accesorios-y-juguetes/00063424000429;https://i5.walmartimages.cl/asr/3a4015be-94ea-4627-8cca-cfa7f4e4b4bd.d651a2d949f82dd92e8d8b956d6fd034.jpeg?null=&odnHeight=580&odnWidth=580&odnBg=FFFFFF;Perro > Juguetes y Rascadores;https://super.lider.cl/browse/mascotas/accesorios-y-juguetes/juguetes-y-rascadores/07089592_73368248_99350993;;1;2026-03-17T01:57:10
00074674766590;Juguete Frisbee para Perros, 1 Un;;1990;1990;False;https://super.lider.cl/ip/accesorios-y-juguetes/00074674766590;https://i5.walmartimages.cl/asr/5f37e7ee-a7ef-42a0-b60e-d2a9b51b95c6.56579629f3e8852512048922b8ff8161.jpeg?null=&odnHeight=580&odnWidth=580&odnBg=FFFFFF;Perro > Juguetes y Rascadores;https://super.lider.cl/browse/mascotas/accesorios-y-juguetes/juguetes-y-rascadores/07089592_73368248_99350993;;1;2026-03-17T01:57:10
00780799157303;Juguete para Perro Caucho con Cuerda, 1 Un;;4690;4690;False;https://super.lider.cl/ip/accesorios-y-juguetes/00780799157303;https://i5.walmartimages.cl/asr/d121eeae-d43d-4f1e-bdde-3b5a267bb7b4.95719072bb2150a80168bbc0921c8332.jpeg?odnHeight=580&odnWidth=580&odnBg=FFFFFF;Perro > Juguetes y Rascadores;https://super.lider.cl/browse/mascotas/accesorios-y-juguetes/juguetes-y-rascadores/07089592_73368248_99350993;;1;2026-03-17T01:57:10
00780799157387;Juguete para Perro Plush N8, 1 Un;;6490;6490;False;https://super.lider.cl/ip/accesorios-y-juguetes/00780799157387;https://i5.walmartimages.cl/asr/7b326411-d303-4680-920f-5072ec20bcdc.56afe2f173c78eb9c517a00f6b48c6df.jpeg?null=&odnHeight=580&odnWidth=580&odnBg=FFFFFF;Perro > Juguetes y Rascadores;https://super.lider.cl/browse/mascotas/accesorios-y-juguetes/juguetes-y-rascadores/07089592_73368248_99350993;;1;2026-03-17T01:57:10
00780041020226;Peluche Apretable Delfin, 1 Un;;6990;6990;False;https://super.lider.cl/ip/accesorios-y-juguetes/00780041020226;https://i5.walmartimages.cl/asr/5e145aea-9456-45da-982d-6abe33310d91.5febcd3c9de85fd6a7a13246eb95cdf5.jpeg?odnHeight=580&odnWidth=580&odnBg=FFFFFF;Perro > Juguetes y Rascadores;https://super.lider.cl/browse/mascotas/accesorios-y-juguetes/juguetes-y-rascadores/07089592_73368248_99350993;;1;2026-03-17T01:57:10
00063424000430;Juguete para Perro Hueso Dental de Caucho, 1 Un;;6890;6890;False;https://super.lider.cl/ip/accesorios-y-juguetes/00063424000430;https://i5.walmartimages.cl/asr/26407ec8-9b34-47cb-a6ed-4ec0c85bf014.458594d787b35bbb9e8e31e19ca3d616.jpeg?null=&odnHeight=580&odnWidth=580&odnBg=FFFFFF;Perro > Juguetes y Rascadores;https://super.lider.cl/browse/mascotas/accesorios-y-juguetes/juguetes-y-rascadores/07089592_73368248_99350993;;1;2026-03-17T01:57:10
00063424000466;Juguete para Perro Pelota Dental de Caucho, 1 Un;;6890;6890;False;https://super.lider.cl/ip/accesorios-y-juguetes/00063424000466;https://i5.walmartimages.cl/asr/3055c52a-59d1-4c71-8273-8403ad7438fe.f543cdc01b0cb32a74791582f3ca01de.jpeg?null=&odnHeight=580&odnWidth=580&odnBg=FFFFFF;Perro > Juguetes y Rascadores;https://super.lider.cl/browse/mascotas/accesorios-y-juguetes/juguetes-y-rascadores/07089592_73368248_99350993;;1;2026-03-17T01:57:10
00780799157300;Juguete para Perro Caucho N1, 1 Un;;6390;6390;False;https://super.lider.cl/ip/accesorios-y-juguetes/00780799157300;https://i5.walmartimages.cl/asr/fc9c3bcb-8f80-4776-aee1-dc55d1a1bdb9.5411fc5a52a2344c812a91e7d69895f1.jpeg?odnHeight=580&odnWidth=580&odnBg=FFFFFF;Perro > Juguetes y Rascadores;https://super.lider.cl/browse/mascotas/accesorios-y-juguetes/juguetes-y-rascadores/07089592_73368248_99350993;;1;2026-03-17T01:57:10
00780799157394;Juguete para Gato Plush Colores, producto surtido, 1 Un;;2990;2990;False;https://super.lider.cl/ip/accesorios-y-juguetes/00780799157394;https://i5.walmartimages.cl/asr/53b83dd6-db4c-4e99-8113-9bb7cf962f53.6a13019a5160cee7a64c0ebae55c8016.jpeg?null=&odnHeight=580&odnWidth=580&odnBg=FFFFFF;Perro > Juguetes y Rascadores;https://super.lider.cl/browse/mascotas/accesorios-y-juguetes/juguetes-y-rascadores/07089592_73368248_99350993;;1;2026-03-17T01:57:10
00078918552253;Juguete para Gato Túnel Plegable, 1 Un;;6890;6890;False;https://super.lider.cl/ip/accesorios-y-juguetes/00078918552253;https://i5.walmartimages.cl/asr/a73e8096-64d7-4f36-a95b-12b34f7dd880.6c58dffed38362ab6781d3bee8084ecb.jpeg?null=&odnHeight=580&odnWidth=580&odnBg=FFFFFF;Perro > Juguetes y Rascadores;https://super.lider.cl/browse/mascotas/accesorios-y-juguetes/juguetes-y-rascadores/07089592_73368248_99350993;;1;2026-03-17T01:57:10
00780799157306;Juguete para Perro Caucho Hueso, 1 Un;;6390;6390;False;https://super.lider.cl/ip/accesorios-y-juguetes/00780799157306;https://i5.walmartimages.cl/asr/3689a152-2234-4fab-9bae-606818b1e24b.65a26189a10dedb8de8cf0492c1a8e95.jpeg?null=&odnHeight=580&odnWidth=580&odnBg=FFFFFF;Perro > Juguetes y Rascadores;https://super.lider.cl/browse/mascotas/accesorios-y-juguetes/juguetes-y-rascadores/07089592_73368248_99350993;;1;2026-03-17T01:57:10
00063424000458;Juguete Para Perro Brocheta Dental de Caucho, 1 Un;;8990;8990;False;https://super.lider.cl/ip/accesorios-y-juguetes/00063424000458;https://i5.walmartimages.cl/asr/e1c34bf3-f9d8-4c15-bf5c-d0883b39d116.0acce24b6afb4cf54c900e353d0cdd04.jpeg?null=&odnHeight=580&odnWidth=580&odnBg=FFFFFF;Perro > Juguetes y Rascadores;https://super.lider.cl/browse/mascotas/accesorios-y-juguetes/juguetes-y-rascadores/07089592_73368248_99350993;;1;2026-03-17T01:57:10
00780041020228;Peluche Apretable Elefante, 1 Un;;6990;6990;False;https://super.lider.cl/ip/accesorios-y-juguetes/00780041020228;https://i5.walmartimages.cl/asr/b230fc87-803b-4da6-9d61-caf531c7e536.a84332c7f525f0ad41416d9bfe95cdb3.jpeg?odnHeight=580&odnWidth=580&odnBg=FFFFFF;Perro > Juguetes y Rascadores;https://super.lider.cl/browse/mascotas/accesorios-y-juguetes/juguetes-y-rascadores/07089592_73368248_99350993;;1;2026-03-17T01:57:10
00780799157388;Juguete para Gato Pelota Sisal, 1 Un;;6390;6390;False;https://super.lider.cl/ip/accesorios-y-juguetes/00780799157388;https://i5.walmartimages.cl/asr/bae300c2-f098-45d4-827f-d68627e82d41.135922fc2144c81cfc3c651dd564bb2c.jpeg?null=&odnHeight=580&odnWidth=580&odnBg=FFFFFF;Perro > Juguetes y Rascadores;https://super.lider.cl/browse/mascotas/accesorios-y-juguetes/juguetes-y-rascadores/07089592_73368248_99350993;;1;2026-03-17T01:57:10
00780192000083;Alimento Seco Perro Adulto Raza Mediana/Grande Carne Bolsa, 15 Kg;;1679;30990;True;https://super.lider.cl/ip/perro/00780192000083;https://i5.walmartimages.cl/asr/aea2c23a-594e-4dd7-b7c9-01d355ab4ab3.59dde1d63306be7094f4e5b641c1e43a.jpeg?null=&odnHeight=580&odnWidth=580&odnBg=FFFFFF;Gato > Alimento Seco;https://super.lider.cl/browse/mascotas/perro/alimento-seco/07089592_29432822_59354834;;1;2026-03-17T01:57:38
00780410000086;Alimento Seco Perro Adulto Raza Mediana/Grande Carne y Cereales Bolsa, 15 Kg;;1893;28390;True;https://super.lider.cl/ip/perro/00780410000086;https://i5.walmartimages.cl/asr/84203e66-65b4-404a-b786-c6daadff3eea.fd7b40e3192f632cf17581bd7fea02ca.jpeg?null=&odnHeight=580&odnWidth=580&odnBg=FFFFFF;Gato > Alimento Seco;https://super.lider.cl/browse/mascotas/perro/alimento-seco/07089592_29432822_59354834;;1;2026-03-17T01:57:38
00779745300033;Alimento Seco Perro Adulto Raza Mediana/Grande Carne Bolsa, 15 Kg;;1799;33590;True;https://super.lider.cl/ip/perro/00779745300033;https://i5.walmartimages.cl/asr/e868a89f-4d2d-49db-91b5-b2c991b8bb06.146843467c45d5729cdcdf178483afff.jpeg?null=&odnHeight=580&odnWidth=580&odnBg=FFFFFF;Gato > Alimento Seco;https://super.lider.cl/browse/mascotas/perro/alimento-seco/07089592_29432822_59354834;;1;2026-03-17T01:57:38
00844529057339;Alimento Seco Perro Adulto Multi Proteina Carne Bolsa, 12 kg;;2083;29990;True;https://super.lider.cl/ip/perro/00844529057339;https://i5.walmartimages.cl/asr/062d9d85-1182-44e2-8c5b-058ffbe0adf5.f8251bf6f0d2747c04b74aa5a98b3215.jpeg?odnHeight=580&odnWidth=580&odnBg=FFFFFF;Gato > Alimento Seco;https://super.lider.cl/browse/mascotas/perro/alimento-seco/07089592_29432822_59354834;;1;2026-03-17T01:57:38
00844529133306;Alimento Seco Perro Adulto Raza Mediana/Grande Carne y Pollo Bolsa, 12 kg;;2083;24990;True;https://super.lider.cl/ip/perro/00844529133306;https://i5.walmartimages.cl/asr/7ed1e024-9481-4f8b-80d4-60e6d1993f94.bff6b907a649dade85a1137fde50bc26.jpeg?null=&odnHeight=580&odnWidth=580&odnBg=FFFFFF;Gato > Alimento Seco;https://super.lider.cl/browse/mascotas/perro/alimento-seco/07089592_29432822_59354834;;1;2026-03-17T01:57:38
00780257554454;Alimento Seco Perro Senior Cuidado Articular Sabor Carne Bolsa, 15 kg;;1686;30990;True;https://super.lider.cl/ip/perro/00780257554454;https://i5.walmartimages.cl/asr/3cbad26b-8334-4eb9-8981-b63cde049eed.2a7e7ded54d5ef93c4d61483d8d5c8de.jpeg?null=&odnHeight=580&odnWidth=580&odnBg=FFFFFF;Gato > Alimento Seco;https://super.lider.cl/browse/mascotas/perro/alimento-seco/07089592_29432822_59354834;;1;2026-03-17T01:57:38
00780443800158;Alimento Seco Perro Adulto Raza Mediana/Grande Carne y Cereales Bolsa, 15 Kg;;1533;22990;True;https://super.lider.cl/ip/perro/00780443800158;https://i5.walmartimages.cl/asr/2725eeab-e585-4f97-b402-f0774be08133.210b63209ba2a4c2a8f51775263590ef.jpeg?odnHeight=580&odnWidth=580&odnBg=FFFFFF;Gato > Alimento Seco;https://super.lider.cl/browse/mascotas/perro/alimento-seco/07089592_29432822_59354834;;1;2026-03-17T01:57:38
00780410000280;Alimento Seco Perro Adulto Carne y Arroz Bolsa, 15 Kg;;1233;21490;True;https://super.lider.cl/ip/perro/00780410000280;https://i5.walmartimages.cl/asr/26240dd1-4e07-409e-9553-8eef56134d8b.554cf543675aa179af62a36cfef42f27.jpeg?odnHeight=580&odnWidth=580&odnBg=FFFFFF;Gato > Alimento Seco;https://super.lider.cl/browse/mascotas/perro/alimento-seco/07089592_29432822_59354834;;1;2026-03-17T01:57:38
00780257553244;Alimento Seco Perro Adulto Carne y Arroz Bolsa, 15 kg;;1439;21590;True;https://super.lider.cl/ip/perro/00780257553244;https://i5.walmartimages.cl/asr/a7b7fbbb-4746-427f-9efa-28c2ae38276e.adfd9a1729f49641cd70e6bd3d3a7756.jpeg?odnHeight=580&odnWidth=580&odnBg=FFFFFF;Gato > Alimento Seco;https://super.lider.cl/browse/mascotas/perro/alimento-seco/07089592_29432822_59354834;;1;2026-03-17T01:57:38
00779745300159;Alimento Seco Perro Senior Carne y Vegetales Bolsa, 3 Kg;;2983;11190;True;https://super.lider.cl/ip/perro/00779745300159;https://i5.walmartimages.cl/asr/614546a7-e837-462b-8973-2e8299dde77e.b7c1745a5f6e09c6f263cb212e111a39.jpeg?null=&odnHeight=580&odnWidth=580&odnBg=FFFFFF;Gato > Alimento Seco;https://super.lider.cl/browse/mascotas/perro/alimento-seco/07089592_29432822_59354834;;1;2026-03-17T01:57:38
00844529168474;Alimento Seco Perro Adulto Mediano Senior Bolsa, 12 kg;;2449;29390;True;https://super.lider.cl/ip/perro/00844529168474;https://i5.walmartimages.cl/asr/a1f86f24-1f36-43bc-86d9-32b037930ebc.135dda7dfa3dbf5d5cae026aff53f57c.jpeg?null=&odnHeight=580&odnWidth=580&odnBg=FFFFFF;Gato > Alimento Seco;https://super.lider.cl/browse/mascotas/perro/alimento-seco/07089592_29432822_59354834;;1;2026-03-17T01:57:38
00780192000105;Alimento Seco Cachorro Raza Mediana/Grande Carne y Leche Bolsa, 15 Kg;;1679;30990;True;https://super.lider.cl/ip/perro/00780192000105;https://i5.walmartimages.cl/asr/0c7ad4e6-de85-49f3-aa49-2b4e810e93e1.f7e0f88d6d80e60d50723be771683f26.jpeg?null=&odnHeight=580&odnWidth=580&odnBg=FFFFFF;Gato > Alimento Seco;https://super.lider.cl/browse/mascotas/perro/alimento-seco/07089592_29432822_59354834;;1;2026-03-17T01:57:38
00779745300157;Alimento Seco Perro Adulto Raza Pequeña Carne y Vegetales Bolsa, 3 Kg;;2240;11190;True;https://super.lider.cl/ip/perro/00779745300157;https://i5.walmartimages.cl/asr/ba656759-de40-49f1-887a-33a5c49b7061.764bfc5d6a61f25a2813650db37c3f9c.jpeg?null=&odnHeight=580&odnWidth=580&odnBg=FFFFFF;Gato > Alimento Seco;https://super.lider.cl/browse/mascotas/perro/alimento-seco/07089592_29432822_59354834;;1;2026-03-17T01:57:38
00761328790989;Alimento Seco Perro Adulto Raza Pequeña Carne y Pollo Bolsa, 3 Kg;;3597;10790;True;https://super.lider.cl/ip/perro/00761328790989;https://i5.walmartimages.cl/asr/f3ca31aa-6edc-4ffc-a8b7-c7a5b5c23c81.b416f84071f94e513f4586b9dbfef6cd.jpeg?odnHeight=580&odnWidth=580&odnBg=FFFFFF;Gato > Alimento Seco;https://super.lider.cl/browse/mascotas/perro/alimento-seco/07089592_29432822_59354834;;1;2026-03-17T01:57:38
00779745300153;Alimento Seco Perro Adulto Raza Mediana/Grande Carne Bolsa, 3 Kg;;2240;11190;True;https://super.lider.cl/ip/perro/00779745300153;https://i5.walmartimages.cl/asr/af1746d9-de0f-415b-9911-580071103d4e.25edffe9efdabd838e8821dc120c94ee.jpeg?null=&odnHeight=580&odnWidth=580&odnBg=FFFFFF;Gato > Alimento Seco;https://super.lider.cl/browse/mascotas/perro/alimento-seco/07089592_29432822_59354834;;1;2026-03-17T01:57:38
00779745300151;Alimento Seco Cachorro Carne Bolsa, 3 Kg;;2240;11190;True;https://super.lider.cl/ip/perro/00779745300151;https://i5.walmartimages.cl/asr/7e3120dc-37fc-4349-84d4-086acd2cf409.971cd7468946b8cdfaa5e9b31b66eba6.jpeg?null=&odnHeight=580&odnWidth=580&odnBg=FFFFFF;Gato > Alimento Seco;https://super.lider.cl/browse/mascotas/perro/alimento-seco/07089592_29432822_59354834;;1;2026-03-17T01:57:38
00761328722519;Alimento Seco Perro Adulto Raza Pequeña Pollo y Carne Bolsa, 2 Kg;;5345;10690;True;https://super.lider.cl/ip/perro/00761328722519;https://i5.walmartimages.cl/asr/0e4eba92-21fb-4476-ada5-9a5b51878254.cf9cc914254aaaf25ddf0a7f6ebeb897.jpeg?null=&odnHeight=580&odnWidth=580&odnBg=FFFFFF;Gato > Alimento Seco;https://super.lider.cl/browse/mascotas/perro/alimento-seco/07089592_29432822_59354834;;1;2026-03-17T01:57:38
00779745397246;Alimento Seco Cachorro Carne, 15 Kg;;1859;33890;True;https://super.lider.cl/ip/perro/00779745397246;https://i5.walmartimages.cl/asr/a26d5e7c-eed8-47a6-820a-a6113ee6e2f6.dd0241bc0b750645ae129b4d051c5222.jpeg?null=&odnHeight=580&odnWidth=580&odnBg=FFFFFF;Gato > Alimento Seco;https://super.lider.cl/browse/mascotas/perro/alimento-seco/07089592_29432822_59354834;;1;2026-03-17T01:57:38
00780091020225;Bolsas Sanitarias Ecologicas (60 Unidades), 60 Un;;3990;3990;False;https://super.lider.cl/ip/perro/00780091020225;https://i5.walmartimages.cl/asr/03d261a7-e17d-4b87-bff7-5db91e827bce.50ff18cbe3fa08470b11d8dc1d1388de.jpeg?odnHeight=580&odnWidth=580&odnBg=FFFFFF;Gato > Alimento Seco;https://super.lider.cl/browse/mascotas/perro/alimento-seco/07089592_29432822_59354834;;1;2026-03-17T01:57:38
00761328732741;Alimento Seco Perro Longevidad Sabor Carne Bolsa, 3 Kg;;3597;10790;True;https://super.lider.cl/ip/perro/00761328732741;https://i5.walmartimages.cl/asr/3b563ffb-4512-4bc8-b3cd-5bb3a4e8a948.6939abf4b00b31f5f4925a3421753870.jpeg?odnHeight=580&odnWidth=580&odnBg=FFFFFF;Gato > Alimento Seco;https://super.lider.cl/browse/mascotas/perro/alimento-seco/07089592_29432822_59354834;;1;2026-03-17T01:57:38
00780443800380;Alimento Seco Perro Adulto Carne Bolsa, 9 Kg;;12490;12490;False;https://super.lider.cl/ip/perro/00780443800380;https://i5.walmartimages.cl/asr/c5833c7c-8d41-4c33-a615-d79fd83e3929.93f63f05c6b55de6c799bcf848aae8e8.jpeg?null=&odnHeight=580&odnWidth=580&odnBg=FFFFFF;Gato > Alimento Seco;https://super.lider.cl/browse/mascotas/perro/alimento-seco/07089592_29432822_59354834;;1;2026-03-17T01:57:38
00761328722535;Alimento Seco Perro Adulto Raza Pequeña Pollo y Cordero Bolsa, 2 Kg;;5345;10690;True;https://super.lider.cl/ip/perro/00761328722535;https://i5.walmartimages.cl/asr/15d9f2a4-d13d-414a-ac33-cb3b2226dd37.86af71e0f02555e1d8b4fe1bd9295709.jpeg?null=&odnHeight=580&odnWidth=580&odnBg=FFFFFF;Gato > Alimento Seco;https://super.lider.cl/browse/mascotas/perro/alimento-seco/07089592_29432822_59354834;;1;2026-03-17T01:57:38
00761328790987;Alimento Seco Perro Adulto Raza Pequeña Carne y Pollo Bolsa, 8 Kg;;20290;20290;False;https://super.lider.cl/ip/perro/00761328790987;https://i5.walmartimages.cl/asr/9749ee14-4eda-42b2-aadc-b95b4e5bef57.eb8caf126589c7cfc90d5575ed793b70.jpeg?odnHeight=580&odnWidth=580&odnBg=FFFFFF;Gato > Alimento Seco;https://super.lider.cl/browse/mascotas/perro/alimento-seco/07089592_29432822_59354834;;1;2026-03-17T01:57:38
00780192000068;Alimento Seco Perro Senior Raza Mediana/Grande Carne Bolsa, 3 Kg;;1700;10990;True;https://super.lider.cl/ip/perro/00780192000068;https://i5.walmartimages.cl/asr/ab633c4e-d84e-4ba1-8d6b-6d962a436130.37284a0a76608625ad130355ddaa0c3c.jpeg?null=&odnHeight=580&odnWidth=580&odnBg=FFFFFF;Gato > Alimento Seco;https://super.lider.cl/browse/mascotas/perro/alimento-seco/07089592_29432822_59354834;;1;2026-03-17T01:57:38
00780192000176;Alimento Seco Perro Adulto Raza Pequeña Carne Bolsa, 3 Kg;;1700;10990;True;https://super.lider.cl/ip/perro/00780192000176;https://i5.walmartimages.cl/asr/9ea512c3-aacd-4140-950f-9f769d8f65c3.96a166a719914636d4aa8a8d82aa1964.jpeg?null=&odnHeight=580&odnWidth=580&odnBg=FFFFFF;Gato > Alimento Seco;https://super.lider.cl/browse/mascotas/perro/alimento-seco/07089592_29432822_59354834;;1;2026-03-17T01:57:38
00780257553413;Alimento Seco Perro Senior Raza Pequeña Carne Bolsa, 3 kg;;3663;10990;True;https://super.lider.cl/ip/perro/00780257553413;https://i5.walmartimages.cl/asr/f770c76a-2270-4132-8658-ceb0298506fd.77f4ae1125a1ea684ebb9d102e8a1420.jpeg?null=&odnHeight=580&odnWidth=580&odnBg=FFFFFF;Gato > Alimento Seco;https://super.lider.cl/browse/mascotas/perro/alimento-seco/07089592_29432822_59354834;;1;2026-03-17T01:57:38
00844529056371;Alimento Seco Perro Adulto Alta Proteina Carne Bolsa, 3 kg;;3597;10790;True;https://super.lider.cl/ip/perro/00844529056371;https://i5.walmartimages.cl/asr/f2a65280-72b2-4dc8-88d4-ab524f5f7e53.568cf46f2d55b724c873d6bbebd87446.jpeg?null=&odnHeight=580&odnWidth=580&odnBg=FFFFFF;Gato > Alimento Seco;https://super.lider.cl/browse/mascotas/perro/alimento-seco/07089592_29432822_59354834;;1;2026-03-17T01:57:38
00844529140092;Alimento Seco Perro Cachorro Raza Mediana y Grande Bolsa, 12 kg;;2449;29390;True;https://super.lider.cl/ip/perro/00844529140092;https://i5.walmartimages.cl/asr/8ca5ff9d-476f-449b-82b6-4af1985d49fc.c35a3f6a43d10bd4a5382938b40d0403.jpeg?null=&odnHeight=580&odnWidth=580&odnBg=FFFFFF;Gato > Alimento Seco;https://super.lider.cl/browse/mascotas/perro/alimento-seco/07089592_29432822_59354834;;1;2026-03-17T01:57:38
00761303595084;Alimento Seco Cachorro Raza Pequeña Carne y Pollo Bolsa, 3 Kg;;3597;10790;True;https://super.lider.cl/ip/perro/00761303595084;https://i5.walmartimages.cl/asr/572f4683-203b-447b-b3a3-0846aecdfe6f.15f4a7da94f99e43efa71aa88ea62ca1.jpeg?null=&odnHeight=580&odnWidth=580&odnBg=FFFFFF;Gato > Alimento Seco;https://super.lider.cl/browse/mascotas/perro/alimento-seco/07089592_29432822_59354834;;1;2026-03-17T01:57:38
00761328790976;Alimento Seco Perro Adulto Raza Mediana/Grande Carne y Pollo Bolsa, 3 Kg;;3597;10790;True;https://super.lider.cl/ip/perro/00761328790976;https://i5.walmartimages.cl/asr/e3a7340a-6425-40ce-8928-87f5a291aec0.18e3ea07cc1d65dd9fd670956a5d355e.jpeg?null=&odnHeight=580&odnWidth=580&odnBg=FFFFFF;Gato > Alimento Seco;https://super.lider.cl/browse/mascotas/perro/alimento-seco/07089592_29432822_59354834;;1;2026-03-17T01:57:38
00780257553358;Alimento Seco Perro Adulto Raza Pequeña Sabor Pollo Bolsa, 3 Kg;;5063;15190;True;https://super.lider.cl/ip/perro/00780257553358;https://i5.walmartimages.cl/asr/6e132e39-b330-47a5-ad31-1b32fb8f75b2.42beeef9139a5758d9e37acec05cce25.jpeg?null=&odnHeight=580&odnWidth=580&odnBg=FFFFFF;Gato > Alimento Seco;https://super.lider.cl/browse/mascotas/perro/alimento-seco/07089592_29432822_59354834;;1;2026-03-17T01:57:38
00761328722801;Alimento Seco Perro Adulto Raza Mediana/Grande Pollo y Cordero Bolsa, 6 Kg;;4548;27290;True;https://super.lider.cl/ip/perro/00761328722801;https://i5.walmartimages.cl/asr/2f4238bb-04fd-41c6-a9e5-736f9fb8d517.253982da55e16a20cb49f4cd7159b0b6.jpeg?null=&odnHeight=580&odnWidth=580&odnBg=FFFFFF;Gato > Alimento Seco;https://super.lider.cl/browse/mascotas/perro/alimento-seco/07089592_29432822_59354834;;1;2026-03-17T01:57:38
00780257553365;Alimento Seco Perro Adulto Raza Mediana/Grande Sabor Pollo Bolsa, 15 Kg;;2666;39990;True;https://super.lider.cl/ip/perro/00780257553365;https://i5.walmartimages.cl/asr/c6060499-d65a-4dd4-b775-f64333e7a745.ec2684da5ac25f871d6f589e359b4e67.jpeg?null=&odnHeight=580&odnWidth=580&odnBg=FFFFFF;Gato > Alimento Seco;https://super.lider.cl/browse/mascotas/perro/alimento-seco/07089592_29432822_59354834;;1;2026-03-17T01:57:38
00761328722537;Alimento Seco Perro Adulto Raza Pequeña Pollo y Cordero Bolsa, 6 Kg;;4548;27290;True;https://super.lider.cl/ip/perro/00761328722537;https://i5.walmartimages.cl/asr/4bfd9f4b-199e-40c8-8341-26851107a197.1b52d68152159ca344f3452ffa78e20c.jpeg?null=&odnHeight=580&odnWidth=580&odnBg=FFFFFF;Gato > Alimento Seco;https://super.lider.cl/browse/mascotas/perro/alimento-seco/07089592_29432822_59354834;;1;2026-03-17T01:57:38
00761328722723;Alimento Seco Perro Adulto Raza Mediana/Grande Pollo y Carne Bolsa, 12 Kg;;4299;51590;True;https://super.lider.cl/ip/perro/00761328722723;https://i5.walmartimages.cl/asr/a13141fe-49e2-47a4-bf45-13afbf80d260.e156d607351d900c8ab3d8d51b5254c8.jpeg?null=&odnHeight=580&odnWidth=580&odnBg=FFFFFF;Gato > Alimento Seco;https://super.lider.cl/browse/mascotas/perro/alimento-seco/07089592_29432822_59354834;;1;2026-03-17T01:57:38
00780257553324;Alimento Seco Perro Adulto Raza Pequeña Carne Bolsa, 8 Kg;;2873;22990;True;https://super.lider.cl/ip/perro/00780257553324;https://i5.walmartimages.cl/asr/8c132f0a-2fdc-42c3-a245-fb3424667995.5e91f329d67e4f08aae1706538dd17cd.jpeg?null=&odnHeight=580&odnWidth=580&odnBg=FFFFFF;Gato > Alimento Seco;https://super.lider.cl/browse/mascotas/perro/alimento-seco/07089592_29432822_59354834;;1;2026-03-17T01:57:38
00780192000011;Alimento Seco Cachorro Raza Mediana/Grande Sabor Carne y Leche Bolsa, 3 Kg;;1700;10990;True;https://super.lider.cl/ip/perro/00780192000011;https://i5.walmartimages.cl/asr/6bdf559c-e29d-47c1-a1f3-1d567e06c4c4.8146429fe1a75a1710b86acc3ff02d5b.jpeg?null=&odnHeight=580&odnWidth=580&odnBg=FFFFFF;Gato > Alimento Seco;https://super.lider.cl/browse/mascotas/perro/alimento-seco/07089592_29432822_59354834;;1;2026-03-17T01:57:38
00779745397411;Alimento Cachorro Razas Pequeñas, 3 kg;;2200;11190;True;https://super.lider.cl/ip/perro/00779745397411;https://i5.walmartimages.cl/asr/4fcb5d6f-1453-4eda-96ea-42ada18c0167.bef605203ac7586a69a16c55b98d30a6.jpeg?odnHeight=580&odnWidth=580&odnBg=FFFFFF;Gato > Alimento Seco;https://super.lider.cl/browse/mascotas/perro/alimento-seco/07089592_29432822_59354834;;1;2026-03-17T01:57:38
00780257554455;Alimento Seco Perro Adulto Sabor Carne Bolsa, 21 kg;;1900;39890;True;https://super.lider.cl/ip/perro/00780257554455;https://i5.walmartimages.cl/asr/a0095f78-a51a-4d6d-b16b-ed371b3ca3a7.fbe7f7d97d61cfa66720d4ed69eb76c6.jpeg?null=&odnHeight=580&odnWidth=580&odnBg=FFFFFF;Gato > Alimento Seco;https://super.lider.cl/browse/mascotas/perro/alimento-seco/07089592_29432822_59354834;;1;2026-03-17T01:57:38
00040005088011;Super Premium - Alimento Seco Gato Adulto Esterilizado De Pollo Y Salmón, 2 kg;;7995;15990;True;https://super.lider.cl/ip/perro/00040005088011;https://i5.walmartimages.cl/asr/4278f609-36ea-4334-bd45-7c0ed52372ab.5e3fba8c75f8952414b750a22246f558.jpeg?odnHeight=580&odnWidth=580&odnBg=FFFFFF;Gato > Alimento Seco;https://super.lider.cl/browse/mascotas/gato/alimento-seco/07089592_85723699_38537300;;1;2026-03-17T01:59:44
00780257553359;Alimento Seco Perro Adulto Raza Mediana/Grande Sabor Pollo Bolsa, 3 Kg;;5063;15190;True;https://super.lider.cl/ip/perro/00780257553359;https://i5.walmartimages.cl/asr/e69f19dd-ea7a-4a8d-a646-75cebfb835d0.4c37a9e4d340af6e6ac08265fee3feb9.jpeg?null=&odnHeight=580&odnWidth=580&odnBg=FFFFFF;Gato > Alimento Seco;https://super.lider.cl/browse/mascotas/perro/alimento-seco/07089592_29432822_59354834;;1;2026-03-17T01:57:38
00780192000018;Alimento Seco Perro Adulto Raza Mediana/Grande Sabor Carne Bolsa, 3 Kg;;3663;10990;True;https://super.lider.cl/ip/perro/00780192000018;https://i5.walmartimages.cl/asr/faa121d8-5635-4f87-9818-bf367d9a9a61.8d7d5a4753f70872950c9f8c54f7df7b.jpeg?null=&odnHeight=580&odnWidth=580&odnBg=FFFFFF;Gato > Alimento Seco;https://super.lider.cl/browse/mascotas/perro/alimento-seco/07089592_29432822_59354834;;1;2026-03-17T01:57:38
00780443800216;Alimento Seco Perro Adulto Raza Pequeña Carne y Cereales Bolsa, 3 Kg;;10390;10390;False;https://super.lider.cl/ip/perro/00780443800216;https://i5.walmartimages.cl/asr/cc9dde7e-c555-46d8-9965-e8ceb62dfd98.6efa1b4481ec31e089899dbb34d466f5.jpeg?null=&odnHeight=580&odnWidth=580&odnBg=FFFFFF;Gato > Alimento Seco;https://super.lider.cl/browse/mascotas/perro/alimento-seco/07089592_29432822_59354834;;1;2026-03-17T01:57:38
00761303595092;Alimento Seco Cachorro Raza Mediana/Grande Carne y Pollo Bolsa, 3 Kg;;3597;10790;True;https://super.lider.cl/ip/perro/00761303595092;https://i5.walmartimages.cl/asr/ae66ed60-6cac-45d5-9c58-0caaac6d7561.0f8f4d124ee3b4b07c58e68ae05f792d.jpeg?null=&odnHeight=580&odnWidth=580&odnBg=FFFFFF;Gato > Alimento Seco;https://super.lider.cl/browse/mascotas/perro/alimento-seco/07089592_29432822_59354834;;1;2026-03-17T01:57:38
00040005088006;Super Premium - Alimento Seco Perro Adulto Raza Pequeña De Pollo Y Arvejas, 2 kg;;5495;10990;True;https://super.lider.cl/ip/perro/00040005088006;https://i5.walmartimages.cl/asr/951dd305-c26b-4083-a0e5-9660a79301d4.f34be36bf66b9dfc9eacc3086961ab5b.jpeg?odnHeight=580&odnWidth=580&odnBg=FFFFFF;Gato > Alimento Seco;https://super.lider.cl/browse/mascotas/perro/alimento-seco/07089592_29432822_59354834?page=2;;2;2026-03-17T01:58:01
00779745397250;Alimento Seco Perro Adulto Raza Pequeña Carne y Vegetales Bolsa, 8 Kg;;3024;24190;True;https://super.lider.cl/ip/perro/00779745397250;https://i5.walmartimages.cl/asr/05da5049-9427-4a86-87fb-0485c7d5f2cc.d3fc339de74963e8eb49afa13936f07d.jpeg?null=&odnHeight=580&odnWidth=580&odnBg=FFFFFF;Gato > Alimento Seco;https://super.lider.cl/browse/mascotas/perro/alimento-seco/07089592_29432822_59354834?page=2;;2;2026-03-17T01:58:01
00761328722511;Alimento Seco Cachorro Pollo y Carne Bolsa, 6 Kg;;4548;27290;True;https://super.lider.cl/ip/perro/00761328722511;https://i5.walmartimages.cl/asr/98ebdf5e-0fe7-497a-919e-3da89ca311da.6a2ee6349fb4bde9874eb90797a8b9c8.jpeg?null=&odnHeight=580&odnWidth=580&odnBg=FFFFFF;Gato > Alimento Seco;https://super.lider.cl/browse/mascotas/perro/alimento-seco/07089592_29432822_59354834?page=2;;2;2026-03-17T01:58:01
00780257553361;Alimento Seco Cachorro Raza Pequeña Sabor Pollo Bolsa, 2,5 Kg;;6076;15190;True;https://super.lider.cl/ip/perro/00780257553361;https://i5.walmartimages.cl/asr/a0398f32-075e-4645-8786-9c67d26b9ce6.f7930d7557aca59a540c3522ae1b2af1.jpeg?null=&odnHeight=580&odnWidth=580&odnBg=FFFFFF;Gato > Alimento Seco;https://super.lider.cl/browse/mascotas/perro/alimento-seco/07089592_29432822_59354834?page=2;;2;2026-03-17T01:58:01
00844529056408;Alimento Seco Perro Adulto Multi Proteina Carne Bolsa, 3 kg;;3597;10790;True;https://super.lider.cl/ip/perro/00844529056408;https://i5.walmartimages.cl/asr/c7196a87-e5c2-495c-9995-791e8c3d51ff.1c7ca81ed6733e9be0d424fb187fbe29.jpeg?null=&odnHeight=580&odnWidth=580&odnBg=FFFFFF;Gato > Alimento Seco;https://super.lider.cl/browse/mascotas/perro/alimento-seco/07089592_29432822_59354834?page=2;;2;2026-03-17T01:58:01
00761328722553;Alimento Seco Perro Adulto Raza Mediana/Grande Pollo y Carne Bolsa, 6 Kg;;4548;27290;True;https://super.lider.cl/ip/perro/00761328722553;https://i5.walmartimages.cl/asr/5a5efc36-1543-4e78-85e6-5191f5d40a6a.383b7372c3c29cc0173596574b204a0d.jpeg?null=&odnHeight=580&odnWidth=580&odnBg=FFFFFF;Gato > Alimento Seco;https://super.lider.cl/browse/mascotas/perro/alimento-seco/07089592_29432822_59354834?page=2;;2;2026-03-17T01:58:01
00040005088009;Super Premium - Alimento Seco Cachorro Raza Mediana/Grande De Pollo Y Arveja, 2 kg;;5495;10990;True;https://super.lider.cl/ip/perro/00040005088009;https://i5.walmartimages.cl/asr/fe905f8d-6e2c-4ded-9ddf-66ca4cb90498.9a796a88aa0cad7f073ced1c2e28205d.jpeg?odnHeight=580&odnWidth=580&odnBg=FFFFFF;Gato > Alimento Seco;https://super.lider.cl/browse/mascotas/perro/alimento-seco/07089592_29432822_59354834?page=2;;2;2026-03-17T01:58:01
00040005088007;Super Premium - Alimento Seco Perro Adulto Raza Pequeña De Pollo Y Arvejas, 6 kg;;4498;26990;True;https://super.lider.cl/ip/perro/00040005088007;https://i5.walmartimages.cl/asr/478eda57-679a-43ed-9900-2a66198609b5.bd226a0aeb805fa16b47dba57c16b059.jpeg?odnHeight=580&odnWidth=580&odnBg=FFFFFF;Gato > Alimento Seco;https://super.lider.cl/browse/mascotas/perro/alimento-seco/07089592_29432822_59354834?page=2;;2;2026-03-17T01:58:01
00040005088008;Super Premium - Alimentos Seco Perro Adulto Mediano/Grande De Pollo Y Arvejas, 12 kg;;3916;46990;True;https://super.lider.cl/ip/cafe-te-y-hierbas/00040005088008;https://i5.walmartimages.cl/asr/7c6640a4-1ea8-4b08-95b6-c22a7453b2ba.3a657e02e518b8226ddf8ec77d664d00.jpeg?odnHeight=580&odnWidth=580&odnBg=FFFFFF;Gato > Alimento Seco;https://super.lider.cl/browse/mascotas/perro/alimento-seco/07089592_29432822_59354834?page=2;;2;2026-03-17T01:58:01
00780443800153;Alimento Seco Cachorro Carne y Cereales Bolsa, 3 Kg;;10390;10390;False;https://super.lider.cl/ip/perro/00780443800153;https://i5.walmartimages.cl/asr/628150e8-5bfb-42cf-a4f9-66bf650752bd.66fc51220048ccc9ac80a726f275216a.jpeg?null=&odnHeight=580&odnWidth=580&odnBg=FFFFFF;Gato > Alimento Seco;https://super.lider.cl/browse/mascotas/perro/alimento-seco/07089592_29432822_59354834?page=2;;2;2026-03-17T01:58:01
00761328722513;Alimento Seco Cachorro Sabor Pollo y Carne Bolsa;;4166;49990;True;https://super.lider.cl/ip/perro/00761328722513;https://i5.walmartimages.cl/asr/2184171f-a593-4ee9-9d2b-04bb4b0343a1.7b1be85f8d9646cb59b7721880d8ca75.jpeg?null=&odnHeight=580&odnWidth=580&odnBg=FFFFFF;Gato > Alimento Seco;https://super.lider.cl/browse/mascotas/perro/alimento-seco/07089592_29432822_59354834?page=2;;2;2026-03-17T01:58:01
00780257553486;Delident Raza Grande, 270 g;;2590;9593;True;https://super.lider.cl/ip/perro/00780257553486;https://i5.walmartimages.cl/asr/e1c94fd0-d773-4b35-8a74-2aa443f8a80c.38e272f18bff9c18264a1d04d021e8a4.jpeg?odnHeight=580&odnWidth=580&odnBg=FFFFFF;Gato > Alimento Seco;https://super.lider.cl/browse/mascotas/perro/alimento-seco/07089592_29432822_59354834?page=2;;2;2026-03-17T01:58:01
00780257553485;Delident Raza Pequeña, 110 g;;1590;14455;True;https://super.lider.cl/ip/perro/00780257553485;https://i5.walmartimages.cl/asr/d194875c-877a-44a2-8706-03e968a97b33.d32e41d209146baf18a7ff610734f405.jpeg?odnHeight=580&odnWidth=580&odnBg=FFFFFF;Gato > Alimento Seco;https://super.lider.cl/browse/mascotas/perro/alimento-seco/07089592_29432822_59354834?page=2;;2;2026-03-17T01:58:01
00780257553363;Alimento Seco Cachorro Raza Mediana/Grande Sabor Pollo Bolsa, 2,5 Kg;;6076;15190;True;https://super.lider.cl/ip/perro/00780257553363;https://i5.walmartimages.cl/asr/733ef43d-0b84-42e3-8869-6966d22c675f.a588001a20c5882c44306d1b96c64acd.jpeg?null=&odnHeight=580&odnWidth=580&odnBg=FFFFFF;Gato > Alimento Seco;https://super.lider.cl/browse/mascotas/perro/alimento-seco/07089592_29432822_59354834?page=2;;2;2026-03-17T01:58:01
00780257553484;Delident Raza Mediana, 180 g;;1790;9944;True;https://super.lider.cl/ip/perro/00780257553484;https://i5.walmartimages.cl/asr/15c17966-862a-400b-ac13-25844125b0d4.adb77101727957357ebaecae2928ce5e.jpeg?odnHeight=580&odnWidth=580&odnBg=FFFFFF;Gato > Alimento Seco;https://super.lider.cl/browse/mascotas/perro/alimento-seco/07089592_29432822_59354834?page=2;;2;2026-03-17T01:58:01
00062869382601;Indomitable Patagonia Classic Beef 460 G, 460 g;;759;3490;True;https://super.lider.cl/ip/perro/00062869382601;https://i5.walmartimages.cl/asr/b598cb10-53da-4220-8246-476d0faaa56e.4c9699ebc24bb2f6eca6429f92267ca4.jpeg?odnHeight=580&odnWidth=580&odnBg=FFFFFF;Gato > Alimento Seco;https://super.lider.cl/browse/mascotas/perro/alimento-seco/07089592_29432822_59354834?page=2;;2;2026-03-17T01:58:01
00761328722489;Alimento Seco Cachorro Pollo y Carne Bolsa, 2 Kg;;5345;10690;True;https://super.lider.cl/ip/perro/00761328722489;https://i5.walmartimages.cl/asr/ac9b9c20-ba90-4533-a202-d56d6bc22ff7.297e71cf1d54f65bd95784e2b66206a3.jpeg?null=&odnHeight=580&odnWidth=580&odnBg=FFFFFF;Gato > Alimento Seco;https://super.lider.cl/browse/mascotas/perro/alimento-seco/07089592_29432822_59354834?page=2;;2;2026-03-17T01:58:01
00780257553323;Alimento Seco Cachorro Raza Pequeña Carne y Leche Bolsa, 3 Kg;;1700;10990;True;https://super.lider.cl/ip/perro/00780257553323;https://i5.walmartimages.cl/asr/26f99190-74c3-426d-b3cf-bd6d1491e962.856762e82f88baaa60e9f1c21cee77be.jpeg?null=&odnHeight=580&odnWidth=580&odnBg=FFFFFF;Gato > Alimento Seco;https://super.lider.cl/browse/mascotas/perro/alimento-seco/07089592_29432822_59354834?page=2;;2;2026-03-17T01:58:01
00779745300079;Alimento Húmedo Perro Adulto Sabor Carne Pouch, 100 g;;810;8100;True;https://super.lider.cl/ip/perro/00779745300079;https://i5.walmartimages.cl/asr/0e9f735d-26ff-4638-bb58-2c7f2dff9b9f.a16b5c34256fd3e10a4f7d23d2717c04.jpeg?null=&odnHeight=580&odnWidth=580&odnBg=FFFFFF;Gato > Alimento Humedo;https://super.lider.cl/browse/mascotas/perro/alimento-humedo/07089592_29432822_02175062;;1;2026-03-17T01:58:25
00779745300047;Alimento Húmedo Perro Adulto Raza Pequeña Sabor Carne Pouch, 100 g;;810;8100;True;https://super.lider.cl/ip/perro/00779745300047;https://i5.walmartimages.cl/asr/b654b24d-f6cc-4263-9c7e-2c71672e8692.7967a7ca2b482175be7a6da8b65cbcf4.jpeg?null=&odnHeight=580&odnWidth=580&odnBg=FFFFFF;Gato > Alimento Humedo;https://super.lider.cl/browse/mascotas/perro/alimento-humedo/07089592_29432822_02175062;;1;2026-03-17T01:58:25
00779745300048;Alimento Húmedo Perro Adulto Raza Pequeña Sabor Pollo Pouch, 100 g;;810;8100;True;https://super.lider.cl/ip/perro/00779745300048;https://i5.walmartimages.cl/asr/1d73773f-b8fd-4633-9689-db35eacb3fe7.6f095c2e688a723eb73aa5d6ea3b49c0.jpeg?null=&odnHeight=580&odnWidth=580&odnBg=FFFFFF;Gato > Alimento Humedo;https://super.lider.cl/browse/mascotas/perro/alimento-humedo/07089592_29432822_02175062;;1;2026-03-17T01:58:25
00779745300080;Alimento Húmedo Perro Adulto Sabor Pollo Pouch, 100 g;;810;8100;True;https://super.lider.cl/ip/perro/00779745300080;https://i5.walmartimages.cl/asr/d2aa1609-666d-40a5-a3c2-2c4c3c345c79.2dd9d396475aac56786cdf65f2f74078.jpeg?null=&odnHeight=580&odnWidth=580&odnBg=FFFFFF;Gato > Alimento Humedo;https://super.lider.cl/browse/mascotas/perro/alimento-humedo/07089592_29432822_02175062;;1;2026-03-17T01:58:25
00085000671539;Puré Cremoso Perro Adulto Sabor Pollo Sachet, 14 g;;600;42679;True;https://super.lider.cl/ip/perro/00085000671539;https://i5.walmartimages.cl/asr/82983b35-b361-4ee7-b6e6-c4628e87352f.80e13f8a29db0f127cbf220f2e2e8b5f.jpeg?null=&odnHeight=580&odnWidth=580&odnBg=FFFFFF;Gato > Alimento Humedo;https://super.lider.cl/browse/mascotas/perro/alimento-humedo/07089592_29432822_02175062;;1;2026-03-17T01:58:25
00780410000174;Alimento Húmedo Perro Adulto Sabor Carne y Vegetales Sobre, 100 g;;640;6400;True;https://super.lider.cl/ip/perro/00780410000174;https://i5.walmartimages.cl/asr/4f710852-a37c-4ee6-9df7-3b92197f5f14.7823b16d3d594e278de418881d911225.jpeg?odnHeight=580&odnWidth=580&odnBg=FFFFFF;Gato > Alimento Humedo;https://super.lider.cl/browse/mascotas/perro/alimento-humedo/07089592_29432822_02175062;;1;2026-03-17T01:58:25
00779745397176;Alimento Húmedo Perro Senior Sabor Carne Pouch, 100 g;;810;8100;True;https://super.lider.cl/ip/perro/00779745397176;https://i5.walmartimages.cl/asr/bf134f15-a7cf-4225-8693-4c44f22a3aea.177814dea1e406da1226985c0792ce92.jpeg?null=&odnHeight=580&odnWidth=580&odnBg=FFFFFF;Gato > Alimento Humedo;https://super.lider.cl/browse/mascotas/perro/alimento-humedo/07089592_29432822_02175062;;1;2026-03-17T01:58:25
00780410000175;Alimento Húmedo Perro Adulto Trocitos Sabor Pollo Pouch, 100 g;;640;6400;True;https://super.lider.cl/ip/perro/00780410000175;https://i5.walmartimages.cl/asr/23c9e074-f807-4b9d-8e2d-757b89bdd515.7bcfa3067ef1e84a0404eb94141b7437.jpeg?null=&odnHeight=580&odnWidth=580&odnBg=FFFFFF;Gato > Alimento Humedo;https://super.lider.cl/browse/mascotas/perro/alimento-humedo/07089592_29432822_02175062;;1;2026-03-17T01:58:25
00085000671543;Puré Cremoso Perro Adulto Sabor Pollo y Vegetales Sachet, 14 g;;600;42679;True;https://super.lider.cl/ip/perro/00085000671543;https://i5.walmartimages.cl/asr/e7e8ea6c-694e-49a6-9f40-1f770d881817.326987a3290b0107e15e2b2d7ed26380.jpeg?null=&odnHeight=580&odnWidth=580&odnBg=FFFFFF;Gato > Alimento Humedo;https://super.lider.cl/browse/mascotas/perro/alimento-humedo/07089592_29432822_02175062;;1;2026-03-17T01:58:25
00779745300046;Alimento Húmedo Cachorro Sabor Carne Pouch, 85 g;;810;8100;True;https://super.lider.cl/ip/perro/00779745300046;https://i5.walmartimages.cl/asr/53a7ba70-ab84-4c2d-aee8-4b713f3f93ce.c08340750728460fea1ca77939de4cd4.jpeg?null=&odnHeight=580&odnWidth=580&odnBg=FFFFFF;Gato > Alimento Humedo;https://super.lider.cl/browse/mascotas/perro/alimento-humedo/07089592_29432822_02175062;;1;2026-03-17T01:58:25
00789602902225;Alimento Húmedo Cachorro Sabor Pollo Pouch, 100 g;;810;8100;True;https://super.lider.cl/ip/perro/00789602902225;https://i5.walmartimages.cl/asr/8f0d68ca-df48-4696-b9fc-9ee7d03b8561.2815e308639c152b8007977ba0236c5f.jpeg?null=&odnHeight=580&odnWidth=580&odnBg=FFFFFF;Gato > Alimento Humedo;https://super.lider.cl/browse/mascotas/perro/alimento-humedo/07089592_29432822_02175062;;1;2026-03-17T01:58:25
00780410000252;Alimento Húmedo Cachorro Trocitos Sabor Carne Pouch, 100 g;;640;6400;True;https://super.lider.cl/ip/perro/00780410000252;https://i5.walmartimages.cl/asr/b9302069-9f3e-4716-a01c-e03d85d5c7b4.051d9dd97b5b2ac85b5ef01d686da3b7.jpeg?null=&odnHeight=580&odnWidth=580&odnBg=FFFFFF;Gato > Alimento Humedo;https://super.lider.cl/browse/mascotas/perro/alimento-humedo/07089592_29432822_02175062;;1;2026-03-17T01:58:25
00780257553175;Alimento Húmedo Perro Adulto Trocitos Sabor Carne Pouch, 100 g;;680;6800;True;https://super.lider.cl/ip/perro/00780257553175;https://i5.walmartimages.cl/asr/c745ecb0-6794-4f19-81ed-f5fe2e77d765.fae644feaf69d4218444897a4f9a9931.jpeg?null=&odnHeight=580&odnWidth=580&odnBg=FFFFFF;Gato > Alimento Humedo;https://super.lider.cl/browse/mascotas/perro/alimento-humedo/07089592_29432822_02175062;;1;2026-03-17T01:58:25
00085000671554;Snack Perro Adulto Sabor Pollo Sachet Pack 8 Un, 14 g;;1360;6790;True;https://super.lider.cl/ip/perro/00085000671554;https://i5.walmartimages.cl/asr/57fc4ef8-6236-4054-a71d-dd11db44603f.8330fcccc8bf756223843de901ed417f.jpeg?odnHeight=580&odnWidth=580&odnBg=FFFFFF;Gato > Alimento Humedo;https://super.lider.cl/browse/mascotas/perro/alimento-humedo/07089592_29432822_02175062;;1;2026-03-17T01:58:25
00780443800335;Alimento Húmedo Perro Adulto Trocitos Sabor Carne Pouch, 100 g;;630;6300;True;https://super.lider.cl/ip/perro/00780443800335;https://i5.walmartimages.cl/asr/5b464c08-6154-41d7-9dbe-22008dce37cf.3d3909cdfee95fcd6400acd903595fee.jpeg?null=&odnHeight=580&odnWidth=580&odnBg=FFFFFF;Gato > Alimento Humedo;https://super.lider.cl/browse/mascotas/perro/alimento-humedo/07089592_29432822_02175062;;1;2026-03-17T01:58:25
00780257553172;Alimento Húmedo Perro Adulto Trocitos Sabor Pollo Pouch, 100 g;;680;6800;True;https://super.lider.cl/ip/perro/00780257553172;https://i5.walmartimages.cl/asr/8f1339ba-8158-4d3f-8bba-7c37685bef8b.fb5be463d40cbbd86a71336419df7f20.jpeg?null=&odnHeight=580&odnWidth=580&odnBg=FFFFFF;Gato > Alimento Humedo;https://super.lider.cl/browse/mascotas/perro/alimento-humedo/07089592_29432822_02175062;;1;2026-03-17T01:58:25
00780443800336;Alimento Húmedo Perro Adulto Trocitos Sabor Pollo Pouch, 100 g;;630;6300;True;https://super.lider.cl/ip/perro/00780443800336;https://i5.walmartimages.cl/asr/91e91133-9edb-4524-bc3c-60dcd63f40cc.bd7580bed2fadd3f8695e6fd9ceaff8d.jpeg?null=&odnHeight=580&odnWidth=580&odnBg=FFFFFF;Gato > Alimento Humedo;https://super.lider.cl/browse/mascotas/perro/alimento-humedo/07089592_29432822_02175062;;1;2026-03-17T01:58:25
00780257553332;Alimento Húmedo Perro Adulto Raza Pequeña Trocitos Sabor Carne Pouch, 85 g;;680;8000;True;https://super.lider.cl/ip/perro/00780257553332;https://i5.walmartimages.cl/asr/38adf045-7af5-4f7b-a283-75bf6836ec26.cd311be0f3b6a4c871c6d2189b1e58ad.jpeg?null=&odnHeight=580&odnWidth=580&odnBg=FFFFFF;Gato > Alimento Humedo;https://super.lider.cl/browse/mascotas/perro/alimento-humedo/07089592_29432822_02175062;;1;2026-03-17T01:58:25
00780257553445;Alimento Húmedo Perro Senior Trocitos Sabor Carne Pouch, 100 g;;680;68000;True;https://super.lider.cl/ip/perro/00780257553445;https://i5.walmartimages.cl/asr/e7c759f6-923e-42ba-a70f-792840e488aa.978c025bb2a6cef2ff833eecfacbfe13.jpeg?null=&odnHeight=580&odnWidth=580&odnBg=FFFFFF;Gato > Alimento Humedo;https://super.lider.cl/browse/mascotas/perro/alimento-humedo/07089592_29432822_02175062;;1;2026-03-17T01:58:25
00789100011567;Alimento Húmedo Perro Adulto Sabor Cordero Pouch, 100 g;;830;8300;True;https://super.lider.cl/ip/perro/00789100011567;https://i5.walmartimages.cl/asr/45ed87d6-6f1a-4e3d-a916-5e73b9561dd3.ea84e932863ece53bc6745bae7efe6ba.jpeg?null=&odnHeight=580&odnWidth=580&odnBg=FFFFFF;Gato > Alimento Humedo;https://super.lider.cl/browse/mascotas/perro/alimento-humedo/07089592_29432822_02175062;;1;2026-03-17T01:58:25
00789100011563;Alimento Húmedo Perro Adulto Sabor Carne Pouch, 100 g;;830;8300;True;https://super.lider.cl/ip/perro/00789100011563;https://i5.walmartimages.cl/asr/c9b13770-ccfd-45ad-986f-499516b50129.5b2bd67cb50fb8129b2e1fc40fc7339e.jpeg?null=&odnHeight=580&odnWidth=580&odnBg=FFFFFF;Gato > Alimento Humedo;https://super.lider.cl/browse/mascotas/perro/alimento-humedo/07089592_29432822_02175062;;1;2026-03-17T01:58:25
00789100033234;Alimento Húmedo Perro Adulto Sabor Carne, Pollo y Cordero Pouch, 85 g;;1250;14705;True;https://super.lider.cl/ip/perro/00789100033234;https://i5.walmartimages.cl/asr/e166a1e9-137f-4b8f-a321-dbefc4db8354.71485111fced08dbbb44691c27096068.jpeg?null=&odnHeight=580&odnWidth=580&odnBg=FFFFFF;Gato > Alimento Humedo;https://super.lider.cl/browse/mascotas/perro/alimento-humedo/07089592_29432822_02175062;;1;2026-03-17T01:58:25
00789100011565;Alimento Húmedo Perro Adulto Sabor Pollo Pouch, 100 g;;830;8300;True;https://super.lider.cl/ip/perro/00789100011565;https://i5.walmartimages.cl/asr/0a3bdf24-68c5-49db-866c-d02485249bfe.a5ed92636e173cac3ee6656af122ec2e.jpeg?null=&odnHeight=580&odnWidth=580&odnBg=FFFFFF;Gato > Alimento Humedo;https://super.lider.cl/browse/mascotas/perro/alimento-humedo/07089592_29432822_02175062;;1;2026-03-17T01:58:25
00085000671556;Snack Perro Adulto Sabor Pollo y Salmón Sachet Pack 8 Un, 14 g;;6790;7073;True;https://super.lider.cl/ip/perro/00085000671556;https://i5.walmartimages.cl/asr/330829bd-b521-4c31-b119-27fa9e8b841d.f30c6cb00589dfadccda11b6322d37c7.jpeg?odnHeight=580&odnWidth=580&odnBg=FFFFFF;Gato > Alimento Humedo;https://super.lider.cl/browse/mascotas/perro/alimento-humedo/07089592_29432822_02175062;;1;2026-03-17T01:58:25
00780257553266;Alimento Húmedo Cachorro Trocitos Sabor Pollo Pouch, 85 g;;680;8000;True;https://super.lider.cl/ip/perro/00780257553266;https://i5.walmartimages.cl/asr/0b0d5a2b-6294-4e0d-98c6-22c60074d151.52e2356c04dcbd7f1c7648f0c1d1391d.jpeg?null=&odnHeight=580&odnWidth=580&odnBg=FFFFFF;Gato > Alimento Humedo;https://super.lider.cl/browse/mascotas/perro/alimento-humedo/07089592_29432822_02175062;;1;2026-03-17T01:58:25
00789100033210;Alimento Húmedo Perro Adulto y Cachorro Superfoods Sabor Salmón Pouch, 85 g;;1250;14705;True;https://super.lider.cl/ip/perro/00789100033210;https://i5.walmartimages.cl/asr/9d2740a5-cff1-4afe-96af-aa7d9eb3eeb4.0a31624a37b3721c8fa3537576079d45.jpeg?null=&odnHeight=580&odnWidth=580&odnBg=FFFFFF;Gato > Alimento Humedo;https://super.lider.cl/browse/mascotas/perro/alimento-humedo/07089592_29432822_02175062;;1;2026-03-17T01:58:25
00789100024413;Alimento Húmedo Perro Adulto Raza Pequeña Sabor Carne Pouch, 100 g;;830;8300;True;https://super.lider.cl/ip/perro/00789100024413;https://i5.walmartimages.cl/asr/8b7e7e6a-7d76-42f0-9393-3a672ed241ce.accd58c062b59afee7ddc4301327a1af.jpeg?null=&odnHeight=580&odnWidth=580&odnBg=FFFFFF;Gato > Alimento Humedo;https://super.lider.cl/browse/mascotas/perro/alimento-humedo/07089592_29432822_02175062;;1;2026-03-17T01:58:25
00789100024474;Alimento Húmedo Cachorro Sabor Carne Pouch, 100 g;;830;8300;True;https://super.lider.cl/ip/perro/00789100024474;https://i5.walmartimages.cl/asr/0da541c9-f1a2-489a-abb1-58aea6a76058.68509ab6d7f353d241db1bd9f3c5acfd.jpeg?null=&odnHeight=580&odnWidth=580&odnBg=FFFFFF;Gato > Alimento Humedo;https://super.lider.cl/browse/mascotas/perro/alimento-humedo/07089592_29432822_02175062;;1;2026-03-17T01:58:25
00780257553397;Alimento Húmedo Perro Adulto y Cachorro Sabor Pechuga de Pollo con Salmón al Jugo Pouch, 100 g;;1250;12500;True;https://super.lider.cl/ip/perro/00780257553397;https://i5.walmartimages.cl/asr/e7123409-17bc-48be-a4a7-eaa5f043e5ca.75fc77191cca8ec2b45d191eb7d20ffb.jpeg?null=&odnHeight=580&odnWidth=580&odnBg=FFFFFF;Gato > Alimento Humedo;https://super.lider.cl/browse/mascotas/perro/alimento-humedo/07089592_29432822_02175062;;1;2026-03-17T01:58:25
00065952550935;Alimento Natural Para Gato Sachet Pollo, 200 g;;2850;14250;True;https://super.lider.cl/ip/perro/00065952550935;https://i5.walmartimages.cl/asr/1a4e4dc3-d39e-4566-830b-e8aaaa2d802b.043c649b22d5213d95a946ec6d8e3bba.jpeg?odnHeight=580&odnWidth=580&odnBg=FFFFFF;Gato > Alimento Humedo;https://super.lider.cl/browse/mascotas/perro/alimento-humedo/07089592_29432822_02175062;;1;2026-03-17T01:58:25
00074674766585;Snack para Perro Beef Crema de Vacuno Pouch, 90 g;;2090;2090;False;https://super.lider.cl/ip/perro/00074674766585;https://i5.walmartimages.cl/asr/d3eae884-f2fb-49ca-be8b-4bc7b9f94342.474a5c113c09356c8798515d3b3b9c64.jpeg?odnHeight=580&odnWidth=580&odnBg=FFFFFF;Gato > Alimento Humedo;https://super.lider.cl/browse/mascotas/perro/alimento-humedo/07089592_29432822_02175062;;1;2026-03-17T01:58:25
00074674766586;Snack para Perro Beef Crema de Cordero Pouch, 90 g;;2090;2090;False;https://super.lider.cl/ip/perro/00074674766586;https://i5.walmartimages.cl/asr/5aeda8a5-d7f5-41b0-a454-41a16c533ece.15bc6a2f729a87f53bb166a8a0123e50.jpeg?odnHeight=580&odnWidth=580&odnBg=FFFFFF;Gato > Alimento Humedo;https://super.lider.cl/browse/mascotas/perro/alimento-humedo/07089592_29432822_02175062;;1;2026-03-17T01:58:25
00065952550938;Alimento Natural Para Gato Sachet Renal, 200 g;;2850;14250;True;https://super.lider.cl/ip/perro/00065952550938;https://i5.walmartimages.cl/asr/b0e8cdad-b1b5-4a73-8559-6357312f600d.660022ebd697238bafef89bcf0d6aea8.jpeg?odnHeight=580&odnWidth=580&odnBg=FFFFFF;Gato > Alimento Humedo;https://super.lider.cl/browse/mascotas/perro/alimento-humedo/07089592_29432822_02175062;;1;2026-03-17T01:58:25
00065952550933;Alimento Natural Para Perro Sachet Vacuno, 200 g;;2290;11450;True;https://super.lider.cl/ip/perro/00065952550933;https://i5.walmartimages.cl/asr/271f0887-9b81-487b-8227-7e7b5e607dbd.02f8303ad423b5776490d477fe6e5382.jpeg?odnHeight=580&odnWidth=580&odnBg=FFFFFF;Gato > Alimento Humedo;https://super.lider.cl/browse/mascotas/perro/alimento-humedo/07089592_29432822_02175062;;1;2026-03-17T01:58:25
00065952550930;Alimento Natural Para Perro Sachet Salmón, 200 g;;2290;11450;True;https://super.lider.cl/ip/perro/00065952550930;https://i5.walmartimages.cl/asr/7e72fbe0-2218-42dc-a552-31bfeb64edce.66c66484bec5fb1ec7bb9617d23201a7.jpeg?odnHeight=580&odnWidth=580&odnBg=FFFFFF;Gato > Alimento Humedo;https://super.lider.cl/browse/mascotas/perro/alimento-humedo/07089592_29432822_02175062;;1;2026-03-17T01:58:25
00789100033230;Alimento Húmedo Perro Adulto y Cachorro Super Nutrientes Sabor Pollo Pouch, 85 g;;1250;14705;True;https://super.lider.cl/ip/perro/00789100033230;https://i5.walmartimages.cl/asr/222efdef-f336-46fd-bfef-00b8e8f9b97f.7590fcfed97e81d390af24ef445500ec.jpeg?null=&odnHeight=580&odnWidth=580&odnBg=FFFFFF;Gato > Alimento Humedo;https://super.lider.cl/browse/mascotas/perro/alimento-humedo/07089592_29432822_02175062;;1;2026-03-17T01:58:25
00085000671539;Puré Cremoso Perro Adulto Sabor Pollo Sachet, 14 g;;600;42679;True;https://super.lider.cl/ip/perro/00085000671539;https://i5.walmartimages.cl/asr/82983b35-b361-4ee7-b6e6-c4628e87352f.80e13f8a29db0f127cbf220f2e2e8b5f.jpeg?null=&odnHeight=580&odnWidth=580&odnBg=FFFFFF;Gato > Snack y Premios;https://super.lider.cl/browse/mascotas/perro/snack-y-premios/07089592_29432822_49543527;;1;2026-03-17T01:58:52
00789100009824;Snack Perro Adulto Doguitos Tira de Asado Bolsa, 65 g;;1650;25385;True;https://super.lider.cl/ip/perro/00789100009824;https://i5.walmartimages.cl/asr/58dc1f92-9ec4-4c7b-a088-db27e480a723.a7b68b7e6d214f4d61336b2bb24ef9e4.jpeg?odnHeight=580&odnWidth=580&odnBg=FFFFFF;Gato > Snack y Premios;https://super.lider.cl/browse/mascotas/perro/snack-y-premios/07089592_29432822_49543527;;1;2026-03-17T01:58:52
00789602905236;Snack Perro Adulto Dentastix Raza Grande Bolsa, 7 Un;;990;7407;True;https://super.lider.cl/ip/perro/00789602905236;https://i5.walmartimages.cl/asr/b72a0340-8a7e-445d-987e-d77826b7c48f.67d7f545de0f5d6f051cdd61b6f51c62.jpeg?null=&odnHeight=580&odnWidth=580&odnBg=FFFFFF;Gato > Snack y Premios;https://super.lider.cl/browse/mascotas/perro/snack-y-premios/07089592_29432822_49543527;;1;2026-03-17T01:58:52
00779745397185;Snack Perro Adulto Rodeo Sabor Carne Bolsa, 70 g;;350;14286;True;https://super.lider.cl/ip/perro/00779745397185;https://i5.walmartimages.cl/asr/b4fc4b02-3128-4841-9ccd-ca9533d7b4b5.85a4df2d575002a01bfc2f809c1ee895.jpeg?null=&odnHeight=580&odnWidth=580&odnBg=FFFFFF;Gato > Snack y Premios;https://super.lider.cl/browse/mascotas/perro/snack-y-premios/07089592_29432822_49543527;;1;2026-03-17T01:58:52
00085000671543;Puré Cremoso Perro Adulto Sabor Pollo y Vegetales Sachet, 14 g;;600;42679;True;https://super.lider.cl/ip/perro/00085000671543;https://i5.walmartimages.cl/asr/e7e8ea6c-694e-49a6-9f40-1f770d881817.326987a3290b0107e15e2b2d7ed26380.jpeg?null=&odnHeight=580&odnWidth=580&odnBg=FFFFFF;Gato > Snack y Premios;https://super.lider.cl/browse/mascotas/perro/snack-y-premios/07089592_29432822_49543527;;1;2026-03-17T01:58:52
00780550500667;Huesito para perro extra calcio, 40 g;;2650;66250;True;https://super.lider.cl/ip/perro/00780550500667;https://i5.walmartimages.cl/asr/df6e28ce-a16d-45a7-a116-20c45b05fcf0.597db748b1dd8de5f403c8ab4a8102e0.jpeg?odnHeight=580&odnWidth=580&odnBg=FFFFFF;Gato > Snack y Premios;https://super.lider.cl/browse/mascotas/perro/snack-y-premios/07089592_29432822_49543527;;1;2026-03-17T01:58:52
00780460346599;Sanck para Perro Garra de pollo Bolsa, 65 g;;2750;42308;True;https://super.lider.cl/ip/perro/00780460346599;https://i5.walmartimages.cl/asr/1ec56648-6132-4af2-b8a4-2cde23b96808.626abb4e99a6b13318eadf1ca4879269.jpeg?null=&odnHeight=580&odnWidth=580&odnBg=FFFFFF;Gato > Snack y Premios;https://super.lider.cl/browse/mascotas/perro/snack-y-premios/07089592_29432822_49543527;;1;2026-03-17T01:58:52
00074674766603;Brocheta Pato Cordero y Ternera 18 un, 345 g;;7990;7990;False;https://super.lider.cl/ip/perro/00074674766603;https://i5.walmartimages.cl/asr/4f00451f-6b4c-464f-9dc3-28305b060335.2224310dffab3e3fe8b08700064ba8b4.jpeg?null=&odnHeight=580&odnWidth=580&odnBg=FFFFFF;Gato > Snack y Premios;https://super.lider.cl/browse/mascotas/perro/snack-y-premios/07089592_29432822_49543527;;1;2026-03-17T01:58:52
00780460346597;Sanck para Perro Pulmón de Vacuno Bolsa, 50 g;;2590;51800;True;https://super.lider.cl/ip/perro/00780460346597;https://i5.walmartimages.cl/asr/fbf6e2dd-ca71-4d4b-8104-0093c98a29c5.e4f3f13e677272d538bdc8798eab3e37.jpeg?null=&odnHeight=580&odnWidth=580&odnBg=FFFFFF;Gato > Snack y Premios;https://super.lider.cl/browse/mascotas/perro/snack-y-premios/07089592_29432822_49543527;;1;2026-03-17T01:58:52
00789602905233;Snack Perro Adulto Dentastix Raza Pequeña Bolsa, 7 Un;;1890;17181;True;https://super.lider.cl/ip/perro/00789602905233;https://i5.walmartimages.cl/asr/85ac18ef-0211-4bcb-aaa7-c2434830a241.7569427a7498321fe4f0eca3f50c516c.jpeg?null=&odnHeight=580&odnWidth=580&odnBg=FFFFFF;Gato > Snack y Premios;https://super.lider.cl/browse/mascotas/perro/snack-y-premios/07089592_29432822_49543527;;1;2026-03-17T01:58:52
00780192000178;Galletas Perro Adulto Sabor Carne Bolsa, 500 g;;2850;5700;True;https://super.lider.cl/ip/perro/00780192000178;https://i5.walmartimages.cl/asr/b6ed4f57-d19b-4762-8d8e-ff397d7ee036.dcc783249086c40746974ffe8bfebd6a.jpeg?odnHeight=580&odnWidth=580&odnBg=FFFFFF;Gato > Snack y Premios;https://super.lider.cl/browse/mascotas/perro/snack-y-premios/07089592_29432822_49543527;;1;2026-03-17T01:58:52
00780257553346;Galletas Perro Adulto Raza Pequeña Sabor Carne Bolsa, 500 g;;2850;5700;True;https://super.lider.cl/ip/perro/00780257553346;https://i5.walmartimages.cl/asr/dc585598-3558-49d5-92c5-5b105670c1e1.ce9fa845eca128449ce2bfa9338c339e.jpeg?odnHeight=580&odnWidth=580&odnBg=FFFFFF;Gato > Snack y Premios;https://super.lider.cl/browse/mascotas/perro/snack-y-premios/07089592_29432822_49543527;;1;2026-03-17T01:58:52
00789100009847;Snack Perro Adulto Doguitos Medallones de Carne Bolsa, 65 g;;1650;25385;True;https://super.lider.cl/ip/perro/00789100009847;https://i5.walmartimages.cl/asr/767738f5-c8f1-41a8-aa3a-bce84dd5f899.58cb2a9be22b3925990418edbc328cc7.jpeg?null=&odnHeight=580&odnWidth=580&odnBg=FFFFFF;Gato > Snack y Premios;https://super.lider.cl/browse/mascotas/perro/snack-y-premios/07089592_29432822_49543527;;1;2026-03-17T01:58:52
00779745397184;Snack Perro Adulto Dentastix Raza Mediana Bolsa, 7 Un;;2150;11944;True;https://super.lider.cl/ip/perro/00779745397184;https://i5.walmartimages.cl/asr/b4586182-6a43-4502-85bf-e83b3812f4c0.bef1e5274d59073c1537fc2ab5754e41.jpeg?null=&odnHeight=580&odnWidth=580&odnBg=FFFFFF;Gato > Snack y Premios;https://super.lider.cl/browse/mascotas/perro/snack-y-premios/07089592_29432822_49543527;;1;2026-03-17T01:58:52
00780460346598;Snack para Perro Mix Aperitivo Bolsa, 300 g;;3890;12967;True;https://super.lider.cl/ip/perro/00780460346598;https://i5.walmartimages.cl/asr/7e1c6ef5-f7c2-4ab7-b06a-942b8ec256d4.9e6d113bd31a4b76430d6096e3a6a2fc.jpeg?null=&odnHeight=580&odnWidth=580&odnBg=FFFFFF;Gato > Snack y Premios;https://super.lider.cl/browse/mascotas/perro/snack-y-premios/07089592_29432822_49543527;;1;2026-03-17T01:58:52
00780445700201;Snack Perro Classic Duck Strip Bolsa, g g;;2990;29900;True;https://super.lider.cl/ip/perro/00780445700201;https://i5.walmartimages.cl/asr/c4c80180-8c83-427c-853f-b805c74f4c29.34363909bcfd09d65a24dbff0a0e0673.jpeg?null=&odnHeight=580&odnWidth=580&odnBg=FFFFFF;Gato > Snack y Premios;https://super.lider.cl/browse/mascotas/perro/snack-y-premios/07089592_29432822_49543527;;1;2026-03-17T01:58:52
00085000671554;Snack Perro Adulto Sabor Pollo Sachet Pack 8 Un, 14 g;;1360;6790;True;https://super.lider.cl/ip/perro/00085000671554;https://i5.walmartimages.cl/asr/57fc4ef8-6236-4054-a71d-dd11db44603f.8330fcccc8bf756223843de901ed417f.jpeg?odnHeight=580&odnWidth=580&odnBg=FFFFFF;Gato > Snack y Premios;https://super.lider.cl/browse/mascotas/perro/snack-y-premios/07089592_29432822_49543527;;1;2026-03-17T01:58:52
00779745397188;Galletas Perro Adulto Sabor Clásicas Biscrok Multi Bolsa, 500 g;;3790;7580;True;https://super.lider.cl/ip/perro/00779745397188;https://i5.walmartimages.cl/asr/03f36556-5c8e-469f-8c4d-b36a999ca102.578365fc4de80767a07153a71999c7e3.jpeg?null=&odnHeight=580&odnWidth=580&odnBg=FFFFFF;Gato > Snack y Premios;https://super.lider.cl/browse/mascotas/perro/snack-y-premios/07089592_29432822_49543527;;1;2026-03-17T01:58:52
00065952511103;Snack Perro Adulto Tiritas de Cordero Bolsa, 400 g;;9690;9690;False;https://super.lider.cl/ip/perro/00065952511103;https://i5.walmartimages.cl/asr/064c2a65-decd-45d2-b21c-c57aef523119.2c541055a491df951bce4ba54c365940.jpeg?null=&odnHeight=580&odnWidth=580&odnBg=FFFFFF;Gato > Snack y Premios;https://super.lider.cl/browse/mascotas/perro/snack-y-premios/07089592_29432822_49543527;;1;2026-03-17T01:58:52
00779745397186;Snack Perro Adulto Rodeo Sabor Pollo Bolsa, 70 g;;350;14286;True;https://super.lider.cl/ip/perro/00779745397186;https://i5.walmartimages.cl/asr/c8ac0154-74c5-46d9-84d0-a7071efc7687.51f220872273ed020ac8a97ecc4eb4fa.jpeg?null=&odnHeight=580&odnWidth=580&odnBg=FFFFFF;Gato > Snack y Premios;https://super.lider.cl/browse/mascotas/perro/snack-y-premios/07089592_29432822_49543527;;1;2026-03-17T01:58:52
00780465625000;Hueso Cuero Natural Tamaño S, 1 Un;;1490;1490;False;https://super.lider.cl/ip/perro/00780465625000;https://i5.walmartimages.cl/asr/99396036-bc04-49c5-9187-3bd2d043b959.f6657dd2f874a3dc6f4b2270735f9e08.jpeg?null=&odnHeight=580&odnWidth=580&odnBg=FFFFFF;Gato > Snack y Premios;https://super.lider.cl/browse/mascotas/perro/snack-y-premios/07089592_29432822_49543527;;1;2026-03-17T01:58:52
00400823934322;Snack Perro Beef Stick Rustico, g;;2590;47090;True;https://super.lider.cl/ip/perro/00400823934322;https://i5.walmartimages.cl/asr/8f52e8ae-aea7-4731-b10b-ad522a5f0457.45860cf645f726dbb3a27452788ae296.jpeg?null=&odnHeight=580&odnWidth=580&odnBg=FFFFFF;Gato > Snack y Premios;https://super.lider.cl/browse/mascotas/perro/snack-y-premios/07089592_29432822_49543527;;1;2026-03-17T01:58:52
00074674766573;Snacks Tiritas de Perro Pequeños, Medianos y Adultos Sabor Carne Bolsa, 75 g;;1590;21200;True;https://super.lider.cl/ip/perro/00074674766573;https://i5.walmartimages.cl/asr/bf7ee51f-854d-488b-9002-a316dfc4ef57.dab624c0504068e86faa92bc720a0469.jpeg?null=&odnHeight=580&odnWidth=580&odnBg=FFFFFF;Gato > Snack y Premios;https://super.lider.cl/browse/mascotas/perro/snack-y-premios/07089592_29432822_49543527;;1;2026-03-17T01:58:52
00780465625182;Snack Perro Adulto Tiritas de Cordero Bolsa, 100 g;;3490;3490;False;https://super.lider.cl/ip/perro/00780465625182;https://i5.walmartimages.cl/asr/4a4c24b9-5d07-4b3b-a81e-f3377a50e17a.3175534e22418068b6f321a5e67e4a9d.jpeg?null=&odnHeight=580&odnWidth=580&odnBg=FFFFFF;Gato > Snack y Premios;https://super.lider.cl/browse/mascotas/perro/snack-y-premios/07089592_29432822_49543527;;1;2026-03-17T01:58:52
00780465625063;Snack Perro Adulto Sticks Cuero Vacuno con Giros Pollo Bolsa, 100 g;;3490;3490;False;https://super.lider.cl/ip/perro/00780465625063;https://i5.walmartimages.cl/asr/e0d96c06-8cf2-4df9-a0c9-80b12bf05e8a.f8c8a34e6d092316195393eb9bc85bc3.jpeg?null=&odnHeight=580&odnWidth=580&odnBg=FFFFFF;Gato > Snack y Premios;https://super.lider.cl/browse/mascotas/perro/snack-y-premios/07089592_29432822_49543527;;1;2026-03-17T01:58:52
00780445700226;Snack Perro Meat Mix Lamb con Spinaca & Beef Apple Bolsa, g g;;3690;36900;True;https://super.lider.cl/ip/perro/00780445700226;https://i5.walmartimages.cl/asr/7e5ad2c2-eaa0-4d27-9a91-660a2520c6ad.621ff63e428e512418c98478d3f52b56.jpeg?null=&odnHeight=580&odnWidth=580&odnBg=FFFFFF;Gato > Snack y Premios;https://super.lider.cl/browse/mascotas/perro/snack-y-premios/07089592_29432822_49543527;;1;2026-03-17T01:58:52
00780257553334;Snack Salsa Perro Todas las Edades Sabor Carne al Jugo Doypack, 300 g;;2150;7167;True;https://super.lider.cl/ip/perro/00780257553334;https://i5.walmartimages.cl/asr/9a8bd22d-5798-4383-985f-1c1b5252223c.ec7112e1059a4b59a206f58b3359aed8.jpeg?null=&odnHeight=580&odnWidth=580&odnBg=FFFFFF;Gato > Snack y Premios;https://super.lider.cl/browse/mascotas/perro/snack-y-premios/07089592_29432822_49543527;;1;2026-03-17T01:58:52
00780257553421;Snack Perro Pellet Todos Los Tamaños Multivitamínico Sabor Pollo Bolsa, 300 g;;2490;8299;True;https://super.lider.cl/ip/perro/00780257553421;https://i5.walmartimages.cl/asr/bb55dc91-24bc-4499-a861-9d791a82c086.c31e8073f757887488cab9552ce0f689.jpeg?null=&odnHeight=580&odnWidth=580&odnBg=FFFFFF;Gato > Snack y Premios;https://super.lider.cl/browse/mascotas/perro/snack-y-premios/07089592_29432822_49543527;;1;2026-03-17T01:58:52
00780192000177;Galletas Cachorro Raza Grande Sabor Leche Bolsa, 500 g;;2850;5700;True;https://super.lider.cl/ip/perro/00780192000177;https://i5.walmartimages.cl/asr/bd29f98b-7d79-45ed-927d-4a56d6dfa8cf.bde0a3c750c80748f0395c0688473712.jpeg?null=&odnHeight=580&odnWidth=580&odnBg=FFFFFF;Gato > Snack y Premios;https://super.lider.cl/browse/mascotas/perro/snack-y-premios/07089592_29432822_49543527;;1;2026-03-17T01:58:52
00074674766592;Dental Stick Perro Grande, 270 g;;440;2790;True;https://super.lider.cl/ip/perro/00074674766592;https://i5.walmartimages.cl/asr/2b62b312-8578-4aff-a9de-0cafae26c60f.970033649dae754af4c32101cb0f1349.jpeg?odnHeight=580&odnWidth=580&odnBg=FFFFFF;Gato > Snack y Premios;https://super.lider.cl/browse/mascotas/perro/snack-y-premios/07089592_29432822_49543527;;1;2026-03-17T01:58:52
00780257553340;Snack Perro Adulto Rollitos Sabor Carne Bolsa, 50 g;;190;28571;True;https://super.lider.cl/ip/perro/00780257553340;https://i5.walmartimages.cl/asr/4a755527-f977-4fe8-868c-5ffd21b95648.22d1de7991692f34ab37627a7c965130.jpeg?null=&odnHeight=580&odnWidth=580&odnBg=FFFFFF;Gato > Snack y Premios;https://super.lider.cl/browse/mascotas/perro/snack-y-premios/07089592_29432822_49543527;;1;2026-03-17T01:58:52
00400823923029;Snack Perro Beef Stick Venado, g;;1190;99166;True;https://super.lider.cl/ip/perro/00400823923029;https://i5.walmartimages.cl/asr/f1f2a230-dcdf-4829-ac1a-18869361ce09.3d79e5bddcaec4d8ea1634a26201b07a.jpeg?null=&odnHeight=580&odnWidth=580&odnBg=FFFFFF;Gato > Snack y Premios;https://super.lider.cl/browse/mascotas/perro/snack-y-premios/07089592_29432822_49543527;;1;2026-03-17T01:58:52
00074674766604;Brocheta Pato Cordero y Ternera 6 un, 115 g;;3490;3490;False;https://super.lider.cl/ip/perro/00074674766604;https://i5.walmartimages.cl/asr/7df1ed46-0f43-42b6-b1e4-02262b65ba27.f1ffb707b2b2f6a022a15cf5836d76b8.jpeg?null=&odnHeight=580&odnWidth=580&odnBg=FFFFFF;Gato > Snack y Premios;https://super.lider.cl/browse/mascotas/perro/snack-y-premios/07089592_29432822_49543527;;1;2026-03-17T01:58:52
00780460346588;Snack Jeky Proteico Sabor Cordero, 80 g;;440;35625;True;https://super.lider.cl/ip/perro/00780460346588;https://i5.walmartimages.cl/asr/53e4d3f9-a565-447a-8201-872d2c450e92.8c5ef5b13370c895d67e510e2eb170e2.jpeg?odnHeight=580&odnWidth=580&odnBg=FFFFFF;Gato > Snack y Premios;https://super.lider.cl/browse/mascotas/perro/snack-y-premios/07089592_29432822_49543527;;1;2026-03-17T01:58:52
00074674766574;Snack Perro Adulto Seco Charqui de Pollo Bolsa, 400 g;;9690;9690;False;https://super.lider.cl/ip/perro/00074674766574;https://i5.walmartimages.cl/asr/87e13fd8-e5a6-4674-bfb1-e63f34807a42.3241c2563b8746e75b69cb319ccb2558.jpeg?null=&odnHeight=580&odnWidth=580&odnBg=FFFFFF;Gato > Snack y Premios;https://super.lider.cl/browse/mascotas/perro/snack-y-premios/07089592_29432822_49543527;;1;2026-03-17T01:58:52
00780550500916;Snack para Perro de entrenamiento, 70 g;;2890;41286;True;https://super.lider.cl/ip/perro/00780550500916;https://i5.walmartimages.cl/asr/4b4ecc0c-2e61-421d-a89b-5a17eeefd17d.b51997842d85a736f1898e0dd70a11dc.jpeg?null=&odnHeight=580&odnWidth=580&odnBg=FFFFFF;Gato > Snack y Premios;https://super.lider.cl/browse/mascotas/perro/snack-y-premios/07089592_29432822_49543527;;1;2026-03-17T01:58:52
00780463202060;Snack Perro Adulto Trocitos Camote Envueltos en Pollo Bolsa, 100 g;;3490;3490;False;https://super.lider.cl/ip/perro/00780463202060;https://i5.walmartimages.cl/asr/61331db4-ae11-4d7a-a3d1-d22d609a8d6a.c438347c0905470680747beae88aad0e.jpeg?null=&odnHeight=580&odnWidth=580&odnBg=FFFFFF;Gato > Snack y Premios;https://super.lider.cl/browse/mascotas/perro/snack-y-premios/07089592_29432822_49543527;;1;2026-03-17T01:58:52
00780257553420;Alimento Seco Perro Senior Raza Mediana Y Grande Sabor Carne Bolsa, 300 g;;2490;8299;True;https://super.lider.cl/ip/perro/00780257553420;https://i5.walmartimages.cl/asr/4acf311b-ff86-4a20-9a13-3fb2f5de7ca9.1b35f735a1093361e75c31bcba1cd0f9.jpeg?null=&odnHeight=580&odnWidth=580&odnBg=FFFFFF;Gato > Snack y Premios;https://super.lider.cl/browse/mascotas/perro/snack-y-premios/07089592_29432822_49543527;;1;2026-03-17T01:58:52
00780460346539;Femúr Para Perro de Vacuno gigante Bolsa, 2 kg;;3845;7690;True;https://super.lider.cl/ip/perro/00780460346539;https://i5.walmartimages.cl/asr/d0139a34-4743-4131-8568-1cb5444ac642.fc2acd5c22a5d6204ca330e33edc87e5.jpeg?null=&odnHeight=580&odnWidth=580&odnBg=FFFFFF;Gato > Snack y Premios;https://super.lider.cl/browse/mascotas/perro/snack-y-premios/07089592_29432822_49543527;;1;2026-03-17T01:58:52
00063424000423;Hueso Triple Sabor Tamaño M, 1 Un;;3790;3790;False;https://super.lider.cl/ip/perro/00063424000423;https://i5.walmartimages.cl/asr/3584ad87-e82b-4c63-843a-89afe8fc3ee5.bb67b71404de4fe725158432762c907a.jpeg?odnHeight=580&odnWidth=580&odnBg=FFFFFF;Gato > Snack y Premios;https://super.lider.cl/browse/mascotas/perro/snack-y-premios/07089592_29432822_49543527;;1;2026-03-17T01:58:52
00780465625065;Snack Perro Adulto Tiritas Pollo con Tocino Bolsa, 100 g;;3490;3490;False;https://super.lider.cl/ip/perro/00780465625065;https://i5.walmartimages.cl/asr/e61a7bc4-293d-4bce-813c-d6e766cb2d2a.2a96137de6cb97e3fb36463351d9cacf.jpeg?null=&odnHeight=580&odnWidth=580&odnBg=FFFFFF;Gato > Snack y Premios;https://super.lider.cl/browse/mascotas/perro/snack-y-premios/07089592_29432822_49543527;;1;2026-03-17T01:58:52
00074674766605;Tiritas de Vacuno 400 g, 400 g;;9690;9690;False;https://super.lider.cl/ip/perro/00074674766605;https://i5.walmartimages.cl/asr/78bb6bfc-7327-491f-9c78-4cc43ca580ba.09ea564b0e2f8ed0e9dec80c4cb4fa3e.jpeg?null=&odnHeight=580&odnWidth=580&odnBg=FFFFFF;Gato > Snack y Premios;https://super.lider.cl/browse/mascotas/perro/snack-y-premios/07089592_29432822_49543527;;1;2026-03-17T01:58:52
00074674766607;Training Treat: Rollitos de Pato con Propóleo 100 g, 100 g;;3490;3490;False;https://super.lider.cl/ip/perro/00074674766607;https://i5.walmartimages.cl/asr/1800266a-f9f5-47fa-8b69-a46bcc7a1254.e142282905c61236fbf6bac610805ee0.jpeg?null=&odnHeight=580&odnWidth=580&odnBg=FFFFFF;Gato > Snack y Premios;https://super.lider.cl/browse/mascotas/perro/snack-y-premios/07089592_29432822_49543527;;1;2026-03-17T01:58:52
00780467341000;Galletas Perro Adulto Seco Sabor Ternera Caja, 460 g;;4290;9326;True;https://super.lider.cl/ip/perro/00780467341000;https://i5.walmartimages.cl/asr/684f17d1-88c4-4ec8-83f1-5a2cc8174500.7b024ab25f93ea2e01fc5721661b7162.jpeg?null=&odnHeight=580&odnWidth=580&odnBg=FFFFFF;Gato > Snack y Premios;https://super.lider.cl/browse/mascotas/perro/snack-y-premios/07089592_29432822_49543527;;1;2026-03-17T01:58:52
00085000671556;Snack Perro Adulto Sabor Pollo y Salmón Sachet Pack 8 Un, 14 g;;6790;7073;True;https://super.lider.cl/ip/perro/00085000671556;https://i5.walmartimages.cl/asr/330829bd-b521-4c31-b119-27fa9e8b841d.f30c6cb00589dfadccda11b6322d37c7.jpeg?odnHeight=580&odnWidth=580&odnBg=FFFFFF;Gato > Snack y Premios;https://super.lider.cl/browse/mascotas/perro/snack-y-premios/07089592_29432822_49543527?page=2;;2;2026-03-17T01:59:15
00780465625062;Galletas Perro Adulto Maní Envueltas en Pollo Bolsa, 100 g;;3490;3490;False;https://super.lider.cl/ip/perro/00780465625062;https://i5.walmartimages.cl/asr/9ea44987-1a56-4c3d-8779-9ddf078c0f58.4884b61995a95a93044a5afb0c582dd5.jpeg?null=&odnHeight=580&odnWidth=580&odnBg=FFFFFF;Gato > Snack y Premios;https://super.lider.cl/browse/mascotas/perro/snack-y-premios/07089592_29432822_49543527?page=2;;2;2026-03-17T01:59:15
00074674766572;Snack Perro Adulto Seco Buddies Bocadito Sabor Carne Bolsa, 75 g;;240;18000;True;https://super.lider.cl/ip/perro/00074674766572;https://i5.walmartimages.cl/asr/a66d0e78-dac1-42da-ac8b-840c6753d125.a0165a3b306fcafcdf16f65e80b30b5c.jpeg?null=&odnHeight=580&odnWidth=580&odnBg=FFFFFF;Gato > Snack y Premios;https://super.lider.cl/browse/mascotas/perro/snack-y-premios/07089592_29432822_49543527?page=2;;2;2026-03-17T01:59:15
00065952511102;Snack Perro Adulto Trutros de Pato con Huesitos de Calcio Bolsa, 400 g;;9690;9690;False;https://super.lider.cl/ip/perro/00065952511102;https://i5.walmartimages.cl/asr/abf1ee3b-1b79-448a-85d0-bebb84203dc2.42ed90f1a30183bccec126fb6b3dc483.jpeg?null=&odnHeight=580&odnWidth=580&odnBg=FFFFFF;Gato > Snack y Premios;https://super.lider.cl/browse/mascotas/perro/snack-y-premios/07089592_29432822_49543527?page=2;;2;2026-03-17T01:59:15
00400823959123;Snack Perro Boony Bits Bolsa, g;;3690;30750;True;https://super.lider.cl/ip/perro/00400823959123;https://i5.walmartimages.cl/asr/91edfbd9-a801-4cf8-934a-9054c304e89a.d0a800b5cbd1c3fe8c935c118056fcfe.jpeg?null=&odnHeight=580&odnWidth=580&odnBg=FFFFFF;Gato > Snack y Premios;https://super.lider.cl/browse/mascotas/perro/snack-y-premios/07089592_29432822_49543527?page=2;;2;2026-03-17T01:59:15
00780445700203;Snack Perro Classic Lamb Strip Bolsa, g g;;2990;29900;True;https://super.lider.cl/ip/perro/00780445700203;https://i5.walmartimages.cl/asr/30afee84-864b-473c-a90f-f346e835cb6b.0141661489bd855b1e7e0805021c69e0.jpeg?odnHeight=580&odnWidth=580&odnBg=FFFFFF;Gato > Snack y Premios;https://super.lider.cl/browse/mascotas/perro/snack-y-premios/07089592_29432822_49543527?page=2;;2;2026-03-17T01:59:15
00780465625072;Snack Perro Adulto Brochetas Triple Sabor Pollo, Pato y Vacuno Bolsa, 6 Un;;3490;3490;False;https://super.lider.cl/ip/perro/00780465625072;https://i5.walmartimages.cl/asr/7ba9385e-b245-43fa-9bdd-3c8c2e675b84.00f66c52252d4369fbcdb755762207e9.jpeg?null=&odnHeight=580&odnWidth=580&odnBg=FFFFFF;Gato > Snack y Premios;https://super.lider.cl/browse/mascotas/perro/snack-y-premios/07089592_29432822_49543527?page=2;;2;2026-03-17T01:59:15
00780467341014;Galleta Perro Cachorro Leche, g;;1790;22375;True;https://super.lider.cl/ip/perro/00780467341014;https://i5.walmartimages.cl/asr/644a6b85-b118-42e7-9f6a-1612d5637774.37f46faca92b09da8f0d03dd946e67f7.jpeg?null=&odnHeight=580&odnWidth=580&odnBg=FFFFFF;Gato > Snack y Premios;https://super.lider.cl/browse/mascotas/perro/snack-y-premios/07089592_29432822_49543527?page=2;;2;2026-03-17T01:59:15
00065952511113;Snack Perro Adulto Trutros de Pato con Huesitos de Calcio Bolsa, 100 g;;3490;34900;True;https://super.lider.cl/ip/perro/00065952511113;https://i5.walmartimages.cl/asr/45db97cd-c5a4-4e55-87b8-ea9cd543323f.7221455d095de3929070acce52986331.jpeg?null=&odnHeight=580&odnWidth=580&odnBg=FFFFFF;Gato > Snack y Premios;https://super.lider.cl/browse/mascotas/perro/snack-y-premios/07089592_29432822_49543527?page=2;;2;2026-03-17T01:59:15
00780467341011;Galleta Perro Adulto Raza Pequeña Pollo, g g;;3990;11400;True;https://super.lider.cl/ip/perro/00780467341011;https://i5.walmartimages.cl/asr/4140c2ee-92e1-4a7f-aa8a-0925e50d9f27.b4a415dd82b735b3c351e39efd1aa9b8.jpeg?odnHeight=580&odnWidth=580&odnBg=FFFFFF;Gato > Snack y Premios;https://super.lider.cl/browse/mascotas/perro/snack-y-premios/07089592_29432822_49543527?page=2;;2;2026-03-17T01:59:15
00780465625071;Snack Perro Adulto Huesitos Sabor Pollo, Vacuno y Cordero Bolsa, 7 Un;;4290;4290;False;https://super.lider.cl/ip/perro/00780465625071;https://i5.walmartimages.cl/asr/b5c4b8f3-9a41-478b-ad39-1b1fd14e0e52.d2a9328f827e1357454eb206c4693564.jpeg?odnHeight=580&odnWidth=580&odnBg=FFFFFF;Gato > Snack y Premios;https://super.lider.cl/browse/mascotas/perro/snack-y-premios/07089592_29432822_49543527?page=2;;2;2026-03-17T01:59:15
00780467341015;Galleta Perro Adulto Ternera, g;;1790;22375;True;https://super.lider.cl/ip/perro/00780467341015;https://i5.walmartimages.cl/asr/65886673-ec0e-485e-9208-37094455f588.4414c2bf8c7da27e4f5df2ff450ee156.jpeg?null=&odnHeight=580&odnWidth=580&odnBg=FFFFFF;Gato > Snack y Premios;https://super.lider.cl/browse/mascotas/perro/snack-y-premios/07089592_29432822_49543527?page=2;;2;2026-03-17T01:59:15
00780467341016;Galleta Perro Adulto Grill, g;;1790;22375;True;https://super.lider.cl/ip/perro/00780467341016;https://i5.walmartimages.cl/asr/7943c84b-0716-40fe-8887-f627ade077df.b499077ce3f734b168a073dc3853c384.jpeg?null=&odnHeight=580&odnWidth=580&odnBg=FFFFFF;Gato > Snack y Premios;https://super.lider.cl/browse/mascotas/perro/snack-y-premios/07089592_29432822_49543527?page=2;;2;2026-03-17T01:59:15
00780467341010;Galleta Perro Cachoro Leche, g g;;3990;11400;True;https://super.lider.cl/ip/perro/00780467341010;https://i5.walmartimages.cl/asr/bef4f2c4-00db-427b-a58f-078827b711b4.93bc8280335867f06d029da570c415ef.jpeg?odnHeight=580&odnWidth=580&odnBg=FFFFFF;Gato > Snack y Premios;https://super.lider.cl/browse/mascotas/perro/snack-y-premios/07089592_29432822_49543527?page=2;;2;2026-03-17T01:59:15
00789602905232;Snack Perro Adulto Dentastix Raza Pequeña Bolsa, 3 Un;;1350;1377;True;https://super.lider.cl/ip/perro/00789602905232;https://i5.walmartimages.cl/asr/fe0ec3b5-025c-4846-8080-2db8ae3a9de4.64fbf2c4080c9250d1d636a2fb1c3f90.jpeg?null=&odnHeight=580&odnWidth=580&odnBg=FFFFFF;Gato > Snack y Premios;https://super.lider.cl/browse/mascotas/perro/snack-y-premios/07089592_29432822_49543527?page=2;;2;2026-03-17T01:59:15
00780550500917;Snack para Perro Sabor Pato Loops, 60 g;;3190;53167;True;https://super.lider.cl/ip/perro/00780550500917;https://i5.walmartimages.cl/asr/b28cccef-e6c6-40a2-80ad-73c5192541ed.ef3f543a71d7a3d2d6e4cf6d10d68112.jpeg?odnHeight=580&odnWidth=580&odnBg=FFFFFF;Gato > Snack y Premios;https://super.lider.cl/browse/mascotas/perro/snack-y-premios/07089592_29432822_49543527?page=2;;2;2026-03-17T01:59:15
00400823923110;Snack Perro Beef Stick Pavo, G;;1190;99166;True;https://super.lider.cl/ip/perro/00400823923110;https://i5.walmartimages.cl/asr/af5cb27d-600f-48ae-abb1-693c3d20183a.896790ee9ea3bd621bdf3796e99f40a4.jpeg?null=&odnHeight=580&odnWidth=580&odnBg=FFFFFF;Gato > Snack y Premios;https://super.lider.cl/browse/mascotas/perro/snack-y-premios/07089592_29432822_49543527?page=2;;2;2026-03-17T01:59:15
00074674766606;Training Treat: Cubitos de Pollo con Tocino 100 g, 100 g;;3490;3490;False;https://super.lider.cl/ip/perro/00074674766606;https://i5.walmartimages.cl/asr/4df5d6bb-29c5-4fe1-8c14-c2acc454e6c8.2a01516ed24354d55f442212723a1098.jpeg?null=&odnHeight=580&odnWidth=580&odnBg=FFFFFF;Gato > Snack y Premios;https://super.lider.cl/browse/mascotas/perro/snack-y-premios/07089592_29432822_49543527?page=2;;2;2026-03-17T01:59:15
00780467341003;Galleta Perro Adulto Grill, g ml;;4290;9326;True;https://super.lider.cl/ip/perro/00780467341003;https://i5.walmartimages.cl/asr/240b70b9-1f54-4fb2-9f1c-5184c3d7c8d7.3d8afc83fc877045cb0487c41bad315c.jpeg?null=&odnHeight=580&odnWidth=580&odnBg=FFFFFF;Gato > Snack y Premios;https://super.lider.cl/browse/mascotas/perro/snack-y-premios/07089592_29432822_49543527?page=2;;2;2026-03-17T01:59:15
00780467341013;Galleta Perro Adulto Raza Pequeña Pollo, g;;1790;22375;True;https://super.lider.cl/ip/perro/00780467341013;https://i5.walmartimages.cl/asr/8a0c598a-eb51-443a-8f99-fc2a8d01f153.40881a56e0d14c1bd3e413676d1370d1.jpeg?odnHeight=580&odnWidth=580&odnBg=FFFFFF;Gato > Snack y Premios;https://super.lider.cl/browse/mascotas/perro/snack-y-premios/07089592_29432822_49543527?page=2;;2;2026-03-17T01:59:15
00779745397183;Snack Perro Adulto Dentastix Raza Mediana Bolsa, 3 Un;;1490;19351;True;https://super.lider.cl/ip/perro/00779745397183;https://i5.walmartimages.cl/asr/8ab23b84-832e-4d16-85ce-d9f4f160bff3.92d2ab6890b9fd0ab57b21f3ca464b07.jpeg?null=&odnHeight=580&odnWidth=580&odnBg=FFFFFF;Gato > Snack y Premios;https://super.lider.cl/browse/mascotas/perro/snack-y-premios/07089592_29432822_49543527?page=2;;2;2026-03-17T01:59:15
00779745397345;Snack Perro Adulto Dentastix Raza Grande Bolsa, 3 Un;;730;2190;True;https://super.lider.cl/ip/perro/00779745397345;https://i5.walmartimages.cl/asr/d4328e00-f2eb-4117-b45e-57de12bfe4e5.aa3c04aa45dab1a83a9fb5a1079c4f06.jpeg?null=&odnHeight=580&odnWidth=580&odnBg=FFFFFF;Gato > Snack y Premios;https://super.lider.cl/browse/mascotas/perro/snack-y-premios/07089592_29432822_49543527?page=2;;2;2026-03-17T01:59:15
00063424000422;Hueso Triple Sabor Tamaño S, 1 Un;;2150;2150;False;https://super.lider.cl/ip/perro/00063424000422;https://i5.walmartimages.cl/asr/51bc1838-9c45-4058-92f7-d7117a7cf512.d80662ac26994c01434251bab56b5852.jpeg?odnHeight=580&odnWidth=580&odnBg=FFFFFF;Gato > Snack y Premios;https://super.lider.cl/browse/mascotas/perro/snack-y-premios/07089592_29432822_49543527?page=2;;2;2026-03-17T01:59:15
00063424000424;Hueso Triple Sabor Tamaño L, 1 Un;;4590;4590;False;https://super.lider.cl/ip/perro/00063424000424;https://i5.walmartimages.cl/asr/dab6bf0c-4cc0-44cf-8861-11257de01db8.5e63fb8361458db08cdf9049b5ef52a3.jpeg?odnHeight=580&odnWidth=580&odnBg=FFFFFF;Gato > Snack y Premios;https://super.lider.cl/browse/mascotas/perro/snack-y-premios/07089592_29432822_49543527?page=2;;2;2026-03-17T01:59:15
00072016779979;Snack Perro Cubos de Cerdo, 90 g;;3790;4211;True;https://super.lider.cl/ip/perro/00072016779979;https://i5.walmartimages.cl/asr/794b81e2-d6a5-45d0-a3ed-c221ad20227a.c2b7dbb4cf26395d09ba7f5e6b29c28a.jpeg?odnHeight=580&odnWidth=580&odnBg=FFFFFF;Gato > Snack y Premios;https://super.lider.cl/browse/mascotas/perro/snack-y-premios/07089592_29432822_49543527?page=2;;2;2026-03-17T01:59:15
00073755881642;Snack Perro Corazones de Pollo, 90 g;;3790;4211;True;https://super.lider.cl/ip/perro/00073755881642;https://i5.walmartimages.cl/asr/594f9a54-605b-4f1d-bcba-7718b9f4f79c.92b74d624434e1cbcc11a299feab9bf6.jpeg?odnHeight=580&odnWidth=580&odnBg=FFFFFF;Gato > Snack y Premios;https://super.lider.cl/browse/mascotas/perro/snack-y-premios/07089592_29432822_49543527?page=2;;2;2026-03-17T01:59:15
00072016779982;Snack Perro Choritos, 90 g;;3790;4211;True;https://super.lider.cl/ip/perro/00072016779982;https://i5.walmartimages.cl/asr/17af3b32-21ad-40d7-a7c8-83f1b5a65a92.d6827fdac5aa088d1628650d2dbdad80.jpeg?odnHeight=580&odnWidth=580&odnBg=FFFFFF;Gato > Snack y Premios;https://super.lider.cl/browse/mascotas/perro/snack-y-premios/07089592_29432822_49543527?page=2;;2;2026-03-17T01:59:15
00780467756017;Kambú Om, Mantequilla De Maní Relajante Para Perros, 200 g;;3190;15950;True;https://super.lider.cl/ip/perro/00780467756017;https://i5.walmartimages.cl/asr/e686d5e0-e37c-44d3-ab6a-3dbb9efd3a32.c40b78031a1dafc03c2583d29004b4b7.jpeg?odnHeight=580&odnWidth=580&odnBg=FFFFFF;Gato > Snack y Premios;https://super.lider.cl/browse/mascotas/perro/snack-y-premios/07089592_29432822_49543527?page=2;;2;2026-03-17T01:59:15
00780467756016;Kambú Pro Mantequilla De Maní Con Probióticos Para Perros, 200 g;;3190;15950;True;https://super.lider.cl/ip/perro/00780467756016;https://i5.walmartimages.cl/asr/23354af4-f1d3-47c3-9adb-8af20c5c0e72.6e9354a68de67badc4584668587241b3.jpeg?odnHeight=580&odnWidth=580&odnBg=FFFFFF;Gato > Snack y Premios;https://super.lider.cl/browse/mascotas/perro/snack-y-premios/07089592_29432822_49543527?page=2;;2;2026-03-17T01:59:15
00780467756015;Kambú Tradicional Mantequilla De Maní Para Perros, 200 g;;3190;15950;True;https://super.lider.cl/ip/perro/00780467756015;https://i5.walmartimages.cl/asr/163e0a03-8a0e-49a7-94bb-4a252043e66d.6c35efc3b4f922ca7e9e14f45b9c072b.jpeg?odnHeight=580&odnWidth=580&odnBg=FFFFFF;Gato > Snack y Premios;https://super.lider.cl/browse/mascotas/perro/snack-y-premios/07089592_29432822_49543527?page=2;;2;2026-03-17T01:59:15
00780467962008;Sazonador Salmon Perros, 70 g;;4290;6129;True;https://super.lider.cl/ip/perro/00780467962008;https://i5.walmartimages.cl/asr/d405176c-bfc5-4c7f-b1c6-15bbde950db8.b74dc295c33ffa7cf6d44b26d39a3e29.jpeg?odnHeight=580&odnWidth=580&odnBg=FFFFFF;Gato > Snack y Premios;https://super.lider.cl/browse/mascotas/perro/snack-y-premios/07089592_29432822_49543527?page=2;;2;2026-03-17T01:59:15
00780467962007;Sazonador Cerdo Perros, 70 g;;4290;6129;True;https://super.lider.cl/ip/perro/00780467962007;https://i5.walmartimages.cl/asr/9acfc65f-9541-489e-bd51-839cd11362c4.03068039f0412ad6465aebe74ebbdf25.jpeg?odnHeight=580&odnWidth=580&odnBg=FFFFFF;Gato > Snack y Premios;https://super.lider.cl/browse/mascotas/perro/snack-y-premios/07089592_29432822_49543527?page=2;;2;2026-03-17T01:59:15
00780465625180;Snack Perro Adulto Seco Trozos de Salmón Bolsa, 100 g;;3490;3490;False;https://super.lider.cl/ip/perro/00780465625180;https://i5.walmartimages.cl/asr/a202fd2b-a7f6-434e-93d7-637828dc6442.e6356d4ef0ba376f1e4edb5cfbcadcb9.jpeg?null=&odnHeight=580&odnWidth=580&odnBg=FFFFFF;Gato > Snack y Premios;https://super.lider.cl/browse/mascotas/perro/snack-y-premios/07089592_29432822_49543527?page=2;;2;2026-03-17T01:59:15
00063424000421;Snack Perro Adulto Brochetas Triple Sabor Pollo, Pato y Vacuno Bolsa, 18 Un;;7990;7990;False;https://super.lider.cl/ip/perro/00063424000421;https://i5.walmartimages.cl/asr/dfd95a11-8425-4114-902e-c69c9ddffae8.ec3ebc19f3581e1c6e03338ce2b05b9c.jpeg?null=&odnHeight=580&odnWidth=580&odnBg=FFFFFF;Gato > Snack y Premios;https://super.lider.cl/browse/mascotas/perro/snack-y-premios/07089592_29432822_49543527?page=2;;2;2026-03-17T01:59:15
00400823923009;Snack Perro Beef Stick Carne, g;;1190;99166;True;https://super.lider.cl/ip/perro/00400823923009;https://i5.walmartimages.cl/asr/cfdeae7a-1faa-4bed-8870-71b4a3468f38.ac613a230a5bc3bcc75b083da949011d.jpeg?null=&odnHeight=580&odnWidth=580&odnBg=FFFFFF;Gato > Snack y Premios;https://super.lider.cl/browse/mascotas/perro/snack-y-premios/07089592_29432822_49543527?page=2;;2;2026-03-17T01:59:15
00780445700223;Snack Perro Meat Balls Duck & Apple Bolsa, g g;;3690;36900;True;https://super.lider.cl/ip/perro/00780445700223;https://i5.walmartimages.cl/asr/18e2dc40-b438-4abd-8a0a-7de231e61654.8ac978fbc49df7f2a35801bb3e8bb37f.jpeg?null=&odnHeight=580&odnWidth=580&odnBg=FFFFFF;Gato > Snack y Premios;https://super.lider.cl/browse/mascotas/perro/snack-y-premios/07089592_29432822_49543527?page=2;;2;2026-03-17T01:59:15
00780257553466;Alimento Seco Gato Adulto Adulto Sabor Salmón Bolsa, 1 kg;;690;2690;True;https://super.lider.cl/ip/gato/00780257553466;https://i5.walmartimages.cl/asr/0955d529-fbfb-4c67-a106-2b0a42f04b00.afbbb25e9aa5b891a1673eeed2b2a959.jpeg?null=&odnHeight=580&odnWidth=580&odnBg=FFFFFF;Gato > Alimento Seco;https://super.lider.cl/browse/mascotas/gato/alimento-seco/07089592_85723699_38537300;;1;2026-03-17T01:59:44
00761303595142;Alimento Seco Delimix Gato Adulto Sabor Pollo Bolsa, 8 Kg;;2899;28990;True;https://super.lider.cl/ip/gato/00761303595142;https://i5.walmartimages.cl/asr/51f2173b-122f-49df-9760-f9db8ae92566.f72ec8486f12b6714406b21c81d10e8c.jpeg?null=&odnHeight=580&odnWidth=580&odnBg=FFFFFF;Gato > Alimento Seco;https://super.lider.cl/browse/mascotas/gato/alimento-seco/07089592_85723699_38537300;;1;2026-03-17T01:59:44
00761303595120;Alimento Seco Gato Adulto Sabor Carne Bolsa, 8 Kg;;2899;28990;True;https://super.lider.cl/ip/gato/00761303595120;https://i5.walmartimages.cl/asr/a909eba2-41d1-44f0-9c60-339521720709.a8902d23301499c7cfa635e3105eb2f8.jpeg?odnHeight=580&odnWidth=580&odnBg=FFFFFF;Gato > Alimento Seco;https://super.lider.cl/browse/mascotas/gato/alimento-seco/07089592_85723699_38537300;;1;2026-03-17T01:59:44
00844529059273;Alimento Seco Gatito Sabor Mix de Carnes Bolsa, 1 Kg;;2890;4450;True;https://super.lider.cl/ip/gato/00844529059273;https://i5.walmartimages.cl/asr/ee7c0554-8461-4ea0-972d-7035b8f56f8b.7e2c374bc8ff0e5ee6fb35b54f627862.jpeg?null=&odnHeight=580&odnWidth=580&odnBg=FFFFFF;Gato > Alimento Seco;https://super.lider.cl/browse/mascotas/gato/alimento-seco/07089592_85723699_38537300;;1;2026-03-17T01:59:44
00780192000140;Alimento Seco Gato Adulto Sabor Salmón Bolsa, 3 Kg;;2300;11990;True;https://super.lider.cl/ip/gato/00780192000140;https://i5.walmartimages.cl/asr/a4796db5-45c1-48c0-98d1-fa06a04ba109.b1241f7f0f0e95240f71acc28295c43a.jpeg?null=&odnHeight=580&odnWidth=580&odnBg=FFFFFF;Gato > Alimento Seco;https://super.lider.cl/browse/mascotas/gato/alimento-seco/07089592_85723699_38537300;;1;2026-03-17T01:59:44
00779745397106;Alimento Seco Gato Adulto Sabor Carne Bolsa, 1 Kg;;1300;5690;True;https://super.lider.cl/ip/gato/00779745397106;https://i5.walmartimages.cl/asr/19041f95-7384-4850-890e-b5c318d5e662.ed412d6e454fb5207473f2e3ae676f62.jpeg?null=&odnHeight=580&odnWidth=580&odnBg=FFFFFF;Gato > Alimento Seco;https://super.lider.cl/browse/mascotas/gato/alimento-seco/07089592_85723699_38537300;;1;2026-03-17T01:59:44
00780192000164;Alimento Seco Gato Adulto Sabor Carne Bolsa, 3 Kg;;2300;11990;True;https://super.lider.cl/ip/gato/00780192000164;https://i5.walmartimages.cl/asr/3894313b-83d1-4cd2-94ed-2e03ebe43f46.ce22db56fa8e02c587f975109999c6f9.jpeg?null=&odnHeight=580&odnWidth=580&odnBg=FFFFFF;Gato > Alimento Seco;https://super.lider.cl/browse/mascotas/gato/alimento-seco/07089592_85723699_38537300;;1;2026-03-17T01:59:44
00779745397235;Alimento Seco Gato Adulto Sabor Carne Bolsa, 3 Kg;;2700;13590;True;https://super.lider.cl/ip/gato/00779745397235;https://i5.walmartimages.cl/asr/111208c5-0235-47be-bd76-d156dd3ef1fa.ac0c1661c5b51a5b9fca66949ae734df.jpeg?null=&odnHeight=580&odnWidth=580&odnBg=FFFFFF;Gato > Alimento Seco;https://super.lider.cl/browse/mascotas/gato/alimento-seco/07089592_85723699_38537300;;1;2026-03-17T01:59:44
00780443800368;Alimento Seco Gatito Sabor Pollo y Leche Bolsa, 1 kg;;4290;4290;False;https://super.lider.cl/ip/gato/00780443800368;https://i5.walmartimages.cl/asr/591cb903-98c5-41a7-9131-0382bf94000f.2fceddbed3148c5d09dc9e1a3ce552c0.jpeg?null=&odnHeight=580&odnWidth=580&odnBg=FFFFFF;Gato > Alimento Seco;https://super.lider.cl/browse/mascotas/gato/alimento-seco/07089592_85723699_38537300;;1;2026-03-17T01:59:44
00761303932101;Alimento Seco Gato Adulto Esterilizado Sabor Pescado Bolsa, 8 Kg;;3149;31490;True;https://super.lider.cl/ip/gato/00761303932101;https://i5.walmartimages.cl/asr/34cfa07d-7bef-48f3-856b-6ca5a1159997.c770ed1a196301f523a9c7dce516b38b.jpeg?null=&odnHeight=580&odnWidth=580&odnBg=FFFFFF;Gato > Alimento Seco;https://super.lider.cl/browse/mascotas/gato/alimento-seco/07089592_85723699_38537300;;1;2026-03-17T01:59:44
00761303595124;Alimento Seco Gatito Sabor Carne Bolsa, 1 Kg;;6190;6190;False;https://super.lider.cl/ip/gato/00761303595124;https://i5.walmartimages.cl/asr/b48cdd49-0df5-4da8-aa89-735ce28f5013.2851e5727c6961c96f44257d11b87c93.jpeg?null=&odnHeight=580&odnWidth=580&odnBg=FFFFFF;Gato > Alimento Seco;https://super.lider.cl/browse/mascotas/gato/alimento-seco/07089592_85723699_38537300;;1;2026-03-17T01:59:44
00761303595104;Alimento Seco Gato Adulto Sabor Pescado Arroz y Espinaca Bolsa, 1 Kg;;2790;4450;True;https://super.lider.cl/ip/gato/00761303595104;https://i5.walmartimages.cl/asr/87299239-f61d-4e15-a964-d2704d820248.62c78b4965c57d11e6803942d532e0a0.jpeg?null=&odnHeight=580&odnWidth=580&odnBg=FFFFFF;Gato > Alimento Seco;https://super.lider.cl/browse/mascotas/gato/alimento-seco/07089592_85723699_38537300;;1;2026-03-17T01:59:44
00761303595123;Alimento Seco Gatito Sabor Carne Bolsa, 8 Kg;;3149;31490;True;https://super.lider.cl/ip/gato/00761303595123;https://i5.walmartimages.cl/asr/91674c65-e506-4bec-bddd-7402f5925af2.054e2bc07a021f270b06edefb22bca4d.jpeg?null=&odnHeight=580&odnWidth=580&odnBg=FFFFFF;Gato > Alimento Seco;https://super.lider.cl/browse/mascotas/gato/alimento-seco/07089592_85723699_38537300;;1;2026-03-17T01:59:44
00779745397118;Alimento Seco Gato Adulto Sabor Pollo Bolsa, 1 Kg;;1300;5690;True;https://super.lider.cl/ip/gato/00779745397118;https://i5.walmartimages.cl/asr/551c8ab1-1678-46a4-83cd-1344a087c930.c7ab76e5e69599b11c3a66ac61021411.jpeg?null=&odnHeight=580&odnWidth=580&odnBg=FFFFFF;Gato > Alimento Seco;https://super.lider.cl/browse/mascotas/gato/alimento-seco/07089592_85723699_38537300;;1;2026-03-17T01:59:44
00761303595128;Alimento Seco Gato Adulto Sabor Carne Bolsa, 1 Kg;;6190;6190;False;https://super.lider.cl/ip/gato/00761303595128;https://i5.walmartimages.cl/asr/2d39ca9b-d546-4d13-932e-50b3a480f94e.e2fbdd368000c740f41d895a6a98393b.jpeg?null=&odnHeight=580&odnWidth=580&odnBg=FFFFFF;Gato > Alimento Seco;https://super.lider.cl/browse/mascotas/gato/alimento-seco/07089592_85723699_38537300;;1;2026-03-17T01:59:44
00779745397229;Alimento Seco Gato Adulto Sabor Pescado Bolsa, 1 Kg;;1300;5690;True;https://super.lider.cl/ip/gato/00779745397229;https://i5.walmartimages.cl/asr/b902709a-e92f-43bb-858e-bc0cf2159b47.5246838a4b35cc4eac55bdc2c8e297f2.jpeg?null=&odnHeight=580&odnWidth=580&odnBg=FFFFFF;Gato > Alimento Seco;https://super.lider.cl/browse/mascotas/gato/alimento-seco/07089592_85723699_38537300;;1;2026-03-17T01:59:44
00780192000168;Alimento Seco Gato Adulto Sabor Pollo Bolsa, 3 Kg;;2300;11990;True;https://super.lider.cl/ip/gato/00780192000168;https://i5.walmartimages.cl/asr/11fc7433-71f1-4c6c-a400-9a220f695001.8ddfa0db473811d780aa846939726eae.jpeg?null=&odnHeight=580&odnWidth=580&odnBg=FFFFFF;Gato > Alimento Seco;https://super.lider.cl/browse/mascotas/gato/alimento-seco/07089592_85723699_38537300;;1;2026-03-17T01:59:44
00779745397112;Alimento Seco Gatito Sabor Carne y Leche Bolsa, 1 Kg;;5790;5790;False;https://super.lider.cl/ip/gato/00779745397112;https://i5.walmartimages.cl/asr/a572a239-07ee-4944-a825-b9828ab239d2.f0f66216188711d3242bb1b90be1efb5.jpeg?null=&odnHeight=580&odnWidth=580&odnBg=FFFFFF;Gato > Alimento Seco;https://super.lider.cl/browse/mascotas/gato/alimento-seco/07089592_85723699_38537300;;1;2026-03-17T01:59:44
00779745397101;Alimento Seco Gato Adulto Sabor Pescado Bolsa, 3 Kg;;2700;13590;True;https://super.lider.cl/ip/gato/00779745397101;https://i5.walmartimages.cl/asr/7dd9e13f-0b60-4064-bd22-178d095ee425.cfb5f86efbfb1c1ea8f29e0b89c6b6bd.jpeg?null=&odnHeight=580&odnWidth=580&odnBg=FFFFFF;Gato > Alimento Seco;https://super.lider.cl/browse/mascotas/gato/alimento-seco/07089592_85723699_38537300;;1;2026-03-17T01:59:44
00779745397391;Alimento Seco Gatito Sabor Carne y Leche Bolsa, 3 kg;;4530;13590;True;https://super.lider.cl/ip/gato/00779745397391;https://i5.walmartimages.cl/asr/a32146ed-cad8-494f-9063-d6f7e2bbd65c.0fefcab00ad992a56eef002e1d05d5b0.jpeg?null=&odnHeight=580&odnWidth=580&odnBg=FFFFFF;Gato > Alimento Seco;https://super.lider.cl/browse/mascotas/gato/alimento-seco/07089592_85723699_38537300;;1;2026-03-17T01:59:44
00761328723050;Alimento Seco Gato Adulto Esterilizado Sabor Pollo y Salmón Bolsa, 2 Kg;;8495;16990;True;https://super.lider.cl/ip/gato/00761328723050;https://i5.walmartimages.cl/asr/5626cdbf-91a1-471f-8fcd-cabcf8944832.8aceb32a40ed09321bf5c4ed7bdeb340.jpeg?odnHeight=580&odnWidth=580&odnBg=FFFFFF;Gato > Alimento Seco;https://super.lider.cl/browse/mascotas/gato/alimento-seco/07089592_85723699_38537300;;1;2026-03-17T01:59:44
00761303595140;Alimento Seco Gato Adulto Sabor Carne Bolsa Delimix, 1 Kg;;6190;6190;False;https://super.lider.cl/ip/gato/00761303595140;https://i5.walmartimages.cl/asr/22f97bb2-2977-4411-8415-7ed24de11f00.25276c0ff8ac19bc650c974400b88240.jpeg?null=&odnHeight=580&odnWidth=580&odnBg=FFFFFF;Gato > Alimento Seco;https://super.lider.cl/browse/mascotas/gato/alimento-seco/07089592_85723699_38537300;;1;2026-03-17T01:59:44
00761303595131;Alimento Seco Gato Adulto Sabor Pollo Bolsa Delimix, 3 Kg;;5230;15690;True;https://super.lider.cl/ip/gato/00761303595131;https://i5.walmartimages.cl/asr/3ea1dc78-48ad-4fb3-bb25-90c815fd5d98.f10e226db5f77c965b44ebbd29fefbfc.jpeg?null=&odnHeight=580&odnWidth=580&odnBg=FFFFFF;Gato > Alimento Seco;https://super.lider.cl/browse/mascotas/gato/alimento-seco/07089592_85723699_38537300;;1;2026-03-17T01:59:44
00779745397368;Alimento Seco Gato Adulto Sabor Carne Bolsa, 8 Kg;;3224;25790;True;https://super.lider.cl/ip/gato/00779745397368;https://i5.walmartimages.cl/asr/88b47d0e-7e61-4bc7-afdb-fba5618c0c40.5b86bf9df9bdac240788c609a9462e4d.jpeg?null=&odnHeight=580&odnWidth=580&odnBg=FFFFFF;Gato > Alimento Seco;https://super.lider.cl/browse/mascotas/gato/alimento-seco/07089592_85723699_38537300;;1;2026-03-17T01:59:44
00761328722999;Alimento Seco Gatito Sabor Pollo y Carne Bolsa, 2 Kg;;8495;16990;True;https://super.lider.cl/ip/gato/00761328722999;https://i5.walmartimages.cl/asr/9f34a900-d011-45d4-8305-778c62b1ea4e.f6cbea7023ca7ef1bf11bc6304ceb7ff.jpeg?null=&odnHeight=580&odnWidth=580&odnBg=FFFFFF;Gato > Alimento Seco;https://super.lider.cl/browse/mascotas/gato/alimento-seco/07089592_85723699_38537300;;1;2026-03-17T01:59:44
00761303595106;Alimento Seco Gato Adulto Sabor Pescado Arroz y Espinaca Bolsa, 8 Kg;;2623;20990;True;https://super.lider.cl/ip/gato/00761303595106;https://i5.walmartimages.cl/asr/93f797eb-6a45-4187-a86a-2dbf2a7200da.5511b3926de8fe6875d0d40560a5c476.jpeg?null=&odnHeight=580&odnWidth=580&odnBg=FFFFFF;Gato > Alimento Seco;https://super.lider.cl/browse/mascotas/gato/alimento-seco/07089592_85723699_38537300;;1;2026-03-17T01:59:44
00780257553364;Alimento Seco Gato Adulto Sabor Pollo Bolsa, 2,1 Kg;;6138;12890;True;https://super.lider.cl/ip/gato/00780257553364;https://i5.walmartimages.cl/asr/61b8282d-65d2-4be9-847f-528dd7b55a79.d5b4c1a8f4d768061a2de726764a665c.jpeg?null=&odnHeight=580&odnWidth=580&odnBg=FFFFFF;Gato > Alimento Seco;https://super.lider.cl/browse/mascotas/gato/alimento-seco/07089592_85723699_38537300;;1;2026-03-17T01:59:44
00780192000137;Alimento Seco Gato Adulto Sabor Salmón Bolsa, 1 Kg;;5290;5290;False;https://super.lider.cl/ip/gato/00780192000137;https://i5.walmartimages.cl/asr/5c3d0d00-3cf8-4afd-bce1-58786553aa7e.01ac85f5da916c38d4ea685fb5cb7a03.jpeg?null=&odnHeight=580&odnWidth=580&odnBg=FFFFFF;Gato > Alimento Seco;https://super.lider.cl/browse/mascotas/gato/alimento-seco/07089592_85723699_38537300;;1;2026-03-17T01:59:44
00780192000141;Alimento Seco Gatito Sabor Pollo y Leche Bolsa, 1 kg;;5690;5690;False;https://super.lider.cl/ip/gato/00780192000141;https://i5.walmartimages.cl/asr/4457a1a8-9be5-48e7-962c-39145b282f62.342e4254995e79b3b3b030681a36fe2f.jpeg?null=&odnHeight=580&odnWidth=580&odnBg=FFFFFF;Gato > Alimento Seco;https://super.lider.cl/browse/mascotas/gato/alimento-seco/07089592_85723699_38537300;;1;2026-03-17T01:59:44
00761303667288;Alimento Seco Gatito Sabor Carne Bolsa, 3 Kg;;5230;15690;True;https://super.lider.cl/ip/gato/00761303667288;https://i5.walmartimages.cl/asr/1ec034d3-ab1e-41fc-a3c3-961d2866d095.59be50a99b0bdfc5e6f42317f48e5f45.jpeg?null=&odnHeight=580&odnWidth=580&odnBg=FFFFFF;Gato > Alimento Seco;https://super.lider.cl/browse/mascotas/gato/alimento-seco/07089592_85723699_38537300;;1;2026-03-17T01:59:44
00761328723038;Alimento Seco Gato Adulto Sabor Pollo y Carne Bolsa, 2 Kg;;8495;16990;True;https://super.lider.cl/ip/gato/00761328723038;https://i5.walmartimages.cl/asr/9814f1a6-9480-47ba-8b20-9473766f0e25.f2169c078cb34b2ee16e275809212f65.jpeg?null=&odnHeight=580&odnWidth=580&odnBg=FFFFFF;Gato > Alimento Seco;https://super.lider.cl/browse/mascotas/gato/alimento-seco/07089592_85723699_38537300;;1;2026-03-17T01:59:44
00761303595149;Alimento Seco Gato Adulto Sabor Pescado Bolsa, 3 Kg;;5230;15690;True;https://super.lider.cl/ip/gato/00761303595149;https://i5.walmartimages.cl/asr/5d4ceb20-1862-4889-bc0e-306bc84b303b.b36ccdb95910351dc1ff82073bd96e74.jpeg?null=&odnHeight=580&odnWidth=580&odnBg=FFFFFF;Gato > Alimento Seco;https://super.lider.cl/browse/mascotas/gato/alimento-seco/07089592_85723699_38537300;;1;2026-03-17T01:59:44
00761303595118;Alimento Seco Gato Adulto Sabor Carne Bolsa, 3 Kg;;5230;15690;True;https://super.lider.cl/ip/gato/00761303595118;https://i5.walmartimages.cl/asr/33228127-6275-43b0-9283-0d3aedf033b2.2bd264e5a9194ed2983a8da1918de81f.jpeg?null=&odnHeight=580&odnWidth=580&odnBg=FFFFFF;Gato > Alimento Seco;https://super.lider.cl/browse/mascotas/gato/alimento-seco/07089592_85723699_38537300;;1;2026-03-17T01:59:44
00780192000134;Alimento Seco Gato Adulto Sabor Carne Bolsa, 1 Kg;;5290;5290;False;https://super.lider.cl/ip/gato/00780192000134;https://i5.walmartimages.cl/asr/7b9a1305-bd2b-4da2-9797-d87f72879326.c02f1c9f59c1483f00b5c5787800bcac.jpeg?null=&odnHeight=580&odnWidth=580&odnBg=FFFFFF;Gato > Alimento Seco;https://super.lider.cl/browse/mascotas/gato/alimento-seco/07089592_85723699_38537300;;1;2026-03-17T01:59:44
00040005088010;Super Premium - Alimento Seco Gato Adulto De Pollo Y Salmón, 2 kg;;7495;14990;True;https://super.lider.cl/ip/gato/00040005088010;https://i5.walmartimages.cl/asr/193e36e2-b8d2-4b02-a16f-0da020075f1b.b85cbf1fd75cea22fe321a7bafa29d4f.jpeg?odnHeight=580&odnWidth=580&odnBg=FFFFFF;Gato > Alimento Seco;https://super.lider.cl/browse/mascotas/gato/alimento-seco/07089592_85723699_38537300;;1;2026-03-17T01:59:44
00780192000136;Alimento Seco Gato Adulto Sabor Salmón Bolsa, 8 Kg;;3349;26790;True;https://super.lider.cl/ip/gato/00780192000136;https://i5.walmartimages.cl/asr/7079ca70-43c9-4d0e-8d43-267ae6f06860.547185fe2b6846e795d50630416c0b81.jpeg?null=&odnHeight=580&odnWidth=580&odnBg=FFFFFF;Gato > Alimento Seco;https://super.lider.cl/browse/mascotas/gato/alimento-seco/07089592_85723699_38537300;;1;2026-03-17T01:59:44
00761328723044;Alimento Seco Gato Adulto Sabor Pollo y Salmón Bolsa, 2 Kg;;8495;16990;True;https://super.lider.cl/ip/gato/00761328723044;https://i5.walmartimages.cl/asr/89f61e9a-9504-4b21-8467-c271e9d2f6d4.797f7f90828b61c0a394e1c11edcaafd.jpeg?null=&odnHeight=580&odnWidth=580&odnBg=FFFFFF;Gato > Alimento Seco;https://super.lider.cl/browse/mascotas/gato/alimento-seco/07089592_85723699_38537300;;1;2026-03-17T01:59:44
00779745397367;Alimento Seco Gato Adulto Sabor Pescado Bolsa, 8 Kg;;3224;25790;True;https://super.lider.cl/ip/gato/00779745397367;https://i5.walmartimages.cl/asr/c81edd74-858d-49dd-ae6a-8232bc16973f.8f0e4970d89881f8562a5a05e7448077.jpeg?null=&odnHeight=580&odnWidth=580&odnBg=FFFFFF;Gato > Alimento Seco;https://super.lider.cl/browse/mascotas/gato/alimento-seco/07089592_85723699_38537300;;1;2026-03-17T01:59:44
00780192000133;Alimento Seco Gato Adulto Sabor Carne Bolsa, 8 Kg;;3349;26790;True;https://super.lider.cl/ip/gato/00780192000133;https://i5.walmartimages.cl/asr/b5d893e0-1e91-4190-be3c-0b0619125d57.d38518b9d2482a84c3fa796ab0ca2b47.jpeg?null=&odnHeight=580&odnWidth=580&odnBg=FFFFFF;Gato > Alimento Seco;https://super.lider.cl/browse/mascotas/gato/alimento-seco/07089592_85723699_38537300;;1;2026-03-17T01:59:44
00779745397310;Alimento Seco Gato Adulto Castrado Sabor Mix Carne Bolsa, 3 Kg;;4830;14490;True;https://super.lider.cl/ip/gato/00779745397310;https://i5.walmartimages.cl/asr/2f55a533-968c-49f6-8b6b-aac8d2e1fb96.3c2d10f959fef2a8d6692019992988a9.jpeg?null=&odnHeight=580&odnWidth=580&odnBg=FFFFFF;Gato > Alimento Seco;https://super.lider.cl/browse/mascotas/gato/alimento-seco/07089592_85723699_38537300;;1;2026-03-17T01:59:44
00761303595146;Alimento Seco Gato Adulto Sabor Pescado Bolsa, 1 Kg;;6190;6190;False;https://super.lider.cl/ip/gato/00761303595146;https://i5.walmartimages.cl/asr/58b3de19-99b4-441b-bd54-2fadf8a9feb3.a05102de91255f60af75efb21c9e9053.jpeg?null=&odnHeight=580&odnWidth=580&odnBg=FFFFFF;Gato > Alimento Seco;https://super.lider.cl/browse/mascotas/gato/alimento-seco/07089592_85723699_38537300;;1;2026-03-17T01:59:44
00085595800657;Puré Cremoso Gato Adulto Sabor Pollo Sachet, 56 g;;2950;52679;True;https://super.lider.cl/ip/gato/00085595800657;https://i5.walmartimages.cl/asr/2f5ae63a-91c7-471a-9745-5d1f1c2ff9b3.cc09daeb9320c6932baa45affdbd010b.jpeg?odnHeight=580&odnWidth=580&odnBg=FFFFFF;Gato > Alimento Humedo;https://super.lider.cl/browse/mascotas/gato/alimento-humedo/07089592_85723699_39598429;;1;2026-03-17T02:00:13
00779745300055;Alimento Húmedo Gato Adulto Sabor Pollo Pouch, 85 g;;810;9529;True;https://super.lider.cl/ip/gato/00779745300055;https://i5.walmartimages.cl/asr/db633774-7cc1-49a8-8288-0957d5ba3e9a.d07048598375b6e4d092826b7e35d0cb.jpeg?odnHeight=580&odnWidth=580&odnBg=FFFFFF;Gato > Alimento Humedo;https://super.lider.cl/browse/mascotas/gato/alimento-humedo/07089592_85723699_39598429;;1;2026-03-17T02:00:13
00779745300042;Alimento Húmedo Gato Adulto Sabor Carne Pouch, 85 g;;810;9529;True;https://super.lider.cl/ip/gato/00779745300042;https://i5.walmartimages.cl/asr/15220109-be9f-40c9-abea-49b425dc45ee.3cfb0cece18f85c651c0651a8ec40fa2.jpeg?odnHeight=580&odnWidth=580&odnBg=FFFFFF;Gato > Alimento Humedo;https://super.lider.cl/browse/mascotas/gato/alimento-humedo/07089592_85723699_39598429;;1;2026-03-17T02:00:13
00005000029048;Alimento Húmedo gato Salmón Lata, g g;;190;6410;True;https://super.lider.cl/ip/gato/00005000029048;https://i5.walmartimages.cl/asr/0f519e0c-66fa-4680-92b6-172931af7770.641c18e1f18d8a38363b0509fd2fe3f7.jpeg?null=&odnHeight=580&odnWidth=580&odnBg=FFFFFF;Gato > Alimento Humedo;https://super.lider.cl/browse/mascotas/gato/alimento-humedo/07089592_85723699_39598429;;1;2026-03-17T02:00:13
00779745300041;Alimento Húmedo Gato Adulto Sabor Salmón Pouch, 85 g;;810;9529;True;https://super.lider.cl/ip/gato/00779745300041;https://i5.walmartimages.cl/asr/2621802a-c01e-4895-9428-152c12992bc6.1ed0c7a88843e4efd3f37a9797985ac9.jpeg?odnHeight=580&odnWidth=580&odnBg=FFFFFF;Gato > Alimento Humedo;https://super.lider.cl/browse/mascotas/gato/alimento-humedo/07089592_85723699_39598429;;1;2026-03-17T02:00:13
00085595800655;Puré Cremoso Gato Adulto Sabor Atún Sachet, 56 g;;2950;52679;True;https://super.lider.cl/ip/gato/00085595800655;https://i5.walmartimages.cl/asr/94a25dc5-7119-4b18-975d-ce100969360a.6bd522cceba1d7055e5ae202900bd20b.jpeg?odnHeight=580&odnWidth=580&odnBg=FFFFFF;Gato > Alimento Humedo;https://super.lider.cl/browse/mascotas/gato/alimento-humedo/07089592_85723699_39598429;;1;2026-03-17T02:00:13
00085595800666;Puré Cremoso Gato Adulto Sabor Atún y Salmón Sachet, 56 g;;2950;52679;True;https://super.lider.cl/ip/gato/00085595800666;https://i5.walmartimages.cl/asr/f1e63ed8-acd0-40a8-918e-5fb51f729c45.08539213693e46bd03bba9957d13bc0d.jpeg?odnHeight=580&odnWidth=580&odnBg=FFFFFF;Gato > Alimento Humedo;https://super.lider.cl/browse/mascotas/gato/alimento-humedo/07089592_85723699_39598429;;1;2026-03-17T02:00:13
00789100024106;Alimento Húmedo Gato Adulto Sabor Carne Pouch, 85 g;;850;10000;True;https://super.lider.cl/ip/gato/00789100024106;https://i5.walmartimages.cl/asr/e005e625-d901-4809-bf65-be4648eaf6ab.5445d69889d20e15feeaa86a41a5aae0.jpeg?odnHeight=580&odnWidth=580&odnBg=FFFFFF;Gato > Alimento Humedo;https://super.lider.cl/browse/mascotas/gato/alimento-humedo/07089592_85723699_39598429;;1;2026-03-17T02:00:13
00779745300040;Alimento Húmedo Gatito Sabor Carne Pouch, 85 g;;810;9529;True;https://super.lider.cl/ip/gato/00779745300040;https://i5.walmartimages.cl/asr/2dac0745-51f2-45ec-b458-8301242eeb77.8ba23e05b81c665bca928cd58b09bae9.jpeg?odnHeight=580&odnWidth=580&odnBg=FFFFFF;Gato > Alimento Humedo;https://super.lider.cl/browse/mascotas/gato/alimento-humedo/07089592_85723699_39598429;;1;2026-03-17T02:00:13
00005000029059;Alimento Húmedo Gato Adulto Sabor Atún Lata, 156 g;;190;6410;True;https://super.lider.cl/ip/gato/00005000029059;https://i5.walmartimages.cl/asr/b2b77a23-7ed6-446a-b129-b98d020ff65a.f2b8965f2aea377bd12f938b8c384eee.jpeg?odnHeight=580&odnWidth=580&odnBg=FFFFFF;Gato > Alimento Humedo;https://super.lider.cl/browse/mascotas/gato/alimento-humedo/07089592_85723699_39598429;;1;2026-03-17T02:00:13
00789100024113;Alimento Húmedo Gato Adulto Sabor Pescado Blanco Pouch, 85 g;;850;10000;True;https://super.lider.cl/ip/gato/00789100024113;https://i5.walmartimages.cl/asr/a059cc91-8a7c-4d34-8870-d0bb7b576527.dd44b6863eaca8de4595e2131fc3ac1d.jpeg?odnHeight=580&odnWidth=580&odnBg=FFFFFF;Gato > Alimento Humedo;https://super.lider.cl/browse/mascotas/gato/alimento-humedo/07089592_85723699_39598429;;1;2026-03-17T02:00:13
00789602904656;Alimento Húmedo Gato Adulto Sabor Atún en Salsa Pouch, 85 g;;810;9529;True;https://super.lider.cl/ip/gato/00789602904656;https://i5.walmartimages.cl/asr/04f4bc5d-b246-4ecf-8f3b-e04b43ccef83.95d6217a2ba74972e310ef92c8456049.jpeg?odnHeight=580&odnWidth=580&odnBg=FFFFFF;Gato > Alimento Humedo;https://super.lider.cl/browse/mascotas/gato/alimento-humedo/07089592_85723699_39598429;;1;2026-03-17T02:00:13
00779745300147;Alimento Húmedo Gatito Soufflé Sabor Carne Pouch, 85 g;;810;9529;True;https://super.lider.cl/ip/gato/00779745300147;https://i5.walmartimages.cl/asr/cf857ee7-7e42-476b-b385-4adcb0c26881.bc0ab0850dc0fcee2fcfc250d3a81b4b.jpeg?odnHeight=580&odnWidth=580&odnBg=FFFFFF;Gato > Alimento Humedo;https://super.lider.cl/browse/mascotas/gato/alimento-humedo/07089592_85723699_39598429;;1;2026-03-17T02:00:13
00789100024117;Alimento Húmedo Gato Adulto Sabor Pollo e Hígado Pouch, 85 g;;850;10000;True;https://super.lider.cl/ip/gato/00789100024117;https://i5.walmartimages.cl/asr/f2c5dfde-28fa-41fc-b8c9-d38e6a890507.bb9c8ad0e3796aa7564ddf42592f9b66.jpeg?null=&odnHeight=580&odnWidth=580&odnBg=FFFFFF;Gato > Alimento Humedo;https://super.lider.cl/browse/mascotas/gato/alimento-humedo/07089592_85723699_39598429;;1;2026-03-17T02:00:13
00779745300043;Alimento Húmedo Gato Adulto Sabor Pavo Pouch, 85 g;;810;9529;True;https://super.lider.cl/ip/gato/00779745300043;https://i5.walmartimages.cl/asr/abfaa229-63ed-4307-9037-86f64a699dcc.b4f9867ca1e26bcd5b5b4dbdbf679322.jpeg?odnHeight=580&odnWidth=580&odnBg=FFFFFF;Gato > Alimento Humedo;https://super.lider.cl/browse/mascotas/gato/alimento-humedo/07089592_85723699_39598429;;1;2026-03-17T02:00:13
00789100024062;Alimento Húmedo Gatito Sabor Carne Pouch, 85 g;;850;10000;True;https://super.lider.cl/ip/gato/00789100024062;https://i5.walmartimages.cl/asr/0547dc32-3df6-4e7a-973c-fa9de1a6b99c.04c6d1aa64ac59125c50250b85832362.jpeg?odnHeight=580&odnWidth=580&odnBg=FFFFFF;Gato > Alimento Humedo;https://super.lider.cl/browse/mascotas/gato/alimento-humedo/07089592_85723699_39598429;;1;2026-03-17T02:00:13
00789100024058;Alimento Húmedo Gatito Sabor Pescado Pouch, 85 g;;850;10000;True;https://super.lider.cl/ip/gato/00789100024058;https://i5.walmartimages.cl/asr/744d799e-e5dd-4d15-b232-eb938d98b2c3.c6505c7ebef4d416242b3dae44000b81.jpeg?null=&odnHeight=580&odnWidth=580&odnBg=FFFFFF;Gato > Alimento Humedo;https://super.lider.cl/browse/mascotas/gato/alimento-humedo/07089592_85723699_39598429;;1;2026-03-17T02:00:13
00789100012077;Alimento Húmedo Gato Adulto Sabor Atún Pouch, 85 g;;850;10000;True;https://super.lider.cl/ip/gato/00789100012077;https://i5.walmartimages.cl/asr/6a37bd6e-906a-44a3-b194-eb7392a7e8b0.185de35511ec651d710eb4de0f9ddbcb.jpeg?odnHeight=580&odnWidth=580&odnBg=FFFFFF;Gato > Alimento Humedo;https://super.lider.cl/browse/mascotas/gato/alimento-humedo/07089592_85723699_39598429;;1;2026-03-17T02:00:13
00789100024108;Alimento Húmedo Gato Adulto Sabor Salmón Pouch, 85 g;;850;10000;True;https://super.lider.cl/ip/gato/00789100024108;https://i5.walmartimages.cl/asr/a1495b97-99d6-4e00-8e73-04b811ccba01.c5f21fe2032aac0f7ae12821c7148d96.jpeg?odnHeight=580&odnWidth=580&odnBg=FFFFFF;Gato > Alimento Humedo;https://super.lider.cl/browse/mascotas/gato/alimento-humedo/07089592_85723699_39598429;;1;2026-03-17T02:00:13
00005000029068;Alimento Húmedo Gato Adulto Paté Pavo/Menudencia Lata, 156 g;;190;6410;True;https://super.lider.cl/ip/gato/00005000029068;https://i5.walmartimages.cl/asr/a468cc61-b3f0-41f1-ac6f-832ea1fadbdd.c7929752a2e647464cb00615a3c5bd76.jpeg?null=&odnHeight=580&odnWidth=580&odnBg=FFFFFF;Gato > Alimento Humedo;https://super.lider.cl/browse/mascotas/gato/alimento-humedo/07089592_85723699_39598429;;1;2026-03-17T02:00:13
00789602904662;Alimento Húmedo Gato Adulto Castrado Sabor Carne Pouch, 85 g;;810;9529;True;https://super.lider.cl/ip/gato/00789602904662;https://i5.walmartimages.cl/asr/3d187107-453e-4125-93aa-66f73895ab9a.187f8155a038def1f4a62b61360c27f9.jpeg?null=&odnHeight=580&odnWidth=580&odnBg=FFFFFF;Gato > Alimento Humedo;https://super.lider.cl/browse/mascotas/gato/alimento-humedo/07089592_85723699_39598429;;1;2026-03-17T02:00:13
00780410000165;Alimento Húmedo Gato Adulto Trocitos Sabor Salmón y Sardina Pouch, 100 g;;640;7529;True;https://super.lider.cl/ip/gato/00780410000165;https://i5.walmartimages.cl/asr/775f910e-a5e5-40e7-95d5-f58bccf31087.a7db47cf491e21883e13a4cf255b1754.jpeg?null=&odnHeight=580&odnWidth=580&odnBg=FFFFFF;Gato > Alimento Humedo;https://super.lider.cl/browse/mascotas/gato/alimento-humedo/07089592_85723699_39598429;;1;2026-03-17T02:00:13
00780257553264;Alimento Húmedo Gatito Trocitos Sabor Carne Pouch, 85 g;;680;8000;True;https://super.lider.cl/ip/gato/00780257553264;https://i5.walmartimages.cl/asr/3b6a6889-7b03-4e51-a77a-c85eb43d65a6.b037e0e0b671582258f1212a64c49473.jpeg?null=&odnHeight=580&odnWidth=580&odnBg=FFFFFF;Gato > Alimento Humedo;https://super.lider.cl/browse/mascotas/gato/alimento-humedo/07089592_85723699_39598429;;1;2026-03-17T02:00:13
00780410000242;Alimento Húmedo Gato Adulto Trocitos Sabor Atún y Salmón Pouch, 100 g;;640;6400;True;https://super.lider.cl/ip/gato/00780410000242;https://i5.walmartimages.cl/asr/360f188e-cc29-41d5-ba22-1820f7f0b9f1.0b70f5709554b29cd0192bc75def4aeb.jpeg?odnHeight=580&odnWidth=580&odnBg=FFFFFF;Gato > Alimento Humedo;https://super.lider.cl/browse/mascotas/gato/alimento-humedo/07089592_85723699_39598429;;1;2026-03-17T02:00:13
00779745300149;Alimento Húmedo Gato Adulto Jelly Sabor Pescado Pouch, 85 g;;810;9529;True;https://super.lider.cl/ip/gato/00779745300149;https://i5.walmartimages.cl/asr/11cb7ffe-1113-493a-a857-f33fc6c5819d.c4223102e29563ccf491f71ae9890091.jpeg?odnHeight=580&odnWidth=580&odnBg=FFFFFF;Gato > Alimento Humedo;https://super.lider.cl/browse/mascotas/gato/alimento-humedo/07089592_85723699_39598429;;1;2026-03-17T02:00:13
00789100033238;Alimento Humedo Gato Superfoods Sabor Salmon Pouch, 85 g;;1290;15176;True;https://super.lider.cl/ip/gato/00789100033238;https://i5.walmartimages.cl/asr/7719a04d-c54c-4c4d-a1b8-f4d1c92f4768.a9699630c5e6ef7c8119db6bd0416dd2.jpeg?null=&odnHeight=580&odnWidth=580&odnBg=FFFFFF;Gato > Alimento Humedo;https://super.lider.cl/browse/mascotas/gato/alimento-humedo/07089592_85723699_39598429;;1;2026-03-17T02:00:13
00780443800329;Alimento Húmedo Gatito Sabor Carne y Leche Pouch, 85 g;;630;1000;True;https://super.lider.cl/ip/gato/00780443800329;https://i5.walmartimages.cl/asr/e9572380-7dcb-449a-8ccd-9903fdf9e1f6.0f6a6ae7f6062eef64700fec331d674e.jpeg?null=&odnHeight=580&odnWidth=580&odnBg=FFFFFF;Gato > Alimento Humedo;https://super.lider.cl/browse/mascotas/gato/alimento-humedo/07089592_85723699_39598429;;1;2026-03-17T02:00:13
00780410000243;Alimento Húmedo Gato Adulto Trocitos Sabor Pollo y Pavo Pouch, 100 g;;640;7529;True;https://super.lider.cl/ip/gato/00780410000243;https://i5.walmartimages.cl/asr/29ceacf6-ef71-4c52-903f-96df95893fc4.aa77ad622b171fc215984692973871b1.jpeg?odnHeight=580&odnWidth=580&odnBg=FFFFFF;Gato > Alimento Humedo;https://super.lider.cl/browse/mascotas/gato/alimento-humedo/07089592_85723699_39598429;;1;2026-03-17T02:00:13
00780443800327;Alimento Húmedo Gato Adulto Sabor Carne Pouch, 85 g;;630;1000;True;https://super.lider.cl/ip/gato/00780443800327;https://i5.walmartimages.cl/asr/6e110e7c-d468-4489-8dd4-f5cc6b29914d.39c46bfef3ff97f74826cbbb0901cda5.jpeg?null=&odnHeight=580&odnWidth=580&odnBg=FFFFFF;Gato > Alimento Humedo;https://super.lider.cl/browse/mascotas/gato/alimento-humedo/07089592_85723699_39598429;;1;2026-03-17T02:00:13
00780257553173;Alimento Húmedo Gato Adulto Trocitos Sabor Carne Pouch, 85 g;;680;8000;True;https://super.lider.cl/ip/gato/00780257553173;https://i5.walmartimages.cl/asr/52babc65-da61-4a2d-9ba1-85f4472cccf6.4f4b8905c470d4ef5be393d5d6deefbf.jpeg?null=&odnHeight=580&odnWidth=580&odnBg=FFFFFF;Gato > Alimento Humedo;https://super.lider.cl/browse/mascotas/gato/alimento-humedo/07089592_85723699_39598429;;1;2026-03-17T02:00:13
00780443800328;Alimento Húmedo Gato Adulto Sabor Salmón Pouch, 85 g;;630;1000;True;https://super.lider.cl/ip/gato/00780443800328;https://i5.walmartimages.cl/asr/e86a1af2-c4bf-4f85-9cf9-7e36a0209417.ecfe29572d52b4996a9f92fb7751ef53.jpeg?null=&odnHeight=580&odnWidth=580&odnBg=FFFFFF;Gato > Alimento Humedo;https://super.lider.cl/browse/mascotas/gato/alimento-humedo/07089592_85723699_39598429;;1;2026-03-17T02:00:13
00779745300148;Alimento Húmedo Gato Adulto Jelly Sabor Carne Pouch, 85 g;;810;9529;True;https://super.lider.cl/ip/gato/00779745300148;https://i5.walmartimages.cl/asr/855a3bcd-36cf-4fec-ad90-ed1c4e348dd9.8dcb3928b4ff4a94c5b26e4f57ec6de0.jpeg?null=&odnHeight=580&odnWidth=580&odnBg=FFFFFF;Gato > Alimento Humedo;https://super.lider.cl/browse/mascotas/gato/alimento-humedo/07089592_85723699_39598429;;1;2026-03-17T02:00:13
00780257553174;Alimento Húmedo Gato Adulto Trocitos Sabor Salmón Pouch, 85 g;;680;8000;True;https://super.lider.cl/ip/gato/00780257553174;https://i5.walmartimages.cl/asr/ec4f00b5-c86c-41c9-8893-75e97ad3c5f8.8a6094e2a58c21055d77080c5017d729.jpeg?null=&odnHeight=580&odnWidth=580&odnBg=FFFFFF;Gato > Alimento Humedo;https://super.lider.cl/browse/mascotas/gato/alimento-humedo/07089592_85723699_39598429;;1;2026-03-17T02:00:13
00789100033242;Alimento Húmedo Gato Adulto Super Nutrientes Sabor Carne Pouch, 85 g;;1290;15176;True;https://super.lider.cl/ip/gato/00789100033242;https://i5.walmartimages.cl/asr/5d21598c-b370-4d4b-aaad-0f881d854b5f.445182fadc78a47ddf8ccfcd751a5135.jpeg?null=&odnHeight=580&odnWidth=580&odnBg=FFFFFF;Gato > Alimento Humedo;https://super.lider.cl/browse/mascotas/gato/alimento-humedo/07089592_85723699_39598429;;1;2026-03-17T02:00:13
00789100033246;Alimento Húmedo Gato Adulto Sabor Salmón, Atún y Pescado Blanco Pouch, 85 g;;1290;15176;True;https://super.lider.cl/ip/gato/00789100033246;https://i5.walmartimages.cl/asr/85f1abce-ee5e-42fc-8cb9-e3dd9c7a362b.27efadda78b52836026450f01cca9d10.jpeg?null=&odnHeight=580&odnWidth=580&odnBg=FFFFFF;Gato > Alimento Humedo;https://super.lider.cl/browse/mascotas/gato/alimento-humedo/07089592_85723699_39598429;;1;2026-03-17T02:00:13
00780257553411;Alimento Húmedo Gato Adulto Trocitos Sabor Atún Pouch, 85 g;;680;8000;True;https://super.lider.cl/ip/gato/00780257553411;https://i5.walmartimages.cl/asr/10f5745d-3831-4dc1-9af5-199799063589.098a068afe47079a489bd1b4300076ab.jpeg?null=&odnHeight=580&odnWidth=580&odnBg=FFFFFF;Gato > Alimento Humedo;https://super.lider.cl/browse/mascotas/gato/alimento-humedo/07089592_85723699_39598429;;1;2026-03-17T02:00:13
00780257553398;Alimento Húmedo Gato Adulto Sabor Pechuga de Pollo con Salmón al Jugo Pouch, 85 g;;1250;14706;True;https://super.lider.cl/ip/gato/00780257553398;https://i5.walmartimages.cl/asr/5bbf7b7a-1210-4f21-bf43-ec423a95164f.90e7f2487bb25fb67a398ca050a3f4ea.jpeg?null=&odnHeight=580&odnWidth=580&odnBg=FFFFFF;Gato > Alimento Humedo;https://super.lider.cl/browse/mascotas/gato/alimento-humedo/07089592_85723699_39598429;;1;2026-03-17T02:00:13
00074674766584;Caldo para Gato de Vacuno, 50 g;;1090;1090;False;https://super.lider.cl/ip/gato/00074674766584;https://i5.walmartimages.cl/asr/aaf5bd40-2171-48dc-99e2-5c172f320117.f1f9fb474564241c0edf951d7a46e919.jpeg?odnHeight=580&odnWidth=580&odnBg=FFFFFF;Gato > Alimento Humedo;https://super.lider.cl/browse/mascotas/gato/alimento-humedo/07089592_85723699_39598429;;1;2026-03-17T02:00:13
00074674766583;Caldo de Pato para Gato Pouch, 50 g;;1090;1090;False;https://super.lider.cl/ip/gato/00074674766583;https://i5.walmartimages.cl/asr/0455cd50-a9e8-4b55-b9bf-6ad1b86e93cf.4e56ae5f99a56a0dd4860361bdd204bf.jpeg?odnHeight=580&odnWidth=580&odnBg=FFFFFF;Gato > Alimento Humedo;https://super.lider.cl/browse/mascotas/gato/alimento-humedo/07089592_85723699_39598429;;1;2026-03-17T02:00:13
00074674766582;Caldo de Salmón para Gato Pouch, 50 g;;1090;1090;False;https://super.lider.cl/ip/gato/00074674766582;https://i5.walmartimages.cl/asr/fc8b3e96-6985-4174-a3ac-014487c6ae5b.c1eb41d07f55b1f2ed6345761d91dd79.jpeg?odnHeight=580&odnWidth=580&odnBg=FFFFFF;Gato > Alimento Humedo;https://super.lider.cl/browse/mascotas/gato/alimento-humedo/07089592_85723699_39598429;;1;2026-03-17T02:00:13
00085595800657;Puré Cremoso Gato Adulto Sabor Pollo Sachet, 56 g;;2950;52679;True;https://super.lider.cl/ip/gato/00085595800657;https://i5.walmartimages.cl/asr/2f5ae63a-91c7-471a-9745-5d1f1c2ff9b3.cc09daeb9320c6932baa45affdbd010b.jpeg?odnHeight=580&odnWidth=580&odnBg=FFFFFF;Gato > Snack y Premios;https://super.lider.cl/browse/mascotas/gato/snack-y-premios/07089592_85723699_83034796;;1;2026-03-17T02:01:44
00085595800655;Puré Cremoso Gato Adulto Sabor Atún Sachet, 56 g;;2950;52679;True;https://super.lider.cl/ip/gato/00085595800655;https://i5.walmartimages.cl/asr/94a25dc5-7119-4b18-975d-ce100969360a.6bd522cceba1d7055e5ae202900bd20b.jpeg?odnHeight=580&odnWidth=580&odnBg=FFFFFF;Gato > Snack y Premios;https://super.lider.cl/browse/mascotas/gato/snack-y-premios/07089592_85723699_83034796;;1;2026-03-17T02:01:44
00085595800666;Puré Cremoso Gato Adulto Sabor Atún y Salmón Sachet, 56 g;;2950;52679;True;https://super.lider.cl/ip/gato/00085595800666;https://i5.walmartimages.cl/asr/f1e63ed8-acd0-40a8-918e-5fb51f729c45.08539213693e46bd03bba9957d13bc0d.jpeg?odnHeight=580&odnWidth=580&odnBg=FFFFFF;Gato > Snack y Premios;https://super.lider.cl/browse/mascotas/gato/snack-y-premios/07089592_85723699_83034796;;1;2026-03-17T02:01:44
00780445700263;Snack Gato Líquido Variedades Caja, 360 g;;9990;27749;True;https://super.lider.cl/ip/gato/00780445700263;https://i5.walmartimages.cl/asr/94754f0f-c7a5-4139-9cc3-081ba337a76c.9628a361e5fbfb3522eea4fd75ffb70e.jpeg?odnHeight=580&odnWidth=580&odnBg=FFFFFF;Gato > Snack y Premios;https://super.lider.cl/browse/mascotas/gato/snack-y-premios/07089592_85723699_83034796;;1;2026-03-17T02:01:44
00789100024749;Snack Gato Adulto Dental Sabor Pollo Bolsa, 40 g;;1490;37250;True;https://super.lider.cl/ip/gato/00789100024749;https://i5.walmartimages.cl/asr/ae6070ba-75f9-429f-80ae-fa9addb82288.9f9e2381db7119a381a93330f342a58b.jpeg?null=&odnHeight=580&odnWidth=580&odnBg=FFFFFF;Gato > Snack y Premios;https://super.lider.cl/browse/mascotas/gato/snack-y-premios/07089592_85723699_83034796;;1;2026-03-17T02:01:44
00065952511111;Galletas Gato Adulto Catnip y Pollo Bolsa, 65 g;;340;19231;True;https://super.lider.cl/ip/gato/00065952511111;https://i5.walmartimages.cl/asr/122f96bb-53b4-4d73-94d3-5cc1d248bce9.c053d5cdfe1459942beb358f808e0a8e.jpeg?null=&odnHeight=580&odnWidth=580&odnBg=FFFFFF;Gato > Snack y Premios;https://super.lider.cl/browse/mascotas/gato/snack-y-premios/07089592_85723699_83034796;;1;2026-03-17T02:01:44
00780445700262;Snack Gato Líquido Sabor Mix del Mar Caja, 360 g;;9990;27749;True;https://super.lider.cl/ip/gato/00780445700262;https://i5.walmartimages.cl/asr/e177572f-79a6-4b41-824d-0c82a403d8d8.7bc4de8d4978ad56441dc24ca40781e2.jpeg?odnHeight=580&odnWidth=580&odnBg=FFFFFF;Gato > Snack y Premios;https://super.lider.cl/browse/mascotas/gato/snack-y-premios/07089592_85723699_83034796;;1;2026-03-17T02:01:44
00076506676528;Galleta Rellena Gato Sabor Salmon con Hierba Gatera Caja, g;;1790;22375;True;https://super.lider.cl/ip/gato/00076506676528;https://i5.walmartimages.cl/asr/941b439b-fd7a-4fe7-9c42-18e7f65a1282.cc6cc3a6270f0d4ff2e44fee9df08197.jpeg?null=&odnHeight=580&odnWidth=580&odnBg=FFFFFF;Gato > Snack y Premios;https://super.lider.cl/browse/mascotas/gato/snack-y-premios/07089592_85723699_83034796;;1;2026-03-17T02:01:44
00789100011757;Snack Gato Adulto Travesuras Original Mix Pollo, Hígado y Pavo Bolsa, 60 g;;1650;27500;True;https://super.lider.cl/ip/gato/00789100011757;https://i5.walmartimages.cl/asr/68631753-b63f-4d36-9e8f-20b6abae7d37.13c5d6bf8944cc890a2d24afa0c988ea.jpeg?null=&odnHeight=580&odnWidth=580&odnBg=FFFFFF;Gato > Snack y Premios;https://super.lider.cl/browse/mascotas/gato/snack-y-premios/07089592_85723699_83034796;;1;2026-03-17T02:01:44
00076506676524;Galleta Gato con Catnip Sabor Pollo con Hierba Gatera Caja, g;;1790;22375;True;https://super.lider.cl/ip/gato/00076506676524;https://i5.walmartimages.cl/asr/85489810-10b5-46b8-b1ba-36fded9de170.bf54d75acc46388cbb1856aea2aa0f4f.jpeg?null=&odnHeight=580&odnWidth=580&odnBg=FFFFFF;Gato > Snack y Premios;https://super.lider.cl/browse/mascotas/gato/snack-y-premios/07089592_85723699_83034796;;1;2026-03-17T02:01:44
00076506676526;Galleta Rellena Gato Sabor Salmon con Pollo Caja, g;;1790;22375;True;https://super.lider.cl/ip/gato/00076506676526;https://i5.walmartimages.cl/asr/27ef7c1b-f0a1-426a-8377-c7b39e867910.3ac4408f52bf3ace14482f7028efc6f4.jpeg?null=&odnHeight=580&odnWidth=580&odnBg=FFFFFF;Gato > Snack y Premios;https://super.lider.cl/browse/mascotas/gato/snack-y-premios/07089592_85723699_83034796;;1;2026-03-17T02:01:44
00779745397380;Snack Gato Adulto Pellet Sabroso Sabor Pollo Bolsa, 80 g;;1890;23625;True;https://super.lider.cl/ip/gato/00779745397380;https://i5.walmartimages.cl/asr/8bd860c5-2a4f-452a-856a-e7c094c95570.f9c4adb149f182fc6fdd86706dd0b67b.jpeg?odnHeight=580&odnWidth=580&odnBg=FFFFFF;Gato > Snack y Premios;https://super.lider.cl/browse/mascotas/gato/snack-y-premios/07089592_85723699_83034796;;1;2026-03-17T02:01:44
00779745397381;Snack Gato Adulto Pellet Tentador Sabor Carne Bolsa, 80 g;;1890;23625;True;https://super.lider.cl/ip/gato/00779745397381;https://i5.walmartimages.cl/asr/3873e9f5-37f5-43e8-ab25-897a6d769d55.a922e21185ab283fb2052f42dc8a857b.jpeg?odnHeight=580&odnWidth=580&odnBg=FFFFFF;Gato > Snack y Premios;https://super.lider.cl/browse/mascotas/gato/snack-y-premios/07089592_85723699_83034796;;1;2026-03-17T02:01:44
00076506676858;Snack Gato Cremoso Sabor Cangrejo Bolsa, 60 g;;1790;29833;True;https://super.lider.cl/ip/gato/00076506676858;https://i5.walmartimages.cl/asr/d1a829c6-0f71-44bc-8aac-54d2f268dd6d.db12e8439d2ac03206a9fd98b43dc46b.jpeg?odnHeight=580&odnWidth=580&odnBg=FFFFFF;Gato > Snack y Premios;https://super.lider.cl/browse/mascotas/gato/snack-y-premios/07089592_85723699_83034796;;1;2026-03-17T02:01:44
00779745397382;Snack Gato Adulto Pellet Delicioso Sabor Salmón Bolsa, 80 g;;1890;23625;True;https://super.lider.cl/ip/gato/00779745397382;https://i5.walmartimages.cl/asr/0b554b7a-e4d3-465b-a26e-41dfdd2b6304.cc4a53cf8a56596a62cedcb97b5d69d8.jpeg?odnHeight=580&odnWidth=580&odnBg=FFFFFF;Gato > Snack y Premios;https://super.lider.cl/browse/mascotas/gato/snack-y-premios/07089592_85723699_83034796;;1;2026-03-17T02:01:44
00780445700247;Snack Gato Líquido Sabor Pollo Bolsa, g Un;;1990;3316;True;https://super.lider.cl/ip/gato/00780445700247;https://i5.walmartimages.cl/asr/5f0199a3-cd33-44d5-9043-470c8937e897.fef89563b1fca4686b76fd5ddce2160b.jpeg?null=&odnHeight=580&odnWidth=580&odnBg=FFFFFF;Gato > Snack y Premios;https://super.lider.cl/browse/mascotas/gato/snack-y-premios/07089592_85723699_83034796;;1;2026-03-17T02:01:44
00780445700261;Snack Gato Líquido Mix Pollo Caja, 360 g;;9990;27749;True;https://super.lider.cl/ip/gato/00780445700261;https://i5.walmartimages.cl/asr/1ac450f1-c25b-4ec3-a6e7-5d97b7f7dd6e.37155e88fd56f2154d26ed0f9cd02d9f.jpeg?odnHeight=580&odnWidth=580&odnBg=FFFFFF;Gato > Snack y Premios;https://super.lider.cl/browse/mascotas/gato/snack-y-premios/07089592_85723699_83034796;;1;2026-03-17T02:01:44
00400823924190;Snack Gato Catstick Conejo y Pato, g;;2290;127222;True;https://super.lider.cl/ip/gato/00400823924190;https://i5.walmartimages.cl/asr/887bfe18-d604-4bab-bfb0-ad165514ef77.4af22dbb3ff854b3d5952888cbfe0afc.jpeg?odnHeight=580&odnWidth=580&odnBg=FFFFFF;Gato > Snack y Premios;https://super.lider.cl/browse/mascotas/gato/snack-y-premios/07089592_85723699_83034796;;1;2026-03-17T02:01:44
00076506676522;Galleta Gato con Catnip Sabor Salmon Hierba Gatera Caja, g ml;;1790;22375;True;https://super.lider.cl/ip/gato/00076506676522;https://i5.walmartimages.cl/asr/00d60b70-6be0-4452-a357-5a732fd386bb.e161574363ae5960108b347ed6881367.jpeg?null=&odnHeight=580&odnWidth=580&odnBg=FFFFFF;Gato > Snack y Premios;https://super.lider.cl/browse/mascotas/gato/snack-y-premios/07089592_85723699_83034796;;1;2026-03-17T02:01:44
00076506676859;Snack Gato Cremoso Sabor Salmón con Matababi Bolsa, g;;1790;29833;True;https://super.lider.cl/ip/gato/00076506676859;https://i5.walmartimages.cl/asr/94aca496-b3b6-4411-8cb4-c2ebe2757eb7.ec6edd03e6e74d832c7dacee4bc49869.jpeg?odnHeight=580&odnWidth=580&odnBg=FFFFFF;Gato > Snack y Premios;https://super.lider.cl/browse/mascotas/gato/snack-y-premios/07089592_85723699_83034796;;1;2026-03-17T02:01:44
00065952511110;Galletas Gato Adulto Catnip y Atún Bolsa, 65 g;;340;19231;True;https://super.lider.cl/ip/gato/00065952511110;https://i5.walmartimages.cl/asr/f6582b8e-7e06-4386-867e-6d342ca238c2.e130912fcf1f8e316f70965e19769ea4.jpeg?null=&odnHeight=580&odnWidth=580&odnBg=FFFFFF;Gato > Snack y Premios;https://super.lider.cl/browse/mascotas/gato/snack-y-premios/07089592_85723699_83034796;;1;2026-03-17T02:01:44
00789100011759;Snack Gato Adulto Travesuras Ocean Mix Camarón, Salmón y Atún Bolsa, 60 g;;1650;27500;True;https://super.lider.cl/ip/gato/00789100011759;https://i5.walmartimages.cl/asr/1394cb2f-fe6e-4dcf-847c-ebe53a2dc173.dfb3b48a86e7f8e706e3680455e0735c.jpeg?null=&odnHeight=580&odnWidth=580&odnBg=FFFFFF;Gato > Snack y Premios;https://super.lider.cl/browse/mascotas/gato/snack-y-premios/07089592_85723699_83034796;;1;2026-03-17T02:01:44
00400823931219;Snack Gato Catstick Pollo Hierbagatera, g;;2290;127222;True;https://super.lider.cl/ip/gato/00400823931219;https://i5.walmartimages.cl/asr/e4efdb74-9ae4-45fb-960f-38b0ff142d07.60f08dcee134d9b30c1eb03e691a283e.jpeg?odnHeight=580&odnWidth=580&odnBg=FFFFFF;Gato > Snack y Premios;https://super.lider.cl/browse/mascotas/gato/snack-y-premios/07089592_85723699_83034796;;1;2026-03-17T02:01:44
00780460346592;Snack Gato catnip Grain Free, 60 g;;340;25625;True;https://super.lider.cl/ip/gato/00780460346592;https://i5.walmartimages.cl/asr/afdebf2a-5ed9-489a-8608-26abd46c6c50.4a1ede1255ea5d72beb694a9652cd50f.jpeg?odnHeight=580&odnWidth=580&odnBg=FFFFFF;Gato > Snack y Premios;https://super.lider.cl/browse/mascotas/gato/snack-y-premios/07089592_85723699_83034796;;1;2026-03-17T02:01:44
00400823939314;Snack Gato Catstick Salmón, g;;2290;127222;True;https://super.lider.cl/ip/gato/00400823939314;https://i5.walmartimages.cl/asr/b11cf357-2206-4d07-a15f-e362171589f9.2be7acae714f17029fbedabb349c2cd0.jpeg?odnHeight=580&odnWidth=580&odnBg=FFFFFF;Gato > Snack y Premios;https://super.lider.cl/browse/mascotas/gato/snack-y-premios/07089592_85723699_83034796;;1;2026-03-17T02:01:44
00076506676529;Galleta Rellena Gato Sabor Atún con Pollo, g;;1790;22375;True;https://super.lider.cl/ip/gato/00076506676529;https://i5.walmartimages.cl/asr/f329eadd-8f3d-45bf-8dc5-29affd9b6ea1.f1f3c36244dc6bb36723a9948f2e0eb3.jpeg?null=&odnHeight=580&odnWidth=580&odnBg=FFFFFF;Gato > Snack y Premios;https://super.lider.cl/browse/mascotas/gato/snack-y-premios/07089592_85723699_83034796;;1;2026-03-17T02:01:44
00076506676857;Snack Gato Cremoso Sabor Atún Bolsa, g;;1790;29833;True;https://super.lider.cl/ip/gato/00076506676857;https://i5.walmartimages.cl/asr/fb2f81a8-73c3-4038-88ce-cf48ebb61cba.96c63584134554645d01da9f9d1ee94c.jpeg?odnHeight=580&odnWidth=580&odnBg=FFFFFF;Gato > Snack y Premios;https://super.lider.cl/browse/mascotas/gato/snack-y-premios/07089592_85723699_83034796;;1;2026-03-17T02:01:44
00076506676523;Galleta Gato con Catnip Sabor Atún con Hierba Gatera Caja, g;;1790;22375;True;https://super.lider.cl/ip/gato/00076506676523;https://i5.walmartimages.cl/asr/9de828df-f140-4e80-9659-f60694bf6bee.27402d3154f7eac1910168b62907901b.jpeg?null=&odnHeight=580&odnWidth=580&odnBg=FFFFFF;Gato > Snack y Premios;https://super.lider.cl/browse/mascotas/gato/snack-y-premios/07089592_85723699_83034796;;1;2026-03-17T02:01:44
00076506676856;Snack Gato Cremoso Sabor Camarón Bolsa, 60 g;;1790;29833;True;https://super.lider.cl/ip/gato/00076506676856;https://i5.walmartimages.cl/asr/c070e7b7-7597-468a-afb8-1ca437655ea8.3db7a596fa789f801bedf10b47bc1900.jpeg?odnHeight=580&odnWidth=580&odnBg=FFFFFF;Gato > Snack y Premios;https://super.lider.cl/browse/mascotas/gato/snack-y-premios/07089592_85723699_83034796;;1;2026-03-17T02:01:44
00076506676527;Galleta Rellena Gato Sabor Atún con Queso, 80 g;;1790;22375;True;https://super.lider.cl/ip/gato/00076506676527;https://i5.walmartimages.cl/asr/34639191-550e-4844-a9ec-588be6b47c14.9da46350b310ddaedb7dd04376ae3b14.jpeg?null=&odnHeight=580&odnWidth=580&odnBg=FFFFFF;Gato > Snack y Premios;https://super.lider.cl/browse/mascotas/gato/snack-y-premios/07089592_85723699_83034796;;1;2026-03-17T02:01:44
00780445700249;Snack Gato Líquido Salmón Atún Bolsa, g g;;1990;3316;True;https://super.lider.cl/ip/gato/00780445700249;https://i5.walmartimages.cl/asr/1ecc5ab6-7fe2-4e6b-b41d-4fa7b8c26725.be5815ff12a1f08bb60c3d4d254bc52c.jpeg?null=&odnHeight=580&odnWidth=580&odnBg=FFFFFF;Gato > Snack y Premios;https://super.lider.cl/browse/mascotas/gato/snack-y-premios/07089592_85723699_83034796;;1;2026-03-17T02:01:44
00780445700248;Snack Gato Líquido Sabor Atún Bolsa, g g;;1990;3316;True;https://super.lider.cl/ip/gato/00780445700248;https://i5.walmartimages.cl/asr/bfc21913-648e-4dd7-bf32-16ff685fa250.ce25883f61c5654a7816c5953c728194.jpeg?null=&odnHeight=580&odnWidth=580&odnBg=FFFFFF;Gato > Snack y Premios;https://super.lider.cl/browse/mascotas/gato/snack-y-premios/07089592_85723699_83034796;;1;2026-03-17T02:01:44
00074674766598;Alimento Húmedo para Gato Tiritas Suaves de Salmón, 65 g;;1990;1990;False;https://super.lider.cl/ip/gato/00074674766598;https://i5.walmartimages.cl/asr/18fb1d47-d2a1-430d-94de-cda7dc43188e.e47c6ad43274e58b6496137f11265a43.jpeg?odnHeight=580&odnWidth=580&odnBg=FFFFFF;Gato > Snack y Premios;https://super.lider.cl/browse/mascotas/gato/snack-y-premios/07089592_85723699_83034796;;1;2026-03-17T02:01:44
00074674766597;Alimento Húmedo para Gato Tiritas Suaves de Vacuno, 65 g;;1990;1990;False;https://super.lider.cl/ip/gato/00074674766597;https://i5.walmartimages.cl/asr/8db16f9c-e3a2-4b84-8f83-955eea4b3099.52d3c34dfbf89c9afafdac1ec36baf5b.jpeg?odnHeight=580&odnWidth=580&odnBg=FFFFFF;Gato > Snack y Premios;https://super.lider.cl/browse/mascotas/gato/snack-y-premios/07089592_85723699_83034796;;1;2026-03-17T02:01:44
00885139300421;Snacks Húmedo Gato Sabor Maguro Y Vieras, 48 g;;990;41667;True;https://super.lider.cl/ip/gato/00885139300421;https://i5.walmartimages.cl/asr/0dc504ca-45fb-43c9-9555-3f0f259b355f.31a4c6d944688e7a19f141083c7eac9b.jpeg?null=&odnHeight=580&odnWidth=580&odnBg=FFFFFF;Gato > Snack y Premios;https://super.lider.cl/browse/mascotas/gato/snack-y-premios/07089592_85723699_83034796;;1;2026-03-17T02:01:44
00885139300418;Snacks Humedo Gato sabor Salmon y Queso, 48 g;;990;41667;True;https://super.lider.cl/ip/gato/00885139300418;https://i5.walmartimages.cl/asr/12f16789-db8b-4257-8b3e-6006ca765e25.d9f1e6a851caa0258a7ceded72b25dc7.jpeg?null=&odnHeight=580&odnWidth=580&odnBg=FFFFFF;Gato > Snack y Premios;https://super.lider.cl/browse/mascotas/gato/snack-y-premios/07089592_85723699_83034796;;1;2026-03-17T02:01:44
00074674766596;Alimento Húmedo para Gato Tiritas Suaves de Pato, 65 g;;1990;1990;False;https://super.lider.cl/ip/gato/00074674766596;https://i5.walmartimages.cl/asr/501ac99c-1443-4bac-8344-d757a124b077.c665e85b204cf550f71d82c64a185147.jpeg?odnHeight=580&odnWidth=580&odnBg=FFFFFF;Gato > Snack y Premios;https://super.lider.cl/browse/mascotas/gato/snack-y-premios/07089592_85723699_83034796;;1;2026-03-17T02:01:44
00780465625207;Puré Cremoso Gato Adulto Sabor Atún y Salmón Sachet, 70 g;;430;2150;True;https://super.lider.cl/ip/gato/00780465625207;https://i5.walmartimages.cl/asr/8c154af8-7277-4c60-9593-36cf9daac6ec.fb6303730eb59ed4304a316b4731438f.jpeg?null=&odnHeight=580&odnWidth=580&odnBg=FFFFFF;Gato > Snack y Premios;https://super.lider.cl/browse/mascotas/gato/snack-y-premios/07089592_85723699_83034796;;1;2026-03-17T02:01:44
00885139300415;Snacks Húmedo Gato Sabor Pollo Y Atun, 48 g;;990;41667;True;https://super.lider.cl/ip/gato/00885139300415;https://i5.walmartimages.cl/asr/cd5cdf1c-82c6-4af6-baef-9d8c20f44de8.0226fbbdb221c10987b4a193e67b8d38.jpeg?null=&odnHeight=580&odnWidth=580&odnBg=FFFFFF;Gato > Snack y Premios;https://super.lider.cl/browse/mascotas/gato/snack-y-premios/07089592_85723699_83034796;;1;2026-03-17T02:01:44
00780465625208;Puré Cremoso Gato Adulto Sabor Atún Sachet, 70 g;;430;2150;True;https://super.lider.cl/ip/gato/00780465625208;https://i5.walmartimages.cl/asr/546ff01f-dc79-4828-bd29-22786a7cefbf.b25805b1c319372926542c38529c25e5.jpeg?null=&odnHeight=580&odnWidth=580&odnBg=FFFFFF;Gato > Snack y Premios;https://super.lider.cl/browse/mascotas/gato/snack-y-premios/07089592_85723699_83034796;;1;2026-03-17T02:01:44
00074674766581;Cream Snack Mix Gato 30 un, 420 g;;10990;10990;False;https://super.lider.cl/ip/gato/00074674766581;https://i5.walmartimages.cl/asr/03dd0fb5-925b-4c6c-97b3-789fc006c30d.39043540ee48eecef7227c4d3f397b6e.jpeg?odnHeight=580&odnWidth=580&odnBg=FFFFFF;Gato > Snack y Premios;https://super.lider.cl/browse/mascotas/gato/snack-y-premios/07089592_85723699_83034796;;1;2026-03-17T02:01:44
00072016779978;Snack Gatos Cubitos de Salmón, 50 g;;2890;5780;True;https://super.lider.cl/ip/gato/00072016779978;https://i5.walmartimages.cl/asr/6af81e0e-3f98-480b-a5b2-e2ad68273805.49182f6c54b0d0312e15bd5ed91b4486.jpeg?odnHeight=580&odnWidth=580&odnBg=FFFFFF;Gato > Snack y Premios;https://super.lider.cl/browse/mascotas/gato/snack-y-premios/07089592_85723699_83034796;;1;2026-03-17T02:01:44
00072016779975;Sazonador Cerdo Gatos, 70 g;;4390;6271;True;https://super.lider.cl/ip/gato/00072016779975;https://i5.walmartimages.cl/asr/4e8f31a1-2017-4dbc-a5d9-c1aa069c6046.5bb39369c33070442d6678ae1ad9a74b.jpeg?odnHeight=580&odnWidth=580&odnBg=FFFFFF;Gato > Snack y Premios;https://super.lider.cl/browse/mascotas/gato/snack-y-premios/07089592_85723699_83034796;;1;2026-03-17T02:01:44
00072016779983;Snack Gatos Choritos, 50 g;;2890;5780;True;https://super.lider.cl/ip/gato/00072016779983;https://i5.walmartimages.cl/asr/54a47f11-64d6-49d7-816f-247895eb4321.c9d3195d9fa3d2a97fe731c7aca4622e.jpeg?odnHeight=580&odnWidth=580&odnBg=FFFFFF;Gato > Snack y Premios;https://super.lider.cl/browse/mascotas/gato/snack-y-premios/07089592_85723699_83034796;;1;2026-03-17T02:01:44
00780465625209;Puré Cremoso Gato Adulto Sabor Salmón Sachet, 70 g;;430;2150;True;https://super.lider.cl/ip/gato/00780465625209;https://i5.walmartimages.cl/asr/6f941904-9a5f-4384-b922-9e4d574818e5.dfd6f210d87368486f7d350797805e21.jpeg?null=&odnHeight=580&odnWidth=580&odnBg=FFFFFF;Gato > Snack y Premios;https://super.lider.cl/browse/mascotas/gato/snack-y-premios/07089592_85723699_83034796?page=2;;2;2026-03-17T02:02:07
00780464753084;Alimento para Conejos Bolsa, 1 Kg;;2390;2390;False;https://super.lider.cl/ip/otras-mascotas/00780464753084;https://i5.walmartimages.cl/asr/c8b79a2c-d5fc-4887-8ea8-220d6e7dacb2.9bb1ec51561e9f2f0d5dd9d1a07774e1.jpeg?null=&odnHeight=580&odnWidth=580&odnBg=FFFFFF;Gato > Alimento Conejo;https://super.lider.cl/browse/mascotas/otras-mascotas/alimento-conejo/07089592_42714284_49619948;;1;2026-03-17T02:02:35
00780464753078;Alimento Alpiste Bolsa, 1 Kg;;3390;3390;False;https://super.lider.cl/ip/otras-mascotas/00780464753078;https://i5.walmartimages.cl/asr/59c04758-702f-4e75-8cdf-288f4b0c8e1c.788e9545d67e9a1ec00fcd8cb425c178.jpeg?null=&odnHeight=580&odnWidth=580&odnBg=FFFFFF;Gato > Alimento Pajaro;https://super.lider.cl/browse/mascotas/otras-mascotas/alimento-pajaro/07089592_42714284_59337773;;1;2026-03-17T02:03:03
00780464753080;Alimento para Catitas Bolsa, 1 Kg;;3990;3990;False;https://super.lider.cl/ip/otras-mascotas/00780464753080;https://i5.walmartimages.cl/asr/0bc8380c-2a1d-4f8c-9261-cac6f74fc4a9.f4839a8c977bb6f0aca2d9ea2b8739c0.jpeg?null=&odnHeight=580&odnWidth=580&odnBg=FFFFFF;Gato > Alimento Pajaro;https://super.lider.cl/browse/mascotas/otras-mascotas/alimento-pajaro/07089592_42714284_59337773;;1;2026-03-17T02:03:03
00780464753087;Alimento para Hámsters y Jerbos Bolsa, 1 Kg;;3990;3990;False;https://super.lider.cl/ip/otras-mascotas/00780464753087;https://i5.walmartimages.cl/asr/24869568-f82e-43d0-bd35-c73c589656eb.143e572fdcb4a8d16aac41d146ac8ca0.jpeg?null=&odnHeight=580&odnWidth=580&odnBg=FFFFFF;Gato > Alimento Roedor;https://super.lider.cl/browse/mascotas/otras-mascotas/alimento-roedor/07089592_42714284_53427902;;1;2026-03-17T02:03:30
00780410056202;Alimento para Hámsters y Jerbos Bolsa, 500 gr;;2090;4180;True;https://super.lider.cl/ip/otras-mascotas/00780410056202;https://i5.walmartimages.cl/asr/97fa3cdd-d005-41e0-bf78-22ef748edcfe.a801f1f36acf5e59bb0f9fca72817bc8.jpeg?null=&odnHeight=580&odnWidth=580&odnBg=FFFFFF;Gato > Alimento Roedor;https://super.lider.cl/browse/mascotas/otras-mascotas/alimento-roedor/07089592_42714284_53427902;;1;2026-03-17T02:03:30
00063424000439;Arena Sanitaria para Gato Aglutinante con Aroma a Lavanda Bolsa, 9 Kg;;1210;10890;True;https://super.lider.cl/ip/higiene-y-bienestar/00063424000439;https://i5.walmartimages.cl/asr/f7e6e282-3cc7-41ee-8dfa-9611dc039ebf.e5ee87da2e6b84d6a60ff69ac087c818.jpeg?null=&odnHeight=580&odnWidth=580&odnBg=FFFFFF;Gato > Arena para Gato;https://super.lider.cl/browse/mascotas/higiene-y-bienestar/arena-para-gato/07089592_02342029_67185424;;1;2026-03-17T02:03:57
00780460346503;Arena Sanitaria para Gato Aglutinante con Aroma a Lavanda Bolsa, 2 Kg;;300;3290;True;https://super.lider.cl/ip/higiene-y-bienestar/00780460346503;https://i5.walmartimages.cl/asr/d4a6d150-91bb-463d-9b1e-1640870aca39.fa9e3eeb4186f98296a4676125e5005b.jpeg?null=&odnHeight=580&odnWidth=580&odnBg=FFFFFF;Gato > Arena para Gato;https://super.lider.cl/browse/mascotas/higiene-y-bienestar/arena-para-gato/07089592_02342029_67185424;;1;2026-03-17T02:03:57
00780460346530;Arena Aglutinante Aroma Lavanda, 20 kg;;999;19990;True;https://super.lider.cl/ip/higiene-y-bienestar/00780460346530;https://i5.walmartimages.cl/asr/e2dc7cf0-23ec-4d15-91ed-840a45325906.2c03f1ee886e78a17d0bcbbc82ced794.jpeg?null=&odnHeight=580&odnWidth=580&odnBg=FFFFFF;Gato > Arena para Gato;https://super.lider.cl/browse/mascotas/higiene-y-bienestar/arena-para-gato/07089592_02342029_67185424;;1;2026-03-17T02:03:57
00780550500942;Arena Sanitaria para Gato Aglutinante Bolsa, 9 Kg;;1272;13490;True;https://super.lider.cl/ip/higiene-y-bienestar/00780550500942;https://i5.walmartimages.cl/asr/9b4410a3-036e-4d21-946c-c5da6d9b23fd.5b99b2760cd108d6e4ef0b4f7cf52175.jpeg?null=&odnHeight=580&odnWidth=580&odnBg=FFFFFF;Gato > Arena para Gato;https://super.lider.cl/browse/mascotas/higiene-y-bienestar/arena-para-gato/07089592_02342029_67185424;;1;2026-03-17T02:03:57
00074674766576;Arena Sanitaria Para Gato Café Bolsa, 9 kg;;1210;10890;True;https://super.lider.cl/ip/higiene-y-bienestar/00074674766576;https://i5.walmartimages.cl/asr/734958c6-e268-41e7-b1a9-0c60bec069ae.a1d44233609650856686d00183882132.jpeg?odnHeight=580&odnWidth=580&odnBg=FFFFFF;Gato > Arena para Gato;https://super.lider.cl/browse/mascotas/higiene-y-bienestar/arena-para-gato/07089592_02342029_67185424;;1;2026-03-17T02:03:57
00063424000420;Arena Sanitaria para Gato Aglutinante con Aroma a Lavanda Bolsa, 4 Kg;;5990;5990;False;https://super.lider.cl/ip/higiene-y-bienestar/00063424000420;https://i5.walmartimages.cl/asr/54cd8695-7a2a-4975-84ad-3a2aa8d186c6.45be57c49060a4ce34d75ab0a7fc068a.jpeg?null=&odnHeight=580&odnWidth=580&odnBg=FFFFFF;Gato > Arena para Gato;https://super.lider.cl/browse/mascotas/higiene-y-bienestar/arena-para-gato/07089592_02342029_67185424;;1;2026-03-17T02:03:57
00780460346528;Arena Aglutinante Aroma Café, 20 kg;;1000;19990;True;https://super.lider.cl/ip/higiene-y-bienestar/00780460346528;https://i5.walmartimages.cl/asr/0017b34a-e198-40a7-bf25-419cb98c2794.449dc87650fe9dfc1b1797a8781569ec.jpeg?null=&odnHeight=580&odnWidth=580&odnBg=FFFFFF;Gato > Arena para Gato;https://super.lider.cl/browse/mascotas/higiene-y-bienestar/arena-para-gato/07089592_02342029_67185424;;1;2026-03-17T02:03:57
00780460346516;Arena Sanitaria para Gato Aglutinante con Aroma a Lavanda Bolsa, 10 kg;;1289;14490;True;https://super.lider.cl/ip/higiene-y-bienestar/00780460346516;https://i5.walmartimages.cl/asr/61f2eb84-b973-4de8-a4fb-c0938c17a9b6.34d58547cf0cbb7b4b2e9a5298b9b1fd.jpeg?null=&odnHeight=580&odnWidth=580&odnBg=FFFFFF;Gato > Arena para Gato;https://super.lider.cl/browse/mascotas/higiene-y-bienestar/arena-para-gato/07089592_02342029_67185424;;1;2026-03-17T02:03:57
00780460346525;Arena Sanitaria para Gato Aglutinante con Aroma a Café Bolsa, 10 kg;;1289;14490;True;https://super.lider.cl/ip/higiene-y-bienestar/00780460346525;https://i5.walmartimages.cl/asr/58a8b2d7-972b-4592-82ba-6e7298f7c72f.b766a35e08eb9b517986fddf80d13bea.jpeg?null=&odnHeight=580&odnWidth=580&odnBg=FFFFFF;Gato > Arena para Gato;https://super.lider.cl/browse/mascotas/higiene-y-bienestar/arena-para-gato/07089592_02342029_67185424;;1;2026-03-17T02:03:57
00780460346511;Arena Sanitaria para Gato Aglutinante con Aroma a Café Bolsa, 2 Kg;;300;3290;True;https://super.lider.cl/ip/higiene-y-bienestar/00780460346511;https://i5.walmartimages.cl/asr/2a2837d7-2124-4fb0-8f70-3789cc79f7fe.4cb709be3eca156bb9685416c89d3e18.jpeg?null=&odnHeight=580&odnWidth=580&odnBg=FFFFFF;Gato > Arena para Gato;https://super.lider.cl/browse/mascotas/higiene-y-bienestar/arena-para-gato/07089592_02342029_67185424;;1;2026-03-17T02:03:57
00780460346514;Arena Sanitaria para Gato Aglutinante Bolsa, 10 kg;;1289;14490;True;https://super.lider.cl/ip/higiene-y-bienestar/00780460346514;https://i5.walmartimages.cl/asr/b6228a90-cd47-4ae4-9f4b-2009db66e541.4af5e2e6601d129b217c49c3d7ea67dc.jpeg?null=&odnHeight=580&odnWidth=580&odnBg=FFFFFF;Gato > Arena para Gato;https://super.lider.cl/browse/mascotas/higiene-y-bienestar/arena-para-gato/07089592_02342029_67185424;;1;2026-03-17T02:03:57
00780464753165;Arena Sanitaria para Gato Bolsa, 4 Kg;;1297;5190;True;https://super.lider.cl/ip/higiene-y-bienestar/00780464753165;https://i5.walmartimages.cl/asr/e58a7f7e-0957-4202-9c25-15b113ef2240.b6050c6b9f27423c492f337ea0db313f.jpeg?null=&odnHeight=580&odnWidth=580&odnBg=FFFFFF;Gato > Arena para Gato;https://super.lider.cl/browse/mascotas/higiene-y-bienestar/arena-para-gato/07089592_02342029_67185424;;1;2026-03-17T02:03:57
00780460346502;Arena Aglutinante Aroma Natural, 4 kg;;1497;5990;True;https://super.lider.cl/ip/higiene-y-bienestar/00780460346502;https://i5.walmartimages.cl/asr/69d3058d-7b84-47c7-bd10-36481b4cec5c.1e4b6d918fdefd385e1a0f94b2e47b3e.jpeg?null=&odnHeight=580&odnWidth=580&odnBg=FFFFFF;Gato > Arena para Gato;https://super.lider.cl/browse/mascotas/higiene-y-bienestar/arena-para-gato/07089592_02342029_67185424;;1;2026-03-17T02:03:57
00074674766587;Arena Sanitaria Aglutinante Café, 2 kg;;2990;2990;False;https://super.lider.cl/ip/higiene-y-bienestar/00074674766587;https://i5.walmartimages.cl/asr/99e7b311-b955-4095-afc6-8ef644ae0476.88c3cac06c13975d2d1bf9693bb0d100.jpeg?null=&odnHeight=580&odnWidth=580&odnBg=FFFFFF;Gato > Arena para Gato;https://super.lider.cl/browse/mascotas/higiene-y-bienestar/arena-para-gato/07089592_02342029_67185424;;1;2026-03-17T02:03:57
00074674766575;Arena Sanitaria para Gato Aglutinante con Aroma a Café Bolsa, 4 kg;;1498;5990;True;https://super.lider.cl/ip/higiene-y-bienestar/00074674766575;https://i5.walmartimages.cl/asr/d5356b2f-39c7-45ae-b3bf-5a24e4e1ea08.d2c6c5ccb5392b0fa3fe36ff48b511b3.jpeg?null=&odnHeight=580&odnWidth=580&odnBg=FFFFFF;Gato > Arena para Gato;https://super.lider.cl/browse/mascotas/higiene-y-bienestar/arena-para-gato/07089592_02342029_67185424;;1;2026-03-17T02:03:57
00780550501169;Arena Sanitaria para Gato Aglutinante con Aroma a Lavanda Bolsa, 4 kg;;1200;7690;True;https://super.lider.cl/ip/higiene-y-bienestar/00780550501169;https://i5.walmartimages.cl/asr/097c28db-c411-4f7a-9f93-af2d0dd1ed17.5d8dfeba7f58a124a2b430dfe99ef220.jpeg?null=&odnHeight=580&odnWidth=580&odnBg=FFFFFF;Gato > Arena para Gato;https://super.lider.cl/browse/mascotas/higiene-y-bienestar/arena-para-gato/07089592_02342029_67185424;;1;2026-03-17T02:03:57
00780550500941;Arena Sanitaria para Gato Aglutinante, 4 Kg;;1200;7690;True;https://super.lider.cl/ip/higiene-y-bienestar/00780550500941;https://i5.walmartimages.cl/asr/fa045fff-f44c-404f-a25a-40b4d6ae8c83.1b706706373813a5a36fbc4a948d9f9a.jpeg?null=&odnHeight=580&odnWidth=580&odnBg=FFFFFF;Gato > Arena para Gato;https://super.lider.cl/browse/mascotas/higiene-y-bienestar/arena-para-gato/07089592_02342029_67185424;;1;2026-03-17T02:03:57
00063384310608;Arena Sanitaria para Gato Litter Pearls Micro Crystals Bolsa, 3,18 Kg;;4682;14890;True;https://super.lider.cl/ip/higiene-y-bienestar/00063384310608;https://i5.walmartimages.cl/asr/2fb65590-d018-4f6d-9c5e-0b6ad478bdd5.a864f939d4d520f7f31b6465db209429.jpeg?null=&odnHeight=580&odnWidth=580&odnBg=FFFFFF;Gato > Arena para Gato;https://super.lider.cl/browse/mascotas/higiene-y-bienestar/arena-para-gato/07089592_02342029_67185424;;1;2026-03-17T02:03:57
00065952511107;Cristales Sanitarios para Gato Silica Gel Bolsa, 2 Kg;;9790;9790;False;https://super.lider.cl/ip/higiene-y-bienestar/00065952511107;https://i5.walmartimages.cl/asr/6f1e5eea-21b9-42e4-aab9-53cdfa23a839.12f069eeea0385870cec234764f0e005.jpeg?null=&odnHeight=580&odnWidth=580&odnBg=FFFFFF;Gato > Arena para Gato;https://super.lider.cl/browse/mascotas/higiene-y-bienestar/arena-para-gato/07089592_02342029_67185424;;1;2026-03-17T02:03:57
00074674766577;Arena Sanitaria Para Gato Natural, 4 kg;;5990;5990;False;https://super.lider.cl/ip/higiene-y-bienestar/00074674766577;https://i5.walmartimages.cl/asr/b5203771-d1c7-4eae-b32a-df7faa3bef8f.c3161f5af3951ee34e0d47a688c77ce2.jpeg?null=&odnHeight=580&odnWidth=580&odnBg=FFFFFF;Gato > Arena para Gato;https://super.lider.cl/browse/mascotas/higiene-y-bienestar/arena-para-gato/07089592_02342029_67185424;;1;2026-03-17T02:03:57
00780257553273;Arena Sanitaria para Gato No Aglutinante Bolsa, 4 Kg;;2373;9490;True;https://super.lider.cl/ip/higiene-y-bienestar/00780257553273;https://i5.walmartimages.cl/asr/862f97c7-0ef5-48e9-b26a-d368d971bccb.e3dda78e38ac4a8c1bac82843bf87a14.jpeg?null=&odnHeight=580&odnWidth=580&odnBg=FFFFFF;Gato > Arena para Gato;https://super.lider.cl/browse/mascotas/higiene-y-bienestar/arena-para-gato/07089592_02342029_67185424;;1;2026-03-17T02:03:57
00780550501196;Arena Sanitaria Eco De Maiz Para Gatos 5 Litros Traper, 5 L;;2698;13490;True;https://super.lider.cl/ip/higiene-y-bienestar/00780550501196;https://i5.walmartimages.cl/asr/9f5a2367-9086-4540-8010-e3639723cfb8.528a9377f129d67af7a357c4a3645dd2.jpeg?odnHeight=580&odnWidth=580&odnBg=FFFFFF;Gato > Arena para Gato;https://super.lider.cl/browse/mascotas/higiene-y-bienestar/arena-para-gato/07089592_02342029_67185424;;1;2026-03-17T02:03:57
00104183841350;Bolsa Para Desecho de Mascota, 1 Un;;990;990;False;https://super.lider.cl/ip/higiene-y-bienestar/00104183841350;https://i5.walmartimages.cl/asr/43ae07a5-be6b-44d2-8d25-13bf2abc2518.419aa6d4909e22134bf6c8e8666f2aa0.jpeg?null=&odnHeight=580&odnWidth=580&odnBg=FFFFFF;Gato > Bolsas y Accesorios Sanitarios;https://super.lider.cl/browse/mascotas/higiene-y-bienestar/bolsas-y-accesorios-sanitarios/07089592_02342029_52790901;;1;2026-03-17T02:04:26
00074674766589;Rollo Bolsas Sanitarias, 1 Un;;550;550;False;https://super.lider.cl/ip/higiene-y-bienestar/00074674766589;https://i5.walmartimages.cl/asr/25ac6119-d7e4-4ef7-9185-bc9d04c4be3a.f9222fdbdf0c34d123cf372dab54706b.jpeg?null=&odnHeight=580&odnWidth=580&odnBg=FFFFFF;Gato > Bolsas y Accesorios Sanitarios;https://super.lider.cl/browse/mascotas/higiene-y-bienestar/bolsas-y-accesorios-sanitarios/07089592_02342029_52790901;;1;2026-03-17T02:04:26
00065952511101;Pads de Entrenamiento para Perro M 60x60 cm, 30 Un;;8990;8990;False;https://super.lider.cl/ip/higiene-y-bienestar/00065952511101;https://i5.walmartimages.cl/asr/931f027e-7455-4876-b3f7-0027e37470d6.64916341be1b242b08f245a1fa1efc0d.jpeg?null=&odnHeight=580&odnWidth=580&odnBg=FFFFFF;Gato > Bolsas y Accesorios Sanitarios;https://super.lider.cl/browse/mascotas/higiene-y-bienestar/bolsas-y-accesorios-sanitarios/07089592_02342029_52790901;;1;2026-03-17T02:04:26
00780000600510;Antiparasitario para Perro Pipeta Externa Raza Mediana, 1 Un;;4590;4590;False;https://super.lider.cl/ip/higiene-y-bienestar/00780000600510;https://i5.walmartimages.cl/asr/f4e2e993-4a06-4dc4-b65c-0d89970ccfa1.017ae9434f35cdf4e43041ee3c04d6a1.jpeg?null=&odnHeight=580&odnWidth=580&odnBg=FFFFFF;Gato > Bolsas y Accesorios Sanitarios;https://super.lider.cl/browse/mascotas/higiene-y-bienestar/bolsas-y-accesorios-sanitarios/07089592_02342029_52790901;;1;2026-03-17T02:04:26
00074674766588;Pads de Entrenamiento para Perro XL 90x60 cm, 30 Un;;11990;11990;False;https://super.lider.cl/ip/higiene-y-bienestar/00074674766588;https://i5.walmartimages.cl/asr/7c941fe2-9bd9-43ec-82c6-3bbb6c1d16e2.caaa37c14c73a05e653d68e5678b062e.jpeg?null=&odnHeight=580&odnWidth=580&odnBg=FFFFFF;Gato > Bolsas y Accesorios Sanitarios;https://super.lider.cl/browse/mascotas/higiene-y-bienestar/bolsas-y-accesorios-sanitarios/07089592_02342029_52790901;;1;2026-03-17T02:04:26
00065952511106;Pads de Entrenamiento para Perro con Carbon Activo XL 90x60 cm, 30 Un;;13890;13890;False;https://super.lider.cl/ip/higiene-y-bienestar/00065952511106;https://i5.walmartimages.cl/asr/3e9f8ff0-d2e2-4ffc-9c76-b579ffbffd00.86086a428cd66a1658a2c5747d1536de.jpeg?null=&odnHeight=580&odnWidth=580&odnBg=FFFFFF;Gato > Bolsas y Accesorios Sanitarios;https://super.lider.cl/browse/mascotas/higiene-y-bienestar/bolsas-y-accesorios-sanitarios/07089592_02342029_52790901;;1;2026-03-17T02:04:26
00780799157324;Pads de Entrenamiento para Perro M 60x60 cm, 10 Un;;3990;3990;False;https://super.lider.cl/ip/higiene-y-bienestar/00780799157324;https://i5.walmartimages.cl/asr/cf302255-389a-41a9-bb53-8b37ea37cca9.1a3e6313c29d31da1c570355b1e0a54e.jpeg?null=&odnHeight=580&odnWidth=580&odnBg=FFFFFF;Gato > Bolsas y Accesorios Sanitarios;https://super.lider.cl/browse/mascotas/higiene-y-bienestar/bolsas-y-accesorios-sanitarios/07089592_02342029_52790901;;1;2026-03-17T02:04:26
00780799157406;Pala para Arena Sanitaria de Gato, 1 Un;;1490;1490;False;https://super.lider.cl/ip/higiene-y-bienestar/00780799157406;https://i5.walmartimages.cl/asr/9b370fd2-283a-4369-b749-1c2bf057de54.f21da9505a2a71240bb12fda78e93c03.jpeg?odnHeight=580&odnWidth=580&odnBg=FFFFFF;Gato > Bolsas y Accesorios Sanitarios;https://super.lider.cl/browse/mascotas/higiene-y-bienestar/bolsas-y-accesorios-sanitarios/07089592_02342029_52790901;;1;2026-03-17T02:04:26
00780681002489;Trapero Húmedo Pets X 12 Limón, 1 Un;;1000;3490;True;https://super.lider.cl/ip/higiene-y-bienestar/00780681002489;https://i5.walmartimages.cl/asr/82d06971-7854-4033-aa9f-eb7372603faf.486b5ffe76c91220ce535a3ae65a616b.jpeg?odnHeight=580&odnWidth=580&odnBg=FFFFFF;Gato > Bolsas y Accesorios Sanitarios;https://super.lider.cl/browse/mascotas/higiene-y-bienestar/bolsas-y-accesorios-sanitarios/07089592_02342029_52790901;;1;2026-03-17T02:04:26
00780681002649;Rodillo Quitapelusas Pets, 1 Un;;1490;1490;False;https://super.lider.cl/ip/higiene-y-bienestar/00780681002649;https://i5.walmartimages.cl/asr/339300cc-f62d-4847-a760-f58ac70bcf16.fc5911443916c52d26e95f6353892a30.jpeg?odnHeight=580&odnWidth=580&odnBg=FFFFFF;Gato > Bolsas y Accesorios Sanitarios;https://super.lider.cl/browse/mascotas/higiene-y-bienestar/bolsas-y-accesorios-sanitarios/07089592_02342029_52790901;;1;2026-03-17T02:04:26
00078918552285;Pack 4 Bolsas Sanitarias Ecológicas, 1 Un;;2850;2850;False;https://super.lider.cl/ip/higiene-y-bienestar/00078918552285;https://i5.walmartimages.cl/asr/cde108ed-4972-4c7f-b1cb-f1547f1b2cb4.502fe0c3adc116aea1fb6fe3951bdc3d.jpeg?null=&odnHeight=580&odnWidth=580&odnBg=FFFFFF;Gato > Bolsas y Accesorios Sanitarios;https://super.lider.cl/browse/mascotas/higiene-y-bienestar/bolsas-y-accesorios-sanitarios/07089592_02342029_52790901;;1;2026-03-17T02:04:26
00780000600898;Antiparasitario para Perro y Gato Spray Externo, 50 ml;;10390;20780;True;https://super.lider.cl/ip/higiene-y-bienestar/00780000600898;https://i5.walmartimages.cl/asr/ee68b168-2a3a-453a-9e1d-1d006ded874f.b59d0aa0efdb797b40844460edcfa5bd.jpeg?null=&odnHeight=580&odnWidth=580&odnBg=FFFFFF;Gato > Bolsas y Accesorios Sanitarios;https://super.lider.cl/browse/mascotas/higiene-y-bienestar/bolsas-y-accesorios-sanitarios/07089592_02342029_52790901;;1;2026-03-17T02:04:26
00779052002700;Limpiador Desinfectante de Piso para Ambiente con Mascotas Lavanda Botella, 800 ml;;3390;4237;True;https://super.lider.cl/ip/pisos-y-muebles/00779052002700;https://i5.walmartimages.cl/asr/0fb67e55-0567-4fbe-9b86-be0d72a6c575.f856b20bbc93c91620af801b6e211ed3.jpeg?odnHeight=580&odnWidth=580&odnBg=FFFFFF;Gato > Bolsas y Accesorios Sanitarios;https://super.lider.cl/browse/mascotas/higiene-y-bienestar/bolsas-y-accesorios-sanitarios/07089592_02342029_52790901;;1;2026-03-17T02:04:26
00780465625051;Educador Sanitario para Perro, 230 ml;;4990;4990;False;https://super.lider.cl/ip/higiene-y-bienestar/00780465625051;https://i5.walmartimages.cl/asr/d80cacad-5e12-4369-b34c-734e8bd691b4.5257a7868f05a5c79345793f0584e670.jpeg?null=&odnHeight=580&odnWidth=580&odnBg=FFFFFF;Gato > Bolsas y Accesorios Sanitarios;https://super.lider.cl/browse/mascotas/higiene-y-bienestar/bolsas-y-accesorios-sanitarios/07089592_02342029_52790901;;1;2026-03-17T02:04:26
00780550501198;Pads de Entrenamiento para Perro con Carbon Activo XL 90x60 cm, 30 Un;;10492;14690;True;https://super.lider.cl/ip/higiene-y-bienestar/00780550501198;https://i5.walmartimages.cl/asr/55d7e6d7-d432-44e0-b83b-25d00d976b2f.4c8b9b5fdcb6d0ccbb01e34099ac5d93.jpeg?null=&odnHeight=580&odnWidth=580&odnBg=FFFFFF;Gato > Bolsas y Accesorios Sanitarios;https://super.lider.cl/browse/mascotas/higiene-y-bienestar/bolsas-y-accesorios-sanitarios/07089592_02342029_52790901;;1;2026-03-17T02:04:26
00780799157404;Bandeja Arena Sanitaria de Gato 43x32x14 cm, 1 Un;;7990;7990;False;https://super.lider.cl/ip/higiene-y-bienestar/00780799157404;https://i5.walmartimages.cl/asr/7d7b01f8-07ac-4b26-815f-c32d6f1e3c8f.11a225d123a649aaf0b6cded3682bd12.jpeg?odnHeight=580&odnWidth=580&odnBg=FFFFFF;Gato > Bolsas y Accesorios Sanitarios;https://super.lider.cl/browse/mascotas/higiene-y-bienestar/bolsas-y-accesorios-sanitarios/07089592_02342029_52790901;;1;2026-03-17T02:04:26
00780681002648;Esponja Dual Pets 1 unidad, 1 Un;;1990;1990;False;https://super.lider.cl/ip/higiene-y-bienestar/00780681002648;https://i5.walmartimages.cl/asr/f3dc6edf-b5fc-458a-a052-e64e100ca736.5e5f48bc2727833175466dacd69b2b07.jpeg?odnHeight=580&odnWidth=580&odnBg=FFFFFF;Gato > Bolsas y Accesorios Sanitarios;https://super.lider.cl/browse/mascotas/higiene-y-bienestar/bolsas-y-accesorios-sanitarios/07089592_02342029_52790901;;1;2026-03-17T02:04:26
00779052002701;Limpiador Desinfectante de Piso para Ambiente con Mascotas Lavanda Recarga, 420 ml;;2250;2812;True;https://super.lider.cl/ip/pisos-y-muebles/00779052002701;https://i5.walmartimages.cl/asr/ddfcbe73-e6cf-431f-a02f-e5d69393b913.9536069f9b52ccf618bbb8c1fa49ad06.jpeg?odnHeight=580&odnWidth=580&odnBg=FFFFFF;Gato > Bolsas y Accesorios Sanitarios;https://super.lider.cl/browse/mascotas/higiene-y-bienestar/bolsas-y-accesorios-sanitarios/07089592_02342029_52790901;;1;2026-03-17T02:04:26
00078918552250;Porta Bolsa + 2 Bolsas Ecológicas, 1 Un;;3990;3990;False;https://super.lider.cl/ip/higiene-y-bienestar/00078918552250;https://i5.walmartimages.cl/asr/18df629b-1d3f-4c48-8fa9-c1ce9389d60c.4b98d880790aa1deda1ef4595ee72853.jpeg?null=&odnHeight=580&odnWidth=580&odnBg=FFFFFF;Gato > Bolsas y Accesorios Sanitarios;https://super.lider.cl/browse/mascotas/higiene-y-bienestar/bolsas-y-accesorios-sanitarios/07089592_02342029_52790901;;1;2026-03-17T02:04:26
00780000600295;Talco Antiparasitario para Gato Lata, 100 g;;3790;37899;True;https://super.lider.cl/ip/higiene-y-bienestar/00780000600295;https://i5.walmartimages.cl/asr/8cffcb1b-93bf-4142-bde7-bc553f52f6f8.bf0b09b80eeccbb43090d290abc74b7f.jpeg?null=&odnHeight=580&odnWidth=580&odnBg=FFFFFF;Gato > Bolsas y Accesorios Sanitarios;https://super.lider.cl/browse/mascotas/higiene-y-bienestar/bolsas-y-accesorios-sanitarios/07089592_02342029_52790901;;1;2026-03-17T02:04:26
00400845561071;Limpiador para Manchas de Mascotas, 650 ml;;1840;10385;True;https://super.lider.cl/ip/pisos-y-muebles/00400845561071;https://i5.walmartimages.cl/asr/52e555a6-db50-4283-b1c9-eb98a2f0efb1.b4215c0295e103fc56726f2128366394.jpeg?null=&odnHeight=580&odnWidth=580&odnBg=FFFFFF;Gato > Bolsas y Accesorios Sanitarios;https://super.lider.cl/browse/mascotas/higiene-y-bienestar/bolsas-y-accesorios-sanitarios/07089592_02342029_52790901;;1;2026-03-17T02:04:26
00779052002699;Desinfectante de Ambientes y Superficies Aerosol Lavanda Lata, 495 ml;;5190;10485;True;https://super.lider.cl/ip/higiene-y-bienestar/00779052002699;https://i5.walmartimages.cl/asr/eb890971-a163-4c13-ade5-873e00ea9db7.6e77f5eddbd013183daf34e2ba51a3ef.jpeg?odnHeight=580&odnWidth=580&odnBg=FFFFFF;Gato > Bolsas y Accesorios Sanitarios;https://super.lider.cl/browse/mascotas/higiene-y-bienestar/bolsas-y-accesorios-sanitarios/07089592_02342029_52790901;;1;2026-03-17T02:04:26
00780681001129;Cepillo de Goma Multiuso 2 En 1, 1 Un;;9950;9950;False;https://super.lider.cl/ip/higiene-y-bienestar/00780681001129;https://i5.walmartimages.cl/asr/f7a78cc6-3371-469c-a8ad-8d3228c0e5e2.1f99cdb193760520b29a786321861e1f.jpeg?odnHeight=580&odnWidth=580&odnBg=FFFFFF;Gato > Bolsas y Accesorios Sanitarios;https://super.lider.cl/browse/mascotas/higiene-y-bienestar/bolsas-y-accesorios-sanitarios/07089592_02342029_52790901;;1;2026-03-17T02:04:26
00780000600644;Antiparasitario para Gato Pipeta Externa, 1 Un;;9690;9690;False;https://super.lider.cl/ip/higiene-y-bienestar/00780000600644;https://i5.walmartimages.cl/asr/172a3362-a447-439a-929f-35ae30c36090.c5bfc5d5d25b43956c706357eb6288de.jpeg?odnHeight=580&odnWidth=580&odnBg=FFFFFF;Gato > Bolsas y Accesorios Sanitarios;https://super.lider.cl/browse/mascotas/higiene-y-bienestar/bolsas-y-accesorios-sanitarios/07089592_02342029_52790901;;1;2026-03-17T02:04:26
00780465625050;Eliminador de Olores de Mascotas, 1 L;;4990;4990;False;https://super.lider.cl/ip/higiene-y-bienestar/00780465625050;https://i5.walmartimages.cl/asr/0c1f3cc7-adaf-46d5-a9fa-8e331c0733c3.cdffccba30c7edc29270dd2b540965c7.jpeg?null=&odnHeight=580&odnWidth=580&odnBg=FFFFFF;Gato > Baño y Limpieza;https://super.lider.cl/browse/mascotas/higiene-y-bienestar/bao-y-limpieza/07089592_02342029_81556437;;1;2026-03-17T02:04:52
00780460346603;Destructor de olores gato perro, 350 ml;;740;12143;True;https://super.lider.cl/ip/higiene-y-bienestar/00780460346603;https://i5.walmartimages.cl/asr/961d4b30-729b-4033-9322-82bea841e669.19cd08a4e1d987b5e785361dfd96faa9.jpeg?odnHeight=580&odnWidth=580&odnBg=FFFFFF;Gato > Baño y Limpieza;https://super.lider.cl/browse/mascotas/higiene-y-bienestar/bao-y-limpieza/07089592_02342029_81556437;;1;2026-03-17T02:04:52
00780465625049;Repelente para Perro y Gato, 1 L;;4990;4990;False;https://super.lider.cl/ip/higiene-y-bienestar/00780465625049;https://i5.walmartimages.cl/asr/ae57fbfa-2fcc-4878-94c3-ade27a483557.6ba5cb24875452cdb21c29690825175c.jpeg?null=&odnHeight=580&odnWidth=580&odnBg=FFFFFF;Gato > Baño y Limpieza;https://super.lider.cl/browse/mascotas/higiene-y-bienestar/bao-y-limpieza/07089592_02342029_81556437;;1;2026-03-17T02:04:52
00780465625052;Eliminador de Olores Orina de Gato, 230 ml;;3990;3990;False;https://super.lider.cl/ip/higiene-y-bienestar/00780465625052;https://i5.walmartimages.cl/asr/abb64a43-15d7-4b60-9095-cf8b313eabd7.e7f1f32fb30d0648058f4e1f9764fbde.jpeg?null=&odnHeight=580&odnWidth=580&odnBg=FFFFFF;Gato > Baño y Limpieza;https://super.lider.cl/browse/mascotas/higiene-y-bienestar/bao-y-limpieza/07089592_02342029_81556437;;1;2026-03-17T02:04:52
00780000600447;Shampoo para Perro Hipoalergenico Uso Frecuente Botella, 390 ml;;3990;10230;True;https://super.lider.cl/ip/higiene-y-bienestar/00780000600447;https://i5.walmartimages.cl/asr/c1794f1e-5146-4b8a-b4ac-b73108a0b29e.c81db688ba3cad8fd238daec7ffe37b9.jpeg?null=&odnHeight=580&odnWidth=580&odnBg=FFFFFF;Gato > Baño y Limpieza;https://super.lider.cl/browse/mascotas/higiene-y-bienestar/bao-y-limpieza/07089592_02342029_81556437;;1;2026-03-17T02:04:52
00040005067221;Rodillo Saca Pelusa Negro;;1490;1490;False;https://super.lider.cl/ip/organizacion/00040005067221;https://i5.walmartimages.cl/asr/5109c4fb-1430-4d28-b53d-0e056fb418ab.a12c7d847cd6f5dc46a461ac28175e4e.jpeg?null=&odnHeight=580&odnWidth=580&odnBg=FFFFFF;Gato > Baño y Limpieza;https://super.lider.cl/browse/mascotas/higiene-y-bienestar/bao-y-limpieza/07089592_02342029_81556437;;1;2026-03-17T02:04:52
00780799157331;Cepillo Doble Rectangular para Mascotas, 1 Un;;3990;3990;False;https://super.lider.cl/ip/higiene-y-bienestar/00780799157331;https://i5.walmartimages.cl/asr/f4510874-6010-4f6c-a1a2-076d5f76b5a8.b71274f20487e976dc9fbed8499aa3f3.jpeg?null=&odnHeight=580&odnWidth=580&odnBg=FFFFFF;Gato > Baño y Limpieza;https://super.lider.cl/browse/mascotas/higiene-y-bienestar/bao-y-limpieza/07089592_02342029_81556437;;1;2026-03-17T02:04:52
00780465625217;Shampoo para Perro Pelaje Claro con Aloe Vera Aroma Frambuesa y Papaya Botella, 300 ml;;2950;2950;False;https://super.lider.cl/ip/higiene-y-bienestar/00780465625217;https://i5.walmartimages.cl/asr/10cbb682-4f77-473a-83e9-0ab4dbee6a78.283f7f68a97d2f4971a55c768cab4bf0.jpeg?null=&odnHeight=580&odnWidth=580&odnBg=FFFFFF;Gato > Baño y Limpieza;https://super.lider.cl/browse/mascotas/higiene-y-bienestar/bao-y-limpieza/07089592_02342029_81556437;;1;2026-03-17T02:04:52
00040005067220;Rodillo Saca Pelusa Gris;;1490;1490;False;https://super.lider.cl/ip/organizacion/00040005067220;https://i5.walmartimages.cl/asr/ebed6a31-de12-4218-979b-6cd2e951b6f3.a13a1414f111510393353a7d90d8eda1.jpeg?null=&odnHeight=580&odnWidth=580&odnBg=FFFFFF;Gato > Baño y Limpieza;https://super.lider.cl/browse/mascotas/higiene-y-bienestar/bao-y-limpieza/07089592_02342029_81556437;;1;2026-03-17T02:04:52
00780465625214;Shampoo para Perro 2 en 1 con Balsamo Aroma Vainilla Botella, 300 ml;;2950;2950;False;https://super.lider.cl/ip/higiene-y-bienestar/00780465625214;https://i5.walmartimages.cl/asr/e4953c2c-beab-40c8-834a-7c2d23638cef.32ea6411180555d3fce587926d3671be.jpeg?null=&odnHeight=580&odnWidth=580&odnBg=FFFFFF;Gato > Baño y Limpieza;https://super.lider.cl/browse/mascotas/higiene-y-bienestar/bao-y-limpieza/07089592_02342029_81556437;;1;2026-03-17T02:04:52
00780000600446;Shampoo para Perro Extra Brillo Uso Frecuente Botella, 390 ml;;3990;10230;True;https://super.lider.cl/ip/higiene-y-bienestar/00780000600446;https://i5.walmartimages.cl/asr/aa3510a0-7f89-4f48-85d5-43247f494772.f8fa26ed76b816d41e29a8bfae82025f.jpeg?null=&odnHeight=580&odnWidth=580&odnBg=FFFFFF;Gato > Baño y Limpieza;https://super.lider.cl/browse/mascotas/higiene-y-bienestar/bao-y-limpieza/07089592_02342029_81556437;;1;2026-03-17T02:04:52
00780465625047;Shampoo para Gato Seco Repelente Pulgas Aroma Eucaliptus Lata, 100 g;;2550;2550;False;https://super.lider.cl/ip/higiene-y-bienestar/00780465625047;https://i5.walmartimages.cl/asr/8826bb53-a326-4a12-8904-8082d92ae23d.74215ec6d10af7ad10cdde4df319081c.jpeg?null=&odnHeight=580&odnWidth=580&odnBg=FFFFFF;Gato > Baño y Limpieza;https://super.lider.cl/browse/mascotas/higiene-y-bienestar/bao-y-limpieza/07089592_02342029_81556437;;1;2026-03-17T02:04:52
00780550500082;Repelente para Perro y Gato, 440 ml;;8990;20431;True;https://super.lider.cl/ip/higiene-y-bienestar/00780550500082;https://i5.walmartimages.cl/asr/411e8a56-90fe-418f-9662-5122ec860967.5eb0fd49a5aad6689957171797470632.jpeg?null=&odnHeight=580&odnWidth=580&odnBg=FFFFFF;Gato > Baño y Limpieza;https://super.lider.cl/browse/mascotas/higiene-y-bienestar/bao-y-limpieza/07089592_02342029_81556437;;1;2026-03-17T02:04:52
00780465625212;Shampoo para Perro Repelente con Aloe Vera Aroma Eucaliptus Botella, 300 ml;;2950;2950;False;https://super.lider.cl/ip/higiene-y-bienestar/00780465625212;https://i5.walmartimages.cl/asr/2f94416a-73ec-4f8e-bdde-0647c5becc6d.36d8929082cbb834f715b5e6baf29a27.jpeg?null=&odnHeight=580&odnWidth=580&odnBg=FFFFFF;Gato > Baño y Limpieza;https://super.lider.cl/browse/mascotas/higiene-y-bienestar/bao-y-limpieza/07089592_02342029_81556437;;1;2026-03-17T02:04:52
00780465625045;Shampoo para Perro Repelente Pulgas Aroma Eucalipto Botella, 1000 ml;;7390;7390;False;https://super.lider.cl/ip/higiene-y-bienestar/00780465625045;https://i5.walmartimages.cl/asr/0e60b588-e526-48d1-a0a7-4ed6c0e9fae5.e9f7d2a24f35878e72889b83dfb33edd.jpeg?null=&odnHeight=580&odnWidth=580&odnBg=FFFFFF;Gato > Baño y Limpieza;https://super.lider.cl/browse/mascotas/higiene-y-bienestar/bao-y-limpieza/07089592_02342029_81556437;;1;2026-03-17T02:04:52
00780000600155;Shampoo para Perro Antiparasitario Botella, 300 ml;;5690;18966;True;https://super.lider.cl/ip/higiene-y-bienestar/00780000600155;https://i5.walmartimages.cl/asr/867b0a23-654d-4c10-b9c1-23fe4848177d.0feea3c20811d628231c5420d0930087.jpeg?null=&odnHeight=580&odnWidth=580&odnBg=FFFFFF;Gato > Baño y Limpieza;https://super.lider.cl/browse/mascotas/higiene-y-bienestar/bao-y-limpieza/07089592_02342029_81556437;;1;2026-03-17T02:04:52
00780583610019;Quitapelusas Rodillo;;3000;3000;False;https://super.lider.cl/ip/accesorios-aseo/00780583610019;https://i5.walmartimages.cl/asr/b7afa88e-e5ac-46f4-bf6e-ec779eadec0c.ec2e690c2b23c2b3eb4b93df69ab0809.jpeg?odnHeight=580&odnWidth=580&odnBg=FFFFFF;Gato > Baño y Limpieza;https://super.lider.cl/browse/mascotas/higiene-y-bienestar/bao-y-limpieza/07089592_02342029_81556437;;1;2026-03-17T02:04:52
00780465625057;Colonia para Perritas Aroma Berries, 160 ml;;2990;2990;False;https://super.lider.cl/ip/higiene-y-bienestar/00780465625057;https://i5.walmartimages.cl/asr/4d7dc8dd-a6e5-4bd8-aee1-d05cb9e575ae.38ee600ab64e29c44782d4c4b8d8938f.jpeg?null=&odnHeight=580&odnWidth=580&odnBg=FFFFFF;Gato > Baño y Limpieza;https://super.lider.cl/browse/mascotas/higiene-y-bienestar/bao-y-limpieza/07089592_02342029_81556437;;1;2026-03-17T02:04:52
00780465625041;Shampoo para Perro Balsámico Aroma Vainilla Botella, 1000 ml;;7390;7390;False;https://super.lider.cl/ip/higiene-y-bienestar/00780465625041;https://i5.walmartimages.cl/asr/0d92ef18-b038-4625-bf3d-79f592a4ea1f.ee20038d8043e85500be06d8b8166f41.jpeg?null=&odnHeight=580&odnWidth=580&odnBg=FFFFFF;Gato > Baño y Limpieza;https://super.lider.cl/browse/mascotas/higiene-y-bienestar/bao-y-limpieza/07089592_02342029_81556437;;1;2026-03-17T02:04:52
00780550501181;Toallitas Húmedas Para Mascotas De Bambu Eco, 100 Un;;3890;3890;False;https://super.lider.cl/ip/higiene-y-bienestar/00780550501181;https://i5.walmartimages.cl/asr/d0309246-7dbb-489c-8955-d4112e0a4d20.b81a19ff7c4b196715bdafcbf39ac0bc.jpeg?null=&odnHeight=580&odnWidth=580&odnBg=FFFFFF;Gato > Baño y Limpieza;https://super.lider.cl/browse/mascotas/higiene-y-bienestar/bao-y-limpieza/07089592_02342029_81556437;;1;2026-03-17T02:04:52
00063424000468;Cepillo Suave Premium para Mascotas, 1 Un;;4990;4990;False;https://super.lider.cl/ip/higiene-y-bienestar/00063424000468;https://i5.walmartimages.cl/asr/9a42fd1f-9e48-4a99-806d-15ae033de04a.433c05ce162d6bdef06b7ba6ad1943d5.jpeg?null=&odnHeight=580&odnWidth=580&odnBg=FFFFFF;Gato > Baño y Limpieza;https://super.lider.cl/browse/mascotas/higiene-y-bienestar/bao-y-limpieza/07089592_02342029_81556437;;1;2026-03-17T02:04:52
00002120039997;Quitapelusas Rodillo;;4790;4790;False;https://super.lider.cl/ip/accesorios-aseo/00002120039997;https://i5.walmartimages.cl/asr/b2a3790f-8239-4cbe-b9f7-c6e5bf7a1828.cd1f7772c607ab1e3e61785f7d13ae4c.jpeg?odnHeight=580&odnWidth=580&odnBg=FFFFFF;Gato > Baño y Limpieza;https://super.lider.cl/browse/mascotas/higiene-y-bienestar/bao-y-limpieza/07089592_02342029_81556437;;1;2026-03-17T02:04:52
00780465625218;Acondicionador para Perro Hidratante con Aceite de Coco Botella, 300 ml;;2950;2950;False;https://super.lider.cl/ip/higiene-y-bienestar/00780465625218;https://i5.walmartimages.cl/asr/4b9f0f6b-768e-4b4c-b921-4e5b47029833.d960b4e0bd3feebeaac04f76740c4220.jpeg?null=&odnHeight=580&odnWidth=580&odnBg=FFFFFF;Gato > Baño y Limpieza;https://super.lider.cl/browse/mascotas/higiene-y-bienestar/bao-y-limpieza/07089592_02342029_81556437;;1;2026-03-17T02:04:52
00065952511105;Toallitas Húmedas Hipoalergénicas para Mascotas, 70 Un;;2990;4271;True;https://super.lider.cl/ip/higiene-y-bienestar/00065952511105;https://i5.walmartimages.cl/asr/f00c83e1-a7d2-4acf-af83-b9eb340e9c54.4d30880a04ba481abb1dba55d3ccd266.jpeg?null=&odnHeight=580&odnWidth=580&odnBg=FFFFFF;Gato > Baño y Limpieza;https://super.lider.cl/browse/mascotas/higiene-y-bienestar/bao-y-limpieza/07089592_02342029_81556437;;1;2026-03-17T02:04:52
00780465625046;Shampoo para Perro Seco Aroma Eucaliptus Lata, 100 g;;2890;2890;False;https://super.lider.cl/ip/higiene-y-bienestar/00780465625046;https://i5.walmartimages.cl/asr/e106663a-de73-40b5-a16a-6927667d024f.df7105633b9c76ea9d23cd8b4d4f3ad5.jpeg?null=&odnHeight=580&odnWidth=580&odnBg=FFFFFF;Gato > Baño y Limpieza;https://super.lider.cl/browse/mascotas/higiene-y-bienestar/bao-y-limpieza/07089592_02342029_81556437;;1;2026-03-17T02:04:52
00780467343002;Removedor de Olores Orgánico, 500 ml;;6590;13180;True;https://super.lider.cl/ip/higiene-y-bienestar/00780467343002;https://i5.walmartimages.cl/asr/624f42ac-7cac-4710-a5d1-ad5f936ebe82.cacb674b951f8b861558de5284caee2e.jpeg?null=&odnHeight=580&odnWidth=580&odnBg=FFFFFF;Gato > Baño y Limpieza;https://super.lider.cl/browse/mascotas/higiene-y-bienestar/bao-y-limpieza/07089592_02342029_81556437;;1;2026-03-17T02:04:52
00780465625219;Shampoo para Perro Espuma Seca Aroma Granada Lata, 230 ml;;3690;3690;False;https://super.lider.cl/ip/higiene-y-bienestar/00780465625219;https://i5.walmartimages.cl/asr/dc2b6a50-18a5-4b87-9e60-08fa4d74d994.ca6725d219ac22a3960310e968914e16.jpeg?null=&odnHeight=580&odnWidth=580&odnBg=FFFFFF;Gato > Baño y Limpieza;https://super.lider.cl/browse/mascotas/higiene-y-bienestar/bao-y-limpieza/07089592_02342029_81556437;;1;2026-03-17T02:04:52
00780000600159;Shampoo para Perro Balsamico Uso Frecuente Botella, 390 ml;;3890;9974;True;https://super.lider.cl/ip/higiene-y-bienestar/00780000600159;https://i5.walmartimages.cl/asr/07207afa-5a3b-4e4c-a027-b94d9e639611.4c0f2520bfa596e75011092188c0bd2b.jpeg?null=&odnHeight=580&odnWidth=580&odnBg=FFFFFF;Gato > Baño y Limpieza;https://super.lider.cl/browse/mascotas/higiene-y-bienestar/bao-y-limpieza/07089592_02342029_81556437;;1;2026-03-17T02:04:52
00780465625054;Collar Repelente de Pulgas para Gato, 1 Un;;3790;3790;False;https://super.lider.cl/ip/accesorios-y-juguetes/00780465625054;https://i5.walmartimages.cl/asr/ec25b476-31be-4eae-8326-99b277256ce6.396811eaec6b52ad0d73b80fcd1dbfbf.jpeg?odnHeight=580&odnWidth=580&odnBg=FFFFFF;Gato > Collares arnes y correas;https://super.lider.cl/browse/mascotas/accesorios-y-juguetes/collares-arnes-y-correas/07089592_73368248_78844187;;1;2026-03-17T02:05:18
00780799157377;Collar para Gato con Campana Brillante, 1 Un;;2690;2690;False;https://super.lider.cl/ip/accesorios-y-juguetes/00780799157377;https://i5.walmartimages.cl/asr/efcaf228-2eb9-421f-b3b0-15489da3c8a3.8b82b0f5f383ccea0d4a0dde78ce14b6.jpeg?null=&odnHeight=580&odnWidth=580&odnBg=FFFFFF;Gato > Collares arnes y correas;https://super.lider.cl/browse/mascotas/accesorios-y-juguetes/collares-arnes-y-correas/07089592_73368248_78844187;;1;2026-03-17T02:05:18
00780271020222;Portabolsas Sanitarias Negro + 10 Bolsas Ecologicas, 10 Un;;3990;3990;False;https://super.lider.cl/ip/accesorios-y-juguetes/00780271020222;https://i5.walmartimages.cl/asr/1e248289-84ba-4585-b35e-1f315d399d9e.73e1c99245d66b816595e32e97c08173.jpeg?odnHeight=580&odnWidth=580&odnBg=FFFFFF;Gato > Collares arnes y correas;https://super.lider.cl/browse/mascotas/accesorios-y-juguetes/collares-arnes-y-correas/07089592_73368248_78844187;;1;2026-03-17T02:05:18
00078918552309;Arnés Pechera para Perro Talla M, 1 Un;;6990;6990;False;https://super.lider.cl/ip/accesorios-y-juguetes/00078918552309;https://i5.walmartimages.cl/asr/924b7b0e-b185-4330-8734-cd6bc0ffad89.25367ecc9d15a0bdfa4e202b0731eb57.jpeg?null=&odnHeight=580&odnWidth=580&odnBg=FFFFFF;Gato > Collares arnes y correas;https://super.lider.cl/browse/mascotas/accesorios-y-juguetes/collares-arnes-y-correas/07089592_73368248_78844187;;1;2026-03-17T02:05:18
00780465625053;Collar Repelente de Pulgas para Perro, 1 Un;;6490;6490;False;https://super.lider.cl/ip/accesorios-y-juguetes/00780465625053;https://i5.walmartimages.cl/asr/89567eaa-1683-4567-9fe9-2a56e9e66f84.5a88f3b1d8a111e5211a9c46b9b45ec9.jpeg?odnHeight=580&odnWidth=580&odnBg=FFFFFF;Gato > Collares arnes y correas;https://super.lider.cl/browse/mascotas/accesorios-y-juguetes/collares-arnes-y-correas/07089592_73368248_78844187;;1;2026-03-17T02:05:18
00065952511096;Trailla Retráctil para Perro 5 metros, 1 Un;;9790;9790;False;https://super.lider.cl/ip/accesorios-y-juguetes/00065952511096;https://i5.walmartimages.cl/asr/0c39c5bf-c4c3-4f3b-99ed-1f64cbb5ab11.40c14c3349e2407702126ee30012ed5b.jpeg?null=&odnHeight=580&odnWidth=580&odnBg=FFFFFF;Gato > Collares arnes y correas;https://super.lider.cl/browse/mascotas/accesorios-y-juguetes/collares-arnes-y-correas/07089592_73368248_78844187;;1;2026-03-17T02:05:18
00063424000513;Set Arnés Pechera y Correa para Perro Talla L, 1 Un;;13990;13990;False;https://super.lider.cl/ip/accesorios-y-juguetes/00063424000513;https://i5.walmartimages.cl/asr/0c6da06d-6f4c-42fa-b05b-56723ccdb28f.7866a240698c88d58829e306c2980847.jpeg?null=&odnHeight=580&odnWidth=580&odnBg=FFFFFF;Gato > Collares arnes y correas;https://super.lider.cl/browse/mascotas/accesorios-y-juguetes/collares-arnes-y-correas/07089592_73368248_78844187;;1;2026-03-17T02:05:18
00078918552269;Correa para Perro con Resorte, 1 Un;;6490;6490;False;https://super.lider.cl/ip/accesorios-y-juguetes/00078918552269;https://i5.walmartimages.cl/asr/16a8b5ad-058b-47c3-8327-d4f9cd70b1ee.f3c53c17594b710cbf5c7b0bbd0d182d.jpeg?null=&odnHeight=580&odnWidth=580&odnBg=FFFFFF;Gato > Collares arnes y correas;https://super.lider.cl/browse/mascotas/accesorios-y-juguetes/collares-arnes-y-correas/07089592_73368248_78844187;;1;2026-03-17T02:05:18
00063424000512;Set Arnés Pechera y Correa para Perro Talla M, 1 Un;;12790;12790;False;https://super.lider.cl/ip/accesorios-y-juguetes/00063424000512;https://i5.walmartimages.cl/asr/14fd9bb9-3c1d-4306-95b7-d808fae3054d.594b44e8ea7feac07bcb274b34d5de23.jpeg?null=&odnHeight=580&odnWidth=580&odnBg=FFFFFF;Gato > Collares arnes y correas;https://super.lider.cl/browse/mascotas/accesorios-y-juguetes/collares-arnes-y-correas/07089592_73368248_78844187;;1;2026-03-17T02:05:18
00078918552229;Arnés Pechera para Perro Talla S, 1 Un;;6490;6490;False;https://super.lider.cl/ip/accesorios-y-juguetes/00078918552229;https://i5.walmartimages.cl/asr/6552ea77-fba3-4aea-8366-1bd587357469.a2256dcee731c29c7a97d44582df9f09.jpeg?null=&odnHeight=580&odnWidth=580&odnBg=FFFFFF;Gato > Collares arnes y correas;https://super.lider.cl/browse/mascotas/accesorios-y-juguetes/collares-arnes-y-correas/07089592_73368248_78844187;;1;2026-03-17T02:05:18
00780051020229;Arnes Basico Beige Talla M, 1 Un;;9990;9990;False;https://super.lider.cl/ip/accesorios-y-juguetes/00780051020229;https://i5.walmartimages.cl/asr/0426f8cd-f2ce-4eb2-89a8-2666a1266e97.ff56e1115b9b39babf247e2a5dd60006.jpeg?odnHeight=580&odnWidth=580&odnBg=FFFFFF;Gato > Collares arnes y correas;https://super.lider.cl/browse/mascotas/accesorios-y-juguetes/collares-arnes-y-correas/07089592_73368248_78844187;;1;2026-03-17T02:05:18
00063424000511;Set Arnés Pechera y Correa para Perro Talla S, 1 Un;;11590;11590;False;https://super.lider.cl/ip/accesorios-y-juguetes/00063424000511;https://i5.walmartimages.cl/asr/e7651355-50b3-4d82-99fc-79e1edcb6778.94cb398694b9058206c0f5b7a268fe7f.jpeg?null=&odnHeight=580&odnWidth=580&odnBg=FFFFFF;Gato > Collares arnes y correas;https://super.lider.cl/browse/mascotas/accesorios-y-juguetes/collares-arnes-y-correas/07089592_73368248_78844187;;1;2026-03-17T02:05:18
00780051020224;Arnes Basico Beige Talla S, 1 Un;;8990;8990;False;https://super.lider.cl/ip/accesorios-y-juguetes/00780051020224;https://i5.walmartimages.cl/asr/3accff3f-ab48-4c7f-b45c-80df7d38c0c0.a4898ba46ec934c132726bc91ec4b022.jpeg?odnHeight=580&odnWidth=580&odnBg=FFFFFF;Gato > Collares arnes y correas;https://super.lider.cl/browse/mascotas/accesorios-y-juguetes/collares-arnes-y-correas/07089592_73368248_78844187;;1;2026-03-17T02:05:18
00780091020224;Correa Basica Color Peach, 1 Un;;8990;8990;False;https://super.lider.cl/ip/accesorios-y-juguetes/00780091020224;https://i5.walmartimages.cl/asr/29ce3e93-ef50-422b-bc5d-be1b22e01e32.a6c03e6223497b543562f378372ff63c.jpeg?odnHeight=580&odnWidth=580&odnBg=FFFFFF;Gato > Collares arnes y correas;https://super.lider.cl/browse/mascotas/accesorios-y-juguetes/collares-arnes-y-correas/07089592_73368248_78844187;;1;2026-03-17T02:05:18
00780061020224;Arnes Basico Beige Talla L, 1 Un;;10990;10990;False;https://super.lider.cl/ip/accesorios-y-juguetes/00780061020224;https://i5.walmartimages.cl/asr/3fbbb4cb-7660-458d-bf9e-c107abe0895f.399aef4c9a8b5091ff498d9d44ad3f9f.jpeg?odnHeight=580&odnWidth=580&odnBg=FFFFFF;Gato > Collares arnes y correas;https://super.lider.cl/browse/mascotas/accesorios-y-juguetes/collares-arnes-y-correas/07089592_73368248_78844187;;1;2026-03-17T02:05:18
00780464753056;Viruta Vegetal para Animales Bolsa, 2 Kg;;1795;3590;True;https://super.lider.cl/ip/accesorios-y-juguetes/00780464753056;https://i5.walmartimages.cl/asr/bf44004c-b635-448c-bd99-a3e9ffbf3719.e2f5a1cfae8cbf2f105d1109e1ea46e5.jpeg?null=&odnHeight=580&odnWidth=580&odnBg=FFFFFF;Gato > Casas platos y accesorios;https://super.lider.cl/browse/mascotas/accesorios-y-juguetes/casas-platos-y-accesorios/07089592_73368248_54392300;;1;2026-03-17T02:07:42
00780465625039;Plato para Perro Antihormigas XL, 1 Un;;2990;2990;False;https://super.lider.cl/ip/accesorios-y-juguetes/00780465625039;https://i5.walmartimages.cl/asr/d7c3e977-ca7b-491e-816e-0d5cd700f1a5.457e29b856cf29ecd94250de8c145aed.jpeg?null=&odnHeight=580&odnWidth=580&odnBg=FFFFFF;Gato > Casas platos y accesorios;https://super.lider.cl/browse/mascotas/accesorios-y-juguetes/casas-platos-y-accesorios/07089592_73368248_54392300;;1;2026-03-17T02:07:42
00074674766608;Plato de Acero Para Perros L, 1 Un;;4590;4590;False;https://super.lider.cl/ip/accesorios-y-juguetes/00074674766608;https://i5.walmartimages.cl/asr/562721ae-bec3-413d-8a06-189f92711b00.f1c7bf2052f7b09f6d7bb0ab2c28d95f.jpeg?odnHeight=580&odnWidth=580&odnBg=FFFFFF;Gato > Casas platos y accesorios;https://super.lider.cl/browse/mascotas/accesorios-y-juguetes/casas-platos-y-accesorios/07089592_73368248_54392300;;1;2026-03-17T02:07:42
00040005080565;Recipiente plastico 20l para alimento seco, producto surtido;;5200;12990;True;https://super.lider.cl/ip/organizacion/00040005080565;https://i5.walmartimages.cl/asr/b5e62c06-3a97-48e0-924c-70c486d4484b.94d88d87363aff3072d0f57e2f20f1e4.jpeg?odnHeight=580&odnWidth=580&odnBg=FFFFFF;Gato > Casas platos y accesorios;https://super.lider.cl/browse/mascotas/accesorios-y-juguetes/casas-platos-y-accesorios/07089592_73368248_54392300;;1;2026-03-17T02:07:42
00078918552314;Plato para Perro de Acero Tamaño M, 1 Un;;3690;3690;False;https://super.lider.cl/ip/accesorios-y-juguetes/00078918552314;https://i5.walmartimages.cl/asr/ab0e307d-695e-4fe6-a11e-47d4d2bdeb1a.e8a9a26376c4c06babe33e1215c47ea9.jpeg?null=&odnHeight=580&odnWidth=580&odnBg=FFFFFF;Gato > Casas platos y accesorios;https://super.lider.cl/browse/mascotas/accesorios-y-juguetes/casas-platos-y-accesorios/07089592_73368248_54392300;;1;2026-03-17T02:07:42
00780799157323;Plato para Perro Redondo Tamaño L, 1 Un;;1950;1950;False;https://super.lider.cl/ip/accesorios-y-juguetes/00780799157323;https://i5.walmartimages.cl/asr/372a153f-6490-4bb9-bd92-00682cb4f3f7.302e134d082ddd0c58b1590a0e5838ae.jpeg?null=&odnHeight=580&odnWidth=580&odnBg=FFFFFF;Gato > Casas platos y accesorios;https://super.lider.cl/browse/mascotas/accesorios-y-juguetes/casas-platos-y-accesorios/07089592_73368248_54392300;;1;2026-03-17T02:07:42
00078918552315;Plato para Perro de Acero Tamaño S, 1 Un;;2750;2750;False;https://super.lider.cl/ip/accesorios-y-juguetes/00078918552315;https://i5.walmartimages.cl/asr/e3f8bd53-e87f-416d-877e-e0b24a7e1702.916f3f53bbf877c668b6896a8237a7b3.jpeg?null=&odnHeight=580&odnWidth=580&odnBg=FFFFFF;Gato > Casas platos y accesorios;https://super.lider.cl/browse/mascotas/accesorios-y-juguetes/casas-platos-y-accesorios/07089592_73368248_54392300;;1;2026-03-17T02:07:42
00078918552264;Plato para Gato Diseños Tamaño S, producto surtido, 1 Un;;3990;3990;False;https://super.lider.cl/ip/accesorios-y-juguetes/00078918552264;https://i5.walmartimages.cl/asr/0df56ec8-1054-48ff-b634-a83f1173c94d.f6b9ca05129b1dc482ae6fc352579058.jpeg?null=&odnHeight=580&odnWidth=580&odnBg=FFFFFF;Gato > Casas platos y accesorios;https://super.lider.cl/browse/mascotas/accesorios-y-juguetes/casas-platos-y-accesorios/07089592_73368248_54392300;;1;2026-03-17T02:07:42
00780799157320;Plato para Perro Doble Tamaño L, 1 Un;;2990;2990;False;https://super.lider.cl/ip/accesorios-y-juguetes/00780799157320;https://i5.walmartimages.cl/asr/97e6da7b-6676-4b88-9b47-34829825a54d.583314255991299f91ed074754cda28c.jpeg?null=&odnHeight=580&odnWidth=580&odnBg=FFFFFF;Gato > Casas platos y accesorios;https://super.lider.cl/browse/mascotas/accesorios-y-juguetes/casas-platos-y-accesorios/07089592_73368248_54392300;;1;2026-03-17T02:07:42
00780799157321;Plato para Perro Doble Tamaño M, 1 Un;;2490;2490;False;https://super.lider.cl/ip/accesorios-y-juguetes/00780799157321;https://i5.walmartimages.cl/asr/cc6ef598-0d67-4dfd-8c8e-f5e7e947130f.8d205f4229b2bd21bbefee687937d274.jpeg?null=&odnHeight=580&odnWidth=580&odnBg=FFFFFF;Gato > Casas platos y accesorios;https://super.lider.cl/browse/mascotas/accesorios-y-juguetes/casas-platos-y-accesorios/07089592_73368248_54392300;;1;2026-03-17T02:07:42
00040005119348;Hueso Mordedor, Producto Surtido, 1 Un;;5990;5990;False;https://super.lider.cl/ip/accesorios-y-juguetes/00040005119348;https://i5.walmartimages.cl/asr/3a47476f-1b74-4d8e-8e3a-c71f21024119.37ed2ffcfa2fe04061ba9b58e5b4c7a7.jpeg?odnHeight=580&odnWidth=580&odnBg=FFFFFF;Gato > Casas platos y accesorios;https://super.lider.cl/browse/mascotas/accesorios-y-juguetes/casas-platos-y-accesorios/07089592_73368248_54392300;;1;2026-03-17T02:07:42
00040005119349;Mordedor Con Cuerda, Producto Surtido, 1 Un;;5990;5990;False;https://super.lider.cl/ip/accesorios-y-juguetes/00040005119349;https://i5.walmartimages.cl/asr/90bbf71d-d945-4568-b7b1-dac5e88bf887.6cb46adb06905c311bd9adb0fea1043f.jpeg?odnHeight=580&odnWidth=580&odnBg=FFFFFF;Gato > Casas platos y accesorios;https://super.lider.cl/browse/mascotas/accesorios-y-juguetes/casas-platos-y-accesorios/07089592_73368248_54392300;;1;2026-03-17T02:07:42
00780799157420;Cama de Invierno para Perro Tamaño XS, 1 Un;;15990;15990;False;https://super.lider.cl/ip/accesorios-y-juguetes/00780799157420;https://i5.walmartimages.cl/asr/fdef67b1-ac65-4210-b013-c7b0a2ecb90d.e6737daa0405880e970c033cf22588fb.jpeg?null=&odnHeight=580&odnWidth=580&odnBg=FFFFFF;Gato > Casas platos y accesorios;https://super.lider.cl/browse/mascotas/accesorios-y-juguetes/casas-platos-y-accesorios/07089592_73368248_54392300;;1;2026-03-17T02:07:42
00074674766591;Pelota de Tennis para Perros, 1 Un;;990;990;False;https://super.lider.cl/ip/accesorios-y-juguetes/00074674766591;https://i5.walmartimages.cl/asr/b9797b4e-9cbd-4859-a4af-4ab1f7b868d2.62fb702aefdde99fde8eed55851c3252.jpeg?null=&odnHeight=580&odnWidth=580&odnBg=FFFFFF;Gato > Juguetes y Rascadores;https://super.lider.cl/browse/mascotas/accesorios-y-juguetes/juguetes-y-rascadores/07089592_73368248_99350993;;1;2026-03-17T02:08:08
00780799157402;Juguete para Perro Básico Vinilo, 1 Un;;1690;1690;False;https://super.lider.cl/ip/accesorios-y-juguetes/00780799157402;https://i5.walmartimages.cl/asr/387ec39c-5a94-41f6-8e29-95a3f9e59f83.0680c6615ee1d7c2b20a99dbd96e0516.jpeg?null=&odnHeight=580&odnWidth=580&odnBg=FFFFFF;Gato > Juguetes y Rascadores;https://super.lider.cl/browse/mascotas/accesorios-y-juguetes/juguetes-y-rascadores/07089592_73368248_99350993;;1;2026-03-17T02:08:08
00780799157397;Juguete para Gato Caña, 1 Un;;1990;1990;False;https://super.lider.cl/ip/accesorios-y-juguetes/00780799157397;https://i5.walmartimages.cl/asr/bdb055dc-27f1-4fee-be36-6818aeba6a68.9f550c19dfef39308398f16aa9e52052.jpeg?null=&odnHeight=580&odnWidth=580&odnBg=FFFFFF;Gato > Juguetes y Rascadores;https://super.lider.cl/browse/mascotas/accesorios-y-juguetes/juguetes-y-rascadores/07089592_73368248_99350993;;1;2026-03-17T02:08:08
00780799157311;Juguete para Perro Bolsa 3 Pelotas Tenis, 1 Un;;2450;2450;False;https://super.lider.cl/ip/accesorios-y-juguetes/00780799157311;https://i5.walmartimages.cl/asr/647d531e-8c8e-49c8-8862-3a2a78e4e33d.642b56bde0a653dfdf3f18dba2c36d8d.jpeg?odnHeight=580&odnWidth=580&odnBg=FFFFFF;Gato > Juguetes y Rascadores;https://super.lider.cl/browse/mascotas/accesorios-y-juguetes/juguetes-y-rascadores/07089592_73368248_99350993;;1;2026-03-17T02:08:08
00780799157314;Juguete para Perro Pelota Tenis Cuerda, 1 Un;;2450;2450;False;https://super.lider.cl/ip/accesorios-y-juguetes/00780799157314;https://i5.walmartimages.cl/asr/03c45250-9298-4e09-a9a7-4dbfbfbac5ba.9e1820ef9c89ddcce41fdac3864d1458.jpeg?null=&odnHeight=580&odnWidth=580&odnBg=FFFFFF;Gato > Juguetes y Rascadores;https://super.lider.cl/browse/mascotas/accesorios-y-juguetes/juguetes-y-rascadores/07089592_73368248_99350993;;1;2026-03-17T02:08:08
00780041020227;Peluche Apretable Conejo, 1 Un;;6990;6990;False;https://super.lider.cl/ip/accesorios-y-juguetes/00780041020227;https://i5.walmartimages.cl/asr/0d8aaf9a-62fd-4f50-842f-e4e0697759d2.7a95e0735c654484996d77f87025fbaa.jpeg?odnHeight=580&odnWidth=580&odnBg=FFFFFF;Gato > Juguetes y Rascadores;https://super.lider.cl/browse/mascotas/accesorios-y-juguetes/juguetes-y-rascadores/07089592_73368248_99350993;;1;2026-03-17T02:08:08
00078918552252;Juguete para Gato Tablero Rasguño Base, 1 Un;;3890;3890;False;https://super.lider.cl/ip/accesorios-y-juguetes/00078918552252;https://i5.walmartimages.cl/asr/4e20e4d8-550a-4813-9ee6-144cbdbf6f51.0fc09afab35b4ce36a8944659d955b69.jpeg?null=&odnHeight=580&odnWidth=580&odnBg=FFFFFF;Gato > Juguetes y Rascadores;https://super.lider.cl/browse/mascotas/accesorios-y-juguetes/juguetes-y-rascadores/07089592_73368248_99350993;;1;2026-03-17T02:08:08
00780799157403;Juguete para Perro Básico Látex, 1 Un;;2690;2690;False;https://super.lider.cl/ip/accesorios-y-juguetes/00780799157403;https://i5.walmartimages.cl/asr/83916906-d5b3-42d0-a9d9-c183c5f05f9f.a8f7996cf502c64db47eb4033976a36f.jpeg?null=&odnHeight=580&odnWidth=580&odnBg=FFFFFF;Gato > Juguetes y Rascadores;https://super.lider.cl/browse/mascotas/accesorios-y-juguetes/juguetes-y-rascadores/07089592_73368248_99350993;;1;2026-03-17T02:08:08
00063424000429;Juguete para Gato Plush Catnip, 1 Un;;3490;3490;False;https://super.lider.cl/ip/accesorios-y-juguetes/00063424000429;https://i5.walmartimages.cl/asr/3a4015be-94ea-4627-8cca-cfa7f4e4b4bd.d651a2d949f82dd92e8d8b956d6fd034.jpeg?null=&odnHeight=580&odnWidth=580&odnBg=FFFFFF;Gato > Juguetes y Rascadores;https://super.lider.cl/browse/mascotas/accesorios-y-juguetes/juguetes-y-rascadores/07089592_73368248_99350993;;1;2026-03-17T02:08:08
00074674766590;Juguete Frisbee para Perros, 1 Un;;1990;1990;False;https://super.lider.cl/ip/accesorios-y-juguetes/00074674766590;https://i5.walmartimages.cl/asr/5f37e7ee-a7ef-42a0-b60e-d2a9b51b95c6.56579629f3e8852512048922b8ff8161.jpeg?null=&odnHeight=580&odnWidth=580&odnBg=FFFFFF;Gato > Juguetes y Rascadores;https://super.lider.cl/browse/mascotas/accesorios-y-juguetes/juguetes-y-rascadores/07089592_73368248_99350993;;1;2026-03-17T02:08:08
00780799157303;Juguete para Perro Caucho con Cuerda, 1 Un;;4690;4690;False;https://super.lider.cl/ip/accesorios-y-juguetes/00780799157303;https://i5.walmartimages.cl/asr/d121eeae-d43d-4f1e-bdde-3b5a267bb7b4.95719072bb2150a80168bbc0921c8332.jpeg?odnHeight=580&odnWidth=580&odnBg=FFFFFF;Gato > Juguetes y Rascadores;https://super.lider.cl/browse/mascotas/accesorios-y-juguetes/juguetes-y-rascadores/07089592_73368248_99350993;;1;2026-03-17T02:08:08
00780799157387;Juguete para Perro Plush N8, 1 Un;;6490;6490;False;https://super.lider.cl/ip/accesorios-y-juguetes/00780799157387;https://i5.walmartimages.cl/asr/7b326411-d303-4680-920f-5072ec20bcdc.56afe2f173c78eb9c517a00f6b48c6df.jpeg?null=&odnHeight=580&odnWidth=580&odnBg=FFFFFF;Gato > Juguetes y Rascadores;https://super.lider.cl/browse/mascotas/accesorios-y-juguetes/juguetes-y-rascadores/07089592_73368248_99350993;;1;2026-03-17T02:08:08
00780041020226;Peluche Apretable Delfin, 1 Un;;6990;6990;False;https://super.lider.cl/ip/accesorios-y-juguetes/00780041020226;https://i5.walmartimages.cl/asr/5e145aea-9456-45da-982d-6abe33310d91.5febcd3c9de85fd6a7a13246eb95cdf5.jpeg?odnHeight=580&odnWidth=580&odnBg=FFFFFF;Gato > Juguetes y Rascadores;https://super.lider.cl/browse/mascotas/accesorios-y-juguetes/juguetes-y-rascadores/07089592_73368248_99350993;;1;2026-03-17T02:08:08
00063424000430;Juguete para Perro Hueso Dental de Caucho, 1 Un;;6890;6890;False;https://super.lider.cl/ip/accesorios-y-juguetes/00063424000430;https://i5.walmartimages.cl/asr/26407ec8-9b34-47cb-a6ed-4ec0c85bf014.458594d787b35bbb9e8e31e19ca3d616.jpeg?null=&odnHeight=580&odnWidth=580&odnBg=FFFFFF;Gato > Juguetes y Rascadores;https://super.lider.cl/browse/mascotas/accesorios-y-juguetes/juguetes-y-rascadores/07089592_73368248_99350993;;1;2026-03-17T02:08:08
00063424000466;Juguete para Perro Pelota Dental de Caucho, 1 Un;;6890;6890;False;https://super.lider.cl/ip/accesorios-y-juguetes/00063424000466;https://i5.walmartimages.cl/asr/3055c52a-59d1-4c71-8273-8403ad7438fe.f543cdc01b0cb32a74791582f3ca01de.jpeg?null=&odnHeight=580&odnWidth=580&odnBg=FFFFFF;Gato > Juguetes y Rascadores;https://super.lider.cl/browse/mascotas/accesorios-y-juguetes/juguetes-y-rascadores/07089592_73368248_99350993;;1;2026-03-17T02:08:08
00780799157300;Juguete para Perro Caucho N1, 1 Un;;6390;6390;False;https://super.lider.cl/ip/accesorios-y-juguetes/00780799157300;https://i5.walmartimages.cl/asr/fc9c3bcb-8f80-4776-aee1-dc55d1a1bdb9.5411fc5a52a2344c812a91e7d69895f1.jpeg?odnHeight=580&odnWidth=580&odnBg=FFFFFF;Gato > Juguetes y Rascadores;https://super.lider.cl/browse/mascotas/accesorios-y-juguetes/juguetes-y-rascadores/07089592_73368248_99350993;;1;2026-03-17T02:08:08
00780799157394;Juguete para Gato Plush Colores, producto surtido, 1 Un;;2990;2990;False;https://super.lider.cl/ip/accesorios-y-juguetes/00780799157394;https://i5.walmartimages.cl/asr/53b83dd6-db4c-4e99-8113-9bb7cf962f53.6a13019a5160cee7a64c0ebae55c8016.jpeg?null=&odnHeight=580&odnWidth=580&odnBg=FFFFFF;Gato > Juguetes y Rascadores;https://super.lider.cl/browse/mascotas/accesorios-y-juguetes/juguetes-y-rascadores/07089592_73368248_99350993;;1;2026-03-17T02:08:08
00078918552253;Juguete para Gato Túnel Plegable, 1 Un;;6890;6890;False;https://super.lider.cl/ip/accesorios-y-juguetes/00078918552253;https://i5.walmartimages.cl/asr/a73e8096-64d7-4f36-a95b-12b34f7dd880.6c58dffed38362ab6781d3bee8084ecb.jpeg?null=&odnHeight=580&odnWidth=580&odnBg=FFFFFF;Gato > Juguetes y Rascadores;https://super.lider.cl/browse/mascotas/accesorios-y-juguetes/juguetes-y-rascadores/07089592_73368248_99350993;;1;2026-03-17T02:08:08
00780799157306;Juguete para Perro Caucho Hueso, 1 Un;;6390;6390;False;https://super.lider.cl/ip/accesorios-y-juguetes/00780799157306;https://i5.walmartimages.cl/asr/3689a152-2234-4fab-9bae-606818b1e24b.65a26189a10dedb8de8cf0492c1a8e95.jpeg?null=&odnHeight=580&odnWidth=580&odnBg=FFFFFF;Gato > Juguetes y Rascadores;https://super.lider.cl/browse/mascotas/accesorios-y-juguetes/juguetes-y-rascadores/07089592_73368248_99350993;;1;2026-03-17T02:08:08
00063424000458;Juguete Para Perro Brocheta Dental de Caucho, 1 Un;;8990;8990;False;https://super.lider.cl/ip/accesorios-y-juguetes/00063424000458;https://i5.walmartimages.cl/asr/e1c34bf3-f9d8-4c15-bf5c-d0883b39d116.0acce24b6afb4cf54c900e353d0cdd04.jpeg?null=&odnHeight=580&odnWidth=580&odnBg=FFFFFF;Gato > Juguetes y Rascadores;https://super.lider.cl/browse/mascotas/accesorios-y-juguetes/juguetes-y-rascadores/07089592_73368248_99350993;;1;2026-03-17T02:08:08
00780041020228;Peluche Apretable Elefante, 1 Un;;6990;6990;False;https://super.lider.cl/ip/accesorios-y-juguetes/00780041020228;https://i5.walmartimages.cl/asr/b230fc87-803b-4da6-9d61-caf531c7e536.a84332c7f525f0ad41416d9bfe95cdb3.jpeg?odnHeight=580&odnWidth=580&odnBg=FFFFFF;Gato > Juguetes y Rascadores;https://super.lider.cl/browse/mascotas/accesorios-y-juguetes/juguetes-y-rascadores/07089592_73368248_99350993;;1;2026-03-17T02:08:08
00780799157388;Juguete para Gato Pelota Sisal, 1 Un;;6390;6390;False;https://super.lider.cl/ip/accesorios-y-juguetes/00780799157388;https://i5.walmartimages.cl/asr/bae300c2-f098-45d4-827f-d68627e82d41.135922fc2144c81cfc3c651dd564bb2c.jpeg?null=&odnHeight=580&odnWidth=580&odnBg=FFFFFF;Gato > Juguetes y Rascadores;https://super.lider.cl/browse/mascotas/accesorios-y-juguetes/juguetes-y-rascadores/07089592_73368248_99350993;;1;2026-03-17T02:08:08
00780192000083;Alimento Seco Perro Adulto Raza Mediana/Grande Carne Bolsa, 15 Kg;;1679;30990;True;https://super.lider.cl/ip/perro/00780192000083;https://i5.walmartimages.cl/asr/aea2c23a-594e-4dd7-b7c9-01d355ab4ab3.59dde1d63306be7094f4e5b641c1e43a.jpeg?null=&odnHeight=580&odnWidth=580&odnBg=FFFFFF;Otras Mascotas > Alimento Seco;https://super.lider.cl/browse/mascotas/perro/alimento-seco/07089592_29432822_59354834;;1;2026-03-17T02:08:35
00780410000086;Alimento Seco Perro Adulto Raza Mediana/Grande Carne y Cereales Bolsa, 15 Kg;;1893;28390;True;https://super.lider.cl/ip/perro/00780410000086;https://i5.walmartimages.cl/asr/84203e66-65b4-404a-b786-c6daadff3eea.fd7b40e3192f632cf17581bd7fea02ca.jpeg?null=&odnHeight=580&odnWidth=580&odnBg=FFFFFF;Otras Mascotas > Alimento Seco;https://super.lider.cl/browse/mascotas/perro/alimento-seco/07089592_29432822_59354834;;1;2026-03-17T02:08:35
00779745300033;Alimento Seco Perro Adulto Raza Mediana/Grande Carne Bolsa, 15 Kg;;1799;33590;True;https://super.lider.cl/ip/perro/00779745300033;https://i5.walmartimages.cl/asr/e868a89f-4d2d-49db-91b5-b2c991b8bb06.146843467c45d5729cdcdf178483afff.jpeg?null=&odnHeight=580&odnWidth=580&odnBg=FFFFFF;Otras Mascotas > Alimento Seco;https://super.lider.cl/browse/mascotas/perro/alimento-seco/07089592_29432822_59354834;;1;2026-03-17T02:08:35
00844529057339;Alimento Seco Perro Adulto Multi Proteina Carne Bolsa, 12 kg;;2083;29990;True;https://super.lider.cl/ip/perro/00844529057339;https://i5.walmartimages.cl/asr/062d9d85-1182-44e2-8c5b-058ffbe0adf5.f8251bf6f0d2747c04b74aa5a98b3215.jpeg?odnHeight=580&odnWidth=580&odnBg=FFFFFF;Otras Mascotas > Alimento Seco;https://super.lider.cl/browse/mascotas/perro/alimento-seco/07089592_29432822_59354834;;1;2026-03-17T02:08:35
00844529133306;Alimento Seco Perro Adulto Raza Mediana/Grande Carne y Pollo Bolsa, 12 kg;;2083;24990;True;https://super.lider.cl/ip/perro/00844529133306;https://i5.walmartimages.cl/asr/7ed1e024-9481-4f8b-80d4-60e6d1993f94.bff6b907a649dade85a1137fde50bc26.jpeg?null=&odnHeight=580&odnWidth=580&odnBg=FFFFFF;Otras Mascotas > Alimento Seco;https://super.lider.cl/browse/mascotas/perro/alimento-seco/07089592_29432822_59354834;;1;2026-03-17T02:08:35
00780257554454;Alimento Seco Perro Senior Cuidado Articular Sabor Carne Bolsa, 15 kg;;1686;30990;True;https://super.lider.cl/ip/perro/00780257554454;https://i5.walmartimages.cl/asr/3cbad26b-8334-4eb9-8981-b63cde049eed.2a7e7ded54d5ef93c4d61483d8d5c8de.jpeg?null=&odnHeight=580&odnWidth=580&odnBg=FFFFFF;Otras Mascotas > Alimento Seco;https://super.lider.cl/browse/mascotas/perro/alimento-seco/07089592_29432822_59354834;;1;2026-03-17T02:08:35
00780443800158;Alimento Seco Perro Adulto Raza Mediana/Grande Carne y Cereales Bolsa, 15 Kg;;1533;22990;True;https://super.lider.cl/ip/perro/00780443800158;https://i5.walmartimages.cl/asr/2725eeab-e585-4f97-b402-f0774be08133.210b63209ba2a4c2a8f51775263590ef.jpeg?odnHeight=580&odnWidth=580&odnBg=FFFFFF;Otras Mascotas > Alimento Seco;https://super.lider.cl/browse/mascotas/perro/alimento-seco/07089592_29432822_59354834;;1;2026-03-17T02:08:35
00780410000280;Alimento Seco Perro Adulto Carne y Arroz Bolsa, 15 Kg;;1233;21490;True;https://super.lider.cl/ip/perro/00780410000280;https://i5.walmartimages.cl/asr/26240dd1-4e07-409e-9553-8eef56134d8b.554cf543675aa179af62a36cfef42f27.jpeg?odnHeight=580&odnWidth=580&odnBg=FFFFFF;Otras Mascotas > Alimento Seco;https://super.lider.cl/browse/mascotas/perro/alimento-seco/07089592_29432822_59354834;;1;2026-03-17T02:08:35
00780257553244;Alimento Seco Perro Adulto Carne y Arroz Bolsa, 15 kg;;1439;21590;True;https://super.lider.cl/ip/perro/00780257553244;https://i5.walmartimages.cl/asr/a7b7fbbb-4746-427f-9efa-28c2ae38276e.adfd9a1729f49641cd70e6bd3d3a7756.jpeg?odnHeight=580&odnWidth=580&odnBg=FFFFFF;Otras Mascotas > Alimento Seco;https://super.lider.cl/browse/mascotas/perro/alimento-seco/07089592_29432822_59354834;;1;2026-03-17T02:08:35
00779745300159;Alimento Seco Perro Senior Carne y Vegetales Bolsa, 3 Kg;;2983;11190;True;https://super.lider.cl/ip/perro/00779745300159;https://i5.walmartimages.cl/asr/614546a7-e837-462b-8973-2e8299dde77e.b7c1745a5f6e09c6f263cb212e111a39.jpeg?null=&odnHeight=580&odnWidth=580&odnBg=FFFFFF;Otras Mascotas > Alimento Seco;https://super.lider.cl/browse/mascotas/perro/alimento-seco/07089592_29432822_59354834;;1;2026-03-17T02:08:35
00844529168474;Alimento Seco Perro Adulto Mediano Senior Bolsa, 12 kg;;2449;29390;True;https://super.lider.cl/ip/perro/00844529168474;https://i5.walmartimages.cl/asr/a1f86f24-1f36-43bc-86d9-32b037930ebc.135dda7dfa3dbf5d5cae026aff53f57c.jpeg?null=&odnHeight=580&odnWidth=580&odnBg=FFFFFF;Otras Mascotas > Alimento Seco;https://super.lider.cl/browse/mascotas/perro/alimento-seco/07089592_29432822_59354834;;1;2026-03-17T02:08:35
00780192000105;Alimento Seco Cachorro Raza Mediana/Grande Carne y Leche Bolsa, 15 Kg;;1679;30990;True;https://super.lider.cl/ip/perro/00780192000105;https://i5.walmartimages.cl/asr/0c7ad4e6-de85-49f3-aa49-2b4e810e93e1.f7e0f88d6d80e60d50723be771683f26.jpeg?null=&odnHeight=580&odnWidth=580&odnBg=FFFFFF;Otras Mascotas > Alimento Seco;https://super.lider.cl/browse/mascotas/perro/alimento-seco/07089592_29432822_59354834;;1;2026-03-17T02:08:35
00779745300157;Alimento Seco Perro Adulto Raza Pequeña Carne y Vegetales Bolsa, 3 Kg;;2240;11190;True;https://super.lider.cl/ip/perro/00779745300157;https://i5.walmartimages.cl/asr/ba656759-de40-49f1-887a-33a5c49b7061.764bfc5d6a61f25a2813650db37c3f9c.jpeg?null=&odnHeight=580&odnWidth=580&odnBg=FFFFFF;Otras Mascotas > Alimento Seco;https://super.lider.cl/browse/mascotas/perro/alimento-seco/07089592_29432822_59354834;;1;2026-03-17T02:08:35
00761328790989;Alimento Seco Perro Adulto Raza Pequeña Carne y Pollo Bolsa, 3 Kg;;3597;10790;True;https://super.lider.cl/ip/perro/00761328790989;https://i5.walmartimages.cl/asr/f3ca31aa-6edc-4ffc-a8b7-c7a5b5c23c81.b416f84071f94e513f4586b9dbfef6cd.jpeg?odnHeight=580&odnWidth=580&odnBg=FFFFFF;Otras Mascotas > Alimento Seco;https://super.lider.cl/browse/mascotas/perro/alimento-seco/07089592_29432822_59354834;;1;2026-03-17T02:08:35
00779745300153;Alimento Seco Perro Adulto Raza Mediana/Grande Carne Bolsa, 3 Kg;;2240;11190;True;https://super.lider.cl/ip/perro/00779745300153;https://i5.walmartimages.cl/asr/af1746d9-de0f-415b-9911-580071103d4e.25edffe9efdabd838e8821dc120c94ee.jpeg?null=&odnHeight=580&odnWidth=580&odnBg=FFFFFF;Otras Mascotas > Alimento Seco;https://super.lider.cl/browse/mascotas/perro/alimento-seco/07089592_29432822_59354834;;1;2026-03-17T02:08:35
00779745300151;Alimento Seco Cachorro Carne Bolsa, 3 Kg;;2240;11190;True;https://super.lider.cl/ip/perro/00779745300151;https://i5.walmartimages.cl/asr/7e3120dc-37fc-4349-84d4-086acd2cf409.971cd7468946b8cdfaa5e9b31b66eba6.jpeg?null=&odnHeight=580&odnWidth=580&odnBg=FFFFFF;Otras Mascotas > Alimento Seco;https://super.lider.cl/browse/mascotas/perro/alimento-seco/07089592_29432822_59354834;;1;2026-03-17T02:08:35
00761328722519;Alimento Seco Perro Adulto Raza Pequeña Pollo y Carne Bolsa, 2 Kg;;5345;10690;True;https://super.lider.cl/ip/perro/00761328722519;https://i5.walmartimages.cl/asr/0e4eba92-21fb-4476-ada5-9a5b51878254.cf9cc914254aaaf25ddf0a7f6ebeb897.jpeg?null=&odnHeight=580&odnWidth=580&odnBg=FFFFFF;Otras Mascotas > Alimento Seco;https://super.lider.cl/browse/mascotas/perro/alimento-seco/07089592_29432822_59354834;;1;2026-03-17T02:08:35
00779745397246;Alimento Seco Cachorro Carne, 15 Kg;;1859;33890;True;https://super.lider.cl/ip/perro/00779745397246;https://i5.walmartimages.cl/asr/a26d5e7c-eed8-47a6-820a-a6113ee6e2f6.dd0241bc0b750645ae129b4d051c5222.jpeg?null=&odnHeight=580&odnWidth=580&odnBg=FFFFFF;Otras Mascotas > Alimento Seco;https://super.lider.cl/browse/mascotas/perro/alimento-seco/07089592_29432822_59354834;;1;2026-03-17T02:08:35
00780091020225;Bolsas Sanitarias Ecologicas (60 Unidades), 60 Un;;3990;3990;False;https://super.lider.cl/ip/perro/00780091020225;https://i5.walmartimages.cl/asr/03d261a7-e17d-4b87-bff7-5db91e827bce.50ff18cbe3fa08470b11d8dc1d1388de.jpeg?odnHeight=580&odnWidth=580&odnBg=FFFFFF;Otras Mascotas > Alimento Seco;https://super.lider.cl/browse/mascotas/perro/alimento-seco/07089592_29432822_59354834;;1;2026-03-17T02:08:35
00761328732741;Alimento Seco Perro Longevidad Sabor Carne Bolsa, 3 Kg;;3597;10790;True;https://super.lider.cl/ip/perro/00761328732741;https://i5.walmartimages.cl/asr/3b563ffb-4512-4bc8-b3cd-5bb3a4e8a948.6939abf4b00b31f5f4925a3421753870.jpeg?odnHeight=580&odnWidth=580&odnBg=FFFFFF;Otras Mascotas > Alimento Seco;https://super.lider.cl/browse/mascotas/perro/alimento-seco/07089592_29432822_59354834;;1;2026-03-17T02:08:35
00780443800380;Alimento Seco Perro Adulto Carne Bolsa, 9 Kg;;12490;12490;False;https://super.lider.cl/ip/perro/00780443800380;https://i5.walmartimages.cl/asr/c5833c7c-8d41-4c33-a615-d79fd83e3929.93f63f05c6b55de6c799bcf848aae8e8.jpeg?null=&odnHeight=580&odnWidth=580&odnBg=FFFFFF;Otras Mascotas > Alimento Seco;https://super.lider.cl/browse/mascotas/perro/alimento-seco/07089592_29432822_59354834;;1;2026-03-17T02:08:35
00761328722535;Alimento Seco Perro Adulto Raza Pequeña Pollo y Cordero Bolsa, 2 Kg;;5345;10690;True;https://super.lider.cl/ip/perro/00761328722535;https://i5.walmartimages.cl/asr/15d9f2a4-d13d-414a-ac33-cb3b2226dd37.86af71e0f02555e1d8b4fe1bd9295709.jpeg?null=&odnHeight=580&odnWidth=580&odnBg=FFFFFF;Otras Mascotas > Alimento Seco;https://super.lider.cl/browse/mascotas/perro/alimento-seco/07089592_29432822_59354834;;1;2026-03-17T02:08:35
00761328790987;Alimento Seco Perro Adulto Raza Pequeña Carne y Pollo Bolsa, 8 Kg;;20290;20290;False;https://super.lider.cl/ip/perro/00761328790987;https://i5.walmartimages.cl/asr/9749ee14-4eda-42b2-aadc-b95b4e5bef57.eb8caf126589c7cfc90d5575ed793b70.jpeg?odnHeight=580&odnWidth=580&odnBg=FFFFFF;Otras Mascotas > Alimento Seco;https://super.lider.cl/browse/mascotas/perro/alimento-seco/07089592_29432822_59354834;;1;2026-03-17T02:08:35
00780192000068;Alimento Seco Perro Senior Raza Mediana/Grande Carne Bolsa, 3 Kg;;1700;10990;True;https://super.lider.cl/ip/perro/00780192000068;https://i5.walmartimages.cl/asr/ab633c4e-d84e-4ba1-8d6b-6d962a436130.37284a0a76608625ad130355ddaa0c3c.jpeg?null=&odnHeight=580&odnWidth=580&odnBg=FFFFFF;Otras Mascotas > Alimento Seco;https://super.lider.cl/browse/mascotas/perro/alimento-seco/07089592_29432822_59354834;;1;2026-03-17T02:08:35
00780192000176;Alimento Seco Perro Adulto Raza Pequeña Carne Bolsa, 3 Kg;;1700;10990;True;https://super.lider.cl/ip/perro/00780192000176;https://i5.walmartimages.cl/asr/9ea512c3-aacd-4140-950f-9f769d8f65c3.96a166a719914636d4aa8a8d82aa1964.jpeg?null=&odnHeight=580&odnWidth=580&odnBg=FFFFFF;Otras Mascotas > Alimento Seco;https://super.lider.cl/browse/mascotas/perro/alimento-seco/07089592_29432822_59354834;;1;2026-03-17T02:08:35
00780257553413;Alimento Seco Perro Senior Raza Pequeña Carne Bolsa, 3 kg;;3663;10990;True;https://super.lider.cl/ip/perro/00780257553413;https://i5.walmartimages.cl/asr/f770c76a-2270-4132-8658-ceb0298506fd.77f4ae1125a1ea684ebb9d102e8a1420.jpeg?null=&odnHeight=580&odnWidth=580&odnBg=FFFFFF;Otras Mascotas > Alimento Seco;https://super.lider.cl/browse/mascotas/perro/alimento-seco/07089592_29432822_59354834;;1;2026-03-17T02:08:35
00844529056371;Alimento Seco Perro Adulto Alta Proteina Carne Bolsa, 3 kg;;3597;10790;True;https://super.lider.cl/ip/perro/00844529056371;https://i5.walmartimages.cl/asr/f2a65280-72b2-4dc8-88d4-ab524f5f7e53.568cf46f2d55b724c873d6bbebd87446.jpeg?null=&odnHeight=580&odnWidth=580&odnBg=FFFFFF;Otras Mascotas > Alimento Seco;https://super.lider.cl/browse/mascotas/perro/alimento-seco/07089592_29432822_59354834;;1;2026-03-17T02:08:35
00844529140092;Alimento Seco Perro Cachorro Raza Mediana y Grande Bolsa, 12 kg;;2449;29390;True;https://super.lider.cl/ip/perro/00844529140092;https://i5.walmartimages.cl/asr/8ca5ff9d-476f-449b-82b6-4af1985d49fc.c35a3f6a43d10bd4a5382938b40d0403.jpeg?null=&odnHeight=580&odnWidth=580&odnBg=FFFFFF;Otras Mascotas > Alimento Seco;https://super.lider.cl/browse/mascotas/perro/alimento-seco/07089592_29432822_59354834;;1;2026-03-17T02:08:35
00761303595084;Alimento Seco Cachorro Raza Pequeña Carne y Pollo Bolsa, 3 Kg;;3597;10790;True;https://super.lider.cl/ip/perro/00761303595084;https://i5.walmartimages.cl/asr/572f4683-203b-447b-b3a3-0846aecdfe6f.15f4a7da94f99e43efa71aa88ea62ca1.jpeg?null=&odnHeight=580&odnWidth=580&odnBg=FFFFFF;Otras Mascotas > Alimento Seco;https://super.lider.cl/browse/mascotas/perro/alimento-seco/07089592_29432822_59354834;;1;2026-03-17T02:08:35
00761328790976;Alimento Seco Perro Adulto Raza Mediana/Grande Carne y Pollo Bolsa, 3 Kg;;3597;10790;True;https://super.lider.cl/ip/perro/00761328790976;https://i5.walmartimages.cl/asr/e3a7340a-6425-40ce-8928-87f5a291aec0.18e3ea07cc1d65dd9fd670956a5d355e.jpeg?null=&odnHeight=580&odnWidth=580&odnBg=FFFFFF;Otras Mascotas > Alimento Seco;https://super.lider.cl/browse/mascotas/perro/alimento-seco/07089592_29432822_59354834;;1;2026-03-17T02:08:35
00780257553358;Alimento Seco Perro Adulto Raza Pequeña Sabor Pollo Bolsa, 3 Kg;;5063;15190;True;https://super.lider.cl/ip/perro/00780257553358;https://i5.walmartimages.cl/asr/6e132e39-b330-47a5-ad31-1b32fb8f75b2.42beeef9139a5758d9e37acec05cce25.jpeg?null=&odnHeight=580&odnWidth=580&odnBg=FFFFFF;Otras Mascotas > Alimento Seco;https://super.lider.cl/browse/mascotas/perro/alimento-seco/07089592_29432822_59354834;;1;2026-03-17T02:08:35
00761328722801;Alimento Seco Perro Adulto Raza Mediana/Grande Pollo y Cordero Bolsa, 6 Kg;;4548;27290;True;https://super.lider.cl/ip/perro/00761328722801;https://i5.walmartimages.cl/asr/2f4238bb-04fd-41c6-a9e5-736f9fb8d517.253982da55e16a20cb49f4cd7159b0b6.jpeg?null=&odnHeight=580&odnWidth=580&odnBg=FFFFFF;Otras Mascotas > Alimento Seco;https://super.lider.cl/browse/mascotas/perro/alimento-seco/07089592_29432822_59354834;;1;2026-03-17T02:08:35
00780257553365;Alimento Seco Perro Adulto Raza Mediana/Grande Sabor Pollo Bolsa, 15 Kg;;2666;39990;True;https://super.lider.cl/ip/perro/00780257553365;https://i5.walmartimages.cl/asr/c6060499-d65a-4dd4-b775-f64333e7a745.ec2684da5ac25f871d6f589e359b4e67.jpeg?null=&odnHeight=580&odnWidth=580&odnBg=FFFFFF;Otras Mascotas > Alimento Seco;https://super.lider.cl/browse/mascotas/perro/alimento-seco/07089592_29432822_59354834;;1;2026-03-17T02:08:35
00761328722537;Alimento Seco Perro Adulto Raza Pequeña Pollo y Cordero Bolsa, 6 Kg;;4548;27290;True;https://super.lider.cl/ip/perro/00761328722537;https://i5.walmartimages.cl/asr/4bfd9f4b-199e-40c8-8341-26851107a197.1b52d68152159ca344f3452ffa78e20c.jpeg?null=&odnHeight=580&odnWidth=580&odnBg=FFFFFF;Otras Mascotas > Alimento Seco;https://super.lider.cl/browse/mascotas/perro/alimento-seco/07089592_29432822_59354834;;1;2026-03-17T02:08:35
00761328722723;Alimento Seco Perro Adulto Raza Mediana/Grande Pollo y Carne Bolsa, 12 Kg;;4299;51590;True;https://super.lider.cl/ip/perro/00761328722723;https://i5.walmartimages.cl/asr/a13141fe-49e2-47a4-bf45-13afbf80d260.e156d607351d900c8ab3d8d51b5254c8.jpeg?null=&odnHeight=580&odnWidth=580&odnBg=FFFFFF;Otras Mascotas > Alimento Seco;https://super.lider.cl/browse/mascotas/perro/alimento-seco/07089592_29432822_59354834;;1;2026-03-17T02:08:35
00780257553324;Alimento Seco Perro Adulto Raza Pequeña Carne Bolsa, 8 Kg;;2873;22990;True;https://super.lider.cl/ip/perro/00780257553324;https://i5.walmartimages.cl/asr/8c132f0a-2fdc-42c3-a245-fb3424667995.5e91f329d67e4f08aae1706538dd17cd.jpeg?null=&odnHeight=580&odnWidth=580&odnBg=FFFFFF;Otras Mascotas > Alimento Seco;https://super.lider.cl/browse/mascotas/perro/alimento-seco/07089592_29432822_59354834;;1;2026-03-17T02:08:35
00780192000011;Alimento Seco Cachorro Raza Mediana/Grande Sabor Carne y Leche Bolsa, 3 Kg;;1700;10990;True;https://super.lider.cl/ip/perro/00780192000011;https://i5.walmartimages.cl/asr/6bdf559c-e29d-47c1-a1f3-1d567e06c4c4.8146429fe1a75a1710b86acc3ff02d5b.jpeg?null=&odnHeight=580&odnWidth=580&odnBg=FFFFFF;Otras Mascotas > Alimento Seco;https://super.lider.cl/browse/mascotas/perro/alimento-seco/07089592_29432822_59354834;;1;2026-03-17T02:08:35
00779745397411;Alimento Cachorro Razas Pequeñas, 3 kg;;2200;11190;True;https://super.lider.cl/ip/perro/00779745397411;https://i5.walmartimages.cl/asr/4fcb5d6f-1453-4eda-96ea-42ada18c0167.bef605203ac7586a69a16c55b98d30a6.jpeg?odnHeight=580&odnWidth=580&odnBg=FFFFFF;Otras Mascotas > Alimento Seco;https://super.lider.cl/browse/mascotas/perro/alimento-seco/07089592_29432822_59354834;;1;2026-03-17T02:08:35
00780257554455;Alimento Seco Perro Adulto Sabor Carne Bolsa, 21 kg;;1900;39890;True;https://super.lider.cl/ip/perro/00780257554455;https://i5.walmartimages.cl/asr/a0095f78-a51a-4d6d-b16b-ed371b3ca3a7.fbe7f7d97d61cfa66720d4ed69eb76c6.jpeg?null=&odnHeight=580&odnWidth=580&odnBg=FFFFFF;Otras Mascotas > Alimento Seco;https://super.lider.cl/browse/mascotas/perro/alimento-seco/07089592_29432822_59354834;;1;2026-03-17T02:08:35
00040005088011;Super Premium - Alimento Seco Gato Adulto Esterilizado De Pollo Y Salmón, 2 kg;;7995;15990;True;https://super.lider.cl/ip/perro/00040005088011;https://i5.walmartimages.cl/asr/4278f609-36ea-4334-bd45-7c0ed52372ab.5e3fba8c75f8952414b750a22246f558.jpeg?odnHeight=580&odnWidth=580&odnBg=FFFFFF;Otras Mascotas > Alimento Seco;https://super.lider.cl/browse/mascotas/gato/alimento-seco/07089592_85723699_38537300;;1;2026-03-17T02:10:34
00780257553359;Alimento Seco Perro Adulto Raza Mediana/Grande Sabor Pollo Bolsa, 3 Kg;;5063;15190;True;https://super.lider.cl/ip/perro/00780257553359;https://i5.walmartimages.cl/asr/e69f19dd-ea7a-4a8d-a646-75cebfb835d0.4c37a9e4d340af6e6ac08265fee3feb9.jpeg?null=&odnHeight=580&odnWidth=580&odnBg=FFFFFF;Otras Mascotas > Alimento Seco;https://super.lider.cl/browse/mascotas/perro/alimento-seco/07089592_29432822_59354834;;1;2026-03-17T02:08:35
00780192000018;Alimento Seco Perro Adulto Raza Mediana/Grande Sabor Carne Bolsa, 3 Kg;;3663;10990;True;https://super.lider.cl/ip/perro/00780192000018;https://i5.walmartimages.cl/asr/faa121d8-5635-4f87-9818-bf367d9a9a61.8d7d5a4753f70872950c9f8c54f7df7b.jpeg?null=&odnHeight=580&odnWidth=580&odnBg=FFFFFF;Otras Mascotas > Alimento Seco;https://super.lider.cl/browse/mascotas/perro/alimento-seco/07089592_29432822_59354834;;1;2026-03-17T02:08:35
00780443800216;Alimento Seco Perro Adulto Raza Pequeña Carne y Cereales Bolsa, 3 Kg;;10390;10390;False;https://super.lider.cl/ip/perro/00780443800216;https://i5.walmartimages.cl/asr/cc9dde7e-c555-46d8-9965-e8ceb62dfd98.6efa1b4481ec31e089899dbb34d466f5.jpeg?null=&odnHeight=580&odnWidth=580&odnBg=FFFFFF;Otras Mascotas > Alimento Seco;https://super.lider.cl/browse/mascotas/perro/alimento-seco/07089592_29432822_59354834;;1;2026-03-17T02:08:35
00761303595092;Alimento Seco Cachorro Raza Mediana/Grande Carne y Pollo Bolsa, 3 Kg;;3597;10790;True;https://super.lider.cl/ip/perro/00761303595092;https://i5.walmartimages.cl/asr/ae66ed60-6cac-45d5-9c58-0caaac6d7561.0f8f4d124ee3b4b07c58e68ae05f792d.jpeg?null=&odnHeight=580&odnWidth=580&odnBg=FFFFFF;Otras Mascotas > Alimento Seco;https://super.lider.cl/browse/mascotas/perro/alimento-seco/07089592_29432822_59354834;;1;2026-03-17T02:08:35
00040005088006;Super Premium - Alimento Seco Perro Adulto Raza Pequeña De Pollo Y Arvejas, 2 kg;;5495;10990;True;https://super.lider.cl/ip/perro/00040005088006;https://i5.walmartimages.cl/asr/951dd305-c26b-4083-a0e5-9660a79301d4.f34be36bf66b9dfc9eacc3086961ab5b.jpeg?odnHeight=580&odnWidth=580&odnBg=FFFFFF;Otras Mascotas > Alimento Seco;https://super.lider.cl/browse/mascotas/perro/alimento-seco/07089592_29432822_59354834?page=2;;2;2026-03-17T02:08:57
00779745397250;Alimento Seco Perro Adulto Raza Pequeña Carne y Vegetales Bolsa, 8 Kg;;3024;24190;True;https://super.lider.cl/ip/perro/00779745397250;https://i5.walmartimages.cl/asr/05da5049-9427-4a86-87fb-0485c7d5f2cc.d3fc339de74963e8eb49afa13936f07d.jpeg?null=&odnHeight=580&odnWidth=580&odnBg=FFFFFF;Otras Mascotas > Alimento Seco;https://super.lider.cl/browse/mascotas/perro/alimento-seco/07089592_29432822_59354834?page=2;;2;2026-03-17T02:08:57
00761328722511;Alimento Seco Cachorro Pollo y Carne Bolsa, 6 Kg;;4548;27290;True;https://super.lider.cl/ip/perro/00761328722511;https://i5.walmartimages.cl/asr/98ebdf5e-0fe7-497a-919e-3da89ca311da.6a2ee6349fb4bde9874eb90797a8b9c8.jpeg?null=&odnHeight=580&odnWidth=580&odnBg=FFFFFF;Otras Mascotas > Alimento Seco;https://super.lider.cl/browse/mascotas/perro/alimento-seco/07089592_29432822_59354834?page=2;;2;2026-03-17T02:08:57
00780257553361;Alimento Seco Cachorro Raza Pequeña Sabor Pollo Bolsa, 2,5 Kg;;6076;15190;True;https://super.lider.cl/ip/perro/00780257553361;https://i5.walmartimages.cl/asr/a0398f32-075e-4645-8786-9c67d26b9ce6.f7930d7557aca59a540c3522ae1b2af1.jpeg?null=&odnHeight=580&odnWidth=580&odnBg=FFFFFF;Otras Mascotas > Alimento Seco;https://super.lider.cl/browse/mascotas/perro/alimento-seco/07089592_29432822_59354834?page=2;;2;2026-03-17T02:08:57
00844529056408;Alimento Seco Perro Adulto Multi Proteina Carne Bolsa, 3 kg;;3597;10790;True;https://super.lider.cl/ip/perro/00844529056408;https://i5.walmartimages.cl/asr/c7196a87-e5c2-495c-9995-791e8c3d51ff.1c7ca81ed6733e9be0d424fb187fbe29.jpeg?null=&odnHeight=580&odnWidth=580&odnBg=FFFFFF;Otras Mascotas > Alimento Seco;https://super.lider.cl/browse/mascotas/perro/alimento-seco/07089592_29432822_59354834?page=2;;2;2026-03-17T02:08:57
00761328722553;Alimento Seco Perro Adulto Raza Mediana/Grande Pollo y Carne Bolsa, 6 Kg;;4548;27290;True;https://super.lider.cl/ip/perro/00761328722553;https://i5.walmartimages.cl/asr/5a5efc36-1543-4e78-85e6-5191f5d40a6a.383b7372c3c29cc0173596574b204a0d.jpeg?null=&odnHeight=580&odnWidth=580&odnBg=FFFFFF;Otras Mascotas > Alimento Seco;https://super.lider.cl/browse/mascotas/perro/alimento-seco/07089592_29432822_59354834?page=2;;2;2026-03-17T02:08:57
00040005088009;Super Premium - Alimento Seco Cachorro Raza Mediana/Grande De Pollo Y Arveja, 2 kg;;5495;10990;True;https://super.lider.cl/ip/perro/00040005088009;https://i5.walmartimages.cl/asr/fe905f8d-6e2c-4ded-9ddf-66ca4cb90498.9a796a88aa0cad7f073ced1c2e28205d.jpeg?odnHeight=580&odnWidth=580&odnBg=FFFFFF;Otras Mascotas > Alimento Seco;https://super.lider.cl/browse/mascotas/perro/alimento-seco/07089592_29432822_59354834?page=2;;2;2026-03-17T02:08:57
00040005088007;Super Premium - Alimento Seco Perro Adulto Raza Pequeña De Pollo Y Arvejas, 6 kg;;4498;26990;True;https://super.lider.cl/ip/perro/00040005088007;https://i5.walmartimages.cl/asr/478eda57-679a-43ed-9900-2a66198609b5.bd226a0aeb805fa16b47dba57c16b059.jpeg?odnHeight=580&odnWidth=580&odnBg=FFFFFF;Otras Mascotas > Alimento Seco;https://super.lider.cl/browse/mascotas/perro/alimento-seco/07089592_29432822_59354834?page=2;;2;2026-03-17T02:08:57
00040005088008;Super Premium - Alimentos Seco Perro Adulto Mediano/Grande De Pollo Y Arvejas, 12 kg;;3916;46990;True;https://super.lider.cl/ip/cafe-te-y-hierbas/00040005088008;https://i5.walmartimages.cl/asr/7c6640a4-1ea8-4b08-95b6-c22a7453b2ba.3a657e02e518b8226ddf8ec77d664d00.jpeg?odnHeight=580&odnWidth=580&odnBg=FFFFFF;Otras Mascotas > Alimento Seco;https://super.lider.cl/browse/mascotas/perro/alimento-seco/07089592_29432822_59354834?page=2;;2;2026-03-17T02:08:57
00780443800153;Alimento Seco Cachorro Carne y Cereales Bolsa, 3 Kg;;10390;10390;False;https://super.lider.cl/ip/perro/00780443800153;https://i5.walmartimages.cl/asr/628150e8-5bfb-42cf-a4f9-66bf650752bd.66fc51220048ccc9ac80a726f275216a.jpeg?null=&odnHeight=580&odnWidth=580&odnBg=FFFFFF;Otras Mascotas > Alimento Seco;https://super.lider.cl/browse/mascotas/perro/alimento-seco/07089592_29432822_59354834?page=2;;2;2026-03-17T02:08:57
00761328722513;Alimento Seco Cachorro Sabor Pollo y Carne Bolsa;;4166;49990;True;https://super.lider.cl/ip/perro/00761328722513;https://i5.walmartimages.cl/asr/2184171f-a593-4ee9-9d2b-04bb4b0343a1.7b1be85f8d9646cb59b7721880d8ca75.jpeg?null=&odnHeight=580&odnWidth=580&odnBg=FFFFFF;Otras Mascotas > Alimento Seco;https://super.lider.cl/browse/mascotas/perro/alimento-seco/07089592_29432822_59354834?page=2;;2;2026-03-17T02:08:57
00780257553363;Alimento Seco Cachorro Raza Mediana/Grande Sabor Pollo Bolsa, 2,5 Kg;;6076;15190;True;https://super.lider.cl/ip/perro/00780257553363;https://i5.walmartimages.cl/asr/733ef43d-0b84-42e3-8869-6966d22c675f.a588001a20c5882c44306d1b96c64acd.jpeg?null=&odnHeight=580&odnWidth=580&odnBg=FFFFFF;Otras Mascotas > Alimento Seco;https://super.lider.cl/browse/mascotas/perro/alimento-seco/07089592_29432822_59354834?page=2;;2;2026-03-17T02:08:57
00780257553486;Delident Raza Grande, 270 g;;2590;9593;True;https://super.lider.cl/ip/perro/00780257553486;https://i5.walmartimages.cl/asr/e1c94fd0-d773-4b35-8a74-2aa443f8a80c.38e272f18bff9c18264a1d04d021e8a4.jpeg?odnHeight=580&odnWidth=580&odnBg=FFFFFF;Otras Mascotas > Alimento Seco;https://super.lider.cl/browse/mascotas/perro/alimento-seco/07089592_29432822_59354834?page=2;;2;2026-03-17T02:08:57
00780257553485;Delident Raza Pequeña, 110 g;;1590;14455;True;https://super.lider.cl/ip/perro/00780257553485;https://i5.walmartimages.cl/asr/d194875c-877a-44a2-8706-03e968a97b33.d32e41d209146baf18a7ff610734f405.jpeg?odnHeight=580&odnWidth=580&odnBg=FFFFFF;Otras Mascotas > Alimento Seco;https://super.lider.cl/browse/mascotas/perro/alimento-seco/07089592_29432822_59354834?page=2;;2;2026-03-17T02:08:57
00780257553484;Delident Raza Mediana, 180 g;;1790;9944;True;https://super.lider.cl/ip/perro/00780257553484;https://i5.walmartimages.cl/asr/15c17966-862a-400b-ac13-25844125b0d4.adb77101727957357ebaecae2928ce5e.jpeg?odnHeight=580&odnWidth=580&odnBg=FFFFFF;Otras Mascotas > Alimento Seco;https://super.lider.cl/browse/mascotas/perro/alimento-seco/07089592_29432822_59354834?page=2;;2;2026-03-17T02:08:57
00062869382601;Indomitable Patagonia Classic Beef 460 G, 460 g;;759;3490;True;https://super.lider.cl/ip/perro/00062869382601;https://i5.walmartimages.cl/asr/b598cb10-53da-4220-8246-476d0faaa56e.4c9699ebc24bb2f6eca6429f92267ca4.jpeg?odnHeight=580&odnWidth=580&odnBg=FFFFFF;Otras Mascotas > Alimento Seco;https://super.lider.cl/browse/mascotas/perro/alimento-seco/07089592_29432822_59354834?page=2;;2;2026-03-17T02:08:57
00761328722489;Alimento Seco Cachorro Pollo y Carne Bolsa, 2 Kg;;5345;10690;True;https://super.lider.cl/ip/perro/00761328722489;https://i5.walmartimages.cl/asr/ac9b9c20-ba90-4533-a202-d56d6bc22ff7.297e71cf1d54f65bd95784e2b66206a3.jpeg?null=&odnHeight=580&odnWidth=580&odnBg=FFFFFF;Otras Mascotas > Alimento Seco;https://super.lider.cl/browse/mascotas/perro/alimento-seco/07089592_29432822_59354834?page=2;;2;2026-03-17T02:08:57
00780257553323;Alimento Seco Cachorro Raza Pequeña Carne y Leche Bolsa, 3 Kg;;1700;10990;True;https://super.lider.cl/ip/perro/00780257553323;https://i5.walmartimages.cl/asr/26f99190-74c3-426d-b3cf-bd6d1491e962.856762e82f88baaa60e9f1c21cee77be.jpeg?null=&odnHeight=580&odnWidth=580&odnBg=FFFFFF;Otras Mascotas > Alimento Seco;https://super.lider.cl/browse/mascotas/perro/alimento-seco/07089592_29432822_59354834?page=2;;2;2026-03-17T02:08:57
00779745300079;Alimento Húmedo Perro Adulto Sabor Carne Pouch, 100 g;;810;8100;True;https://super.lider.cl/ip/perro/00779745300079;https://i5.walmartimages.cl/asr/0e9f735d-26ff-4638-bb58-2c7f2dff9b9f.a16b5c34256fd3e10a4f7d23d2717c04.jpeg?null=&odnHeight=580&odnWidth=580&odnBg=FFFFFF;Otras Mascotas > Alimento Humedo;https://super.lider.cl/browse/mascotas/perro/alimento-humedo/07089592_29432822_02175062;;1;2026-03-17T02:09:21
00779745300047;Alimento Húmedo Perro Adulto Raza Pequeña Sabor Carne Pouch, 100 g;;810;8100;True;https://super.lider.cl/ip/perro/00779745300047;https://i5.walmartimages.cl/asr/b654b24d-f6cc-4263-9c7e-2c71672e8692.7967a7ca2b482175be7a6da8b65cbcf4.jpeg?null=&odnHeight=580&odnWidth=580&odnBg=FFFFFF;Otras Mascotas > Alimento Humedo;https://super.lider.cl/browse/mascotas/perro/alimento-humedo/07089592_29432822_02175062;;1;2026-03-17T02:09:21
00779745300048;Alimento Húmedo Perro Adulto Raza Pequeña Sabor Pollo Pouch, 100 g;;810;8100;True;https://super.lider.cl/ip/perro/00779745300048;https://i5.walmartimages.cl/asr/1d73773f-b8fd-4633-9689-db35eacb3fe7.6f095c2e688a723eb73aa5d6ea3b49c0.jpeg?null=&odnHeight=580&odnWidth=580&odnBg=FFFFFF;Otras Mascotas > Alimento Humedo;https://super.lider.cl/browse/mascotas/perro/alimento-humedo/07089592_29432822_02175062;;1;2026-03-17T02:09:21
00779745300080;Alimento Húmedo Perro Adulto Sabor Pollo Pouch, 100 g;;810;8100;True;https://super.lider.cl/ip/perro/00779745300080;https://i5.walmartimages.cl/asr/d2aa1609-666d-40a5-a3c2-2c4c3c345c79.2dd9d396475aac56786cdf65f2f74078.jpeg?null=&odnHeight=580&odnWidth=580&odnBg=FFFFFF;Otras Mascotas > Alimento Humedo;https://super.lider.cl/browse/mascotas/perro/alimento-humedo/07089592_29432822_02175062;;1;2026-03-17T02:09:21
00085000671539;Puré Cremoso Perro Adulto Sabor Pollo Sachet, 14 g;;600;42679;True;https://super.lider.cl/ip/perro/00085000671539;https://i5.walmartimages.cl/asr/82983b35-b361-4ee7-b6e6-c4628e87352f.80e13f8a29db0f127cbf220f2e2e8b5f.jpeg?null=&odnHeight=580&odnWidth=580&odnBg=FFFFFF;Otras Mascotas > Alimento Humedo;https://super.lider.cl/browse/mascotas/perro/alimento-humedo/07089592_29432822_02175062;;1;2026-03-17T02:09:21
00780410000174;Alimento Húmedo Perro Adulto Sabor Carne y Vegetales Sobre, 100 g;;640;6400;True;https://super.lider.cl/ip/perro/00780410000174;https://i5.walmartimages.cl/asr/4f710852-a37c-4ee6-9df7-3b92197f5f14.7823b16d3d594e278de418881d911225.jpeg?odnHeight=580&odnWidth=580&odnBg=FFFFFF;Otras Mascotas > Alimento Humedo;https://super.lider.cl/browse/mascotas/perro/alimento-humedo/07089592_29432822_02175062;;1;2026-03-17T02:09:21
00779745397176;Alimento Húmedo Perro Senior Sabor Carne Pouch, 100 g;;810;8100;True;https://super.lider.cl/ip/perro/00779745397176;https://i5.walmartimages.cl/asr/bf134f15-a7cf-4225-8693-4c44f22a3aea.177814dea1e406da1226985c0792ce92.jpeg?null=&odnHeight=580&odnWidth=580&odnBg=FFFFFF;Otras Mascotas > Alimento Humedo;https://super.lider.cl/browse/mascotas/perro/alimento-humedo/07089592_29432822_02175062;;1;2026-03-17T02:09:21
00780410000175;Alimento Húmedo Perro Adulto Trocitos Sabor Pollo Pouch, 100 g;;640;6400;True;https://super.lider.cl/ip/perro/00780410000175;https://i5.walmartimages.cl/asr/23c9e074-f807-4b9d-8e2d-757b89bdd515.7bcfa3067ef1e84a0404eb94141b7437.jpeg?null=&odnHeight=580&odnWidth=580&odnBg=FFFFFF;Otras Mascotas > Alimento Humedo;https://super.lider.cl/browse/mascotas/perro/alimento-humedo/07089592_29432822_02175062;;1;2026-03-17T02:09:21
00085000671543;Puré Cremoso Perro Adulto Sabor Pollo y Vegetales Sachet, 14 g;;600;42679;True;https://super.lider.cl/ip/perro/00085000671543;https://i5.walmartimages.cl/asr/e7e8ea6c-694e-49a6-9f40-1f770d881817.326987a3290b0107e15e2b2d7ed26380.jpeg?null=&odnHeight=580&odnWidth=580&odnBg=FFFFFF;Otras Mascotas > Alimento Humedo;https://super.lider.cl/browse/mascotas/perro/alimento-humedo/07089592_29432822_02175062;;1;2026-03-17T02:09:21
00779745300046;Alimento Húmedo Cachorro Sabor Carne Pouch, 85 g;;810;8100;True;https://super.lider.cl/ip/perro/00779745300046;https://i5.walmartimages.cl/asr/53a7ba70-ab84-4c2d-aee8-4b713f3f93ce.c08340750728460fea1ca77939de4cd4.jpeg?null=&odnHeight=580&odnWidth=580&odnBg=FFFFFF;Otras Mascotas > Alimento Humedo;https://super.lider.cl/browse/mascotas/perro/alimento-humedo/07089592_29432822_02175062;;1;2026-03-17T02:09:21
00789602902225;Alimento Húmedo Cachorro Sabor Pollo Pouch, 100 g;;810;8100;True;https://super.lider.cl/ip/perro/00789602902225;https://i5.walmartimages.cl/asr/8f0d68ca-df48-4696-b9fc-9ee7d03b8561.2815e308639c152b8007977ba0236c5f.jpeg?null=&odnHeight=580&odnWidth=580&odnBg=FFFFFF;Otras Mascotas > Alimento Humedo;https://super.lider.cl/browse/mascotas/perro/alimento-humedo/07089592_29432822_02175062;;1;2026-03-17T02:09:21
00780410000252;Alimento Húmedo Cachorro Trocitos Sabor Carne Pouch, 100 g;;640;6400;True;https://super.lider.cl/ip/perro/00780410000252;https://i5.walmartimages.cl/asr/b9302069-9f3e-4716-a01c-e03d85d5c7b4.051d9dd97b5b2ac85b5ef01d686da3b7.jpeg?null=&odnHeight=580&odnWidth=580&odnBg=FFFFFF;Otras Mascotas > Alimento Humedo;https://super.lider.cl/browse/mascotas/perro/alimento-humedo/07089592_29432822_02175062;;1;2026-03-17T02:09:21
00780257553175;Alimento Húmedo Perro Adulto Trocitos Sabor Carne Pouch, 100 g;;680;6800;True;https://super.lider.cl/ip/perro/00780257553175;https://i5.walmartimages.cl/asr/c745ecb0-6794-4f19-81ed-f5fe2e77d765.fae644feaf69d4218444897a4f9a9931.jpeg?null=&odnHeight=580&odnWidth=580&odnBg=FFFFFF;Otras Mascotas > Alimento Humedo;https://super.lider.cl/browse/mascotas/perro/alimento-humedo/07089592_29432822_02175062;;1;2026-03-17T02:09:21
00085000671554;Snack Perro Adulto Sabor Pollo Sachet Pack 8 Un, 14 g;;1360;6790;True;https://super.lider.cl/ip/perro/00085000671554;https://i5.walmartimages.cl/asr/57fc4ef8-6236-4054-a71d-dd11db44603f.8330fcccc8bf756223843de901ed417f.jpeg?odnHeight=580&odnWidth=580&odnBg=FFFFFF;Otras Mascotas > Alimento Humedo;https://super.lider.cl/browse/mascotas/perro/alimento-humedo/07089592_29432822_02175062;;1;2026-03-17T02:09:21
00780443800335;Alimento Húmedo Perro Adulto Trocitos Sabor Carne Pouch, 100 g;;630;6300;True;https://super.lider.cl/ip/perro/00780443800335;https://i5.walmartimages.cl/asr/5b464c08-6154-41d7-9dbe-22008dce37cf.3d3909cdfee95fcd6400acd903595fee.jpeg?null=&odnHeight=580&odnWidth=580&odnBg=FFFFFF;Otras Mascotas > Alimento Humedo;https://super.lider.cl/browse/mascotas/perro/alimento-humedo/07089592_29432822_02175062;;1;2026-03-17T02:09:21
00780257553172;Alimento Húmedo Perro Adulto Trocitos Sabor Pollo Pouch, 100 g;;680;6800;True;https://super.lider.cl/ip/perro/00780257553172;https://i5.walmartimages.cl/asr/8f1339ba-8158-4d3f-8bba-7c37685bef8b.fb5be463d40cbbd86a71336419df7f20.jpeg?null=&odnHeight=580&odnWidth=580&odnBg=FFFFFF;Otras Mascotas > Alimento Humedo;https://super.lider.cl/browse/mascotas/perro/alimento-humedo/07089592_29432822_02175062;;1;2026-03-17T02:09:21
00780443800336;Alimento Húmedo Perro Adulto Trocitos Sabor Pollo Pouch, 100 g;;630;6300;True;https://super.lider.cl/ip/perro/00780443800336;https://i5.walmartimages.cl/asr/91e91133-9edb-4524-bc3c-60dcd63f40cc.bd7580bed2fadd3f8695e6fd9ceaff8d.jpeg?null=&odnHeight=580&odnWidth=580&odnBg=FFFFFF;Otras Mascotas > Alimento Humedo;https://super.lider.cl/browse/mascotas/perro/alimento-humedo/07089592_29432822_02175062;;1;2026-03-17T02:09:21
00780257553332;Alimento Húmedo Perro Adulto Raza Pequeña Trocitos Sabor Carne Pouch, 85 g;;680;8000;True;https://super.lider.cl/ip/perro/00780257553332;https://i5.walmartimages.cl/asr/38adf045-7af5-4f7b-a283-75bf6836ec26.cd311be0f3b6a4c871c6d2189b1e58ad.jpeg?null=&odnHeight=580&odnWidth=580&odnBg=FFFFFF;Otras Mascotas > Alimento Humedo;https://super.lider.cl/browse/mascotas/perro/alimento-humedo/07089592_29432822_02175062;;1;2026-03-17T02:09:21
00780257553445;Alimento Húmedo Perro Senior Trocitos Sabor Carne Pouch, 100 g;;680;68000;True;https://super.lider.cl/ip/perro/00780257553445;https://i5.walmartimages.cl/asr/e7c759f6-923e-42ba-a70f-792840e488aa.978c025bb2a6cef2ff833eecfacbfe13.jpeg?null=&odnHeight=580&odnWidth=580&odnBg=FFFFFF;Otras Mascotas > Alimento Humedo;https://super.lider.cl/browse/mascotas/perro/alimento-humedo/07089592_29432822_02175062;;1;2026-03-17T02:09:21
00789100011567;Alimento Húmedo Perro Adulto Sabor Cordero Pouch, 100 g;;830;8300;True;https://super.lider.cl/ip/perro/00789100011567;https://i5.walmartimages.cl/asr/45ed87d6-6f1a-4e3d-a916-5e73b9561dd3.ea84e932863ece53bc6745bae7efe6ba.jpeg?null=&odnHeight=580&odnWidth=580&odnBg=FFFFFF;Otras Mascotas > Alimento Humedo;https://super.lider.cl/browse/mascotas/perro/alimento-humedo/07089592_29432822_02175062;;1;2026-03-17T02:09:21
00789100011563;Alimento Húmedo Perro Adulto Sabor Carne Pouch, 100 g;;830;8300;True;https://super.lider.cl/ip/perro/00789100011563;https://i5.walmartimages.cl/asr/c9b13770-ccfd-45ad-986f-499516b50129.5b2bd67cb50fb8129b2e1fc40fc7339e.jpeg?null=&odnHeight=580&odnWidth=580&odnBg=FFFFFF;Otras Mascotas > Alimento Humedo;https://super.lider.cl/browse/mascotas/perro/alimento-humedo/07089592_29432822_02175062;;1;2026-03-17T02:09:21
00789100033234;Alimento Húmedo Perro Adulto Sabor Carne, Pollo y Cordero Pouch, 85 g;;1250;14705;True;https://super.lider.cl/ip/perro/00789100033234;https://i5.walmartimages.cl/asr/e166a1e9-137f-4b8f-a321-dbefc4db8354.71485111fced08dbbb44691c27096068.jpeg?null=&odnHeight=580&odnWidth=580&odnBg=FFFFFF;Otras Mascotas > Alimento Humedo;https://super.lider.cl/browse/mascotas/perro/alimento-humedo/07089592_29432822_02175062;;1;2026-03-17T02:09:21
00789100011565;Alimento Húmedo Perro Adulto Sabor Pollo Pouch, 100 g;;830;8300;True;https://super.lider.cl/ip/perro/00789100011565;https://i5.walmartimages.cl/asr/0a3bdf24-68c5-49db-866c-d02485249bfe.a5ed92636e173cac3ee6656af122ec2e.jpeg?null=&odnHeight=580&odnWidth=580&odnBg=FFFFFF;Otras Mascotas > Alimento Humedo;https://super.lider.cl/browse/mascotas/perro/alimento-humedo/07089592_29432822_02175062;;1;2026-03-17T02:09:21
00085000671556;Snack Perro Adulto Sabor Pollo y Salmón Sachet Pack 8 Un, 14 g;;6790;7073;True;https://super.lider.cl/ip/perro/00085000671556;https://i5.walmartimages.cl/asr/330829bd-b521-4c31-b119-27fa9e8b841d.f30c6cb00589dfadccda11b6322d37c7.jpeg?odnHeight=580&odnWidth=580&odnBg=FFFFFF;Otras Mascotas > Alimento Humedo;https://super.lider.cl/browse/mascotas/perro/alimento-humedo/07089592_29432822_02175062;;1;2026-03-17T02:09:21
00780257553266;Alimento Húmedo Cachorro Trocitos Sabor Pollo Pouch, 85 g;;680;8000;True;https://super.lider.cl/ip/perro/00780257553266;https://i5.walmartimages.cl/asr/0b0d5a2b-6294-4e0d-98c6-22c60074d151.52e2356c04dcbd7f1c7648f0c1d1391d.jpeg?null=&odnHeight=580&odnWidth=580&odnBg=FFFFFF;Otras Mascotas > Alimento Humedo;https://super.lider.cl/browse/mascotas/perro/alimento-humedo/07089592_29432822_02175062;;1;2026-03-17T02:09:21
00789100033210;Alimento Húmedo Perro Adulto y Cachorro Superfoods Sabor Salmón Pouch, 85 g;;1250;14705;True;https://super.lider.cl/ip/perro/00789100033210;https://i5.walmartimages.cl/asr/9d2740a5-cff1-4afe-96af-aa7d9eb3eeb4.0a31624a37b3721c8fa3537576079d45.jpeg?null=&odnHeight=580&odnWidth=580&odnBg=FFFFFF;Otras Mascotas > Alimento Humedo;https://super.lider.cl/browse/mascotas/perro/alimento-humedo/07089592_29432822_02175062;;1;2026-03-17T02:09:21
00789100024413;Alimento Húmedo Perro Adulto Raza Pequeña Sabor Carne Pouch, 100 g;;830;8300;True;https://super.lider.cl/ip/perro/00789100024413;https://i5.walmartimages.cl/asr/8b7e7e6a-7d76-42f0-9393-3a672ed241ce.accd58c062b59afee7ddc4301327a1af.jpeg?null=&odnHeight=580&odnWidth=580&odnBg=FFFFFF;Otras Mascotas > Alimento Humedo;https://super.lider.cl/browse/mascotas/perro/alimento-humedo/07089592_29432822_02175062;;1;2026-03-17T02:09:21
00789100024474;Alimento Húmedo Cachorro Sabor Carne Pouch, 100 g;;830;8300;True;https://super.lider.cl/ip/perro/00789100024474;https://i5.walmartimages.cl/asr/0da541c9-f1a2-489a-abb1-58aea6a76058.68509ab6d7f353d241db1bd9f3c5acfd.jpeg?null=&odnHeight=580&odnWidth=580&odnBg=FFFFFF;Otras Mascotas > Alimento Humedo;https://super.lider.cl/browse/mascotas/perro/alimento-humedo/07089592_29432822_02175062;;1;2026-03-17T02:09:21
00780257553397;Alimento Húmedo Perro Adulto y Cachorro Sabor Pechuga de Pollo con Salmón al Jugo Pouch, 100 g;;1250;12500;True;https://super.lider.cl/ip/perro/00780257553397;https://i5.walmartimages.cl/asr/e7123409-17bc-48be-a4a7-eaa5f043e5ca.75fc77191cca8ec2b45d191eb7d20ffb.jpeg?null=&odnHeight=580&odnWidth=580&odnBg=FFFFFF;Otras Mascotas > Alimento Humedo;https://super.lider.cl/browse/mascotas/perro/alimento-humedo/07089592_29432822_02175062;;1;2026-03-17T02:09:21
00074674766585;Snack para Perro Beef Crema de Vacuno Pouch, 90 g;;2090;2090;False;https://super.lider.cl/ip/perro/00074674766585;https://i5.walmartimages.cl/asr/d3eae884-f2fb-49ca-be8b-4bc7b9f94342.474a5c113c09356c8798515d3b3b9c64.jpeg?odnHeight=580&odnWidth=580&odnBg=FFFFFF;Otras Mascotas > Alimento Humedo;https://super.lider.cl/browse/mascotas/perro/alimento-humedo/07089592_29432822_02175062;;1;2026-03-17T02:09:21
00074674766586;Snack para Perro Beef Crema de Cordero Pouch, 90 g;;2090;2090;False;https://super.lider.cl/ip/perro/00074674766586;https://i5.walmartimages.cl/asr/5aeda8a5-d7f5-41b0-a454-41a16c533ece.15bc6a2f729a87f53bb166a8a0123e50.jpeg?odnHeight=580&odnWidth=580&odnBg=FFFFFF;Otras Mascotas > Alimento Humedo;https://super.lider.cl/browse/mascotas/perro/alimento-humedo/07089592_29432822_02175062;;1;2026-03-17T02:09:21
00065952550935;Alimento Natural Para Gato Sachet Pollo, 200 g;;2850;14250;True;https://super.lider.cl/ip/perro/00065952550935;https://i5.walmartimages.cl/asr/1a4e4dc3-d39e-4566-830b-e8aaaa2d802b.043c649b22d5213d95a946ec6d8e3bba.jpeg?odnHeight=580&odnWidth=580&odnBg=FFFFFF;Otras Mascotas > Alimento Humedo;https://super.lider.cl/browse/mascotas/perro/alimento-humedo/07089592_29432822_02175062;;1;2026-03-17T02:09:21
00065952550933;Alimento Natural Para Perro Sachet Vacuno, 200 g;;2290;11450;True;https://super.lider.cl/ip/perro/00065952550933;https://i5.walmartimages.cl/asr/271f0887-9b81-487b-8227-7e7b5e607dbd.02f8303ad423b5776490d477fe6e5382.jpeg?odnHeight=580&odnWidth=580&odnBg=FFFFFF;Otras Mascotas > Alimento Humedo;https://super.lider.cl/browse/mascotas/perro/alimento-humedo/07089592_29432822_02175062;;1;2026-03-17T02:09:21
00065952550938;Alimento Natural Para Gato Sachet Renal, 200 g;;2850;14250;True;https://super.lider.cl/ip/perro/00065952550938;https://i5.walmartimages.cl/asr/b0e8cdad-b1b5-4a73-8559-6357312f600d.660022ebd697238bafef89bcf0d6aea8.jpeg?odnHeight=580&odnWidth=580&odnBg=FFFFFF;Otras Mascotas > Alimento Humedo;https://super.lider.cl/browse/mascotas/perro/alimento-humedo/07089592_29432822_02175062;;1;2026-03-17T02:09:21
00065952550930;Alimento Natural Para Perro Sachet Salmón, 200 g;;2290;11450;True;https://super.lider.cl/ip/perro/00065952550930;https://i5.walmartimages.cl/asr/7e72fbe0-2218-42dc-a552-31bfeb64edce.66c66484bec5fb1ec7bb9617d23201a7.jpeg?odnHeight=580&odnWidth=580&odnBg=FFFFFF;Otras Mascotas > Alimento Humedo;https://super.lider.cl/browse/mascotas/perro/alimento-humedo/07089592_29432822_02175062;;1;2026-03-17T02:09:21
00789100033230;Alimento Húmedo Perro Adulto y Cachorro Super Nutrientes Sabor Pollo Pouch, 85 g;;1250;14705;True;https://super.lider.cl/ip/perro/00789100033230;https://i5.walmartimages.cl/asr/222efdef-f336-46fd-bfef-00b8e8f9b97f.7590fcfed97e81d390af24ef445500ec.jpeg?null=&odnHeight=580&odnWidth=580&odnBg=FFFFFF;Otras Mascotas > Alimento Humedo;https://super.lider.cl/browse/mascotas/perro/alimento-humedo/07089592_29432822_02175062;;1;2026-03-17T02:09:21
00085000671539;Puré Cremoso Perro Adulto Sabor Pollo Sachet, 14 g;;600;42679;True;https://super.lider.cl/ip/perro/00085000671539;https://i5.walmartimages.cl/asr/82983b35-b361-4ee7-b6e6-c4628e87352f.80e13f8a29db0f127cbf220f2e2e8b5f.jpeg?null=&odnHeight=580&odnWidth=580&odnBg=FFFFFF;Otras Mascotas > Snack y Premios;https://super.lider.cl/browse/mascotas/perro/snack-y-premios/07089592_29432822_49543527;;1;2026-03-17T02:09:50
00789100009824;Snack Perro Adulto Doguitos Tira de Asado Bolsa, 65 g;;1650;25385;True;https://super.lider.cl/ip/perro/00789100009824;https://i5.walmartimages.cl/asr/58dc1f92-9ec4-4c7b-a088-db27e480a723.a7b68b7e6d214f4d61336b2bb24ef9e4.jpeg?odnHeight=580&odnWidth=580&odnBg=FFFFFF;Otras Mascotas > Snack y Premios;https://super.lider.cl/browse/mascotas/perro/snack-y-premios/07089592_29432822_49543527;;1;2026-03-17T02:09:50
00789602905236;Snack Perro Adulto Dentastix Raza Grande Bolsa, 7 Un;;990;7407;True;https://super.lider.cl/ip/perro/00789602905236;https://i5.walmartimages.cl/asr/b72a0340-8a7e-445d-987e-d77826b7c48f.67d7f545de0f5d6f051cdd61b6f51c62.jpeg?null=&odnHeight=580&odnWidth=580&odnBg=FFFFFF;Otras Mascotas > Snack y Premios;https://super.lider.cl/browse/mascotas/perro/snack-y-premios/07089592_29432822_49543527;;1;2026-03-17T02:09:50
00779745397185;Snack Perro Adulto Rodeo Sabor Carne Bolsa, 70 g;;350;14286;True;https://super.lider.cl/ip/perro/00779745397185;https://i5.walmartimages.cl/asr/b4fc4b02-3128-4841-9ccd-ca9533d7b4b5.85a4df2d575002a01bfc2f809c1ee895.jpeg?null=&odnHeight=580&odnWidth=580&odnBg=FFFFFF;Otras Mascotas > Snack y Premios;https://super.lider.cl/browse/mascotas/perro/snack-y-premios/07089592_29432822_49543527;;1;2026-03-17T02:09:50
00085000671543;Puré Cremoso Perro Adulto Sabor Pollo y Vegetales Sachet, 14 g;;600;42679;True;https://super.lider.cl/ip/perro/00085000671543;https://i5.walmartimages.cl/asr/e7e8ea6c-694e-49a6-9f40-1f770d881817.326987a3290b0107e15e2b2d7ed26380.jpeg?null=&odnHeight=580&odnWidth=580&odnBg=FFFFFF;Otras Mascotas > Snack y Premios;https://super.lider.cl/browse/mascotas/perro/snack-y-premios/07089592_29432822_49543527;;1;2026-03-17T02:09:50
00780550500667;Huesito para perro extra calcio, 40 g;;2650;66250;True;https://super.lider.cl/ip/perro/00780550500667;https://i5.walmartimages.cl/asr/df6e28ce-a16d-45a7-a116-20c45b05fcf0.597db748b1dd8de5f403c8ab4a8102e0.jpeg?odnHeight=580&odnWidth=580&odnBg=FFFFFF;Otras Mascotas > Snack y Premios;https://super.lider.cl/browse/mascotas/perro/snack-y-premios/07089592_29432822_49543527;;1;2026-03-17T02:09:50
00780460346599;Sanck para Perro Garra de pollo Bolsa, 65 g;;2750;42308;True;https://super.lider.cl/ip/perro/00780460346599;https://i5.walmartimages.cl/asr/1ec56648-6132-4af2-b8a4-2cde23b96808.626abb4e99a6b13318eadf1ca4879269.jpeg?null=&odnHeight=580&odnWidth=580&odnBg=FFFFFF;Otras Mascotas > Snack y Premios;https://super.lider.cl/browse/mascotas/perro/snack-y-premios/07089592_29432822_49543527;;1;2026-03-17T02:09:50
00074674766603;Brocheta Pato Cordero y Ternera 18 un, 345 g;;7990;7990;False;https://super.lider.cl/ip/perro/00074674766603;https://i5.walmartimages.cl/asr/4f00451f-6b4c-464f-9dc3-28305b060335.2224310dffab3e3fe8b08700064ba8b4.jpeg?null=&odnHeight=580&odnWidth=580&odnBg=FFFFFF;Otras Mascotas > Snack y Premios;https://super.lider.cl/browse/mascotas/perro/snack-y-premios/07089592_29432822_49543527;;1;2026-03-17T02:09:50
00780460346597;Sanck para Perro Pulmón de Vacuno Bolsa, 50 g;;2590;51800;True;https://super.lider.cl/ip/perro/00780460346597;https://i5.walmartimages.cl/asr/fbf6e2dd-ca71-4d4b-8104-0093c98a29c5.e4f3f13e677272d538bdc8798eab3e37.jpeg?null=&odnHeight=580&odnWidth=580&odnBg=FFFFFF;Otras Mascotas > Snack y Premios;https://super.lider.cl/browse/mascotas/perro/snack-y-premios/07089592_29432822_49543527;;1;2026-03-17T02:09:50
00789602905233;Snack Perro Adulto Dentastix Raza Pequeña Bolsa, 7 Un;;1890;17181;True;https://super.lider.cl/ip/perro/00789602905233;https://i5.walmartimages.cl/asr/85ac18ef-0211-4bcb-aaa7-c2434830a241.7569427a7498321fe4f0eca3f50c516c.jpeg?null=&odnHeight=580&odnWidth=580&odnBg=FFFFFF;Otras Mascotas > Snack y Premios;https://super.lider.cl/browse/mascotas/perro/snack-y-premios/07089592_29432822_49543527;;1;2026-03-17T02:09:50
00780192000178;Galletas Perro Adulto Sabor Carne Bolsa, 500 g;;2850;5700;True;https://super.lider.cl/ip/perro/00780192000178;https://i5.walmartimages.cl/asr/b6ed4f57-d19b-4762-8d8e-ff397d7ee036.dcc783249086c40746974ffe8bfebd6a.jpeg?odnHeight=580&odnWidth=580&odnBg=FFFFFF;Otras Mascotas > Snack y Premios;https://super.lider.cl/browse/mascotas/perro/snack-y-premios/07089592_29432822_49543527;;1;2026-03-17T02:09:50
00780257553346;Galletas Perro Adulto Raza Pequeña Sabor Carne Bolsa, 500 g;;2850;5700;True;https://super.lider.cl/ip/perro/00780257553346;https://i5.walmartimages.cl/asr/dc585598-3558-49d5-92c5-5b105670c1e1.ce9fa845eca128449ce2bfa9338c339e.jpeg?odnHeight=580&odnWidth=580&odnBg=FFFFFF;Otras Mascotas > Snack y Premios;https://super.lider.cl/browse/mascotas/perro/snack-y-premios/07089592_29432822_49543527;;1;2026-03-17T02:09:50
00789100009847;Snack Perro Adulto Doguitos Medallones de Carne Bolsa, 65 g;;1650;25385;True;https://super.lider.cl/ip/perro/00789100009847;https://i5.walmartimages.cl/asr/767738f5-c8f1-41a8-aa3a-bce84dd5f899.58cb2a9be22b3925990418edbc328cc7.jpeg?null=&odnHeight=580&odnWidth=580&odnBg=FFFFFF;Otras Mascotas > Snack y Premios;https://super.lider.cl/browse/mascotas/perro/snack-y-premios/07089592_29432822_49543527;;1;2026-03-17T02:09:50
00779745397184;Snack Perro Adulto Dentastix Raza Mediana Bolsa, 7 Un;;2150;11944;True;https://super.lider.cl/ip/perro/00779745397184;https://i5.walmartimages.cl/asr/b4586182-6a43-4502-85bf-e83b3812f4c0.bef1e5274d59073c1537fc2ab5754e41.jpeg?null=&odnHeight=580&odnWidth=580&odnBg=FFFFFF;Otras Mascotas > Snack y Premios;https://super.lider.cl/browse/mascotas/perro/snack-y-premios/07089592_29432822_49543527;;1;2026-03-17T02:09:50
00780460346598;Snack para Perro Mix Aperitivo Bolsa, 300 g;;3890;12967;True;https://super.lider.cl/ip/perro/00780460346598;https://i5.walmartimages.cl/asr/7e1c6ef5-f7c2-4ab7-b06a-942b8ec256d4.9e6d113bd31a4b76430d6096e3a6a2fc.jpeg?null=&odnHeight=580&odnWidth=580&odnBg=FFFFFF;Otras Mascotas > Snack y Premios;https://super.lider.cl/browse/mascotas/perro/snack-y-premios/07089592_29432822_49543527;;1;2026-03-17T02:09:50
00780445700201;Snack Perro Classic Duck Strip Bolsa, g g;;2990;29900;True;https://super.lider.cl/ip/perro/00780445700201;https://i5.walmartimages.cl/asr/c4c80180-8c83-427c-853f-b805c74f4c29.34363909bcfd09d65a24dbff0a0e0673.jpeg?null=&odnHeight=580&odnWidth=580&odnBg=FFFFFF;Otras Mascotas > Snack y Premios;https://super.lider.cl/browse/mascotas/perro/snack-y-premios/07089592_29432822_49543527;;1;2026-03-17T02:09:50
00085000671554;Snack Perro Adulto Sabor Pollo Sachet Pack 8 Un, 14 g;;1360;6790;True;https://super.lider.cl/ip/perro/00085000671554;https://i5.walmartimages.cl/asr/57fc4ef8-6236-4054-a71d-dd11db44603f.8330fcccc8bf756223843de901ed417f.jpeg?odnHeight=580&odnWidth=580&odnBg=FFFFFF;Otras Mascotas > Snack y Premios;https://super.lider.cl/browse/mascotas/perro/snack-y-premios/07089592_29432822_49543527;;1;2026-03-17T02:09:50
00779745397188;Galletas Perro Adulto Sabor Clásicas Biscrok Multi Bolsa, 500 g;;3790;7580;True;https://super.lider.cl/ip/perro/00779745397188;https://i5.walmartimages.cl/asr/03f36556-5c8e-469f-8c4d-b36a999ca102.578365fc4de80767a07153a71999c7e3.jpeg?null=&odnHeight=580&odnWidth=580&odnBg=FFFFFF;Otras Mascotas > Snack y Premios;https://super.lider.cl/browse/mascotas/perro/snack-y-premios/07089592_29432822_49543527;;1;2026-03-17T02:09:50
00065952511103;Snack Perro Adulto Tiritas de Cordero Bolsa, 400 g;;9690;9690;False;https://super.lider.cl/ip/perro/00065952511103;https://i5.walmartimages.cl/asr/064c2a65-decd-45d2-b21c-c57aef523119.2c541055a491df951bce4ba54c365940.jpeg?null=&odnHeight=580&odnWidth=580&odnBg=FFFFFF;Otras Mascotas > Snack y Premios;https://super.lider.cl/browse/mascotas/perro/snack-y-premios/07089592_29432822_49543527;;1;2026-03-17T02:09:50
00779745397186;Snack Perro Adulto Rodeo Sabor Pollo Bolsa, 70 g;;350;14286;True;https://super.lider.cl/ip/perro/00779745397186;https://i5.walmartimages.cl/asr/c8ac0154-74c5-46d9-84d0-a7071efc7687.51f220872273ed020ac8a97ecc4eb4fa.jpeg?null=&odnHeight=580&odnWidth=580&odnBg=FFFFFF;Otras Mascotas > Snack y Premios;https://super.lider.cl/browse/mascotas/perro/snack-y-premios/07089592_29432822_49543527;;1;2026-03-17T02:09:50
00780465625000;Hueso Cuero Natural Tamaño S, 1 Un;;1490;1490;False;https://super.lider.cl/ip/perro/00780465625000;https://i5.walmartimages.cl/asr/99396036-bc04-49c5-9187-3bd2d043b959.f6657dd2f874a3dc6f4b2270735f9e08.jpeg?null=&odnHeight=580&odnWidth=580&odnBg=FFFFFF;Otras Mascotas > Snack y Premios;https://super.lider.cl/browse/mascotas/perro/snack-y-premios/07089592_29432822_49543527;;1;2026-03-17T02:09:50
00400823934322;Snack Perro Beef Stick Rustico, g;;2590;47090;True;https://super.lider.cl/ip/perro/00400823934322;https://i5.walmartimages.cl/asr/8f52e8ae-aea7-4731-b10b-ad522a5f0457.45860cf645f726dbb3a27452788ae296.jpeg?null=&odnHeight=580&odnWidth=580&odnBg=FFFFFF;Otras Mascotas > Snack y Premios;https://super.lider.cl/browse/mascotas/perro/snack-y-premios/07089592_29432822_49543527;;1;2026-03-17T02:09:50
00074674766573;Snacks Tiritas de Perro Pequeños, Medianos y Adultos Sabor Carne Bolsa, 75 g;;1590;21200;True;https://super.lider.cl/ip/perro/00074674766573;https://i5.walmartimages.cl/asr/bf7ee51f-854d-488b-9002-a316dfc4ef57.dab624c0504068e86faa92bc720a0469.jpeg?null=&odnHeight=580&odnWidth=580&odnBg=FFFFFF;Otras Mascotas > Snack y Premios;https://super.lider.cl/browse/mascotas/perro/snack-y-premios/07089592_29432822_49543527;;1;2026-03-17T02:09:50
00780465625182;Snack Perro Adulto Tiritas de Cordero Bolsa, 100 g;;3490;3490;False;https://super.lider.cl/ip/perro/00780465625182;https://i5.walmartimages.cl/asr/4a4c24b9-5d07-4b3b-a81e-f3377a50e17a.3175534e22418068b6f321a5e67e4a9d.jpeg?null=&odnHeight=580&odnWidth=580&odnBg=FFFFFF;Otras Mascotas > Snack y Premios;https://super.lider.cl/browse/mascotas/perro/snack-y-premios/07089592_29432822_49543527;;1;2026-03-17T02:09:50
00780465625063;Snack Perro Adulto Sticks Cuero Vacuno con Giros Pollo Bolsa, 100 g;;3490;3490;False;https://super.lider.cl/ip/perro/00780465625063;https://i5.walmartimages.cl/asr/e0d96c06-8cf2-4df9-a0c9-80b12bf05e8a.f8c8a34e6d092316195393eb9bc85bc3.jpeg?null=&odnHeight=580&odnWidth=580&odnBg=FFFFFF;Otras Mascotas > Snack y Premios;https://super.lider.cl/browse/mascotas/perro/snack-y-premios/07089592_29432822_49543527;;1;2026-03-17T02:09:50
00780445700226;Snack Perro Meat Mix Lamb con Spinaca & Beef Apple Bolsa, g g;;3690;36900;True;https://super.lider.cl/ip/perro/00780445700226;https://i5.walmartimages.cl/asr/7e5ad2c2-eaa0-4d27-9a91-660a2520c6ad.621ff63e428e512418c98478d3f52b56.jpeg?null=&odnHeight=580&odnWidth=580&odnBg=FFFFFF;Otras Mascotas > Snack y Premios;https://super.lider.cl/browse/mascotas/perro/snack-y-premios/07089592_29432822_49543527;;1;2026-03-17T02:09:50
00780257553334;Snack Salsa Perro Todas las Edades Sabor Carne al Jugo Doypack, 300 g;;2150;7167;True;https://super.lider.cl/ip/perro/00780257553334;https://i5.walmartimages.cl/asr/9a8bd22d-5798-4383-985f-1c1b5252223c.ec7112e1059a4b59a206f58b3359aed8.jpeg?null=&odnHeight=580&odnWidth=580&odnBg=FFFFFF;Otras Mascotas > Snack y Premios;https://super.lider.cl/browse/mascotas/perro/snack-y-premios/07089592_29432822_49543527;;1;2026-03-17T02:09:50
00780257553421;Snack Perro Pellet Todos Los Tamaños Multivitamínico Sabor Pollo Bolsa, 300 g;;2490;8299;True;https://super.lider.cl/ip/perro/00780257553421;https://i5.walmartimages.cl/asr/bb55dc91-24bc-4499-a861-9d791a82c086.c31e8073f757887488cab9552ce0f689.jpeg?null=&odnHeight=580&odnWidth=580&odnBg=FFFFFF;Otras Mascotas > Snack y Premios;https://super.lider.cl/browse/mascotas/perro/snack-y-premios/07089592_29432822_49543527;;1;2026-03-17T02:09:50
00780192000177;Galletas Cachorro Raza Grande Sabor Leche Bolsa, 500 g;;2850;5700;True;https://super.lider.cl/ip/perro/00780192000177;https://i5.walmartimages.cl/asr/bd29f98b-7d79-45ed-927d-4a56d6dfa8cf.bde0a3c750c80748f0395c0688473712.jpeg?null=&odnHeight=580&odnWidth=580&odnBg=FFFFFF;Otras Mascotas > Snack y Premios;https://super.lider.cl/browse/mascotas/perro/snack-y-premios/07089592_29432822_49543527;;1;2026-03-17T02:09:50
00074674766592;Dental Stick Perro Grande, 270 g;;440;2790;True;https://super.lider.cl/ip/perro/00074674766592;https://i5.walmartimages.cl/asr/2b62b312-8578-4aff-a9de-0cafae26c60f.970033649dae754af4c32101cb0f1349.jpeg?odnHeight=580&odnWidth=580&odnBg=FFFFFF;Otras Mascotas > Snack y Premios;https://super.lider.cl/browse/mascotas/perro/snack-y-premios/07089592_29432822_49543527;;1;2026-03-17T02:09:50
00780257553340;Snack Perro Adulto Rollitos Sabor Carne Bolsa, 50 g;;190;28571;True;https://super.lider.cl/ip/perro/00780257553340;https://i5.walmartimages.cl/asr/4a755527-f977-4fe8-868c-5ffd21b95648.22d1de7991692f34ab37627a7c965130.jpeg?null=&odnHeight=580&odnWidth=580&odnBg=FFFFFF;Otras Mascotas > Snack y Premios;https://super.lider.cl/browse/mascotas/perro/snack-y-premios/07089592_29432822_49543527;;1;2026-03-17T02:09:50
00400823923029;Snack Perro Beef Stick Venado, g;;1190;99166;True;https://super.lider.cl/ip/perro/00400823923029;https://i5.walmartimages.cl/asr/f1f2a230-dcdf-4829-ac1a-18869361ce09.3d79e5bddcaec4d8ea1634a26201b07a.jpeg?null=&odnHeight=580&odnWidth=580&odnBg=FFFFFF;Otras Mascotas > Snack y Premios;https://super.lider.cl/browse/mascotas/perro/snack-y-premios/07089592_29432822_49543527;;1;2026-03-17T02:09:50
00074674766604;Brocheta Pato Cordero y Ternera 6 un, 115 g;;3490;3490;False;https://super.lider.cl/ip/perro/00074674766604;https://i5.walmartimages.cl/asr/7df1ed46-0f43-42b6-b1e4-02262b65ba27.f1ffb707b2b2f6a022a15cf5836d76b8.jpeg?null=&odnHeight=580&odnWidth=580&odnBg=FFFFFF;Otras Mascotas > Snack y Premios;https://super.lider.cl/browse/mascotas/perro/snack-y-premios/07089592_29432822_49543527;;1;2026-03-17T02:09:50
00780460346588;Snack Jeky Proteico Sabor Cordero, 80 g;;440;35625;True;https://super.lider.cl/ip/perro/00780460346588;https://i5.walmartimages.cl/asr/53e4d3f9-a565-447a-8201-872d2c450e92.8c5ef5b13370c895d67e510e2eb170e2.jpeg?odnHeight=580&odnWidth=580&odnBg=FFFFFF;Otras Mascotas > Snack y Premios;https://super.lider.cl/browse/mascotas/perro/snack-y-premios/07089592_29432822_49543527;;1;2026-03-17T02:09:50
00074674766574;Snack Perro Adulto Seco Charqui de Pollo Bolsa, 400 g;;9690;9690;False;https://super.lider.cl/ip/perro/00074674766574;https://i5.walmartimages.cl/asr/87e13fd8-e5a6-4674-bfb1-e63f34807a42.3241c2563b8746e75b69cb319ccb2558.jpeg?null=&odnHeight=580&odnWidth=580&odnBg=FFFFFF;Otras Mascotas > Snack y Premios;https://super.lider.cl/browse/mascotas/perro/snack-y-premios/07089592_29432822_49543527;;1;2026-03-17T02:09:50
00780550500916;Snack para Perro de entrenamiento, 70 g;;2890;41286;True;https://super.lider.cl/ip/perro/00780550500916;https://i5.walmartimages.cl/asr/4b4ecc0c-2e61-421d-a89b-5a17eeefd17d.b51997842d85a736f1898e0dd70a11dc.jpeg?null=&odnHeight=580&odnWidth=580&odnBg=FFFFFF;Otras Mascotas > Snack y Premios;https://super.lider.cl/browse/mascotas/perro/snack-y-premios/07089592_29432822_49543527;;1;2026-03-17T02:09:50
00780463202060;Snack Perro Adulto Trocitos Camote Envueltos en Pollo Bolsa, 100 g;;3490;3490;False;https://super.lider.cl/ip/perro/00780463202060;https://i5.walmartimages.cl/asr/61331db4-ae11-4d7a-a3d1-d22d609a8d6a.c438347c0905470680747beae88aad0e.jpeg?null=&odnHeight=580&odnWidth=580&odnBg=FFFFFF;Otras Mascotas > Snack y Premios;https://super.lider.cl/browse/mascotas/perro/snack-y-premios/07089592_29432822_49543527;;1;2026-03-17T02:09:50
00780257553420;Alimento Seco Perro Senior Raza Mediana Y Grande Sabor Carne Bolsa, 300 g;;2490;8299;True;https://super.lider.cl/ip/perro/00780257553420;https://i5.walmartimages.cl/asr/4acf311b-ff86-4a20-9a13-3fb2f5de7ca9.1b35f735a1093361e75c31bcba1cd0f9.jpeg?null=&odnHeight=580&odnWidth=580&odnBg=FFFFFF;Otras Mascotas > Snack y Premios;https://super.lider.cl/browse/mascotas/perro/snack-y-premios/07089592_29432822_49543527;;1;2026-03-17T02:09:50
00780460346539;Femúr Para Perro de Vacuno gigante Bolsa, 2 kg;;3845;7690;True;https://super.lider.cl/ip/perro/00780460346539;https://i5.walmartimages.cl/asr/d0139a34-4743-4131-8568-1cb5444ac642.fc2acd5c22a5d6204ca330e33edc87e5.jpeg?null=&odnHeight=580&odnWidth=580&odnBg=FFFFFF;Otras Mascotas > Snack y Premios;https://super.lider.cl/browse/mascotas/perro/snack-y-premios/07089592_29432822_49543527;;1;2026-03-17T02:09:50
00063424000423;Hueso Triple Sabor Tamaño M, 1 Un;;3790;3790;False;https://super.lider.cl/ip/perro/00063424000423;https://i5.walmartimages.cl/asr/3584ad87-e82b-4c63-843a-89afe8fc3ee5.bb67b71404de4fe725158432762c907a.jpeg?odnHeight=580&odnWidth=580&odnBg=FFFFFF;Otras Mascotas > Snack y Premios;https://super.lider.cl/browse/mascotas/perro/snack-y-premios/07089592_29432822_49543527;;1;2026-03-17T02:09:50
00780465625065;Snack Perro Adulto Tiritas Pollo con Tocino Bolsa, 100 g;;3490;3490;False;https://super.lider.cl/ip/perro/00780465625065;https://i5.walmartimages.cl/asr/e61a7bc4-293d-4bce-813c-d6e766cb2d2a.2a96137de6cb97e3fb36463351d9cacf.jpeg?null=&odnHeight=580&odnWidth=580&odnBg=FFFFFF;Otras Mascotas > Snack y Premios;https://super.lider.cl/browse/mascotas/perro/snack-y-premios/07089592_29432822_49543527;;1;2026-03-17T02:09:50
00074674766605;Tiritas de Vacuno 400 g, 400 g;;9690;9690;False;https://super.lider.cl/ip/perro/00074674766605;https://i5.walmartimages.cl/asr/78bb6bfc-7327-491f-9c78-4cc43ca580ba.09ea564b0e2f8ed0e9dec80c4cb4fa3e.jpeg?null=&odnHeight=580&odnWidth=580&odnBg=FFFFFF;Otras Mascotas > Snack y Premios;https://super.lider.cl/browse/mascotas/perro/snack-y-premios/07089592_29432822_49543527;;1;2026-03-17T02:09:50
00074674766607;Training Treat: Rollitos de Pato con Propóleo 100 g, 100 g;;3490;3490;False;https://super.lider.cl/ip/perro/00074674766607;https://i5.walmartimages.cl/asr/1800266a-f9f5-47fa-8b69-a46bcc7a1254.e142282905c61236fbf6bac610805ee0.jpeg?null=&odnHeight=580&odnWidth=580&odnBg=FFFFFF;Otras Mascotas > Snack y Premios;https://super.lider.cl/browse/mascotas/perro/snack-y-premios/07089592_29432822_49543527;;1;2026-03-17T02:09:50
00780467341000;Galletas Perro Adulto Seco Sabor Ternera Caja, 460 g;;4290;9326;True;https://super.lider.cl/ip/perro/00780467341000;https://i5.walmartimages.cl/asr/684f17d1-88c4-4ec8-83f1-5a2cc8174500.7b024ab25f93ea2e01fc5721661b7162.jpeg?null=&odnHeight=580&odnWidth=580&odnBg=FFFFFF;Otras Mascotas > Snack y Premios;https://super.lider.cl/browse/mascotas/perro/snack-y-premios/07089592_29432822_49543527;;1;2026-03-17T02:09:50
00085000671556;Snack Perro Adulto Sabor Pollo y Salmón Sachet Pack 8 Un, 14 g;;6790;7073;True;https://super.lider.cl/ip/perro/00085000671556;https://i5.walmartimages.cl/asr/330829bd-b521-4c31-b119-27fa9e8b841d.f30c6cb00589dfadccda11b6322d37c7.jpeg?odnHeight=580&odnWidth=580&odnBg=FFFFFF;Otras Mascotas > Snack y Premios;https://super.lider.cl/browse/mascotas/perro/snack-y-premios/07089592_29432822_49543527?page=2;;2;2026-03-17T02:10:11
00780465625062;Galletas Perro Adulto Maní Envueltas en Pollo Bolsa, 100 g;;3490;3490;False;https://super.lider.cl/ip/perro/00780465625062;https://i5.walmartimages.cl/asr/9ea44987-1a56-4c3d-8779-9ddf078c0f58.4884b61995a95a93044a5afb0c582dd5.jpeg?null=&odnHeight=580&odnWidth=580&odnBg=FFFFFF;Otras Mascotas > Snack y Premios;https://super.lider.cl/browse/mascotas/perro/snack-y-premios/07089592_29432822_49543527?page=2;;2;2026-03-17T02:10:11
00074674766572;Snack Perro Adulto Seco Buddies Bocadito Sabor Carne Bolsa, 75 g;;240;18000;True;https://super.lider.cl/ip/perro/00074674766572;https://i5.walmartimages.cl/asr/a66d0e78-dac1-42da-ac8b-840c6753d125.a0165a3b306fcafcdf16f65e80b30b5c.jpeg?null=&odnHeight=580&odnWidth=580&odnBg=FFFFFF;Otras Mascotas > Snack y Premios;https://super.lider.cl/browse/mascotas/perro/snack-y-premios/07089592_29432822_49543527?page=2;;2;2026-03-17T02:10:11
00065952511102;Snack Perro Adulto Trutros de Pato con Huesitos de Calcio Bolsa, 400 g;;9690;9690;False;https://super.lider.cl/ip/perro/00065952511102;https://i5.walmartimages.cl/asr/abf1ee3b-1b79-448a-85d0-bebb84203dc2.42ed90f1a30183bccec126fb6b3dc483.jpeg?null=&odnHeight=580&odnWidth=580&odnBg=FFFFFF;Otras Mascotas > Snack y Premios;https://super.lider.cl/browse/mascotas/perro/snack-y-premios/07089592_29432822_49543527?page=2;;2;2026-03-17T02:10:11
00400823959123;Snack Perro Boony Bits Bolsa, g;;3690;30750;True;https://super.lider.cl/ip/perro/00400823959123;https://i5.walmartimages.cl/asr/91edfbd9-a801-4cf8-934a-9054c304e89a.d0a800b5cbd1c3fe8c935c118056fcfe.jpeg?null=&odnHeight=580&odnWidth=580&odnBg=FFFFFF;Otras Mascotas > Snack y Premios;https://super.lider.cl/browse/mascotas/perro/snack-y-premios/07089592_29432822_49543527?page=2;;2;2026-03-17T02:10:11
00780445700203;Snack Perro Classic Lamb Strip Bolsa, g g;;2990;29900;True;https://super.lider.cl/ip/perro/00780445700203;https://i5.walmartimages.cl/asr/30afee84-864b-473c-a90f-f346e835cb6b.0141661489bd855b1e7e0805021c69e0.jpeg?odnHeight=580&odnWidth=580&odnBg=FFFFFF;Otras Mascotas > Snack y Premios;https://super.lider.cl/browse/mascotas/perro/snack-y-premios/07089592_29432822_49543527?page=2;;2;2026-03-17T02:10:11
00780465625072;Snack Perro Adulto Brochetas Triple Sabor Pollo, Pato y Vacuno Bolsa, 6 Un;;3490;3490;False;https://super.lider.cl/ip/perro/00780465625072;https://i5.walmartimages.cl/asr/7ba9385e-b245-43fa-9bdd-3c8c2e675b84.00f66c52252d4369fbcdb755762207e9.jpeg?null=&odnHeight=580&odnWidth=580&odnBg=FFFFFF;Otras Mascotas > Snack y Premios;https://super.lider.cl/browse/mascotas/perro/snack-y-premios/07089592_29432822_49543527?page=2;;2;2026-03-17T02:10:11
00780467341014;Galleta Perro Cachorro Leche, g;;1790;22375;True;https://super.lider.cl/ip/perro/00780467341014;https://i5.walmartimages.cl/asr/644a6b85-b118-42e7-9f6a-1612d5637774.37f46faca92b09da8f0d03dd946e67f7.jpeg?null=&odnHeight=580&odnWidth=580&odnBg=FFFFFF;Otras Mascotas > Snack y Premios;https://super.lider.cl/browse/mascotas/perro/snack-y-premios/07089592_29432822_49543527?page=2;;2;2026-03-17T02:10:11
00065952511113;Snack Perro Adulto Trutros de Pato con Huesitos de Calcio Bolsa, 100 g;;3490;34900;True;https://super.lider.cl/ip/perro/00065952511113;https://i5.walmartimages.cl/asr/45db97cd-c5a4-4e55-87b8-ea9cd543323f.7221455d095de3929070acce52986331.jpeg?null=&odnHeight=580&odnWidth=580&odnBg=FFFFFF;Otras Mascotas > Snack y Premios;https://super.lider.cl/browse/mascotas/perro/snack-y-premios/07089592_29432822_49543527?page=2;;2;2026-03-17T02:10:11
00780467341011;Galleta Perro Adulto Raza Pequeña Pollo, g g;;3990;11400;True;https://super.lider.cl/ip/perro/00780467341011;https://i5.walmartimages.cl/asr/4140c2ee-92e1-4a7f-aa8a-0925e50d9f27.b4a415dd82b735b3c351e39efd1aa9b8.jpeg?odnHeight=580&odnWidth=580&odnBg=FFFFFF;Otras Mascotas > Snack y Premios;https://super.lider.cl/browse/mascotas/perro/snack-y-premios/07089592_29432822_49543527?page=2;;2;2026-03-17T02:10:11
00780465625071;Snack Perro Adulto Huesitos Sabor Pollo, Vacuno y Cordero Bolsa, 7 Un;;4290;4290;False;https://super.lider.cl/ip/perro/00780465625071;https://i5.walmartimages.cl/asr/b5c4b8f3-9a41-478b-ad39-1b1fd14e0e52.d2a9328f827e1357454eb206c4693564.jpeg?odnHeight=580&odnWidth=580&odnBg=FFFFFF;Otras Mascotas > Snack y Premios;https://super.lider.cl/browse/mascotas/perro/snack-y-premios/07089592_29432822_49543527?page=2;;2;2026-03-17T02:10:11
00780467341015;Galleta Perro Adulto Ternera, g;;1790;22375;True;https://super.lider.cl/ip/perro/00780467341015;https://i5.walmartimages.cl/asr/65886673-ec0e-485e-9208-37094455f588.4414c2bf8c7da27e4f5df2ff450ee156.jpeg?null=&odnHeight=580&odnWidth=580&odnBg=FFFFFF;Otras Mascotas > Snack y Premios;https://super.lider.cl/browse/mascotas/perro/snack-y-premios/07089592_29432822_49543527?page=2;;2;2026-03-17T02:10:11
00780467341016;Galleta Perro Adulto Grill, g;;1790;22375;True;https://super.lider.cl/ip/perro/00780467341016;https://i5.walmartimages.cl/asr/7943c84b-0716-40fe-8887-f627ade077df.b499077ce3f734b168a073dc3853c384.jpeg?null=&odnHeight=580&odnWidth=580&odnBg=FFFFFF;Otras Mascotas > Snack y Premios;https://super.lider.cl/browse/mascotas/perro/snack-y-premios/07089592_29432822_49543527?page=2;;2;2026-03-17T02:10:11
00780467341010;Galleta Perro Cachoro Leche, g g;;3990;11400;True;https://super.lider.cl/ip/perro/00780467341010;https://i5.walmartimages.cl/asr/bef4f2c4-00db-427b-a58f-078827b711b4.93bc8280335867f06d029da570c415ef.jpeg?odnHeight=580&odnWidth=580&odnBg=FFFFFF;Otras Mascotas > Snack y Premios;https://super.lider.cl/browse/mascotas/perro/snack-y-premios/07089592_29432822_49543527?page=2;;2;2026-03-17T02:10:11
00789602905232;Snack Perro Adulto Dentastix Raza Pequeña Bolsa, 3 Un;;1350;1377;True;https://super.lider.cl/ip/perro/00789602905232;https://i5.walmartimages.cl/asr/fe0ec3b5-025c-4846-8080-2db8ae3a9de4.64fbf2c4080c9250d1d636a2fb1c3f90.jpeg?null=&odnHeight=580&odnWidth=580&odnBg=FFFFFF;Otras Mascotas > Snack y Premios;https://super.lider.cl/browse/mascotas/perro/snack-y-premios/07089592_29432822_49543527?page=2;;2;2026-03-17T02:10:11
00780550500917;Snack para Perro Sabor Pato Loops, 60 g;;3190;53167;True;https://super.lider.cl/ip/perro/00780550500917;https://i5.walmartimages.cl/asr/b28cccef-e6c6-40a2-80ad-73c5192541ed.ef3f543a71d7a3d2d6e4cf6d10d68112.jpeg?odnHeight=580&odnWidth=580&odnBg=FFFFFF;Otras Mascotas > Snack y Premios;https://super.lider.cl/browse/mascotas/perro/snack-y-premios/07089592_29432822_49543527?page=2;;2;2026-03-17T02:10:11
00400823923110;Snack Perro Beef Stick Pavo, G;;1190;99166;True;https://super.lider.cl/ip/perro/00400823923110;https://i5.walmartimages.cl/asr/af5cb27d-600f-48ae-abb1-693c3d20183a.896790ee9ea3bd621bdf3796e99f40a4.jpeg?null=&odnHeight=580&odnWidth=580&odnBg=FFFFFF;Otras Mascotas > Snack y Premios;https://super.lider.cl/browse/mascotas/perro/snack-y-premios/07089592_29432822_49543527?page=2;;2;2026-03-17T02:10:11
00074674766606;Training Treat: Cubitos de Pollo con Tocino 100 g, 100 g;;3490;3490;False;https://super.lider.cl/ip/perro/00074674766606;https://i5.walmartimages.cl/asr/4df5d6bb-29c5-4fe1-8c14-c2acc454e6c8.2a01516ed24354d55f442212723a1098.jpeg?null=&odnHeight=580&odnWidth=580&odnBg=FFFFFF;Otras Mascotas > Snack y Premios;https://super.lider.cl/browse/mascotas/perro/snack-y-premios/07089592_29432822_49543527?page=2;;2;2026-03-17T02:10:11
00780467341003;Galleta Perro Adulto Grill, g ml;;4290;9326;True;https://super.lider.cl/ip/perro/00780467341003;https://i5.walmartimages.cl/asr/240b70b9-1f54-4fb2-9f1c-5184c3d7c8d7.3d8afc83fc877045cb0487c41bad315c.jpeg?null=&odnHeight=580&odnWidth=580&odnBg=FFFFFF;Otras Mascotas > Snack y Premios;https://super.lider.cl/browse/mascotas/perro/snack-y-premios/07089592_29432822_49543527?page=2;;2;2026-03-17T02:10:11
00780467341013;Galleta Perro Adulto Raza Pequeña Pollo, g;;1790;22375;True;https://super.lider.cl/ip/perro/00780467341013;https://i5.walmartimages.cl/asr/8a0c598a-eb51-443a-8f99-fc2a8d01f153.40881a56e0d14c1bd3e413676d1370d1.jpeg?odnHeight=580&odnWidth=580&odnBg=FFFFFF;Otras Mascotas > Snack y Premios;https://super.lider.cl/browse/mascotas/perro/snack-y-premios/07089592_29432822_49543527?page=2;;2;2026-03-17T02:10:11
00779745397183;Snack Perro Adulto Dentastix Raza Mediana Bolsa, 3 Un;;1490;19351;True;https://super.lider.cl/ip/perro/00779745397183;https://i5.walmartimages.cl/asr/8ab23b84-832e-4d16-85ce-d9f4f160bff3.92d2ab6890b9fd0ab57b21f3ca464b07.jpeg?null=&odnHeight=580&odnWidth=580&odnBg=FFFFFF;Otras Mascotas > Snack y Premios;https://super.lider.cl/browse/mascotas/perro/snack-y-premios/07089592_29432822_49543527?page=2;;2;2026-03-17T02:10:11
00779745397345;Snack Perro Adulto Dentastix Raza Grande Bolsa, 3 Un;;730;2190;True;https://super.lider.cl/ip/perro/00779745397345;https://i5.walmartimages.cl/asr/d4328e00-f2eb-4117-b45e-57de12bfe4e5.aa3c04aa45dab1a83a9fb5a1079c4f06.jpeg?null=&odnHeight=580&odnWidth=580&odnBg=FFFFFF;Otras Mascotas > Snack y Premios;https://super.lider.cl/browse/mascotas/perro/snack-y-premios/07089592_29432822_49543527?page=2;;2;2026-03-17T02:10:11
00063424000422;Hueso Triple Sabor Tamaño S, 1 Un;;2150;2150;False;https://super.lider.cl/ip/perro/00063424000422;https://i5.walmartimages.cl/asr/51bc1838-9c45-4058-92f7-d7117a7cf512.d80662ac26994c01434251bab56b5852.jpeg?odnHeight=580&odnWidth=580&odnBg=FFFFFF;Otras Mascotas > Snack y Premios;https://super.lider.cl/browse/mascotas/perro/snack-y-premios/07089592_29432822_49543527?page=2;;2;2026-03-17T02:10:11
00063424000424;Hueso Triple Sabor Tamaño L, 1 Un;;4590;4590;False;https://super.lider.cl/ip/perro/00063424000424;https://i5.walmartimages.cl/asr/dab6bf0c-4cc0-44cf-8861-11257de01db8.5e63fb8361458db08cdf9049b5ef52a3.jpeg?odnHeight=580&odnWidth=580&odnBg=FFFFFF;Otras Mascotas > Snack y Premios;https://super.lider.cl/browse/mascotas/perro/snack-y-premios/07089592_29432822_49543527?page=2;;2;2026-03-17T02:10:11
00072016779982;Snack Perro Choritos, 90 g;;3790;4211;True;https://super.lider.cl/ip/perro/00072016779982;https://i5.walmartimages.cl/asr/17af3b32-21ad-40d7-a7c8-83f1b5a65a92.d6827fdac5aa088d1628650d2dbdad80.jpeg?odnHeight=580&odnWidth=580&odnBg=FFFFFF;Otras Mascotas > Snack y Premios;https://super.lider.cl/browse/mascotas/perro/snack-y-premios/07089592_29432822_49543527?page=2;;2;2026-03-17T02:10:11
00073755881642;Snack Perro Corazones de Pollo, 90 g;;3790;4211;True;https://super.lider.cl/ip/perro/00073755881642;https://i5.walmartimages.cl/asr/594f9a54-605b-4f1d-bcba-7718b9f4f79c.92b74d624434e1cbcc11a299feab9bf6.jpeg?odnHeight=580&odnWidth=580&odnBg=FFFFFF;Otras Mascotas > Snack y Premios;https://super.lider.cl/browse/mascotas/perro/snack-y-premios/07089592_29432822_49543527?page=2;;2;2026-03-17T02:10:11
00072016779979;Snack Perro Cubos de Cerdo, 90 g;;3790;4211;True;https://super.lider.cl/ip/perro/00072016779979;https://i5.walmartimages.cl/asr/794b81e2-d6a5-45d0-a3ed-c221ad20227a.c2b7dbb4cf26395d09ba7f5e6b29c28a.jpeg?odnHeight=580&odnWidth=580&odnBg=FFFFFF;Otras Mascotas > Snack y Premios;https://super.lider.cl/browse/mascotas/perro/snack-y-premios/07089592_29432822_49543527?page=2;;2;2026-03-17T02:10:11
00780467756016;Kambú Pro Mantequilla De Maní Con Probióticos Para Perros, 200 g;;3190;15950;True;https://super.lider.cl/ip/perro/00780467756016;https://i5.walmartimages.cl/asr/23354af4-f1d3-47c3-9adb-8af20c5c0e72.6e9354a68de67badc4584668587241b3.jpeg?odnHeight=580&odnWidth=580&odnBg=FFFFFF;Otras Mascotas > Snack y Premios;https://super.lider.cl/browse/mascotas/perro/snack-y-premios/07089592_29432822_49543527?page=2;;2;2026-03-17T02:10:11
00780467756017;Kambú Om, Mantequilla De Maní Relajante Para Perros, 200 g;;3190;15950;True;https://super.lider.cl/ip/perro/00780467756017;https://i5.walmartimages.cl/asr/e686d5e0-e37c-44d3-ab6a-3dbb9efd3a32.c40b78031a1dafc03c2583d29004b4b7.jpeg?odnHeight=580&odnWidth=580&odnBg=FFFFFF;Otras Mascotas > Snack y Premios;https://super.lider.cl/browse/mascotas/perro/snack-y-premios/07089592_29432822_49543527?page=2;;2;2026-03-17T02:10:11
00780467756015;Kambú Tradicional Mantequilla De Maní Para Perros, 200 g;;3190;15950;True;https://super.lider.cl/ip/perro/00780467756015;https://i5.walmartimages.cl/asr/163e0a03-8a0e-49a7-94bb-4a252043e66d.6c35efc3b4f922ca7e9e14f45b9c072b.jpeg?odnHeight=580&odnWidth=580&odnBg=FFFFFF;Otras Mascotas > Snack y Premios;https://super.lider.cl/browse/mascotas/perro/snack-y-premios/07089592_29432822_49543527?page=2;;2;2026-03-17T02:10:11
00780467962008;Sazonador Salmon Perros, 70 g;;4290;6129;True;https://super.lider.cl/ip/perro/00780467962008;https://i5.walmartimages.cl/asr/d405176c-bfc5-4c7f-b1c6-15bbde950db8.b74dc295c33ffa7cf6d44b26d39a3e29.jpeg?odnHeight=580&odnWidth=580&odnBg=FFFFFF;Otras Mascotas > Snack y Premios;https://super.lider.cl/browse/mascotas/perro/snack-y-premios/07089592_29432822_49543527?page=2;;2;2026-03-17T02:10:11
00780467962007;Sazonador Cerdo Perros, 70 g;;4290;6129;True;https://super.lider.cl/ip/perro/00780467962007;https://i5.walmartimages.cl/asr/9acfc65f-9541-489e-bd51-839cd11362c4.03068039f0412ad6465aebe74ebbdf25.jpeg?odnHeight=580&odnWidth=580&odnBg=FFFFFF;Otras Mascotas > Snack y Premios;https://super.lider.cl/browse/mascotas/perro/snack-y-premios/07089592_29432822_49543527?page=2;;2;2026-03-17T02:10:11
00780465625180;Snack Perro Adulto Seco Trozos de Salmón Bolsa, 100 g;;3490;3490;False;https://super.lider.cl/ip/perro/00780465625180;https://i5.walmartimages.cl/asr/a202fd2b-a7f6-434e-93d7-637828dc6442.e6356d4ef0ba376f1e4edb5cfbcadcb9.jpeg?null=&odnHeight=580&odnWidth=580&odnBg=FFFFFF;Otras Mascotas > Snack y Premios;https://super.lider.cl/browse/mascotas/perro/snack-y-premios/07089592_29432822_49543527?page=2;;2;2026-03-17T02:10:11
00063424000421;Snack Perro Adulto Brochetas Triple Sabor Pollo, Pato y Vacuno Bolsa, 18 Un;;7990;7990;False;https://super.lider.cl/ip/perro/00063424000421;https://i5.walmartimages.cl/asr/dfd95a11-8425-4114-902e-c69c9ddffae8.ec3ebc19f3581e1c6e03338ce2b05b9c.jpeg?null=&odnHeight=580&odnWidth=580&odnBg=FFFFFF;Otras Mascotas > Snack y Premios;https://super.lider.cl/browse/mascotas/perro/snack-y-premios/07089592_29432822_49543527?page=2;;2;2026-03-17T02:10:11
00400823923009;Snack Perro Beef Stick Carne, g;;1190;99166;True;https://super.lider.cl/ip/perro/00400823923009;https://i5.walmartimages.cl/asr/cfdeae7a-1faa-4bed-8870-71b4a3468f38.ac613a230a5bc3bcc75b083da949011d.jpeg?null=&odnHeight=580&odnWidth=580&odnBg=FFFFFF;Otras Mascotas > Snack y Premios;https://super.lider.cl/browse/mascotas/perro/snack-y-premios/07089592_29432822_49543527?page=2;;2;2026-03-17T02:10:11
00780445700223;Snack Perro Meat Balls Duck & Apple Bolsa, g g;;3690;36900;True;https://super.lider.cl/ip/perro/00780445700223;https://i5.walmartimages.cl/asr/18e2dc40-b438-4abd-8a0a-7de231e61654.8ac978fbc49df7f2a35801bb3e8bb37f.jpeg?null=&odnHeight=580&odnWidth=580&odnBg=FFFFFF;Otras Mascotas > Snack y Premios;https://super.lider.cl/browse/mascotas/perro/snack-y-premios/07089592_29432822_49543527?page=2;;2;2026-03-17T02:10:11
00780257553466;Alimento Seco Gato Adulto Adulto Sabor Salmón Bolsa, 1 kg;;690;2690;True;https://super.lider.cl/ip/gato/00780257553466;https://i5.walmartimages.cl/asr/0955d529-fbfb-4c67-a106-2b0a42f04b00.afbbb25e9aa5b891a1673eeed2b2a959.jpeg?null=&odnHeight=580&odnWidth=580&odnBg=FFFFFF;Otras Mascotas > Alimento Seco;https://super.lider.cl/browse/mascotas/gato/alimento-seco/07089592_85723699_38537300;;1;2026-03-17T02:10:34
00761303595142;Alimento Seco Delimix Gato Adulto Sabor Pollo Bolsa, 8 Kg;;2899;28990;True;https://super.lider.cl/ip/gato/00761303595142;https://i5.walmartimages.cl/asr/51f2173b-122f-49df-9760-f9db8ae92566.f72ec8486f12b6714406b21c81d10e8c.jpeg?null=&odnHeight=580&odnWidth=580&odnBg=FFFFFF;Otras Mascotas > Alimento Seco;https://super.lider.cl/browse/mascotas/gato/alimento-seco/07089592_85723699_38537300;;1;2026-03-17T02:10:34
00761303595120;Alimento Seco Gato Adulto Sabor Carne Bolsa, 8 Kg;;2899;28990;True;https://super.lider.cl/ip/gato/00761303595120;https://i5.walmartimages.cl/asr/a909eba2-41d1-44f0-9c60-339521720709.a8902d23301499c7cfa635e3105eb2f8.jpeg?odnHeight=580&odnWidth=580&odnBg=FFFFFF;Otras Mascotas > Alimento Seco;https://super.lider.cl/browse/mascotas/gato/alimento-seco/07089592_85723699_38537300;;1;2026-03-17T02:10:34
00844529059273;Alimento Seco Gatito Sabor Mix de Carnes Bolsa, 1 Kg;;2890;4450;True;https://super.lider.cl/ip/gato/00844529059273;https://i5.walmartimages.cl/asr/ee7c0554-8461-4ea0-972d-7035b8f56f8b.7e2c374bc8ff0e5ee6fb35b54f627862.jpeg?null=&odnHeight=580&odnWidth=580&odnBg=FFFFFF;Otras Mascotas > Alimento Seco;https://super.lider.cl/browse/mascotas/gato/alimento-seco/07089592_85723699_38537300;;1;2026-03-17T02:10:34
00780192000140;Alimento Seco Gato Adulto Sabor Salmón Bolsa, 3 Kg;;2300;11990;True;https://super.lider.cl/ip/gato/00780192000140;https://i5.walmartimages.cl/asr/a4796db5-45c1-48c0-98d1-fa06a04ba109.b1241f7f0f0e95240f71acc28295c43a.jpeg?null=&odnHeight=580&odnWidth=580&odnBg=FFFFFF;Otras Mascotas > Alimento Seco;https://super.lider.cl/browse/mascotas/gato/alimento-seco/07089592_85723699_38537300;;1;2026-03-17T02:10:34
00779745397106;Alimento Seco Gato Adulto Sabor Carne Bolsa, 1 Kg;;1300;5690;True;https://super.lider.cl/ip/gato/00779745397106;https://i5.walmartimages.cl/asr/19041f95-7384-4850-890e-b5c318d5e662.ed412d6e454fb5207473f2e3ae676f62.jpeg?null=&odnHeight=580&odnWidth=580&odnBg=FFFFFF;Otras Mascotas > Alimento Seco;https://super.lider.cl/browse/mascotas/gato/alimento-seco/07089592_85723699_38537300;;1;2026-03-17T02:10:34
00780192000164;Alimento Seco Gato Adulto Sabor Carne Bolsa, 3 Kg;;2300;11990;True;https://super.lider.cl/ip/gato/00780192000164;https://i5.walmartimages.cl/asr/3894313b-83d1-4cd2-94ed-2e03ebe43f46.ce22db56fa8e02c587f975109999c6f9.jpeg?null=&odnHeight=580&odnWidth=580&odnBg=FFFFFF;Otras Mascotas > Alimento Seco;https://super.lider.cl/browse/mascotas/gato/alimento-seco/07089592_85723699_38537300;;1;2026-03-17T02:10:34
00779745397235;Alimento Seco Gato Adulto Sabor Carne Bolsa, 3 Kg;;2700;13590;True;https://super.lider.cl/ip/gato/00779745397235;https://i5.walmartimages.cl/asr/111208c5-0235-47be-bd76-d156dd3ef1fa.ac0c1661c5b51a5b9fca66949ae734df.jpeg?null=&odnHeight=580&odnWidth=580&odnBg=FFFFFF;Otras Mascotas > Alimento Seco;https://super.lider.cl/browse/mascotas/gato/alimento-seco/07089592_85723699_38537300;;1;2026-03-17T02:10:34
00780443800368;Alimento Seco Gatito Sabor Pollo y Leche Bolsa, 1 kg;;4290;4290;False;https://super.lider.cl/ip/gato/00780443800368;https://i5.walmartimages.cl/asr/591cb903-98c5-41a7-9131-0382bf94000f.2fceddbed3148c5d09dc9e1a3ce552c0.jpeg?null=&odnHeight=580&odnWidth=580&odnBg=FFFFFF;Otras Mascotas > Alimento Seco;https://super.lider.cl/browse/mascotas/gato/alimento-seco/07089592_85723699_38537300;;1;2026-03-17T02:10:34
00761303932101;Alimento Seco Gato Adulto Esterilizado Sabor Pescado Bolsa, 8 Kg;;3149;31490;True;https://super.lider.cl/ip/gato/00761303932101;https://i5.walmartimages.cl/asr/34cfa07d-7bef-48f3-856b-6ca5a1159997.c770ed1a196301f523a9c7dce516b38b.jpeg?null=&odnHeight=580&odnWidth=580&odnBg=FFFFFF;Otras Mascotas > Alimento Seco;https://super.lider.cl/browse/mascotas/gato/alimento-seco/07089592_85723699_38537300;;1;2026-03-17T02:10:34
00761303595124;Alimento Seco Gatito Sabor Carne Bolsa, 1 Kg;;6190;6190;False;https://super.lider.cl/ip/gato/00761303595124;https://i5.walmartimages.cl/asr/b48cdd49-0df5-4da8-aa89-735ce28f5013.2851e5727c6961c96f44257d11b87c93.jpeg?null=&odnHeight=580&odnWidth=580&odnBg=FFFFFF;Otras Mascotas > Alimento Seco;https://super.lider.cl/browse/mascotas/gato/alimento-seco/07089592_85723699_38537300;;1;2026-03-17T02:10:34
00761303595104;Alimento Seco Gato Adulto Sabor Pescado Arroz y Espinaca Bolsa, 1 Kg;;2790;4450;True;https://super.lider.cl/ip/gato/00761303595104;https://i5.walmartimages.cl/asr/87299239-f61d-4e15-a964-d2704d820248.62c78b4965c57d11e6803942d532e0a0.jpeg?null=&odnHeight=580&odnWidth=580&odnBg=FFFFFF;Otras Mascotas > Alimento Seco;https://super.lider.cl/browse/mascotas/gato/alimento-seco/07089592_85723699_38537300;;1;2026-03-17T02:10:34
00761303595123;Alimento Seco Gatito Sabor Carne Bolsa, 8 Kg;;3149;31490;True;https://super.lider.cl/ip/gato/00761303595123;https://i5.walmartimages.cl/asr/91674c65-e506-4bec-bddd-7402f5925af2.054e2bc07a021f270b06edefb22bca4d.jpeg?null=&odnHeight=580&odnWidth=580&odnBg=FFFFFF;Otras Mascotas > Alimento Seco;https://super.lider.cl/browse/mascotas/gato/alimento-seco/07089592_85723699_38537300;;1;2026-03-17T02:10:34
00779745397118;Alimento Seco Gato Adulto Sabor Pollo Bolsa, 1 Kg;;1300;5690;True;https://super.lider.cl/ip/gato/00779745397118;https://i5.walmartimages.cl/asr/551c8ab1-1678-46a4-83cd-1344a087c930.c7ab76e5e69599b11c3a66ac61021411.jpeg?null=&odnHeight=580&odnWidth=580&odnBg=FFFFFF;Otras Mascotas > Alimento Seco;https://super.lider.cl/browse/mascotas/gato/alimento-seco/07089592_85723699_38537300;;1;2026-03-17T02:10:34
00761303595128;Alimento Seco Gato Adulto Sabor Carne Bolsa, 1 Kg;;6190;6190;False;https://super.lider.cl/ip/gato/00761303595128;https://i5.walmartimages.cl/asr/2d39ca9b-d546-4d13-932e-50b3a480f94e.e2fbdd368000c740f41d895a6a98393b.jpeg?null=&odnHeight=580&odnWidth=580&odnBg=FFFFFF;Otras Mascotas > Alimento Seco;https://super.lider.cl/browse/mascotas/gato/alimento-seco/07089592_85723699_38537300;;1;2026-03-17T02:10:34
00779745397229;Alimento Seco Gato Adulto Sabor Pescado Bolsa, 1 Kg;;1300;5690;True;https://super.lider.cl/ip/gato/00779745397229;https://i5.walmartimages.cl/asr/b902709a-e92f-43bb-858e-bc0cf2159b47.5246838a4b35cc4eac55bdc2c8e297f2.jpeg?null=&odnHeight=580&odnWidth=580&odnBg=FFFFFF;Otras Mascotas > Alimento Seco;https://super.lider.cl/browse/mascotas/gato/alimento-seco/07089592_85723699_38537300;;1;2026-03-17T02:10:34
00780192000168;Alimento Seco Gato Adulto Sabor Pollo Bolsa, 3 Kg;;2300;11990;True;https://super.lider.cl/ip/gato/00780192000168;https://i5.walmartimages.cl/asr/11fc7433-71f1-4c6c-a400-9a220f695001.8ddfa0db473811d780aa846939726eae.jpeg?null=&odnHeight=580&odnWidth=580&odnBg=FFFFFF;Otras Mascotas > Alimento Seco;https://super.lider.cl/browse/mascotas/gato/alimento-seco/07089592_85723699_38537300;;1;2026-03-17T02:10:34
00779745397112;Alimento Seco Gatito Sabor Carne y Leche Bolsa, 1 Kg;;5790;5790;False;https://super.lider.cl/ip/gato/00779745397112;https://i5.walmartimages.cl/asr/a572a239-07ee-4944-a825-b9828ab239d2.f0f66216188711d3242bb1b90be1efb5.jpeg?null=&odnHeight=580&odnWidth=580&odnBg=FFFFFF;Otras Mascotas > Alimento Seco;https://super.lider.cl/browse/mascotas/gato/alimento-seco/07089592_85723699_38537300;;1;2026-03-17T02:10:34
00779745397101;Alimento Seco Gato Adulto Sabor Pescado Bolsa, 3 Kg;;2700;13590;True;https://super.lider.cl/ip/gato/00779745397101;https://i5.walmartimages.cl/asr/7dd9e13f-0b60-4064-bd22-178d095ee425.cfb5f86efbfb1c1ea8f29e0b89c6b6bd.jpeg?null=&odnHeight=580&odnWidth=580&odnBg=FFFFFF;Otras Mascotas > Alimento Seco;https://super.lider.cl/browse/mascotas/gato/alimento-seco/07089592_85723699_38537300;;1;2026-03-17T02:10:34
00779745397391;Alimento Seco Gatito Sabor Carne y Leche Bolsa, 3 kg;;4530;13590;True;https://super.lider.cl/ip/gato/00779745397391;https://i5.walmartimages.cl/asr/a32146ed-cad8-494f-9063-d6f7e2bbd65c.0fefcab00ad992a56eef002e1d05d5b0.jpeg?null=&odnHeight=580&odnWidth=580&odnBg=FFFFFF;Otras Mascotas > Alimento Seco;https://super.lider.cl/browse/mascotas/gato/alimento-seco/07089592_85723699_38537300;;1;2026-03-17T02:10:34
00761328723050;Alimento Seco Gato Adulto Esterilizado Sabor Pollo y Salmón Bolsa, 2 Kg;;8495;16990;True;https://super.lider.cl/ip/gato/00761328723050;https://i5.walmartimages.cl/asr/5626cdbf-91a1-471f-8fcd-cabcf8944832.8aceb32a40ed09321bf5c4ed7bdeb340.jpeg?odnHeight=580&odnWidth=580&odnBg=FFFFFF;Otras Mascotas > Alimento Seco;https://super.lider.cl/browse/mascotas/gato/alimento-seco/07089592_85723699_38537300;;1;2026-03-17T02:10:34
00761303595131;Alimento Seco Gato Adulto Sabor Pollo Bolsa Delimix, 3 Kg;;5230;15690;True;https://super.lider.cl/ip/gato/00761303595131;https://i5.walmartimages.cl/asr/3ea1dc78-48ad-4fb3-bb25-90c815fd5d98.f10e226db5f77c965b44ebbd29fefbfc.jpeg?null=&odnHeight=580&odnWidth=580&odnBg=FFFFFF;Otras Mascotas > Alimento Seco;https://super.lider.cl/browse/mascotas/gato/alimento-seco/07089592_85723699_38537300;;1;2026-03-17T02:10:34
00779745397368;Alimento Seco Gato Adulto Sabor Carne Bolsa, 8 Kg;;3224;25790;True;https://super.lider.cl/ip/gato/00779745397368;https://i5.walmartimages.cl/asr/88b47d0e-7e61-4bc7-afdb-fba5618c0c40.5b86bf9df9bdac240788c609a9462e4d.jpeg?null=&odnHeight=580&odnWidth=580&odnBg=FFFFFF;Otras Mascotas > Alimento Seco;https://super.lider.cl/browse/mascotas/gato/alimento-seco/07089592_85723699_38537300;;1;2026-03-17T02:10:34
00761328722999;Alimento Seco Gatito Sabor Pollo y Carne Bolsa, 2 Kg;;8495;16990;True;https://super.lider.cl/ip/gato/00761328722999;https://i5.walmartimages.cl/asr/9f34a900-d011-45d4-8305-778c62b1ea4e.f6cbea7023ca7ef1bf11bc6304ceb7ff.jpeg?null=&odnHeight=580&odnWidth=580&odnBg=FFFFFF;Otras Mascotas > Alimento Seco;https://super.lider.cl/browse/mascotas/gato/alimento-seco/07089592_85723699_38537300;;1;2026-03-17T02:10:34
00761303595106;Alimento Seco Gato Adulto Sabor Pescado Arroz y Espinaca Bolsa, 8 Kg;;2623;20990;True;https://super.lider.cl/ip/gato/00761303595106;https://i5.walmartimages.cl/asr/93f797eb-6a45-4187-a86a-2dbf2a7200da.5511b3926de8fe6875d0d40560a5c476.jpeg?null=&odnHeight=580&odnWidth=580&odnBg=FFFFFF;Otras Mascotas > Alimento Seco;https://super.lider.cl/browse/mascotas/gato/alimento-seco/07089592_85723699_38537300;;1;2026-03-17T02:10:34
00780192000137;Alimento Seco Gato Adulto Sabor Salmón Bolsa, 1 Kg;;5290;5290;False;https://super.lider.cl/ip/gato/00780192000137;https://i5.walmartimages.cl/asr/5c3d0d00-3cf8-4afd-bce1-58786553aa7e.01ac85f5da916c38d4ea685fb5cb7a03.jpeg?null=&odnHeight=580&odnWidth=580&odnBg=FFFFFF;Otras Mascotas > Alimento Seco;https://super.lider.cl/browse/mascotas/gato/alimento-seco/07089592_85723699_38537300;;1;2026-03-17T02:10:34
00780192000141;Alimento Seco Gatito Sabor Pollo y Leche Bolsa, 1 kg;;5690;5690;False;https://super.lider.cl/ip/gato/00780192000141;https://i5.walmartimages.cl/asr/4457a1a8-9be5-48e7-962c-39145b282f62.342e4254995e79b3b3b030681a36fe2f.jpeg?null=&odnHeight=580&odnWidth=580&odnBg=FFFFFF;Otras Mascotas > Alimento Seco;https://super.lider.cl/browse/mascotas/gato/alimento-seco/07089592_85723699_38537300;;1;2026-03-17T02:10:34
00761303667288;Alimento Seco Gatito Sabor Carne Bolsa, 3 Kg;;5230;15690;True;https://super.lider.cl/ip/gato/00761303667288;https://i5.walmartimages.cl/asr/1ec034d3-ab1e-41fc-a3c3-961d2866d095.59be50a99b0bdfc5e6f42317f48e5f45.jpeg?null=&odnHeight=580&odnWidth=580&odnBg=FFFFFF;Otras Mascotas > Alimento Seco;https://super.lider.cl/browse/mascotas/gato/alimento-seco/07089592_85723699_38537300;;1;2026-03-17T02:10:34
00761328723038;Alimento Seco Gato Adulto Sabor Pollo y Carne Bolsa, 2 Kg;;8495;16990;True;https://super.lider.cl/ip/gato/00761328723038;https://i5.walmartimages.cl/asr/9814f1a6-9480-47ba-8b20-9473766f0e25.f2169c078cb34b2ee16e275809212f65.jpeg?null=&odnHeight=580&odnWidth=580&odnBg=FFFFFF;Otras Mascotas > Alimento Seco;https://super.lider.cl/browse/mascotas/gato/alimento-seco/07089592_85723699_38537300;;1;2026-03-17T02:10:34
00761303595149;Alimento Seco Gato Adulto Sabor Pescado Bolsa, 3 Kg;;5230;15690;True;https://super.lider.cl/ip/gato/00761303595149;https://i5.walmartimages.cl/asr/5d4ceb20-1862-4889-bc0e-306bc84b303b.b36ccdb95910351dc1ff82073bd96e74.jpeg?null=&odnHeight=580&odnWidth=580&odnBg=FFFFFF;Otras Mascotas > Alimento Seco;https://super.lider.cl/browse/mascotas/gato/alimento-seco/07089592_85723699_38537300;;1;2026-03-17T02:10:34
00761303595118;Alimento Seco Gato Adulto Sabor Carne Bolsa, 3 Kg;;5230;15690;True;https://super.lider.cl/ip/gato/00761303595118;https://i5.walmartimages.cl/asr/33228127-6275-43b0-9283-0d3aedf033b2.2bd264e5a9194ed2983a8da1918de81f.jpeg?null=&odnHeight=580&odnWidth=580&odnBg=FFFFFF;Otras Mascotas > Alimento Seco;https://super.lider.cl/browse/mascotas/gato/alimento-seco/07089592_85723699_38537300;;1;2026-03-17T02:10:34
00780192000134;Alimento Seco Gato Adulto Sabor Carne Bolsa, 1 Kg;;5290;5290;False;https://super.lider.cl/ip/gato/00780192000134;https://i5.walmartimages.cl/asr/7b9a1305-bd2b-4da2-9797-d87f72879326.c02f1c9f59c1483f00b5c5787800bcac.jpeg?null=&odnHeight=580&odnWidth=580&odnBg=FFFFFF;Otras Mascotas > Alimento Seco;https://super.lider.cl/browse/mascotas/gato/alimento-seco/07089592_85723699_38537300;;1;2026-03-17T02:10:34
00040005088010;Super Premium - Alimento Seco Gato Adulto De Pollo Y Salmón, 2 kg;;7495;14990;True;https://super.lider.cl/ip/gato/00040005088010;https://i5.walmartimages.cl/asr/193e36e2-b8d2-4b02-a16f-0da020075f1b.b85cbf1fd75cea22fe321a7bafa29d4f.jpeg?odnHeight=580&odnWidth=580&odnBg=FFFFFF;Otras Mascotas > Alimento Seco;https://super.lider.cl/browse/mascotas/gato/alimento-seco/07089592_85723699_38537300;;1;2026-03-17T02:10:34
00780192000136;Alimento Seco Gato Adulto Sabor Salmón Bolsa, 8 Kg;;3349;26790;True;https://super.lider.cl/ip/gato/00780192000136;https://i5.walmartimages.cl/asr/7079ca70-43c9-4d0e-8d43-267ae6f06860.547185fe2b6846e795d50630416c0b81.jpeg?null=&odnHeight=580&odnWidth=580&odnBg=FFFFFF;Otras Mascotas > Alimento Seco;https://super.lider.cl/browse/mascotas/gato/alimento-seco/07089592_85723699_38537300;;1;2026-03-17T02:10:34
00761328723044;Alimento Seco Gato Adulto Sabor Pollo y Salmón Bolsa, 2 Kg;;8495;16990;True;https://super.lider.cl/ip/gato/00761328723044;https://i5.walmartimages.cl/asr/89f61e9a-9504-4b21-8467-c271e9d2f6d4.797f7f90828b61c0a394e1c11edcaafd.jpeg?null=&odnHeight=580&odnWidth=580&odnBg=FFFFFF;Otras Mascotas > Alimento Seco;https://super.lider.cl/browse/mascotas/gato/alimento-seco/07089592_85723699_38537300;;1;2026-03-17T02:10:34
00779745397367;Alimento Seco Gato Adulto Sabor Pescado Bolsa, 8 Kg;;3224;25790;True;https://super.lider.cl/ip/gato/00779745397367;https://i5.walmartimages.cl/asr/c81edd74-858d-49dd-ae6a-8232bc16973f.8f0e4970d89881f8562a5a05e7448077.jpeg?null=&odnHeight=580&odnWidth=580&odnBg=FFFFFF;Otras Mascotas > Alimento Seco;https://super.lider.cl/browse/mascotas/gato/alimento-seco/07089592_85723699_38537300;;1;2026-03-17T02:10:34
00780192000133;Alimento Seco Gato Adulto Sabor Carne Bolsa, 8 Kg;;3349;26790;True;https://super.lider.cl/ip/gato/00780192000133;https://i5.walmartimages.cl/asr/b5d893e0-1e91-4190-be3c-0b0619125d57.d38518b9d2482a84c3fa796ab0ca2b47.jpeg?null=&odnHeight=580&odnWidth=580&odnBg=FFFFFF;Otras Mascotas > Alimento Seco;https://super.lider.cl/browse/mascotas/gato/alimento-seco/07089592_85723699_38537300;;1;2026-03-17T02:10:34
00779745397310;Alimento Seco Gato Adulto Castrado Sabor Mix Carne Bolsa, 3 Kg;;4830;14490;True;https://super.lider.cl/ip/gato/00779745397310;https://i5.walmartimages.cl/asr/2f55a533-968c-49f6-8b6b-aac8d2e1fb96.3c2d10f959fef2a8d6692019992988a9.jpeg?null=&odnHeight=580&odnWidth=580&odnBg=FFFFFF;Otras Mascotas > Alimento Seco;https://super.lider.cl/browse/mascotas/gato/alimento-seco/07089592_85723699_38537300;;1;2026-03-17T02:10:34
00761303595146;Alimento Seco Gato Adulto Sabor Pescado Bolsa, 1 Kg;;6190;6190;False;https://super.lider.cl/ip/gato/00761303595146;https://i5.walmartimages.cl/asr/58b3de19-99b4-441b-bd54-2fadf8a9feb3.a05102de91255f60af75efb21c9e9053.jpeg?null=&odnHeight=580&odnWidth=580&odnBg=FFFFFF;Otras Mascotas > Alimento Seco;https://super.lider.cl/browse/mascotas/gato/alimento-seco/07089592_85723699_38537300;;1;2026-03-17T02:10:34
00780257553364;Alimento Seco Gato Adulto Sabor Pollo Bolsa, 2,1 Kg;;6138;12890;True;https://super.lider.cl/ip/gato/00780257553364;https://i5.walmartimages.cl/asr/61b8282d-65d2-4be9-847f-528dd7b55a79.d5b4c1a8f4d768061a2de726764a665c.jpeg?null=&odnHeight=580&odnWidth=580&odnBg=FFFFFF;Otras Mascotas > Alimento Seco;https://super.lider.cl/browse/mascotas/gato/alimento-seco/07089592_85723699_38537300;;1;2026-03-17T02:10:34
00761303595140;Alimento Seco Gato Adulto Sabor Carne Bolsa Delimix, 1 Kg;;6190;6190;False;https://super.lider.cl/ip/gato/00761303595140;https://i5.walmartimages.cl/asr/22f97bb2-2977-4411-8415-7ed24de11f00.25276c0ff8ac19bc650c974400b88240.jpeg?null=&odnHeight=580&odnWidth=580&odnBg=FFFFFF;Otras Mascotas > Alimento Seco;https://super.lider.cl/browse/mascotas/gato/alimento-seco/07089592_85723699_38537300;;1;2026-03-17T02:10:34
00085595800657;Puré Cremoso Gato Adulto Sabor Pollo Sachet, 56 g;;2950;52679;True;https://super.lider.cl/ip/gato/00085595800657;https://i5.walmartimages.cl/asr/2f5ae63a-91c7-471a-9745-5d1f1c2ff9b3.cc09daeb9320c6932baa45affdbd010b.jpeg?odnHeight=580&odnWidth=580&odnBg=FFFFFF;Otras Mascotas > Alimento Humedo;https://super.lider.cl/browse/mascotas/gato/alimento-humedo/07089592_85723699_39598429;;1;2026-03-17T02:11:00
00779745300055;Alimento Húmedo Gato Adulto Sabor Pollo Pouch, 85 g;;810;9529;True;https://super.lider.cl/ip/gato/00779745300055;https://i5.walmartimages.cl/asr/db633774-7cc1-49a8-8288-0957d5ba3e9a.d07048598375b6e4d092826b7e35d0cb.jpeg?odnHeight=580&odnWidth=580&odnBg=FFFFFF;Otras Mascotas > Alimento Humedo;https://super.lider.cl/browse/mascotas/gato/alimento-humedo/07089592_85723699_39598429;;1;2026-03-17T02:11:00
00779745300042;Alimento Húmedo Gato Adulto Sabor Carne Pouch, 85 g;;810;9529;True;https://super.lider.cl/ip/gato/00779745300042;https://i5.walmartimages.cl/asr/15220109-be9f-40c9-abea-49b425dc45ee.3cfb0cece18f85c651c0651a8ec40fa2.jpeg?odnHeight=580&odnWidth=580&odnBg=FFFFFF;Otras Mascotas > Alimento Humedo;https://super.lider.cl/browse/mascotas/gato/alimento-humedo/07089592_85723699_39598429;;1;2026-03-17T02:11:00
00005000029048;Alimento Húmedo gato Salmón Lata, g g;;190;6410;True;https://super.lider.cl/ip/gato/00005000029048;https://i5.walmartimages.cl/asr/0f519e0c-66fa-4680-92b6-172931af7770.641c18e1f18d8a38363b0509fd2fe3f7.jpeg?null=&odnHeight=580&odnWidth=580&odnBg=FFFFFF;Otras Mascotas > Alimento Humedo;https://super.lider.cl/browse/mascotas/gato/alimento-humedo/07089592_85723699_39598429;;1;2026-03-17T02:11:00
00779745300041;Alimento Húmedo Gato Adulto Sabor Salmón Pouch, 85 g;;810;9529;True;https://super.lider.cl/ip/gato/00779745300041;https://i5.walmartimages.cl/asr/2621802a-c01e-4895-9428-152c12992bc6.1ed0c7a88843e4efd3f37a9797985ac9.jpeg?odnHeight=580&odnWidth=580&odnBg=FFFFFF;Otras Mascotas > Alimento Humedo;https://super.lider.cl/browse/mascotas/gato/alimento-humedo/07089592_85723699_39598429;;1;2026-03-17T02:11:00
00085595800655;Puré Cremoso Gato Adulto Sabor Atún Sachet, 56 g;;2950;52679;True;https://super.lider.cl/ip/gato/00085595800655;https://i5.walmartimages.cl/asr/94a25dc5-7119-4b18-975d-ce100969360a.6bd522cceba1d7055e5ae202900bd20b.jpeg?odnHeight=580&odnWidth=580&odnBg=FFFFFF;Otras Mascotas > Alimento Humedo;https://super.lider.cl/browse/mascotas/gato/alimento-humedo/07089592_85723699_39598429;;1;2026-03-17T02:11:00
00789100024106;Alimento Húmedo Gato Adulto Sabor Carne Pouch, 85 g;;850;10000;True;https://super.lider.cl/ip/gato/00789100024106;https://i5.walmartimages.cl/asr/e005e625-d901-4809-bf65-be4648eaf6ab.5445d69889d20e15feeaa86a41a5aae0.jpeg?odnHeight=580&odnWidth=580&odnBg=FFFFFF;Otras Mascotas > Alimento Humedo;https://super.lider.cl/browse/mascotas/gato/alimento-humedo/07089592_85723699_39598429;;1;2026-03-17T02:11:00
00779745300040;Alimento Húmedo Gatito Sabor Carne Pouch, 85 g;;810;9529;True;https://super.lider.cl/ip/gato/00779745300040;https://i5.walmartimages.cl/asr/2dac0745-51f2-45ec-b458-8301242eeb77.8ba23e05b81c665bca928cd58b09bae9.jpeg?odnHeight=580&odnWidth=580&odnBg=FFFFFF;Otras Mascotas > Alimento Humedo;https://super.lider.cl/browse/mascotas/gato/alimento-humedo/07089592_85723699_39598429;;1;2026-03-17T02:11:00
00005000029059;Alimento Húmedo Gato Adulto Sabor Atún Lata, 156 g;;190;6410;True;https://super.lider.cl/ip/gato/00005000029059;https://i5.walmartimages.cl/asr/b2b77a23-7ed6-446a-b129-b98d020ff65a.f2b8965f2aea377bd12f938b8c384eee.jpeg?odnHeight=580&odnWidth=580&odnBg=FFFFFF;Otras Mascotas > Alimento Humedo;https://super.lider.cl/browse/mascotas/gato/alimento-humedo/07089592_85723699_39598429;;1;2026-03-17T02:11:00
00789100024113;Alimento Húmedo Gato Adulto Sabor Pescado Blanco Pouch, 85 g;;850;10000;True;https://super.lider.cl/ip/gato/00789100024113;https://i5.walmartimages.cl/asr/a059cc91-8a7c-4d34-8870-d0bb7b576527.dd44b6863eaca8de4595e2131fc3ac1d.jpeg?odnHeight=580&odnWidth=580&odnBg=FFFFFF;Otras Mascotas > Alimento Humedo;https://super.lider.cl/browse/mascotas/gato/alimento-humedo/07089592_85723699_39598429;;1;2026-03-17T02:11:00
00789602904656;Alimento Húmedo Gato Adulto Sabor Atún en Salsa Pouch, 85 g;;810;9529;True;https://super.lider.cl/ip/gato/00789602904656;https://i5.walmartimages.cl/asr/04f4bc5d-b246-4ecf-8f3b-e04b43ccef83.95d6217a2ba74972e310ef92c8456049.jpeg?odnHeight=580&odnWidth=580&odnBg=FFFFFF;Otras Mascotas > Alimento Humedo;https://super.lider.cl/browse/mascotas/gato/alimento-humedo/07089592_85723699_39598429;;1;2026-03-17T02:11:00
00779745300147;Alimento Húmedo Gatito Soufflé Sabor Carne Pouch, 85 g;;810;9529;True;https://super.lider.cl/ip/gato/00779745300147;https://i5.walmartimages.cl/asr/cf857ee7-7e42-476b-b385-4adcb0c26881.bc0ab0850dc0fcee2fcfc250d3a81b4b.jpeg?odnHeight=580&odnWidth=580&odnBg=FFFFFF;Otras Mascotas > Alimento Humedo;https://super.lider.cl/browse/mascotas/gato/alimento-humedo/07089592_85723699_39598429;;1;2026-03-17T02:11:00
00789100024117;Alimento Húmedo Gato Adulto Sabor Pollo e Hígado Pouch, 85 g;;850;10000;True;https://super.lider.cl/ip/gato/00789100024117;https://i5.walmartimages.cl/asr/f2c5dfde-28fa-41fc-b8c9-d38e6a890507.bb9c8ad0e3796aa7564ddf42592f9b66.jpeg?null=&odnHeight=580&odnWidth=580&odnBg=FFFFFF;Otras Mascotas > Alimento Humedo;https://super.lider.cl/browse/mascotas/gato/alimento-humedo/07089592_85723699_39598429;;1;2026-03-17T02:11:00
00779745300043;Alimento Húmedo Gato Adulto Sabor Pavo Pouch, 85 g;;810;9529;True;https://super.lider.cl/ip/gato/00779745300043;https://i5.walmartimages.cl/asr/abfaa229-63ed-4307-9037-86f64a699dcc.b4f9867ca1e26bcd5b5b4dbdbf679322.jpeg?odnHeight=580&odnWidth=580&odnBg=FFFFFF;Otras Mascotas > Alimento Humedo;https://super.lider.cl/browse/mascotas/gato/alimento-humedo/07089592_85723699_39598429;;1;2026-03-17T02:11:00
00789100024062;Alimento Húmedo Gatito Sabor Carne Pouch, 85 g;;850;10000;True;https://super.lider.cl/ip/gato/00789100024062;https://i5.walmartimages.cl/asr/0547dc32-3df6-4e7a-973c-fa9de1a6b99c.04c6d1aa64ac59125c50250b85832362.jpeg?odnHeight=580&odnWidth=580&odnBg=FFFFFF;Otras Mascotas > Alimento Humedo;https://super.lider.cl/browse/mascotas/gato/alimento-humedo/07089592_85723699_39598429;;1;2026-03-17T02:11:00
00789100024058;Alimento Húmedo Gatito Sabor Pescado Pouch, 85 g;;850;10000;True;https://super.lider.cl/ip/gato/00789100024058;https://i5.walmartimages.cl/asr/744d799e-e5dd-4d15-b232-eb938d98b2c3.c6505c7ebef4d416242b3dae44000b81.jpeg?null=&odnHeight=580&odnWidth=580&odnBg=FFFFFF;Otras Mascotas > Alimento Humedo;https://super.lider.cl/browse/mascotas/gato/alimento-humedo/07089592_85723699_39598429;;1;2026-03-17T02:11:00
00789100012077;Alimento Húmedo Gato Adulto Sabor Atún Pouch, 85 g;;850;10000;True;https://super.lider.cl/ip/gato/00789100012077;https://i5.walmartimages.cl/asr/6a37bd6e-906a-44a3-b194-eb7392a7e8b0.185de35511ec651d710eb4de0f9ddbcb.jpeg?odnHeight=580&odnWidth=580&odnBg=FFFFFF;Otras Mascotas > Alimento Humedo;https://super.lider.cl/browse/mascotas/gato/alimento-humedo/07089592_85723699_39598429;;1;2026-03-17T02:11:00
00789100024108;Alimento Húmedo Gato Adulto Sabor Salmón Pouch, 85 g;;850;10000;True;https://super.lider.cl/ip/gato/00789100024108;https://i5.walmartimages.cl/asr/a1495b97-99d6-4e00-8e73-04b811ccba01.c5f21fe2032aac0f7ae12821c7148d96.jpeg?odnHeight=580&odnWidth=580&odnBg=FFFFFF;Otras Mascotas > Alimento Humedo;https://super.lider.cl/browse/mascotas/gato/alimento-humedo/07089592_85723699_39598429;;1;2026-03-17T02:11:00
00005000029068;Alimento Húmedo Gato Adulto Paté Pavo/Menudencia Lata, 156 g;;190;6410;True;https://super.lider.cl/ip/gato/00005000029068;https://i5.walmartimages.cl/asr/a468cc61-b3f0-41f1-ac6f-832ea1fadbdd.c7929752a2e647464cb00615a3c5bd76.jpeg?null=&odnHeight=580&odnWidth=580&odnBg=FFFFFF;Otras Mascotas > Alimento Humedo;https://super.lider.cl/browse/mascotas/gato/alimento-humedo/07089592_85723699_39598429;;1;2026-03-17T02:11:00
00789602904662;Alimento Húmedo Gato Adulto Castrado Sabor Carne Pouch, 85 g;;810;9529;True;https://super.lider.cl/ip/gato/00789602904662;https://i5.walmartimages.cl/asr/3d187107-453e-4125-93aa-66f73895ab9a.187f8155a038def1f4a62b61360c27f9.jpeg?null=&odnHeight=580&odnWidth=580&odnBg=FFFFFF;Otras Mascotas > Alimento Humedo;https://super.lider.cl/browse/mascotas/gato/alimento-humedo/07089592_85723699_39598429;;1;2026-03-17T02:11:00
00780410000165;Alimento Húmedo Gato Adulto Trocitos Sabor Salmón y Sardina Pouch, 100 g;;640;7529;True;https://super.lider.cl/ip/gato/00780410000165;https://i5.walmartimages.cl/asr/775f910e-a5e5-40e7-95d5-f58bccf31087.a7db47cf491e21883e13a4cf255b1754.jpeg?null=&odnHeight=580&odnWidth=580&odnBg=FFFFFF;Otras Mascotas > Alimento Humedo;https://super.lider.cl/browse/mascotas/gato/alimento-humedo/07089592_85723699_39598429;;1;2026-03-17T02:11:00
00780257553264;Alimento Húmedo Gatito Trocitos Sabor Carne Pouch, 85 g;;680;8000;True;https://super.lider.cl/ip/gato/00780257553264;https://i5.walmartimages.cl/asr/3b6a6889-7b03-4e51-a77a-c85eb43d65a6.b037e0e0b671582258f1212a64c49473.jpeg?null=&odnHeight=580&odnWidth=580&odnBg=FFFFFF;Otras Mascotas > Alimento Humedo;https://super.lider.cl/browse/mascotas/gato/alimento-humedo/07089592_85723699_39598429;;1;2026-03-17T02:11:00
00780410000242;Alimento Húmedo Gato Adulto Trocitos Sabor Atún y Salmón Pouch, 100 g;;640;6400;True;https://super.lider.cl/ip/gato/00780410000242;https://i5.walmartimages.cl/asr/360f188e-cc29-41d5-ba22-1820f7f0b9f1.0b70f5709554b29cd0192bc75def4aeb.jpeg?odnHeight=580&odnWidth=580&odnBg=FFFFFF;Otras Mascotas > Alimento Humedo;https://super.lider.cl/browse/mascotas/gato/alimento-humedo/07089592_85723699_39598429;;1;2026-03-17T02:11:00
00779745300149;Alimento Húmedo Gato Adulto Jelly Sabor Pescado Pouch, 85 g;;810;9529;True;https://super.lider.cl/ip/gato/00779745300149;https://i5.walmartimages.cl/asr/11cb7ffe-1113-493a-a857-f33fc6c5819d.c4223102e29563ccf491f71ae9890091.jpeg?odnHeight=580&odnWidth=580&odnBg=FFFFFF;Otras Mascotas > Alimento Humedo;https://super.lider.cl/browse/mascotas/gato/alimento-humedo/07089592_85723699_39598429;;1;2026-03-17T02:11:00
00789100033238;Alimento Humedo Gato Superfoods Sabor Salmon Pouch, 85 g;;1290;15176;True;https://super.lider.cl/ip/gato/00789100033238;https://i5.walmartimages.cl/asr/7719a04d-c54c-4c4d-a1b8-f4d1c92f4768.a9699630c5e6ef7c8119db6bd0416dd2.jpeg?null=&odnHeight=580&odnWidth=580&odnBg=FFFFFF;Otras Mascotas > Alimento Humedo;https://super.lider.cl/browse/mascotas/gato/alimento-humedo/07089592_85723699_39598429;;1;2026-03-17T02:11:00
00780443800329;Alimento Húmedo Gatito Sabor Carne y Leche Pouch, 85 g;;630;1000;True;https://super.lider.cl/ip/gato/00780443800329;https://i5.walmartimages.cl/asr/e9572380-7dcb-449a-8ccd-9903fdf9e1f6.0f6a6ae7f6062eef64700fec331d674e.jpeg?null=&odnHeight=580&odnWidth=580&odnBg=FFFFFF;Otras Mascotas > Alimento Humedo;https://super.lider.cl/browse/mascotas/gato/alimento-humedo/07089592_85723699_39598429;;1;2026-03-17T02:11:00
00780410000243;Alimento Húmedo Gato Adulto Trocitos Sabor Pollo y Pavo Pouch, 100 g;;640;7529;True;https://super.lider.cl/ip/gato/00780410000243;https://i5.walmartimages.cl/asr/29ceacf6-ef71-4c52-903f-96df95893fc4.aa77ad622b171fc215984692973871b1.jpeg?odnHeight=580&odnWidth=580&odnBg=FFFFFF;Otras Mascotas > Alimento Humedo;https://super.lider.cl/browse/mascotas/gato/alimento-humedo/07089592_85723699_39598429;;1;2026-03-17T02:11:00
00780443800327;Alimento Húmedo Gato Adulto Sabor Carne Pouch, 85 g;;630;1000;True;https://super.lider.cl/ip/gato/00780443800327;https://i5.walmartimages.cl/asr/6e110e7c-d468-4489-8dd4-f5cc6b29914d.39c46bfef3ff97f74826cbbb0901cda5.jpeg?null=&odnHeight=580&odnWidth=580&odnBg=FFFFFF;Otras Mascotas > Alimento Humedo;https://super.lider.cl/browse/mascotas/gato/alimento-humedo/07089592_85723699_39598429;;1;2026-03-17T02:11:00
00780257553173;Alimento Húmedo Gato Adulto Trocitos Sabor Carne Pouch, 85 g;;680;8000;True;https://super.lider.cl/ip/gato/00780257553173;https://i5.walmartimages.cl/asr/52babc65-da61-4a2d-9ba1-85f4472cccf6.4f4b8905c470d4ef5be393d5d6deefbf.jpeg?null=&odnHeight=580&odnWidth=580&odnBg=FFFFFF;Otras Mascotas > Alimento Humedo;https://super.lider.cl/browse/mascotas/gato/alimento-humedo/07089592_85723699_39598429;;1;2026-03-17T02:11:00
00780443800328;Alimento Húmedo Gato Adulto Sabor Salmón Pouch, 85 g;;630;1000;True;https://super.lider.cl/ip/gato/00780443800328;https://i5.walmartimages.cl/asr/e86a1af2-c4bf-4f85-9cf9-7e36a0209417.ecfe29572d52b4996a9f92fb7751ef53.jpeg?null=&odnHeight=580&odnWidth=580&odnBg=FFFFFF;Otras Mascotas > Alimento Humedo;https://super.lider.cl/browse/mascotas/gato/alimento-humedo/07089592_85723699_39598429;;1;2026-03-17T02:11:00
00779745300148;Alimento Húmedo Gato Adulto Jelly Sabor Carne Pouch, 85 g;;810;9529;True;https://super.lider.cl/ip/gato/00779745300148;https://i5.walmartimages.cl/asr/855a3bcd-36cf-4fec-ad90-ed1c4e348dd9.8dcb3928b4ff4a94c5b26e4f57ec6de0.jpeg?null=&odnHeight=580&odnWidth=580&odnBg=FFFFFF;Otras Mascotas > Alimento Humedo;https://super.lider.cl/browse/mascotas/gato/alimento-humedo/07089592_85723699_39598429;;1;2026-03-17T02:11:00
00780257553174;Alimento Húmedo Gato Adulto Trocitos Sabor Salmón Pouch, 85 g;;680;8000;True;https://super.lider.cl/ip/gato/00780257553174;https://i5.walmartimages.cl/asr/ec4f00b5-c86c-41c9-8893-75e97ad3c5f8.8a6094e2a58c21055d77080c5017d729.jpeg?null=&odnHeight=580&odnWidth=580&odnBg=FFFFFF;Otras Mascotas > Alimento Humedo;https://super.lider.cl/browse/mascotas/gato/alimento-humedo/07089592_85723699_39598429;;1;2026-03-17T02:11:00
00789100033242;Alimento Húmedo Gato Adulto Super Nutrientes Sabor Carne Pouch, 85 g;;1290;15176;True;https://super.lider.cl/ip/gato/00789100033242;https://i5.walmartimages.cl/asr/5d21598c-b370-4d4b-aaad-0f881d854b5f.445182fadc78a47ddf8ccfcd751a5135.jpeg?null=&odnHeight=580&odnWidth=580&odnBg=FFFFFF;Otras Mascotas > Alimento Humedo;https://super.lider.cl/browse/mascotas/gato/alimento-humedo/07089592_85723699_39598429;;1;2026-03-17T02:11:00
00789100033246;Alimento Húmedo Gato Adulto Sabor Salmón, Atún y Pescado Blanco Pouch, 85 g;;1290;15176;True;https://super.lider.cl/ip/gato/00789100033246;https://i5.walmartimages.cl/asr/85f1abce-ee5e-42fc-8cb9-e3dd9c7a362b.27efadda78b52836026450f01cca9d10.jpeg?null=&odnHeight=580&odnWidth=580&odnBg=FFFFFF;Otras Mascotas > Alimento Humedo;https://super.lider.cl/browse/mascotas/gato/alimento-humedo/07089592_85723699_39598429;;1;2026-03-17T02:11:00
00780257553411;Alimento Húmedo Gato Adulto Trocitos Sabor Atún Pouch, 85 g;;680;8000;True;https://super.lider.cl/ip/gato/00780257553411;https://i5.walmartimages.cl/asr/10f5745d-3831-4dc1-9af5-199799063589.098a068afe47079a489bd1b4300076ab.jpeg?null=&odnHeight=580&odnWidth=580&odnBg=FFFFFF;Otras Mascotas > Alimento Humedo;https://super.lider.cl/browse/mascotas/gato/alimento-humedo/07089592_85723699_39598429;;1;2026-03-17T02:11:00
00780257553398;Alimento Húmedo Gato Adulto Sabor Pechuga de Pollo con Salmón al Jugo Pouch, 85 g;;1250;14706;True;https://super.lider.cl/ip/gato/00780257553398;https://i5.walmartimages.cl/asr/5bbf7b7a-1210-4f21-bf43-ec423a95164f.90e7f2487bb25fb67a398ca050a3f4ea.jpeg?null=&odnHeight=580&odnWidth=580&odnBg=FFFFFF;Otras Mascotas > Alimento Humedo;https://super.lider.cl/browse/mascotas/gato/alimento-humedo/07089592_85723699_39598429;;1;2026-03-17T02:11:00
00074674766584;Caldo para Gato de Vacuno, 50 g;;1090;1090;False;https://super.lider.cl/ip/gato/00074674766584;https://i5.walmartimages.cl/asr/aaf5bd40-2171-48dc-99e2-5c172f320117.f1f9fb474564241c0edf951d7a46e919.jpeg?odnHeight=580&odnWidth=580&odnBg=FFFFFF;Otras Mascotas > Alimento Humedo;https://super.lider.cl/browse/mascotas/gato/alimento-humedo/07089592_85723699_39598429;;1;2026-03-17T02:11:00
00074674766583;Caldo de Pato para Gato Pouch, 50 g;;1090;1090;False;https://super.lider.cl/ip/gato/00074674766583;https://i5.walmartimages.cl/asr/0455cd50-a9e8-4b55-b9bf-6ad1b86e93cf.4e56ae5f99a56a0dd4860361bdd204bf.jpeg?odnHeight=580&odnWidth=580&odnBg=FFFFFF;Otras Mascotas > Alimento Humedo;https://super.lider.cl/browse/mascotas/gato/alimento-humedo/07089592_85723699_39598429;;1;2026-03-17T02:11:00
00074674766582;Caldo de Salmón para Gato Pouch, 50 g;;1090;1090;False;https://super.lider.cl/ip/gato/00074674766582;https://i5.walmartimages.cl/asr/fc8b3e96-6985-4174-a3ac-014487c6ae5b.c1eb41d07f55b1f2ed6345761d91dd79.jpeg?odnHeight=580&odnWidth=580&odnBg=FFFFFF;Otras Mascotas > Alimento Humedo;https://super.lider.cl/browse/mascotas/gato/alimento-humedo/07089592_85723699_39598429;;1;2026-03-17T02:11:00
00085595800666;Puré Cremoso Gato Adulto Sabor Atún y Salmón Sachet, 56 g;;2950;52679;True;https://super.lider.cl/ip/gato/00085595800666;https://i5.walmartimages.cl/asr/f1e63ed8-acd0-40a8-918e-5fb51f729c45.08539213693e46bd03bba9957d13bc0d.jpeg?odnHeight=580&odnWidth=580&odnBg=FFFFFF;Otras Mascotas > Alimento Humedo;https://super.lider.cl/browse/mascotas/gato/alimento-humedo/07089592_85723699_39598429;;1;2026-03-17T02:11:00
00085595800657;Puré Cremoso Gato Adulto Sabor Pollo Sachet, 56 g;;2950;52679;True;https://super.lider.cl/ip/gato/00085595800657;https://i5.walmartimages.cl/asr/2f5ae63a-91c7-471a-9745-5d1f1c2ff9b3.cc09daeb9320c6932baa45affdbd010b.jpeg?odnHeight=580&odnWidth=580&odnBg=FFFFFF;Otras Mascotas > Snack y Premios;https://super.lider.cl/browse/mascotas/gato/snack-y-premios/07089592_85723699_83034796;;1;2026-03-17T02:12:28
00085595800655;Puré Cremoso Gato Adulto Sabor Atún Sachet, 56 g;;2950;52679;True;https://super.lider.cl/ip/gato/00085595800655;https://i5.walmartimages.cl/asr/94a25dc5-7119-4b18-975d-ce100969360a.6bd522cceba1d7055e5ae202900bd20b.jpeg?odnHeight=580&odnWidth=580&odnBg=FFFFFF;Otras Mascotas > Snack y Premios;https://super.lider.cl/browse/mascotas/gato/snack-y-premios/07089592_85723699_83034796;;1;2026-03-17T02:12:28
00780445700263;Snack Gato Líquido Variedades Caja, 360 g;;9990;27749;True;https://super.lider.cl/ip/gato/00780445700263;https://i5.walmartimages.cl/asr/94754f0f-c7a5-4139-9cc3-081ba337a76c.9628a361e5fbfb3522eea4fd75ffb70e.jpeg?odnHeight=580&odnWidth=580&odnBg=FFFFFF;Otras Mascotas > Snack y Premios;https://super.lider.cl/browse/mascotas/gato/snack-y-premios/07089592_85723699_83034796;;1;2026-03-17T02:12:28
00789100024749;Snack Gato Adulto Dental Sabor Pollo Bolsa, 40 g;;1490;37250;True;https://super.lider.cl/ip/gato/00789100024749;https://i5.walmartimages.cl/asr/ae6070ba-75f9-429f-80ae-fa9addb82288.9f9e2381db7119a381a93330f342a58b.jpeg?null=&odnHeight=580&odnWidth=580&odnBg=FFFFFF;Otras Mascotas > Snack y Premios;https://super.lider.cl/browse/mascotas/gato/snack-y-premios/07089592_85723699_83034796;;1;2026-03-17T02:12:28
00065952511111;Galletas Gato Adulto Catnip y Pollo Bolsa, 65 g;;340;19231;True;https://super.lider.cl/ip/gato/00065952511111;https://i5.walmartimages.cl/asr/122f96bb-53b4-4d73-94d3-5cc1d248bce9.c053d5cdfe1459942beb358f808e0a8e.jpeg?null=&odnHeight=580&odnWidth=580&odnBg=FFFFFF;Otras Mascotas > Snack y Premios;https://super.lider.cl/browse/mascotas/gato/snack-y-premios/07089592_85723699_83034796;;1;2026-03-17T02:12:28
00780445700262;Snack Gato Líquido Sabor Mix del Mar Caja, 360 g;;9990;27749;True;https://super.lider.cl/ip/gato/00780445700262;https://i5.walmartimages.cl/asr/e177572f-79a6-4b41-824d-0c82a403d8d8.7bc4de8d4978ad56441dc24ca40781e2.jpeg?odnHeight=580&odnWidth=580&odnBg=FFFFFF;Otras Mascotas > Snack y Premios;https://super.lider.cl/browse/mascotas/gato/snack-y-premios/07089592_85723699_83034796;;1;2026-03-17T02:12:28
00076506676528;Galleta Rellena Gato Sabor Salmon con Hierba Gatera Caja, g;;1790;22375;True;https://super.lider.cl/ip/gato/00076506676528;https://i5.walmartimages.cl/asr/941b439b-fd7a-4fe7-9c42-18e7f65a1282.cc6cc3a6270f0d4ff2e44fee9df08197.jpeg?null=&odnHeight=580&odnWidth=580&odnBg=FFFFFF;Otras Mascotas > Snack y Premios;https://super.lider.cl/browse/mascotas/gato/snack-y-premios/07089592_85723699_83034796;;1;2026-03-17T02:12:28
00789100011757;Snack Gato Adulto Travesuras Original Mix Pollo, Hígado y Pavo Bolsa, 60 g;;1650;27500;True;https://super.lider.cl/ip/gato/00789100011757;https://i5.walmartimages.cl/asr/68631753-b63f-4d36-9e8f-20b6abae7d37.13c5d6bf8944cc890a2d24afa0c988ea.jpeg?null=&odnHeight=580&odnWidth=580&odnBg=FFFFFF;Otras Mascotas > Snack y Premios;https://super.lider.cl/browse/mascotas/gato/snack-y-premios/07089592_85723699_83034796;;1;2026-03-17T02:12:28
00076506676524;Galleta Gato con Catnip Sabor Pollo con Hierba Gatera Caja, g;;1790;22375;True;https://super.lider.cl/ip/gato/00076506676524;https://i5.walmartimages.cl/asr/85489810-10b5-46b8-b1ba-36fded9de170.bf54d75acc46388cbb1856aea2aa0f4f.jpeg?null=&odnHeight=580&odnWidth=580&odnBg=FFFFFF;Otras Mascotas > Snack y Premios;https://super.lider.cl/browse/mascotas/gato/snack-y-premios/07089592_85723699_83034796;;1;2026-03-17T02:12:28
00076506676526;Galleta Rellena Gato Sabor Salmon con Pollo Caja, g;;1790;22375;True;https://super.lider.cl/ip/gato/00076506676526;https://i5.walmartimages.cl/asr/27ef7c1b-f0a1-426a-8377-c7b39e867910.3ac4408f52bf3ace14482f7028efc6f4.jpeg?null=&odnHeight=580&odnWidth=580&odnBg=FFFFFF;Otras Mascotas > Snack y Premios;https://super.lider.cl/browse/mascotas/gato/snack-y-premios/07089592_85723699_83034796;;1;2026-03-17T02:12:28
00779745397380;Snack Gato Adulto Pellet Sabroso Sabor Pollo Bolsa, 80 g;;1890;23625;True;https://super.lider.cl/ip/gato/00779745397380;https://i5.walmartimages.cl/asr/8bd860c5-2a4f-452a-856a-e7c094c95570.f9c4adb149f182fc6fdd86706dd0b67b.jpeg?odnHeight=580&odnWidth=580&odnBg=FFFFFF;Otras Mascotas > Snack y Premios;https://super.lider.cl/browse/mascotas/gato/snack-y-premios/07089592_85723699_83034796;;1;2026-03-17T02:12:28
00779745397381;Snack Gato Adulto Pellet Tentador Sabor Carne Bolsa, 80 g;;1890;23625;True;https://super.lider.cl/ip/gato/00779745397381;https://i5.walmartimages.cl/asr/3873e9f5-37f5-43e8-ab25-897a6d769d55.a922e21185ab283fb2052f42dc8a857b.jpeg?odnHeight=580&odnWidth=580&odnBg=FFFFFF;Otras Mascotas > Snack y Premios;https://super.lider.cl/browse/mascotas/gato/snack-y-premios/07089592_85723699_83034796;;1;2026-03-17T02:12:28
00076506676858;Snack Gato Cremoso Sabor Cangrejo Bolsa, 60 g;;1790;29833;True;https://super.lider.cl/ip/gato/00076506676858;https://i5.walmartimages.cl/asr/d1a829c6-0f71-44bc-8aac-54d2f268dd6d.db12e8439d2ac03206a9fd98b43dc46b.jpeg?odnHeight=580&odnWidth=580&odnBg=FFFFFF;Otras Mascotas > Snack y Premios;https://super.lider.cl/browse/mascotas/gato/snack-y-premios/07089592_85723699_83034796;;1;2026-03-17T02:12:28
00779745397382;Snack Gato Adulto Pellet Delicioso Sabor Salmón Bolsa, 80 g;;1890;23625;True;https://super.lider.cl/ip/gato/00779745397382;https://i5.walmartimages.cl/asr/0b554b7a-e4d3-465b-a26e-41dfdd2b6304.cc4a53cf8a56596a62cedcb97b5d69d8.jpeg?odnHeight=580&odnWidth=580&odnBg=FFFFFF;Otras Mascotas > Snack y Premios;https://super.lider.cl/browse/mascotas/gato/snack-y-premios/07089592_85723699_83034796;;1;2026-03-17T02:12:28
00780445700247;Snack Gato Líquido Sabor Pollo Bolsa, g Un;;1990;3316;True;https://super.lider.cl/ip/gato/00780445700247;https://i5.walmartimages.cl/asr/5f0199a3-cd33-44d5-9043-470c8937e897.fef89563b1fca4686b76fd5ddce2160b.jpeg?null=&odnHeight=580&odnWidth=580&odnBg=FFFFFF;Otras Mascotas > Snack y Premios;https://super.lider.cl/browse/mascotas/gato/snack-y-premios/07089592_85723699_83034796;;1;2026-03-17T02:12:28
00780445700261;Snack Gato Líquido Mix Pollo Caja, 360 g;;9990;27749;True;https://super.lider.cl/ip/gato/00780445700261;https://i5.walmartimages.cl/asr/1ac450f1-c25b-4ec3-a6e7-5d97b7f7dd6e.37155e88fd56f2154d26ed0f9cd02d9f.jpeg?odnHeight=580&odnWidth=580&odnBg=FFFFFF;Otras Mascotas > Snack y Premios;https://super.lider.cl/browse/mascotas/gato/snack-y-premios/07089592_85723699_83034796;;1;2026-03-17T02:12:28
00400823924190;Snack Gato Catstick Conejo y Pato, g;;2290;127222;True;https://super.lider.cl/ip/gato/00400823924190;https://i5.walmartimages.cl/asr/887bfe18-d604-4bab-bfb0-ad165514ef77.4af22dbb3ff854b3d5952888cbfe0afc.jpeg?odnHeight=580&odnWidth=580&odnBg=FFFFFF;Otras Mascotas > Snack y Premios;https://super.lider.cl/browse/mascotas/gato/snack-y-premios/07089592_85723699_83034796;;1;2026-03-17T02:12:28
00076506676522;Galleta Gato con Catnip Sabor Salmon Hierba Gatera Caja, g ml;;1790;22375;True;https://super.lider.cl/ip/gato/00076506676522;https://i5.walmartimages.cl/asr/00d60b70-6be0-4452-a357-5a732fd386bb.e161574363ae5960108b347ed6881367.jpeg?null=&odnHeight=580&odnWidth=580&odnBg=FFFFFF;Otras Mascotas > Snack y Premios;https://super.lider.cl/browse/mascotas/gato/snack-y-premios/07089592_85723699_83034796;;1;2026-03-17T02:12:28
00076506676859;Snack Gato Cremoso Sabor Salmón con Matababi Bolsa, g;;1790;29833;True;https://super.lider.cl/ip/gato/00076506676859;https://i5.walmartimages.cl/asr/94aca496-b3b6-4411-8cb4-c2ebe2757eb7.ec6edd03e6e74d832c7dacee4bc49869.jpeg?odnHeight=580&odnWidth=580&odnBg=FFFFFF;Otras Mascotas > Snack y Premios;https://super.lider.cl/browse/mascotas/gato/snack-y-premios/07089592_85723699_83034796;;1;2026-03-17T02:12:28
00065952511110;Galletas Gato Adulto Catnip y Atún Bolsa, 65 g;;340;19231;True;https://super.lider.cl/ip/gato/00065952511110;https://i5.walmartimages.cl/asr/f6582b8e-7e06-4386-867e-6d342ca238c2.e130912fcf1f8e316f70965e19769ea4.jpeg?null=&odnHeight=580&odnWidth=580&odnBg=FFFFFF;Otras Mascotas > Snack y Premios;https://super.lider.cl/browse/mascotas/gato/snack-y-premios/07089592_85723699_83034796;;1;2026-03-17T02:12:28
00789100011759;Snack Gato Adulto Travesuras Ocean Mix Camarón, Salmón y Atún Bolsa, 60 g;;1650;27500;True;https://super.lider.cl/ip/gato/00789100011759;https://i5.walmartimages.cl/asr/1394cb2f-fe6e-4dcf-847c-ebe53a2dc173.dfb3b48a86e7f8e706e3680455e0735c.jpeg?null=&odnHeight=580&odnWidth=580&odnBg=FFFFFF;Otras Mascotas > Snack y Premios;https://super.lider.cl/browse/mascotas/gato/snack-y-premios/07089592_85723699_83034796;;1;2026-03-17T02:12:28
00400823931219;Snack Gato Catstick Pollo Hierbagatera, g;;2290;127222;True;https://super.lider.cl/ip/gato/00400823931219;https://i5.walmartimages.cl/asr/e4efdb74-9ae4-45fb-960f-38b0ff142d07.60f08dcee134d9b30c1eb03e691a283e.jpeg?odnHeight=580&odnWidth=580&odnBg=FFFFFF;Otras Mascotas > Snack y Premios;https://super.lider.cl/browse/mascotas/gato/snack-y-premios/07089592_85723699_83034796;;1;2026-03-17T02:12:28
00780460346592;Snack Gato catnip Grain Free, 60 g;;340;25625;True;https://super.lider.cl/ip/gato/00780460346592;https://i5.walmartimages.cl/asr/afdebf2a-5ed9-489a-8608-26abd46c6c50.4a1ede1255ea5d72beb694a9652cd50f.jpeg?odnHeight=580&odnWidth=580&odnBg=FFFFFF;Otras Mascotas > Snack y Premios;https://super.lider.cl/browse/mascotas/gato/snack-y-premios/07089592_85723699_83034796;;1;2026-03-17T02:12:28
00400823939314;Snack Gato Catstick Salmón, g;;2290;127222;True;https://super.lider.cl/ip/gato/00400823939314;https://i5.walmartimages.cl/asr/b11cf357-2206-4d07-a15f-e362171589f9.2be7acae714f17029fbedabb349c2cd0.jpeg?odnHeight=580&odnWidth=580&odnBg=FFFFFF;Otras Mascotas > Snack y Premios;https://super.lider.cl/browse/mascotas/gato/snack-y-premios/07089592_85723699_83034796;;1;2026-03-17T02:12:28
00076506676529;Galleta Rellena Gato Sabor Atún con Pollo, g;;1790;22375;True;https://super.lider.cl/ip/gato/00076506676529;https://i5.walmartimages.cl/asr/f329eadd-8f3d-45bf-8dc5-29affd9b6ea1.f1f3c36244dc6bb36723a9948f2e0eb3.jpeg?null=&odnHeight=580&odnWidth=580&odnBg=FFFFFF;Otras Mascotas > Snack y Premios;https://super.lider.cl/browse/mascotas/gato/snack-y-premios/07089592_85723699_83034796;;1;2026-03-17T02:12:28
00076506676857;Snack Gato Cremoso Sabor Atún Bolsa, g;;1790;29833;True;https://super.lider.cl/ip/gato/00076506676857;https://i5.walmartimages.cl/asr/fb2f81a8-73c3-4038-88ce-cf48ebb61cba.96c63584134554645d01da9f9d1ee94c.jpeg?odnHeight=580&odnWidth=580&odnBg=FFFFFF;Otras Mascotas > Snack y Premios;https://super.lider.cl/browse/mascotas/gato/snack-y-premios/07089592_85723699_83034796;;1;2026-03-17T02:12:28
00076506676523;Galleta Gato con Catnip Sabor Atún con Hierba Gatera Caja, g;;1790;22375;True;https://super.lider.cl/ip/gato/00076506676523;https://i5.walmartimages.cl/asr/9de828df-f140-4e80-9659-f60694bf6bee.27402d3154f7eac1910168b62907901b.jpeg?null=&odnHeight=580&odnWidth=580&odnBg=FFFFFF;Otras Mascotas > Snack y Premios;https://super.lider.cl/browse/mascotas/gato/snack-y-premios/07089592_85723699_83034796;;1;2026-03-17T02:12:28
00076506676856;Snack Gato Cremoso Sabor Camarón Bolsa, 60 g;;1790;29833;True;https://super.lider.cl/ip/gato/00076506676856;https://i5.walmartimages.cl/asr/c070e7b7-7597-468a-afb8-1ca437655ea8.3db7a596fa789f801bedf10b47bc1900.jpeg?odnHeight=580&odnWidth=580&odnBg=FFFFFF;Otras Mascotas > Snack y Premios;https://super.lider.cl/browse/mascotas/gato/snack-y-premios/07089592_85723699_83034796;;1;2026-03-17T02:12:28
00076506676527;Galleta Rellena Gato Sabor Atún con Queso, 80 g;;1790;22375;True;https://super.lider.cl/ip/gato/00076506676527;https://i5.walmartimages.cl/asr/34639191-550e-4844-a9ec-588be6b47c14.9da46350b310ddaedb7dd04376ae3b14.jpeg?null=&odnHeight=580&odnWidth=580&odnBg=FFFFFF;Otras Mascotas > Snack y Premios;https://super.lider.cl/browse/mascotas/gato/snack-y-premios/07089592_85723699_83034796;;1;2026-03-17T02:12:28
00780445700249;Snack Gato Líquido Salmón Atún Bolsa, g g;;1990;3316;True;https://super.lider.cl/ip/gato/00780445700249;https://i5.walmartimages.cl/asr/1ecc5ab6-7fe2-4e6b-b41d-4fa7b8c26725.be5815ff12a1f08bb60c3d4d254bc52c.jpeg?null=&odnHeight=580&odnWidth=580&odnBg=FFFFFF;Otras Mascotas > Snack y Premios;https://super.lider.cl/browse/mascotas/gato/snack-y-premios/07089592_85723699_83034796;;1;2026-03-17T02:12:28
00780445700248;Snack Gato Líquido Sabor Atún Bolsa, g g;;1990;3316;True;https://super.lider.cl/ip/gato/00780445700248;https://i5.walmartimages.cl/asr/bfc21913-648e-4dd7-bf32-16ff685fa250.ce25883f61c5654a7816c5953c728194.jpeg?null=&odnHeight=580&odnWidth=580&odnBg=FFFFFF;Otras Mascotas > Snack y Premios;https://super.lider.cl/browse/mascotas/gato/snack-y-premios/07089592_85723699_83034796;;1;2026-03-17T02:12:28
00074674766598;Alimento Húmedo para Gato Tiritas Suaves de Salmón, 65 g;;1990;1990;False;https://super.lider.cl/ip/gato/00074674766598;https://i5.walmartimages.cl/asr/18fb1d47-d2a1-430d-94de-cda7dc43188e.e47c6ad43274e58b6496137f11265a43.jpeg?odnHeight=580&odnWidth=580&odnBg=FFFFFF;Otras Mascotas > Snack y Premios;https://super.lider.cl/browse/mascotas/gato/snack-y-premios/07089592_85723699_83034796;;1;2026-03-17T02:12:28
00074674766597;Alimento Húmedo para Gato Tiritas Suaves de Vacuno, 65 g;;1990;1990;False;https://super.lider.cl/ip/gato/00074674766597;https://i5.walmartimages.cl/asr/8db16f9c-e3a2-4b84-8f83-955eea4b3099.52d3c34dfbf89c9afafdac1ec36baf5b.jpeg?odnHeight=580&odnWidth=580&odnBg=FFFFFF;Otras Mascotas > Snack y Premios;https://super.lider.cl/browse/mascotas/gato/snack-y-premios/07089592_85723699_83034796;;1;2026-03-17T02:12:28
00885139300421;Snacks Húmedo Gato Sabor Maguro Y Vieras, 48 g;;990;41667;True;https://super.lider.cl/ip/gato/00885139300421;https://i5.walmartimages.cl/asr/0dc504ca-45fb-43c9-9555-3f0f259b355f.31a4c6d944688e7a19f141083c7eac9b.jpeg?null=&odnHeight=580&odnWidth=580&odnBg=FFFFFF;Otras Mascotas > Snack y Premios;https://super.lider.cl/browse/mascotas/gato/snack-y-premios/07089592_85723699_83034796;;1;2026-03-17T02:12:28
00885139300418;Snacks Humedo Gato sabor Salmon y Queso, 48 g;;990;41667;True;https://super.lider.cl/ip/gato/00885139300418;https://i5.walmartimages.cl/asr/12f16789-db8b-4257-8b3e-6006ca765e25.d9f1e6a851caa0258a7ceded72b25dc7.jpeg?null=&odnHeight=580&odnWidth=580&odnBg=FFFFFF;Otras Mascotas > Snack y Premios;https://super.lider.cl/browse/mascotas/gato/snack-y-premios/07089592_85723699_83034796;;1;2026-03-17T02:12:28
00074674766596;Alimento Húmedo para Gato Tiritas Suaves de Pato, 65 g;;1990;1990;False;https://super.lider.cl/ip/gato/00074674766596;https://i5.walmartimages.cl/asr/501ac99c-1443-4bac-8344-d757a124b077.c665e85b204cf550f71d82c64a185147.jpeg?odnHeight=580&odnWidth=580&odnBg=FFFFFF;Otras Mascotas > Snack y Premios;https://super.lider.cl/browse/mascotas/gato/snack-y-premios/07089592_85723699_83034796;;1;2026-03-17T02:12:28
00780465625207;Puré Cremoso Gato Adulto Sabor Atún y Salmón Sachet, 70 g;;430;2150;True;https://super.lider.cl/ip/gato/00780465625207;https://i5.walmartimages.cl/asr/8c154af8-7277-4c60-9593-36cf9daac6ec.fb6303730eb59ed4304a316b4731438f.jpeg?null=&odnHeight=580&odnWidth=580&odnBg=FFFFFF;Otras Mascotas > Snack y Premios;https://super.lider.cl/browse/mascotas/gato/snack-y-premios/07089592_85723699_83034796;;1;2026-03-17T02:12:28
00885139300415;Snacks Húmedo Gato Sabor Pollo Y Atun, 48 g;;990;41667;True;https://super.lider.cl/ip/gato/00885139300415;https://i5.walmartimages.cl/asr/cd5cdf1c-82c6-4af6-baef-9d8c20f44de8.0226fbbdb221c10987b4a193e67b8d38.jpeg?null=&odnHeight=580&odnWidth=580&odnBg=FFFFFF;Otras Mascotas > Snack y Premios;https://super.lider.cl/browse/mascotas/gato/snack-y-premios/07089592_85723699_83034796;;1;2026-03-17T02:12:28
00780465625208;Puré Cremoso Gato Adulto Sabor Atún Sachet, 70 g;;430;2150;True;https://super.lider.cl/ip/gato/00780465625208;https://i5.walmartimages.cl/asr/546ff01f-dc79-4828-bd29-22786a7cefbf.b25805b1c319372926542c38529c25e5.jpeg?null=&odnHeight=580&odnWidth=580&odnBg=FFFFFF;Otras Mascotas > Snack y Premios;https://super.lider.cl/browse/mascotas/gato/snack-y-premios/07089592_85723699_83034796;;1;2026-03-17T02:12:28
00074674766581;Cream Snack Mix Gato 30 un, 420 g;;10990;10990;False;https://super.lider.cl/ip/gato/00074674766581;https://i5.walmartimages.cl/asr/03dd0fb5-925b-4c6c-97b3-789fc006c30d.39043540ee48eecef7227c4d3f397b6e.jpeg?odnHeight=580&odnWidth=580&odnBg=FFFFFF;Otras Mascotas > Snack y Premios;https://super.lider.cl/browse/mascotas/gato/snack-y-premios/07089592_85723699_83034796;;1;2026-03-17T02:12:28
00072016779978;Snack Gatos Cubitos de Salmón, 50 g;;2890;5780;True;https://super.lider.cl/ip/gato/00072016779978;https://i5.walmartimages.cl/asr/6af81e0e-3f98-480b-a5b2-e2ad68273805.49182f6c54b0d0312e15bd5ed91b4486.jpeg?odnHeight=580&odnWidth=580&odnBg=FFFFFF;Otras Mascotas > Snack y Premios;https://super.lider.cl/browse/mascotas/gato/snack-y-premios/07089592_85723699_83034796;;1;2026-03-17T02:12:28
00072016779975;Sazonador Cerdo Gatos, 70 g;;4390;6271;True;https://super.lider.cl/ip/gato/00072016779975;https://i5.walmartimages.cl/asr/4e8f31a1-2017-4dbc-a5d9-c1aa069c6046.5bb39369c33070442d6678ae1ad9a74b.jpeg?odnHeight=580&odnWidth=580&odnBg=FFFFFF;Otras Mascotas > Snack y Premios;https://super.lider.cl/browse/mascotas/gato/snack-y-premios/07089592_85723699_83034796;;1;2026-03-17T02:12:28
00072016779983;Snack Gatos Choritos, 50 g;;2890;5780;True;https://super.lider.cl/ip/gato/00072016779983;https://i5.walmartimages.cl/asr/54a47f11-64d6-49d7-816f-247895eb4321.c9d3195d9fa3d2a97fe731c7aca4622e.jpeg?odnHeight=580&odnWidth=580&odnBg=FFFFFF;Otras Mascotas > Snack y Premios;https://super.lider.cl/browse/mascotas/gato/snack-y-premios/07089592_85723699_83034796;;1;2026-03-17T02:12:28
00780465625209;Puré Cremoso Gato Adulto Sabor Salmón Sachet, 70 g;;430;2150;True;https://super.lider.cl/ip/gato/00780465625209;https://i5.walmartimages.cl/asr/6f941904-9a5f-4384-b922-9e4d574818e5.dfd6f210d87368486f7d350797805e21.jpeg?null=&odnHeight=580&odnWidth=580&odnBg=FFFFFF;Otras Mascotas > Snack y Premios;https://super.lider.cl/browse/mascotas/gato/snack-y-premios/07089592_85723699_83034796;;1;2026-03-17T02:12:28
00085595800666;Puré Cremoso Gato Adulto Sabor Atún y Salmón Sachet, 56 g;;2950;52679;True;https://super.lider.cl/ip/gato/00085595800666;https://i5.walmartimages.cl/asr/f1e63ed8-acd0-40a8-918e-5fb51f729c45.08539213693e46bd03bba9957d13bc0d.jpeg?odnHeight=580&odnWidth=580&odnBg=FFFFFF;Otras Mascotas > Snack y Premios;https://super.lider.cl/browse/mascotas/gato/snack-y-premios/07089592_85723699_83034796?page=2;;2;2026-03-17T02:12:49
00780464753084;Alimento para Conejos Bolsa, 1 Kg;;2390;2390;False;https://super.lider.cl/ip/otras-mascotas/00780464753084;https://i5.walmartimages.cl/asr/c8b79a2c-d5fc-4887-8ea8-220d6e7dacb2.9bb1ec51561e9f2f0d5dd9d1a07774e1.jpeg?null=&odnHeight=580&odnWidth=580&odnBg=FFFFFF;Otras Mascotas > Alimento Conejo;https://super.lider.cl/browse/mascotas/otras-mascotas/alimento-conejo/07089592_42714284_49619948;;1;2026-03-17T02:13:15
00780464753078;Alimento Alpiste Bolsa, 1 Kg;;3390;3390;False;https://super.lider.cl/ip/otras-mascotas/00780464753078;https://i5.walmartimages.cl/asr/59c04758-702f-4e75-8cdf-288f4b0c8e1c.788e9545d67e9a1ec00fcd8cb425c178.jpeg?null=&odnHeight=580&odnWidth=580&odnBg=FFFFFF;Otras Mascotas > Alimento Pajaro;https://super.lider.cl/browse/mascotas/otras-mascotas/alimento-pajaro/07089592_42714284_59337773;;1;2026-03-17T02:13:42
00780464753080;Alimento para Catitas Bolsa, 1 Kg;;3990;3990;False;https://super.lider.cl/ip/otras-mascotas/00780464753080;https://i5.walmartimages.cl/asr/0bc8380c-2a1d-4f8c-9261-cac6f74fc4a9.f4839a8c977bb6f0aca2d9ea2b8739c0.jpeg?null=&odnHeight=580&odnWidth=580&odnBg=FFFFFF;Otras Mascotas > Alimento Pajaro;https://super.lider.cl/browse/mascotas/otras-mascotas/alimento-pajaro/07089592_42714284_59337773;;1;2026-03-17T02:13:42
00780464753087;Alimento para Hámsters y Jerbos Bolsa, 1 Kg;;3990;3990;False;https://super.lider.cl/ip/otras-mascotas/00780464753087;https://i5.walmartimages.cl/asr/24869568-f82e-43d0-bd35-c73c589656eb.143e572fdcb4a8d16aac41d146ac8ca0.jpeg?null=&odnHeight=580&odnWidth=580&odnBg=FFFFFF;Otras Mascotas > Alimento Roedor;https://super.lider.cl/browse/mascotas/otras-mascotas/alimento-roedor/07089592_42714284_53427902;;1;2026-03-17T02:14:09
00780410056202;Alimento para Hámsters y Jerbos Bolsa, 500 gr;;2090;4180;True;https://super.lider.cl/ip/otras-mascotas/00780410056202;https://i5.walmartimages.cl/asr/97fa3cdd-d005-41e0-bf78-22ef748edcfe.a801f1f36acf5e59bb0f9fca72817bc8.jpeg?null=&odnHeight=580&odnWidth=580&odnBg=FFFFFF;Otras Mascotas > Alimento Roedor;https://super.lider.cl/browse/mascotas/otras-mascotas/alimento-roedor/07089592_42714284_53427902;;1;2026-03-17T02:14:09
00063424000439;Arena Sanitaria para Gato Aglutinante con Aroma a Lavanda Bolsa, 9 Kg;;1210;10890;True;https://super.lider.cl/ip/higiene-y-bienestar/00063424000439;https://i5.walmartimages.cl/asr/f7e6e282-3cc7-41ee-8dfa-9611dc039ebf.e5ee87da2e6b84d6a60ff69ac087c818.jpeg?null=&odnHeight=580&odnWidth=580&odnBg=FFFFFF;Otras Mascotas > Arena para Gato;https://super.lider.cl/browse/mascotas/higiene-y-bienestar/arena-para-gato/07089592_02342029_67185424;;1;2026-03-17T02:14:36
00780460346503;Arena Sanitaria para Gato Aglutinante con Aroma a Lavanda Bolsa, 2 Kg;;300;3290;True;https://super.lider.cl/ip/higiene-y-bienestar/00780460346503;https://i5.walmartimages.cl/asr/d4a6d150-91bb-463d-9b1e-1640870aca39.fa9e3eeb4186f98296a4676125e5005b.jpeg?null=&odnHeight=580&odnWidth=580&odnBg=FFFFFF;Otras Mascotas > Arena para Gato;https://super.lider.cl/browse/mascotas/higiene-y-bienestar/arena-para-gato/07089592_02342029_67185424;;1;2026-03-17T02:14:36
00780460346530;Arena Aglutinante Aroma Lavanda, 20 kg;;999;19990;True;https://super.lider.cl/ip/higiene-y-bienestar/00780460346530;https://i5.walmartimages.cl/asr/e2dc7cf0-23ec-4d15-91ed-840a45325906.2c03f1ee886e78a17d0bcbbc82ced794.jpeg?null=&odnHeight=580&odnWidth=580&odnBg=FFFFFF;Otras Mascotas > Arena para Gato;https://super.lider.cl/browse/mascotas/higiene-y-bienestar/arena-para-gato/07089592_02342029_67185424;;1;2026-03-17T02:14:36
00780550500942;Arena Sanitaria para Gato Aglutinante Bolsa, 9 Kg;;1272;13490;True;https://super.lider.cl/ip/higiene-y-bienestar/00780550500942;https://i5.walmartimages.cl/asr/9b4410a3-036e-4d21-946c-c5da6d9b23fd.5b99b2760cd108d6e4ef0b4f7cf52175.jpeg?null=&odnHeight=580&odnWidth=580&odnBg=FFFFFF;Otras Mascotas > Arena para Gato;https://super.lider.cl/browse/mascotas/higiene-y-bienestar/arena-para-gato/07089592_02342029_67185424;;1;2026-03-17T02:14:36
00074674766576;Arena Sanitaria Para Gato Café Bolsa, 9 kg;;1210;10890;True;https://super.lider.cl/ip/higiene-y-bienestar/00074674766576;https://i5.walmartimages.cl/asr/734958c6-e268-41e7-b1a9-0c60bec069ae.a1d44233609650856686d00183882132.jpeg?odnHeight=580&odnWidth=580&odnBg=FFFFFF;Otras Mascotas > Arena para Gato;https://super.lider.cl/browse/mascotas/higiene-y-bienestar/arena-para-gato/07089592_02342029_67185424;;1;2026-03-17T02:14:36
00063424000420;Arena Sanitaria para Gato Aglutinante con Aroma a Lavanda Bolsa, 4 Kg;;5990;5990;False;https://super.lider.cl/ip/higiene-y-bienestar/00063424000420;https://i5.walmartimages.cl/asr/54cd8695-7a2a-4975-84ad-3a2aa8d186c6.45be57c49060a4ce34d75ab0a7fc068a.jpeg?null=&odnHeight=580&odnWidth=580&odnBg=FFFFFF;Otras Mascotas > Arena para Gato;https://super.lider.cl/browse/mascotas/higiene-y-bienestar/arena-para-gato/07089592_02342029_67185424;;1;2026-03-17T02:14:36
00780460346528;Arena Aglutinante Aroma Café, 20 kg;;1000;19990;True;https://super.lider.cl/ip/higiene-y-bienestar/00780460346528;https://i5.walmartimages.cl/asr/0017b34a-e198-40a7-bf25-419cb98c2794.449dc87650fe9dfc1b1797a8781569ec.jpeg?null=&odnHeight=580&odnWidth=580&odnBg=FFFFFF;Otras Mascotas > Arena para Gato;https://super.lider.cl/browse/mascotas/higiene-y-bienestar/arena-para-gato/07089592_02342029_67185424;;1;2026-03-17T02:14:36
00780460346516;Arena Sanitaria para Gato Aglutinante con Aroma a Lavanda Bolsa, 10 kg;;1289;14490;True;https://super.lider.cl/ip/higiene-y-bienestar/00780460346516;https://i5.walmartimages.cl/asr/61f2eb84-b973-4de8-a4fb-c0938c17a9b6.34d58547cf0cbb7b4b2e9a5298b9b1fd.jpeg?null=&odnHeight=580&odnWidth=580&odnBg=FFFFFF;Otras Mascotas > Arena para Gato;https://super.lider.cl/browse/mascotas/higiene-y-bienestar/arena-para-gato/07089592_02342029_67185424;;1;2026-03-17T02:14:36
00780460346511;Arena Sanitaria para Gato Aglutinante con Aroma a Café Bolsa, 2 Kg;;300;3290;True;https://super.lider.cl/ip/higiene-y-bienestar/00780460346511;https://i5.walmartimages.cl/asr/2a2837d7-2124-4fb0-8f70-3789cc79f7fe.4cb709be3eca156bb9685416c89d3e18.jpeg?null=&odnHeight=580&odnWidth=580&odnBg=FFFFFF;Otras Mascotas > Arena para Gato;https://super.lider.cl/browse/mascotas/higiene-y-bienestar/arena-para-gato/07089592_02342029_67185424;;1;2026-03-17T02:14:36
00780460346514;Arena Sanitaria para Gato Aglutinante Bolsa, 10 kg;;1289;14490;True;https://super.lider.cl/ip/higiene-y-bienestar/00780460346514;https://i5.walmartimages.cl/asr/b6228a90-cd47-4ae4-9f4b-2009db66e541.4af5e2e6601d129b217c49c3d7ea67dc.jpeg?null=&odnHeight=580&odnWidth=580&odnBg=FFFFFF;Otras Mascotas > Arena para Gato;https://super.lider.cl/browse/mascotas/higiene-y-bienestar/arena-para-gato/07089592_02342029_67185424;;1;2026-03-17T02:14:36
00780464753165;Arena Sanitaria para Gato Bolsa, 4 Kg;;1297;5190;True;https://super.lider.cl/ip/higiene-y-bienestar/00780464753165;https://i5.walmartimages.cl/asr/e58a7f7e-0957-4202-9c25-15b113ef2240.b6050c6b9f27423c492f337ea0db313f.jpeg?null=&odnHeight=580&odnWidth=580&odnBg=FFFFFF;Otras Mascotas > Arena para Gato;https://super.lider.cl/browse/mascotas/higiene-y-bienestar/arena-para-gato/07089592_02342029_67185424;;1;2026-03-17T02:14:36
00780460346502;Arena Aglutinante Aroma Natural, 4 kg;;1497;5990;True;https://super.lider.cl/ip/higiene-y-bienestar/00780460346502;https://i5.walmartimages.cl/asr/69d3058d-7b84-47c7-bd10-36481b4cec5c.1e4b6d918fdefd385e1a0f94b2e47b3e.jpeg?null=&odnHeight=580&odnWidth=580&odnBg=FFFFFF;Otras Mascotas > Arena para Gato;https://super.lider.cl/browse/mascotas/higiene-y-bienestar/arena-para-gato/07089592_02342029_67185424;;1;2026-03-17T02:14:36
00074674766587;Arena Sanitaria Aglutinante Café, 2 kg;;2990;2990;False;https://super.lider.cl/ip/higiene-y-bienestar/00074674766587;https://i5.walmartimages.cl/asr/99e7b311-b955-4095-afc6-8ef644ae0476.88c3cac06c13975d2d1bf9693bb0d100.jpeg?null=&odnHeight=580&odnWidth=580&odnBg=FFFFFF;Otras Mascotas > Arena para Gato;https://super.lider.cl/browse/mascotas/higiene-y-bienestar/arena-para-gato/07089592_02342029_67185424;;1;2026-03-17T02:14:36
00074674766575;Arena Sanitaria para Gato Aglutinante con Aroma a Café Bolsa, 4 kg;;1498;5990;True;https://super.lider.cl/ip/higiene-y-bienestar/00074674766575;https://i5.walmartimages.cl/asr/d5356b2f-39c7-45ae-b3bf-5a24e4e1ea08.d2c6c5ccb5392b0fa3fe36ff48b511b3.jpeg?null=&odnHeight=580&odnWidth=580&odnBg=FFFFFF;Otras Mascotas > Arena para Gato;https://super.lider.cl/browse/mascotas/higiene-y-bienestar/arena-para-gato/07089592_02342029_67185424;;1;2026-03-17T02:14:36
00780550501169;Arena Sanitaria para Gato Aglutinante con Aroma a Lavanda Bolsa, 4 kg;;1200;7690;True;https://super.lider.cl/ip/higiene-y-bienestar/00780550501169;https://i5.walmartimages.cl/asr/097c28db-c411-4f7a-9f93-af2d0dd1ed17.5d8dfeba7f58a124a2b430dfe99ef220.jpeg?null=&odnHeight=580&odnWidth=580&odnBg=FFFFFF;Otras Mascotas > Arena para Gato;https://super.lider.cl/browse/mascotas/higiene-y-bienestar/arena-para-gato/07089592_02342029_67185424;;1;2026-03-17T02:14:36
00780550500941;Arena Sanitaria para Gato Aglutinante, 4 Kg;;1200;7690;True;https://super.lider.cl/ip/higiene-y-bienestar/00780550500941;https://i5.walmartimages.cl/asr/fa045fff-f44c-404f-a25a-40b4d6ae8c83.1b706706373813a5a36fbc4a948d9f9a.jpeg?null=&odnHeight=580&odnWidth=580&odnBg=FFFFFF;Otras Mascotas > Arena para Gato;https://super.lider.cl/browse/mascotas/higiene-y-bienestar/arena-para-gato/07089592_02342029_67185424;;1;2026-03-17T02:14:36
00063384310608;Arena Sanitaria para Gato Litter Pearls Micro Crystals Bolsa, 3,18 Kg;;4682;14890;True;https://super.lider.cl/ip/higiene-y-bienestar/00063384310608;https://i5.walmartimages.cl/asr/2fb65590-d018-4f6d-9c5e-0b6ad478bdd5.a864f939d4d520f7f31b6465db209429.jpeg?null=&odnHeight=580&odnWidth=580&odnBg=FFFFFF;Otras Mascotas > Arena para Gato;https://super.lider.cl/browse/mascotas/higiene-y-bienestar/arena-para-gato/07089592_02342029_67185424;;1;2026-03-17T02:14:36
00065952511107;Cristales Sanitarios para Gato Silica Gel Bolsa, 2 Kg;;9790;9790;False;https://super.lider.cl/ip/higiene-y-bienestar/00065952511107;https://i5.walmartimages.cl/asr/6f1e5eea-21b9-42e4-aab9-53cdfa23a839.12f069eeea0385870cec234764f0e005.jpeg?null=&odnHeight=580&odnWidth=580&odnBg=FFFFFF;Otras Mascotas > Arena para Gato;https://super.lider.cl/browse/mascotas/higiene-y-bienestar/arena-para-gato/07089592_02342029_67185424;;1;2026-03-17T02:14:36
00074674766577;Arena Sanitaria Para Gato Natural, 4 kg;;5990;5990;False;https://super.lider.cl/ip/higiene-y-bienestar/00074674766577;https://i5.walmartimages.cl/asr/b5203771-d1c7-4eae-b32a-df7faa3bef8f.c3161f5af3951ee34e0d47a688c77ce2.jpeg?null=&odnHeight=580&odnWidth=580&odnBg=FFFFFF;Otras Mascotas > Arena para Gato;https://super.lider.cl/browse/mascotas/higiene-y-bienestar/arena-para-gato/07089592_02342029_67185424;;1;2026-03-17T02:14:36
00780257553273;Arena Sanitaria para Gato No Aglutinante Bolsa, 4 Kg;;2373;9490;True;https://super.lider.cl/ip/higiene-y-bienestar/00780257553273;https://i5.walmartimages.cl/asr/862f97c7-0ef5-48e9-b26a-d368d971bccb.e3dda78e38ac4a8c1bac82843bf87a14.jpeg?null=&odnHeight=580&odnWidth=580&odnBg=FFFFFF;Otras Mascotas > Arena para Gato;https://super.lider.cl/browse/mascotas/higiene-y-bienestar/arena-para-gato/07089592_02342029_67185424;;1;2026-03-17T02:14:36
00780550501196;Arena Sanitaria Eco De Maiz Para Gatos 5 Litros Traper, 5 L;;2698;13490;True;https://super.lider.cl/ip/higiene-y-bienestar/00780550501196;https://i5.walmartimages.cl/asr/9f5a2367-9086-4540-8010-e3639723cfb8.528a9377f129d67af7a357c4a3645dd2.jpeg?odnHeight=580&odnWidth=580&odnBg=FFFFFF;Otras Mascotas > Arena para Gato;https://super.lider.cl/browse/mascotas/higiene-y-bienestar/arena-para-gato/07089592_02342029_67185424;;1;2026-03-17T02:14:36
00780460346525;Arena Sanitaria para Gato Aglutinante con Aroma a Café Bolsa, 10 kg;;1289;14490;True;https://super.lider.cl/ip/higiene-y-bienestar/00780460346525;https://i5.walmartimages.cl/asr/58a8b2d7-972b-4592-82ba-6e7298f7c72f.b766a35e08eb9b517986fddf80d13bea.jpeg?null=&odnHeight=580&odnWidth=580&odnBg=FFFFFF;Otras Mascotas > Arena para Gato;https://super.lider.cl/browse/mascotas/higiene-y-bienestar/arena-para-gato/07089592_02342029_67185424;;1;2026-03-17T02:14:36
00104183841350;Bolsa Para Desecho de Mascota, 1 Un;;990;990;False;https://super.lider.cl/ip/higiene-y-bienestar/00104183841350;https://i5.walmartimages.cl/asr/43ae07a5-be6b-44d2-8d25-13bf2abc2518.419aa6d4909e22134bf6c8e8666f2aa0.jpeg?null=&odnHeight=580&odnWidth=580&odnBg=FFFFFF;Otras Mascotas > Bolsas y Accesorios Sanitarios;https://super.lider.cl/browse/mascotas/higiene-y-bienestar/bolsas-y-accesorios-sanitarios/07089592_02342029_52790901;;1;2026-03-17T02:15:00
00074674766589;Rollo Bolsas Sanitarias, 1 Un;;550;550;False;https://super.lider.cl/ip/higiene-y-bienestar/00074674766589;https://i5.walmartimages.cl/asr/25ac6119-d7e4-4ef7-9185-bc9d04c4be3a.f9222fdbdf0c34d123cf372dab54706b.jpeg?null=&odnHeight=580&odnWidth=580&odnBg=FFFFFF;Otras Mascotas > Bolsas y Accesorios Sanitarios;https://super.lider.cl/browse/mascotas/higiene-y-bienestar/bolsas-y-accesorios-sanitarios/07089592_02342029_52790901;;1;2026-03-17T02:15:00
00065952511101;Pads de Entrenamiento para Perro M 60x60 cm, 30 Un;;8990;8990;False;https://super.lider.cl/ip/higiene-y-bienestar/00065952511101;https://i5.walmartimages.cl/asr/931f027e-7455-4876-b3f7-0027e37470d6.64916341be1b242b08f245a1fa1efc0d.jpeg?null=&odnHeight=580&odnWidth=580&odnBg=FFFFFF;Otras Mascotas > Bolsas y Accesorios Sanitarios;https://super.lider.cl/browse/mascotas/higiene-y-bienestar/bolsas-y-accesorios-sanitarios/07089592_02342029_52790901;;1;2026-03-17T02:15:00
00780000600510;Antiparasitario para Perro Pipeta Externa Raza Mediana, 1 Un;;4590;4590;False;https://super.lider.cl/ip/higiene-y-bienestar/00780000600510;https://i5.walmartimages.cl/asr/f4e2e993-4a06-4dc4-b65c-0d89970ccfa1.017ae9434f35cdf4e43041ee3c04d6a1.jpeg?null=&odnHeight=580&odnWidth=580&odnBg=FFFFFF;Otras Mascotas > Bolsas y Accesorios Sanitarios;https://super.lider.cl/browse/mascotas/higiene-y-bienestar/bolsas-y-accesorios-sanitarios/07089592_02342029_52790901;;1;2026-03-17T02:15:00
00074674766588;Pads de Entrenamiento para Perro XL 90x60 cm, 30 Un;;11990;11990;False;https://super.lider.cl/ip/higiene-y-bienestar/00074674766588;https://i5.walmartimages.cl/asr/7c941fe2-9bd9-43ec-82c6-3bbb6c1d16e2.caaa37c14c73a05e653d68e5678b062e.jpeg?null=&odnHeight=580&odnWidth=580&odnBg=FFFFFF;Otras Mascotas > Bolsas y Accesorios Sanitarios;https://super.lider.cl/browse/mascotas/higiene-y-bienestar/bolsas-y-accesorios-sanitarios/07089592_02342029_52790901;;1;2026-03-17T02:15:00
00065952511106;Pads de Entrenamiento para Perro con Carbon Activo XL 90x60 cm, 30 Un;;13890;13890;False;https://super.lider.cl/ip/higiene-y-bienestar/00065952511106;https://i5.walmartimages.cl/asr/3e9f8ff0-d2e2-4ffc-9c76-b579ffbffd00.86086a428cd66a1658a2c5747d1536de.jpeg?null=&odnHeight=580&odnWidth=580&odnBg=FFFFFF;Otras Mascotas > Bolsas y Accesorios Sanitarios;https://super.lider.cl/browse/mascotas/higiene-y-bienestar/bolsas-y-accesorios-sanitarios/07089592_02342029_52790901;;1;2026-03-17T02:15:00
00780799157324;Pads de Entrenamiento para Perro M 60x60 cm, 10 Un;;3990;3990;False;https://super.lider.cl/ip/higiene-y-bienestar/00780799157324;https://i5.walmartimages.cl/asr/cf302255-389a-41a9-bb53-8b37ea37cca9.1a3e6313c29d31da1c570355b1e0a54e.jpeg?null=&odnHeight=580&odnWidth=580&odnBg=FFFFFF;Otras Mascotas > Bolsas y Accesorios Sanitarios;https://super.lider.cl/browse/mascotas/higiene-y-bienestar/bolsas-y-accesorios-sanitarios/07089592_02342029_52790901;;1;2026-03-17T02:15:00
00780799157406;Pala para Arena Sanitaria de Gato, 1 Un;;1490;1490;False;https://super.lider.cl/ip/higiene-y-bienestar/00780799157406;https://i5.walmartimages.cl/asr/9b370fd2-283a-4369-b749-1c2bf057de54.f21da9505a2a71240bb12fda78e93c03.jpeg?odnHeight=580&odnWidth=580&odnBg=FFFFFF;Otras Mascotas > Bolsas y Accesorios Sanitarios;https://super.lider.cl/browse/mascotas/higiene-y-bienestar/bolsas-y-accesorios-sanitarios/07089592_02342029_52790901;;1;2026-03-17T02:15:00
00780681002489;Trapero Húmedo Pets X 12 Limón, 1 Un;;1000;3490;True;https://super.lider.cl/ip/higiene-y-bienestar/00780681002489;https://i5.walmartimages.cl/asr/82d06971-7854-4033-aa9f-eb7372603faf.486b5ffe76c91220ce535a3ae65a616b.jpeg?odnHeight=580&odnWidth=580&odnBg=FFFFFF;Otras Mascotas > Bolsas y Accesorios Sanitarios;https://super.lider.cl/browse/mascotas/higiene-y-bienestar/bolsas-y-accesorios-sanitarios/07089592_02342029_52790901;;1;2026-03-17T02:15:00
00780681002649;Rodillo Quitapelusas Pets, 1 Un;;1490;1490;False;https://super.lider.cl/ip/higiene-y-bienestar/00780681002649;https://i5.walmartimages.cl/asr/339300cc-f62d-4847-a760-f58ac70bcf16.fc5911443916c52d26e95f6353892a30.jpeg?odnHeight=580&odnWidth=580&odnBg=FFFFFF;Otras Mascotas > Bolsas y Accesorios Sanitarios;https://super.lider.cl/browse/mascotas/higiene-y-bienestar/bolsas-y-accesorios-sanitarios/07089592_02342029_52790901;;1;2026-03-17T02:15:00
00078918552285;Pack 4 Bolsas Sanitarias Ecológicas, 1 Un;;2850;2850;False;https://super.lider.cl/ip/higiene-y-bienestar/00078918552285;https://i5.walmartimages.cl/asr/cde108ed-4972-4c7f-b1cb-f1547f1b2cb4.502fe0c3adc116aea1fb6fe3951bdc3d.jpeg?null=&odnHeight=580&odnWidth=580&odnBg=FFFFFF;Otras Mascotas > Bolsas y Accesorios Sanitarios;https://super.lider.cl/browse/mascotas/higiene-y-bienestar/bolsas-y-accesorios-sanitarios/07089592_02342029_52790901;;1;2026-03-17T02:15:00
00780000600898;Antiparasitario para Perro y Gato Spray Externo, 50 ml;;10390;20780;True;https://super.lider.cl/ip/higiene-y-bienestar/00780000600898;https://i5.walmartimages.cl/asr/ee68b168-2a3a-453a-9e1d-1d006ded874f.b59d0aa0efdb797b40844460edcfa5bd.jpeg?null=&odnHeight=580&odnWidth=580&odnBg=FFFFFF;Otras Mascotas > Bolsas y Accesorios Sanitarios;https://super.lider.cl/browse/mascotas/higiene-y-bienestar/bolsas-y-accesorios-sanitarios/07089592_02342029_52790901;;1;2026-03-17T02:15:00
00779052002700;Limpiador Desinfectante de Piso para Ambiente con Mascotas Lavanda Botella, 800 ml;;3390;4237;True;https://super.lider.cl/ip/pisos-y-muebles/00779052002700;https://i5.walmartimages.cl/asr/0fb67e55-0567-4fbe-9b86-be0d72a6c575.f856b20bbc93c91620af801b6e211ed3.jpeg?odnHeight=580&odnWidth=580&odnBg=FFFFFF;Otras Mascotas > Bolsas y Accesorios Sanitarios;https://super.lider.cl/browse/mascotas/higiene-y-bienestar/bolsas-y-accesorios-sanitarios/07089592_02342029_52790901;;1;2026-03-17T02:15:00
00780550501198;Pads de Entrenamiento para Perro con Carbon Activo XL 90x60 cm, 30 Un;;10492;14690;True;https://super.lider.cl/ip/higiene-y-bienestar/00780550501198;https://i5.walmartimages.cl/asr/55d7e6d7-d432-44e0-b83b-25d00d976b2f.4c8b9b5fdcb6d0ccbb01e34099ac5d93.jpeg?null=&odnHeight=580&odnWidth=580&odnBg=FFFFFF;Otras Mascotas > Bolsas y Accesorios Sanitarios;https://super.lider.cl/browse/mascotas/higiene-y-bienestar/bolsas-y-accesorios-sanitarios/07089592_02342029_52790901;;1;2026-03-17T02:15:00
00780799157404;Bandeja Arena Sanitaria de Gato 43x32x14 cm, 1 Un;;7990;7990;False;https://super.lider.cl/ip/higiene-y-bienestar/00780799157404;https://i5.walmartimages.cl/asr/7d7b01f8-07ac-4b26-815f-c32d6f1e3c8f.11a225d123a649aaf0b6cded3682bd12.jpeg?odnHeight=580&odnWidth=580&odnBg=FFFFFF;Otras Mascotas > Bolsas y Accesorios Sanitarios;https://super.lider.cl/browse/mascotas/higiene-y-bienestar/bolsas-y-accesorios-sanitarios/07089592_02342029_52790901;;1;2026-03-17T02:15:00
00780681002648;Esponja Dual Pets 1 unidad, 1 Un;;1990;1990;False;https://super.lider.cl/ip/higiene-y-bienestar/00780681002648;https://i5.walmartimages.cl/asr/f3dc6edf-b5fc-458a-a052-e64e100ca736.5e5f48bc2727833175466dacd69b2b07.jpeg?odnHeight=580&odnWidth=580&odnBg=FFFFFF;Otras Mascotas > Bolsas y Accesorios Sanitarios;https://super.lider.cl/browse/mascotas/higiene-y-bienestar/bolsas-y-accesorios-sanitarios/07089592_02342029_52790901;;1;2026-03-17T02:15:00
00779052002701;Limpiador Desinfectante de Piso para Ambiente con Mascotas Lavanda Recarga, 420 ml;;2250;2812;True;https://super.lider.cl/ip/pisos-y-muebles/00779052002701;https://i5.walmartimages.cl/asr/ddfcbe73-e6cf-431f-a02f-e5d69393b913.9536069f9b52ccf618bbb8c1fa49ad06.jpeg?odnHeight=580&odnWidth=580&odnBg=FFFFFF;Otras Mascotas > Bolsas y Accesorios Sanitarios;https://super.lider.cl/browse/mascotas/higiene-y-bienestar/bolsas-y-accesorios-sanitarios/07089592_02342029_52790901;;1;2026-03-17T02:15:00
00078918552250;Porta Bolsa + 2 Bolsas Ecológicas, 1 Un;;3990;3990;False;https://super.lider.cl/ip/higiene-y-bienestar/00078918552250;https://i5.walmartimages.cl/asr/18df629b-1d3f-4c48-8fa9-c1ce9389d60c.4b98d880790aa1deda1ef4595ee72853.jpeg?null=&odnHeight=580&odnWidth=580&odnBg=FFFFFF;Otras Mascotas > Bolsas y Accesorios Sanitarios;https://super.lider.cl/browse/mascotas/higiene-y-bienestar/bolsas-y-accesorios-sanitarios/07089592_02342029_52790901;;1;2026-03-17T02:15:00
00780000600295;Talco Antiparasitario para Gato Lata, 100 g;;3790;37899;True;https://super.lider.cl/ip/higiene-y-bienestar/00780000600295;https://i5.walmartimages.cl/asr/8cffcb1b-93bf-4142-bde7-bc553f52f6f8.bf0b09b80eeccbb43090d290abc74b7f.jpeg?null=&odnHeight=580&odnWidth=580&odnBg=FFFFFF;Otras Mascotas > Bolsas y Accesorios Sanitarios;https://super.lider.cl/browse/mascotas/higiene-y-bienestar/bolsas-y-accesorios-sanitarios/07089592_02342029_52790901;;1;2026-03-17T02:15:00
00400845561071;Limpiador para Manchas de Mascotas, 650 ml;;1840;10385;True;https://super.lider.cl/ip/pisos-y-muebles/00400845561071;https://i5.walmartimages.cl/asr/52e555a6-db50-4283-b1c9-eb98a2f0efb1.b4215c0295e103fc56726f2128366394.jpeg?null=&odnHeight=580&odnWidth=580&odnBg=FFFFFF;Otras Mascotas > Bolsas y Accesorios Sanitarios;https://super.lider.cl/browse/mascotas/higiene-y-bienestar/bolsas-y-accesorios-sanitarios/07089592_02342029_52790901;;1;2026-03-17T02:15:00
00779052002699;Desinfectante de Ambientes y Superficies Aerosol Lavanda Lata, 495 ml;;5190;10485;True;https://super.lider.cl/ip/higiene-y-bienestar/00779052002699;https://i5.walmartimages.cl/asr/eb890971-a163-4c13-ade5-873e00ea9db7.6e77f5eddbd013183daf34e2ba51a3ef.jpeg?odnHeight=580&odnWidth=580&odnBg=FFFFFF;Otras Mascotas > Bolsas y Accesorios Sanitarios;https://super.lider.cl/browse/mascotas/higiene-y-bienestar/bolsas-y-accesorios-sanitarios/07089592_02342029_52790901;;1;2026-03-17T02:15:00
00780681001129;Cepillo de Goma Multiuso 2 En 1, 1 Un;;9950;9950;False;https://super.lider.cl/ip/higiene-y-bienestar/00780681001129;https://i5.walmartimages.cl/asr/f7a78cc6-3371-469c-a8ad-8d3228c0e5e2.1f99cdb193760520b29a786321861e1f.jpeg?odnHeight=580&odnWidth=580&odnBg=FFFFFF;Otras Mascotas > Bolsas y Accesorios Sanitarios;https://super.lider.cl/browse/mascotas/higiene-y-bienestar/bolsas-y-accesorios-sanitarios/07089592_02342029_52790901;;1;2026-03-17T02:15:00
00780000600644;Antiparasitario para Gato Pipeta Externa, 1 Un;;9690;9690;False;https://super.lider.cl/ip/higiene-y-bienestar/00780000600644;https://i5.walmartimages.cl/asr/172a3362-a447-439a-929f-35ae30c36090.c5bfc5d5d25b43956c706357eb6288de.jpeg?odnHeight=580&odnWidth=580&odnBg=FFFFFF;Otras Mascotas > Bolsas y Accesorios Sanitarios;https://super.lider.cl/browse/mascotas/higiene-y-bienestar/bolsas-y-accesorios-sanitarios/07089592_02342029_52790901;;1;2026-03-17T02:15:00
00780465625051;Educador Sanitario para Perro, 230 ml;;4990;4990;False;https://super.lider.cl/ip/higiene-y-bienestar/00780465625051;https://i5.walmartimages.cl/asr/d80cacad-5e12-4369-b34c-734e8bd691b4.5257a7868f05a5c79345793f0584e670.jpeg?null=&odnHeight=580&odnWidth=580&odnBg=FFFFFF;Otras Mascotas > Bolsas y Accesorios Sanitarios;https://super.lider.cl/browse/mascotas/higiene-y-bienestar/bolsas-y-accesorios-sanitarios/07089592_02342029_52790901;;1;2026-03-17T02:15:00
00780465625050;Eliminador de Olores de Mascotas, 1 L;;4990;4990;False;https://super.lider.cl/ip/higiene-y-bienestar/00780465625050;https://i5.walmartimages.cl/asr/0c1f3cc7-adaf-46d5-a9fa-8e331c0733c3.cdffccba30c7edc29270dd2b540965c7.jpeg?null=&odnHeight=580&odnWidth=580&odnBg=FFFFFF;Otras Mascotas > Baño y Limpieza;https://super.lider.cl/browse/mascotas/higiene-y-bienestar/bao-y-limpieza/07089592_02342029_81556437;;1;2026-03-17T02:15:26
00780460346603;Destructor de olores gato perro, 350 ml;;740;12143;True;https://super.lider.cl/ip/higiene-y-bienestar/00780460346603;https://i5.walmartimages.cl/asr/961d4b30-729b-4033-9322-82bea841e669.19cd08a4e1d987b5e785361dfd96faa9.jpeg?odnHeight=580&odnWidth=580&odnBg=FFFFFF;Otras Mascotas > Baño y Limpieza;https://super.lider.cl/browse/mascotas/higiene-y-bienestar/bao-y-limpieza/07089592_02342029_81556437;;1;2026-03-17T02:15:26
00780465625049;Repelente para Perro y Gato, 1 L;;4990;4990;False;https://super.lider.cl/ip/higiene-y-bienestar/00780465625049;https://i5.walmartimages.cl/asr/ae57fbfa-2fcc-4878-94c3-ade27a483557.6ba5cb24875452cdb21c29690825175c.jpeg?null=&odnHeight=580&odnWidth=580&odnBg=FFFFFF;Otras Mascotas > Baño y Limpieza;https://super.lider.cl/browse/mascotas/higiene-y-bienestar/bao-y-limpieza/07089592_02342029_81556437;;1;2026-03-17T02:15:26
00780465625052;Eliminador de Olores Orina de Gato, 230 ml;;3990;3990;False;https://super.lider.cl/ip/higiene-y-bienestar/00780465625052;https://i5.walmartimages.cl/asr/abb64a43-15d7-4b60-9095-cf8b313eabd7.e7f1f32fb30d0648058f4e1f9764fbde.jpeg?null=&odnHeight=580&odnWidth=580&odnBg=FFFFFF;Otras Mascotas > Baño y Limpieza;https://super.lider.cl/browse/mascotas/higiene-y-bienestar/bao-y-limpieza/07089592_02342029_81556437;;1;2026-03-17T02:15:26
00780000600447;Shampoo para Perro Hipoalergenico Uso Frecuente Botella, 390 ml;;3990;10230;True;https://super.lider.cl/ip/higiene-y-bienestar/00780000600447;https://i5.walmartimages.cl/asr/c1794f1e-5146-4b8a-b4ac-b73108a0b29e.c81db688ba3cad8fd238daec7ffe37b9.jpeg?null=&odnHeight=580&odnWidth=580&odnBg=FFFFFF;Otras Mascotas > Baño y Limpieza;https://super.lider.cl/browse/mascotas/higiene-y-bienestar/bao-y-limpieza/07089592_02342029_81556437;;1;2026-03-17T02:15:26
00040005067221;Rodillo Saca Pelusa Negro;;1490;1490;False;https://super.lider.cl/ip/organizacion/00040005067221;https://i5.walmartimages.cl/asr/5109c4fb-1430-4d28-b53d-0e056fb418ab.a12c7d847cd6f5dc46a461ac28175e4e.jpeg?null=&odnHeight=580&odnWidth=580&odnBg=FFFFFF;Otras Mascotas > Baño y Limpieza;https://super.lider.cl/browse/mascotas/higiene-y-bienestar/bao-y-limpieza/07089592_02342029_81556437;;1;2026-03-17T02:15:26
00780799157331;Cepillo Doble Rectangular para Mascotas, 1 Un;;3990;3990;False;https://super.lider.cl/ip/higiene-y-bienestar/00780799157331;https://i5.walmartimages.cl/asr/f4510874-6010-4f6c-a1a2-076d5f76b5a8.b71274f20487e976dc9fbed8499aa3f3.jpeg?null=&odnHeight=580&odnWidth=580&odnBg=FFFFFF;Otras Mascotas > Baño y Limpieza;https://super.lider.cl/browse/mascotas/higiene-y-bienestar/bao-y-limpieza/07089592_02342029_81556437;;1;2026-03-17T02:15:26
00780465625217;Shampoo para Perro Pelaje Claro con Aloe Vera Aroma Frambuesa y Papaya Botella, 300 ml;;2950;2950;False;https://super.lider.cl/ip/higiene-y-bienestar/00780465625217;https://i5.walmartimages.cl/asr/10cbb682-4f77-473a-83e9-0ab4dbee6a78.283f7f68a97d2f4971a55c768cab4bf0.jpeg?null=&odnHeight=580&odnWidth=580&odnBg=FFFFFF;Otras Mascotas > Baño y Limpieza;https://super.lider.cl/browse/mascotas/higiene-y-bienestar/bao-y-limpieza/07089592_02342029_81556437;;1;2026-03-17T02:15:26
00040005067220;Rodillo Saca Pelusa Gris;;1490;1490;False;https://super.lider.cl/ip/organizacion/00040005067220;https://i5.walmartimages.cl/asr/ebed6a31-de12-4218-979b-6cd2e951b6f3.a13a1414f111510393353a7d90d8eda1.jpeg?null=&odnHeight=580&odnWidth=580&odnBg=FFFFFF;Otras Mascotas > Baño y Limpieza;https://super.lider.cl/browse/mascotas/higiene-y-bienestar/bao-y-limpieza/07089592_02342029_81556437;;1;2026-03-17T02:15:26
00780465625214;Shampoo para Perro 2 en 1 con Balsamo Aroma Vainilla Botella, 300 ml;;2950;2950;False;https://super.lider.cl/ip/higiene-y-bienestar/00780465625214;https://i5.walmartimages.cl/asr/e4953c2c-beab-40c8-834a-7c2d23638cef.32ea6411180555d3fce587926d3671be.jpeg?null=&odnHeight=580&odnWidth=580&odnBg=FFFFFF;Otras Mascotas > Baño y Limpieza;https://super.lider.cl/browse/mascotas/higiene-y-bienestar/bao-y-limpieza/07089592_02342029_81556437;;1;2026-03-17T02:15:26
00780000600446;Shampoo para Perro Extra Brillo Uso Frecuente Botella, 390 ml;;3990;10230;True;https://super.lider.cl/ip/higiene-y-bienestar/00780000600446;https://i5.walmartimages.cl/asr/aa3510a0-7f89-4f48-85d5-43247f494772.f8fa26ed76b816d41e29a8bfae82025f.jpeg?null=&odnHeight=580&odnWidth=580&odnBg=FFFFFF;Otras Mascotas > Baño y Limpieza;https://super.lider.cl/browse/mascotas/higiene-y-bienestar/bao-y-limpieza/07089592_02342029_81556437;;1;2026-03-17T02:15:26
00780465625047;Shampoo para Gato Seco Repelente Pulgas Aroma Eucaliptus Lata, 100 g;;2550;2550;False;https://super.lider.cl/ip/higiene-y-bienestar/00780465625047;https://i5.walmartimages.cl/asr/8826bb53-a326-4a12-8904-8082d92ae23d.74215ec6d10af7ad10cdde4df319081c.jpeg?null=&odnHeight=580&odnWidth=580&odnBg=FFFFFF;Otras Mascotas > Baño y Limpieza;https://super.lider.cl/browse/mascotas/higiene-y-bienestar/bao-y-limpieza/07089592_02342029_81556437;;1;2026-03-17T02:15:26
00780550500082;Repelente para Perro y Gato, 440 ml;;8990;20431;True;https://super.lider.cl/ip/higiene-y-bienestar/00780550500082;https://i5.walmartimages.cl/asr/411e8a56-90fe-418f-9662-5122ec860967.5eb0fd49a5aad6689957171797470632.jpeg?null=&odnHeight=580&odnWidth=580&odnBg=FFFFFF;Otras Mascotas > Baño y Limpieza;https://super.lider.cl/browse/mascotas/higiene-y-bienestar/bao-y-limpieza/07089592_02342029_81556437;;1;2026-03-17T02:15:26
00780465625212;Shampoo para Perro Repelente con Aloe Vera Aroma Eucaliptus Botella, 300 ml;;2950;2950;False;https://super.lider.cl/ip/higiene-y-bienestar/00780465625212;https://i5.walmartimages.cl/asr/2f94416a-73ec-4f8e-bdde-0647c5becc6d.36d8929082cbb834f715b5e6baf29a27.jpeg?null=&odnHeight=580&odnWidth=580&odnBg=FFFFFF;Otras Mascotas > Baño y Limpieza;https://super.lider.cl/browse/mascotas/higiene-y-bienestar/bao-y-limpieza/07089592_02342029_81556437;;1;2026-03-17T02:15:26
00780465625045;Shampoo para Perro Repelente Pulgas Aroma Eucalipto Botella, 1000 ml;;7390;7390;False;https://super.lider.cl/ip/higiene-y-bienestar/00780465625045;https://i5.walmartimages.cl/asr/0e60b588-e526-48d1-a0a7-4ed6c0e9fae5.e9f7d2a24f35878e72889b83dfb33edd.jpeg?null=&odnHeight=580&odnWidth=580&odnBg=FFFFFF;Otras Mascotas > Baño y Limpieza;https://super.lider.cl/browse/mascotas/higiene-y-bienestar/bao-y-limpieza/07089592_02342029_81556437;;1;2026-03-17T02:15:26
00780000600155;Shampoo para Perro Antiparasitario Botella, 300 ml;;5690;18966;True;https://super.lider.cl/ip/higiene-y-bienestar/00780000600155;https://i5.walmartimages.cl/asr/867b0a23-654d-4c10-b9c1-23fe4848177d.0feea3c20811d628231c5420d0930087.jpeg?null=&odnHeight=580&odnWidth=580&odnBg=FFFFFF;Otras Mascotas > Baño y Limpieza;https://super.lider.cl/browse/mascotas/higiene-y-bienestar/bao-y-limpieza/07089592_02342029_81556437;;1;2026-03-17T02:15:26
00780583610019;Quitapelusas Rodillo;;3000;3000;False;https://super.lider.cl/ip/accesorios-aseo/00780583610019;https://i5.walmartimages.cl/asr/b7afa88e-e5ac-46f4-bf6e-ec779eadec0c.ec2e690c2b23c2b3eb4b93df69ab0809.jpeg?odnHeight=580&odnWidth=580&odnBg=FFFFFF;Otras Mascotas > Baño y Limpieza;https://super.lider.cl/browse/mascotas/higiene-y-bienestar/bao-y-limpieza/07089592_02342029_81556437;;1;2026-03-17T02:15:26
00780465625057;Colonia para Perritas Aroma Berries, 160 ml;;2990;2990;False;https://super.lider.cl/ip/higiene-y-bienestar/00780465625057;https://i5.walmartimages.cl/asr/4d7dc8dd-a6e5-4bd8-aee1-d05cb9e575ae.38ee600ab64e29c44782d4c4b8d8938f.jpeg?null=&odnHeight=580&odnWidth=580&odnBg=FFFFFF;Otras Mascotas > Baño y Limpieza;https://super.lider.cl/browse/mascotas/higiene-y-bienestar/bao-y-limpieza/07089592_02342029_81556437;;1;2026-03-17T02:15:26
00780465625041;Shampoo para Perro Balsámico Aroma Vainilla Botella, 1000 ml;;7390;7390;False;https://super.lider.cl/ip/higiene-y-bienestar/00780465625041;https://i5.walmartimages.cl/asr/0d92ef18-b038-4625-bf3d-79f592a4ea1f.ee20038d8043e85500be06d8b8166f41.jpeg?null=&odnHeight=580&odnWidth=580&odnBg=FFFFFF;Otras Mascotas > Baño y Limpieza;https://super.lider.cl/browse/mascotas/higiene-y-bienestar/bao-y-limpieza/07089592_02342029_81556437;;1;2026-03-17T02:15:26
00780550501181;Toallitas Húmedas Para Mascotas De Bambu Eco, 100 Un;;3890;3890;False;https://super.lider.cl/ip/higiene-y-bienestar/00780550501181;https://i5.walmartimages.cl/asr/d0309246-7dbb-489c-8955-d4112e0a4d20.b81a19ff7c4b196715bdafcbf39ac0bc.jpeg?null=&odnHeight=580&odnWidth=580&odnBg=FFFFFF;Otras Mascotas > Baño y Limpieza;https://super.lider.cl/browse/mascotas/higiene-y-bienestar/bao-y-limpieza/07089592_02342029_81556437;;1;2026-03-17T02:15:26
00063424000468;Cepillo Suave Premium para Mascotas, 1 Un;;4990;4990;False;https://super.lider.cl/ip/higiene-y-bienestar/00063424000468;https://i5.walmartimages.cl/asr/9a42fd1f-9e48-4a99-806d-15ae033de04a.433c05ce162d6bdef06b7ba6ad1943d5.jpeg?null=&odnHeight=580&odnWidth=580&odnBg=FFFFFF;Otras Mascotas > Baño y Limpieza;https://super.lider.cl/browse/mascotas/higiene-y-bienestar/bao-y-limpieza/07089592_02342029_81556437;;1;2026-03-17T02:15:26
00002120039997;Quitapelusas Rodillo;;4790;4790;False;https://super.lider.cl/ip/accesorios-aseo/00002120039997;https://i5.walmartimages.cl/asr/b2a3790f-8239-4cbe-b9f7-c6e5bf7a1828.cd1f7772c607ab1e3e61785f7d13ae4c.jpeg?odnHeight=580&odnWidth=580&odnBg=FFFFFF;Otras Mascotas > Baño y Limpieza;https://super.lider.cl/browse/mascotas/higiene-y-bienestar/bao-y-limpieza/07089592_02342029_81556437;;1;2026-03-17T02:15:26
00780465625218;Acondicionador para Perro Hidratante con Aceite de Coco Botella, 300 ml;;2950;2950;False;https://super.lider.cl/ip/higiene-y-bienestar/00780465625218;https://i5.walmartimages.cl/asr/4b9f0f6b-768e-4b4c-b921-4e5b47029833.d960b4e0bd3feebeaac04f76740c4220.jpeg?null=&odnHeight=580&odnWidth=580&odnBg=FFFFFF;Otras Mascotas > Baño y Limpieza;https://super.lider.cl/browse/mascotas/higiene-y-bienestar/bao-y-limpieza/07089592_02342029_81556437;;1;2026-03-17T02:15:26
00065952511105;Toallitas Húmedas Hipoalergénicas para Mascotas, 70 Un;;2990;4271;True;https://super.lider.cl/ip/higiene-y-bienestar/00065952511105;https://i5.walmartimages.cl/asr/f00c83e1-a7d2-4acf-af83-b9eb340e9c54.4d30880a04ba481abb1dba55d3ccd266.jpeg?null=&odnHeight=580&odnWidth=580&odnBg=FFFFFF;Otras Mascotas > Baño y Limpieza;https://super.lider.cl/browse/mascotas/higiene-y-bienestar/bao-y-limpieza/07089592_02342029_81556437;;1;2026-03-17T02:15:26
00780465625046;Shampoo para Perro Seco Aroma Eucaliptus Lata, 100 g;;2890;2890;False;https://super.lider.cl/ip/higiene-y-bienestar/00780465625046;https://i5.walmartimages.cl/asr/e106663a-de73-40b5-a16a-6927667d024f.df7105633b9c76ea9d23cd8b4d4f3ad5.jpeg?null=&odnHeight=580&odnWidth=580&odnBg=FFFFFF;Otras Mascotas > Baño y Limpieza;https://super.lider.cl/browse/mascotas/higiene-y-bienestar/bao-y-limpieza/07089592_02342029_81556437;;1;2026-03-17T02:15:26
00780467343002;Removedor de Olores Orgánico, 500 ml;;6590;13180;True;https://super.lider.cl/ip/higiene-y-bienestar/00780467343002;https://i5.walmartimages.cl/asr/624f42ac-7cac-4710-a5d1-ad5f936ebe82.cacb674b951f8b861558de5284caee2e.jpeg?null=&odnHeight=580&odnWidth=580&odnBg=FFFFFF;Otras Mascotas > Baño y Limpieza;https://super.lider.cl/browse/mascotas/higiene-y-bienestar/bao-y-limpieza/07089592_02342029_81556437;;1;2026-03-17T02:15:26
00780465625219;Shampoo para Perro Espuma Seca Aroma Granada Lata, 230 ml;;3690;3690;False;https://super.lider.cl/ip/higiene-y-bienestar/00780465625219;https://i5.walmartimages.cl/asr/dc2b6a50-18a5-4b87-9e60-08fa4d74d994.ca6725d219ac22a3960310e968914e16.jpeg?null=&odnHeight=580&odnWidth=580&odnBg=FFFFFF;Otras Mascotas > Baño y Limpieza;https://super.lider.cl/browse/mascotas/higiene-y-bienestar/bao-y-limpieza/07089592_02342029_81556437;;1;2026-03-17T02:15:26
00780000600159;Shampoo para Perro Balsamico Uso Frecuente Botella, 390 ml;;3890;9974;True;https://super.lider.cl/ip/higiene-y-bienestar/00780000600159;https://i5.walmartimages.cl/asr/07207afa-5a3b-4e4c-a027-b94d9e639611.4c0f2520bfa596e75011092188c0bd2b.jpeg?null=&odnHeight=580&odnWidth=580&odnBg=FFFFFF;Otras Mascotas > Baño y Limpieza;https://super.lider.cl/browse/mascotas/higiene-y-bienestar/bao-y-limpieza/07089592_02342029_81556437;;1;2026-03-17T02:15:26
00780465625054;Collar Repelente de Pulgas para Gato, 1 Un;;3790;3790;False;https://super.lider.cl/ip/accesorios-y-juguetes/00780465625054;https://i5.walmartimages.cl/asr/ec25b476-31be-4eae-8326-99b277256ce6.396811eaec6b52ad0d73b80fcd1dbfbf.jpeg?odnHeight=580&odnWidth=580&odnBg=FFFFFF;Otras Mascotas > Collares arnes y correas;https://super.lider.cl/browse/mascotas/accesorios-y-juguetes/collares-arnes-y-correas/07089592_73368248_78844187;;1;2026-03-17T02:15:54
00780799157377;Collar para Gato con Campana Brillante, 1 Un;;2690;2690;False;https://super.lider.cl/ip/accesorios-y-juguetes/00780799157377;https://i5.walmartimages.cl/asr/efcaf228-2eb9-421f-b3b0-15489da3c8a3.8b82b0f5f383ccea0d4a0dde78ce14b6.jpeg?null=&odnHeight=580&odnWidth=580&odnBg=FFFFFF;Otras Mascotas > Collares arnes y correas;https://super.lider.cl/browse/mascotas/accesorios-y-juguetes/collares-arnes-y-correas/07089592_73368248_78844187;;1;2026-03-17T02:15:54
00780271020222;Portabolsas Sanitarias Negro + 10 Bolsas Ecologicas, 10 Un;;3990;3990;False;https://super.lider.cl/ip/accesorios-y-juguetes/00780271020222;https://i5.walmartimages.cl/asr/1e248289-84ba-4585-b35e-1f315d399d9e.73e1c99245d66b816595e32e97c08173.jpeg?odnHeight=580&odnWidth=580&odnBg=FFFFFF;Otras Mascotas > Collares arnes y correas;https://super.lider.cl/browse/mascotas/accesorios-y-juguetes/collares-arnes-y-correas/07089592_73368248_78844187;;1;2026-03-17T02:15:54
00078918552309;Arnés Pechera para Perro Talla M, 1 Un;;6990;6990;False;https://super.lider.cl/ip/accesorios-y-juguetes/00078918552309;https://i5.walmartimages.cl/asr/924b7b0e-b185-4330-8734-cd6bc0ffad89.25367ecc9d15a0bdfa4e202b0731eb57.jpeg?null=&odnHeight=580&odnWidth=580&odnBg=FFFFFF;Otras Mascotas > Collares arnes y correas;https://super.lider.cl/browse/mascotas/accesorios-y-juguetes/collares-arnes-y-correas/07089592_73368248_78844187;;1;2026-03-17T02:15:54
00780465625053;Collar Repelente de Pulgas para Perro, 1 Un;;6490;6490;False;https://super.lider.cl/ip/accesorios-y-juguetes/00780465625053;https://i5.walmartimages.cl/asr/89567eaa-1683-4567-9fe9-2a56e9e66f84.5a88f3b1d8a111e5211a9c46b9b45ec9.jpeg?odnHeight=580&odnWidth=580&odnBg=FFFFFF;Otras Mascotas > Collares arnes y correas;https://super.lider.cl/browse/mascotas/accesorios-y-juguetes/collares-arnes-y-correas/07089592_73368248_78844187;;1;2026-03-17T02:15:54
00065952511096;Trailla Retráctil para Perro 5 metros, 1 Un;;9790;9790;False;https://super.lider.cl/ip/accesorios-y-juguetes/00065952511096;https://i5.walmartimages.cl/asr/0c39c5bf-c4c3-4f3b-99ed-1f64cbb5ab11.40c14c3349e2407702126ee30012ed5b.jpeg?null=&odnHeight=580&odnWidth=580&odnBg=FFFFFF;Otras Mascotas > Collares arnes y correas;https://super.lider.cl/browse/mascotas/accesorios-y-juguetes/collares-arnes-y-correas/07089592_73368248_78844187;;1;2026-03-17T02:15:54
00063424000513;Set Arnés Pechera y Correa para Perro Talla L, 1 Un;;13990;13990;False;https://super.lider.cl/ip/accesorios-y-juguetes/00063424000513;https://i5.walmartimages.cl/asr/0c6da06d-6f4c-42fa-b05b-56723ccdb28f.7866a240698c88d58829e306c2980847.jpeg?null=&odnHeight=580&odnWidth=580&odnBg=FFFFFF;Otras Mascotas > Collares arnes y correas;https://super.lider.cl/browse/mascotas/accesorios-y-juguetes/collares-arnes-y-correas/07089592_73368248_78844187;;1;2026-03-17T02:15:54
00078918552269;Correa para Perro con Resorte, 1 Un;;6490;6490;False;https://super.lider.cl/ip/accesorios-y-juguetes/00078918552269;https://i5.walmartimages.cl/asr/16a8b5ad-058b-47c3-8327-d4f9cd70b1ee.f3c53c17594b710cbf5c7b0bbd0d182d.jpeg?null=&odnHeight=580&odnWidth=580&odnBg=FFFFFF;Otras Mascotas > Collares arnes y correas;https://super.lider.cl/browse/mascotas/accesorios-y-juguetes/collares-arnes-y-correas/07089592_73368248_78844187;;1;2026-03-17T02:15:54
00063424000512;Set Arnés Pechera y Correa para Perro Talla M, 1 Un;;12790;12790;False;https://super.lider.cl/ip/accesorios-y-juguetes/00063424000512;https://i5.walmartimages.cl/asr/14fd9bb9-3c1d-4306-95b7-d808fae3054d.594b44e8ea7feac07bcb274b34d5de23.jpeg?null=&odnHeight=580&odnWidth=580&odnBg=FFFFFF;Otras Mascotas > Collares arnes y correas;https://super.lider.cl/browse/mascotas/accesorios-y-juguetes/collares-arnes-y-correas/07089592_73368248_78844187;;1;2026-03-17T02:15:54
00078918552229;Arnés Pechera para Perro Talla S, 1 Un;;6490;6490;False;https://super.lider.cl/ip/accesorios-y-juguetes/00078918552229;https://i5.walmartimages.cl/asr/6552ea77-fba3-4aea-8366-1bd587357469.a2256dcee731c29c7a97d44582df9f09.jpeg?null=&odnHeight=580&odnWidth=580&odnBg=FFFFFF;Otras Mascotas > Collares arnes y correas;https://super.lider.cl/browse/mascotas/accesorios-y-juguetes/collares-arnes-y-correas/07089592_73368248_78844187;;1;2026-03-17T02:15:54
00780051020229;Arnes Basico Beige Talla M, 1 Un;;9990;9990;False;https://super.lider.cl/ip/accesorios-y-juguetes/00780051020229;https://i5.walmartimages.cl/asr/0426f8cd-f2ce-4eb2-89a8-2666a1266e97.ff56e1115b9b39babf247e2a5dd60006.jpeg?odnHeight=580&odnWidth=580&odnBg=FFFFFF;Otras Mascotas > Collares arnes y correas;https://super.lider.cl/browse/mascotas/accesorios-y-juguetes/collares-arnes-y-correas/07089592_73368248_78844187;;1;2026-03-17T02:15:54
00063424000511;Set Arnés Pechera y Correa para Perro Talla S, 1 Un;;11590;11590;False;https://super.lider.cl/ip/accesorios-y-juguetes/00063424000511;https://i5.walmartimages.cl/asr/e7651355-50b3-4d82-99fc-79e1edcb6778.94cb398694b9058206c0f5b7a268fe7f.jpeg?null=&odnHeight=580&odnWidth=580&odnBg=FFFFFF;Otras Mascotas > Collares arnes y correas;https://super.lider.cl/browse/mascotas/accesorios-y-juguetes/collares-arnes-y-correas/07089592_73368248_78844187;;1;2026-03-17T02:15:54
00780051020224;Arnes Basico Beige Talla S, 1 Un;;8990;8990;False;https://super.lider.cl/ip/accesorios-y-juguetes/00780051020224;https://i5.walmartimages.cl/asr/3accff3f-ab48-4c7f-b45c-80df7d38c0c0.a4898ba46ec934c132726bc91ec4b022.jpeg?odnHeight=580&odnWidth=580&odnBg=FFFFFF;Otras Mascotas > Collares arnes y correas;https://super.lider.cl/browse/mascotas/accesorios-y-juguetes/collares-arnes-y-correas/07089592_73368248_78844187;;1;2026-03-17T02:15:54
00780091020224;Correa Basica Color Peach, 1 Un;;8990;8990;False;https://super.lider.cl/ip/accesorios-y-juguetes/00780091020224;https://i5.walmartimages.cl/asr/29ce3e93-ef50-422b-bc5d-be1b22e01e32.a6c03e6223497b543562f378372ff63c.jpeg?odnHeight=580&odnWidth=580&odnBg=FFFFFF;Otras Mascotas > Collares arnes y correas;https://super.lider.cl/browse/mascotas/accesorios-y-juguetes/collares-arnes-y-correas/07089592_73368248_78844187;;1;2026-03-17T02:15:54
00780061020224;Arnes Basico Beige Talla L, 1 Un;;10990;10990;False;https://super.lider.cl/ip/accesorios-y-juguetes/00780061020224;https://i5.walmartimages.cl/asr/3fbbb4cb-7660-458d-bf9e-c107abe0895f.399aef4c9a8b5091ff498d9d44ad3f9f.jpeg?odnHeight=580&odnWidth=580&odnBg=FFFFFF;Otras Mascotas > Collares arnes y correas;https://super.lider.cl/browse/mascotas/accesorios-y-juguetes/collares-arnes-y-correas/07089592_73368248_78844187;;1;2026-03-17T02:15:54
00780464753056;Viruta Vegetal para Animales Bolsa, 2 Kg;;1795;3590;True;https://super.lider.cl/ip/accesorios-y-juguetes/00780464753056;https://i5.walmartimages.cl/asr/bf44004c-b635-448c-bd99-a3e9ffbf3719.e2f5a1cfae8cbf2f105d1109e1ea46e5.jpeg?null=&odnHeight=580&odnWidth=580&odnBg=FFFFFF;Otras Mascotas > Casas platos y accesorios;https://super.lider.cl/browse/mascotas/accesorios-y-juguetes/casas-platos-y-accesorios/07089592_73368248_54392300;;1;2026-03-17T02:16:21
00780465625039;Plato para Perro Antihormigas XL, 1 Un;;2990;2990;False;https://super.lider.cl/ip/accesorios-y-juguetes/00780465625039;https://i5.walmartimages.cl/asr/d7c3e977-ca7b-491e-816e-0d5cd700f1a5.457e29b856cf29ecd94250de8c145aed.jpeg?null=&odnHeight=580&odnWidth=580&odnBg=FFFFFF;Otras Mascotas > Casas platos y accesorios;https://super.lider.cl/browse/mascotas/accesorios-y-juguetes/casas-platos-y-accesorios/07089592_73368248_54392300;;1;2026-03-17T02:16:21
00074674766608;Plato de Acero Para Perros L, 1 Un;;4590;4590;False;https://super.lider.cl/ip/accesorios-y-juguetes/00074674766608;https://i5.walmartimages.cl/asr/562721ae-bec3-413d-8a06-189f92711b00.f1c7bf2052f7b09f6d7bb0ab2c28d95f.jpeg?odnHeight=580&odnWidth=580&odnBg=FFFFFF;Otras Mascotas > Casas platos y accesorios;https://super.lider.cl/browse/mascotas/accesorios-y-juguetes/casas-platos-y-accesorios/07089592_73368248_54392300;;1;2026-03-17T02:16:21
00040005080565;Recipiente plastico 20l para alimento seco, producto surtido;;5200;12990;True;https://super.lider.cl/ip/organizacion/00040005080565;https://i5.walmartimages.cl/asr/b5e62c06-3a97-48e0-924c-70c486d4484b.94d88d87363aff3072d0f57e2f20f1e4.jpeg?odnHeight=580&odnWidth=580&odnBg=FFFFFF;Otras Mascotas > Casas platos y accesorios;https://super.lider.cl/browse/mascotas/accesorios-y-juguetes/casas-platos-y-accesorios/07089592_73368248_54392300;;1;2026-03-17T02:16:21
00078918552314;Plato para Perro de Acero Tamaño M, 1 Un;;3690;3690;False;https://super.lider.cl/ip/accesorios-y-juguetes/00078918552314;https://i5.walmartimages.cl/asr/ab0e307d-695e-4fe6-a11e-47d4d2bdeb1a.e8a9a26376c4c06babe33e1215c47ea9.jpeg?null=&odnHeight=580&odnWidth=580&odnBg=FFFFFF;Otras Mascotas > Casas platos y accesorios;https://super.lider.cl/browse/mascotas/accesorios-y-juguetes/casas-platos-y-accesorios/07089592_73368248_54392300;;1;2026-03-17T02:16:21
00780799157323;Plato para Perro Redondo Tamaño L, 1 Un;;1950;1950;False;https://super.lider.cl/ip/accesorios-y-juguetes/00780799157323;https://i5.walmartimages.cl/asr/372a153f-6490-4bb9-bd92-00682cb4f3f7.302e134d082ddd0c58b1590a0e5838ae.jpeg?null=&odnHeight=580&odnWidth=580&odnBg=FFFFFF;Otras Mascotas > Casas platos y accesorios;https://super.lider.cl/browse/mascotas/accesorios-y-juguetes/casas-platos-y-accesorios/07089592_73368248_54392300;;1;2026-03-17T02:16:21
00078918552315;Plato para Perro de Acero Tamaño S, 1 Un;;2750;2750;False;https://super.lider.cl/ip/accesorios-y-juguetes/00078918552315;https://i5.walmartimages.cl/asr/e3f8bd53-e87f-416d-877e-e0b24a7e1702.916f3f53bbf877c668b6896a8237a7b3.jpeg?null=&odnHeight=580&odnWidth=580&odnBg=FFFFFF;Otras Mascotas > Casas platos y accesorios;https://super.lider.cl/browse/mascotas/accesorios-y-juguetes/casas-platos-y-accesorios/07089592_73368248_54392300;;1;2026-03-17T02:16:21
00078918552264;Plato para Gato Diseños Tamaño S, producto surtido, 1 Un;;3990;3990;False;https://super.lider.cl/ip/accesorios-y-juguetes/00078918552264;https://i5.walmartimages.cl/asr/0df56ec8-1054-48ff-b634-a83f1173c94d.f6b9ca05129b1dc482ae6fc352579058.jpeg?null=&odnHeight=580&odnWidth=580&odnBg=FFFFFF;Otras Mascotas > Casas platos y accesorios;https://super.lider.cl/browse/mascotas/accesorios-y-juguetes/casas-platos-y-accesorios/07089592_73368248_54392300;;1;2026-03-17T02:16:21
00780799157320;Plato para Perro Doble Tamaño L, 1 Un;;2990;2990;False;https://super.lider.cl/ip/accesorios-y-juguetes/00780799157320;https://i5.walmartimages.cl/asr/97e6da7b-6676-4b88-9b47-34829825a54d.583314255991299f91ed074754cda28c.jpeg?null=&odnHeight=580&odnWidth=580&odnBg=FFFFFF;Otras Mascotas > Casas platos y accesorios;https://super.lider.cl/browse/mascotas/accesorios-y-juguetes/casas-platos-y-accesorios/07089592_73368248_54392300;;1;2026-03-17T02:16:21
00780799157321;Plato para Perro Doble Tamaño M, 1 Un;;2490;2490;False;https://super.lider.cl/ip/accesorios-y-juguetes/00780799157321;https://i5.walmartimages.cl/asr/cc6ef598-0d67-4dfd-8c8e-f5e7e947130f.8d205f4229b2bd21bbefee687937d274.jpeg?null=&odnHeight=580&odnWidth=580&odnBg=FFFFFF;Otras Mascotas > Casas platos y accesorios;https://super.lider.cl/browse/mascotas/accesorios-y-juguetes/casas-platos-y-accesorios/07089592_73368248_54392300;;1;2026-03-17T02:16:21
00040005119348;Hueso Mordedor, Producto Surtido, 1 Un;;5990;5990;False;https://super.lider.cl/ip/accesorios-y-juguetes/00040005119348;https://i5.walmartimages.cl/asr/3a47476f-1b74-4d8e-8e3a-c71f21024119.37ed2ffcfa2fe04061ba9b58e5b4c7a7.jpeg?odnHeight=580&odnWidth=580&odnBg=FFFFFF;Otras Mascotas > Casas platos y accesorios;https://super.lider.cl/browse/mascotas/accesorios-y-juguetes/casas-platos-y-accesorios/07089592_73368248_54392300;;1;2026-03-17T02:16:21
00040005119349;Mordedor Con Cuerda, Producto Surtido, 1 Un;;5990;5990;False;https://super.lider.cl/ip/accesorios-y-juguetes/00040005119349;https://i5.walmartimages.cl/asr/90bbf71d-d945-4568-b7b1-dac5e88bf887.6cb46adb06905c311bd9adb0fea1043f.jpeg?odnHeight=580&odnWidth=580&odnBg=FFFFFF;Otras Mascotas > Casas platos y accesorios;https://super.lider.cl/browse/mascotas/accesorios-y-juguetes/casas-platos-y-accesorios/07089592_73368248_54392300;;1;2026-03-17T02:16:21
00780799157420;Cama de Invierno para Perro Tamaño XS, 1 Un;;15990;15990;False;https://super.lider.cl/ip/accesorios-y-juguetes/00780799157420;https://i5.walmartimages.cl/asr/fdef67b1-ac65-4210-b013-c7b0a2ecb90d.e6737daa0405880e970c033cf22588fb.jpeg?null=&odnHeight=580&odnWidth=580&odnBg=FFFFFF;Otras Mascotas > Casas platos y accesorios;https://super.lider.cl/browse/mascotas/accesorios-y-juguetes/casas-platos-y-accesorios/07089592_73368248_54392300;;1;2026-03-17T02:16:21
00074674766591;Pelota de Tennis para Perros, 1 Un;;990;990;False;https://super.lider.cl/ip/accesorios-y-juguetes/00074674766591;https://i5.walmartimages.cl/asr/b9797b4e-9cbd-4859-a4af-4ab1f7b868d2.62fb702aefdde99fde8eed55851c3252.jpeg?null=&odnHeight=580&odnWidth=580&odnBg=FFFFFF;Otras Mascotas > Juguetes y Rascadores;https://super.lider.cl/browse/mascotas/accesorios-y-juguetes/juguetes-y-rascadores/07089592_73368248_99350993;;1;2026-03-17T02:16:46
00780799157402;Juguete para Perro Básico Vinilo, 1 Un;;1690;1690;False;https://super.lider.cl/ip/accesorios-y-juguetes/00780799157402;https://i5.walmartimages.cl/asr/387ec39c-5a94-41f6-8e29-95a3f9e59f83.0680c6615ee1d7c2b20a99dbd96e0516.jpeg?null=&odnHeight=580&odnWidth=580&odnBg=FFFFFF;Otras Mascotas > Juguetes y Rascadores;https://super.lider.cl/browse/mascotas/accesorios-y-juguetes/juguetes-y-rascadores/07089592_73368248_99350993;;1;2026-03-17T02:16:46
00780799157397;Juguete para Gato Caña, 1 Un;;1990;1990;False;https://super.lider.cl/ip/accesorios-y-juguetes/00780799157397;https://i5.walmartimages.cl/asr/bdb055dc-27f1-4fee-be36-6818aeba6a68.9f550c19dfef39308398f16aa9e52052.jpeg?null=&odnHeight=580&odnWidth=580&odnBg=FFFFFF;Otras Mascotas > Juguetes y Rascadores;https://super.lider.cl/browse/mascotas/accesorios-y-juguetes/juguetes-y-rascadores/07089592_73368248_99350993;;1;2026-03-17T02:16:46
00780799157311;Juguete para Perro Bolsa 3 Pelotas Tenis, 1 Un;;2450;2450;False;https://super.lider.cl/ip/accesorios-y-juguetes/00780799157311;https://i5.walmartimages.cl/asr/647d531e-8c8e-49c8-8862-3a2a78e4e33d.642b56bde0a653dfdf3f18dba2c36d8d.jpeg?odnHeight=580&odnWidth=580&odnBg=FFFFFF;Otras Mascotas > Juguetes y Rascadores;https://super.lider.cl/browse/mascotas/accesorios-y-juguetes/juguetes-y-rascadores/07089592_73368248_99350993;;1;2026-03-17T02:16:46
00780799157314;Juguete para Perro Pelota Tenis Cuerda, 1 Un;;2450;2450;False;https://super.lider.cl/ip/accesorios-y-juguetes/00780799157314;https://i5.walmartimages.cl/asr/03c45250-9298-4e09-a9a7-4dbfbfbac5ba.9e1820ef9c89ddcce41fdac3864d1458.jpeg?null=&odnHeight=580&odnWidth=580&odnBg=FFFFFF;Otras Mascotas > Juguetes y Rascadores;https://super.lider.cl/browse/mascotas/accesorios-y-juguetes/juguetes-y-rascadores/07089592_73368248_99350993;;1;2026-03-17T02:16:46
00780041020227;Peluche Apretable Conejo, 1 Un;;6990;6990;False;https://super.lider.cl/ip/accesorios-y-juguetes/00780041020227;https://i5.walmartimages.cl/asr/0d8aaf9a-62fd-4f50-842f-e4e0697759d2.7a95e0735c654484996d77f87025fbaa.jpeg?odnHeight=580&odnWidth=580&odnBg=FFFFFF;Otras Mascotas > Juguetes y Rascadores;https://super.lider.cl/browse/mascotas/accesorios-y-juguetes/juguetes-y-rascadores/07089592_73368248_99350993;;1;2026-03-17T02:16:46
00078918552252;Juguete para Gato Tablero Rasguño Base, 1 Un;;3890;3890;False;https://super.lider.cl/ip/accesorios-y-juguetes/00078918552252;https://i5.walmartimages.cl/asr/4e20e4d8-550a-4813-9ee6-144cbdbf6f51.0fc09afab35b4ce36a8944659d955b69.jpeg?null=&odnHeight=580&odnWidth=580&odnBg=FFFFFF;Otras Mascotas > Juguetes y Rascadores;https://super.lider.cl/browse/mascotas/accesorios-y-juguetes/juguetes-y-rascadores/07089592_73368248_99350993;;1;2026-03-17T02:16:46
00780799157403;Juguete para Perro Básico Látex, 1 Un;;2690;2690;False;https://super.lider.cl/ip/accesorios-y-juguetes/00780799157403;https://i5.walmartimages.cl/asr/83916906-d5b3-42d0-a9d9-c183c5f05f9f.a8f7996cf502c64db47eb4033976a36f.jpeg?null=&odnHeight=580&odnWidth=580&odnBg=FFFFFF;Otras Mascotas > Juguetes y Rascadores;https://super.lider.cl/browse/mascotas/accesorios-y-juguetes/juguetes-y-rascadores/07089592_73368248_99350993;;1;2026-03-17T02:16:46
00063424000429;Juguete para Gato Plush Catnip, 1 Un;;3490;3490;False;https://super.lider.cl/ip/accesorios-y-juguetes/00063424000429;https://i5.walmartimages.cl/asr/3a4015be-94ea-4627-8cca-cfa7f4e4b4bd.d651a2d949f82dd92e8d8b956d6fd034.jpeg?null=&odnHeight=580&odnWidth=580&odnBg=FFFFFF;Otras Mascotas > Juguetes y Rascadores;https://super.lider.cl/browse/mascotas/accesorios-y-juguetes/juguetes-y-rascadores/07089592_73368248_99350993;;1;2026-03-17T02:16:46
00074674766590;Juguete Frisbee para Perros, 1 Un;;1990;1990;False;https://super.lider.cl/ip/accesorios-y-juguetes/00074674766590;https://i5.walmartimages.cl/asr/5f37e7ee-a7ef-42a0-b60e-d2a9b51b95c6.56579629f3e8852512048922b8ff8161.jpeg?null=&odnHeight=580&odnWidth=580&odnBg=FFFFFF;Otras Mascotas > Juguetes y Rascadores;https://super.lider.cl/browse/mascotas/accesorios-y-juguetes/juguetes-y-rascadores/07089592_73368248_99350993;;1;2026-03-17T02:16:46
00780799157303;Juguete para Perro Caucho con Cuerda, 1 Un;;4690;4690;False;https://super.lider.cl/ip/accesorios-y-juguetes/00780799157303;https://i5.walmartimages.cl/asr/d121eeae-d43d-4f1e-bdde-3b5a267bb7b4.95719072bb2150a80168bbc0921c8332.jpeg?odnHeight=580&odnWidth=580&odnBg=FFFFFF;Otras Mascotas > Juguetes y Rascadores;https://super.lider.cl/browse/mascotas/accesorios-y-juguetes/juguetes-y-rascadores/07089592_73368248_99350993;;1;2026-03-17T02:16:46
00780799157387;Juguete para Perro Plush N8, 1 Un;;6490;6490;False;https://super.lider.cl/ip/accesorios-y-juguetes/00780799157387;https://i5.walmartimages.cl/asr/7b326411-d303-4680-920f-5072ec20bcdc.56afe2f173c78eb9c517a00f6b48c6df.jpeg?null=&odnHeight=580&odnWidth=580&odnBg=FFFFFF;Otras Mascotas > Juguetes y Rascadores;https://super.lider.cl/browse/mascotas/accesorios-y-juguetes/juguetes-y-rascadores/07089592_73368248_99350993;;1;2026-03-17T02:16:46
00780041020226;Peluche Apretable Delfin, 1 Un;;6990;6990;False;https://super.lider.cl/ip/accesorios-y-juguetes/00780041020226;https://i5.walmartimages.cl/asr/5e145aea-9456-45da-982d-6abe33310d91.5febcd3c9de85fd6a7a13246eb95cdf5.jpeg?odnHeight=580&odnWidth=580&odnBg=FFFFFF;Otras Mascotas > Juguetes y Rascadores;https://super.lider.cl/browse/mascotas/accesorios-y-juguetes/juguetes-y-rascadores/07089592_73368248_99350993;;1;2026-03-17T02:16:46
00063424000430;Juguete para Perro Hueso Dental de Caucho, 1 Un;;6890;6890;False;https://super.lider.cl/ip/accesorios-y-juguetes/00063424000430;https://i5.walmartimages.cl/asr/26407ec8-9b34-47cb-a6ed-4ec0c85bf014.458594d787b35bbb9e8e31e19ca3d616.jpeg?null=&odnHeight=580&odnWidth=580&odnBg=FFFFFF;Otras Mascotas > Juguetes y Rascadores;https://super.lider.cl/browse/mascotas/accesorios-y-juguetes/juguetes-y-rascadores/07089592_73368248_99350993;;1;2026-03-17T02:16:46
00063424000466;Juguete para Perro Pelota Dental de Caucho, 1 Un;;6890;6890;False;https://super.lider.cl/ip/accesorios-y-juguetes/00063424000466;https://i5.walmartimages.cl/asr/3055c52a-59d1-4c71-8273-8403ad7438fe.f543cdc01b0cb32a74791582f3ca01de.jpeg?null=&odnHeight=580&odnWidth=580&odnBg=FFFFFF;Otras Mascotas > Juguetes y Rascadores;https://super.lider.cl/browse/mascotas/accesorios-y-juguetes/juguetes-y-rascadores/07089592_73368248_99350993;;1;2026-03-17T02:16:46
00780799157300;Juguete para Perro Caucho N1, 1 Un;;6390;6390;False;https://super.lider.cl/ip/accesorios-y-juguetes/00780799157300;https://i5.walmartimages.cl/asr/fc9c3bcb-8f80-4776-aee1-dc55d1a1bdb9.5411fc5a52a2344c812a91e7d69895f1.jpeg?odnHeight=580&odnWidth=580&odnBg=FFFFFF;Otras Mascotas > Juguetes y Rascadores;https://super.lider.cl/browse/mascotas/accesorios-y-juguetes/juguetes-y-rascadores/07089592_73368248_99350993;;1;2026-03-17T02:16:46
00780799157394;Juguete para Gato Plush Colores, producto surtido, 1 Un;;2990;2990;False;https://super.lider.cl/ip/accesorios-y-juguetes/00780799157394;https://i5.walmartimages.cl/asr/53b83dd6-db4c-4e99-8113-9bb7cf962f53.6a13019a5160cee7a64c0ebae55c8016.jpeg?null=&odnHeight=580&odnWidth=580&odnBg=FFFFFF;Otras Mascotas > Juguetes y Rascadores;https://super.lider.cl/browse/mascotas/accesorios-y-juguetes/juguetes-y-rascadores/07089592_73368248_99350993;;1;2026-03-17T02:16:46
00078918552253;Juguete para Gato Túnel Plegable, 1 Un;;6890;6890;False;https://super.lider.cl/ip/accesorios-y-juguetes/00078918552253;https://i5.walmartimages.cl/asr/a73e8096-64d7-4f36-a95b-12b34f7dd880.6c58dffed38362ab6781d3bee8084ecb.jpeg?null=&odnHeight=580&odnWidth=580&odnBg=FFFFFF;Otras Mascotas > Juguetes y Rascadores;https://super.lider.cl/browse/mascotas/accesorios-y-juguetes/juguetes-y-rascadores/07089592_73368248_99350993;;1;2026-03-17T02:16:46
00780799157306;Juguete para Perro Caucho Hueso, 1 Un;;6390;6390;False;https://super.lider.cl/ip/accesorios-y-juguetes/00780799157306;https://i5.walmartimages.cl/asr/3689a152-2234-4fab-9bae-606818b1e24b.65a26189a10dedb8de8cf0492c1a8e95.jpeg?null=&odnHeight=580&odnWidth=580&odnBg=FFFFFF;Otras Mascotas > Juguetes y Rascadores;https://super.lider.cl/browse/mascotas/accesorios-y-juguetes/juguetes-y-rascadores/07089592_73368248_99350993;;1;2026-03-17T02:16:46
00063424000458;Juguete Para Perro Brocheta Dental de Caucho, 1 Un;;8990;8990;False;https://super.lider.cl/ip/accesorios-y-juguetes/00063424000458;https://i5.walmartimages.cl/asr/e1c34bf3-f9d8-4c15-bf5c-d0883b39d116.0acce24b6afb4cf54c900e353d0cdd04.jpeg?null=&odnHeight=580&odnWidth=580&odnBg=FFFFFF;Otras Mascotas > Juguetes y Rascadores;https://super.lider.cl/browse/mascotas/accesorios-y-juguetes/juguetes-y-rascadores/07089592_73368248_99350993;;1;2026-03-17T02:16:46
00780041020228;Peluche Apretable Elefante, 1 Un;;6990;6990;False;https://super.lider.cl/ip/accesorios-y-juguetes/00780041020228;https://i5.walmartimages.cl/asr/b230fc87-803b-4da6-9d61-caf531c7e536.a84332c7f525f0ad41416d9bfe95cdb3.jpeg?odnHeight=580&odnWidth=580&odnBg=FFFFFF;Otras Mascotas > Juguetes y Rascadores;https://super.lider.cl/browse/mascotas/accesorios-y-juguetes/juguetes-y-rascadores/07089592_73368248_99350993;;1;2026-03-17T02:16:46
00780799157388;Juguete para Gato Pelota Sisal, 1 Un;;6390;6390;False;https://super.lider.cl/ip/accesorios-y-juguetes/00780799157388;https://i5.walmartimages.cl/asr/bae300c2-f098-45d4-827f-d68627e82d41.135922fc2144c81cfc3c651dd564bb2c.jpeg?null=&odnHeight=580&odnWidth=580&odnBg=FFFFFF;Otras Mascotas > Juguetes y Rascadores;https://super.lider.cl/browse/mascotas/accesorios-y-juguetes/juguetes-y-rascadores/07089592_73368248_99350993;;1;2026-03-17T02:16:46
00780192000083;Alimento Seco Perro Adulto Raza Mediana/Grande Carne Bolsa, 15 Kg;;1679;30990;True;https://super.lider.cl/ip/perro/00780192000083;https://i5.walmartimages.cl/asr/aea2c23a-594e-4dd7-b7c9-01d355ab4ab3.59dde1d63306be7094f4e5b641c1e43a.jpeg?null=&odnHeight=580&odnWidth=580&odnBg=FFFFFF;Higiene y Bienestar > Alimento Seco;https://super.lider.cl/browse/mascotas/perro/alimento-seco/07089592_29432822_59354834;;1;2026-03-17T02:17:13
00780410000086;Alimento Seco Perro Adulto Raza Mediana/Grande Carne y Cereales Bolsa, 15 Kg;;1893;28390;True;https://super.lider.cl/ip/perro/00780410000086;https://i5.walmartimages.cl/asr/84203e66-65b4-404a-b786-c6daadff3eea.fd7b40e3192f632cf17581bd7fea02ca.jpeg?null=&odnHeight=580&odnWidth=580&odnBg=FFFFFF;Higiene y Bienestar > Alimento Seco;https://super.lider.cl/browse/mascotas/perro/alimento-seco/07089592_29432822_59354834;;1;2026-03-17T02:17:13
00779745300033;Alimento Seco Perro Adulto Raza Mediana/Grande Carne Bolsa, 15 Kg;;1799;33590;True;https://super.lider.cl/ip/perro/00779745300033;https://i5.walmartimages.cl/asr/e868a89f-4d2d-49db-91b5-b2c991b8bb06.146843467c45d5729cdcdf178483afff.jpeg?null=&odnHeight=580&odnWidth=580&odnBg=FFFFFF;Higiene y Bienestar > Alimento Seco;https://super.lider.cl/browse/mascotas/perro/alimento-seco/07089592_29432822_59354834;;1;2026-03-17T02:17:13
00844529057339;Alimento Seco Perro Adulto Multi Proteina Carne Bolsa, 12 kg;;2083;29990;True;https://super.lider.cl/ip/perro/00844529057339;https://i5.walmartimages.cl/asr/062d9d85-1182-44e2-8c5b-058ffbe0adf5.f8251bf6f0d2747c04b74aa5a98b3215.jpeg?odnHeight=580&odnWidth=580&odnBg=FFFFFF;Higiene y Bienestar > Alimento Seco;https://super.lider.cl/browse/mascotas/perro/alimento-seco/07089592_29432822_59354834;;1;2026-03-17T02:17:13
00844529133306;Alimento Seco Perro Adulto Raza Mediana/Grande Carne y Pollo Bolsa, 12 kg;;2083;24990;True;https://super.lider.cl/ip/perro/00844529133306;https://i5.walmartimages.cl/asr/7ed1e024-9481-4f8b-80d4-60e6d1993f94.bff6b907a649dade85a1137fde50bc26.jpeg?null=&odnHeight=580&odnWidth=580&odnBg=FFFFFF;Higiene y Bienestar > Alimento Seco;https://super.lider.cl/browse/mascotas/perro/alimento-seco/07089592_29432822_59354834;;1;2026-03-17T02:17:13
00780257554454;Alimento Seco Perro Senior Cuidado Articular Sabor Carne Bolsa, 15 kg;;1686;30990;True;https://super.lider.cl/ip/perro/00780257554454;https://i5.walmartimages.cl/asr/3cbad26b-8334-4eb9-8981-b63cde049eed.2a7e7ded54d5ef93c4d61483d8d5c8de.jpeg?null=&odnHeight=580&odnWidth=580&odnBg=FFFFFF;Higiene y Bienestar > Alimento Seco;https://super.lider.cl/browse/mascotas/perro/alimento-seco/07089592_29432822_59354834;;1;2026-03-17T02:17:13
00780443800158;Alimento Seco Perro Adulto Raza Mediana/Grande Carne y Cereales Bolsa, 15 Kg;;1533;22990;True;https://super.lider.cl/ip/perro/00780443800158;https://i5.walmartimages.cl/asr/2725eeab-e585-4f97-b402-f0774be08133.210b63209ba2a4c2a8f51775263590ef.jpeg?odnHeight=580&odnWidth=580&odnBg=FFFFFF;Higiene y Bienestar > Alimento Seco;https://super.lider.cl/browse/mascotas/perro/alimento-seco/07089592_29432822_59354834;;1;2026-03-17T02:17:13
00780410000280;Alimento Seco Perro Adulto Carne y Arroz Bolsa, 15 Kg;;1233;21490;True;https://super.lider.cl/ip/perro/00780410000280;https://i5.walmartimages.cl/asr/26240dd1-4e07-409e-9553-8eef56134d8b.554cf543675aa179af62a36cfef42f27.jpeg?odnHeight=580&odnWidth=580&odnBg=FFFFFF;Higiene y Bienestar > Alimento Seco;https://super.lider.cl/browse/mascotas/perro/alimento-seco/07089592_29432822_59354834;;1;2026-03-17T02:17:13
00780257553244;Alimento Seco Perro Adulto Carne y Arroz Bolsa, 15 kg;;1439;21590;True;https://super.lider.cl/ip/perro/00780257553244;https://i5.walmartimages.cl/asr/a7b7fbbb-4746-427f-9efa-28c2ae38276e.adfd9a1729f49641cd70e6bd3d3a7756.jpeg?odnHeight=580&odnWidth=580&odnBg=FFFFFF;Higiene y Bienestar > Alimento Seco;https://super.lider.cl/browse/mascotas/perro/alimento-seco/07089592_29432822_59354834;;1;2026-03-17T02:17:13
00779745300159;Alimento Seco Perro Senior Carne y Vegetales Bolsa, 3 Kg;;2983;11190;True;https://super.lider.cl/ip/perro/00779745300159;https://i5.walmartimages.cl/asr/614546a7-e837-462b-8973-2e8299dde77e.b7c1745a5f6e09c6f263cb212e111a39.jpeg?null=&odnHeight=580&odnWidth=580&odnBg=FFFFFF;Higiene y Bienestar > Alimento Seco;https://super.lider.cl/browse/mascotas/perro/alimento-seco/07089592_29432822_59354834;;1;2026-03-17T02:17:13
00844529168474;Alimento Seco Perro Adulto Mediano Senior Bolsa, 12 kg;;2449;29390;True;https://super.lider.cl/ip/perro/00844529168474;https://i5.walmartimages.cl/asr/a1f86f24-1f36-43bc-86d9-32b037930ebc.135dda7dfa3dbf5d5cae026aff53f57c.jpeg?null=&odnHeight=580&odnWidth=580&odnBg=FFFFFF;Higiene y Bienestar > Alimento Seco;https://super.lider.cl/browse/mascotas/perro/alimento-seco/07089592_29432822_59354834;;1;2026-03-17T02:17:13
00780192000105;Alimento Seco Cachorro Raza Mediana/Grande Carne y Leche Bolsa, 15 Kg;;1679;30990;True;https://super.lider.cl/ip/perro/00780192000105;https://i5.walmartimages.cl/asr/0c7ad4e6-de85-49f3-aa49-2b4e810e93e1.f7e0f88d6d80e60d50723be771683f26.jpeg?null=&odnHeight=580&odnWidth=580&odnBg=FFFFFF;Higiene y Bienestar > Alimento Seco;https://super.lider.cl/browse/mascotas/perro/alimento-seco/07089592_29432822_59354834;;1;2026-03-17T02:17:13
00779745300157;Alimento Seco Perro Adulto Raza Pequeña Carne y Vegetales Bolsa, 3 Kg;;2240;11190;True;https://super.lider.cl/ip/perro/00779745300157;https://i5.walmartimages.cl/asr/ba656759-de40-49f1-887a-33a5c49b7061.764bfc5d6a61f25a2813650db37c3f9c.jpeg?null=&odnHeight=580&odnWidth=580&odnBg=FFFFFF;Higiene y Bienestar > Alimento Seco;https://super.lider.cl/browse/mascotas/perro/alimento-seco/07089592_29432822_59354834;;1;2026-03-17T02:17:13
00761328790989;Alimento Seco Perro Adulto Raza Pequeña Carne y Pollo Bolsa, 3 Kg;;3597;10790;True;https://super.lider.cl/ip/perro/00761328790989;https://i5.walmartimages.cl/asr/f3ca31aa-6edc-4ffc-a8b7-c7a5b5c23c81.b416f84071f94e513f4586b9dbfef6cd.jpeg?odnHeight=580&odnWidth=580&odnBg=FFFFFF;Higiene y Bienestar > Alimento Seco;https://super.lider.cl/browse/mascotas/perro/alimento-seco/07089592_29432822_59354834;;1;2026-03-17T02:17:13
00779745300153;Alimento Seco Perro Adulto Raza Mediana/Grande Carne Bolsa, 3 Kg;;2240;11190;True;https://super.lider.cl/ip/perro/00779745300153;https://i5.walmartimages.cl/asr/af1746d9-de0f-415b-9911-580071103d4e.25edffe9efdabd838e8821dc120c94ee.jpeg?null=&odnHeight=580&odnWidth=580&odnBg=FFFFFF;Higiene y Bienestar > Alimento Seco;https://super.lider.cl/browse/mascotas/perro/alimento-seco/07089592_29432822_59354834;;1;2026-03-17T02:17:13
00779745300151;Alimento Seco Cachorro Carne Bolsa, 3 Kg;;2240;11190;True;https://super.lider.cl/ip/perro/00779745300151;https://i5.walmartimages.cl/asr/7e3120dc-37fc-4349-84d4-086acd2cf409.971cd7468946b8cdfaa5e9b31b66eba6.jpeg?null=&odnHeight=580&odnWidth=580&odnBg=FFFFFF;Higiene y Bienestar > Alimento Seco;https://super.lider.cl/browse/mascotas/perro/alimento-seco/07089592_29432822_59354834;;1;2026-03-17T02:17:13
00761328722519;Alimento Seco Perro Adulto Raza Pequeña Pollo y Carne Bolsa, 2 Kg;;5345;10690;True;https://super.lider.cl/ip/perro/00761328722519;https://i5.walmartimages.cl/asr/0e4eba92-21fb-4476-ada5-9a5b51878254.cf9cc914254aaaf25ddf0a7f6ebeb897.jpeg?null=&odnHeight=580&odnWidth=580&odnBg=FFFFFF;Higiene y Bienestar > Alimento Seco;https://super.lider.cl/browse/mascotas/perro/alimento-seco/07089592_29432822_59354834;;1;2026-03-17T02:17:13
00779745397246;Alimento Seco Cachorro Carne, 15 Kg;;1859;33890;True;https://super.lider.cl/ip/perro/00779745397246;https://i5.walmartimages.cl/asr/a26d5e7c-eed8-47a6-820a-a6113ee6e2f6.dd0241bc0b750645ae129b4d051c5222.jpeg?null=&odnHeight=580&odnWidth=580&odnBg=FFFFFF;Higiene y Bienestar > Alimento Seco;https://super.lider.cl/browse/mascotas/perro/alimento-seco/07089592_29432822_59354834;;1;2026-03-17T02:17:13
00780091020225;Bolsas Sanitarias Ecologicas (60 Unidades), 60 Un;;3990;3990;False;https://super.lider.cl/ip/perro/00780091020225;https://i5.walmartimages.cl/asr/03d261a7-e17d-4b87-bff7-5db91e827bce.50ff18cbe3fa08470b11d8dc1d1388de.jpeg?odnHeight=580&odnWidth=580&odnBg=FFFFFF;Higiene y Bienestar > Alimento Seco;https://super.lider.cl/browse/mascotas/perro/alimento-seco/07089592_29432822_59354834;;1;2026-03-17T02:17:13
00761328732741;Alimento Seco Perro Longevidad Sabor Carne Bolsa, 3 Kg;;3597;10790;True;https://super.lider.cl/ip/perro/00761328732741;https://i5.walmartimages.cl/asr/3b563ffb-4512-4bc8-b3cd-5bb3a4e8a948.6939abf4b00b31f5f4925a3421753870.jpeg?odnHeight=580&odnWidth=580&odnBg=FFFFFF;Higiene y Bienestar > Alimento Seco;https://super.lider.cl/browse/mascotas/perro/alimento-seco/07089592_29432822_59354834;;1;2026-03-17T02:17:13
00780443800380;Alimento Seco Perro Adulto Carne Bolsa, 9 Kg;;12490;12490;False;https://super.lider.cl/ip/perro/00780443800380;https://i5.walmartimages.cl/asr/c5833c7c-8d41-4c33-a615-d79fd83e3929.93f63f05c6b55de6c799bcf848aae8e8.jpeg?null=&odnHeight=580&odnWidth=580&odnBg=FFFFFF;Higiene y Bienestar > Alimento Seco;https://super.lider.cl/browse/mascotas/perro/alimento-seco/07089592_29432822_59354834;;1;2026-03-17T02:17:13
00761328722535;Alimento Seco Perro Adulto Raza Pequeña Pollo y Cordero Bolsa, 2 Kg;;5345;10690;True;https://super.lider.cl/ip/perro/00761328722535;https://i5.walmartimages.cl/asr/15d9f2a4-d13d-414a-ac33-cb3b2226dd37.86af71e0f02555e1d8b4fe1bd9295709.jpeg?null=&odnHeight=580&odnWidth=580&odnBg=FFFFFF;Higiene y Bienestar > Alimento Seco;https://super.lider.cl/browse/mascotas/perro/alimento-seco/07089592_29432822_59354834;;1;2026-03-17T02:17:13
00761328790987;Alimento Seco Perro Adulto Raza Pequeña Carne y Pollo Bolsa, 8 Kg;;20290;20290;False;https://super.lider.cl/ip/perro/00761328790987;https://i5.walmartimages.cl/asr/9749ee14-4eda-42b2-aadc-b95b4e5bef57.eb8caf126589c7cfc90d5575ed793b70.jpeg?odnHeight=580&odnWidth=580&odnBg=FFFFFF;Higiene y Bienestar > Alimento Seco;https://super.lider.cl/browse/mascotas/perro/alimento-seco/07089592_29432822_59354834;;1;2026-03-17T02:17:13
00780192000068;Alimento Seco Perro Senior Raza Mediana/Grande Carne Bolsa, 3 Kg;;1700;10990;True;https://super.lider.cl/ip/perro/00780192000068;https://i5.walmartimages.cl/asr/ab633c4e-d84e-4ba1-8d6b-6d962a436130.37284a0a76608625ad130355ddaa0c3c.jpeg?null=&odnHeight=580&odnWidth=580&odnBg=FFFFFF;Higiene y Bienestar > Alimento Seco;https://super.lider.cl/browse/mascotas/perro/alimento-seco/07089592_29432822_59354834;;1;2026-03-17T02:17:13
00780192000176;Alimento Seco Perro Adulto Raza Pequeña Carne Bolsa, 3 Kg;;1700;10990;True;https://super.lider.cl/ip/perro/00780192000176;https://i5.walmartimages.cl/asr/9ea512c3-aacd-4140-950f-9f769d8f65c3.96a166a719914636d4aa8a8d82aa1964.jpeg?null=&odnHeight=580&odnWidth=580&odnBg=FFFFFF;Higiene y Bienestar > Alimento Seco;https://super.lider.cl/browse/mascotas/perro/alimento-seco/07089592_29432822_59354834;;1;2026-03-17T02:17:13
00780257553413;Alimento Seco Perro Senior Raza Pequeña Carne Bolsa, 3 kg;;3663;10990;True;https://super.lider.cl/ip/perro/00780257553413;https://i5.walmartimages.cl/asr/f770c76a-2270-4132-8658-ceb0298506fd.77f4ae1125a1ea684ebb9d102e8a1420.jpeg?null=&odnHeight=580&odnWidth=580&odnBg=FFFFFF;Higiene y Bienestar > Alimento Seco;https://super.lider.cl/browse/mascotas/perro/alimento-seco/07089592_29432822_59354834;;1;2026-03-17T02:17:13
00844529056371;Alimento Seco Perro Adulto Alta Proteina Carne Bolsa, 3 kg;;3597;10790;True;https://super.lider.cl/ip/perro/00844529056371;https://i5.walmartimages.cl/asr/f2a65280-72b2-4dc8-88d4-ab524f5f7e53.568cf46f2d55b724c873d6bbebd87446.jpeg?null=&odnHeight=580&odnWidth=580&odnBg=FFFFFF;Higiene y Bienestar > Alimento Seco;https://super.lider.cl/browse/mascotas/perro/alimento-seco/07089592_29432822_59354834;;1;2026-03-17T02:17:13
00844529140092;Alimento Seco Perro Cachorro Raza Mediana y Grande Bolsa, 12 kg;;2449;29390;True;https://super.lider.cl/ip/perro/00844529140092;https://i5.walmartimages.cl/asr/8ca5ff9d-476f-449b-82b6-4af1985d49fc.c35a3f6a43d10bd4a5382938b40d0403.jpeg?null=&odnHeight=580&odnWidth=580&odnBg=FFFFFF;Higiene y Bienestar > Alimento Seco;https://super.lider.cl/browse/mascotas/perro/alimento-seco/07089592_29432822_59354834;;1;2026-03-17T02:17:13
00761303595084;Alimento Seco Cachorro Raza Pequeña Carne y Pollo Bolsa, 3 Kg;;3597;10790;True;https://super.lider.cl/ip/perro/00761303595084;https://i5.walmartimages.cl/asr/572f4683-203b-447b-b3a3-0846aecdfe6f.15f4a7da94f99e43efa71aa88ea62ca1.jpeg?null=&odnHeight=580&odnWidth=580&odnBg=FFFFFF;Higiene y Bienestar > Alimento Seco;https://super.lider.cl/browse/mascotas/perro/alimento-seco/07089592_29432822_59354834;;1;2026-03-17T02:17:13
00761328790976;Alimento Seco Perro Adulto Raza Mediana/Grande Carne y Pollo Bolsa, 3 Kg;;3597;10790;True;https://super.lider.cl/ip/perro/00761328790976;https://i5.walmartimages.cl/asr/e3a7340a-6425-40ce-8928-87f5a291aec0.18e3ea07cc1d65dd9fd670956a5d355e.jpeg?null=&odnHeight=580&odnWidth=580&odnBg=FFFFFF;Higiene y Bienestar > Alimento Seco;https://super.lider.cl/browse/mascotas/perro/alimento-seco/07089592_29432822_59354834;;1;2026-03-17T02:17:13
00780257553358;Alimento Seco Perro Adulto Raza Pequeña Sabor Pollo Bolsa, 3 Kg;;5063;15190;True;https://super.lider.cl/ip/perro/00780257553358;https://i5.walmartimages.cl/asr/6e132e39-b330-47a5-ad31-1b32fb8f75b2.42beeef9139a5758d9e37acec05cce25.jpeg?null=&odnHeight=580&odnWidth=580&odnBg=FFFFFF;Higiene y Bienestar > Alimento Seco;https://super.lider.cl/browse/mascotas/perro/alimento-seco/07089592_29432822_59354834;;1;2026-03-17T02:17:13
00761328722801;Alimento Seco Perro Adulto Raza Mediana/Grande Pollo y Cordero Bolsa, 6 Kg;;4548;27290;True;https://super.lider.cl/ip/perro/00761328722801;https://i5.walmartimages.cl/asr/2f4238bb-04fd-41c6-a9e5-736f9fb8d517.253982da55e16a20cb49f4cd7159b0b6.jpeg?null=&odnHeight=580&odnWidth=580&odnBg=FFFFFF;Higiene y Bienestar > Alimento Seco;https://super.lider.cl/browse/mascotas/perro/alimento-seco/07089592_29432822_59354834;;1;2026-03-17T02:17:13
00780257553365;Alimento Seco Perro Adulto Raza Mediana/Grande Sabor Pollo Bolsa, 15 Kg;;2666;39990;True;https://super.lider.cl/ip/perro/00780257553365;https://i5.walmartimages.cl/asr/c6060499-d65a-4dd4-b775-f64333e7a745.ec2684da5ac25f871d6f589e359b4e67.jpeg?null=&odnHeight=580&odnWidth=580&odnBg=FFFFFF;Higiene y Bienestar > Alimento Seco;https://super.lider.cl/browse/mascotas/perro/alimento-seco/07089592_29432822_59354834;;1;2026-03-17T02:17:13
00761328722537;Alimento Seco Perro Adulto Raza Pequeña Pollo y Cordero Bolsa, 6 Kg;;4548;27290;True;https://super.lider.cl/ip/perro/00761328722537;https://i5.walmartimages.cl/asr/4bfd9f4b-199e-40c8-8341-26851107a197.1b52d68152159ca344f3452ffa78e20c.jpeg?null=&odnHeight=580&odnWidth=580&odnBg=FFFFFF;Higiene y Bienestar > Alimento Seco;https://super.lider.cl/browse/mascotas/perro/alimento-seco/07089592_29432822_59354834;;1;2026-03-17T02:17:13
00761328722723;Alimento Seco Perro Adulto Raza Mediana/Grande Pollo y Carne Bolsa, 12 Kg;;4299;51590;True;https://super.lider.cl/ip/perro/00761328722723;https://i5.walmartimages.cl/asr/a13141fe-49e2-47a4-bf45-13afbf80d260.e156d607351d900c8ab3d8d51b5254c8.jpeg?null=&odnHeight=580&odnWidth=580&odnBg=FFFFFF;Higiene y Bienestar > Alimento Seco;https://super.lider.cl/browse/mascotas/perro/alimento-seco/07089592_29432822_59354834;;1;2026-03-17T02:17:13
00780257553324;Alimento Seco Perro Adulto Raza Pequeña Carne Bolsa, 8 Kg;;2873;22990;True;https://super.lider.cl/ip/perro/00780257553324;https://i5.walmartimages.cl/asr/8c132f0a-2fdc-42c3-a245-fb3424667995.5e91f329d67e4f08aae1706538dd17cd.jpeg?null=&odnHeight=580&odnWidth=580&odnBg=FFFFFF;Higiene y Bienestar > Alimento Seco;https://super.lider.cl/browse/mascotas/perro/alimento-seco/07089592_29432822_59354834;;1;2026-03-17T02:17:13
00780192000011;Alimento Seco Cachorro Raza Mediana/Grande Sabor Carne y Leche Bolsa, 3 Kg;;1700;10990;True;https://super.lider.cl/ip/perro/00780192000011;https://i5.walmartimages.cl/asr/6bdf559c-e29d-47c1-a1f3-1d567e06c4c4.8146429fe1a75a1710b86acc3ff02d5b.jpeg?null=&odnHeight=580&odnWidth=580&odnBg=FFFFFF;Higiene y Bienestar > Alimento Seco;https://super.lider.cl/browse/mascotas/perro/alimento-seco/07089592_29432822_59354834;;1;2026-03-17T02:17:13
00779745397411;Alimento Cachorro Razas Pequeñas, 3 kg;;2200;11190;True;https://super.lider.cl/ip/perro/00779745397411;https://i5.walmartimages.cl/asr/4fcb5d6f-1453-4eda-96ea-42ada18c0167.bef605203ac7586a69a16c55b98d30a6.jpeg?odnHeight=580&odnWidth=580&odnBg=FFFFFF;Higiene y Bienestar > Alimento Seco;https://super.lider.cl/browse/mascotas/perro/alimento-seco/07089592_29432822_59354834;;1;2026-03-17T02:17:13
00780257554455;Alimento Seco Perro Adulto Sabor Carne Bolsa, 21 kg;;1900;39890;True;https://super.lider.cl/ip/perro/00780257554455;https://i5.walmartimages.cl/asr/a0095f78-a51a-4d6d-b16b-ed371b3ca3a7.fbe7f7d97d61cfa66720d4ed69eb76c6.jpeg?null=&odnHeight=580&odnWidth=580&odnBg=FFFFFF;Higiene y Bienestar > Alimento Seco;https://super.lider.cl/browse/mascotas/perro/alimento-seco/07089592_29432822_59354834;;1;2026-03-17T02:17:13
00040005088011;Super Premium - Alimento Seco Gato Adulto Esterilizado De Pollo Y Salmón, 2 kg;;7995;15990;True;https://super.lider.cl/ip/perro/00040005088011;https://i5.walmartimages.cl/asr/4278f609-36ea-4334-bd45-7c0ed52372ab.5e3fba8c75f8952414b750a22246f558.jpeg?odnHeight=580&odnWidth=580&odnBg=FFFFFF;Higiene y Bienestar > Alimento Seco;https://super.lider.cl/browse/mascotas/gato/alimento-seco/07089592_85723699_38537300;;1;2026-03-17T02:19:19
00780257553359;Alimento Seco Perro Adulto Raza Mediana/Grande Sabor Pollo Bolsa, 3 Kg;;5063;15190;True;https://super.lider.cl/ip/perro/00780257553359;https://i5.walmartimages.cl/asr/e69f19dd-ea7a-4a8d-a646-75cebfb835d0.4c37a9e4d340af6e6ac08265fee3feb9.jpeg?null=&odnHeight=580&odnWidth=580&odnBg=FFFFFF;Higiene y Bienestar > Alimento Seco;https://super.lider.cl/browse/mascotas/perro/alimento-seco/07089592_29432822_59354834;;1;2026-03-17T02:17:13
00780192000018;Alimento Seco Perro Adulto Raza Mediana/Grande Sabor Carne Bolsa, 3 Kg;;3663;10990;True;https://super.lider.cl/ip/perro/00780192000018;https://i5.walmartimages.cl/asr/faa121d8-5635-4f87-9818-bf367d9a9a61.8d7d5a4753f70872950c9f8c54f7df7b.jpeg?null=&odnHeight=580&odnWidth=580&odnBg=FFFFFF;Higiene y Bienestar > Alimento Seco;https://super.lider.cl/browse/mascotas/perro/alimento-seco/07089592_29432822_59354834;;1;2026-03-17T02:17:13
00780443800216;Alimento Seco Perro Adulto Raza Pequeña Carne y Cereales Bolsa, 3 Kg;;10390;10390;False;https://super.lider.cl/ip/perro/00780443800216;https://i5.walmartimages.cl/asr/cc9dde7e-c555-46d8-9965-e8ceb62dfd98.6efa1b4481ec31e089899dbb34d466f5.jpeg?null=&odnHeight=580&odnWidth=580&odnBg=FFFFFF;Higiene y Bienestar > Alimento Seco;https://super.lider.cl/browse/mascotas/perro/alimento-seco/07089592_29432822_59354834;;1;2026-03-17T02:17:13
00761303595092;Alimento Seco Cachorro Raza Mediana/Grande Carne y Pollo Bolsa, 3 Kg;;3597;10790;True;https://super.lider.cl/ip/perro/00761303595092;https://i5.walmartimages.cl/asr/ae66ed60-6cac-45d5-9c58-0caaac6d7561.0f8f4d124ee3b4b07c58e68ae05f792d.jpeg?null=&odnHeight=580&odnWidth=580&odnBg=FFFFFF;Higiene y Bienestar > Alimento Seco;https://super.lider.cl/browse/mascotas/perro/alimento-seco/07089592_29432822_59354834;;1;2026-03-17T02:17:13
00040005088006;Super Premium - Alimento Seco Perro Adulto Raza Pequeña De Pollo Y Arvejas, 2 kg;;5495;10990;True;https://super.lider.cl/ip/perro/00040005088006;https://i5.walmartimages.cl/asr/951dd305-c26b-4083-a0e5-9660a79301d4.f34be36bf66b9dfc9eacc3086961ab5b.jpeg?odnHeight=580&odnWidth=580&odnBg=FFFFFF;Higiene y Bienestar > Alimento Seco;https://super.lider.cl/browse/mascotas/perro/alimento-seco/07089592_29432822_59354834?page=2;;2;2026-03-17T02:17:35
00779745397250;Alimento Seco Perro Adulto Raza Pequeña Carne y Vegetales Bolsa, 8 Kg;;3024;24190;True;https://super.lider.cl/ip/perro/00779745397250;https://i5.walmartimages.cl/asr/05da5049-9427-4a86-87fb-0485c7d5f2cc.d3fc339de74963e8eb49afa13936f07d.jpeg?null=&odnHeight=580&odnWidth=580&odnBg=FFFFFF;Higiene y Bienestar > Alimento Seco;https://super.lider.cl/browse/mascotas/perro/alimento-seco/07089592_29432822_59354834?page=2;;2;2026-03-17T02:17:35
00761328722511;Alimento Seco Cachorro Pollo y Carne Bolsa, 6 Kg;;4548;27290;True;https://super.lider.cl/ip/perro/00761328722511;https://i5.walmartimages.cl/asr/98ebdf5e-0fe7-497a-919e-3da89ca311da.6a2ee6349fb4bde9874eb90797a8b9c8.jpeg?null=&odnHeight=580&odnWidth=580&odnBg=FFFFFF;Higiene y Bienestar > Alimento Seco;https://super.lider.cl/browse/mascotas/perro/alimento-seco/07089592_29432822_59354834?page=2;;2;2026-03-17T02:17:35
00780257553361;Alimento Seco Cachorro Raza Pequeña Sabor Pollo Bolsa, 2,5 Kg;;6076;15190;True;https://super.lider.cl/ip/perro/00780257553361;https://i5.walmartimages.cl/asr/a0398f32-075e-4645-8786-9c67d26b9ce6.f7930d7557aca59a540c3522ae1b2af1.jpeg?null=&odnHeight=580&odnWidth=580&odnBg=FFFFFF;Higiene y Bienestar > Alimento Seco;https://super.lider.cl/browse/mascotas/perro/alimento-seco/07089592_29432822_59354834?page=2;;2;2026-03-17T02:17:35
00844529056408;Alimento Seco Perro Adulto Multi Proteina Carne Bolsa, 3 kg;;3597;10790;True;https://super.lider.cl/ip/perro/00844529056408;https://i5.walmartimages.cl/asr/c7196a87-e5c2-495c-9995-791e8c3d51ff.1c7ca81ed6733e9be0d424fb187fbe29.jpeg?null=&odnHeight=580&odnWidth=580&odnBg=FFFFFF;Higiene y Bienestar > Alimento Seco;https://super.lider.cl/browse/mascotas/perro/alimento-seco/07089592_29432822_59354834?page=2;;2;2026-03-17T02:17:35
00761328722553;Alimento Seco Perro Adulto Raza Mediana/Grande Pollo y Carne Bolsa, 6 Kg;;4548;27290;True;https://super.lider.cl/ip/perro/00761328722553;https://i5.walmartimages.cl/asr/5a5efc36-1543-4e78-85e6-5191f5d40a6a.383b7372c3c29cc0173596574b204a0d.jpeg?null=&odnHeight=580&odnWidth=580&odnBg=FFFFFF;Higiene y Bienestar > Alimento Seco;https://super.lider.cl/browse/mascotas/perro/alimento-seco/07089592_29432822_59354834?page=2;;2;2026-03-17T02:17:35
00040005088009;Super Premium - Alimento Seco Cachorro Raza Mediana/Grande De Pollo Y Arveja, 2 kg;;5495;10990;True;https://super.lider.cl/ip/perro/00040005088009;https://i5.walmartimages.cl/asr/fe905f8d-6e2c-4ded-9ddf-66ca4cb90498.9a796a88aa0cad7f073ced1c2e28205d.jpeg?odnHeight=580&odnWidth=580&odnBg=FFFFFF;Higiene y Bienestar > Alimento Seco;https://super.lider.cl/browse/mascotas/perro/alimento-seco/07089592_29432822_59354834?page=2;;2;2026-03-17T02:17:35
00040005088007;Super Premium - Alimento Seco Perro Adulto Raza Pequeña De Pollo Y Arvejas, 6 kg;;4498;26990;True;https://super.lider.cl/ip/perro/00040005088007;https://i5.walmartimages.cl/asr/478eda57-679a-43ed-9900-2a66198609b5.bd226a0aeb805fa16b47dba57c16b059.jpeg?odnHeight=580&odnWidth=580&odnBg=FFFFFF;Higiene y Bienestar > Alimento Seco;https://super.lider.cl/browse/mascotas/perro/alimento-seco/07089592_29432822_59354834?page=2;;2;2026-03-17T02:17:35
00040005088008;Super Premium - Alimentos Seco Perro Adulto Mediano/Grande De Pollo Y Arvejas, 12 kg;;3916;46990;True;https://super.lider.cl/ip/cafe-te-y-hierbas/00040005088008;https://i5.walmartimages.cl/asr/7c6640a4-1ea8-4b08-95b6-c22a7453b2ba.3a657e02e518b8226ddf8ec77d664d00.jpeg?odnHeight=580&odnWidth=580&odnBg=FFFFFF;Higiene y Bienestar > Alimento Seco;https://super.lider.cl/browse/mascotas/perro/alimento-seco/07089592_29432822_59354834?page=2;;2;2026-03-17T02:17:35
00780443800153;Alimento Seco Cachorro Carne y Cereales Bolsa, 3 Kg;;10390;10390;False;https://super.lider.cl/ip/perro/00780443800153;https://i5.walmartimages.cl/asr/628150e8-5bfb-42cf-a4f9-66bf650752bd.66fc51220048ccc9ac80a726f275216a.jpeg?null=&odnHeight=580&odnWidth=580&odnBg=FFFFFF;Higiene y Bienestar > Alimento Seco;https://super.lider.cl/browse/mascotas/perro/alimento-seco/07089592_29432822_59354834?page=2;;2;2026-03-17T02:17:35
00761328722513;Alimento Seco Cachorro Sabor Pollo y Carne Bolsa;;4166;49990;True;https://super.lider.cl/ip/perro/00761328722513;https://i5.walmartimages.cl/asr/2184171f-a593-4ee9-9d2b-04bb4b0343a1.7b1be85f8d9646cb59b7721880d8ca75.jpeg?null=&odnHeight=580&odnWidth=580&odnBg=FFFFFF;Higiene y Bienestar > Alimento Seco;https://super.lider.cl/browse/mascotas/perro/alimento-seco/07089592_29432822_59354834?page=2;;2;2026-03-17T02:17:35
00780257553363;Alimento Seco Cachorro Raza Mediana/Grande Sabor Pollo Bolsa, 2,5 Kg;;6076;15190;True;https://super.lider.cl/ip/perro/00780257553363;https://i5.walmartimages.cl/asr/733ef43d-0b84-42e3-8869-6966d22c675f.a588001a20c5882c44306d1b96c64acd.jpeg?null=&odnHeight=580&odnWidth=580&odnBg=FFFFFF;Higiene y Bienestar > Alimento Seco;https://super.lider.cl/browse/mascotas/perro/alimento-seco/07089592_29432822_59354834?page=2;;2;2026-03-17T02:17:35
00780257553486;Delident Raza Grande, 270 g;;2590;9593;True;https://super.lider.cl/ip/perro/00780257553486;https://i5.walmartimages.cl/asr/e1c94fd0-d773-4b35-8a74-2aa443f8a80c.38e272f18bff9c18264a1d04d021e8a4.jpeg?odnHeight=580&odnWidth=580&odnBg=FFFFFF;Higiene y Bienestar > Alimento Seco;https://super.lider.cl/browse/mascotas/perro/alimento-seco/07089592_29432822_59354834?page=2;;2;2026-03-17T02:17:35
00780257553485;Delident Raza Pequeña, 110 g;;1590;14455;True;https://super.lider.cl/ip/perro/00780257553485;https://i5.walmartimages.cl/asr/d194875c-877a-44a2-8706-03e968a97b33.d32e41d209146baf18a7ff610734f405.jpeg?odnHeight=580&odnWidth=580&odnBg=FFFFFF;Higiene y Bienestar > Alimento Seco;https://super.lider.cl/browse/mascotas/perro/alimento-seco/07089592_29432822_59354834?page=2;;2;2026-03-17T02:17:35
00780257553484;Delident Raza Mediana, 180 g;;1790;9944;True;https://super.lider.cl/ip/perro/00780257553484;https://i5.walmartimages.cl/asr/15c17966-862a-400b-ac13-25844125b0d4.adb77101727957357ebaecae2928ce5e.jpeg?odnHeight=580&odnWidth=580&odnBg=FFFFFF;Higiene y Bienestar > Alimento Seco;https://super.lider.cl/browse/mascotas/perro/alimento-seco/07089592_29432822_59354834?page=2;;2;2026-03-17T02:17:35
00062869382601;Indomitable Patagonia Classic Beef 460 G, 460 g;;759;3490;True;https://super.lider.cl/ip/perro/00062869382601;https://i5.walmartimages.cl/asr/b598cb10-53da-4220-8246-476d0faaa56e.4c9699ebc24bb2f6eca6429f92267ca4.jpeg?odnHeight=580&odnWidth=580&odnBg=FFFFFF;Higiene y Bienestar > Alimento Seco;https://super.lider.cl/browse/mascotas/perro/alimento-seco/07089592_29432822_59354834?page=2;;2;2026-03-17T02:17:35
00761328722489;Alimento Seco Cachorro Pollo y Carne Bolsa, 2 Kg;;5345;10690;True;https://super.lider.cl/ip/perro/00761328722489;https://i5.walmartimages.cl/asr/ac9b9c20-ba90-4533-a202-d56d6bc22ff7.297e71cf1d54f65bd95784e2b66206a3.jpeg?null=&odnHeight=580&odnWidth=580&odnBg=FFFFFF;Higiene y Bienestar > Alimento Seco;https://super.lider.cl/browse/mascotas/perro/alimento-seco/07089592_29432822_59354834?page=2;;2;2026-03-17T02:17:35
00780257553323;Alimento Seco Cachorro Raza Pequeña Carne y Leche Bolsa, 3 Kg;;1700;10990;True;https://super.lider.cl/ip/perro/00780257553323;https://i5.walmartimages.cl/asr/26f99190-74c3-426d-b3cf-bd6d1491e962.856762e82f88baaa60e9f1c21cee77be.jpeg?null=&odnHeight=580&odnWidth=580&odnBg=FFFFFF;Higiene y Bienestar > Alimento Seco;https://super.lider.cl/browse/mascotas/perro/alimento-seco/07089592_29432822_59354834?page=2;;2;2026-03-17T02:17:35
00779745300079;Alimento Húmedo Perro Adulto Sabor Carne Pouch, 100 g;;810;8100;True;https://super.lider.cl/ip/perro/00779745300079;https://i5.walmartimages.cl/asr/0e9f735d-26ff-4638-bb58-2c7f2dff9b9f.a16b5c34256fd3e10a4f7d23d2717c04.jpeg?null=&odnHeight=580&odnWidth=580&odnBg=FFFFFF;Higiene y Bienestar > Alimento Humedo;https://super.lider.cl/browse/mascotas/perro/alimento-humedo/07089592_29432822_02175062;;1;2026-03-17T02:18:00
00779745300047;Alimento Húmedo Perro Adulto Raza Pequeña Sabor Carne Pouch, 100 g;;810;8100;True;https://super.lider.cl/ip/perro/00779745300047;https://i5.walmartimages.cl/asr/b654b24d-f6cc-4263-9c7e-2c71672e8692.7967a7ca2b482175be7a6da8b65cbcf4.jpeg?null=&odnHeight=580&odnWidth=580&odnBg=FFFFFF;Higiene y Bienestar > Alimento Humedo;https://super.lider.cl/browse/mascotas/perro/alimento-humedo/07089592_29432822_02175062;;1;2026-03-17T02:18:00
00779745300048;Alimento Húmedo Perro Adulto Raza Pequeña Sabor Pollo Pouch, 100 g;;810;8100;True;https://super.lider.cl/ip/perro/00779745300048;https://i5.walmartimages.cl/asr/1d73773f-b8fd-4633-9689-db35eacb3fe7.6f095c2e688a723eb73aa5d6ea3b49c0.jpeg?null=&odnHeight=580&odnWidth=580&odnBg=FFFFFF;Higiene y Bienestar > Alimento Humedo;https://super.lider.cl/browse/mascotas/perro/alimento-humedo/07089592_29432822_02175062;;1;2026-03-17T02:18:00
00779745300080;Alimento Húmedo Perro Adulto Sabor Pollo Pouch, 100 g;;810;8100;True;https://super.lider.cl/ip/perro/00779745300080;https://i5.walmartimages.cl/asr/d2aa1609-666d-40a5-a3c2-2c4c3c345c79.2dd9d396475aac56786cdf65f2f74078.jpeg?null=&odnHeight=580&odnWidth=580&odnBg=FFFFFF;Higiene y Bienestar > Alimento Humedo;https://super.lider.cl/browse/mascotas/perro/alimento-humedo/07089592_29432822_02175062;;1;2026-03-17T02:18:00
00085000671539;Puré Cremoso Perro Adulto Sabor Pollo Sachet, 14 g;;600;42679;True;https://super.lider.cl/ip/perro/00085000671539;https://i5.walmartimages.cl/asr/82983b35-b361-4ee7-b6e6-c4628e87352f.80e13f8a29db0f127cbf220f2e2e8b5f.jpeg?null=&odnHeight=580&odnWidth=580&odnBg=FFFFFF;Higiene y Bienestar > Alimento Humedo;https://super.lider.cl/browse/mascotas/perro/alimento-humedo/07089592_29432822_02175062;;1;2026-03-17T02:18:00
00780410000174;Alimento Húmedo Perro Adulto Sabor Carne y Vegetales Sobre, 100 g;;640;6400;True;https://super.lider.cl/ip/perro/00780410000174;https://i5.walmartimages.cl/asr/4f710852-a37c-4ee6-9df7-3b92197f5f14.7823b16d3d594e278de418881d911225.jpeg?odnHeight=580&odnWidth=580&odnBg=FFFFFF;Higiene y Bienestar > Alimento Humedo;https://super.lider.cl/browse/mascotas/perro/alimento-humedo/07089592_29432822_02175062;;1;2026-03-17T02:18:00
00779745397176;Alimento Húmedo Perro Senior Sabor Carne Pouch, 100 g;;810;8100;True;https://super.lider.cl/ip/perro/00779745397176;https://i5.walmartimages.cl/asr/bf134f15-a7cf-4225-8693-4c44f22a3aea.177814dea1e406da1226985c0792ce92.jpeg?null=&odnHeight=580&odnWidth=580&odnBg=FFFFFF;Higiene y Bienestar > Alimento Humedo;https://super.lider.cl/browse/mascotas/perro/alimento-humedo/07089592_29432822_02175062;;1;2026-03-17T02:18:00
00780410000175;Alimento Húmedo Perro Adulto Trocitos Sabor Pollo Pouch, 100 g;;640;6400;True;https://super.lider.cl/ip/perro/00780410000175;https://i5.walmartimages.cl/asr/23c9e074-f807-4b9d-8e2d-757b89bdd515.7bcfa3067ef1e84a0404eb94141b7437.jpeg?null=&odnHeight=580&odnWidth=580&odnBg=FFFFFF;Higiene y Bienestar > Alimento Humedo;https://super.lider.cl/browse/mascotas/perro/alimento-humedo/07089592_29432822_02175062;;1;2026-03-17T02:18:00
00085000671543;Puré Cremoso Perro Adulto Sabor Pollo y Vegetales Sachet, 14 g;;600;42679;True;https://super.lider.cl/ip/perro/00085000671543;https://i5.walmartimages.cl/asr/e7e8ea6c-694e-49a6-9f40-1f770d881817.326987a3290b0107e15e2b2d7ed26380.jpeg?null=&odnHeight=580&odnWidth=580&odnBg=FFFFFF;Higiene y Bienestar > Alimento Humedo;https://super.lider.cl/browse/mascotas/perro/alimento-humedo/07089592_29432822_02175062;;1;2026-03-17T02:18:00
00779745300046;Alimento Húmedo Cachorro Sabor Carne Pouch, 85 g;;810;8100;True;https://super.lider.cl/ip/perro/00779745300046;https://i5.walmartimages.cl/asr/53a7ba70-ab84-4c2d-aee8-4b713f3f93ce.c08340750728460fea1ca77939de4cd4.jpeg?null=&odnHeight=580&odnWidth=580&odnBg=FFFFFF;Higiene y Bienestar > Alimento Humedo;https://super.lider.cl/browse/mascotas/perro/alimento-humedo/07089592_29432822_02175062;;1;2026-03-17T02:18:00
00789602902225;Alimento Húmedo Cachorro Sabor Pollo Pouch, 100 g;;810;8100;True;https://super.lider.cl/ip/perro/00789602902225;https://i5.walmartimages.cl/asr/8f0d68ca-df48-4696-b9fc-9ee7d03b8561.2815e308639c152b8007977ba0236c5f.jpeg?null=&odnHeight=580&odnWidth=580&odnBg=FFFFFF;Higiene y Bienestar > Alimento Humedo;https://super.lider.cl/browse/mascotas/perro/alimento-humedo/07089592_29432822_02175062;;1;2026-03-17T02:18:00
00780410000252;Alimento Húmedo Cachorro Trocitos Sabor Carne Pouch, 100 g;;640;6400;True;https://super.lider.cl/ip/perro/00780410000252;https://i5.walmartimages.cl/asr/b9302069-9f3e-4716-a01c-e03d85d5c7b4.051d9dd97b5b2ac85b5ef01d686da3b7.jpeg?null=&odnHeight=580&odnWidth=580&odnBg=FFFFFF;Higiene y Bienestar > Alimento Humedo;https://super.lider.cl/browse/mascotas/perro/alimento-humedo/07089592_29432822_02175062;;1;2026-03-17T02:18:00
00780257553175;Alimento Húmedo Perro Adulto Trocitos Sabor Carne Pouch, 100 g;;680;6800;True;https://super.lider.cl/ip/perro/00780257553175;https://i5.walmartimages.cl/asr/c745ecb0-6794-4f19-81ed-f5fe2e77d765.fae644feaf69d4218444897a4f9a9931.jpeg?null=&odnHeight=580&odnWidth=580&odnBg=FFFFFF;Higiene y Bienestar > Alimento Humedo;https://super.lider.cl/browse/mascotas/perro/alimento-humedo/07089592_29432822_02175062;;1;2026-03-17T02:18:00
00085000671554;Snack Perro Adulto Sabor Pollo Sachet Pack 8 Un, 14 g;;1360;6790;True;https://super.lider.cl/ip/perro/00085000671554;https://i5.walmartimages.cl/asr/57fc4ef8-6236-4054-a71d-dd11db44603f.8330fcccc8bf756223843de901ed417f.jpeg?odnHeight=580&odnWidth=580&odnBg=FFFFFF;Higiene y Bienestar > Alimento Humedo;https://super.lider.cl/browse/mascotas/perro/alimento-humedo/07089592_29432822_02175062;;1;2026-03-17T02:18:00
00780443800335;Alimento Húmedo Perro Adulto Trocitos Sabor Carne Pouch, 100 g;;630;6300;True;https://super.lider.cl/ip/perro/00780443800335;https://i5.walmartimages.cl/asr/5b464c08-6154-41d7-9dbe-22008dce37cf.3d3909cdfee95fcd6400acd903595fee.jpeg?null=&odnHeight=580&odnWidth=580&odnBg=FFFFFF;Higiene y Bienestar > Alimento Humedo;https://super.lider.cl/browse/mascotas/perro/alimento-humedo/07089592_29432822_02175062;;1;2026-03-17T02:18:00
00780257553172;Alimento Húmedo Perro Adulto Trocitos Sabor Pollo Pouch, 100 g;;680;6800;True;https://super.lider.cl/ip/perro/00780257553172;https://i5.walmartimages.cl/asr/8f1339ba-8158-4d3f-8bba-7c37685bef8b.fb5be463d40cbbd86a71336419df7f20.jpeg?null=&odnHeight=580&odnWidth=580&odnBg=FFFFFF;Higiene y Bienestar > Alimento Humedo;https://super.lider.cl/browse/mascotas/perro/alimento-humedo/07089592_29432822_02175062;;1;2026-03-17T02:18:00
00780443800336;Alimento Húmedo Perro Adulto Trocitos Sabor Pollo Pouch, 100 g;;630;6300;True;https://super.lider.cl/ip/perro/00780443800336;https://i5.walmartimages.cl/asr/91e91133-9edb-4524-bc3c-60dcd63f40cc.bd7580bed2fadd3f8695e6fd9ceaff8d.jpeg?null=&odnHeight=580&odnWidth=580&odnBg=FFFFFF;Higiene y Bienestar > Alimento Humedo;https://super.lider.cl/browse/mascotas/perro/alimento-humedo/07089592_29432822_02175062;;1;2026-03-17T02:18:00
00780257553332;Alimento Húmedo Perro Adulto Raza Pequeña Trocitos Sabor Carne Pouch, 85 g;;680;8000;True;https://super.lider.cl/ip/perro/00780257553332;https://i5.walmartimages.cl/asr/38adf045-7af5-4f7b-a283-75bf6836ec26.cd311be0f3b6a4c871c6d2189b1e58ad.jpeg?null=&odnHeight=580&odnWidth=580&odnBg=FFFFFF;Higiene y Bienestar > Alimento Humedo;https://super.lider.cl/browse/mascotas/perro/alimento-humedo/07089592_29432822_02175062;;1;2026-03-17T02:18:00
00780257553445;Alimento Húmedo Perro Senior Trocitos Sabor Carne Pouch, 100 g;;680;68000;True;https://super.lider.cl/ip/perro/00780257553445;https://i5.walmartimages.cl/asr/e7c759f6-923e-42ba-a70f-792840e488aa.978c025bb2a6cef2ff833eecfacbfe13.jpeg?null=&odnHeight=580&odnWidth=580&odnBg=FFFFFF;Higiene y Bienestar > Alimento Humedo;https://super.lider.cl/browse/mascotas/perro/alimento-humedo/07089592_29432822_02175062;;1;2026-03-17T02:18:00
00789100011567;Alimento Húmedo Perro Adulto Sabor Cordero Pouch, 100 g;;830;8300;True;https://super.lider.cl/ip/perro/00789100011567;https://i5.walmartimages.cl/asr/45ed87d6-6f1a-4e3d-a916-5e73b9561dd3.ea84e932863ece53bc6745bae7efe6ba.jpeg?null=&odnHeight=580&odnWidth=580&odnBg=FFFFFF;Higiene y Bienestar > Alimento Humedo;https://super.lider.cl/browse/mascotas/perro/alimento-humedo/07089592_29432822_02175062;;1;2026-03-17T02:18:00
00789100011563;Alimento Húmedo Perro Adulto Sabor Carne Pouch, 100 g;;830;8300;True;https://super.lider.cl/ip/perro/00789100011563;https://i5.walmartimages.cl/asr/c9b13770-ccfd-45ad-986f-499516b50129.5b2bd67cb50fb8129b2e1fc40fc7339e.jpeg?null=&odnHeight=580&odnWidth=580&odnBg=FFFFFF;Higiene y Bienestar > Alimento Humedo;https://super.lider.cl/browse/mascotas/perro/alimento-humedo/07089592_29432822_02175062;;1;2026-03-17T02:18:00
00789100033234;Alimento Húmedo Perro Adulto Sabor Carne, Pollo y Cordero Pouch, 85 g;;1250;14705;True;https://super.lider.cl/ip/perro/00789100033234;https://i5.walmartimages.cl/asr/e166a1e9-137f-4b8f-a321-dbefc4db8354.71485111fced08dbbb44691c27096068.jpeg?null=&odnHeight=580&odnWidth=580&odnBg=FFFFFF;Higiene y Bienestar > Alimento Humedo;https://super.lider.cl/browse/mascotas/perro/alimento-humedo/07089592_29432822_02175062;;1;2026-03-17T02:18:00
00789100011565;Alimento Húmedo Perro Adulto Sabor Pollo Pouch, 100 g;;830;8300;True;https://super.lider.cl/ip/perro/00789100011565;https://i5.walmartimages.cl/asr/0a3bdf24-68c5-49db-866c-d02485249bfe.a5ed92636e173cac3ee6656af122ec2e.jpeg?null=&odnHeight=580&odnWidth=580&odnBg=FFFFFF;Higiene y Bienestar > Alimento Humedo;https://super.lider.cl/browse/mascotas/perro/alimento-humedo/07089592_29432822_02175062;;1;2026-03-17T02:18:00
00085000671556;Snack Perro Adulto Sabor Pollo y Salmón Sachet Pack 8 Un, 14 g;;6790;7073;True;https://super.lider.cl/ip/perro/00085000671556;https://i5.walmartimages.cl/asr/330829bd-b521-4c31-b119-27fa9e8b841d.f30c6cb00589dfadccda11b6322d37c7.jpeg?odnHeight=580&odnWidth=580&odnBg=FFFFFF;Higiene y Bienestar > Alimento Humedo;https://super.lider.cl/browse/mascotas/perro/alimento-humedo/07089592_29432822_02175062;;1;2026-03-17T02:18:00
00780257553266;Alimento Húmedo Cachorro Trocitos Sabor Pollo Pouch, 85 g;;680;8000;True;https://super.lider.cl/ip/perro/00780257553266;https://i5.walmartimages.cl/asr/0b0d5a2b-6294-4e0d-98c6-22c60074d151.52e2356c04dcbd7f1c7648f0c1d1391d.jpeg?null=&odnHeight=580&odnWidth=580&odnBg=FFFFFF;Higiene y Bienestar > Alimento Humedo;https://super.lider.cl/browse/mascotas/perro/alimento-humedo/07089592_29432822_02175062;;1;2026-03-17T02:18:00
00789100033210;Alimento Húmedo Perro Adulto y Cachorro Superfoods Sabor Salmón Pouch, 85 g;;1250;14705;True;https://super.lider.cl/ip/perro/00789100033210;https://i5.walmartimages.cl/asr/9d2740a5-cff1-4afe-96af-aa7d9eb3eeb4.0a31624a37b3721c8fa3537576079d45.jpeg?null=&odnHeight=580&odnWidth=580&odnBg=FFFFFF;Higiene y Bienestar > Alimento Humedo;https://super.lider.cl/browse/mascotas/perro/alimento-humedo/07089592_29432822_02175062;;1;2026-03-17T02:18:00
00789100024413;Alimento Húmedo Perro Adulto Raza Pequeña Sabor Carne Pouch, 100 g;;830;8300;True;https://super.lider.cl/ip/perro/00789100024413;https://i5.walmartimages.cl/asr/8b7e7e6a-7d76-42f0-9393-3a672ed241ce.accd58c062b59afee7ddc4301327a1af.jpeg?null=&odnHeight=580&odnWidth=580&odnBg=FFFFFF;Higiene y Bienestar > Alimento Humedo;https://super.lider.cl/browse/mascotas/perro/alimento-humedo/07089592_29432822_02175062;;1;2026-03-17T02:18:00
00789100024474;Alimento Húmedo Cachorro Sabor Carne Pouch, 100 g;;830;8300;True;https://super.lider.cl/ip/perro/00789100024474;https://i5.walmartimages.cl/asr/0da541c9-f1a2-489a-abb1-58aea6a76058.68509ab6d7f353d241db1bd9f3c5acfd.jpeg?null=&odnHeight=580&odnWidth=580&odnBg=FFFFFF;Higiene y Bienestar > Alimento Humedo;https://super.lider.cl/browse/mascotas/perro/alimento-humedo/07089592_29432822_02175062;;1;2026-03-17T02:18:00
00780257553397;Alimento Húmedo Perro Adulto y Cachorro Sabor Pechuga de Pollo con Salmón al Jugo Pouch, 100 g;;1250;12500;True;https://super.lider.cl/ip/perro/00780257553397;https://i5.walmartimages.cl/asr/e7123409-17bc-48be-a4a7-eaa5f043e5ca.75fc77191cca8ec2b45d191eb7d20ffb.jpeg?null=&odnHeight=580&odnWidth=580&odnBg=FFFFFF;Higiene y Bienestar > Alimento Humedo;https://super.lider.cl/browse/mascotas/perro/alimento-humedo/07089592_29432822_02175062;;1;2026-03-17T02:18:00
00074674766585;Snack para Perro Beef Crema de Vacuno Pouch, 90 g;;2090;2090;False;https://super.lider.cl/ip/perro/00074674766585;https://i5.walmartimages.cl/asr/d3eae884-f2fb-49ca-be8b-4bc7b9f94342.474a5c113c09356c8798515d3b3b9c64.jpeg?odnHeight=580&odnWidth=580&odnBg=FFFFFF;Higiene y Bienestar > Alimento Humedo;https://super.lider.cl/browse/mascotas/perro/alimento-humedo/07089592_29432822_02175062;;1;2026-03-17T02:18:00
00074674766586;Snack para Perro Beef Crema de Cordero Pouch, 90 g;;2090;2090;False;https://super.lider.cl/ip/perro/00074674766586;https://i5.walmartimages.cl/asr/5aeda8a5-d7f5-41b0-a454-41a16c533ece.15bc6a2f729a87f53bb166a8a0123e50.jpeg?odnHeight=580&odnWidth=580&odnBg=FFFFFF;Higiene y Bienestar > Alimento Humedo;https://super.lider.cl/browse/mascotas/perro/alimento-humedo/07089592_29432822_02175062;;1;2026-03-17T02:18:00
00065952550935;Alimento Natural Para Gato Sachet Pollo, 200 g;;2850;14250;True;https://super.lider.cl/ip/perro/00065952550935;https://i5.walmartimages.cl/asr/1a4e4dc3-d39e-4566-830b-e8aaaa2d802b.043c649b22d5213d95a946ec6d8e3bba.jpeg?odnHeight=580&odnWidth=580&odnBg=FFFFFF;Higiene y Bienestar > Alimento Humedo;https://super.lider.cl/browse/mascotas/perro/alimento-humedo/07089592_29432822_02175062;;1;2026-03-17T02:18:00
00065952550933;Alimento Natural Para Perro Sachet Vacuno, 200 g;;2290;11450;True;https://super.lider.cl/ip/perro/00065952550933;https://i5.walmartimages.cl/asr/271f0887-9b81-487b-8227-7e7b5e607dbd.02f8303ad423b5776490d477fe6e5382.jpeg?odnHeight=580&odnWidth=580&odnBg=FFFFFF;Higiene y Bienestar > Alimento Humedo;https://super.lider.cl/browse/mascotas/perro/alimento-humedo/07089592_29432822_02175062;;1;2026-03-17T02:18:00
00065952550938;Alimento Natural Para Gato Sachet Renal, 200 g;;2850;14250;True;https://super.lider.cl/ip/perro/00065952550938;https://i5.walmartimages.cl/asr/b0e8cdad-b1b5-4a73-8559-6357312f600d.660022ebd697238bafef89bcf0d6aea8.jpeg?odnHeight=580&odnWidth=580&odnBg=FFFFFF;Higiene y Bienestar > Alimento Humedo;https://super.lider.cl/browse/mascotas/perro/alimento-humedo/07089592_29432822_02175062;;1;2026-03-17T02:18:00
00065952550930;Alimento Natural Para Perro Sachet Salmón, 200 g;;2290;11450;True;https://super.lider.cl/ip/perro/00065952550930;https://i5.walmartimages.cl/asr/7e72fbe0-2218-42dc-a552-31bfeb64edce.66c66484bec5fb1ec7bb9617d23201a7.jpeg?odnHeight=580&odnWidth=580&odnBg=FFFFFF;Higiene y Bienestar > Alimento Humedo;https://super.lider.cl/browse/mascotas/perro/alimento-humedo/07089592_29432822_02175062;;1;2026-03-17T02:18:00
00789100033230;Alimento Húmedo Perro Adulto y Cachorro Super Nutrientes Sabor Pollo Pouch, 85 g;;1250;14705;True;https://super.lider.cl/ip/perro/00789100033230;https://i5.walmartimages.cl/asr/222efdef-f336-46fd-bfef-00b8e8f9b97f.7590fcfed97e81d390af24ef445500ec.jpeg?null=&odnHeight=580&odnWidth=580&odnBg=FFFFFF;Higiene y Bienestar > Alimento Humedo;https://super.lider.cl/browse/mascotas/perro/alimento-humedo/07089592_29432822_02175062;;1;2026-03-17T02:18:00
00085000671539;Puré Cremoso Perro Adulto Sabor Pollo Sachet, 14 g;;600;42679;True;https://super.lider.cl/ip/perro/00085000671539;https://i5.walmartimages.cl/asr/82983b35-b361-4ee7-b6e6-c4628e87352f.80e13f8a29db0f127cbf220f2e2e8b5f.jpeg?null=&odnHeight=580&odnWidth=580&odnBg=FFFFFF;Higiene y Bienestar > Snack y Premios;https://super.lider.cl/browse/mascotas/perro/snack-y-premios/07089592_29432822_49543527;;1;2026-03-17T02:18:28
00789100009824;Snack Perro Adulto Doguitos Tira de Asado Bolsa, 65 g;;1650;25385;True;https://super.lider.cl/ip/perro/00789100009824;https://i5.walmartimages.cl/asr/58dc1f92-9ec4-4c7b-a088-db27e480a723.a7b68b7e6d214f4d61336b2bb24ef9e4.jpeg?odnHeight=580&odnWidth=580&odnBg=FFFFFF;Higiene y Bienestar > Snack y Premios;https://super.lider.cl/browse/mascotas/perro/snack-y-premios/07089592_29432822_49543527;;1;2026-03-17T02:18:28
00789602905236;Snack Perro Adulto Dentastix Raza Grande Bolsa, 7 Un;;990;7407;True;https://super.lider.cl/ip/perro/00789602905236;https://i5.walmartimages.cl/asr/b72a0340-8a7e-445d-987e-d77826b7c48f.67d7f545de0f5d6f051cdd61b6f51c62.jpeg?null=&odnHeight=580&odnWidth=580&odnBg=FFFFFF;Higiene y Bienestar > Snack y Premios;https://super.lider.cl/browse/mascotas/perro/snack-y-premios/07089592_29432822_49543527;;1;2026-03-17T02:18:28
00779745397185;Snack Perro Adulto Rodeo Sabor Carne Bolsa, 70 g;;350;14286;True;https://super.lider.cl/ip/perro/00779745397185;https://i5.walmartimages.cl/asr/b4fc4b02-3128-4841-9ccd-ca9533d7b4b5.85a4df2d575002a01bfc2f809c1ee895.jpeg?null=&odnHeight=580&odnWidth=580&odnBg=FFFFFF;Higiene y Bienestar > Snack y Premios;https://super.lider.cl/browse/mascotas/perro/snack-y-premios/07089592_29432822_49543527;;1;2026-03-17T02:18:28
00085000671543;Puré Cremoso Perro Adulto Sabor Pollo y Vegetales Sachet, 14 g;;600;42679;True;https://super.lider.cl/ip/perro/00085000671543;https://i5.walmartimages.cl/asr/e7e8ea6c-694e-49a6-9f40-1f770d881817.326987a3290b0107e15e2b2d7ed26380.jpeg?null=&odnHeight=580&odnWidth=580&odnBg=FFFFFF;Higiene y Bienestar > Snack y Premios;https://super.lider.cl/browse/mascotas/perro/snack-y-premios/07089592_29432822_49543527;;1;2026-03-17T02:18:28
00780550500667;Huesito para perro extra calcio, 40 g;;2650;66250;True;https://super.lider.cl/ip/perro/00780550500667;https://i5.walmartimages.cl/asr/df6e28ce-a16d-45a7-a116-20c45b05fcf0.597db748b1dd8de5f403c8ab4a8102e0.jpeg?odnHeight=580&odnWidth=580&odnBg=FFFFFF;Higiene y Bienestar > Snack y Premios;https://super.lider.cl/browse/mascotas/perro/snack-y-premios/07089592_29432822_49543527;;1;2026-03-17T02:18:28
00780460346599;Sanck para Perro Garra de pollo Bolsa, 65 g;;2750;42308;True;https://super.lider.cl/ip/perro/00780460346599;https://i5.walmartimages.cl/asr/1ec56648-6132-4af2-b8a4-2cde23b96808.626abb4e99a6b13318eadf1ca4879269.jpeg?null=&odnHeight=580&odnWidth=580&odnBg=FFFFFF;Higiene y Bienestar > Snack y Premios;https://super.lider.cl/browse/mascotas/perro/snack-y-premios/07089592_29432822_49543527;;1;2026-03-17T02:18:28
00074674766603;Brocheta Pato Cordero y Ternera 18 un, 345 g;;7990;7990;False;https://super.lider.cl/ip/perro/00074674766603;https://i5.walmartimages.cl/asr/4f00451f-6b4c-464f-9dc3-28305b060335.2224310dffab3e3fe8b08700064ba8b4.jpeg?null=&odnHeight=580&odnWidth=580&odnBg=FFFFFF;Higiene y Bienestar > Snack y Premios;https://super.lider.cl/browse/mascotas/perro/snack-y-premios/07089592_29432822_49543527;;1;2026-03-17T02:18:28
00780460346597;Sanck para Perro Pulmón de Vacuno Bolsa, 50 g;;2590;51800;True;https://super.lider.cl/ip/perro/00780460346597;https://i5.walmartimages.cl/asr/fbf6e2dd-ca71-4d4b-8104-0093c98a29c5.e4f3f13e677272d538bdc8798eab3e37.jpeg?null=&odnHeight=580&odnWidth=580&odnBg=FFFFFF;Higiene y Bienestar > Snack y Premios;https://super.lider.cl/browse/mascotas/perro/snack-y-premios/07089592_29432822_49543527;;1;2026-03-17T02:18:28
00789602905233;Snack Perro Adulto Dentastix Raza Pequeña Bolsa, 7 Un;;1890;17181;True;https://super.lider.cl/ip/perro/00789602905233;https://i5.walmartimages.cl/asr/85ac18ef-0211-4bcb-aaa7-c2434830a241.7569427a7498321fe4f0eca3f50c516c.jpeg?null=&odnHeight=580&odnWidth=580&odnBg=FFFFFF;Higiene y Bienestar > Snack y Premios;https://super.lider.cl/browse/mascotas/perro/snack-y-premios/07089592_29432822_49543527;;1;2026-03-17T02:18:28
00780192000178;Galletas Perro Adulto Sabor Carne Bolsa, 500 g;;2850;5700;True;https://super.lider.cl/ip/perro/00780192000178;https://i5.walmartimages.cl/asr/b6ed4f57-d19b-4762-8d8e-ff397d7ee036.dcc783249086c40746974ffe8bfebd6a.jpeg?odnHeight=580&odnWidth=580&odnBg=FFFFFF;Higiene y Bienestar > Snack y Premios;https://super.lider.cl/browse/mascotas/perro/snack-y-premios/07089592_29432822_49543527;;1;2026-03-17T02:18:28
00780257553346;Galletas Perro Adulto Raza Pequeña Sabor Carne Bolsa, 500 g;;2850;5700;True;https://super.lider.cl/ip/perro/00780257553346;https://i5.walmartimages.cl/asr/dc585598-3558-49d5-92c5-5b105670c1e1.ce9fa845eca128449ce2bfa9338c339e.jpeg?odnHeight=580&odnWidth=580&odnBg=FFFFFF;Higiene y Bienestar > Snack y Premios;https://super.lider.cl/browse/mascotas/perro/snack-y-premios/07089592_29432822_49543527;;1;2026-03-17T02:18:28
00789100009847;Snack Perro Adulto Doguitos Medallones de Carne Bolsa, 65 g;;1650;25385;True;https://super.lider.cl/ip/perro/00789100009847;https://i5.walmartimages.cl/asr/767738f5-c8f1-41a8-aa3a-bce84dd5f899.58cb2a9be22b3925990418edbc328cc7.jpeg?null=&odnHeight=580&odnWidth=580&odnBg=FFFFFF;Higiene y Bienestar > Snack y Premios;https://super.lider.cl/browse/mascotas/perro/snack-y-premios/07089592_29432822_49543527;;1;2026-03-17T02:18:28
00779745397184;Snack Perro Adulto Dentastix Raza Mediana Bolsa, 7 Un;;2150;11944;True;https://super.lider.cl/ip/perro/00779745397184;https://i5.walmartimages.cl/asr/b4586182-6a43-4502-85bf-e83b3812f4c0.bef1e5274d59073c1537fc2ab5754e41.jpeg?null=&odnHeight=580&odnWidth=580&odnBg=FFFFFF;Higiene y Bienestar > Snack y Premios;https://super.lider.cl/browse/mascotas/perro/snack-y-premios/07089592_29432822_49543527;;1;2026-03-17T02:18:28
00780460346598;Snack para Perro Mix Aperitivo Bolsa, 300 g;;3890;12967;True;https://super.lider.cl/ip/perro/00780460346598;https://i5.walmartimages.cl/asr/7e1c6ef5-f7c2-4ab7-b06a-942b8ec256d4.9e6d113bd31a4b76430d6096e3a6a2fc.jpeg?null=&odnHeight=580&odnWidth=580&odnBg=FFFFFF;Higiene y Bienestar > Snack y Premios;https://super.lider.cl/browse/mascotas/perro/snack-y-premios/07089592_29432822_49543527;;1;2026-03-17T02:18:28
00780445700201;Snack Perro Classic Duck Strip Bolsa, g g;;2990;29900;True;https://super.lider.cl/ip/perro/00780445700201;https://i5.walmartimages.cl/asr/c4c80180-8c83-427c-853f-b805c74f4c29.34363909bcfd09d65a24dbff0a0e0673.jpeg?null=&odnHeight=580&odnWidth=580&odnBg=FFFFFF;Higiene y Bienestar > Snack y Premios;https://super.lider.cl/browse/mascotas/perro/snack-y-premios/07089592_29432822_49543527;;1;2026-03-17T02:18:28
00085000671554;Snack Perro Adulto Sabor Pollo Sachet Pack 8 Un, 14 g;;1360;6790;True;https://super.lider.cl/ip/perro/00085000671554;https://i5.walmartimages.cl/asr/57fc4ef8-6236-4054-a71d-dd11db44603f.8330fcccc8bf756223843de901ed417f.jpeg?odnHeight=580&odnWidth=580&odnBg=FFFFFF;Higiene y Bienestar > Snack y Premios;https://super.lider.cl/browse/mascotas/perro/snack-y-premios/07089592_29432822_49543527;;1;2026-03-17T02:18:28
00779745397188;Galletas Perro Adulto Sabor Clásicas Biscrok Multi Bolsa, 500 g;;3790;7580;True;https://super.lider.cl/ip/perro/00779745397188;https://i5.walmartimages.cl/asr/03f36556-5c8e-469f-8c4d-b36a999ca102.578365fc4de80767a07153a71999c7e3.jpeg?null=&odnHeight=580&odnWidth=580&odnBg=FFFFFF;Higiene y Bienestar > Snack y Premios;https://super.lider.cl/browse/mascotas/perro/snack-y-premios/07089592_29432822_49543527;;1;2026-03-17T02:18:28
00065952511103;Snack Perro Adulto Tiritas de Cordero Bolsa, 400 g;;9690;9690;False;https://super.lider.cl/ip/perro/00065952511103;https://i5.walmartimages.cl/asr/064c2a65-decd-45d2-b21c-c57aef523119.2c541055a491df951bce4ba54c365940.jpeg?null=&odnHeight=580&odnWidth=580&odnBg=FFFFFF;Higiene y Bienestar > Snack y Premios;https://super.lider.cl/browse/mascotas/perro/snack-y-premios/07089592_29432822_49543527;;1;2026-03-17T02:18:28
00779745397186;Snack Perro Adulto Rodeo Sabor Pollo Bolsa, 70 g;;350;14286;True;https://super.lider.cl/ip/perro/00779745397186;https://i5.walmartimages.cl/asr/c8ac0154-74c5-46d9-84d0-a7071efc7687.51f220872273ed020ac8a97ecc4eb4fa.jpeg?null=&odnHeight=580&odnWidth=580&odnBg=FFFFFF;Higiene y Bienestar > Snack y Premios;https://super.lider.cl/browse/mascotas/perro/snack-y-premios/07089592_29432822_49543527;;1;2026-03-17T02:18:28
00780465625000;Hueso Cuero Natural Tamaño S, 1 Un;;1490;1490;False;https://super.lider.cl/ip/perro/00780465625000;https://i5.walmartimages.cl/asr/99396036-bc04-49c5-9187-3bd2d043b959.f6657dd2f874a3dc6f4b2270735f9e08.jpeg?null=&odnHeight=580&odnWidth=580&odnBg=FFFFFF;Higiene y Bienestar > Snack y Premios;https://super.lider.cl/browse/mascotas/perro/snack-y-premios/07089592_29432822_49543527;;1;2026-03-17T02:18:28
00400823934322;Snack Perro Beef Stick Rustico, g;;2590;47090;True;https://super.lider.cl/ip/perro/00400823934322;https://i5.walmartimages.cl/asr/8f52e8ae-aea7-4731-b10b-ad522a5f0457.45860cf645f726dbb3a27452788ae296.jpeg?null=&odnHeight=580&odnWidth=580&odnBg=FFFFFF;Higiene y Bienestar > Snack y Premios;https://super.lider.cl/browse/mascotas/perro/snack-y-premios/07089592_29432822_49543527;;1;2026-03-17T02:18:28
00074674766573;Snacks Tiritas de Perro Pequeños, Medianos y Adultos Sabor Carne Bolsa, 75 g;;1590;21200;True;https://super.lider.cl/ip/perro/00074674766573;https://i5.walmartimages.cl/asr/bf7ee51f-854d-488b-9002-a316dfc4ef57.dab624c0504068e86faa92bc720a0469.jpeg?null=&odnHeight=580&odnWidth=580&odnBg=FFFFFF;Higiene y Bienestar > Snack y Premios;https://super.lider.cl/browse/mascotas/perro/snack-y-premios/07089592_29432822_49543527;;1;2026-03-17T02:18:28
00780465625182;Snack Perro Adulto Tiritas de Cordero Bolsa, 100 g;;3490;3490;False;https://super.lider.cl/ip/perro/00780465625182;https://i5.walmartimages.cl/asr/4a4c24b9-5d07-4b3b-a81e-f3377a50e17a.3175534e22418068b6f321a5e67e4a9d.jpeg?null=&odnHeight=580&odnWidth=580&odnBg=FFFFFF;Higiene y Bienestar > Snack y Premios;https://super.lider.cl/browse/mascotas/perro/snack-y-premios/07089592_29432822_49543527;;1;2026-03-17T02:18:28
00780465625063;Snack Perro Adulto Sticks Cuero Vacuno con Giros Pollo Bolsa, 100 g;;3490;3490;False;https://super.lider.cl/ip/perro/00780465625063;https://i5.walmartimages.cl/asr/e0d96c06-8cf2-4df9-a0c9-80b12bf05e8a.f8c8a34e6d092316195393eb9bc85bc3.jpeg?null=&odnHeight=580&odnWidth=580&odnBg=FFFFFF;Higiene y Bienestar > Snack y Premios;https://super.lider.cl/browse/mascotas/perro/snack-y-premios/07089592_29432822_49543527;;1;2026-03-17T02:18:28
00780445700226;Snack Perro Meat Mix Lamb con Spinaca & Beef Apple Bolsa, g g;;3690;36900;True;https://super.lider.cl/ip/perro/00780445700226;https://i5.walmartimages.cl/asr/7e5ad2c2-eaa0-4d27-9a91-660a2520c6ad.621ff63e428e512418c98478d3f52b56.jpeg?null=&odnHeight=580&odnWidth=580&odnBg=FFFFFF;Higiene y Bienestar > Snack y Premios;https://super.lider.cl/browse/mascotas/perro/snack-y-premios/07089592_29432822_49543527;;1;2026-03-17T02:18:28
00780257553334;Snack Salsa Perro Todas las Edades Sabor Carne al Jugo Doypack, 300 g;;2150;7167;True;https://super.lider.cl/ip/perro/00780257553334;https://i5.walmartimages.cl/asr/9a8bd22d-5798-4383-985f-1c1b5252223c.ec7112e1059a4b59a206f58b3359aed8.jpeg?null=&odnHeight=580&odnWidth=580&odnBg=FFFFFF;Higiene y Bienestar > Snack y Premios;https://super.lider.cl/browse/mascotas/perro/snack-y-premios/07089592_29432822_49543527;;1;2026-03-17T02:18:28
00780257553421;Snack Perro Pellet Todos Los Tamaños Multivitamínico Sabor Pollo Bolsa, 300 g;;2490;8299;True;https://super.lider.cl/ip/perro/00780257553421;https://i5.walmartimages.cl/asr/bb55dc91-24bc-4499-a861-9d791a82c086.c31e8073f757887488cab9552ce0f689.jpeg?null=&odnHeight=580&odnWidth=580&odnBg=FFFFFF;Higiene y Bienestar > Snack y Premios;https://super.lider.cl/browse/mascotas/perro/snack-y-premios/07089592_29432822_49543527;;1;2026-03-17T02:18:28
00780192000177;Galletas Cachorro Raza Grande Sabor Leche Bolsa, 500 g;;2850;5700;True;https://super.lider.cl/ip/perro/00780192000177;https://i5.walmartimages.cl/asr/bd29f98b-7d79-45ed-927d-4a56d6dfa8cf.bde0a3c750c80748f0395c0688473712.jpeg?null=&odnHeight=580&odnWidth=580&odnBg=FFFFFF;Higiene y Bienestar > Snack y Premios;https://super.lider.cl/browse/mascotas/perro/snack-y-premios/07089592_29432822_49543527;;1;2026-03-17T02:18:28
00074674766592;Dental Stick Perro Grande, 270 g;;440;2790;True;https://super.lider.cl/ip/perro/00074674766592;https://i5.walmartimages.cl/asr/2b62b312-8578-4aff-a9de-0cafae26c60f.970033649dae754af4c32101cb0f1349.jpeg?odnHeight=580&odnWidth=580&odnBg=FFFFFF;Higiene y Bienestar > Snack y Premios;https://super.lider.cl/browse/mascotas/perro/snack-y-premios/07089592_29432822_49543527;;1;2026-03-17T02:18:28
00780257553340;Snack Perro Adulto Rollitos Sabor Carne Bolsa, 50 g;;190;28571;True;https://super.lider.cl/ip/perro/00780257553340;https://i5.walmartimages.cl/asr/4a755527-f977-4fe8-868c-5ffd21b95648.22d1de7991692f34ab37627a7c965130.jpeg?null=&odnHeight=580&odnWidth=580&odnBg=FFFFFF;Higiene y Bienestar > Snack y Premios;https://super.lider.cl/browse/mascotas/perro/snack-y-premios/07089592_29432822_49543527;;1;2026-03-17T02:18:28
00400823923029;Snack Perro Beef Stick Venado, g;;1190;99166;True;https://super.lider.cl/ip/perro/00400823923029;https://i5.walmartimages.cl/asr/f1f2a230-dcdf-4829-ac1a-18869361ce09.3d79e5bddcaec4d8ea1634a26201b07a.jpeg?null=&odnHeight=580&odnWidth=580&odnBg=FFFFFF;Higiene y Bienestar > Snack y Premios;https://super.lider.cl/browse/mascotas/perro/snack-y-premios/07089592_29432822_49543527;;1;2026-03-17T02:18:28
00074674766604;Brocheta Pato Cordero y Ternera 6 un, 115 g;;3490;3490;False;https://super.lider.cl/ip/perro/00074674766604;https://i5.walmartimages.cl/asr/7df1ed46-0f43-42b6-b1e4-02262b65ba27.f1ffb707b2b2f6a022a15cf5836d76b8.jpeg?null=&odnHeight=580&odnWidth=580&odnBg=FFFFFF;Higiene y Bienestar > Snack y Premios;https://super.lider.cl/browse/mascotas/perro/snack-y-premios/07089592_29432822_49543527;;1;2026-03-17T02:18:28
00780460346588;Snack Jeky Proteico Sabor Cordero, 80 g;;440;35625;True;https://super.lider.cl/ip/perro/00780460346588;https://i5.walmartimages.cl/asr/53e4d3f9-a565-447a-8201-872d2c450e92.8c5ef5b13370c895d67e510e2eb170e2.jpeg?odnHeight=580&odnWidth=580&odnBg=FFFFFF;Higiene y Bienestar > Snack y Premios;https://super.lider.cl/browse/mascotas/perro/snack-y-premios/07089592_29432822_49543527;;1;2026-03-17T02:18:28
00074674766574;Snack Perro Adulto Seco Charqui de Pollo Bolsa, 400 g;;9690;9690;False;https://super.lider.cl/ip/perro/00074674766574;https://i5.walmartimages.cl/asr/87e13fd8-e5a6-4674-bfb1-e63f34807a42.3241c2563b8746e75b69cb319ccb2558.jpeg?null=&odnHeight=580&odnWidth=580&odnBg=FFFFFF;Higiene y Bienestar > Snack y Premios;https://super.lider.cl/browse/mascotas/perro/snack-y-premios/07089592_29432822_49543527;;1;2026-03-17T02:18:28
00780550500916;Snack para Perro de entrenamiento, 70 g;;2890;41286;True;https://super.lider.cl/ip/perro/00780550500916;https://i5.walmartimages.cl/asr/4b4ecc0c-2e61-421d-a89b-5a17eeefd17d.b51997842d85a736f1898e0dd70a11dc.jpeg?null=&odnHeight=580&odnWidth=580&odnBg=FFFFFF;Higiene y Bienestar > Snack y Premios;https://super.lider.cl/browse/mascotas/perro/snack-y-premios/07089592_29432822_49543527;;1;2026-03-17T02:18:28
00780463202060;Snack Perro Adulto Trocitos Camote Envueltos en Pollo Bolsa, 100 g;;3490;3490;False;https://super.lider.cl/ip/perro/00780463202060;https://i5.walmartimages.cl/asr/61331db4-ae11-4d7a-a3d1-d22d609a8d6a.c438347c0905470680747beae88aad0e.jpeg?null=&odnHeight=580&odnWidth=580&odnBg=FFFFFF;Higiene y Bienestar > Snack y Premios;https://super.lider.cl/browse/mascotas/perro/snack-y-premios/07089592_29432822_49543527;;1;2026-03-17T02:18:28
00780257553420;Alimento Seco Perro Senior Raza Mediana Y Grande Sabor Carne Bolsa, 300 g;;2490;8299;True;https://super.lider.cl/ip/perro/00780257553420;https://i5.walmartimages.cl/asr/4acf311b-ff86-4a20-9a13-3fb2f5de7ca9.1b35f735a1093361e75c31bcba1cd0f9.jpeg?null=&odnHeight=580&odnWidth=580&odnBg=FFFFFF;Higiene y Bienestar > Snack y Premios;https://super.lider.cl/browse/mascotas/perro/snack-y-premios/07089592_29432822_49543527;;1;2026-03-17T02:18:28
00780460346539;Femúr Para Perro de Vacuno gigante Bolsa, 2 kg;;3845;7690;True;https://super.lider.cl/ip/perro/00780460346539;https://i5.walmartimages.cl/asr/d0139a34-4743-4131-8568-1cb5444ac642.fc2acd5c22a5d6204ca330e33edc87e5.jpeg?null=&odnHeight=580&odnWidth=580&odnBg=FFFFFF;Higiene y Bienestar > Snack y Premios;https://super.lider.cl/browse/mascotas/perro/snack-y-premios/07089592_29432822_49543527;;1;2026-03-17T02:18:28
00063424000423;Hueso Triple Sabor Tamaño M, 1 Un;;3790;3790;False;https://super.lider.cl/ip/perro/00063424000423;https://i5.walmartimages.cl/asr/3584ad87-e82b-4c63-843a-89afe8fc3ee5.bb67b71404de4fe725158432762c907a.jpeg?odnHeight=580&odnWidth=580&odnBg=FFFFFF;Higiene y Bienestar > Snack y Premios;https://super.lider.cl/browse/mascotas/perro/snack-y-premios/07089592_29432822_49543527;;1;2026-03-17T02:18:28
00780465625065;Snack Perro Adulto Tiritas Pollo con Tocino Bolsa, 100 g;;3490;3490;False;https://super.lider.cl/ip/perro/00780465625065;https://i5.walmartimages.cl/asr/e61a7bc4-293d-4bce-813c-d6e766cb2d2a.2a96137de6cb97e3fb36463351d9cacf.jpeg?null=&odnHeight=580&odnWidth=580&odnBg=FFFFFF;Higiene y Bienestar > Snack y Premios;https://super.lider.cl/browse/mascotas/perro/snack-y-premios/07089592_29432822_49543527;;1;2026-03-17T02:18:28
00074674766605;Tiritas de Vacuno 400 g, 400 g;;9690;9690;False;https://super.lider.cl/ip/perro/00074674766605;https://i5.walmartimages.cl/asr/78bb6bfc-7327-491f-9c78-4cc43ca580ba.09ea564b0e2f8ed0e9dec80c4cb4fa3e.jpeg?null=&odnHeight=580&odnWidth=580&odnBg=FFFFFF;Higiene y Bienestar > Snack y Premios;https://super.lider.cl/browse/mascotas/perro/snack-y-premios/07089592_29432822_49543527;;1;2026-03-17T02:18:28
00074674766607;Training Treat: Rollitos de Pato con Propóleo 100 g, 100 g;;3490;3490;False;https://super.lider.cl/ip/perro/00074674766607;https://i5.walmartimages.cl/asr/1800266a-f9f5-47fa-8b69-a46bcc7a1254.e142282905c61236fbf6bac610805ee0.jpeg?null=&odnHeight=580&odnWidth=580&odnBg=FFFFFF;Higiene y Bienestar > Snack y Premios;https://super.lider.cl/browse/mascotas/perro/snack-y-premios/07089592_29432822_49543527;;1;2026-03-17T02:18:28
00780467341000;Galletas Perro Adulto Seco Sabor Ternera Caja, 460 g;;4290;9326;True;https://super.lider.cl/ip/perro/00780467341000;https://i5.walmartimages.cl/asr/684f17d1-88c4-4ec8-83f1-5a2cc8174500.7b024ab25f93ea2e01fc5721661b7162.jpeg?null=&odnHeight=580&odnWidth=580&odnBg=FFFFFF;Higiene y Bienestar > Snack y Premios;https://super.lider.cl/browse/mascotas/perro/snack-y-premios/07089592_29432822_49543527;;1;2026-03-17T02:18:28
00085000671556;Snack Perro Adulto Sabor Pollo y Salmón Sachet Pack 8 Un, 14 g;;6790;7073;True;https://super.lider.cl/ip/perro/00085000671556;https://i5.walmartimages.cl/asr/330829bd-b521-4c31-b119-27fa9e8b841d.f30c6cb00589dfadccda11b6322d37c7.jpeg?odnHeight=580&odnWidth=580&odnBg=FFFFFF;Higiene y Bienestar > Snack y Premios;https://super.lider.cl/browse/mascotas/perro/snack-y-premios/07089592_29432822_49543527?page=2;;2;2026-03-17T02:18:50
00780465625062;Galletas Perro Adulto Maní Envueltas en Pollo Bolsa, 100 g;;3490;3490;False;https://super.lider.cl/ip/perro/00780465625062;https://i5.walmartimages.cl/asr/9ea44987-1a56-4c3d-8779-9ddf078c0f58.4884b61995a95a93044a5afb0c582dd5.jpeg?null=&odnHeight=580&odnWidth=580&odnBg=FFFFFF;Higiene y Bienestar > Snack y Premios;https://super.lider.cl/browse/mascotas/perro/snack-y-premios/07089592_29432822_49543527?page=2;;2;2026-03-17T02:18:50
00074674766572;Snack Perro Adulto Seco Buddies Bocadito Sabor Carne Bolsa, 75 g;;240;18000;True;https://super.lider.cl/ip/perro/00074674766572;https://i5.walmartimages.cl/asr/a66d0e78-dac1-42da-ac8b-840c6753d125.a0165a3b306fcafcdf16f65e80b30b5c.jpeg?null=&odnHeight=580&odnWidth=580&odnBg=FFFFFF;Higiene y Bienestar > Snack y Premios;https://super.lider.cl/browse/mascotas/perro/snack-y-premios/07089592_29432822_49543527?page=2;;2;2026-03-17T02:18:50
00065952511102;Snack Perro Adulto Trutros de Pato con Huesitos de Calcio Bolsa, 400 g;;9690;9690;False;https://super.lider.cl/ip/perro/00065952511102;https://i5.walmartimages.cl/asr/abf1ee3b-1b79-448a-85d0-bebb84203dc2.42ed90f1a30183bccec126fb6b3dc483.jpeg?null=&odnHeight=580&odnWidth=580&odnBg=FFFFFF;Higiene y Bienestar > Snack y Premios;https://super.lider.cl/browse/mascotas/perro/snack-y-premios/07089592_29432822_49543527?page=2;;2;2026-03-17T02:18:50
00400823959123;Snack Perro Boony Bits Bolsa, g;;3690;30750;True;https://super.lider.cl/ip/perro/00400823959123;https://i5.walmartimages.cl/asr/91edfbd9-a801-4cf8-934a-9054c304e89a.d0a800b5cbd1c3fe8c935c118056fcfe.jpeg?null=&odnHeight=580&odnWidth=580&odnBg=FFFFFF;Higiene y Bienestar > Snack y Premios;https://super.lider.cl/browse/mascotas/perro/snack-y-premios/07089592_29432822_49543527?page=2;;2;2026-03-17T02:18:50
00780445700203;Snack Perro Classic Lamb Strip Bolsa, g g;;2990;29900;True;https://super.lider.cl/ip/perro/00780445700203;https://i5.walmartimages.cl/asr/30afee84-864b-473c-a90f-f346e835cb6b.0141661489bd855b1e7e0805021c69e0.jpeg?odnHeight=580&odnWidth=580&odnBg=FFFFFF;Higiene y Bienestar > Snack y Premios;https://super.lider.cl/browse/mascotas/perro/snack-y-premios/07089592_29432822_49543527?page=2;;2;2026-03-17T02:18:50
00780465625072;Snack Perro Adulto Brochetas Triple Sabor Pollo, Pato y Vacuno Bolsa, 6 Un;;3490;3490;False;https://super.lider.cl/ip/perro/00780465625072;https://i5.walmartimages.cl/asr/7ba9385e-b245-43fa-9bdd-3c8c2e675b84.00f66c52252d4369fbcdb755762207e9.jpeg?null=&odnHeight=580&odnWidth=580&odnBg=FFFFFF;Higiene y Bienestar > Snack y Premios;https://super.lider.cl/browse/mascotas/perro/snack-y-premios/07089592_29432822_49543527?page=2;;2;2026-03-17T02:18:50
00780467341014;Galleta Perro Cachorro Leche, g;;1790;22375;True;https://super.lider.cl/ip/perro/00780467341014;https://i5.walmartimages.cl/asr/644a6b85-b118-42e7-9f6a-1612d5637774.37f46faca92b09da8f0d03dd946e67f7.jpeg?null=&odnHeight=580&odnWidth=580&odnBg=FFFFFF;Higiene y Bienestar > Snack y Premios;https://super.lider.cl/browse/mascotas/perro/snack-y-premios/07089592_29432822_49543527?page=2;;2;2026-03-17T02:18:50
00065952511113;Snack Perro Adulto Trutros de Pato con Huesitos de Calcio Bolsa, 100 g;;3490;34900;True;https://super.lider.cl/ip/perro/00065952511113;https://i5.walmartimages.cl/asr/45db97cd-c5a4-4e55-87b8-ea9cd543323f.7221455d095de3929070acce52986331.jpeg?null=&odnHeight=580&odnWidth=580&odnBg=FFFFFF;Higiene y Bienestar > Snack y Premios;https://super.lider.cl/browse/mascotas/perro/snack-y-premios/07089592_29432822_49543527?page=2;;2;2026-03-17T02:18:50
00780467341011;Galleta Perro Adulto Raza Pequeña Pollo, g g;;3990;11400;True;https://super.lider.cl/ip/perro/00780467341011;https://i5.walmartimages.cl/asr/4140c2ee-92e1-4a7f-aa8a-0925e50d9f27.b4a415dd82b735b3c351e39efd1aa9b8.jpeg?odnHeight=580&odnWidth=580&odnBg=FFFFFF;Higiene y Bienestar > Snack y Premios;https://super.lider.cl/browse/mascotas/perro/snack-y-premios/07089592_29432822_49543527?page=2;;2;2026-03-17T02:18:50
00780465625071;Snack Perro Adulto Huesitos Sabor Pollo, Vacuno y Cordero Bolsa, 7 Un;;4290;4290;False;https://super.lider.cl/ip/perro/00780465625071;https://i5.walmartimages.cl/asr/b5c4b8f3-9a41-478b-ad39-1b1fd14e0e52.d2a9328f827e1357454eb206c4693564.jpeg?odnHeight=580&odnWidth=580&odnBg=FFFFFF;Higiene y Bienestar > Snack y Premios;https://super.lider.cl/browse/mascotas/perro/snack-y-premios/07089592_29432822_49543527?page=2;;2;2026-03-17T02:18:50
00780467341015;Galleta Perro Adulto Ternera, g;;1790;22375;True;https://super.lider.cl/ip/perro/00780467341015;https://i5.walmartimages.cl/asr/65886673-ec0e-485e-9208-37094455f588.4414c2bf8c7da27e4f5df2ff450ee156.jpeg?null=&odnHeight=580&odnWidth=580&odnBg=FFFFFF;Higiene y Bienestar > Snack y Premios;https://super.lider.cl/browse/mascotas/perro/snack-y-premios/07089592_29432822_49543527?page=2;;2;2026-03-17T02:18:50
00780467341016;Galleta Perro Adulto Grill, g;;1790;22375;True;https://super.lider.cl/ip/perro/00780467341016;https://i5.walmartimages.cl/asr/7943c84b-0716-40fe-8887-f627ade077df.b499077ce3f734b168a073dc3853c384.jpeg?null=&odnHeight=580&odnWidth=580&odnBg=FFFFFF;Higiene y Bienestar > Snack y Premios;https://super.lider.cl/browse/mascotas/perro/snack-y-premios/07089592_29432822_49543527?page=2;;2;2026-03-17T02:18:50
00780467341010;Galleta Perro Cachoro Leche, g g;;3990;11400;True;https://super.lider.cl/ip/perro/00780467341010;https://i5.walmartimages.cl/asr/bef4f2c4-00db-427b-a58f-078827b711b4.93bc8280335867f06d029da570c415ef.jpeg?odnHeight=580&odnWidth=580&odnBg=FFFFFF;Higiene y Bienestar > Snack y Premios;https://super.lider.cl/browse/mascotas/perro/snack-y-premios/07089592_29432822_49543527?page=2;;2;2026-03-17T02:18:50
00789602905232;Snack Perro Adulto Dentastix Raza Pequeña Bolsa, 3 Un;;1350;1377;True;https://super.lider.cl/ip/perro/00789602905232;https://i5.walmartimages.cl/asr/fe0ec3b5-025c-4846-8080-2db8ae3a9de4.64fbf2c4080c9250d1d636a2fb1c3f90.jpeg?null=&odnHeight=580&odnWidth=580&odnBg=FFFFFF;Higiene y Bienestar > Snack y Premios;https://super.lider.cl/browse/mascotas/perro/snack-y-premios/07089592_29432822_49543527?page=2;;2;2026-03-17T02:18:50
00780550500917;Snack para Perro Sabor Pato Loops, 60 g;;3190;53167;True;https://super.lider.cl/ip/perro/00780550500917;https://i5.walmartimages.cl/asr/b28cccef-e6c6-40a2-80ad-73c5192541ed.ef3f543a71d7a3d2d6e4cf6d10d68112.jpeg?odnHeight=580&odnWidth=580&odnBg=FFFFFF;Higiene y Bienestar > Snack y Premios;https://super.lider.cl/browse/mascotas/perro/snack-y-premios/07089592_29432822_49543527?page=2;;2;2026-03-17T02:18:50
00400823923110;Snack Perro Beef Stick Pavo, G;;1190;99166;True;https://super.lider.cl/ip/perro/00400823923110;https://i5.walmartimages.cl/asr/af5cb27d-600f-48ae-abb1-693c3d20183a.896790ee9ea3bd621bdf3796e99f40a4.jpeg?null=&odnHeight=580&odnWidth=580&odnBg=FFFFFF;Higiene y Bienestar > Snack y Premios;https://super.lider.cl/browse/mascotas/perro/snack-y-premios/07089592_29432822_49543527?page=2;;2;2026-03-17T02:18:50
00074674766606;Training Treat: Cubitos de Pollo con Tocino 100 g, 100 g;;3490;3490;False;https://super.lider.cl/ip/perro/00074674766606;https://i5.walmartimages.cl/asr/4df5d6bb-29c5-4fe1-8c14-c2acc454e6c8.2a01516ed24354d55f442212723a1098.jpeg?null=&odnHeight=580&odnWidth=580&odnBg=FFFFFF;Higiene y Bienestar > Snack y Premios;https://super.lider.cl/browse/mascotas/perro/snack-y-premios/07089592_29432822_49543527?page=2;;2;2026-03-17T02:18:50
00780467341003;Galleta Perro Adulto Grill, g ml;;4290;9326;True;https://super.lider.cl/ip/perro/00780467341003;https://i5.walmartimages.cl/asr/240b70b9-1f54-4fb2-9f1c-5184c3d7c8d7.3d8afc83fc877045cb0487c41bad315c.jpeg?null=&odnHeight=580&odnWidth=580&odnBg=FFFFFF;Higiene y Bienestar > Snack y Premios;https://super.lider.cl/browse/mascotas/perro/snack-y-premios/07089592_29432822_49543527?page=2;;2;2026-03-17T02:18:50
00780467341013;Galleta Perro Adulto Raza Pequeña Pollo, g;;1790;22375;True;https://super.lider.cl/ip/perro/00780467341013;https://i5.walmartimages.cl/asr/8a0c598a-eb51-443a-8f99-fc2a8d01f153.40881a56e0d14c1bd3e413676d1370d1.jpeg?odnHeight=580&odnWidth=580&odnBg=FFFFFF;Higiene y Bienestar > Snack y Premios;https://super.lider.cl/browse/mascotas/perro/snack-y-premios/07089592_29432822_49543527?page=2;;2;2026-03-17T02:18:50
00779745397183;Snack Perro Adulto Dentastix Raza Mediana Bolsa, 3 Un;;1490;19351;True;https://super.lider.cl/ip/perro/00779745397183;https://i5.walmartimages.cl/asr/8ab23b84-832e-4d16-85ce-d9f4f160bff3.92d2ab6890b9fd0ab57b21f3ca464b07.jpeg?null=&odnHeight=580&odnWidth=580&odnBg=FFFFFF;Higiene y Bienestar > Snack y Premios;https://super.lider.cl/browse/mascotas/perro/snack-y-premios/07089592_29432822_49543527?page=2;;2;2026-03-17T02:18:50
00779745397345;Snack Perro Adulto Dentastix Raza Grande Bolsa, 3 Un;;730;2190;True;https://super.lider.cl/ip/perro/00779745397345;https://i5.walmartimages.cl/asr/d4328e00-f2eb-4117-b45e-57de12bfe4e5.aa3c04aa45dab1a83a9fb5a1079c4f06.jpeg?null=&odnHeight=580&odnWidth=580&odnBg=FFFFFF;Higiene y Bienestar > Snack y Premios;https://super.lider.cl/browse/mascotas/perro/snack-y-premios/07089592_29432822_49543527?page=2;;2;2026-03-17T02:18:50
00063424000422;Hueso Triple Sabor Tamaño S, 1 Un;;2150;2150;False;https://super.lider.cl/ip/perro/00063424000422;https://i5.walmartimages.cl/asr/51bc1838-9c45-4058-92f7-d7117a7cf512.d80662ac26994c01434251bab56b5852.jpeg?odnHeight=580&odnWidth=580&odnBg=FFFFFF;Higiene y Bienestar > Snack y Premios;https://super.lider.cl/browse/mascotas/perro/snack-y-premios/07089592_29432822_49543527?page=2;;2;2026-03-17T02:18:50
00063424000424;Hueso Triple Sabor Tamaño L, 1 Un;;4590;4590;False;https://super.lider.cl/ip/perro/00063424000424;https://i5.walmartimages.cl/asr/dab6bf0c-4cc0-44cf-8861-11257de01db8.5e63fb8361458db08cdf9049b5ef52a3.jpeg?odnHeight=580&odnWidth=580&odnBg=FFFFFF;Higiene y Bienestar > Snack y Premios;https://super.lider.cl/browse/mascotas/perro/snack-y-premios/07089592_29432822_49543527?page=2;;2;2026-03-17T02:18:50
00072016779982;Snack Perro Choritos, 90 g;;3790;4211;True;https://super.lider.cl/ip/perro/00072016779982;https://i5.walmartimages.cl/asr/17af3b32-21ad-40d7-a7c8-83f1b5a65a92.d6827fdac5aa088d1628650d2dbdad80.jpeg?odnHeight=580&odnWidth=580&odnBg=FFFFFF;Higiene y Bienestar > Snack y Premios;https://super.lider.cl/browse/mascotas/perro/snack-y-premios/07089592_29432822_49543527?page=2;;2;2026-03-17T02:18:50
00073755881642;Snack Perro Corazones de Pollo, 90 g;;3790;4211;True;https://super.lider.cl/ip/perro/00073755881642;https://i5.walmartimages.cl/asr/594f9a54-605b-4f1d-bcba-7718b9f4f79c.92b74d624434e1cbcc11a299feab9bf6.jpeg?odnHeight=580&odnWidth=580&odnBg=FFFFFF;Higiene y Bienestar > Snack y Premios;https://super.lider.cl/browse/mascotas/perro/snack-y-premios/07089592_29432822_49543527?page=2;;2;2026-03-17T02:18:50
00072016779979;Snack Perro Cubos de Cerdo, 90 g;;3790;4211;True;https://super.lider.cl/ip/perro/00072016779979;https://i5.walmartimages.cl/asr/794b81e2-d6a5-45d0-a3ed-c221ad20227a.c2b7dbb4cf26395d09ba7f5e6b29c28a.jpeg?odnHeight=580&odnWidth=580&odnBg=FFFFFF;Higiene y Bienestar > Snack y Premios;https://super.lider.cl/browse/mascotas/perro/snack-y-premios/07089592_29432822_49543527?page=2;;2;2026-03-17T02:18:50
00780467756015;Kambú Tradicional Mantequilla De Maní Para Perros, 200 g;;3190;15950;True;https://super.lider.cl/ip/perro/00780467756015;https://i5.walmartimages.cl/asr/163e0a03-8a0e-49a7-94bb-4a252043e66d.6c35efc3b4f922ca7e9e14f45b9c072b.jpeg?odnHeight=580&odnWidth=580&odnBg=FFFFFF;Higiene y Bienestar > Snack y Premios;https://super.lider.cl/browse/mascotas/perro/snack-y-premios/07089592_29432822_49543527?page=2;;2;2026-03-17T02:18:50
00780467756017;Kambú Om, Mantequilla De Maní Relajante Para Perros, 200 g;;3190;15950;True;https://super.lider.cl/ip/perro/00780467756017;https://i5.walmartimages.cl/asr/e686d5e0-e37c-44d3-ab6a-3dbb9efd3a32.c40b78031a1dafc03c2583d29004b4b7.jpeg?odnHeight=580&odnWidth=580&odnBg=FFFFFF;Higiene y Bienestar > Snack y Premios;https://super.lider.cl/browse/mascotas/perro/snack-y-premios/07089592_29432822_49543527?page=2;;2;2026-03-17T02:18:50
00780467756016;Kambú Pro Mantequilla De Maní Con Probióticos Para Perros, 200 g;;3190;15950;True;https://super.lider.cl/ip/perro/00780467756016;https://i5.walmartimages.cl/asr/23354af4-f1d3-47c3-9adb-8af20c5c0e72.6e9354a68de67badc4584668587241b3.jpeg?odnHeight=580&odnWidth=580&odnBg=FFFFFF;Higiene y Bienestar > Snack y Premios;https://super.lider.cl/browse/mascotas/perro/snack-y-premios/07089592_29432822_49543527?page=2;;2;2026-03-17T02:18:50
00780467962008;Sazonador Salmon Perros, 70 g;;4290;6129;True;https://super.lider.cl/ip/perro/00780467962008;https://i5.walmartimages.cl/asr/d405176c-bfc5-4c7f-b1c6-15bbde950db8.b74dc295c33ffa7cf6d44b26d39a3e29.jpeg?odnHeight=580&odnWidth=580&odnBg=FFFFFF;Higiene y Bienestar > Snack y Premios;https://super.lider.cl/browse/mascotas/perro/snack-y-premios/07089592_29432822_49543527?page=2;;2;2026-03-17T02:18:50
00780467962007;Sazonador Cerdo Perros, 70 g;;4290;6129;True;https://super.lider.cl/ip/perro/00780467962007;https://i5.walmartimages.cl/asr/9acfc65f-9541-489e-bd51-839cd11362c4.03068039f0412ad6465aebe74ebbdf25.jpeg?odnHeight=580&odnWidth=580&odnBg=FFFFFF;Higiene y Bienestar > Snack y Premios;https://super.lider.cl/browse/mascotas/perro/snack-y-premios/07089592_29432822_49543527?page=2;;2;2026-03-17T02:18:50
00780465625180;Snack Perro Adulto Seco Trozos de Salmón Bolsa, 100 g;;3490;3490;False;https://super.lider.cl/ip/perro/00780465625180;https://i5.walmartimages.cl/asr/a202fd2b-a7f6-434e-93d7-637828dc6442.e6356d4ef0ba376f1e4edb5cfbcadcb9.jpeg?null=&odnHeight=580&odnWidth=580&odnBg=FFFFFF;Higiene y Bienestar > Snack y Premios;https://super.lider.cl/browse/mascotas/perro/snack-y-premios/07089592_29432822_49543527?page=2;;2;2026-03-17T02:18:50
00063424000421;Snack Perro Adulto Brochetas Triple Sabor Pollo, Pato y Vacuno Bolsa, 18 Un;;7990;7990;False;https://super.lider.cl/ip/perro/00063424000421;https://i5.walmartimages.cl/asr/dfd95a11-8425-4114-902e-c69c9ddffae8.ec3ebc19f3581e1c6e03338ce2b05b9c.jpeg?null=&odnHeight=580&odnWidth=580&odnBg=FFFFFF;Higiene y Bienestar > Snack y Premios;https://super.lider.cl/browse/mascotas/perro/snack-y-premios/07089592_29432822_49543527?page=2;;2;2026-03-17T02:18:50
00400823923009;Snack Perro Beef Stick Carne, g;;1190;99166;True;https://super.lider.cl/ip/perro/00400823923009;https://i5.walmartimages.cl/asr/cfdeae7a-1faa-4bed-8870-71b4a3468f38.ac613a230a5bc3bcc75b083da949011d.jpeg?null=&odnHeight=580&odnWidth=580&odnBg=FFFFFF;Higiene y Bienestar > Snack y Premios;https://super.lider.cl/browse/mascotas/perro/snack-y-premios/07089592_29432822_49543527?page=2;;2;2026-03-17T02:18:50
00780445700223;Snack Perro Meat Balls Duck & Apple Bolsa, g g;;3690;36900;True;https://super.lider.cl/ip/perro/00780445700223;https://i5.walmartimages.cl/asr/18e2dc40-b438-4abd-8a0a-7de231e61654.8ac978fbc49df7f2a35801bb3e8bb37f.jpeg?null=&odnHeight=580&odnWidth=580&odnBg=FFFFFF;Higiene y Bienestar > Snack y Premios;https://super.lider.cl/browse/mascotas/perro/snack-y-premios/07089592_29432822_49543527?page=2;;2;2026-03-17T02:18:50
00780257553466;Alimento Seco Gato Adulto Adulto Sabor Salmón Bolsa, 1 kg;;690;2690;True;https://super.lider.cl/ip/gato/00780257553466;https://i5.walmartimages.cl/asr/0955d529-fbfb-4c67-a106-2b0a42f04b00.afbbb25e9aa5b891a1673eeed2b2a959.jpeg?null=&odnHeight=580&odnWidth=580&odnBg=FFFFFF;Higiene y Bienestar > Alimento Seco;https://super.lider.cl/browse/mascotas/gato/alimento-seco/07089592_85723699_38537300;;1;2026-03-17T02:19:19
00761303595142;Alimento Seco Delimix Gato Adulto Sabor Pollo Bolsa, 8 Kg;;2899;28990;True;https://super.lider.cl/ip/gato/00761303595142;https://i5.walmartimages.cl/asr/51f2173b-122f-49df-9760-f9db8ae92566.f72ec8486f12b6714406b21c81d10e8c.jpeg?null=&odnHeight=580&odnWidth=580&odnBg=FFFFFF;Higiene y Bienestar > Alimento Seco;https://super.lider.cl/browse/mascotas/gato/alimento-seco/07089592_85723699_38537300;;1;2026-03-17T02:19:19
00761303595120;Alimento Seco Gato Adulto Sabor Carne Bolsa, 8 Kg;;2899;28990;True;https://super.lider.cl/ip/gato/00761303595120;https://i5.walmartimages.cl/asr/a909eba2-41d1-44f0-9c60-339521720709.a8902d23301499c7cfa635e3105eb2f8.jpeg?odnHeight=580&odnWidth=580&odnBg=FFFFFF;Higiene y Bienestar > Alimento Seco;https://super.lider.cl/browse/mascotas/gato/alimento-seco/07089592_85723699_38537300;;1;2026-03-17T02:19:19
00844529059273;Alimento Seco Gatito Sabor Mix de Carnes Bolsa, 1 Kg;;2890;4450;True;https://super.lider.cl/ip/gato/00844529059273;https://i5.walmartimages.cl/asr/ee7c0554-8461-4ea0-972d-7035b8f56f8b.7e2c374bc8ff0e5ee6fb35b54f627862.jpeg?null=&odnHeight=580&odnWidth=580&odnBg=FFFFFF;Higiene y Bienestar > Alimento Seco;https://super.lider.cl/browse/mascotas/gato/alimento-seco/07089592_85723699_38537300;;1;2026-03-17T02:19:19
00780192000140;Alimento Seco Gato Adulto Sabor Salmón Bolsa, 3 Kg;;2300;11990;True;https://super.lider.cl/ip/gato/00780192000140;https://i5.walmartimages.cl/asr/a4796db5-45c1-48c0-98d1-fa06a04ba109.b1241f7f0f0e95240f71acc28295c43a.jpeg?null=&odnHeight=580&odnWidth=580&odnBg=FFFFFF;Higiene y Bienestar > Alimento Seco;https://super.lider.cl/browse/mascotas/gato/alimento-seco/07089592_85723699_38537300;;1;2026-03-17T02:19:19
00779745397106;Alimento Seco Gato Adulto Sabor Carne Bolsa, 1 Kg;;1300;5690;True;https://super.lider.cl/ip/gato/00779745397106;https://i5.walmartimages.cl/asr/19041f95-7384-4850-890e-b5c318d5e662.ed412d6e454fb5207473f2e3ae676f62.jpeg?null=&odnHeight=580&odnWidth=580&odnBg=FFFFFF;Higiene y Bienestar > Alimento Seco;https://super.lider.cl/browse/mascotas/gato/alimento-seco/07089592_85723699_38537300;;1;2026-03-17T02:19:19
00780192000164;Alimento Seco Gato Adulto Sabor Carne Bolsa, 3 Kg;;2300;11990;True;https://super.lider.cl/ip/gato/00780192000164;https://i5.walmartimages.cl/asr/3894313b-83d1-4cd2-94ed-2e03ebe43f46.ce22db56fa8e02c587f975109999c6f9.jpeg?null=&odnHeight=580&odnWidth=580&odnBg=FFFFFF;Higiene y Bienestar > Alimento Seco;https://super.lider.cl/browse/mascotas/gato/alimento-seco/07089592_85723699_38537300;;1;2026-03-17T02:19:19
00779745397235;Alimento Seco Gato Adulto Sabor Carne Bolsa, 3 Kg;;2700;13590;True;https://super.lider.cl/ip/gato/00779745397235;https://i5.walmartimages.cl/asr/111208c5-0235-47be-bd76-d156dd3ef1fa.ac0c1661c5b51a5b9fca66949ae734df.jpeg?null=&odnHeight=580&odnWidth=580&odnBg=FFFFFF;Higiene y Bienestar > Alimento Seco;https://super.lider.cl/browse/mascotas/gato/alimento-seco/07089592_85723699_38537300;;1;2026-03-17T02:19:19
00780443800368;Alimento Seco Gatito Sabor Pollo y Leche Bolsa, 1 kg;;4290;4290;False;https://super.lider.cl/ip/gato/00780443800368;https://i5.walmartimages.cl/asr/591cb903-98c5-41a7-9131-0382bf94000f.2fceddbed3148c5d09dc9e1a3ce552c0.jpeg?null=&odnHeight=580&odnWidth=580&odnBg=FFFFFF;Higiene y Bienestar > Alimento Seco;https://super.lider.cl/browse/mascotas/gato/alimento-seco/07089592_85723699_38537300;;1;2026-03-17T02:19:19
00761303932101;Alimento Seco Gato Adulto Esterilizado Sabor Pescado Bolsa, 8 Kg;;3149;31490;True;https://super.lider.cl/ip/gato/00761303932101;https://i5.walmartimages.cl/asr/34cfa07d-7bef-48f3-856b-6ca5a1159997.c770ed1a196301f523a9c7dce516b38b.jpeg?null=&odnHeight=580&odnWidth=580&odnBg=FFFFFF;Higiene y Bienestar > Alimento Seco;https://super.lider.cl/browse/mascotas/gato/alimento-seco/07089592_85723699_38537300;;1;2026-03-17T02:19:19
00761303595124;Alimento Seco Gatito Sabor Carne Bolsa, 1 Kg;;6190;6190;False;https://super.lider.cl/ip/gato/00761303595124;https://i5.walmartimages.cl/asr/b48cdd49-0df5-4da8-aa89-735ce28f5013.2851e5727c6961c96f44257d11b87c93.jpeg?null=&odnHeight=580&odnWidth=580&odnBg=FFFFFF;Higiene y Bienestar > Alimento Seco;https://super.lider.cl/browse/mascotas/gato/alimento-seco/07089592_85723699_38537300;;1;2026-03-17T02:19:19
00761303595104;Alimento Seco Gato Adulto Sabor Pescado Arroz y Espinaca Bolsa, 1 Kg;;2790;4450;True;https://super.lider.cl/ip/gato/00761303595104;https://i5.walmartimages.cl/asr/87299239-f61d-4e15-a964-d2704d820248.62c78b4965c57d11e6803942d532e0a0.jpeg?null=&odnHeight=580&odnWidth=580&odnBg=FFFFFF;Higiene y Bienestar > Alimento Seco;https://super.lider.cl/browse/mascotas/gato/alimento-seco/07089592_85723699_38537300;;1;2026-03-17T02:19:19
00761303595123;Alimento Seco Gatito Sabor Carne Bolsa, 8 Kg;;3149;31490;True;https://super.lider.cl/ip/gato/00761303595123;https://i5.walmartimages.cl/asr/91674c65-e506-4bec-bddd-7402f5925af2.054e2bc07a021f270b06edefb22bca4d.jpeg?null=&odnHeight=580&odnWidth=580&odnBg=FFFFFF;Higiene y Bienestar > Alimento Seco;https://super.lider.cl/browse/mascotas/gato/alimento-seco/07089592_85723699_38537300;;1;2026-03-17T02:19:19
00779745397118;Alimento Seco Gato Adulto Sabor Pollo Bolsa, 1 Kg;;1300;5690;True;https://super.lider.cl/ip/gato/00779745397118;https://i5.walmartimages.cl/asr/551c8ab1-1678-46a4-83cd-1344a087c930.c7ab76e5e69599b11c3a66ac61021411.jpeg?null=&odnHeight=580&odnWidth=580&odnBg=FFFFFF;Higiene y Bienestar > Alimento Seco;https://super.lider.cl/browse/mascotas/gato/alimento-seco/07089592_85723699_38537300;;1;2026-03-17T02:19:19
00761303595128;Alimento Seco Gato Adulto Sabor Carne Bolsa, 1 Kg;;6190;6190;False;https://super.lider.cl/ip/gato/00761303595128;https://i5.walmartimages.cl/asr/2d39ca9b-d546-4d13-932e-50b3a480f94e.e2fbdd368000c740f41d895a6a98393b.jpeg?null=&odnHeight=580&odnWidth=580&odnBg=FFFFFF;Higiene y Bienestar > Alimento Seco;https://super.lider.cl/browse/mascotas/gato/alimento-seco/07089592_85723699_38537300;;1;2026-03-17T02:19:19
00779745397229;Alimento Seco Gato Adulto Sabor Pescado Bolsa, 1 Kg;;1300;5690;True;https://super.lider.cl/ip/gato/00779745397229;https://i5.walmartimages.cl/asr/b902709a-e92f-43bb-858e-bc0cf2159b47.5246838a4b35cc4eac55bdc2c8e297f2.jpeg?null=&odnHeight=580&odnWidth=580&odnBg=FFFFFF;Higiene y Bienestar > Alimento Seco;https://super.lider.cl/browse/mascotas/gato/alimento-seco/07089592_85723699_38537300;;1;2026-03-17T02:19:19
00780192000168;Alimento Seco Gato Adulto Sabor Pollo Bolsa, 3 Kg;;2300;11990;True;https://super.lider.cl/ip/gato/00780192000168;https://i5.walmartimages.cl/asr/11fc7433-71f1-4c6c-a400-9a220f695001.8ddfa0db473811d780aa846939726eae.jpeg?null=&odnHeight=580&odnWidth=580&odnBg=FFFFFF;Higiene y Bienestar > Alimento Seco;https://super.lider.cl/browse/mascotas/gato/alimento-seco/07089592_85723699_38537300;;1;2026-03-17T02:19:19
00779745397112;Alimento Seco Gatito Sabor Carne y Leche Bolsa, 1 Kg;;5790;5790;False;https://super.lider.cl/ip/gato/00779745397112;https://i5.walmartimages.cl/asr/a572a239-07ee-4944-a825-b9828ab239d2.f0f66216188711d3242bb1b90be1efb5.jpeg?null=&odnHeight=580&odnWidth=580&odnBg=FFFFFF;Higiene y Bienestar > Alimento Seco;https://super.lider.cl/browse/mascotas/gato/alimento-seco/07089592_85723699_38537300;;1;2026-03-17T02:19:19
00779745397101;Alimento Seco Gato Adulto Sabor Pescado Bolsa, 3 Kg;;2700;13590;True;https://super.lider.cl/ip/gato/00779745397101;https://i5.walmartimages.cl/asr/7dd9e13f-0b60-4064-bd22-178d095ee425.cfb5f86efbfb1c1ea8f29e0b89c6b6bd.jpeg?null=&odnHeight=580&odnWidth=580&odnBg=FFFFFF;Higiene y Bienestar > Alimento Seco;https://super.lider.cl/browse/mascotas/gato/alimento-seco/07089592_85723699_38537300;;1;2026-03-17T02:19:19
00779745397391;Alimento Seco Gatito Sabor Carne y Leche Bolsa, 3 kg;;4530;13590;True;https://super.lider.cl/ip/gato/00779745397391;https://i5.walmartimages.cl/asr/a32146ed-cad8-494f-9063-d6f7e2bbd65c.0fefcab00ad992a56eef002e1d05d5b0.jpeg?null=&odnHeight=580&odnWidth=580&odnBg=FFFFFF;Higiene y Bienestar > Alimento Seco;https://super.lider.cl/browse/mascotas/gato/alimento-seco/07089592_85723699_38537300;;1;2026-03-17T02:19:19
00761328723050;Alimento Seco Gato Adulto Esterilizado Sabor Pollo y Salmón Bolsa, 2 Kg;;8495;16990;True;https://super.lider.cl/ip/gato/00761328723050;https://i5.walmartimages.cl/asr/5626cdbf-91a1-471f-8fcd-cabcf8944832.8aceb32a40ed09321bf5c4ed7bdeb340.jpeg?odnHeight=580&odnWidth=580&odnBg=FFFFFF;Higiene y Bienestar > Alimento Seco;https://super.lider.cl/browse/mascotas/gato/alimento-seco/07089592_85723699_38537300;;1;2026-03-17T02:19:19
00761303595131;Alimento Seco Gato Adulto Sabor Pollo Bolsa Delimix, 3 Kg;;5230;15690;True;https://super.lider.cl/ip/gato/00761303595131;https://i5.walmartimages.cl/asr/3ea1dc78-48ad-4fb3-bb25-90c815fd5d98.f10e226db5f77c965b44ebbd29fefbfc.jpeg?null=&odnHeight=580&odnWidth=580&odnBg=FFFFFF;Higiene y Bienestar > Alimento Seco;https://super.lider.cl/browse/mascotas/gato/alimento-seco/07089592_85723699_38537300;;1;2026-03-17T02:19:19
00779745397368;Alimento Seco Gato Adulto Sabor Carne Bolsa, 8 Kg;;3224;25790;True;https://super.lider.cl/ip/gato/00779745397368;https://i5.walmartimages.cl/asr/88b47d0e-7e61-4bc7-afdb-fba5618c0c40.5b86bf9df9bdac240788c609a9462e4d.jpeg?null=&odnHeight=580&odnWidth=580&odnBg=FFFFFF;Higiene y Bienestar > Alimento Seco;https://super.lider.cl/browse/mascotas/gato/alimento-seco/07089592_85723699_38537300;;1;2026-03-17T02:19:19
00761328722999;Alimento Seco Gatito Sabor Pollo y Carne Bolsa, 2 Kg;;8495;16990;True;https://super.lider.cl/ip/gato/00761328722999;https://i5.walmartimages.cl/asr/9f34a900-d011-45d4-8305-778c62b1ea4e.f6cbea7023ca7ef1bf11bc6304ceb7ff.jpeg?null=&odnHeight=580&odnWidth=580&odnBg=FFFFFF;Higiene y Bienestar > Alimento Seco;https://super.lider.cl/browse/mascotas/gato/alimento-seco/07089592_85723699_38537300;;1;2026-03-17T02:19:19
00761303595106;Alimento Seco Gato Adulto Sabor Pescado Arroz y Espinaca Bolsa, 8 Kg;;2623;20990;True;https://super.lider.cl/ip/gato/00761303595106;https://i5.walmartimages.cl/asr/93f797eb-6a45-4187-a86a-2dbf2a7200da.5511b3926de8fe6875d0d40560a5c476.jpeg?null=&odnHeight=580&odnWidth=580&odnBg=FFFFFF;Higiene y Bienestar > Alimento Seco;https://super.lider.cl/browse/mascotas/gato/alimento-seco/07089592_85723699_38537300;;1;2026-03-17T02:19:19
00780192000137;Alimento Seco Gato Adulto Sabor Salmón Bolsa, 1 Kg;;5290;5290;False;https://super.lider.cl/ip/gato/00780192000137;https://i5.walmartimages.cl/asr/5c3d0d00-3cf8-4afd-bce1-58786553aa7e.01ac85f5da916c38d4ea685fb5cb7a03.jpeg?null=&odnHeight=580&odnWidth=580&odnBg=FFFFFF;Higiene y Bienestar > Alimento Seco;https://super.lider.cl/browse/mascotas/gato/alimento-seco/07089592_85723699_38537300;;1;2026-03-17T02:19:19
00780192000141;Alimento Seco Gatito Sabor Pollo y Leche Bolsa, 1 kg;;5690;5690;False;https://super.lider.cl/ip/gato/00780192000141;https://i5.walmartimages.cl/asr/4457a1a8-9be5-48e7-962c-39145b282f62.342e4254995e79b3b3b030681a36fe2f.jpeg?null=&odnHeight=580&odnWidth=580&odnBg=FFFFFF;Higiene y Bienestar > Alimento Seco;https://super.lider.cl/browse/mascotas/gato/alimento-seco/07089592_85723699_38537300;;1;2026-03-17T02:19:19
00761303667288;Alimento Seco Gatito Sabor Carne Bolsa, 3 Kg;;5230;15690;True;https://super.lider.cl/ip/gato/00761303667288;https://i5.walmartimages.cl/asr/1ec034d3-ab1e-41fc-a3c3-961d2866d095.59be50a99b0bdfc5e6f42317f48e5f45.jpeg?null=&odnHeight=580&odnWidth=580&odnBg=FFFFFF;Higiene y Bienestar > Alimento Seco;https://super.lider.cl/browse/mascotas/gato/alimento-seco/07089592_85723699_38537300;;1;2026-03-17T02:19:19
00761328723038;Alimento Seco Gato Adulto Sabor Pollo y Carne Bolsa, 2 Kg;;8495;16990;True;https://super.lider.cl/ip/gato/00761328723038;https://i5.walmartimages.cl/asr/9814f1a6-9480-47ba-8b20-9473766f0e25.f2169c078cb34b2ee16e275809212f65.jpeg?null=&odnHeight=580&odnWidth=580&odnBg=FFFFFF;Higiene y Bienestar > Alimento Seco;https://super.lider.cl/browse/mascotas/gato/alimento-seco/07089592_85723699_38537300;;1;2026-03-17T02:19:19
00761303595149;Alimento Seco Gato Adulto Sabor Pescado Bolsa, 3 Kg;;5230;15690;True;https://super.lider.cl/ip/gato/00761303595149;https://i5.walmartimages.cl/asr/5d4ceb20-1862-4889-bc0e-306bc84b303b.b36ccdb95910351dc1ff82073bd96e74.jpeg?null=&odnHeight=580&odnWidth=580&odnBg=FFFFFF;Higiene y Bienestar > Alimento Seco;https://super.lider.cl/browse/mascotas/gato/alimento-seco/07089592_85723699_38537300;;1;2026-03-17T02:19:19
00761303595118;Alimento Seco Gato Adulto Sabor Carne Bolsa, 3 Kg;;5230;15690;True;https://super.lider.cl/ip/gato/00761303595118;https://i5.walmartimages.cl/asr/33228127-6275-43b0-9283-0d3aedf033b2.2bd264e5a9194ed2983a8da1918de81f.jpeg?null=&odnHeight=580&odnWidth=580&odnBg=FFFFFF;Higiene y Bienestar > Alimento Seco;https://super.lider.cl/browse/mascotas/gato/alimento-seco/07089592_85723699_38537300;;1;2026-03-17T02:19:19
00780192000134;Alimento Seco Gato Adulto Sabor Carne Bolsa, 1 Kg;;5290;5290;False;https://super.lider.cl/ip/gato/00780192000134;https://i5.walmartimages.cl/asr/7b9a1305-bd2b-4da2-9797-d87f72879326.c02f1c9f59c1483f00b5c5787800bcac.jpeg?null=&odnHeight=580&odnWidth=580&odnBg=FFFFFF;Higiene y Bienestar > Alimento Seco;https://super.lider.cl/browse/mascotas/gato/alimento-seco/07089592_85723699_38537300;;1;2026-03-17T02:19:19
00040005088010;Super Premium - Alimento Seco Gato Adulto De Pollo Y Salmón, 2 kg;;7495;14990;True;https://super.lider.cl/ip/gato/00040005088010;https://i5.walmartimages.cl/asr/193e36e2-b8d2-4b02-a16f-0da020075f1b.b85cbf1fd75cea22fe321a7bafa29d4f.jpeg?odnHeight=580&odnWidth=580&odnBg=FFFFFF;Higiene y Bienestar > Alimento Seco;https://super.lider.cl/browse/mascotas/gato/alimento-seco/07089592_85723699_38537300;;1;2026-03-17T02:19:19
00780192000136;Alimento Seco Gato Adulto Sabor Salmón Bolsa, 8 Kg;;3349;26790;True;https://super.lider.cl/ip/gato/00780192000136;https://i5.walmartimages.cl/asr/7079ca70-43c9-4d0e-8d43-267ae6f06860.547185fe2b6846e795d50630416c0b81.jpeg?null=&odnHeight=580&odnWidth=580&odnBg=FFFFFF;Higiene y Bienestar > Alimento Seco;https://super.lider.cl/browse/mascotas/gato/alimento-seco/07089592_85723699_38537300;;1;2026-03-17T02:19:19
00761328723044;Alimento Seco Gato Adulto Sabor Pollo y Salmón Bolsa, 2 Kg;;8495;16990;True;https://super.lider.cl/ip/gato/00761328723044;https://i5.walmartimages.cl/asr/89f61e9a-9504-4b21-8467-c271e9d2f6d4.797f7f90828b61c0a394e1c11edcaafd.jpeg?null=&odnHeight=580&odnWidth=580&odnBg=FFFFFF;Higiene y Bienestar > Alimento Seco;https://super.lider.cl/browse/mascotas/gato/alimento-seco/07089592_85723699_38537300;;1;2026-03-17T02:19:19
00779745397367;Alimento Seco Gato Adulto Sabor Pescado Bolsa, 8 Kg;;3224;25790;True;https://super.lider.cl/ip/gato/00779745397367;https://i5.walmartimages.cl/asr/c81edd74-858d-49dd-ae6a-8232bc16973f.8f0e4970d89881f8562a5a05e7448077.jpeg?null=&odnHeight=580&odnWidth=580&odnBg=FFFFFF;Higiene y Bienestar > Alimento Seco;https://super.lider.cl/browse/mascotas/gato/alimento-seco/07089592_85723699_38537300;;1;2026-03-17T02:19:19
00780192000133;Alimento Seco Gato Adulto Sabor Carne Bolsa, 8 Kg;;3349;26790;True;https://super.lider.cl/ip/gato/00780192000133;https://i5.walmartimages.cl/asr/b5d893e0-1e91-4190-be3c-0b0619125d57.d38518b9d2482a84c3fa796ab0ca2b47.jpeg?null=&odnHeight=580&odnWidth=580&odnBg=FFFFFF;Higiene y Bienestar > Alimento Seco;https://super.lider.cl/browse/mascotas/gato/alimento-seco/07089592_85723699_38537300;;1;2026-03-17T02:19:19
00779745397310;Alimento Seco Gato Adulto Castrado Sabor Mix Carne Bolsa, 3 Kg;;4830;14490;True;https://super.lider.cl/ip/gato/00779745397310;https://i5.walmartimages.cl/asr/2f55a533-968c-49f6-8b6b-aac8d2e1fb96.3c2d10f959fef2a8d6692019992988a9.jpeg?null=&odnHeight=580&odnWidth=580&odnBg=FFFFFF;Higiene y Bienestar > Alimento Seco;https://super.lider.cl/browse/mascotas/gato/alimento-seco/07089592_85723699_38537300;;1;2026-03-17T02:19:19
00761303595146;Alimento Seco Gato Adulto Sabor Pescado Bolsa, 1 Kg;;6190;6190;False;https://super.lider.cl/ip/gato/00761303595146;https://i5.walmartimages.cl/asr/58b3de19-99b4-441b-bd54-2fadf8a9feb3.a05102de91255f60af75efb21c9e9053.jpeg?null=&odnHeight=580&odnWidth=580&odnBg=FFFFFF;Higiene y Bienestar > Alimento Seco;https://super.lider.cl/browse/mascotas/gato/alimento-seco/07089592_85723699_38537300;;1;2026-03-17T02:19:19
00761303595140;Alimento Seco Gato Adulto Sabor Carne Bolsa Delimix, 1 Kg;;6190;6190;False;https://super.lider.cl/ip/gato/00761303595140;https://i5.walmartimages.cl/asr/22f97bb2-2977-4411-8415-7ed24de11f00.25276c0ff8ac19bc650c974400b88240.jpeg?null=&odnHeight=580&odnWidth=580&odnBg=FFFFFF;Higiene y Bienestar > Alimento Seco;https://super.lider.cl/browse/mascotas/gato/alimento-seco/07089592_85723699_38537300;;1;2026-03-17T02:19:19
00780257553364;Alimento Seco Gato Adulto Sabor Pollo Bolsa, 2,1 Kg;;6138;12890;True;https://super.lider.cl/ip/gato/00780257553364;https://i5.walmartimages.cl/asr/61b8282d-65d2-4be9-847f-528dd7b55a79.d5b4c1a8f4d768061a2de726764a665c.jpeg?null=&odnHeight=580&odnWidth=580&odnBg=FFFFFF;Higiene y Bienestar > Alimento Seco;https://super.lider.cl/browse/mascotas/gato/alimento-seco/07089592_85723699_38537300;;1;2026-03-17T02:19:19
00085595800657;Puré Cremoso Gato Adulto Sabor Pollo Sachet, 56 g;;2950;52679;True;https://super.lider.cl/ip/gato/00085595800657;https://i5.walmartimages.cl/asr/2f5ae63a-91c7-471a-9745-5d1f1c2ff9b3.cc09daeb9320c6932baa45affdbd010b.jpeg?odnHeight=580&odnWidth=580&odnBg=FFFFFF;Higiene y Bienestar > Alimento Humedo;https://super.lider.cl/browse/mascotas/gato/alimento-humedo/07089592_85723699_39598429;;1;2026-03-17T02:19:49
00779745300055;Alimento Húmedo Gato Adulto Sabor Pollo Pouch, 85 g;;810;9529;True;https://super.lider.cl/ip/gato/00779745300055;https://i5.walmartimages.cl/asr/db633774-7cc1-49a8-8288-0957d5ba3e9a.d07048598375b6e4d092826b7e35d0cb.jpeg?odnHeight=580&odnWidth=580&odnBg=FFFFFF;Higiene y Bienestar > Alimento Humedo;https://super.lider.cl/browse/mascotas/gato/alimento-humedo/07089592_85723699_39598429;;1;2026-03-17T02:19:49
00779745300042;Alimento Húmedo Gato Adulto Sabor Carne Pouch, 85 g;;810;9529;True;https://super.lider.cl/ip/gato/00779745300042;https://i5.walmartimages.cl/asr/15220109-be9f-40c9-abea-49b425dc45ee.3cfb0cece18f85c651c0651a8ec40fa2.jpeg?odnHeight=580&odnWidth=580&odnBg=FFFFFF;Higiene y Bienestar > Alimento Humedo;https://super.lider.cl/browse/mascotas/gato/alimento-humedo/07089592_85723699_39598429;;1;2026-03-17T02:19:49
00005000029048;Alimento Húmedo gato Salmón Lata, g g;;190;6410;True;https://super.lider.cl/ip/gato/00005000029048;https://i5.walmartimages.cl/asr/0f519e0c-66fa-4680-92b6-172931af7770.641c18e1f18d8a38363b0509fd2fe3f7.jpeg?null=&odnHeight=580&odnWidth=580&odnBg=FFFFFF;Higiene y Bienestar > Alimento Humedo;https://super.lider.cl/browse/mascotas/gato/alimento-humedo/07089592_85723699_39598429;;1;2026-03-17T02:19:49
00779745300041;Alimento Húmedo Gato Adulto Sabor Salmón Pouch, 85 g;;810;9529;True;https://super.lider.cl/ip/gato/00779745300041;https://i5.walmartimages.cl/asr/2621802a-c01e-4895-9428-152c12992bc6.1ed0c7a88843e4efd3f37a9797985ac9.jpeg?odnHeight=580&odnWidth=580&odnBg=FFFFFF;Higiene y Bienestar > Alimento Humedo;https://super.lider.cl/browse/mascotas/gato/alimento-humedo/07089592_85723699_39598429;;1;2026-03-17T02:19:49
00085595800655;Puré Cremoso Gato Adulto Sabor Atún Sachet, 56 g;;2950;52679;True;https://super.lider.cl/ip/gato/00085595800655;https://i5.walmartimages.cl/asr/94a25dc5-7119-4b18-975d-ce100969360a.6bd522cceba1d7055e5ae202900bd20b.jpeg?odnHeight=580&odnWidth=580&odnBg=FFFFFF;Higiene y Bienestar > Alimento Humedo;https://super.lider.cl/browse/mascotas/gato/alimento-humedo/07089592_85723699_39598429;;1;2026-03-17T02:19:49
00789100024106;Alimento Húmedo Gato Adulto Sabor Carne Pouch, 85 g;;850;10000;True;https://super.lider.cl/ip/gato/00789100024106;https://i5.walmartimages.cl/asr/e005e625-d901-4809-bf65-be4648eaf6ab.5445d69889d20e15feeaa86a41a5aae0.jpeg?odnHeight=580&odnWidth=580&odnBg=FFFFFF;Higiene y Bienestar > Alimento Humedo;https://super.lider.cl/browse/mascotas/gato/alimento-humedo/07089592_85723699_39598429;;1;2026-03-17T02:19:49
00779745300040;Alimento Húmedo Gatito Sabor Carne Pouch, 85 g;;810;9529;True;https://super.lider.cl/ip/gato/00779745300040;https://i5.walmartimages.cl/asr/2dac0745-51f2-45ec-b458-8301242eeb77.8ba23e05b81c665bca928cd58b09bae9.jpeg?odnHeight=580&odnWidth=580&odnBg=FFFFFF;Higiene y Bienestar > Alimento Humedo;https://super.lider.cl/browse/mascotas/gato/alimento-humedo/07089592_85723699_39598429;;1;2026-03-17T02:19:49
00005000029059;Alimento Húmedo Gato Adulto Sabor Atún Lata, 156 g;;190;6410;True;https://super.lider.cl/ip/gato/00005000029059;https://i5.walmartimages.cl/asr/b2b77a23-7ed6-446a-b129-b98d020ff65a.f2b8965f2aea377bd12f938b8c384eee.jpeg?odnHeight=580&odnWidth=580&odnBg=FFFFFF;Higiene y Bienestar > Alimento Humedo;https://super.lider.cl/browse/mascotas/gato/alimento-humedo/07089592_85723699_39598429;;1;2026-03-17T02:19:49
00789100024113;Alimento Húmedo Gato Adulto Sabor Pescado Blanco Pouch, 85 g;;850;10000;True;https://super.lider.cl/ip/gato/00789100024113;https://i5.walmartimages.cl/asr/a059cc91-8a7c-4d34-8870-d0bb7b576527.dd44b6863eaca8de4595e2131fc3ac1d.jpeg?odnHeight=580&odnWidth=580&odnBg=FFFFFF;Higiene y Bienestar > Alimento Humedo;https://super.lider.cl/browse/mascotas/gato/alimento-humedo/07089592_85723699_39598429;;1;2026-03-17T02:19:49
00789602904656;Alimento Húmedo Gato Adulto Sabor Atún en Salsa Pouch, 85 g;;810;9529;True;https://super.lider.cl/ip/gato/00789602904656;https://i5.walmartimages.cl/asr/04f4bc5d-b246-4ecf-8f3b-e04b43ccef83.95d6217a2ba74972e310ef92c8456049.jpeg?odnHeight=580&odnWidth=580&odnBg=FFFFFF;Higiene y Bienestar > Alimento Humedo;https://super.lider.cl/browse/mascotas/gato/alimento-humedo/07089592_85723699_39598429;;1;2026-03-17T02:19:49
00779745300147;Alimento Húmedo Gatito Soufflé Sabor Carne Pouch, 85 g;;810;9529;True;https://super.lider.cl/ip/gato/00779745300147;https://i5.walmartimages.cl/asr/cf857ee7-7e42-476b-b385-4adcb0c26881.bc0ab0850dc0fcee2fcfc250d3a81b4b.jpeg?odnHeight=580&odnWidth=580&odnBg=FFFFFF;Higiene y Bienestar > Alimento Humedo;https://super.lider.cl/browse/mascotas/gato/alimento-humedo/07089592_85723699_39598429;;1;2026-03-17T02:19:49
00789100024117;Alimento Húmedo Gato Adulto Sabor Pollo e Hígado Pouch, 85 g;;850;10000;True;https://super.lider.cl/ip/gato/00789100024117;https://i5.walmartimages.cl/asr/f2c5dfde-28fa-41fc-b8c9-d38e6a890507.bb9c8ad0e3796aa7564ddf42592f9b66.jpeg?null=&odnHeight=580&odnWidth=580&odnBg=FFFFFF;Higiene y Bienestar > Alimento Humedo;https://super.lider.cl/browse/mascotas/gato/alimento-humedo/07089592_85723699_39598429;;1;2026-03-17T02:19:49
00779745300043;Alimento Húmedo Gato Adulto Sabor Pavo Pouch, 85 g;;810;9529;True;https://super.lider.cl/ip/gato/00779745300043;https://i5.walmartimages.cl/asr/abfaa229-63ed-4307-9037-86f64a699dcc.b4f9867ca1e26bcd5b5b4dbdbf679322.jpeg?odnHeight=580&odnWidth=580&odnBg=FFFFFF;Higiene y Bienestar > Alimento Humedo;https://super.lider.cl/browse/mascotas/gato/alimento-humedo/07089592_85723699_39598429;;1;2026-03-17T02:19:49
00789100024062;Alimento Húmedo Gatito Sabor Carne Pouch, 85 g;;850;10000;True;https://super.lider.cl/ip/gato/00789100024062;https://i5.walmartimages.cl/asr/0547dc32-3df6-4e7a-973c-fa9de1a6b99c.04c6d1aa64ac59125c50250b85832362.jpeg?odnHeight=580&odnWidth=580&odnBg=FFFFFF;Higiene y Bienestar > Alimento Humedo;https://super.lider.cl/browse/mascotas/gato/alimento-humedo/07089592_85723699_39598429;;1;2026-03-17T02:19:49
00789100024058;Alimento Húmedo Gatito Sabor Pescado Pouch, 85 g;;850;10000;True;https://super.lider.cl/ip/gato/00789100024058;https://i5.walmartimages.cl/asr/744d799e-e5dd-4d15-b232-eb938d98b2c3.c6505c7ebef4d416242b3dae44000b81.jpeg?null=&odnHeight=580&odnWidth=580&odnBg=FFFFFF;Higiene y Bienestar > Alimento Humedo;https://super.lider.cl/browse/mascotas/gato/alimento-humedo/07089592_85723699_39598429;;1;2026-03-17T02:19:49
00789100012077;Alimento Húmedo Gato Adulto Sabor Atún Pouch, 85 g;;850;10000;True;https://super.lider.cl/ip/gato/00789100012077;https://i5.walmartimages.cl/asr/6a37bd6e-906a-44a3-b194-eb7392a7e8b0.185de35511ec651d710eb4de0f9ddbcb.jpeg?odnHeight=580&odnWidth=580&odnBg=FFFFFF;Higiene y Bienestar > Alimento Humedo;https://super.lider.cl/browse/mascotas/gato/alimento-humedo/07089592_85723699_39598429;;1;2026-03-17T02:19:49
00789100024108;Alimento Húmedo Gato Adulto Sabor Salmón Pouch, 85 g;;850;10000;True;https://super.lider.cl/ip/gato/00789100024108;https://i5.walmartimages.cl/asr/a1495b97-99d6-4e00-8e73-04b811ccba01.c5f21fe2032aac0f7ae12821c7148d96.jpeg?odnHeight=580&odnWidth=580&odnBg=FFFFFF;Higiene y Bienestar > Alimento Humedo;https://super.lider.cl/browse/mascotas/gato/alimento-humedo/07089592_85723699_39598429;;1;2026-03-17T02:19:49
00005000029068;Alimento Húmedo Gato Adulto Paté Pavo/Menudencia Lata, 156 g;;190;6410;True;https://super.lider.cl/ip/gato/00005000029068;https://i5.walmartimages.cl/asr/a468cc61-b3f0-41f1-ac6f-832ea1fadbdd.c7929752a2e647464cb00615a3c5bd76.jpeg?null=&odnHeight=580&odnWidth=580&odnBg=FFFFFF;Higiene y Bienestar > Alimento Humedo;https://super.lider.cl/browse/mascotas/gato/alimento-humedo/07089592_85723699_39598429;;1;2026-03-17T02:19:49
00789602904662;Alimento Húmedo Gato Adulto Castrado Sabor Carne Pouch, 85 g;;810;9529;True;https://super.lider.cl/ip/gato/00789602904662;https://i5.walmartimages.cl/asr/3d187107-453e-4125-93aa-66f73895ab9a.187f8155a038def1f4a62b61360c27f9.jpeg?null=&odnHeight=580&odnWidth=580&odnBg=FFFFFF;Higiene y Bienestar > Alimento Humedo;https://super.lider.cl/browse/mascotas/gato/alimento-humedo/07089592_85723699_39598429;;1;2026-03-17T02:19:49
00780410000165;Alimento Húmedo Gato Adulto Trocitos Sabor Salmón y Sardina Pouch, 100 g;;640;7529;True;https://super.lider.cl/ip/gato/00780410000165;https://i5.walmartimages.cl/asr/775f910e-a5e5-40e7-95d5-f58bccf31087.a7db47cf491e21883e13a4cf255b1754.jpeg?null=&odnHeight=580&odnWidth=580&odnBg=FFFFFF;Higiene y Bienestar > Alimento Humedo;https://super.lider.cl/browse/mascotas/gato/alimento-humedo/07089592_85723699_39598429;;1;2026-03-17T02:19:49
00780257553264;Alimento Húmedo Gatito Trocitos Sabor Carne Pouch, 85 g;;680;8000;True;https://super.lider.cl/ip/gato/00780257553264;https://i5.walmartimages.cl/asr/3b6a6889-7b03-4e51-a77a-c85eb43d65a6.b037e0e0b671582258f1212a64c49473.jpeg?null=&odnHeight=580&odnWidth=580&odnBg=FFFFFF;Higiene y Bienestar > Alimento Humedo;https://super.lider.cl/browse/mascotas/gato/alimento-humedo/07089592_85723699_39598429;;1;2026-03-17T02:19:49
00780410000242;Alimento Húmedo Gato Adulto Trocitos Sabor Atún y Salmón Pouch, 100 g;;640;6400;True;https://super.lider.cl/ip/gato/00780410000242;https://i5.walmartimages.cl/asr/360f188e-cc29-41d5-ba22-1820f7f0b9f1.0b70f5709554b29cd0192bc75def4aeb.jpeg?odnHeight=580&odnWidth=580&odnBg=FFFFFF;Higiene y Bienestar > Alimento Humedo;https://super.lider.cl/browse/mascotas/gato/alimento-humedo/07089592_85723699_39598429;;1;2026-03-17T02:19:49
00779745300149;Alimento Húmedo Gato Adulto Jelly Sabor Pescado Pouch, 85 g;;810;9529;True;https://super.lider.cl/ip/gato/00779745300149;https://i5.walmartimages.cl/asr/11cb7ffe-1113-493a-a857-f33fc6c5819d.c4223102e29563ccf491f71ae9890091.jpeg?odnHeight=580&odnWidth=580&odnBg=FFFFFF;Higiene y Bienestar > Alimento Humedo;https://super.lider.cl/browse/mascotas/gato/alimento-humedo/07089592_85723699_39598429;;1;2026-03-17T02:19:49
00789100033238;Alimento Humedo Gato Superfoods Sabor Salmon Pouch, 85 g;;1290;15176;True;https://super.lider.cl/ip/gato/00789100033238;https://i5.walmartimages.cl/asr/7719a04d-c54c-4c4d-a1b8-f4d1c92f4768.a9699630c5e6ef7c8119db6bd0416dd2.jpeg?null=&odnHeight=580&odnWidth=580&odnBg=FFFFFF;Higiene y Bienestar > Alimento Humedo;https://super.lider.cl/browse/mascotas/gato/alimento-humedo/07089592_85723699_39598429;;1;2026-03-17T02:19:49
00780443800329;Alimento Húmedo Gatito Sabor Carne y Leche Pouch, 85 g;;630;1000;True;https://super.lider.cl/ip/gato/00780443800329;https://i5.walmartimages.cl/asr/e9572380-7dcb-449a-8ccd-9903fdf9e1f6.0f6a6ae7f6062eef64700fec331d674e.jpeg?null=&odnHeight=580&odnWidth=580&odnBg=FFFFFF;Higiene y Bienestar > Alimento Humedo;https://super.lider.cl/browse/mascotas/gato/alimento-humedo/07089592_85723699_39598429;;1;2026-03-17T02:19:49
00780410000243;Alimento Húmedo Gato Adulto Trocitos Sabor Pollo y Pavo Pouch, 100 g;;640;7529;True;https://super.lider.cl/ip/gato/00780410000243;https://i5.walmartimages.cl/asr/29ceacf6-ef71-4c52-903f-96df95893fc4.aa77ad622b171fc215984692973871b1.jpeg?odnHeight=580&odnWidth=580&odnBg=FFFFFF;Higiene y Bienestar > Alimento Humedo;https://super.lider.cl/browse/mascotas/gato/alimento-humedo/07089592_85723699_39598429;;1;2026-03-17T02:19:49
00780443800327;Alimento Húmedo Gato Adulto Sabor Carne Pouch, 85 g;;630;1000;True;https://super.lider.cl/ip/gato/00780443800327;https://i5.walmartimages.cl/asr/6e110e7c-d468-4489-8dd4-f5cc6b29914d.39c46bfef3ff97f74826cbbb0901cda5.jpeg?null=&odnHeight=580&odnWidth=580&odnBg=FFFFFF;Higiene y Bienestar > Alimento Humedo;https://super.lider.cl/browse/mascotas/gato/alimento-humedo/07089592_85723699_39598429;;1;2026-03-17T02:19:49
00780257553173;Alimento Húmedo Gato Adulto Trocitos Sabor Carne Pouch, 85 g;;680;8000;True;https://super.lider.cl/ip/gato/00780257553173;https://i5.walmartimages.cl/asr/52babc65-da61-4a2d-9ba1-85f4472cccf6.4f4b8905c470d4ef5be393d5d6deefbf.jpeg?null=&odnHeight=580&odnWidth=580&odnBg=FFFFFF;Higiene y Bienestar > Alimento Humedo;https://super.lider.cl/browse/mascotas/gato/alimento-humedo/07089592_85723699_39598429;;1;2026-03-17T02:19:49
00780443800328;Alimento Húmedo Gato Adulto Sabor Salmón Pouch, 85 g;;630;1000;True;https://super.lider.cl/ip/gato/00780443800328;https://i5.walmartimages.cl/asr/e86a1af2-c4bf-4f85-9cf9-7e36a0209417.ecfe29572d52b4996a9f92fb7751ef53.jpeg?null=&odnHeight=580&odnWidth=580&odnBg=FFFFFF;Higiene y Bienestar > Alimento Humedo;https://super.lider.cl/browse/mascotas/gato/alimento-humedo/07089592_85723699_39598429;;1;2026-03-17T02:19:49
00779745300148;Alimento Húmedo Gato Adulto Jelly Sabor Carne Pouch, 85 g;;810;9529;True;https://super.lider.cl/ip/gato/00779745300148;https://i5.walmartimages.cl/asr/855a3bcd-36cf-4fec-ad90-ed1c4e348dd9.8dcb3928b4ff4a94c5b26e4f57ec6de0.jpeg?null=&odnHeight=580&odnWidth=580&odnBg=FFFFFF;Higiene y Bienestar > Alimento Humedo;https://super.lider.cl/browse/mascotas/gato/alimento-humedo/07089592_85723699_39598429;;1;2026-03-17T02:19:49
00780257553174;Alimento Húmedo Gato Adulto Trocitos Sabor Salmón Pouch, 85 g;;680;8000;True;https://super.lider.cl/ip/gato/00780257553174;https://i5.walmartimages.cl/asr/ec4f00b5-c86c-41c9-8893-75e97ad3c5f8.8a6094e2a58c21055d77080c5017d729.jpeg?null=&odnHeight=580&odnWidth=580&odnBg=FFFFFF;Higiene y Bienestar > Alimento Humedo;https://super.lider.cl/browse/mascotas/gato/alimento-humedo/07089592_85723699_39598429;;1;2026-03-17T02:19:49
00789100033242;Alimento Húmedo Gato Adulto Super Nutrientes Sabor Carne Pouch, 85 g;;1290;15176;True;https://super.lider.cl/ip/gato/00789100033242;https://i5.walmartimages.cl/asr/5d21598c-b370-4d4b-aaad-0f881d854b5f.445182fadc78a47ddf8ccfcd751a5135.jpeg?null=&odnHeight=580&odnWidth=580&odnBg=FFFFFF;Higiene y Bienestar > Alimento Humedo;https://super.lider.cl/browse/mascotas/gato/alimento-humedo/07089592_85723699_39598429;;1;2026-03-17T02:19:49
00789100033246;Alimento Húmedo Gato Adulto Sabor Salmón, Atún y Pescado Blanco Pouch, 85 g;;1290;15176;True;https://super.lider.cl/ip/gato/00789100033246;https://i5.walmartimages.cl/asr/85f1abce-ee5e-42fc-8cb9-e3dd9c7a362b.27efadda78b52836026450f01cca9d10.jpeg?null=&odnHeight=580&odnWidth=580&odnBg=FFFFFF;Higiene y Bienestar > Alimento Humedo;https://super.lider.cl/browse/mascotas/gato/alimento-humedo/07089592_85723699_39598429;;1;2026-03-17T02:19:49
00780257553411;Alimento Húmedo Gato Adulto Trocitos Sabor Atún Pouch, 85 g;;680;8000;True;https://super.lider.cl/ip/gato/00780257553411;https://i5.walmartimages.cl/asr/10f5745d-3831-4dc1-9af5-199799063589.098a068afe47079a489bd1b4300076ab.jpeg?null=&odnHeight=580&odnWidth=580&odnBg=FFFFFF;Higiene y Bienestar > Alimento Humedo;https://super.lider.cl/browse/mascotas/gato/alimento-humedo/07089592_85723699_39598429;;1;2026-03-17T02:19:49
00780257553398;Alimento Húmedo Gato Adulto Sabor Pechuga de Pollo con Salmón al Jugo Pouch, 85 g;;1250;14706;True;https://super.lider.cl/ip/gato/00780257553398;https://i5.walmartimages.cl/asr/5bbf7b7a-1210-4f21-bf43-ec423a95164f.90e7f2487bb25fb67a398ca050a3f4ea.jpeg?null=&odnHeight=580&odnWidth=580&odnBg=FFFFFF;Higiene y Bienestar > Alimento Humedo;https://super.lider.cl/browse/mascotas/gato/alimento-humedo/07089592_85723699_39598429;;1;2026-03-17T02:19:49
00074674766584;Caldo para Gato de Vacuno, 50 g;;1090;1090;False;https://super.lider.cl/ip/gato/00074674766584;https://i5.walmartimages.cl/asr/aaf5bd40-2171-48dc-99e2-5c172f320117.f1f9fb474564241c0edf951d7a46e919.jpeg?odnHeight=580&odnWidth=580&odnBg=FFFFFF;Higiene y Bienestar > Alimento Humedo;https://super.lider.cl/browse/mascotas/gato/alimento-humedo/07089592_85723699_39598429;;1;2026-03-17T02:19:49
00074674766583;Caldo de Pato para Gato Pouch, 50 g;;1090;1090;False;https://super.lider.cl/ip/gato/00074674766583;https://i5.walmartimages.cl/asr/0455cd50-a9e8-4b55-b9bf-6ad1b86e93cf.4e56ae5f99a56a0dd4860361bdd204bf.jpeg?odnHeight=580&odnWidth=580&odnBg=FFFFFF;Higiene y Bienestar > Alimento Humedo;https://super.lider.cl/browse/mascotas/gato/alimento-humedo/07089592_85723699_39598429;;1;2026-03-17T02:19:49
00074674766582;Caldo de Salmón para Gato Pouch, 50 g;;1090;1090;False;https://super.lider.cl/ip/gato/00074674766582;https://i5.walmartimages.cl/asr/fc8b3e96-6985-4174-a3ac-014487c6ae5b.c1eb41d07f55b1f2ed6345761d91dd79.jpeg?odnHeight=580&odnWidth=580&odnBg=FFFFFF;Higiene y Bienestar > Alimento Humedo;https://super.lider.cl/browse/mascotas/gato/alimento-humedo/07089592_85723699_39598429;;1;2026-03-17T02:19:49
00085595800666;Puré Cremoso Gato Adulto Sabor Atún y Salmón Sachet, 56 g;;2950;52679;True;https://super.lider.cl/ip/gato/00085595800666;https://i5.walmartimages.cl/asr/f1e63ed8-acd0-40a8-918e-5fb51f729c45.08539213693e46bd03bba9957d13bc0d.jpeg?odnHeight=580&odnWidth=580&odnBg=FFFFFF;Higiene y Bienestar > Alimento Humedo;https://super.lider.cl/browse/mascotas/gato/alimento-humedo/07089592_85723699_39598429;;1;2026-03-17T02:19:49
00085595800657;Puré Cremoso Gato Adulto Sabor Pollo Sachet, 56 g;;2950;52679;True;https://super.lider.cl/ip/gato/00085595800657;https://i5.walmartimages.cl/asr/2f5ae63a-91c7-471a-9745-5d1f1c2ff9b3.cc09daeb9320c6932baa45affdbd010b.jpeg?odnHeight=580&odnWidth=580&odnBg=FFFFFF;Higiene y Bienestar > Snack y Premios;https://super.lider.cl/browse/mascotas/gato/snack-y-premios/07089592_85723699_83034796;;1;2026-03-17T02:21:18
00085595800655;Puré Cremoso Gato Adulto Sabor Atún Sachet, 56 g;;2950;52679;True;https://super.lider.cl/ip/gato/00085595800655;https://i5.walmartimages.cl/asr/94a25dc5-7119-4b18-975d-ce100969360a.6bd522cceba1d7055e5ae202900bd20b.jpeg?odnHeight=580&odnWidth=580&odnBg=FFFFFF;Higiene y Bienestar > Snack y Premios;https://super.lider.cl/browse/mascotas/gato/snack-y-premios/07089592_85723699_83034796;;1;2026-03-17T02:21:18
00780445700263;Snack Gato Líquido Variedades Caja, 360 g;;9990;27749;True;https://super.lider.cl/ip/gato/00780445700263;https://i5.walmartimages.cl/asr/94754f0f-c7a5-4139-9cc3-081ba337a76c.9628a361e5fbfb3522eea4fd75ffb70e.jpeg?odnHeight=580&odnWidth=580&odnBg=FFFFFF;Higiene y Bienestar > Snack y Premios;https://super.lider.cl/browse/mascotas/gato/snack-y-premios/07089592_85723699_83034796;;1;2026-03-17T02:21:18
00789100024749;Snack Gato Adulto Dental Sabor Pollo Bolsa, 40 g;;1490;37250;True;https://super.lider.cl/ip/gato/00789100024749;https://i5.walmartimages.cl/asr/ae6070ba-75f9-429f-80ae-fa9addb82288.9f9e2381db7119a381a93330f342a58b.jpeg?null=&odnHeight=580&odnWidth=580&odnBg=FFFFFF;Higiene y Bienestar > Snack y Premios;https://super.lider.cl/browse/mascotas/gato/snack-y-premios/07089592_85723699_83034796;;1;2026-03-17T02:21:18
00065952511111;Galletas Gato Adulto Catnip y Pollo Bolsa, 65 g;;340;19231;True;https://super.lider.cl/ip/gato/00065952511111;https://i5.walmartimages.cl/asr/122f96bb-53b4-4d73-94d3-5cc1d248bce9.c053d5cdfe1459942beb358f808e0a8e.jpeg?null=&odnHeight=580&odnWidth=580&odnBg=FFFFFF;Higiene y Bienestar > Snack y Premios;https://super.lider.cl/browse/mascotas/gato/snack-y-premios/07089592_85723699_83034796;;1;2026-03-17T02:21:18
00780445700262;Snack Gato Líquido Sabor Mix del Mar Caja, 360 g;;9990;27749;True;https://super.lider.cl/ip/gato/00780445700262;https://i5.walmartimages.cl/asr/e177572f-79a6-4b41-824d-0c82a403d8d8.7bc4de8d4978ad56441dc24ca40781e2.jpeg?odnHeight=580&odnWidth=580&odnBg=FFFFFF;Higiene y Bienestar > Snack y Premios;https://super.lider.cl/browse/mascotas/gato/snack-y-premios/07089592_85723699_83034796;;1;2026-03-17T02:21:18
00076506676528;Galleta Rellena Gato Sabor Salmon con Hierba Gatera Caja, g;;1790;22375;True;https://super.lider.cl/ip/gato/00076506676528;https://i5.walmartimages.cl/asr/941b439b-fd7a-4fe7-9c42-18e7f65a1282.cc6cc3a6270f0d4ff2e44fee9df08197.jpeg?null=&odnHeight=580&odnWidth=580&odnBg=FFFFFF;Higiene y Bienestar > Snack y Premios;https://super.lider.cl/browse/mascotas/gato/snack-y-premios/07089592_85723699_83034796;;1;2026-03-17T02:21:18
00789100011757;Snack Gato Adulto Travesuras Original Mix Pollo, Hígado y Pavo Bolsa, 60 g;;1650;27500;True;https://super.lider.cl/ip/gato/00789100011757;https://i5.walmartimages.cl/asr/68631753-b63f-4d36-9e8f-20b6abae7d37.13c5d6bf8944cc890a2d24afa0c988ea.jpeg?null=&odnHeight=580&odnWidth=580&odnBg=FFFFFF;Higiene y Bienestar > Snack y Premios;https://super.lider.cl/browse/mascotas/gato/snack-y-premios/07089592_85723699_83034796;;1;2026-03-17T02:21:18
00076506676524;Galleta Gato con Catnip Sabor Pollo con Hierba Gatera Caja, g;;1790;22375;True;https://super.lider.cl/ip/gato/00076506676524;https://i5.walmartimages.cl/asr/85489810-10b5-46b8-b1ba-36fded9de170.bf54d75acc46388cbb1856aea2aa0f4f.jpeg?null=&odnHeight=580&odnWidth=580&odnBg=FFFFFF;Higiene y Bienestar > Snack y Premios;https://super.lider.cl/browse/mascotas/gato/snack-y-premios/07089592_85723699_83034796;;1;2026-03-17T02:21:18
00076506676526;Galleta Rellena Gato Sabor Salmon con Pollo Caja, g;;1790;22375;True;https://super.lider.cl/ip/gato/00076506676526;https://i5.walmartimages.cl/asr/27ef7c1b-f0a1-426a-8377-c7b39e867910.3ac4408f52bf3ace14482f7028efc6f4.jpeg?null=&odnHeight=580&odnWidth=580&odnBg=FFFFFF;Higiene y Bienestar > Snack y Premios;https://super.lider.cl/browse/mascotas/gato/snack-y-premios/07089592_85723699_83034796;;1;2026-03-17T02:21:18
00779745397380;Snack Gato Adulto Pellet Sabroso Sabor Pollo Bolsa, 80 g;;1890;23625;True;https://super.lider.cl/ip/gato/00779745397380;https://i5.walmartimages.cl/asr/8bd860c5-2a4f-452a-856a-e7c094c95570.f9c4adb149f182fc6fdd86706dd0b67b.jpeg?odnHeight=580&odnWidth=580&odnBg=FFFFFF;Higiene y Bienestar > Snack y Premios;https://super.lider.cl/browse/mascotas/gato/snack-y-premios/07089592_85723699_83034796;;1;2026-03-17T02:21:18
00779745397381;Snack Gato Adulto Pellet Tentador Sabor Carne Bolsa, 80 g;;1890;23625;True;https://super.lider.cl/ip/gato/00779745397381;https://i5.walmartimages.cl/asr/3873e9f5-37f5-43e8-ab25-897a6d769d55.a922e21185ab283fb2052f42dc8a857b.jpeg?odnHeight=580&odnWidth=580&odnBg=FFFFFF;Higiene y Bienestar > Snack y Premios;https://super.lider.cl/browse/mascotas/gato/snack-y-premios/07089592_85723699_83034796;;1;2026-03-17T02:21:18
00076506676858;Snack Gato Cremoso Sabor Cangrejo Bolsa, 60 g;;1790;29833;True;https://super.lider.cl/ip/gato/00076506676858;https://i5.walmartimages.cl/asr/d1a829c6-0f71-44bc-8aac-54d2f268dd6d.db12e8439d2ac03206a9fd98b43dc46b.jpeg?odnHeight=580&odnWidth=580&odnBg=FFFFFF;Higiene y Bienestar > Snack y Premios;https://super.lider.cl/browse/mascotas/gato/snack-y-premios/07089592_85723699_83034796;;1;2026-03-17T02:21:18
00779745397382;Snack Gato Adulto Pellet Delicioso Sabor Salmón Bolsa, 80 g;;1890;23625;True;https://super.lider.cl/ip/gato/00779745397382;https://i5.walmartimages.cl/asr/0b554b7a-e4d3-465b-a26e-41dfdd2b6304.cc4a53cf8a56596a62cedcb97b5d69d8.jpeg?odnHeight=580&odnWidth=580&odnBg=FFFFFF;Higiene y Bienestar > Snack y Premios;https://super.lider.cl/browse/mascotas/gato/snack-y-premios/07089592_85723699_83034796;;1;2026-03-17T02:21:18
00780445700247;Snack Gato Líquido Sabor Pollo Bolsa, g Un;;1990;3316;True;https://super.lider.cl/ip/gato/00780445700247;https://i5.walmartimages.cl/asr/5f0199a3-cd33-44d5-9043-470c8937e897.fef89563b1fca4686b76fd5ddce2160b.jpeg?null=&odnHeight=580&odnWidth=580&odnBg=FFFFFF;Higiene y Bienestar > Snack y Premios;https://super.lider.cl/browse/mascotas/gato/snack-y-premios/07089592_85723699_83034796;;1;2026-03-17T02:21:18
00780445700261;Snack Gato Líquido Mix Pollo Caja, 360 g;;9990;27749;True;https://super.lider.cl/ip/gato/00780445700261;https://i5.walmartimages.cl/asr/1ac450f1-c25b-4ec3-a6e7-5d97b7f7dd6e.37155e88fd56f2154d26ed0f9cd02d9f.jpeg?odnHeight=580&odnWidth=580&odnBg=FFFFFF;Higiene y Bienestar > Snack y Premios;https://super.lider.cl/browse/mascotas/gato/snack-y-premios/07089592_85723699_83034796;;1;2026-03-17T02:21:18
00400823924190;Snack Gato Catstick Conejo y Pato, g;;2290;127222;True;https://super.lider.cl/ip/gato/00400823924190;https://i5.walmartimages.cl/asr/887bfe18-d604-4bab-bfb0-ad165514ef77.4af22dbb3ff854b3d5952888cbfe0afc.jpeg?odnHeight=580&odnWidth=580&odnBg=FFFFFF;Higiene y Bienestar > Snack y Premios;https://super.lider.cl/browse/mascotas/gato/snack-y-premios/07089592_85723699_83034796;;1;2026-03-17T02:21:18
00076506676522;Galleta Gato con Catnip Sabor Salmon Hierba Gatera Caja, g ml;;1790;22375;True;https://super.lider.cl/ip/gato/00076506676522;https://i5.walmartimages.cl/asr/00d60b70-6be0-4452-a357-5a732fd386bb.e161574363ae5960108b347ed6881367.jpeg?null=&odnHeight=580&odnWidth=580&odnBg=FFFFFF;Higiene y Bienestar > Snack y Premios;https://super.lider.cl/browse/mascotas/gato/snack-y-premios/07089592_85723699_83034796;;1;2026-03-17T02:21:18
00076506676859;Snack Gato Cremoso Sabor Salmón con Matababi Bolsa, g;;1790;29833;True;https://super.lider.cl/ip/gato/00076506676859;https://i5.walmartimages.cl/asr/94aca496-b3b6-4411-8cb4-c2ebe2757eb7.ec6edd03e6e74d832c7dacee4bc49869.jpeg?odnHeight=580&odnWidth=580&odnBg=FFFFFF;Higiene y Bienestar > Snack y Premios;https://super.lider.cl/browse/mascotas/gato/snack-y-premios/07089592_85723699_83034796;;1;2026-03-17T02:21:18
00065952511110;Galletas Gato Adulto Catnip y Atún Bolsa, 65 g;;340;19231;True;https://super.lider.cl/ip/gato/00065952511110;https://i5.walmartimages.cl/asr/f6582b8e-7e06-4386-867e-6d342ca238c2.e130912fcf1f8e316f70965e19769ea4.jpeg?null=&odnHeight=580&odnWidth=580&odnBg=FFFFFF;Higiene y Bienestar > Snack y Premios;https://super.lider.cl/browse/mascotas/gato/snack-y-premios/07089592_85723699_83034796;;1;2026-03-17T02:21:18
00789100011759;Snack Gato Adulto Travesuras Ocean Mix Camarón, Salmón y Atún Bolsa, 60 g;;1650;27500;True;https://super.lider.cl/ip/gato/00789100011759;https://i5.walmartimages.cl/asr/1394cb2f-fe6e-4dcf-847c-ebe53a2dc173.dfb3b48a86e7f8e706e3680455e0735c.jpeg?null=&odnHeight=580&odnWidth=580&odnBg=FFFFFF;Higiene y Bienestar > Snack y Premios;https://super.lider.cl/browse/mascotas/gato/snack-y-premios/07089592_85723699_83034796;;1;2026-03-17T02:21:18
00400823931219;Snack Gato Catstick Pollo Hierbagatera, g;;2290;127222;True;https://super.lider.cl/ip/gato/00400823931219;https://i5.walmartimages.cl/asr/e4efdb74-9ae4-45fb-960f-38b0ff142d07.60f08dcee134d9b30c1eb03e691a283e.jpeg?odnHeight=580&odnWidth=580&odnBg=FFFFFF;Higiene y Bienestar > Snack y Premios;https://super.lider.cl/browse/mascotas/gato/snack-y-premios/07089592_85723699_83034796;;1;2026-03-17T02:21:18
00780460346592;Snack Gato catnip Grain Free, 60 g;;340;25625;True;https://super.lider.cl/ip/gato/00780460346592;https://i5.walmartimages.cl/asr/afdebf2a-5ed9-489a-8608-26abd46c6c50.4a1ede1255ea5d72beb694a9652cd50f.jpeg?odnHeight=580&odnWidth=580&odnBg=FFFFFF;Higiene y Bienestar > Snack y Premios;https://super.lider.cl/browse/mascotas/gato/snack-y-premios/07089592_85723699_83034796;;1;2026-03-17T02:21:18
00400823939314;Snack Gato Catstick Salmón, g;;2290;127222;True;https://super.lider.cl/ip/gato/00400823939314;https://i5.walmartimages.cl/asr/b11cf357-2206-4d07-a15f-e362171589f9.2be7acae714f17029fbedabb349c2cd0.jpeg?odnHeight=580&odnWidth=580&odnBg=FFFFFF;Higiene y Bienestar > Snack y Premios;https://super.lider.cl/browse/mascotas/gato/snack-y-premios/07089592_85723699_83034796;;1;2026-03-17T02:21:18
00076506676529;Galleta Rellena Gato Sabor Atún con Pollo, g;;1790;22375;True;https://super.lider.cl/ip/gato/00076506676529;https://i5.walmartimages.cl/asr/f329eadd-8f3d-45bf-8dc5-29affd9b6ea1.f1f3c36244dc6bb36723a9948f2e0eb3.jpeg?null=&odnHeight=580&odnWidth=580&odnBg=FFFFFF;Higiene y Bienestar > Snack y Premios;https://super.lider.cl/browse/mascotas/gato/snack-y-premios/07089592_85723699_83034796;;1;2026-03-17T02:21:18
00076506676857;Snack Gato Cremoso Sabor Atún Bolsa, g;;1790;29833;True;https://super.lider.cl/ip/gato/00076506676857;https://i5.walmartimages.cl/asr/fb2f81a8-73c3-4038-88ce-cf48ebb61cba.96c63584134554645d01da9f9d1ee94c.jpeg?odnHeight=580&odnWidth=580&odnBg=FFFFFF;Higiene y Bienestar > Snack y Premios;https://super.lider.cl/browse/mascotas/gato/snack-y-premios/07089592_85723699_83034796;;1;2026-03-17T02:21:18
00076506676523;Galleta Gato con Catnip Sabor Atún con Hierba Gatera Caja, g;;1790;22375;True;https://super.lider.cl/ip/gato/00076506676523;https://i5.walmartimages.cl/asr/9de828df-f140-4e80-9659-f60694bf6bee.27402d3154f7eac1910168b62907901b.jpeg?null=&odnHeight=580&odnWidth=580&odnBg=FFFFFF;Higiene y Bienestar > Snack y Premios;https://super.lider.cl/browse/mascotas/gato/snack-y-premios/07089592_85723699_83034796;;1;2026-03-17T02:21:18
00076506676856;Snack Gato Cremoso Sabor Camarón Bolsa, 60 g;;1790;29833;True;https://super.lider.cl/ip/gato/00076506676856;https://i5.walmartimages.cl/asr/c070e7b7-7597-468a-afb8-1ca437655ea8.3db7a596fa789f801bedf10b47bc1900.jpeg?odnHeight=580&odnWidth=580&odnBg=FFFFFF;Higiene y Bienestar > Snack y Premios;https://super.lider.cl/browse/mascotas/gato/snack-y-premios/07089592_85723699_83034796;;1;2026-03-17T02:21:18
00076506676527;Galleta Rellena Gato Sabor Atún con Queso, 80 g;;1790;22375;True;https://super.lider.cl/ip/gato/00076506676527;https://i5.walmartimages.cl/asr/34639191-550e-4844-a9ec-588be6b47c14.9da46350b310ddaedb7dd04376ae3b14.jpeg?null=&odnHeight=580&odnWidth=580&odnBg=FFFFFF;Higiene y Bienestar > Snack y Premios;https://super.lider.cl/browse/mascotas/gato/snack-y-premios/07089592_85723699_83034796;;1;2026-03-17T02:21:18
00780445700249;Snack Gato Líquido Salmón Atún Bolsa, g g;;1990;3316;True;https://super.lider.cl/ip/gato/00780445700249;https://i5.walmartimages.cl/asr/1ecc5ab6-7fe2-4e6b-b41d-4fa7b8c26725.be5815ff12a1f08bb60c3d4d254bc52c.jpeg?null=&odnHeight=580&odnWidth=580&odnBg=FFFFFF;Higiene y Bienestar > Snack y Premios;https://super.lider.cl/browse/mascotas/gato/snack-y-premios/07089592_85723699_83034796;;1;2026-03-17T02:21:18
00780445700248;Snack Gato Líquido Sabor Atún Bolsa, g g;;1990;3316;True;https://super.lider.cl/ip/gato/00780445700248;https://i5.walmartimages.cl/asr/bfc21913-648e-4dd7-bf32-16ff685fa250.ce25883f61c5654a7816c5953c728194.jpeg?null=&odnHeight=580&odnWidth=580&odnBg=FFFFFF;Higiene y Bienestar > Snack y Premios;https://super.lider.cl/browse/mascotas/gato/snack-y-premios/07089592_85723699_83034796;;1;2026-03-17T02:21:18
00074674766598;Alimento Húmedo para Gato Tiritas Suaves de Salmón, 65 g;;1990;1990;False;https://super.lider.cl/ip/gato/00074674766598;https://i5.walmartimages.cl/asr/18fb1d47-d2a1-430d-94de-cda7dc43188e.e47c6ad43274e58b6496137f11265a43.jpeg?odnHeight=580&odnWidth=580&odnBg=FFFFFF;Higiene y Bienestar > Snack y Premios;https://super.lider.cl/browse/mascotas/gato/snack-y-premios/07089592_85723699_83034796;;1;2026-03-17T02:21:18
00074674766597;Alimento Húmedo para Gato Tiritas Suaves de Vacuno, 65 g;;1990;1990;False;https://super.lider.cl/ip/gato/00074674766597;https://i5.walmartimages.cl/asr/8db16f9c-e3a2-4b84-8f83-955eea4b3099.52d3c34dfbf89c9afafdac1ec36baf5b.jpeg?odnHeight=580&odnWidth=580&odnBg=FFFFFF;Higiene y Bienestar > Snack y Premios;https://super.lider.cl/browse/mascotas/gato/snack-y-premios/07089592_85723699_83034796;;1;2026-03-17T02:21:18
00885139300421;Snacks Húmedo Gato Sabor Maguro Y Vieras, 48 g;;990;41667;True;https://super.lider.cl/ip/gato/00885139300421;https://i5.walmartimages.cl/asr/0dc504ca-45fb-43c9-9555-3f0f259b355f.31a4c6d944688e7a19f141083c7eac9b.jpeg?null=&odnHeight=580&odnWidth=580&odnBg=FFFFFF;Higiene y Bienestar > Snack y Premios;https://super.lider.cl/browse/mascotas/gato/snack-y-premios/07089592_85723699_83034796;;1;2026-03-17T02:21:18
00885139300418;Snacks Humedo Gato sabor Salmon y Queso, 48 g;;990;41667;True;https://super.lider.cl/ip/gato/00885139300418;https://i5.walmartimages.cl/asr/12f16789-db8b-4257-8b3e-6006ca765e25.d9f1e6a851caa0258a7ceded72b25dc7.jpeg?null=&odnHeight=580&odnWidth=580&odnBg=FFFFFF;Higiene y Bienestar > Snack y Premios;https://super.lider.cl/browse/mascotas/gato/snack-y-premios/07089592_85723699_83034796;;1;2026-03-17T02:21:18
00074674766596;Alimento Húmedo para Gato Tiritas Suaves de Pato, 65 g;;1990;1990;False;https://super.lider.cl/ip/gato/00074674766596;https://i5.walmartimages.cl/asr/501ac99c-1443-4bac-8344-d757a124b077.c665e85b204cf550f71d82c64a185147.jpeg?odnHeight=580&odnWidth=580&odnBg=FFFFFF;Higiene y Bienestar > Snack y Premios;https://super.lider.cl/browse/mascotas/gato/snack-y-premios/07089592_85723699_83034796;;1;2026-03-17T02:21:18
00780465625207;Puré Cremoso Gato Adulto Sabor Atún y Salmón Sachet, 70 g;;430;2150;True;https://super.lider.cl/ip/gato/00780465625207;https://i5.walmartimages.cl/asr/8c154af8-7277-4c60-9593-36cf9daac6ec.fb6303730eb59ed4304a316b4731438f.jpeg?null=&odnHeight=580&odnWidth=580&odnBg=FFFFFF;Higiene y Bienestar > Snack y Premios;https://super.lider.cl/browse/mascotas/gato/snack-y-premios/07089592_85723699_83034796;;1;2026-03-17T02:21:18
00885139300415;Snacks Húmedo Gato Sabor Pollo Y Atun, 48 g;;990;41667;True;https://super.lider.cl/ip/gato/00885139300415;https://i5.walmartimages.cl/asr/cd5cdf1c-82c6-4af6-baef-9d8c20f44de8.0226fbbdb221c10987b4a193e67b8d38.jpeg?null=&odnHeight=580&odnWidth=580&odnBg=FFFFFF;Higiene y Bienestar > Snack y Premios;https://super.lider.cl/browse/mascotas/gato/snack-y-premios/07089592_85723699_83034796;;1;2026-03-17T02:21:18
00780465625208;Puré Cremoso Gato Adulto Sabor Atún Sachet, 70 g;;430;2150;True;https://super.lider.cl/ip/gato/00780465625208;https://i5.walmartimages.cl/asr/546ff01f-dc79-4828-bd29-22786a7cefbf.b25805b1c319372926542c38529c25e5.jpeg?null=&odnHeight=580&odnWidth=580&odnBg=FFFFFF;Higiene y Bienestar > Snack y Premios;https://super.lider.cl/browse/mascotas/gato/snack-y-premios/07089592_85723699_83034796;;1;2026-03-17T02:21:18
00074674766581;Cream Snack Mix Gato 30 un, 420 g;;10990;10990;False;https://super.lider.cl/ip/gato/00074674766581;https://i5.walmartimages.cl/asr/03dd0fb5-925b-4c6c-97b3-789fc006c30d.39043540ee48eecef7227c4d3f397b6e.jpeg?odnHeight=580&odnWidth=580&odnBg=FFFFFF;Higiene y Bienestar > Snack y Premios;https://super.lider.cl/browse/mascotas/gato/snack-y-premios/07089592_85723699_83034796;;1;2026-03-17T02:21:18
00072016779978;Snack Gatos Cubitos de Salmón, 50 g;;2890;5780;True;https://super.lider.cl/ip/gato/00072016779978;https://i5.walmartimages.cl/asr/6af81e0e-3f98-480b-a5b2-e2ad68273805.49182f6c54b0d0312e15bd5ed91b4486.jpeg?odnHeight=580&odnWidth=580&odnBg=FFFFFF;Higiene y Bienestar > Snack y Premios;https://super.lider.cl/browse/mascotas/gato/snack-y-premios/07089592_85723699_83034796;;1;2026-03-17T02:21:18
00072016779983;Snack Gatos Choritos, 50 g;;2890;5780;True;https://super.lider.cl/ip/gato/00072016779983;https://i5.walmartimages.cl/asr/54a47f11-64d6-49d7-816f-247895eb4321.c9d3195d9fa3d2a97fe731c7aca4622e.jpeg?odnHeight=580&odnWidth=580&odnBg=FFFFFF;Higiene y Bienestar > Snack y Premios;https://super.lider.cl/browse/mascotas/gato/snack-y-premios/07089592_85723699_83034796;;1;2026-03-17T02:21:18
00072016779975;Sazonador Cerdo Gatos, 70 g;;4390;6271;True;https://super.lider.cl/ip/gato/00072016779975;https://i5.walmartimages.cl/asr/4e8f31a1-2017-4dbc-a5d9-c1aa069c6046.5bb39369c33070442d6678ae1ad9a74b.jpeg?odnHeight=580&odnWidth=580&odnBg=FFFFFF;Higiene y Bienestar > Snack y Premios;https://super.lider.cl/browse/mascotas/gato/snack-y-premios/07089592_85723699_83034796;;1;2026-03-17T02:21:18
00780465625209;Puré Cremoso Gato Adulto Sabor Salmón Sachet, 70 g;;430;2150;True;https://super.lider.cl/ip/gato/00780465625209;https://i5.walmartimages.cl/asr/6f941904-9a5f-4384-b922-9e4d574818e5.dfd6f210d87368486f7d350797805e21.jpeg?null=&odnHeight=580&odnWidth=580&odnBg=FFFFFF;Higiene y Bienestar > Snack y Premios;https://super.lider.cl/browse/mascotas/gato/snack-y-premios/07089592_85723699_83034796;;1;2026-03-17T02:21:18
00085595800666;Puré Cremoso Gato Adulto Sabor Atún y Salmón Sachet, 56 g;;2950;52679;True;https://super.lider.cl/ip/gato/00085595800666;https://i5.walmartimages.cl/asr/f1e63ed8-acd0-40a8-918e-5fb51f729c45.08539213693e46bd03bba9957d13bc0d.jpeg?odnHeight=580&odnWidth=580&odnBg=FFFFFF;Higiene y Bienestar > Snack y Premios;https://super.lider.cl/browse/mascotas/gato/snack-y-premios/07089592_85723699_83034796?page=2;;2;2026-03-17T02:21:41
00780464753084;Alimento para Conejos Bolsa, 1 Kg;;2390;2390;False;https://super.lider.cl/ip/otras-mascotas/00780464753084;https://i5.walmartimages.cl/asr/c8b79a2c-d5fc-4887-8ea8-220d6e7dacb2.9bb1ec51561e9f2f0d5dd9d1a07774e1.jpeg?null=&odnHeight=580&odnWidth=580&odnBg=FFFFFF;Higiene y Bienestar > Alimento Conejo;https://super.lider.cl/browse/mascotas/otras-mascotas/alimento-conejo/07089592_42714284_49619948;;1;2026-03-17T02:22:08
00780464753078;Alimento Alpiste Bolsa, 1 Kg;;3390;3390;False;https://super.lider.cl/ip/otras-mascotas/00780464753078;https://i5.walmartimages.cl/asr/59c04758-702f-4e75-8cdf-288f4b0c8e1c.788e9545d67e9a1ec00fcd8cb425c178.jpeg?null=&odnHeight=580&odnWidth=580&odnBg=FFFFFF;Higiene y Bienestar > Alimento Pajaro;https://super.lider.cl/browse/mascotas/otras-mascotas/alimento-pajaro/07089592_42714284_59337773;;1;2026-03-17T02:22:35
00780464753080;Alimento para Catitas Bolsa, 1 Kg;;3990;3990;False;https://super.lider.cl/ip/otras-mascotas/00780464753080;https://i5.walmartimages.cl/asr/0bc8380c-2a1d-4f8c-9261-cac6f74fc4a9.f4839a8c977bb6f0aca2d9ea2b8739c0.jpeg?null=&odnHeight=580&odnWidth=580&odnBg=FFFFFF;Higiene y Bienestar > Alimento Pajaro;https://super.lider.cl/browse/mascotas/otras-mascotas/alimento-pajaro/07089592_42714284_59337773;;1;2026-03-17T02:22:35
00780464753087;Alimento para Hámsters y Jerbos Bolsa, 1 Kg;;3990;3990;False;https://super.lider.cl/ip/otras-mascotas/00780464753087;https://i5.walmartimages.cl/asr/24869568-f82e-43d0-bd35-c73c589656eb.143e572fdcb4a8d16aac41d146ac8ca0.jpeg?null=&odnHeight=580&odnWidth=580&odnBg=FFFFFF;Higiene y Bienestar > Alimento Roedor;https://super.lider.cl/browse/mascotas/otras-mascotas/alimento-roedor/07089592_42714284_53427902;;1;2026-03-17T02:23:01
00780410056202;Alimento para Hámsters y Jerbos Bolsa, 500 gr;;2090;4180;True;https://super.lider.cl/ip/otras-mascotas/00780410056202;https://i5.walmartimages.cl/asr/97fa3cdd-d005-41e0-bf78-22ef748edcfe.a801f1f36acf5e59bb0f9fca72817bc8.jpeg?null=&odnHeight=580&odnWidth=580&odnBg=FFFFFF;Higiene y Bienestar > Alimento Roedor;https://super.lider.cl/browse/mascotas/otras-mascotas/alimento-roedor/07089592_42714284_53427902;;1;2026-03-17T02:23:01
00063424000439;Arena Sanitaria para Gato Aglutinante con Aroma a Lavanda Bolsa, 9 Kg;;1210;10890;True;https://super.lider.cl/ip/higiene-y-bienestar/00063424000439;https://i5.walmartimages.cl/asr/f7e6e282-3cc7-41ee-8dfa-9611dc039ebf.e5ee87da2e6b84d6a60ff69ac087c818.jpeg?null=&odnHeight=580&odnWidth=580&odnBg=FFFFFF;Higiene y Bienestar > Arena para Gato;https://super.lider.cl/browse/mascotas/higiene-y-bienestar/arena-para-gato/07089592_02342029_67185424;;1;2026-03-17T02:23:29
00780460346503;Arena Sanitaria para Gato Aglutinante con Aroma a Lavanda Bolsa, 2 Kg;;300;3290;True;https://super.lider.cl/ip/higiene-y-bienestar/00780460346503;https://i5.walmartimages.cl/asr/d4a6d150-91bb-463d-9b1e-1640870aca39.fa9e3eeb4186f98296a4676125e5005b.jpeg?null=&odnHeight=580&odnWidth=580&odnBg=FFFFFF;Higiene y Bienestar > Arena para Gato;https://super.lider.cl/browse/mascotas/higiene-y-bienestar/arena-para-gato/07089592_02342029_67185424;;1;2026-03-17T02:23:29
00780460346530;Arena Aglutinante Aroma Lavanda, 20 kg;;999;19990;True;https://super.lider.cl/ip/higiene-y-bienestar/00780460346530;https://i5.walmartimages.cl/asr/e2dc7cf0-23ec-4d15-91ed-840a45325906.2c03f1ee886e78a17d0bcbbc82ced794.jpeg?null=&odnHeight=580&odnWidth=580&odnBg=FFFFFF;Higiene y Bienestar > Arena para Gato;https://super.lider.cl/browse/mascotas/higiene-y-bienestar/arena-para-gato/07089592_02342029_67185424;;1;2026-03-17T02:23:29
00780550500942;Arena Sanitaria para Gato Aglutinante Bolsa, 9 Kg;;1272;13490;True;https://super.lider.cl/ip/higiene-y-bienestar/00780550500942;https://i5.walmartimages.cl/asr/9b4410a3-036e-4d21-946c-c5da6d9b23fd.5b99b2760cd108d6e4ef0b4f7cf52175.jpeg?null=&odnHeight=580&odnWidth=580&odnBg=FFFFFF;Higiene y Bienestar > Arena para Gato;https://super.lider.cl/browse/mascotas/higiene-y-bienestar/arena-para-gato/07089592_02342029_67185424;;1;2026-03-17T02:23:29
00074674766576;Arena Sanitaria Para Gato Café Bolsa, 9 kg;;1210;10890;True;https://super.lider.cl/ip/higiene-y-bienestar/00074674766576;https://i5.walmartimages.cl/asr/734958c6-e268-41e7-b1a9-0c60bec069ae.a1d44233609650856686d00183882132.jpeg?odnHeight=580&odnWidth=580&odnBg=FFFFFF;Higiene y Bienestar > Arena para Gato;https://super.lider.cl/browse/mascotas/higiene-y-bienestar/arena-para-gato/07089592_02342029_67185424;;1;2026-03-17T02:23:29
00063424000420;Arena Sanitaria para Gato Aglutinante con Aroma a Lavanda Bolsa, 4 Kg;;5990;5990;False;https://super.lider.cl/ip/higiene-y-bienestar/00063424000420;https://i5.walmartimages.cl/asr/54cd8695-7a2a-4975-84ad-3a2aa8d186c6.45be57c49060a4ce34d75ab0a7fc068a.jpeg?null=&odnHeight=580&odnWidth=580&odnBg=FFFFFF;Higiene y Bienestar > Arena para Gato;https://super.lider.cl/browse/mascotas/higiene-y-bienestar/arena-para-gato/07089592_02342029_67185424;;1;2026-03-17T02:23:29
00780460346528;Arena Aglutinante Aroma Café, 20 kg;;1000;19990;True;https://super.lider.cl/ip/higiene-y-bienestar/00780460346528;https://i5.walmartimages.cl/asr/0017b34a-e198-40a7-bf25-419cb98c2794.449dc87650fe9dfc1b1797a8781569ec.jpeg?null=&odnHeight=580&odnWidth=580&odnBg=FFFFFF;Higiene y Bienestar > Arena para Gato;https://super.lider.cl/browse/mascotas/higiene-y-bienestar/arena-para-gato/07089592_02342029_67185424;;1;2026-03-17T02:23:29
00780460346516;Arena Sanitaria para Gato Aglutinante con Aroma a Lavanda Bolsa, 10 kg;;1289;14490;True;https://super.lider.cl/ip/higiene-y-bienestar/00780460346516;https://i5.walmartimages.cl/asr/61f2eb84-b973-4de8-a4fb-c0938c17a9b6.34d58547cf0cbb7b4b2e9a5298b9b1fd.jpeg?null=&odnHeight=580&odnWidth=580&odnBg=FFFFFF;Higiene y Bienestar > Arena para Gato;https://super.lider.cl/browse/mascotas/higiene-y-bienestar/arena-para-gato/07089592_02342029_67185424;;1;2026-03-17T02:23:29
00780460346511;Arena Sanitaria para Gato Aglutinante con Aroma a Café Bolsa, 2 Kg;;300;3290;True;https://super.lider.cl/ip/higiene-y-bienestar/00780460346511;https://i5.walmartimages.cl/asr/2a2837d7-2124-4fb0-8f70-3789cc79f7fe.4cb709be3eca156bb9685416c89d3e18.jpeg?null=&odnHeight=580&odnWidth=580&odnBg=FFFFFF;Higiene y Bienestar > Arena para Gato;https://super.lider.cl/browse/mascotas/higiene-y-bienestar/arena-para-gato/07089592_02342029_67185424;;1;2026-03-17T02:23:29
00780460346514;Arena Sanitaria para Gato Aglutinante Bolsa, 10 kg;;1289;14490;True;https://super.lider.cl/ip/higiene-y-bienestar/00780460346514;https://i5.walmartimages.cl/asr/b6228a90-cd47-4ae4-9f4b-2009db66e541.4af5e2e6601d129b217c49c3d7ea67dc.jpeg?null=&odnHeight=580&odnWidth=580&odnBg=FFFFFF;Higiene y Bienestar > Arena para Gato;https://super.lider.cl/browse/mascotas/higiene-y-bienestar/arena-para-gato/07089592_02342029_67185424;;1;2026-03-17T02:23:29
00780464753165;Arena Sanitaria para Gato Bolsa, 4 Kg;;1297;5190;True;https://super.lider.cl/ip/higiene-y-bienestar/00780464753165;https://i5.walmartimages.cl/asr/e58a7f7e-0957-4202-9c25-15b113ef2240.b6050c6b9f27423c492f337ea0db313f.jpeg?null=&odnHeight=580&odnWidth=580&odnBg=FFFFFF;Higiene y Bienestar > Arena para Gato;https://super.lider.cl/browse/mascotas/higiene-y-bienestar/arena-para-gato/07089592_02342029_67185424;;1;2026-03-17T02:23:29
00780460346502;Arena Aglutinante Aroma Natural, 4 kg;;1497;5990;True;https://super.lider.cl/ip/higiene-y-bienestar/00780460346502;https://i5.walmartimages.cl/asr/69d3058d-7b84-47c7-bd10-36481b4cec5c.1e4b6d918fdefd385e1a0f94b2e47b3e.jpeg?null=&odnHeight=580&odnWidth=580&odnBg=FFFFFF;Higiene y Bienestar > Arena para Gato;https://super.lider.cl/browse/mascotas/higiene-y-bienestar/arena-para-gato/07089592_02342029_67185424;;1;2026-03-17T02:23:29
00074674766587;Arena Sanitaria Aglutinante Café, 2 kg;;2990;2990;False;https://super.lider.cl/ip/higiene-y-bienestar/00074674766587;https://i5.walmartimages.cl/asr/99e7b311-b955-4095-afc6-8ef644ae0476.88c3cac06c13975d2d1bf9693bb0d100.jpeg?null=&odnHeight=580&odnWidth=580&odnBg=FFFFFF;Higiene y Bienestar > Arena para Gato;https://super.lider.cl/browse/mascotas/higiene-y-bienestar/arena-para-gato/07089592_02342029_67185424;;1;2026-03-17T02:23:29
00074674766575;Arena Sanitaria para Gato Aglutinante con Aroma a Café Bolsa, 4 kg;;1498;5990;True;https://super.lider.cl/ip/higiene-y-bienestar/00074674766575;https://i5.walmartimages.cl/asr/d5356b2f-39c7-45ae-b3bf-5a24e4e1ea08.d2c6c5ccb5392b0fa3fe36ff48b511b3.jpeg?null=&odnHeight=580&odnWidth=580&odnBg=FFFFFF;Higiene y Bienestar > Arena para Gato;https://super.lider.cl/browse/mascotas/higiene-y-bienestar/arena-para-gato/07089592_02342029_67185424;;1;2026-03-17T02:23:29
00780550501169;Arena Sanitaria para Gato Aglutinante con Aroma a Lavanda Bolsa, 4 kg;;1200;7690;True;https://super.lider.cl/ip/higiene-y-bienestar/00780550501169;https://i5.walmartimages.cl/asr/097c28db-c411-4f7a-9f93-af2d0dd1ed17.5d8dfeba7f58a124a2b430dfe99ef220.jpeg?null=&odnHeight=580&odnWidth=580&odnBg=FFFFFF;Higiene y Bienestar > Arena para Gato;https://super.lider.cl/browse/mascotas/higiene-y-bienestar/arena-para-gato/07089592_02342029_67185424;;1;2026-03-17T02:23:29
00780550500941;Arena Sanitaria para Gato Aglutinante, 4 Kg;;1200;7690;True;https://super.lider.cl/ip/higiene-y-bienestar/00780550500941;https://i5.walmartimages.cl/asr/fa045fff-f44c-404f-a25a-40b4d6ae8c83.1b706706373813a5a36fbc4a948d9f9a.jpeg?null=&odnHeight=580&odnWidth=580&odnBg=FFFFFF;Higiene y Bienestar > Arena para Gato;https://super.lider.cl/browse/mascotas/higiene-y-bienestar/arena-para-gato/07089592_02342029_67185424;;1;2026-03-17T02:23:29
00063384310608;Arena Sanitaria para Gato Litter Pearls Micro Crystals Bolsa, 3,18 Kg;;4682;14890;True;https://super.lider.cl/ip/higiene-y-bienestar/00063384310608;https://i5.walmartimages.cl/asr/2fb65590-d018-4f6d-9c5e-0b6ad478bdd5.a864f939d4d520f7f31b6465db209429.jpeg?null=&odnHeight=580&odnWidth=580&odnBg=FFFFFF;Higiene y Bienestar > Arena para Gato;https://super.lider.cl/browse/mascotas/higiene-y-bienestar/arena-para-gato/07089592_02342029_67185424;;1;2026-03-17T02:23:29
00065952511107;Cristales Sanitarios para Gato Silica Gel Bolsa, 2 Kg;;9790;9790;False;https://super.lider.cl/ip/higiene-y-bienestar/00065952511107;https://i5.walmartimages.cl/asr/6f1e5eea-21b9-42e4-aab9-53cdfa23a839.12f069eeea0385870cec234764f0e005.jpeg?null=&odnHeight=580&odnWidth=580&odnBg=FFFFFF;Higiene y Bienestar > Arena para Gato;https://super.lider.cl/browse/mascotas/higiene-y-bienestar/arena-para-gato/07089592_02342029_67185424;;1;2026-03-17T02:23:29
00074674766577;Arena Sanitaria Para Gato Natural, 4 kg;;5990;5990;False;https://super.lider.cl/ip/higiene-y-bienestar/00074674766577;https://i5.walmartimages.cl/asr/b5203771-d1c7-4eae-b32a-df7faa3bef8f.c3161f5af3951ee34e0d47a688c77ce2.jpeg?null=&odnHeight=580&odnWidth=580&odnBg=FFFFFF;Higiene y Bienestar > Arena para Gato;https://super.lider.cl/browse/mascotas/higiene-y-bienestar/arena-para-gato/07089592_02342029_67185424;;1;2026-03-17T02:23:29
00780257553273;Arena Sanitaria para Gato No Aglutinante Bolsa, 4 Kg;;2373;9490;True;https://super.lider.cl/ip/higiene-y-bienestar/00780257553273;https://i5.walmartimages.cl/asr/862f97c7-0ef5-48e9-b26a-d368d971bccb.e3dda78e38ac4a8c1bac82843bf87a14.jpeg?null=&odnHeight=580&odnWidth=580&odnBg=FFFFFF;Higiene y Bienestar > Arena para Gato;https://super.lider.cl/browse/mascotas/higiene-y-bienestar/arena-para-gato/07089592_02342029_67185424;;1;2026-03-17T02:23:29
00780550501196;Arena Sanitaria Eco De Maiz Para Gatos 5 Litros Traper, 5 L;;2698;13490;True;https://super.lider.cl/ip/higiene-y-bienestar/00780550501196;https://i5.walmartimages.cl/asr/9f5a2367-9086-4540-8010-e3639723cfb8.528a9377f129d67af7a357c4a3645dd2.jpeg?odnHeight=580&odnWidth=580&odnBg=FFFFFF;Higiene y Bienestar > Arena para Gato;https://super.lider.cl/browse/mascotas/higiene-y-bienestar/arena-para-gato/07089592_02342029_67185424;;1;2026-03-17T02:23:29
00780460346525;Arena Sanitaria para Gato Aglutinante con Aroma a Café Bolsa, 10 kg;;1289;14490;True;https://super.lider.cl/ip/higiene-y-bienestar/00780460346525;https://i5.walmartimages.cl/asr/58a8b2d7-972b-4592-82ba-6e7298f7c72f.b766a35e08eb9b517986fddf80d13bea.jpeg?null=&odnHeight=580&odnWidth=580&odnBg=FFFFFF;Higiene y Bienestar > Arena para Gato;https://super.lider.cl/browse/mascotas/higiene-y-bienestar/arena-para-gato/07089592_02342029_67185424;;1;2026-03-17T02:23:29
00104183841350;Bolsa Para Desecho de Mascota, 1 Un;;990;990;False;https://super.lider.cl/ip/higiene-y-bienestar/00104183841350;https://i5.walmartimages.cl/asr/43ae07a5-be6b-44d2-8d25-13bf2abc2518.419aa6d4909e22134bf6c8e8666f2aa0.jpeg?null=&odnHeight=580&odnWidth=580&odnBg=FFFFFF;Higiene y Bienestar > Bolsas y Accesorios Sanitarios;https://super.lider.cl/browse/mascotas/higiene-y-bienestar/bolsas-y-accesorios-sanitarios/07089592_02342029_52790901;;1;2026-03-17T02:23:57
00074674766589;Rollo Bolsas Sanitarias, 1 Un;;550;550;False;https://super.lider.cl/ip/higiene-y-bienestar/00074674766589;https://i5.walmartimages.cl/asr/25ac6119-d7e4-4ef7-9185-bc9d04c4be3a.f9222fdbdf0c34d123cf372dab54706b.jpeg?null=&odnHeight=580&odnWidth=580&odnBg=FFFFFF;Higiene y Bienestar > Bolsas y Accesorios Sanitarios;https://super.lider.cl/browse/mascotas/higiene-y-bienestar/bolsas-y-accesorios-sanitarios/07089592_02342029_52790901;;1;2026-03-17T02:23:57
00065952511101;Pads de Entrenamiento para Perro M 60x60 cm, 30 Un;;8990;8990;False;https://super.lider.cl/ip/higiene-y-bienestar/00065952511101;https://i5.walmartimages.cl/asr/931f027e-7455-4876-b3f7-0027e37470d6.64916341be1b242b08f245a1fa1efc0d.jpeg?null=&odnHeight=580&odnWidth=580&odnBg=FFFFFF;Higiene y Bienestar > Bolsas y Accesorios Sanitarios;https://super.lider.cl/browse/mascotas/higiene-y-bienestar/bolsas-y-accesorios-sanitarios/07089592_02342029_52790901;;1;2026-03-17T02:23:57
00780000600510;Antiparasitario para Perro Pipeta Externa Raza Mediana, 1 Un;;4590;4590;False;https://super.lider.cl/ip/higiene-y-bienestar/00780000600510;https://i5.walmartimages.cl/asr/f4e2e993-4a06-4dc4-b65c-0d89970ccfa1.017ae9434f35cdf4e43041ee3c04d6a1.jpeg?null=&odnHeight=580&odnWidth=580&odnBg=FFFFFF;Higiene y Bienestar > Bolsas y Accesorios Sanitarios;https://super.lider.cl/browse/mascotas/higiene-y-bienestar/bolsas-y-accesorios-sanitarios/07089592_02342029_52790901;;1;2026-03-17T02:23:57
00074674766588;Pads de Entrenamiento para Perro XL 90x60 cm, 30 Un;;11990;11990;False;https://super.lider.cl/ip/higiene-y-bienestar/00074674766588;https://i5.walmartimages.cl/asr/7c941fe2-9bd9-43ec-82c6-3bbb6c1d16e2.caaa37c14c73a05e653d68e5678b062e.jpeg?null=&odnHeight=580&odnWidth=580&odnBg=FFFFFF;Higiene y Bienestar > Bolsas y Accesorios Sanitarios;https://super.lider.cl/browse/mascotas/higiene-y-bienestar/bolsas-y-accesorios-sanitarios/07089592_02342029_52790901;;1;2026-03-17T02:23:57
00065952511106;Pads de Entrenamiento para Perro con Carbon Activo XL 90x60 cm, 30 Un;;13890;13890;False;https://super.lider.cl/ip/higiene-y-bienestar/00065952511106;https://i5.walmartimages.cl/asr/3e9f8ff0-d2e2-4ffc-9c76-b579ffbffd00.86086a428cd66a1658a2c5747d1536de.jpeg?null=&odnHeight=580&odnWidth=580&odnBg=FFFFFF;Higiene y Bienestar > Bolsas y Accesorios Sanitarios;https://super.lider.cl/browse/mascotas/higiene-y-bienestar/bolsas-y-accesorios-sanitarios/07089592_02342029_52790901;;1;2026-03-17T02:23:57
00780799157324;Pads de Entrenamiento para Perro M 60x60 cm, 10 Un;;3990;3990;False;https://super.lider.cl/ip/higiene-y-bienestar/00780799157324;https://i5.walmartimages.cl/asr/cf302255-389a-41a9-bb53-8b37ea37cca9.1a3e6313c29d31da1c570355b1e0a54e.jpeg?null=&odnHeight=580&odnWidth=580&odnBg=FFFFFF;Higiene y Bienestar > Bolsas y Accesorios Sanitarios;https://super.lider.cl/browse/mascotas/higiene-y-bienestar/bolsas-y-accesorios-sanitarios/07089592_02342029_52790901;;1;2026-03-17T02:23:57
00780799157406;Pala para Arena Sanitaria de Gato, 1 Un;;1490;1490;False;https://super.lider.cl/ip/higiene-y-bienestar/00780799157406;https://i5.walmartimages.cl/asr/9b370fd2-283a-4369-b749-1c2bf057de54.f21da9505a2a71240bb12fda78e93c03.jpeg?odnHeight=580&odnWidth=580&odnBg=FFFFFF;Higiene y Bienestar > Bolsas y Accesorios Sanitarios;https://super.lider.cl/browse/mascotas/higiene-y-bienestar/bolsas-y-accesorios-sanitarios/07089592_02342029_52790901;;1;2026-03-17T02:23:57
00780681002489;Trapero Húmedo Pets X 12 Limón, 1 Un;;1000;3490;True;https://super.lider.cl/ip/higiene-y-bienestar/00780681002489;https://i5.walmartimages.cl/asr/82d06971-7854-4033-aa9f-eb7372603faf.486b5ffe76c91220ce535a3ae65a616b.jpeg?odnHeight=580&odnWidth=580&odnBg=FFFFFF;Higiene y Bienestar > Bolsas y Accesorios Sanitarios;https://super.lider.cl/browse/mascotas/higiene-y-bienestar/bolsas-y-accesorios-sanitarios/07089592_02342029_52790901;;1;2026-03-17T02:23:57
00780681002649;Rodillo Quitapelusas Pets, 1 Un;;1490;1490;False;https://super.lider.cl/ip/higiene-y-bienestar/00780681002649;https://i5.walmartimages.cl/asr/339300cc-f62d-4847-a760-f58ac70bcf16.fc5911443916c52d26e95f6353892a30.jpeg?odnHeight=580&odnWidth=580&odnBg=FFFFFF;Higiene y Bienestar > Bolsas y Accesorios Sanitarios;https://super.lider.cl/browse/mascotas/higiene-y-bienestar/bolsas-y-accesorios-sanitarios/07089592_02342029_52790901;;1;2026-03-17T02:23:57
00078918552285;Pack 4 Bolsas Sanitarias Ecológicas, 1 Un;;2850;2850;False;https://super.lider.cl/ip/higiene-y-bienestar/00078918552285;https://i5.walmartimages.cl/asr/cde108ed-4972-4c7f-b1cb-f1547f1b2cb4.502fe0c3adc116aea1fb6fe3951bdc3d.jpeg?null=&odnHeight=580&odnWidth=580&odnBg=FFFFFF;Higiene y Bienestar > Bolsas y Accesorios Sanitarios;https://super.lider.cl/browse/mascotas/higiene-y-bienestar/bolsas-y-accesorios-sanitarios/07089592_02342029_52790901;;1;2026-03-17T02:23:57
00780000600898;Antiparasitario para Perro y Gato Spray Externo, 50 ml;;10390;20780;True;https://super.lider.cl/ip/higiene-y-bienestar/00780000600898;https://i5.walmartimages.cl/asr/ee68b168-2a3a-453a-9e1d-1d006ded874f.b59d0aa0efdb797b40844460edcfa5bd.jpeg?null=&odnHeight=580&odnWidth=580&odnBg=FFFFFF;Higiene y Bienestar > Bolsas y Accesorios Sanitarios;https://super.lider.cl/browse/mascotas/higiene-y-bienestar/bolsas-y-accesorios-sanitarios/07089592_02342029_52790901;;1;2026-03-17T02:23:57
00779052002700;Limpiador Desinfectante de Piso para Ambiente con Mascotas Lavanda Botella, 800 ml;;3390;4237;True;https://super.lider.cl/ip/pisos-y-muebles/00779052002700;https://i5.walmartimages.cl/asr/0fb67e55-0567-4fbe-9b86-be0d72a6c575.f856b20bbc93c91620af801b6e211ed3.jpeg?odnHeight=580&odnWidth=580&odnBg=FFFFFF;Higiene y Bienestar > Bolsas y Accesorios Sanitarios;https://super.lider.cl/browse/mascotas/higiene-y-bienestar/bolsas-y-accesorios-sanitarios/07089592_02342029_52790901;;1;2026-03-17T02:23:57
00780550501198;Pads de Entrenamiento para Perro con Carbon Activo XL 90x60 cm, 30 Un;;10492;14690;True;https://super.lider.cl/ip/higiene-y-bienestar/00780550501198;https://i5.walmartimages.cl/asr/55d7e6d7-d432-44e0-b83b-25d00d976b2f.4c8b9b5fdcb6d0ccbb01e34099ac5d93.jpeg?null=&odnHeight=580&odnWidth=580&odnBg=FFFFFF;Higiene y Bienestar > Bolsas y Accesorios Sanitarios;https://super.lider.cl/browse/mascotas/higiene-y-bienestar/bolsas-y-accesorios-sanitarios/07089592_02342029_52790901;;1;2026-03-17T02:23:57
00780799157404;Bandeja Arena Sanitaria de Gato 43x32x14 cm, 1 Un;;7990;7990;False;https://super.lider.cl/ip/higiene-y-bienestar/00780799157404;https://i5.walmartimages.cl/asr/7d7b01f8-07ac-4b26-815f-c32d6f1e3c8f.11a225d123a649aaf0b6cded3682bd12.jpeg?odnHeight=580&odnWidth=580&odnBg=FFFFFF;Higiene y Bienestar > Bolsas y Accesorios Sanitarios;https://super.lider.cl/browse/mascotas/higiene-y-bienestar/bolsas-y-accesorios-sanitarios/07089592_02342029_52790901;;1;2026-03-17T02:23:57
00780681002648;Esponja Dual Pets 1 unidad, 1 Un;;1990;1990;False;https://super.lider.cl/ip/higiene-y-bienestar/00780681002648;https://i5.walmartimages.cl/asr/f3dc6edf-b5fc-458a-a052-e64e100ca736.5e5f48bc2727833175466dacd69b2b07.jpeg?odnHeight=580&odnWidth=580&odnBg=FFFFFF;Higiene y Bienestar > Bolsas y Accesorios Sanitarios;https://super.lider.cl/browse/mascotas/higiene-y-bienestar/bolsas-y-accesorios-sanitarios/07089592_02342029_52790901;;1;2026-03-17T02:23:57
00779052002701;Limpiador Desinfectante de Piso para Ambiente con Mascotas Lavanda Recarga, 420 ml;;2250;2812;True;https://super.lider.cl/ip/pisos-y-muebles/00779052002701;https://i5.walmartimages.cl/asr/ddfcbe73-e6cf-431f-a02f-e5d69393b913.9536069f9b52ccf618bbb8c1fa49ad06.jpeg?odnHeight=580&odnWidth=580&odnBg=FFFFFF;Higiene y Bienestar > Bolsas y Accesorios Sanitarios;https://super.lider.cl/browse/mascotas/higiene-y-bienestar/bolsas-y-accesorios-sanitarios/07089592_02342029_52790901;;1;2026-03-17T02:23:57
00078918552250;Porta Bolsa + 2 Bolsas Ecológicas, 1 Un;;3990;3990;False;https://super.lider.cl/ip/higiene-y-bienestar/00078918552250;https://i5.walmartimages.cl/asr/18df629b-1d3f-4c48-8fa9-c1ce9389d60c.4b98d880790aa1deda1ef4595ee72853.jpeg?null=&odnHeight=580&odnWidth=580&odnBg=FFFFFF;Higiene y Bienestar > Bolsas y Accesorios Sanitarios;https://super.lider.cl/browse/mascotas/higiene-y-bienestar/bolsas-y-accesorios-sanitarios/07089592_02342029_52790901;;1;2026-03-17T02:23:57
00780000600295;Talco Antiparasitario para Gato Lata, 100 g;;3790;37899;True;https://super.lider.cl/ip/higiene-y-bienestar/00780000600295;https://i5.walmartimages.cl/asr/8cffcb1b-93bf-4142-bde7-bc553f52f6f8.bf0b09b80eeccbb43090d290abc74b7f.jpeg?null=&odnHeight=580&odnWidth=580&odnBg=FFFFFF;Higiene y Bienestar > Bolsas y Accesorios Sanitarios;https://super.lider.cl/browse/mascotas/higiene-y-bienestar/bolsas-y-accesorios-sanitarios/07089592_02342029_52790901;;1;2026-03-17T02:23:57
00400845561071;Limpiador para Manchas de Mascotas, 650 ml;;1840;10385;True;https://super.lider.cl/ip/pisos-y-muebles/00400845561071;https://i5.walmartimages.cl/asr/52e555a6-db50-4283-b1c9-eb98a2f0efb1.b4215c0295e103fc56726f2128366394.jpeg?null=&odnHeight=580&odnWidth=580&odnBg=FFFFFF;Higiene y Bienestar > Bolsas y Accesorios Sanitarios;https://super.lider.cl/browse/mascotas/higiene-y-bienestar/bolsas-y-accesorios-sanitarios/07089592_02342029_52790901;;1;2026-03-17T02:23:57
00779052002699;Desinfectante de Ambientes y Superficies Aerosol Lavanda Lata, 495 ml;;5190;10485;True;https://super.lider.cl/ip/higiene-y-bienestar/00779052002699;https://i5.walmartimages.cl/asr/eb890971-a163-4c13-ade5-873e00ea9db7.6e77f5eddbd013183daf34e2ba51a3ef.jpeg?odnHeight=580&odnWidth=580&odnBg=FFFFFF;Higiene y Bienestar > Bolsas y Accesorios Sanitarios;https://super.lider.cl/browse/mascotas/higiene-y-bienestar/bolsas-y-accesorios-sanitarios/07089592_02342029_52790901;;1;2026-03-17T02:23:57
00780681001129;Cepillo de Goma Multiuso 2 En 1, 1 Un;;9950;9950;False;https://super.lider.cl/ip/higiene-y-bienestar/00780681001129;https://i5.walmartimages.cl/asr/f7a78cc6-3371-469c-a8ad-8d3228c0e5e2.1f99cdb193760520b29a786321861e1f.jpeg?odnHeight=580&odnWidth=580&odnBg=FFFFFF;Higiene y Bienestar > Bolsas y Accesorios Sanitarios;https://super.lider.cl/browse/mascotas/higiene-y-bienestar/bolsas-y-accesorios-sanitarios/07089592_02342029_52790901;;1;2026-03-17T02:23:57
00780000600644;Antiparasitario para Gato Pipeta Externa, 1 Un;;9690;9690;False;https://super.lider.cl/ip/higiene-y-bienestar/00780000600644;https://i5.walmartimages.cl/asr/172a3362-a447-439a-929f-35ae30c36090.c5bfc5d5d25b43956c706357eb6288de.jpeg?odnHeight=580&odnWidth=580&odnBg=FFFFFF;Higiene y Bienestar > Bolsas y Accesorios Sanitarios;https://super.lider.cl/browse/mascotas/higiene-y-bienestar/bolsas-y-accesorios-sanitarios/07089592_02342029_52790901;;1;2026-03-17T02:23:57
00780465625051;Educador Sanitario para Perro, 230 ml;;4990;4990;False;https://super.lider.cl/ip/higiene-y-bienestar/00780465625051;https://i5.walmartimages.cl/asr/d80cacad-5e12-4369-b34c-734e8bd691b4.5257a7868f05a5c79345793f0584e670.jpeg?null=&odnHeight=580&odnWidth=580&odnBg=FFFFFF;Higiene y Bienestar > Bolsas y Accesorios Sanitarios;https://super.lider.cl/browse/mascotas/higiene-y-bienestar/bolsas-y-accesorios-sanitarios/07089592_02342029_52790901;;1;2026-03-17T02:23:57
00780465625050;Eliminador de Olores de Mascotas, 1 L;;4990;4990;False;https://super.lider.cl/ip/higiene-y-bienestar/00780465625050;https://i5.walmartimages.cl/asr/0c1f3cc7-adaf-46d5-a9fa-8e331c0733c3.cdffccba30c7edc29270dd2b540965c7.jpeg?null=&odnHeight=580&odnWidth=580&odnBg=FFFFFF;Higiene y Bienestar > Baño y Limpieza;https://super.lider.cl/browse/mascotas/higiene-y-bienestar/bao-y-limpieza/07089592_02342029_81556437;;1;2026-03-17T02:24:23
00780460346603;Destructor de olores gato perro, 350 ml;;740;12143;True;https://super.lider.cl/ip/higiene-y-bienestar/00780460346603;https://i5.walmartimages.cl/asr/961d4b30-729b-4033-9322-82bea841e669.19cd08a4e1d987b5e785361dfd96faa9.jpeg?odnHeight=580&odnWidth=580&odnBg=FFFFFF;Higiene y Bienestar > Baño y Limpieza;https://super.lider.cl/browse/mascotas/higiene-y-bienestar/bao-y-limpieza/07089592_02342029_81556437;;1;2026-03-17T02:24:23
00780465625049;Repelente para Perro y Gato, 1 L;;4990;4990;False;https://super.lider.cl/ip/higiene-y-bienestar/00780465625049;https://i5.walmartimages.cl/asr/ae57fbfa-2fcc-4878-94c3-ade27a483557.6ba5cb24875452cdb21c29690825175c.jpeg?null=&odnHeight=580&odnWidth=580&odnBg=FFFFFF;Higiene y Bienestar > Baño y Limpieza;https://super.lider.cl/browse/mascotas/higiene-y-bienestar/bao-y-limpieza/07089592_02342029_81556437;;1;2026-03-17T02:24:23
00780465625052;Eliminador de Olores Orina de Gato, 230 ml;;3990;3990;False;https://super.lider.cl/ip/higiene-y-bienestar/00780465625052;https://i5.walmartimages.cl/asr/abb64a43-15d7-4b60-9095-cf8b313eabd7.e7f1f32fb30d0648058f4e1f9764fbde.jpeg?null=&odnHeight=580&odnWidth=580&odnBg=FFFFFF;Higiene y Bienestar > Baño y Limpieza;https://super.lider.cl/browse/mascotas/higiene-y-bienestar/bao-y-limpieza/07089592_02342029_81556437;;1;2026-03-17T02:24:23
00780000600447;Shampoo para Perro Hipoalergenico Uso Frecuente Botella, 390 ml;;3990;10230;True;https://super.lider.cl/ip/higiene-y-bienestar/00780000600447;https://i5.walmartimages.cl/asr/c1794f1e-5146-4b8a-b4ac-b73108a0b29e.c81db688ba3cad8fd238daec7ffe37b9.jpeg?null=&odnHeight=580&odnWidth=580&odnBg=FFFFFF;Higiene y Bienestar > Baño y Limpieza;https://super.lider.cl/browse/mascotas/higiene-y-bienestar/bao-y-limpieza/07089592_02342029_81556437;;1;2026-03-17T02:24:23
00040005067221;Rodillo Saca Pelusa Negro;;1490;1490;False;https://super.lider.cl/ip/organizacion/00040005067221;https://i5.walmartimages.cl/asr/5109c4fb-1430-4d28-b53d-0e056fb418ab.a12c7d847cd6f5dc46a461ac28175e4e.jpeg?null=&odnHeight=580&odnWidth=580&odnBg=FFFFFF;Higiene y Bienestar > Baño y Limpieza;https://super.lider.cl/browse/mascotas/higiene-y-bienestar/bao-y-limpieza/07089592_02342029_81556437;;1;2026-03-17T02:24:23
00780799157331;Cepillo Doble Rectangular para Mascotas, 1 Un;;3990;3990;False;https://super.lider.cl/ip/higiene-y-bienestar/00780799157331;https://i5.walmartimages.cl/asr/f4510874-6010-4f6c-a1a2-076d5f76b5a8.b71274f20487e976dc9fbed8499aa3f3.jpeg?null=&odnHeight=580&odnWidth=580&odnBg=FFFFFF;Higiene y Bienestar > Baño y Limpieza;https://super.lider.cl/browse/mascotas/higiene-y-bienestar/bao-y-limpieza/07089592_02342029_81556437;;1;2026-03-17T02:24:23
00780465625217;Shampoo para Perro Pelaje Claro con Aloe Vera Aroma Frambuesa y Papaya Botella, 300 ml;;2950;2950;False;https://super.lider.cl/ip/higiene-y-bienestar/00780465625217;https://i5.walmartimages.cl/asr/10cbb682-4f77-473a-83e9-0ab4dbee6a78.283f7f68a97d2f4971a55c768cab4bf0.jpeg?null=&odnHeight=580&odnWidth=580&odnBg=FFFFFF;Higiene y Bienestar > Baño y Limpieza;https://super.lider.cl/browse/mascotas/higiene-y-bienestar/bao-y-limpieza/07089592_02342029_81556437;;1;2026-03-17T02:24:23
00040005067220;Rodillo Saca Pelusa Gris;;1490;1490;False;https://super.lider.cl/ip/organizacion/00040005067220;https://i5.walmartimages.cl/asr/ebed6a31-de12-4218-979b-6cd2e951b6f3.a13a1414f111510393353a7d90d8eda1.jpeg?null=&odnHeight=580&odnWidth=580&odnBg=FFFFFF;Higiene y Bienestar > Baño y Limpieza;https://super.lider.cl/browse/mascotas/higiene-y-bienestar/bao-y-limpieza/07089592_02342029_81556437;;1;2026-03-17T02:24:23
00780465625214;Shampoo para Perro 2 en 1 con Balsamo Aroma Vainilla Botella, 300 ml;;2950;2950;False;https://super.lider.cl/ip/higiene-y-bienestar/00780465625214;https://i5.walmartimages.cl/asr/e4953c2c-beab-40c8-834a-7c2d23638cef.32ea6411180555d3fce587926d3671be.jpeg?null=&odnHeight=580&odnWidth=580&odnBg=FFFFFF;Higiene y Bienestar > Baño y Limpieza;https://super.lider.cl/browse/mascotas/higiene-y-bienestar/bao-y-limpieza/07089592_02342029_81556437;;1;2026-03-17T02:24:23
00780000600446;Shampoo para Perro Extra Brillo Uso Frecuente Botella, 390 ml;;3990;10230;True;https://super.lider.cl/ip/higiene-y-bienestar/00780000600446;https://i5.walmartimages.cl/asr/aa3510a0-7f89-4f48-85d5-43247f494772.f8fa26ed76b816d41e29a8bfae82025f.jpeg?null=&odnHeight=580&odnWidth=580&odnBg=FFFFFF;Higiene y Bienestar > Baño y Limpieza;https://super.lider.cl/browse/mascotas/higiene-y-bienestar/bao-y-limpieza/07089592_02342029_81556437;;1;2026-03-17T02:24:23
00780465625047;Shampoo para Gato Seco Repelente Pulgas Aroma Eucaliptus Lata, 100 g;;2550;2550;False;https://super.lider.cl/ip/higiene-y-bienestar/00780465625047;https://i5.walmartimages.cl/asr/8826bb53-a326-4a12-8904-8082d92ae23d.74215ec6d10af7ad10cdde4df319081c.jpeg?null=&odnHeight=580&odnWidth=580&odnBg=FFFFFF;Higiene y Bienestar > Baño y Limpieza;https://super.lider.cl/browse/mascotas/higiene-y-bienestar/bao-y-limpieza/07089592_02342029_81556437;;1;2026-03-17T02:24:23
00780550500082;Repelente para Perro y Gato, 440 ml;;8990;20431;True;https://super.lider.cl/ip/higiene-y-bienestar/00780550500082;https://i5.walmartimages.cl/asr/411e8a56-90fe-418f-9662-5122ec860967.5eb0fd49a5aad6689957171797470632.jpeg?null=&odnHeight=580&odnWidth=580&odnBg=FFFFFF;Higiene y Bienestar > Baño y Limpieza;https://super.lider.cl/browse/mascotas/higiene-y-bienestar/bao-y-limpieza/07089592_02342029_81556437;;1;2026-03-17T02:24:23
00780465625212;Shampoo para Perro Repelente con Aloe Vera Aroma Eucaliptus Botella, 300 ml;;2950;2950;False;https://super.lider.cl/ip/higiene-y-bienestar/00780465625212;https://i5.walmartimages.cl/asr/2f94416a-73ec-4f8e-bdde-0647c5becc6d.36d8929082cbb834f715b5e6baf29a27.jpeg?null=&odnHeight=580&odnWidth=580&odnBg=FFFFFF;Higiene y Bienestar > Baño y Limpieza;https://super.lider.cl/browse/mascotas/higiene-y-bienestar/bao-y-limpieza/07089592_02342029_81556437;;1;2026-03-17T02:24:23
00780465625045;Shampoo para Perro Repelente Pulgas Aroma Eucalipto Botella, 1000 ml;;7390;7390;False;https://super.lider.cl/ip/higiene-y-bienestar/00780465625045;https://i5.walmartimages.cl/asr/0e60b588-e526-48d1-a0a7-4ed6c0e9fae5.e9f7d2a24f35878e72889b83dfb33edd.jpeg?null=&odnHeight=580&odnWidth=580&odnBg=FFFFFF;Higiene y Bienestar > Baño y Limpieza;https://super.lider.cl/browse/mascotas/higiene-y-bienestar/bao-y-limpieza/07089592_02342029_81556437;;1;2026-03-17T02:24:23
00780000600155;Shampoo para Perro Antiparasitario Botella, 300 ml;;5690;18966;True;https://super.lider.cl/ip/higiene-y-bienestar/00780000600155;https://i5.walmartimages.cl/asr/867b0a23-654d-4c10-b9c1-23fe4848177d.0feea3c20811d628231c5420d0930087.jpeg?null=&odnHeight=580&odnWidth=580&odnBg=FFFFFF;Higiene y Bienestar > Baño y Limpieza;https://super.lider.cl/browse/mascotas/higiene-y-bienestar/bao-y-limpieza/07089592_02342029_81556437;;1;2026-03-17T02:24:23
00780583610019;Quitapelusas Rodillo;;3000;3000;False;https://super.lider.cl/ip/accesorios-aseo/00780583610019;https://i5.walmartimages.cl/asr/b7afa88e-e5ac-46f4-bf6e-ec779eadec0c.ec2e690c2b23c2b3eb4b93df69ab0809.jpeg?odnHeight=580&odnWidth=580&odnBg=FFFFFF;Higiene y Bienestar > Baño y Limpieza;https://super.lider.cl/browse/mascotas/higiene-y-bienestar/bao-y-limpieza/07089592_02342029_81556437;;1;2026-03-17T02:24:23
00780465625057;Colonia para Perritas Aroma Berries, 160 ml;;2990;2990;False;https://super.lider.cl/ip/higiene-y-bienestar/00780465625057;https://i5.walmartimages.cl/asr/4d7dc8dd-a6e5-4bd8-aee1-d05cb9e575ae.38ee600ab64e29c44782d4c4b8d8938f.jpeg?null=&odnHeight=580&odnWidth=580&odnBg=FFFFFF;Higiene y Bienestar > Baño y Limpieza;https://super.lider.cl/browse/mascotas/higiene-y-bienestar/bao-y-limpieza/07089592_02342029_81556437;;1;2026-03-17T02:24:23
00780465625041;Shampoo para Perro Balsámico Aroma Vainilla Botella, 1000 ml;;7390;7390;False;https://super.lider.cl/ip/higiene-y-bienestar/00780465625041;https://i5.walmartimages.cl/asr/0d92ef18-b038-4625-bf3d-79f592a4ea1f.ee20038d8043e85500be06d8b8166f41.jpeg?null=&odnHeight=580&odnWidth=580&odnBg=FFFFFF;Higiene y Bienestar > Baño y Limpieza;https://super.lider.cl/browse/mascotas/higiene-y-bienestar/bao-y-limpieza/07089592_02342029_81556437;;1;2026-03-17T02:24:23
00780550501181;Toallitas Húmedas Para Mascotas De Bambu Eco, 100 Un;;3890;3890;False;https://super.lider.cl/ip/higiene-y-bienestar/00780550501181;https://i5.walmartimages.cl/asr/d0309246-7dbb-489c-8955-d4112e0a4d20.b81a19ff7c4b196715bdafcbf39ac0bc.jpeg?null=&odnHeight=580&odnWidth=580&odnBg=FFFFFF;Higiene y Bienestar > Baño y Limpieza;https://super.lider.cl/browse/mascotas/higiene-y-bienestar/bao-y-limpieza/07089592_02342029_81556437;;1;2026-03-17T02:24:23
00063424000468;Cepillo Suave Premium para Mascotas, 1 Un;;4990;4990;False;https://super.lider.cl/ip/higiene-y-bienestar/00063424000468;https://i5.walmartimages.cl/asr/9a42fd1f-9e48-4a99-806d-15ae033de04a.433c05ce162d6bdef06b7ba6ad1943d5.jpeg?null=&odnHeight=580&odnWidth=580&odnBg=FFFFFF;Higiene y Bienestar > Baño y Limpieza;https://super.lider.cl/browse/mascotas/higiene-y-bienestar/bao-y-limpieza/07089592_02342029_81556437;;1;2026-03-17T02:24:23
00002120039997;Quitapelusas Rodillo;;4790;4790;False;https://super.lider.cl/ip/accesorios-aseo/00002120039997;https://i5.walmartimages.cl/asr/b2a3790f-8239-4cbe-b9f7-c6e5bf7a1828.cd1f7772c607ab1e3e61785f7d13ae4c.jpeg?odnHeight=580&odnWidth=580&odnBg=FFFFFF;Higiene y Bienestar > Baño y Limpieza;https://super.lider.cl/browse/mascotas/higiene-y-bienestar/bao-y-limpieza/07089592_02342029_81556437;;1;2026-03-17T02:24:23
00780465625218;Acondicionador para Perro Hidratante con Aceite de Coco Botella, 300 ml;;2950;2950;False;https://super.lider.cl/ip/higiene-y-bienestar/00780465625218;https://i5.walmartimages.cl/asr/4b9f0f6b-768e-4b4c-b921-4e5b47029833.d960b4e0bd3feebeaac04f76740c4220.jpeg?null=&odnHeight=580&odnWidth=580&odnBg=FFFFFF;Higiene y Bienestar > Baño y Limpieza;https://super.lider.cl/browse/mascotas/higiene-y-bienestar/bao-y-limpieza/07089592_02342029_81556437;;1;2026-03-17T02:24:23
00065952511105;Toallitas Húmedas Hipoalergénicas para Mascotas, 70 Un;;2990;4271;True;https://super.lider.cl/ip/higiene-y-bienestar/00065952511105;https://i5.walmartimages.cl/asr/f00c83e1-a7d2-4acf-af83-b9eb340e9c54.4d30880a04ba481abb1dba55d3ccd266.jpeg?null=&odnHeight=580&odnWidth=580&odnBg=FFFFFF;Higiene y Bienestar > Baño y Limpieza;https://super.lider.cl/browse/mascotas/higiene-y-bienestar/bao-y-limpieza/07089592_02342029_81556437;;1;2026-03-17T02:24:23
00780465625046;Shampoo para Perro Seco Aroma Eucaliptus Lata, 100 g;;2890;2890;False;https://super.lider.cl/ip/higiene-y-bienestar/00780465625046;https://i5.walmartimages.cl/asr/e106663a-de73-40b5-a16a-6927667d024f.df7105633b9c76ea9d23cd8b4d4f3ad5.jpeg?null=&odnHeight=580&odnWidth=580&odnBg=FFFFFF;Higiene y Bienestar > Baño y Limpieza;https://super.lider.cl/browse/mascotas/higiene-y-bienestar/bao-y-limpieza/07089592_02342029_81556437;;1;2026-03-17T02:24:23
00780467343002;Removedor de Olores Orgánico, 500 ml;;6590;13180;True;https://super.lider.cl/ip/higiene-y-bienestar/00780467343002;https://i5.walmartimages.cl/asr/624f42ac-7cac-4710-a5d1-ad5f936ebe82.cacb674b951f8b861558de5284caee2e.jpeg?null=&odnHeight=580&odnWidth=580&odnBg=FFFFFF;Higiene y Bienestar > Baño y Limpieza;https://super.lider.cl/browse/mascotas/higiene-y-bienestar/bao-y-limpieza/07089592_02342029_81556437;;1;2026-03-17T02:24:23
00780465625219;Shampoo para Perro Espuma Seca Aroma Granada Lata, 230 ml;;3690;3690;False;https://super.lider.cl/ip/higiene-y-bienestar/00780465625219;https://i5.walmartimages.cl/asr/dc2b6a50-18a5-4b87-9e60-08fa4d74d994.ca6725d219ac22a3960310e968914e16.jpeg?null=&odnHeight=580&odnWidth=580&odnBg=FFFFFF;Higiene y Bienestar > Baño y Limpieza;https://super.lider.cl/browse/mascotas/higiene-y-bienestar/bao-y-limpieza/07089592_02342029_81556437;;1;2026-03-17T02:24:23
00780000600159;Shampoo para Perro Balsamico Uso Frecuente Botella, 390 ml;;3890;9974;True;https://super.lider.cl/ip/higiene-y-bienestar/00780000600159;https://i5.walmartimages.cl/asr/07207afa-5a3b-4e4c-a027-b94d9e639611.4c0f2520bfa596e75011092188c0bd2b.jpeg?null=&odnHeight=580&odnWidth=580&odnBg=FFFFFF;Higiene y Bienestar > Baño y Limpieza;https://super.lider.cl/browse/mascotas/higiene-y-bienestar/bao-y-limpieza/07089592_02342029_81556437;;1;2026-03-17T02:24:23
00780465625054;Collar Repelente de Pulgas para Gato, 1 Un;;3790;3790;False;https://super.lider.cl/ip/accesorios-y-juguetes/00780465625054;https://i5.walmartimages.cl/asr/ec25b476-31be-4eae-8326-99b277256ce6.396811eaec6b52ad0d73b80fcd1dbfbf.jpeg?odnHeight=580&odnWidth=580&odnBg=FFFFFF;Higiene y Bienestar > Collares arnes y correas;https://super.lider.cl/browse/mascotas/accesorios-y-juguetes/collares-arnes-y-correas/07089592_73368248_78844187;;1;2026-03-17T02:24:46
00780799157377;Collar para Gato con Campana Brillante, 1 Un;;2690;2690;False;https://super.lider.cl/ip/accesorios-y-juguetes/00780799157377;https://i5.walmartimages.cl/asr/efcaf228-2eb9-421f-b3b0-15489da3c8a3.8b82b0f5f383ccea0d4a0dde78ce14b6.jpeg?null=&odnHeight=580&odnWidth=580&odnBg=FFFFFF;Higiene y Bienestar > Collares arnes y correas;https://super.lider.cl/browse/mascotas/accesorios-y-juguetes/collares-arnes-y-correas/07089592_73368248_78844187;;1;2026-03-17T02:24:46
00780271020222;Portabolsas Sanitarias Negro + 10 Bolsas Ecologicas, 10 Un;;3990;3990;False;https://super.lider.cl/ip/accesorios-y-juguetes/00780271020222;https://i5.walmartimages.cl/asr/1e248289-84ba-4585-b35e-1f315d399d9e.73e1c99245d66b816595e32e97c08173.jpeg?odnHeight=580&odnWidth=580&odnBg=FFFFFF;Higiene y Bienestar > Collares arnes y correas;https://super.lider.cl/browse/mascotas/accesorios-y-juguetes/collares-arnes-y-correas/07089592_73368248_78844187;;1;2026-03-17T02:24:46
00078918552309;Arnés Pechera para Perro Talla M, 1 Un;;6990;6990;False;https://super.lider.cl/ip/accesorios-y-juguetes/00078918552309;https://i5.walmartimages.cl/asr/924b7b0e-b185-4330-8734-cd6bc0ffad89.25367ecc9d15a0bdfa4e202b0731eb57.jpeg?null=&odnHeight=580&odnWidth=580&odnBg=FFFFFF;Higiene y Bienestar > Collares arnes y correas;https://super.lider.cl/browse/mascotas/accesorios-y-juguetes/collares-arnes-y-correas/07089592_73368248_78844187;;1;2026-03-17T02:24:46
00780465625053;Collar Repelente de Pulgas para Perro, 1 Un;;6490;6490;False;https://super.lider.cl/ip/accesorios-y-juguetes/00780465625053;https://i5.walmartimages.cl/asr/89567eaa-1683-4567-9fe9-2a56e9e66f84.5a88f3b1d8a111e5211a9c46b9b45ec9.jpeg?odnHeight=580&odnWidth=580&odnBg=FFFFFF;Higiene y Bienestar > Collares arnes y correas;https://super.lider.cl/browse/mascotas/accesorios-y-juguetes/collares-arnes-y-correas/07089592_73368248_78844187;;1;2026-03-17T02:24:46
00065952511096;Trailla Retráctil para Perro 5 metros, 1 Un;;9790;9790;False;https://super.lider.cl/ip/accesorios-y-juguetes/00065952511096;https://i5.walmartimages.cl/asr/0c39c5bf-c4c3-4f3b-99ed-1f64cbb5ab11.40c14c3349e2407702126ee30012ed5b.jpeg?null=&odnHeight=580&odnWidth=580&odnBg=FFFFFF;Higiene y Bienestar > Collares arnes y correas;https://super.lider.cl/browse/mascotas/accesorios-y-juguetes/collares-arnes-y-correas/07089592_73368248_78844187;;1;2026-03-17T02:24:46
00063424000513;Set Arnés Pechera y Correa para Perro Talla L, 1 Un;;13990;13990;False;https://super.lider.cl/ip/accesorios-y-juguetes/00063424000513;https://i5.walmartimages.cl/asr/0c6da06d-6f4c-42fa-b05b-56723ccdb28f.7866a240698c88d58829e306c2980847.jpeg?null=&odnHeight=580&odnWidth=580&odnBg=FFFFFF;Higiene y Bienestar > Collares arnes y correas;https://super.lider.cl/browse/mascotas/accesorios-y-juguetes/collares-arnes-y-correas/07089592_73368248_78844187;;1;2026-03-17T02:24:46
00078918552269;Correa para Perro con Resorte, 1 Un;;6490;6490;False;https://super.lider.cl/ip/accesorios-y-juguetes/00078918552269;https://i5.walmartimages.cl/asr/16a8b5ad-058b-47c3-8327-d4f9cd70b1ee.f3c53c17594b710cbf5c7b0bbd0d182d.jpeg?null=&odnHeight=580&odnWidth=580&odnBg=FFFFFF;Higiene y Bienestar > Collares arnes y correas;https://super.lider.cl/browse/mascotas/accesorios-y-juguetes/collares-arnes-y-correas/07089592_73368248_78844187;;1;2026-03-17T02:24:46
00063424000512;Set Arnés Pechera y Correa para Perro Talla M, 1 Un;;12790;12790;False;https://super.lider.cl/ip/accesorios-y-juguetes/00063424000512;https://i5.walmartimages.cl/asr/14fd9bb9-3c1d-4306-95b7-d808fae3054d.594b44e8ea7feac07bcb274b34d5de23.jpeg?null=&odnHeight=580&odnWidth=580&odnBg=FFFFFF;Higiene y Bienestar > Collares arnes y correas;https://super.lider.cl/browse/mascotas/accesorios-y-juguetes/collares-arnes-y-correas/07089592_73368248_78844187;;1;2026-03-17T02:24:46
00078918552229;Arnés Pechera para Perro Talla S, 1 Un;;6490;6490;False;https://super.lider.cl/ip/accesorios-y-juguetes/00078918552229;https://i5.walmartimages.cl/asr/6552ea77-fba3-4aea-8366-1bd587357469.a2256dcee731c29c7a97d44582df9f09.jpeg?null=&odnHeight=580&odnWidth=580&odnBg=FFFFFF;Higiene y Bienestar > Collares arnes y correas;https://super.lider.cl/browse/mascotas/accesorios-y-juguetes/collares-arnes-y-correas/07089592_73368248_78844187;;1;2026-03-17T02:24:46
00780051020229;Arnes Basico Beige Talla M, 1 Un;;9990;9990;False;https://super.lider.cl/ip/accesorios-y-juguetes/00780051020229;https://i5.walmartimages.cl/asr/0426f8cd-f2ce-4eb2-89a8-2666a1266e97.ff56e1115b9b39babf247e2a5dd60006.jpeg?odnHeight=580&odnWidth=580&odnBg=FFFFFF;Higiene y Bienestar > Collares arnes y correas;https://super.lider.cl/browse/mascotas/accesorios-y-juguetes/collares-arnes-y-correas/07089592_73368248_78844187;;1;2026-03-17T02:24:46
00063424000511;Set Arnés Pechera y Correa para Perro Talla S, 1 Un;;11590;11590;False;https://super.lider.cl/ip/accesorios-y-juguetes/00063424000511;https://i5.walmartimages.cl/asr/e7651355-50b3-4d82-99fc-79e1edcb6778.94cb398694b9058206c0f5b7a268fe7f.jpeg?null=&odnHeight=580&odnWidth=580&odnBg=FFFFFF;Higiene y Bienestar > Collares arnes y correas;https://super.lider.cl/browse/mascotas/accesorios-y-juguetes/collares-arnes-y-correas/07089592_73368248_78844187;;1;2026-03-17T02:24:46
00780061020224;Arnes Basico Beige Talla L, 1 Un;;10990;10990;False;https://super.lider.cl/ip/accesorios-y-juguetes/00780061020224;https://i5.walmartimages.cl/asr/3fbbb4cb-7660-458d-bf9e-c107abe0895f.399aef4c9a8b5091ff498d9d44ad3f9f.jpeg?odnHeight=580&odnWidth=580&odnBg=FFFFFF;Higiene y Bienestar > Collares arnes y correas;https://super.lider.cl/browse/mascotas/accesorios-y-juguetes/collares-arnes-y-correas/07089592_73368248_78844187;;1;2026-03-17T02:24:46
00780091020224;Correa Basica Color Peach, 1 Un;;8990;8990;False;https://super.lider.cl/ip/accesorios-y-juguetes/00780091020224;https://i5.walmartimages.cl/asr/29ce3e93-ef50-422b-bc5d-be1b22e01e32.a6c03e6223497b543562f378372ff63c.jpeg?odnHeight=580&odnWidth=580&odnBg=FFFFFF;Higiene y Bienestar > Collares arnes y correas;https://super.lider.cl/browse/mascotas/accesorios-y-juguetes/collares-arnes-y-correas/07089592_73368248_78844187;;1;2026-03-17T02:24:46
00780051020224;Arnes Basico Beige Talla S, 1 Un;;8990;8990;False;https://super.lider.cl/ip/accesorios-y-juguetes/00780051020224;https://i5.walmartimages.cl/asr/3accff3f-ab48-4c7f-b45c-80df7d38c0c0.a4898ba46ec934c132726bc91ec4b022.jpeg?odnHeight=580&odnWidth=580&odnBg=FFFFFF;Higiene y Bienestar > Collares arnes y correas;https://super.lider.cl/browse/mascotas/accesorios-y-juguetes/collares-arnes-y-correas/07089592_73368248_78844187;;1;2026-03-17T02:24:46
00780464753056;Viruta Vegetal para Animales Bolsa, 2 Kg;;1795;3590;True;https://super.lider.cl/ip/accesorios-y-juguetes/00780464753056;https://i5.walmartimages.cl/asr/bf44004c-b635-448c-bd99-a3e9ffbf3719.e2f5a1cfae8cbf2f105d1109e1ea46e5.jpeg?null=&odnHeight=580&odnWidth=580&odnBg=FFFFFF;Higiene y Bienestar > Casas platos y accesorios;https://super.lider.cl/browse/mascotas/accesorios-y-juguetes/casas-platos-y-accesorios/07089592_73368248_54392300;;1;2026-03-17T02:25:12
00780465625039;Plato para Perro Antihormigas XL, 1 Un;;2990;2990;False;https://super.lider.cl/ip/accesorios-y-juguetes/00780465625039;https://i5.walmartimages.cl/asr/d7c3e977-ca7b-491e-816e-0d5cd700f1a5.457e29b856cf29ecd94250de8c145aed.jpeg?null=&odnHeight=580&odnWidth=580&odnBg=FFFFFF;Higiene y Bienestar > Casas platos y accesorios;https://super.lider.cl/browse/mascotas/accesorios-y-juguetes/casas-platos-y-accesorios/07089592_73368248_54392300;;1;2026-03-17T02:25:12
00074674766608;Plato de Acero Para Perros L, 1 Un;;4590;4590;False;https://super.lider.cl/ip/accesorios-y-juguetes/00074674766608;https://i5.walmartimages.cl/asr/562721ae-bec3-413d-8a06-189f92711b00.f1c7bf2052f7b09f6d7bb0ab2c28d95f.jpeg?odnHeight=580&odnWidth=580&odnBg=FFFFFF;Higiene y Bienestar > Casas platos y accesorios;https://super.lider.cl/browse/mascotas/accesorios-y-juguetes/casas-platos-y-accesorios/07089592_73368248_54392300;;1;2026-03-17T02:25:12
00040005080565;Recipiente plastico 20l para alimento seco, producto surtido;;5200;12990;True;https://super.lider.cl/ip/organizacion/00040005080565;https://i5.walmartimages.cl/asr/b5e62c06-3a97-48e0-924c-70c486d4484b.94d88d87363aff3072d0f57e2f20f1e4.jpeg?odnHeight=580&odnWidth=580&odnBg=FFFFFF;Higiene y Bienestar > Casas platos y accesorios;https://super.lider.cl/browse/mascotas/accesorios-y-juguetes/casas-platos-y-accesorios/07089592_73368248_54392300;;1;2026-03-17T02:25:12
00078918552314;Plato para Perro de Acero Tamaño M, 1 Un;;3690;3690;False;https://super.lider.cl/ip/accesorios-y-juguetes/00078918552314;https://i5.walmartimages.cl/asr/ab0e307d-695e-4fe6-a11e-47d4d2bdeb1a.e8a9a26376c4c06babe33e1215c47ea9.jpeg?null=&odnHeight=580&odnWidth=580&odnBg=FFFFFF;Higiene y Bienestar > Casas platos y accesorios;https://super.lider.cl/browse/mascotas/accesorios-y-juguetes/casas-platos-y-accesorios/07089592_73368248_54392300;;1;2026-03-17T02:25:12
00780799157323;Plato para Perro Redondo Tamaño L, 1 Un;;1950;1950;False;https://super.lider.cl/ip/accesorios-y-juguetes/00780799157323;https://i5.walmartimages.cl/asr/372a153f-6490-4bb9-bd92-00682cb4f3f7.302e134d082ddd0c58b1590a0e5838ae.jpeg?null=&odnHeight=580&odnWidth=580&odnBg=FFFFFF;Higiene y Bienestar > Casas platos y accesorios;https://super.lider.cl/browse/mascotas/accesorios-y-juguetes/casas-platos-y-accesorios/07089592_73368248_54392300;;1;2026-03-17T02:25:12
00078918552315;Plato para Perro de Acero Tamaño S, 1 Un;;2750;2750;False;https://super.lider.cl/ip/accesorios-y-juguetes/00078918552315;https://i5.walmartimages.cl/asr/e3f8bd53-e87f-416d-877e-e0b24a7e1702.916f3f53bbf877c668b6896a8237a7b3.jpeg?null=&odnHeight=580&odnWidth=580&odnBg=FFFFFF;Higiene y Bienestar > Casas platos y accesorios;https://super.lider.cl/browse/mascotas/accesorios-y-juguetes/casas-platos-y-accesorios/07089592_73368248_54392300;;1;2026-03-17T02:25:12
00078918552264;Plato para Gato Diseños Tamaño S, producto surtido, 1 Un;;3990;3990;False;https://super.lider.cl/ip/accesorios-y-juguetes/00078918552264;https://i5.walmartimages.cl/asr/0df56ec8-1054-48ff-b634-a83f1173c94d.f6b9ca05129b1dc482ae6fc352579058.jpeg?null=&odnHeight=580&odnWidth=580&odnBg=FFFFFF;Higiene y Bienestar > Casas platos y accesorios;https://super.lider.cl/browse/mascotas/accesorios-y-juguetes/casas-platos-y-accesorios/07089592_73368248_54392300;;1;2026-03-17T02:25:12
00780799157320;Plato para Perro Doble Tamaño L, 1 Un;;2990;2990;False;https://super.lider.cl/ip/accesorios-y-juguetes/00780799157320;https://i5.walmartimages.cl/asr/97e6da7b-6676-4b88-9b47-34829825a54d.583314255991299f91ed074754cda28c.jpeg?null=&odnHeight=580&odnWidth=580&odnBg=FFFFFF;Higiene y Bienestar > Casas platos y accesorios;https://super.lider.cl/browse/mascotas/accesorios-y-juguetes/casas-platos-y-accesorios/07089592_73368248_54392300;;1;2026-03-17T02:25:12
00780799157321;Plato para Perro Doble Tamaño M, 1 Un;;2490;2490;False;https://super.lider.cl/ip/accesorios-y-juguetes/00780799157321;https://i5.walmartimages.cl/asr/cc6ef598-0d67-4dfd-8c8e-f5e7e947130f.8d205f4229b2bd21bbefee687937d274.jpeg?null=&odnHeight=580&odnWidth=580&odnBg=FFFFFF;Higiene y Bienestar > Casas platos y accesorios;https://super.lider.cl/browse/mascotas/accesorios-y-juguetes/casas-platos-y-accesorios/07089592_73368248_54392300;;1;2026-03-17T02:25:12
00040005119349;Mordedor Con Cuerda, Producto Surtido, 1 Un;;5990;5990;False;https://super.lider.cl/ip/accesorios-y-juguetes/00040005119349;https://i5.walmartimages.cl/asr/90bbf71d-d945-4568-b7b1-dac5e88bf887.6cb46adb06905c311bd9adb0fea1043f.jpeg?odnHeight=580&odnWidth=580&odnBg=FFFFFF;Higiene y Bienestar > Casas platos y accesorios;https://super.lider.cl/browse/mascotas/accesorios-y-juguetes/casas-platos-y-accesorios/07089592_73368248_54392300;;1;2026-03-17T02:25:12
00040005119348;Hueso Mordedor, Producto Surtido, 1 Un;;5990;5990;False;https://super.lider.cl/ip/accesorios-y-juguetes/00040005119348;https://i5.walmartimages.cl/asr/3a47476f-1b74-4d8e-8e3a-c71f21024119.37ed2ffcfa2fe04061ba9b58e5b4c7a7.jpeg?odnHeight=580&odnWidth=580&odnBg=FFFFFF;Higiene y Bienestar > Casas platos y accesorios;https://super.lider.cl/browse/mascotas/accesorios-y-juguetes/casas-platos-y-accesorios/07089592_73368248_54392300;;1;2026-03-17T02:25:12
00780799157420;Cama de Invierno para Perro Tamaño XS, 1 Un;;15990;15990;False;https://super.lider.cl/ip/accesorios-y-juguetes/00780799157420;https://i5.walmartimages.cl/asr/fdef67b1-ac65-4210-b013-c7b0a2ecb90d.e6737daa0405880e970c033cf22588fb.jpeg?null=&odnHeight=580&odnWidth=580&odnBg=FFFFFF;Higiene y Bienestar > Casas platos y accesorios;https://super.lider.cl/browse/mascotas/accesorios-y-juguetes/casas-platos-y-accesorios/07089592_73368248_54392300;;1;2026-03-17T02:25:12
00074674766591;Pelota de Tennis para Perros, 1 Un;;990;990;False;https://super.lider.cl/ip/accesorios-y-juguetes/00074674766591;https://i5.walmartimages.cl/asr/b9797b4e-9cbd-4859-a4af-4ab1f7b868d2.62fb702aefdde99fde8eed55851c3252.jpeg?null=&odnHeight=580&odnWidth=580&odnBg=FFFFFF;Higiene y Bienestar > Juguetes y Rascadores;https://super.lider.cl/browse/mascotas/accesorios-y-juguetes/juguetes-y-rascadores/07089592_73368248_99350993;;1;2026-03-17T02:25:37
00780799157402;Juguete para Perro Básico Vinilo, 1 Un;;1690;1690;False;https://super.lider.cl/ip/accesorios-y-juguetes/00780799157402;https://i5.walmartimages.cl/asr/387ec39c-5a94-41f6-8e29-95a3f9e59f83.0680c6615ee1d7c2b20a99dbd96e0516.jpeg?null=&odnHeight=580&odnWidth=580&odnBg=FFFFFF;Higiene y Bienestar > Juguetes y Rascadores;https://super.lider.cl/browse/mascotas/accesorios-y-juguetes/juguetes-y-rascadores/07089592_73368248_99350993;;1;2026-03-17T02:25:37
00780799157397;Juguete para Gato Caña, 1 Un;;1990;1990;False;https://super.lider.cl/ip/accesorios-y-juguetes/00780799157397;https://i5.walmartimages.cl/asr/bdb055dc-27f1-4fee-be36-6818aeba6a68.9f550c19dfef39308398f16aa9e52052.jpeg?null=&odnHeight=580&odnWidth=580&odnBg=FFFFFF;Higiene y Bienestar > Juguetes y Rascadores;https://super.lider.cl/browse/mascotas/accesorios-y-juguetes/juguetes-y-rascadores/07089592_73368248_99350993;;1;2026-03-17T02:25:37
00780799157311;Juguete para Perro Bolsa 3 Pelotas Tenis, 1 Un;;2450;2450;False;https://super.lider.cl/ip/accesorios-y-juguetes/00780799157311;https://i5.walmartimages.cl/asr/647d531e-8c8e-49c8-8862-3a2a78e4e33d.642b56bde0a653dfdf3f18dba2c36d8d.jpeg?odnHeight=580&odnWidth=580&odnBg=FFFFFF;Higiene y Bienestar > Juguetes y Rascadores;https://super.lider.cl/browse/mascotas/accesorios-y-juguetes/juguetes-y-rascadores/07089592_73368248_99350993;;1;2026-03-17T02:25:37
00780799157314;Juguete para Perro Pelota Tenis Cuerda, 1 Un;;2450;2450;False;https://super.lider.cl/ip/accesorios-y-juguetes/00780799157314;https://i5.walmartimages.cl/asr/03c45250-9298-4e09-a9a7-4dbfbfbac5ba.9e1820ef9c89ddcce41fdac3864d1458.jpeg?null=&odnHeight=580&odnWidth=580&odnBg=FFFFFF;Higiene y Bienestar > Juguetes y Rascadores;https://super.lider.cl/browse/mascotas/accesorios-y-juguetes/juguetes-y-rascadores/07089592_73368248_99350993;;1;2026-03-17T02:25:37
00780041020227;Peluche Apretable Conejo, 1 Un;;6990;6990;False;https://super.lider.cl/ip/accesorios-y-juguetes/00780041020227;https://i5.walmartimages.cl/asr/0d8aaf9a-62fd-4f50-842f-e4e0697759d2.7a95e0735c654484996d77f87025fbaa.jpeg?odnHeight=580&odnWidth=580&odnBg=FFFFFF;Higiene y Bienestar > Juguetes y Rascadores;https://super.lider.cl/browse/mascotas/accesorios-y-juguetes/juguetes-y-rascadores/07089592_73368248_99350993;;1;2026-03-17T02:25:37
00078918552252;Juguete para Gato Tablero Rasguño Base, 1 Un;;3890;3890;False;https://super.lider.cl/ip/accesorios-y-juguetes/00078918552252;https://i5.walmartimages.cl/asr/4e20e4d8-550a-4813-9ee6-144cbdbf6f51.0fc09afab35b4ce36a8944659d955b69.jpeg?null=&odnHeight=580&odnWidth=580&odnBg=FFFFFF;Higiene y Bienestar > Juguetes y Rascadores;https://super.lider.cl/browse/mascotas/accesorios-y-juguetes/juguetes-y-rascadores/07089592_73368248_99350993;;1;2026-03-17T02:25:37
00780799157403;Juguete para Perro Básico Látex, 1 Un;;2690;2690;False;https://super.lider.cl/ip/accesorios-y-juguetes/00780799157403;https://i5.walmartimages.cl/asr/83916906-d5b3-42d0-a9d9-c183c5f05f9f.a8f7996cf502c64db47eb4033976a36f.jpeg?null=&odnHeight=580&odnWidth=580&odnBg=FFFFFF;Higiene y Bienestar > Juguetes y Rascadores;https://super.lider.cl/browse/mascotas/accesorios-y-juguetes/juguetes-y-rascadores/07089592_73368248_99350993;;1;2026-03-17T02:25:37
00063424000429;Juguete para Gato Plush Catnip, 1 Un;;3490;3490;False;https://super.lider.cl/ip/accesorios-y-juguetes/00063424000429;https://i5.walmartimages.cl/asr/3a4015be-94ea-4627-8cca-cfa7f4e4b4bd.d651a2d949f82dd92e8d8b956d6fd034.jpeg?null=&odnHeight=580&odnWidth=580&odnBg=FFFFFF;Higiene y Bienestar > Juguetes y Rascadores;https://super.lider.cl/browse/mascotas/accesorios-y-juguetes/juguetes-y-rascadores/07089592_73368248_99350993;;1;2026-03-17T02:25:37
00074674766590;Juguete Frisbee para Perros, 1 Un;;1990;1990;False;https://super.lider.cl/ip/accesorios-y-juguetes/00074674766590;https://i5.walmartimages.cl/asr/5f37e7ee-a7ef-42a0-b60e-d2a9b51b95c6.56579629f3e8852512048922b8ff8161.jpeg?null=&odnHeight=580&odnWidth=580&odnBg=FFFFFF;Higiene y Bienestar > Juguetes y Rascadores;https://super.lider.cl/browse/mascotas/accesorios-y-juguetes/juguetes-y-rascadores/07089592_73368248_99350993;;1;2026-03-17T02:25:37
00780799157303;Juguete para Perro Caucho con Cuerda, 1 Un;;4690;4690;False;https://super.lider.cl/ip/accesorios-y-juguetes/00780799157303;https://i5.walmartimages.cl/asr/d121eeae-d43d-4f1e-bdde-3b5a267bb7b4.95719072bb2150a80168bbc0921c8332.jpeg?odnHeight=580&odnWidth=580&odnBg=FFFFFF;Higiene y Bienestar > Juguetes y Rascadores;https://super.lider.cl/browse/mascotas/accesorios-y-juguetes/juguetes-y-rascadores/07089592_73368248_99350993;;1;2026-03-17T02:25:37
00780799157387;Juguete para Perro Plush N8, 1 Un;;6490;6490;False;https://super.lider.cl/ip/accesorios-y-juguetes/00780799157387;https://i5.walmartimages.cl/asr/7b326411-d303-4680-920f-5072ec20bcdc.56afe2f173c78eb9c517a00f6b48c6df.jpeg?null=&odnHeight=580&odnWidth=580&odnBg=FFFFFF;Higiene y Bienestar > Juguetes y Rascadores;https://super.lider.cl/browse/mascotas/accesorios-y-juguetes/juguetes-y-rascadores/07089592_73368248_99350993;;1;2026-03-17T02:25:37
00780041020226;Peluche Apretable Delfin, 1 Un;;6990;6990;False;https://super.lider.cl/ip/accesorios-y-juguetes/00780041020226;https://i5.walmartimages.cl/asr/5e145aea-9456-45da-982d-6abe33310d91.5febcd3c9de85fd6a7a13246eb95cdf5.jpeg?odnHeight=580&odnWidth=580&odnBg=FFFFFF;Higiene y Bienestar > Juguetes y Rascadores;https://super.lider.cl/browse/mascotas/accesorios-y-juguetes/juguetes-y-rascadores/07089592_73368248_99350993;;1;2026-03-17T02:25:37
00063424000430;Juguete para Perro Hueso Dental de Caucho, 1 Un;;6890;6890;False;https://super.lider.cl/ip/accesorios-y-juguetes/00063424000430;https://i5.walmartimages.cl/asr/26407ec8-9b34-47cb-a6ed-4ec0c85bf014.458594d787b35bbb9e8e31e19ca3d616.jpeg?null=&odnHeight=580&odnWidth=580&odnBg=FFFFFF;Higiene y Bienestar > Juguetes y Rascadores;https://super.lider.cl/browse/mascotas/accesorios-y-juguetes/juguetes-y-rascadores/07089592_73368248_99350993;;1;2026-03-17T02:25:37
00063424000466;Juguete para Perro Pelota Dental de Caucho, 1 Un;;6890;6890;False;https://super.lider.cl/ip/accesorios-y-juguetes/00063424000466;https://i5.walmartimages.cl/asr/3055c52a-59d1-4c71-8273-8403ad7438fe.f543cdc01b0cb32a74791582f3ca01de.jpeg?null=&odnHeight=580&odnWidth=580&odnBg=FFFFFF;Higiene y Bienestar > Juguetes y Rascadores;https://super.lider.cl/browse/mascotas/accesorios-y-juguetes/juguetes-y-rascadores/07089592_73368248_99350993;;1;2026-03-17T02:25:37
00780799157300;Juguete para Perro Caucho N1, 1 Un;;6390;6390;False;https://super.lider.cl/ip/accesorios-y-juguetes/00780799157300;https://i5.walmartimages.cl/asr/fc9c3bcb-8f80-4776-aee1-dc55d1a1bdb9.5411fc5a52a2344c812a91e7d69895f1.jpeg?odnHeight=580&odnWidth=580&odnBg=FFFFFF;Higiene y Bienestar > Juguetes y Rascadores;https://super.lider.cl/browse/mascotas/accesorios-y-juguetes/juguetes-y-rascadores/07089592_73368248_99350993;;1;2026-03-17T02:25:37
00780799157394;Juguete para Gato Plush Colores, producto surtido, 1 Un;;2990;2990;False;https://super.lider.cl/ip/accesorios-y-juguetes/00780799157394;https://i5.walmartimages.cl/asr/53b83dd6-db4c-4e99-8113-9bb7cf962f53.6a13019a5160cee7a64c0ebae55c8016.jpeg?null=&odnHeight=580&odnWidth=580&odnBg=FFFFFF;Higiene y Bienestar > Juguetes y Rascadores;https://super.lider.cl/browse/mascotas/accesorios-y-juguetes/juguetes-y-rascadores/07089592_73368248_99350993;;1;2026-03-17T02:25:37
00078918552253;Juguete para Gato Túnel Plegable, 1 Un;;6890;6890;False;https://super.lider.cl/ip/accesorios-y-juguetes/00078918552253;https://i5.walmartimages.cl/asr/a73e8096-64d7-4f36-a95b-12b34f7dd880.6c58dffed38362ab6781d3bee8084ecb.jpeg?null=&odnHeight=580&odnWidth=580&odnBg=FFFFFF;Higiene y Bienestar > Juguetes y Rascadores;https://super.lider.cl/browse/mascotas/accesorios-y-juguetes/juguetes-y-rascadores/07089592_73368248_99350993;;1;2026-03-17T02:25:37
00780799157306;Juguete para Perro Caucho Hueso, 1 Un;;6390;6390;False;https://super.lider.cl/ip/accesorios-y-juguetes/00780799157306;https://i5.walmartimages.cl/asr/3689a152-2234-4fab-9bae-606818b1e24b.65a26189a10dedb8de8cf0492c1a8e95.jpeg?null=&odnHeight=580&odnWidth=580&odnBg=FFFFFF;Higiene y Bienestar > Juguetes y Rascadores;https://super.lider.cl/browse/mascotas/accesorios-y-juguetes/juguetes-y-rascadores/07089592_73368248_99350993;;1;2026-03-17T02:25:37
00063424000458;Juguete Para Perro Brocheta Dental de Caucho, 1 Un;;8990;8990;False;https://super.lider.cl/ip/accesorios-y-juguetes/00063424000458;https://i5.walmartimages.cl/asr/e1c34bf3-f9d8-4c15-bf5c-d0883b39d116.0acce24b6afb4cf54c900e353d0cdd04.jpeg?null=&odnHeight=580&odnWidth=580&odnBg=FFFFFF;Higiene y Bienestar > Juguetes y Rascadores;https://super.lider.cl/browse/mascotas/accesorios-y-juguetes/juguetes-y-rascadores/07089592_73368248_99350993;;1;2026-03-17T02:25:37
00780041020228;Peluche Apretable Elefante, 1 Un;;6990;6990;False;https://super.lider.cl/ip/accesorios-y-juguetes/00780041020228;https://i5.walmartimages.cl/asr/b230fc87-803b-4da6-9d61-caf531c7e536.a84332c7f525f0ad41416d9bfe95cdb3.jpeg?odnHeight=580&odnWidth=580&odnBg=FFFFFF;Higiene y Bienestar > Juguetes y Rascadores;https://super.lider.cl/browse/mascotas/accesorios-y-juguetes/juguetes-y-rascadores/07089592_73368248_99350993;;1;2026-03-17T02:25:37
00780799157388;Juguete para Gato Pelota Sisal, 1 Un;;6390;6390;False;https://super.lider.cl/ip/accesorios-y-juguetes/00780799157388;https://i5.walmartimages.cl/asr/bae300c2-f098-45d4-827f-d68627e82d41.135922fc2144c81cfc3c651dd564bb2c.jpeg?null=&odnHeight=580&odnWidth=580&odnBg=FFFFFF;Higiene y Bienestar > Juguetes y Rascadores;https://super.lider.cl/browse/mascotas/accesorios-y-juguetes/juguetes-y-rascadores/07089592_73368248_99350993;;1;2026-03-17T02:25:37
00780192000083;Alimento Seco Perro Adulto Raza Mediana/Grande Carne Bolsa, 15 Kg;;1679;30990;True;https://super.lider.cl/ip/perro/00780192000083;https://i5.walmartimages.cl/asr/aea2c23a-594e-4dd7-b7c9-01d355ab4ab3.59dde1d63306be7094f4e5b641c1e43a.jpeg?null=&odnHeight=580&odnWidth=580&odnBg=FFFFFF;Accesorios y Juguetes > Alimento Seco;https://super.lider.cl/browse/mascotas/perro/alimento-seco/07089592_29432822_59354834;;1;2026-03-17T02:26:05
00780410000086;Alimento Seco Perro Adulto Raza Mediana/Grande Carne y Cereales Bolsa, 15 Kg;;1893;28390;True;https://super.lider.cl/ip/perro/00780410000086;https://i5.walmartimages.cl/asr/84203e66-65b4-404a-b786-c6daadff3eea.fd7b40e3192f632cf17581bd7fea02ca.jpeg?null=&odnHeight=580&odnWidth=580&odnBg=FFFFFF;Accesorios y Juguetes > Alimento Seco;https://super.lider.cl/browse/mascotas/perro/alimento-seco/07089592_29432822_59354834;;1;2026-03-17T02:26:05
00779745300033;Alimento Seco Perro Adulto Raza Mediana/Grande Carne Bolsa, 15 Kg;;1799;33590;True;https://super.lider.cl/ip/perro/00779745300033;https://i5.walmartimages.cl/asr/e868a89f-4d2d-49db-91b5-b2c991b8bb06.146843467c45d5729cdcdf178483afff.jpeg?null=&odnHeight=580&odnWidth=580&odnBg=FFFFFF;Accesorios y Juguetes > Alimento Seco;https://super.lider.cl/browse/mascotas/perro/alimento-seco/07089592_29432822_59354834;;1;2026-03-17T02:26:05
00844529057339;Alimento Seco Perro Adulto Multi Proteina Carne Bolsa, 12 kg;;2083;29990;True;https://super.lider.cl/ip/perro/00844529057339;https://i5.walmartimages.cl/asr/062d9d85-1182-44e2-8c5b-058ffbe0adf5.f8251bf6f0d2747c04b74aa5a98b3215.jpeg?odnHeight=580&odnWidth=580&odnBg=FFFFFF;Accesorios y Juguetes > Alimento Seco;https://super.lider.cl/browse/mascotas/perro/alimento-seco/07089592_29432822_59354834;;1;2026-03-17T02:26:05
00844529133306;Alimento Seco Perro Adulto Raza Mediana/Grande Carne y Pollo Bolsa, 12 kg;;2083;24990;True;https://super.lider.cl/ip/perro/00844529133306;https://i5.walmartimages.cl/asr/7ed1e024-9481-4f8b-80d4-60e6d1993f94.bff6b907a649dade85a1137fde50bc26.jpeg?null=&odnHeight=580&odnWidth=580&odnBg=FFFFFF;Accesorios y Juguetes > Alimento Seco;https://super.lider.cl/browse/mascotas/perro/alimento-seco/07089592_29432822_59354834;;1;2026-03-17T02:26:05
00780257554454;Alimento Seco Perro Senior Cuidado Articular Sabor Carne Bolsa, 15 kg;;1686;30990;True;https://super.lider.cl/ip/perro/00780257554454;https://i5.walmartimages.cl/asr/3cbad26b-8334-4eb9-8981-b63cde049eed.2a7e7ded54d5ef93c4d61483d8d5c8de.jpeg?null=&odnHeight=580&odnWidth=580&odnBg=FFFFFF;Accesorios y Juguetes > Alimento Seco;https://super.lider.cl/browse/mascotas/perro/alimento-seco/07089592_29432822_59354834;;1;2026-03-17T02:26:05
00780443800158;Alimento Seco Perro Adulto Raza Mediana/Grande Carne y Cereales Bolsa, 15 Kg;;1533;22990;True;https://super.lider.cl/ip/perro/00780443800158;https://i5.walmartimages.cl/asr/2725eeab-e585-4f97-b402-f0774be08133.210b63209ba2a4c2a8f51775263590ef.jpeg?odnHeight=580&odnWidth=580&odnBg=FFFFFF;Accesorios y Juguetes > Alimento Seco;https://super.lider.cl/browse/mascotas/perro/alimento-seco/07089592_29432822_59354834;;1;2026-03-17T02:26:05
00780410000280;Alimento Seco Perro Adulto Carne y Arroz Bolsa, 15 Kg;;1233;21490;True;https://super.lider.cl/ip/perro/00780410000280;https://i5.walmartimages.cl/asr/26240dd1-4e07-409e-9553-8eef56134d8b.554cf543675aa179af62a36cfef42f27.jpeg?odnHeight=580&odnWidth=580&odnBg=FFFFFF;Accesorios y Juguetes > Alimento Seco;https://super.lider.cl/browse/mascotas/perro/alimento-seco/07089592_29432822_59354834;;1;2026-03-17T02:26:05
00780257553244;Alimento Seco Perro Adulto Carne y Arroz Bolsa, 15 kg;;1439;21590;True;https://super.lider.cl/ip/perro/00780257553244;https://i5.walmartimages.cl/asr/a7b7fbbb-4746-427f-9efa-28c2ae38276e.adfd9a1729f49641cd70e6bd3d3a7756.jpeg?odnHeight=580&odnWidth=580&odnBg=FFFFFF;Accesorios y Juguetes > Alimento Seco;https://super.lider.cl/browse/mascotas/perro/alimento-seco/07089592_29432822_59354834;;1;2026-03-17T02:26:05
00779745300159;Alimento Seco Perro Senior Carne y Vegetales Bolsa, 3 Kg;;2983;11190;True;https://super.lider.cl/ip/perro/00779745300159;https://i5.walmartimages.cl/asr/614546a7-e837-462b-8973-2e8299dde77e.b7c1745a5f6e09c6f263cb212e111a39.jpeg?null=&odnHeight=580&odnWidth=580&odnBg=FFFFFF;Accesorios y Juguetes > Alimento Seco;https://super.lider.cl/browse/mascotas/perro/alimento-seco/07089592_29432822_59354834;;1;2026-03-17T02:26:05
00844529168474;Alimento Seco Perro Adulto Mediano Senior Bolsa, 12 kg;;2449;29390;True;https://super.lider.cl/ip/perro/00844529168474;https://i5.walmartimages.cl/asr/a1f86f24-1f36-43bc-86d9-32b037930ebc.135dda7dfa3dbf5d5cae026aff53f57c.jpeg?null=&odnHeight=580&odnWidth=580&odnBg=FFFFFF;Accesorios y Juguetes > Alimento Seco;https://super.lider.cl/browse/mascotas/perro/alimento-seco/07089592_29432822_59354834;;1;2026-03-17T02:26:05
00780192000105;Alimento Seco Cachorro Raza Mediana/Grande Carne y Leche Bolsa, 15 Kg;;1679;30990;True;https://super.lider.cl/ip/perro/00780192000105;https://i5.walmartimages.cl/asr/0c7ad4e6-de85-49f3-aa49-2b4e810e93e1.f7e0f88d6d80e60d50723be771683f26.jpeg?null=&odnHeight=580&odnWidth=580&odnBg=FFFFFF;Accesorios y Juguetes > Alimento Seco;https://super.lider.cl/browse/mascotas/perro/alimento-seco/07089592_29432822_59354834;;1;2026-03-17T02:26:05
00779745300157;Alimento Seco Perro Adulto Raza Pequeña Carne y Vegetales Bolsa, 3 Kg;;2240;11190;True;https://super.lider.cl/ip/perro/00779745300157;https://i5.walmartimages.cl/asr/ba656759-de40-49f1-887a-33a5c49b7061.764bfc5d6a61f25a2813650db37c3f9c.jpeg?null=&odnHeight=580&odnWidth=580&odnBg=FFFFFF;Accesorios y Juguetes > Alimento Seco;https://super.lider.cl/browse/mascotas/perro/alimento-seco/07089592_29432822_59354834;;1;2026-03-17T02:26:05
00761328790989;Alimento Seco Perro Adulto Raza Pequeña Carne y Pollo Bolsa, 3 Kg;;3597;10790;True;https://super.lider.cl/ip/perro/00761328790989;https://i5.walmartimages.cl/asr/f3ca31aa-6edc-4ffc-a8b7-c7a5b5c23c81.b416f84071f94e513f4586b9dbfef6cd.jpeg?odnHeight=580&odnWidth=580&odnBg=FFFFFF;Accesorios y Juguetes > Alimento Seco;https://super.lider.cl/browse/mascotas/perro/alimento-seco/07089592_29432822_59354834;;1;2026-03-17T02:26:05
00779745300153;Alimento Seco Perro Adulto Raza Mediana/Grande Carne Bolsa, 3 Kg;;2240;11190;True;https://super.lider.cl/ip/perro/00779745300153;https://i5.walmartimages.cl/asr/af1746d9-de0f-415b-9911-580071103d4e.25edffe9efdabd838e8821dc120c94ee.jpeg?null=&odnHeight=580&odnWidth=580&odnBg=FFFFFF;Accesorios y Juguetes > Alimento Seco;https://super.lider.cl/browse/mascotas/perro/alimento-seco/07089592_29432822_59354834;;1;2026-03-17T02:26:05
00779745300151;Alimento Seco Cachorro Carne Bolsa, 3 Kg;;2240;11190;True;https://super.lider.cl/ip/perro/00779745300151;https://i5.walmartimages.cl/asr/7e3120dc-37fc-4349-84d4-086acd2cf409.971cd7468946b8cdfaa5e9b31b66eba6.jpeg?null=&odnHeight=580&odnWidth=580&odnBg=FFFFFF;Accesorios y Juguetes > Alimento Seco;https://super.lider.cl/browse/mascotas/perro/alimento-seco/07089592_29432822_59354834;;1;2026-03-17T02:26:05
00761328722519;Alimento Seco Perro Adulto Raza Pequeña Pollo y Carne Bolsa, 2 Kg;;5345;10690;True;https://super.lider.cl/ip/perro/00761328722519;https://i5.walmartimages.cl/asr/0e4eba92-21fb-4476-ada5-9a5b51878254.cf9cc914254aaaf25ddf0a7f6ebeb897.jpeg?null=&odnHeight=580&odnWidth=580&odnBg=FFFFFF;Accesorios y Juguetes > Alimento Seco;https://super.lider.cl/browse/mascotas/perro/alimento-seco/07089592_29432822_59354834;;1;2026-03-17T02:26:05
00779745397246;Alimento Seco Cachorro Carne, 15 Kg;;1859;33890;True;https://super.lider.cl/ip/perro/00779745397246;https://i5.walmartimages.cl/asr/a26d5e7c-eed8-47a6-820a-a6113ee6e2f6.dd0241bc0b750645ae129b4d051c5222.jpeg?null=&odnHeight=580&odnWidth=580&odnBg=FFFFFF;Accesorios y Juguetes > Alimento Seco;https://super.lider.cl/browse/mascotas/perro/alimento-seco/07089592_29432822_59354834;;1;2026-03-17T02:26:05
00780091020225;Bolsas Sanitarias Ecologicas (60 Unidades), 60 Un;;3990;3990;False;https://super.lider.cl/ip/perro/00780091020225;https://i5.walmartimages.cl/asr/03d261a7-e17d-4b87-bff7-5db91e827bce.50ff18cbe3fa08470b11d8dc1d1388de.jpeg?odnHeight=580&odnWidth=580&odnBg=FFFFFF;Accesorios y Juguetes > Alimento Seco;https://super.lider.cl/browse/mascotas/perro/alimento-seco/07089592_29432822_59354834;;1;2026-03-17T02:26:05
00761328732741;Alimento Seco Perro Longevidad Sabor Carne Bolsa, 3 Kg;;3597;10790;True;https://super.lider.cl/ip/perro/00761328732741;https://i5.walmartimages.cl/asr/3b563ffb-4512-4bc8-b3cd-5bb3a4e8a948.6939abf4b00b31f5f4925a3421753870.jpeg?odnHeight=580&odnWidth=580&odnBg=FFFFFF;Accesorios y Juguetes > Alimento Seco;https://super.lider.cl/browse/mascotas/perro/alimento-seco/07089592_29432822_59354834;;1;2026-03-17T02:26:05
00780443800380;Alimento Seco Perro Adulto Carne Bolsa, 9 Kg;;12490;12490;False;https://super.lider.cl/ip/perro/00780443800380;https://i5.walmartimages.cl/asr/c5833c7c-8d41-4c33-a615-d79fd83e3929.93f63f05c6b55de6c799bcf848aae8e8.jpeg?null=&odnHeight=580&odnWidth=580&odnBg=FFFFFF;Accesorios y Juguetes > Alimento Seco;https://super.lider.cl/browse/mascotas/perro/alimento-seco/07089592_29432822_59354834;;1;2026-03-17T02:26:05
00761328722535;Alimento Seco Perro Adulto Raza Pequeña Pollo y Cordero Bolsa, 2 Kg;;5345;10690;True;https://super.lider.cl/ip/perro/00761328722535;https://i5.walmartimages.cl/asr/15d9f2a4-d13d-414a-ac33-cb3b2226dd37.86af71e0f02555e1d8b4fe1bd9295709.jpeg?null=&odnHeight=580&odnWidth=580&odnBg=FFFFFF;Accesorios y Juguetes > Alimento Seco;https://super.lider.cl/browse/mascotas/perro/alimento-seco/07089592_29432822_59354834;;1;2026-03-17T02:26:05
00761328790987;Alimento Seco Perro Adulto Raza Pequeña Carne y Pollo Bolsa, 8 Kg;;20290;20290;False;https://super.lider.cl/ip/perro/00761328790987;https://i5.walmartimages.cl/asr/9749ee14-4eda-42b2-aadc-b95b4e5bef57.eb8caf126589c7cfc90d5575ed793b70.jpeg?odnHeight=580&odnWidth=580&odnBg=FFFFFF;Accesorios y Juguetes > Alimento Seco;https://super.lider.cl/browse/mascotas/perro/alimento-seco/07089592_29432822_59354834;;1;2026-03-17T02:26:05
00780192000068;Alimento Seco Perro Senior Raza Mediana/Grande Carne Bolsa, 3 Kg;;1700;10990;True;https://super.lider.cl/ip/perro/00780192000068;https://i5.walmartimages.cl/asr/ab633c4e-d84e-4ba1-8d6b-6d962a436130.37284a0a76608625ad130355ddaa0c3c.jpeg?null=&odnHeight=580&odnWidth=580&odnBg=FFFFFF;Accesorios y Juguetes > Alimento Seco;https://super.lider.cl/browse/mascotas/perro/alimento-seco/07089592_29432822_59354834;;1;2026-03-17T02:26:05
00780192000176;Alimento Seco Perro Adulto Raza Pequeña Carne Bolsa, 3 Kg;;1700;10990;True;https://super.lider.cl/ip/perro/00780192000176;https://i5.walmartimages.cl/asr/9ea512c3-aacd-4140-950f-9f769d8f65c3.96a166a719914636d4aa8a8d82aa1964.jpeg?null=&odnHeight=580&odnWidth=580&odnBg=FFFFFF;Accesorios y Juguetes > Alimento Seco;https://super.lider.cl/browse/mascotas/perro/alimento-seco/07089592_29432822_59354834;;1;2026-03-17T02:26:05
00780257553413;Alimento Seco Perro Senior Raza Pequeña Carne Bolsa, 3 kg;;3663;10990;True;https://super.lider.cl/ip/perro/00780257553413;https://i5.walmartimages.cl/asr/f770c76a-2270-4132-8658-ceb0298506fd.77f4ae1125a1ea684ebb9d102e8a1420.jpeg?null=&odnHeight=580&odnWidth=580&odnBg=FFFFFF;Accesorios y Juguetes > Alimento Seco;https://super.lider.cl/browse/mascotas/perro/alimento-seco/07089592_29432822_59354834;;1;2026-03-17T02:26:05
00844529056371;Alimento Seco Perro Adulto Alta Proteina Carne Bolsa, 3 kg;;3597;10790;True;https://super.lider.cl/ip/perro/00844529056371;https://i5.walmartimages.cl/asr/f2a65280-72b2-4dc8-88d4-ab524f5f7e53.568cf46f2d55b724c873d6bbebd87446.jpeg?null=&odnHeight=580&odnWidth=580&odnBg=FFFFFF;Accesorios y Juguetes > Alimento Seco;https://super.lider.cl/browse/mascotas/perro/alimento-seco/07089592_29432822_59354834;;1;2026-03-17T02:26:05
00844529140092;Alimento Seco Perro Cachorro Raza Mediana y Grande Bolsa, 12 kg;;2449;29390;True;https://super.lider.cl/ip/perro/00844529140092;https://i5.walmartimages.cl/asr/8ca5ff9d-476f-449b-82b6-4af1985d49fc.c35a3f6a43d10bd4a5382938b40d0403.jpeg?null=&odnHeight=580&odnWidth=580&odnBg=FFFFFF;Accesorios y Juguetes > Alimento Seco;https://super.lider.cl/browse/mascotas/perro/alimento-seco/07089592_29432822_59354834;;1;2026-03-17T02:26:05
00761303595084;Alimento Seco Cachorro Raza Pequeña Carne y Pollo Bolsa, 3 Kg;;3597;10790;True;https://super.lider.cl/ip/perro/00761303595084;https://i5.walmartimages.cl/asr/572f4683-203b-447b-b3a3-0846aecdfe6f.15f4a7da94f99e43efa71aa88ea62ca1.jpeg?null=&odnHeight=580&odnWidth=580&odnBg=FFFFFF;Accesorios y Juguetes > Alimento Seco;https://super.lider.cl/browse/mascotas/perro/alimento-seco/07089592_29432822_59354834;;1;2026-03-17T02:26:05
00761328790976;Alimento Seco Perro Adulto Raza Mediana/Grande Carne y Pollo Bolsa, 3 Kg;;3597;10790;True;https://super.lider.cl/ip/perro/00761328790976;https://i5.walmartimages.cl/asr/e3a7340a-6425-40ce-8928-87f5a291aec0.18e3ea07cc1d65dd9fd670956a5d355e.jpeg?null=&odnHeight=580&odnWidth=580&odnBg=FFFFFF;Accesorios y Juguetes > Alimento Seco;https://super.lider.cl/browse/mascotas/perro/alimento-seco/07089592_29432822_59354834;;1;2026-03-17T02:26:05
00780257553358;Alimento Seco Perro Adulto Raza Pequeña Sabor Pollo Bolsa, 3 Kg;;5063;15190;True;https://super.lider.cl/ip/perro/00780257553358;https://i5.walmartimages.cl/asr/6e132e39-b330-47a5-ad31-1b32fb8f75b2.42beeef9139a5758d9e37acec05cce25.jpeg?null=&odnHeight=580&odnWidth=580&odnBg=FFFFFF;Accesorios y Juguetes > Alimento Seco;https://super.lider.cl/browse/mascotas/perro/alimento-seco/07089592_29432822_59354834;;1;2026-03-17T02:26:05
00761328722801;Alimento Seco Perro Adulto Raza Mediana/Grande Pollo y Cordero Bolsa, 6 Kg;;4548;27290;True;https://super.lider.cl/ip/perro/00761328722801;https://i5.walmartimages.cl/asr/2f4238bb-04fd-41c6-a9e5-736f9fb8d517.253982da55e16a20cb49f4cd7159b0b6.jpeg?null=&odnHeight=580&odnWidth=580&odnBg=FFFFFF;Accesorios y Juguetes > Alimento Seco;https://super.lider.cl/browse/mascotas/perro/alimento-seco/07089592_29432822_59354834;;1;2026-03-17T02:26:05
00780257553365;Alimento Seco Perro Adulto Raza Mediana/Grande Sabor Pollo Bolsa, 15 Kg;;2666;39990;True;https://super.lider.cl/ip/perro/00780257553365;https://i5.walmartimages.cl/asr/c6060499-d65a-4dd4-b775-f64333e7a745.ec2684da5ac25f871d6f589e359b4e67.jpeg?null=&odnHeight=580&odnWidth=580&odnBg=FFFFFF;Accesorios y Juguetes > Alimento Seco;https://super.lider.cl/browse/mascotas/perro/alimento-seco/07089592_29432822_59354834;;1;2026-03-17T02:26:05
00761328722537;Alimento Seco Perro Adulto Raza Pequeña Pollo y Cordero Bolsa, 6 Kg;;4548;27290;True;https://super.lider.cl/ip/perro/00761328722537;https://i5.walmartimages.cl/asr/4bfd9f4b-199e-40c8-8341-26851107a197.1b52d68152159ca344f3452ffa78e20c.jpeg?null=&odnHeight=580&odnWidth=580&odnBg=FFFFFF;Accesorios y Juguetes > Alimento Seco;https://super.lider.cl/browse/mascotas/perro/alimento-seco/07089592_29432822_59354834;;1;2026-03-17T02:26:05
00761328722723;Alimento Seco Perro Adulto Raza Mediana/Grande Pollo y Carne Bolsa, 12 Kg;;4299;51590;True;https://super.lider.cl/ip/perro/00761328722723;https://i5.walmartimages.cl/asr/a13141fe-49e2-47a4-bf45-13afbf80d260.e156d607351d900c8ab3d8d51b5254c8.jpeg?null=&odnHeight=580&odnWidth=580&odnBg=FFFFFF;Accesorios y Juguetes > Alimento Seco;https://super.lider.cl/browse/mascotas/perro/alimento-seco/07089592_29432822_59354834;;1;2026-03-17T02:26:05
00780257553324;Alimento Seco Perro Adulto Raza Pequeña Carne Bolsa, 8 Kg;;2873;22990;True;https://super.lider.cl/ip/perro/00780257553324;https://i5.walmartimages.cl/asr/8c132f0a-2fdc-42c3-a245-fb3424667995.5e91f329d67e4f08aae1706538dd17cd.jpeg?null=&odnHeight=580&odnWidth=580&odnBg=FFFFFF;Accesorios y Juguetes > Alimento Seco;https://super.lider.cl/browse/mascotas/perro/alimento-seco/07089592_29432822_59354834;;1;2026-03-17T02:26:05
00780192000011;Alimento Seco Cachorro Raza Mediana/Grande Sabor Carne y Leche Bolsa, 3 Kg;;1700;10990;True;https://super.lider.cl/ip/perro/00780192000011;https://i5.walmartimages.cl/asr/6bdf559c-e29d-47c1-a1f3-1d567e06c4c4.8146429fe1a75a1710b86acc3ff02d5b.jpeg?null=&odnHeight=580&odnWidth=580&odnBg=FFFFFF;Accesorios y Juguetes > Alimento Seco;https://super.lider.cl/browse/mascotas/perro/alimento-seco/07089592_29432822_59354834;;1;2026-03-17T02:26:05
00779745397411;Alimento Cachorro Razas Pequeñas, 3 kg;;2200;11190;True;https://super.lider.cl/ip/perro/00779745397411;https://i5.walmartimages.cl/asr/4fcb5d6f-1453-4eda-96ea-42ada18c0167.bef605203ac7586a69a16c55b98d30a6.jpeg?odnHeight=580&odnWidth=580&odnBg=FFFFFF;Accesorios y Juguetes > Alimento Seco;https://super.lider.cl/browse/mascotas/perro/alimento-seco/07089592_29432822_59354834;;1;2026-03-17T02:26:05
00780257554455;Alimento Seco Perro Adulto Sabor Carne Bolsa, 21 kg;;1900;39890;True;https://super.lider.cl/ip/perro/00780257554455;https://i5.walmartimages.cl/asr/a0095f78-a51a-4d6d-b16b-ed371b3ca3a7.fbe7f7d97d61cfa66720d4ed69eb76c6.jpeg?null=&odnHeight=580&odnWidth=580&odnBg=FFFFFF;Accesorios y Juguetes > Alimento Seco;https://super.lider.cl/browse/mascotas/perro/alimento-seco/07089592_29432822_59354834;;1;2026-03-17T02:26:05
00040005088011;Super Premium - Alimento Seco Gato Adulto Esterilizado De Pollo Y Salmón, 2 kg;;7995;15990;True;https://super.lider.cl/ip/perro/00040005088011;https://i5.walmartimages.cl/asr/4278f609-36ea-4334-bd45-7c0ed52372ab.5e3fba8c75f8952414b750a22246f558.jpeg?odnHeight=580&odnWidth=580&odnBg=FFFFFF;Accesorios y Juguetes > Alimento Seco;https://super.lider.cl/browse/mascotas/gato/alimento-seco/07089592_85723699_38537300;;1;2026-03-17T02:28:14
00780257553359;Alimento Seco Perro Adulto Raza Mediana/Grande Sabor Pollo Bolsa, 3 Kg;;5063;15190;True;https://super.lider.cl/ip/perro/00780257553359;https://i5.walmartimages.cl/asr/e69f19dd-ea7a-4a8d-a646-75cebfb835d0.4c37a9e4d340af6e6ac08265fee3feb9.jpeg?null=&odnHeight=580&odnWidth=580&odnBg=FFFFFF;Accesorios y Juguetes > Alimento Seco;https://super.lider.cl/browse/mascotas/perro/alimento-seco/07089592_29432822_59354834;;1;2026-03-17T02:26:05
00780192000018;Alimento Seco Perro Adulto Raza Mediana/Grande Sabor Carne Bolsa, 3 Kg;;3663;10990;True;https://super.lider.cl/ip/perro/00780192000018;https://i5.walmartimages.cl/asr/faa121d8-5635-4f87-9818-bf367d9a9a61.8d7d5a4753f70872950c9f8c54f7df7b.jpeg?null=&odnHeight=580&odnWidth=580&odnBg=FFFFFF;Accesorios y Juguetes > Alimento Seco;https://super.lider.cl/browse/mascotas/perro/alimento-seco/07089592_29432822_59354834;;1;2026-03-17T02:26:05
00780443800216;Alimento Seco Perro Adulto Raza Pequeña Carne y Cereales Bolsa, 3 Kg;;10390;10390;False;https://super.lider.cl/ip/perro/00780443800216;https://i5.walmartimages.cl/asr/cc9dde7e-c555-46d8-9965-e8ceb62dfd98.6efa1b4481ec31e089899dbb34d466f5.jpeg?null=&odnHeight=580&odnWidth=580&odnBg=FFFFFF;Accesorios y Juguetes > Alimento Seco;https://super.lider.cl/browse/mascotas/perro/alimento-seco/07089592_29432822_59354834;;1;2026-03-17T02:26:05
00761303595092;Alimento Seco Cachorro Raza Mediana/Grande Carne y Pollo Bolsa, 3 Kg;;3597;10790;True;https://super.lider.cl/ip/perro/00761303595092;https://i5.walmartimages.cl/asr/ae66ed60-6cac-45d5-9c58-0caaac6d7561.0f8f4d124ee3b4b07c58e68ae05f792d.jpeg?null=&odnHeight=580&odnWidth=580&odnBg=FFFFFF;Accesorios y Juguetes > Alimento Seco;https://super.lider.cl/browse/mascotas/perro/alimento-seco/07089592_29432822_59354834;;1;2026-03-17T02:26:05
00040005088006;Super Premium - Alimento Seco Perro Adulto Raza Pequeña De Pollo Y Arvejas, 2 kg;;5495;10990;True;https://super.lider.cl/ip/perro/00040005088006;https://i5.walmartimages.cl/asr/951dd305-c26b-4083-a0e5-9660a79301d4.f34be36bf66b9dfc9eacc3086961ab5b.jpeg?odnHeight=580&odnWidth=580&odnBg=FFFFFF;Accesorios y Juguetes > Alimento Seco;https://super.lider.cl/browse/mascotas/perro/alimento-seco/07089592_29432822_59354834?page=2;;2;2026-03-17T02:26:27
00779745397250;Alimento Seco Perro Adulto Raza Pequeña Carne y Vegetales Bolsa, 8 Kg;;3024;24190;True;https://super.lider.cl/ip/perro/00779745397250;https://i5.walmartimages.cl/asr/05da5049-9427-4a86-87fb-0485c7d5f2cc.d3fc339de74963e8eb49afa13936f07d.jpeg?null=&odnHeight=580&odnWidth=580&odnBg=FFFFFF;Accesorios y Juguetes > Alimento Seco;https://super.lider.cl/browse/mascotas/perro/alimento-seco/07089592_29432822_59354834?page=2;;2;2026-03-17T02:26:27
00761328722511;Alimento Seco Cachorro Pollo y Carne Bolsa, 6 Kg;;4548;27290;True;https://super.lider.cl/ip/perro/00761328722511;https://i5.walmartimages.cl/asr/98ebdf5e-0fe7-497a-919e-3da89ca311da.6a2ee6349fb4bde9874eb90797a8b9c8.jpeg?null=&odnHeight=580&odnWidth=580&odnBg=FFFFFF;Accesorios y Juguetes > Alimento Seco;https://super.lider.cl/browse/mascotas/perro/alimento-seco/07089592_29432822_59354834?page=2;;2;2026-03-17T02:26:27
00780257553361;Alimento Seco Cachorro Raza Pequeña Sabor Pollo Bolsa, 2,5 Kg;;6076;15190;True;https://super.lider.cl/ip/perro/00780257553361;https://i5.walmartimages.cl/asr/a0398f32-075e-4645-8786-9c67d26b9ce6.f7930d7557aca59a540c3522ae1b2af1.jpeg?null=&odnHeight=580&odnWidth=580&odnBg=FFFFFF;Accesorios y Juguetes > Alimento Seco;https://super.lider.cl/browse/mascotas/perro/alimento-seco/07089592_29432822_59354834?page=2;;2;2026-03-17T02:26:27
00844529056408;Alimento Seco Perro Adulto Multi Proteina Carne Bolsa, 3 kg;;3597;10790;True;https://super.lider.cl/ip/perro/00844529056408;https://i5.walmartimages.cl/asr/c7196a87-e5c2-495c-9995-791e8c3d51ff.1c7ca81ed6733e9be0d424fb187fbe29.jpeg?null=&odnHeight=580&odnWidth=580&odnBg=FFFFFF;Accesorios y Juguetes > Alimento Seco;https://super.lider.cl/browse/mascotas/perro/alimento-seco/07089592_29432822_59354834?page=2;;2;2026-03-17T02:26:27
00761328722553;Alimento Seco Perro Adulto Raza Mediana/Grande Pollo y Carne Bolsa, 6 Kg;;4548;27290;True;https://super.lider.cl/ip/perro/00761328722553;https://i5.walmartimages.cl/asr/5a5efc36-1543-4e78-85e6-5191f5d40a6a.383b7372c3c29cc0173596574b204a0d.jpeg?null=&odnHeight=580&odnWidth=580&odnBg=FFFFFF;Accesorios y Juguetes > Alimento Seco;https://super.lider.cl/browse/mascotas/perro/alimento-seco/07089592_29432822_59354834?page=2;;2;2026-03-17T02:26:27
00040005088009;Super Premium - Alimento Seco Cachorro Raza Mediana/Grande De Pollo Y Arveja, 2 kg;;5495;10990;True;https://super.lider.cl/ip/perro/00040005088009;https://i5.walmartimages.cl/asr/fe905f8d-6e2c-4ded-9ddf-66ca4cb90498.9a796a88aa0cad7f073ced1c2e28205d.jpeg?odnHeight=580&odnWidth=580&odnBg=FFFFFF;Accesorios y Juguetes > Alimento Seco;https://super.lider.cl/browse/mascotas/perro/alimento-seco/07089592_29432822_59354834?page=2;;2;2026-03-17T02:26:27
00040005088007;Super Premium - Alimento Seco Perro Adulto Raza Pequeña De Pollo Y Arvejas, 6 kg;;4498;26990;True;https://super.lider.cl/ip/perro/00040005088007;https://i5.walmartimages.cl/asr/478eda57-679a-43ed-9900-2a66198609b5.bd226a0aeb805fa16b47dba57c16b059.jpeg?odnHeight=580&odnWidth=580&odnBg=FFFFFF;Accesorios y Juguetes > Alimento Seco;https://super.lider.cl/browse/mascotas/perro/alimento-seco/07089592_29432822_59354834?page=2;;2;2026-03-17T02:26:27
00040005088008;Super Premium - Alimentos Seco Perro Adulto Mediano/Grande De Pollo Y Arvejas, 12 kg;;3916;46990;True;https://super.lider.cl/ip/cafe-te-y-hierbas/00040005088008;https://i5.walmartimages.cl/asr/7c6640a4-1ea8-4b08-95b6-c22a7453b2ba.3a657e02e518b8226ddf8ec77d664d00.jpeg?odnHeight=580&odnWidth=580&odnBg=FFFFFF;Accesorios y Juguetes > Alimento Seco;https://super.lider.cl/browse/mascotas/perro/alimento-seco/07089592_29432822_59354834?page=2;;2;2026-03-17T02:26:27
00780443800153;Alimento Seco Cachorro Carne y Cereales Bolsa, 3 Kg;;10390;10390;False;https://super.lider.cl/ip/perro/00780443800153;https://i5.walmartimages.cl/asr/628150e8-5bfb-42cf-a4f9-66bf650752bd.66fc51220048ccc9ac80a726f275216a.jpeg?null=&odnHeight=580&odnWidth=580&odnBg=FFFFFF;Accesorios y Juguetes > Alimento Seco;https://super.lider.cl/browse/mascotas/perro/alimento-seco/07089592_29432822_59354834?page=2;;2;2026-03-17T02:26:27
00761328722513;Alimento Seco Cachorro Sabor Pollo y Carne Bolsa;;4166;49990;True;https://super.lider.cl/ip/perro/00761328722513;https://i5.walmartimages.cl/asr/2184171f-a593-4ee9-9d2b-04bb4b0343a1.7b1be85f8d9646cb59b7721880d8ca75.jpeg?null=&odnHeight=580&odnWidth=580&odnBg=FFFFFF;Accesorios y Juguetes > Alimento Seco;https://super.lider.cl/browse/mascotas/perro/alimento-seco/07089592_29432822_59354834?page=2;;2;2026-03-17T02:26:27
00780257553363;Alimento Seco Cachorro Raza Mediana/Grande Sabor Pollo Bolsa, 2,5 Kg;;6076;15190;True;https://super.lider.cl/ip/perro/00780257553363;https://i5.walmartimages.cl/asr/733ef43d-0b84-42e3-8869-6966d22c675f.a588001a20c5882c44306d1b96c64acd.jpeg?null=&odnHeight=580&odnWidth=580&odnBg=FFFFFF;Accesorios y Juguetes > Alimento Seco;https://super.lider.cl/browse/mascotas/perro/alimento-seco/07089592_29432822_59354834?page=2;;2;2026-03-17T02:26:27
00780257553484;Delident Raza Mediana, 180 g;;1790;9944;True;https://super.lider.cl/ip/perro/00780257553484;https://i5.walmartimages.cl/asr/15c17966-862a-400b-ac13-25844125b0d4.adb77101727957357ebaecae2928ce5e.jpeg?odnHeight=580&odnWidth=580&odnBg=FFFFFF;Accesorios y Juguetes > Alimento Seco;https://super.lider.cl/browse/mascotas/perro/alimento-seco/07089592_29432822_59354834?page=2;;2;2026-03-17T02:26:27
00780257553486;Delident Raza Grande, 270 g;;2590;9593;True;https://super.lider.cl/ip/perro/00780257553486;https://i5.walmartimages.cl/asr/e1c94fd0-d773-4b35-8a74-2aa443f8a80c.38e272f18bff9c18264a1d04d021e8a4.jpeg?odnHeight=580&odnWidth=580&odnBg=FFFFFF;Accesorios y Juguetes > Alimento Seco;https://super.lider.cl/browse/mascotas/perro/alimento-seco/07089592_29432822_59354834?page=2;;2;2026-03-17T02:26:27
00780257553485;Delident Raza Pequeña, 110 g;;1590;14455;True;https://super.lider.cl/ip/perro/00780257553485;https://i5.walmartimages.cl/asr/d194875c-877a-44a2-8706-03e968a97b33.d32e41d209146baf18a7ff610734f405.jpeg?odnHeight=580&odnWidth=580&odnBg=FFFFFF;Accesorios y Juguetes > Alimento Seco;https://super.lider.cl/browse/mascotas/perro/alimento-seco/07089592_29432822_59354834?page=2;;2;2026-03-17T02:26:27
00062869382601;Indomitable Patagonia Classic Beef 460 G, 460 g;;759;3490;True;https://super.lider.cl/ip/perro/00062869382601;https://i5.walmartimages.cl/asr/b598cb10-53da-4220-8246-476d0faaa56e.4c9699ebc24bb2f6eca6429f92267ca4.jpeg?odnHeight=580&odnWidth=580&odnBg=FFFFFF;Accesorios y Juguetes > Alimento Seco;https://super.lider.cl/browse/mascotas/perro/alimento-seco/07089592_29432822_59354834?page=2;;2;2026-03-17T02:26:27
00761328722489;Alimento Seco Cachorro Pollo y Carne Bolsa, 2 Kg;;5345;10690;True;https://super.lider.cl/ip/perro/00761328722489;https://i5.walmartimages.cl/asr/ac9b9c20-ba90-4533-a202-d56d6bc22ff7.297e71cf1d54f65bd95784e2b66206a3.jpeg?null=&odnHeight=580&odnWidth=580&odnBg=FFFFFF;Accesorios y Juguetes > Alimento Seco;https://super.lider.cl/browse/mascotas/perro/alimento-seco/07089592_29432822_59354834?page=2;;2;2026-03-17T02:26:27
00780257553323;Alimento Seco Cachorro Raza Pequeña Carne y Leche Bolsa, 3 Kg;;1700;10990;True;https://super.lider.cl/ip/perro/00780257553323;https://i5.walmartimages.cl/asr/26f99190-74c3-426d-b3cf-bd6d1491e962.856762e82f88baaa60e9f1c21cee77be.jpeg?null=&odnHeight=580&odnWidth=580&odnBg=FFFFFF;Accesorios y Juguetes > Alimento Seco;https://super.lider.cl/browse/mascotas/perro/alimento-seco/07089592_29432822_59354834?page=2;;2;2026-03-17T02:26:27
00779745300079;Alimento Húmedo Perro Adulto Sabor Carne Pouch, 100 g;;810;8100;True;https://super.lider.cl/ip/perro/00779745300079;https://i5.walmartimages.cl/asr/0e9f735d-26ff-4638-bb58-2c7f2dff9b9f.a16b5c34256fd3e10a4f7d23d2717c04.jpeg?null=&odnHeight=580&odnWidth=580&odnBg=FFFFFF;Accesorios y Juguetes > Alimento Humedo;https://super.lider.cl/browse/mascotas/perro/alimento-humedo/07089592_29432822_02175062;;1;2026-03-17T02:26:57
00779745300047;Alimento Húmedo Perro Adulto Raza Pequeña Sabor Carne Pouch, 100 g;;810;8100;True;https://super.lider.cl/ip/perro/00779745300047;https://i5.walmartimages.cl/asr/b654b24d-f6cc-4263-9c7e-2c71672e8692.7967a7ca2b482175be7a6da8b65cbcf4.jpeg?null=&odnHeight=580&odnWidth=580&odnBg=FFFFFF;Accesorios y Juguetes > Alimento Humedo;https://super.lider.cl/browse/mascotas/perro/alimento-humedo/07089592_29432822_02175062;;1;2026-03-17T02:26:57
00779745300048;Alimento Húmedo Perro Adulto Raza Pequeña Sabor Pollo Pouch, 100 g;;810;8100;True;https://super.lider.cl/ip/perro/00779745300048;https://i5.walmartimages.cl/asr/1d73773f-b8fd-4633-9689-db35eacb3fe7.6f095c2e688a723eb73aa5d6ea3b49c0.jpeg?null=&odnHeight=580&odnWidth=580&odnBg=FFFFFF;Accesorios y Juguetes > Alimento Humedo;https://super.lider.cl/browse/mascotas/perro/alimento-humedo/07089592_29432822_02175062;;1;2026-03-17T02:26:57
00779745300080;Alimento Húmedo Perro Adulto Sabor Pollo Pouch, 100 g;;810;8100;True;https://super.lider.cl/ip/perro/00779745300080;https://i5.walmartimages.cl/asr/d2aa1609-666d-40a5-a3c2-2c4c3c345c79.2dd9d396475aac56786cdf65f2f74078.jpeg?null=&odnHeight=580&odnWidth=580&odnBg=FFFFFF;Accesorios y Juguetes > Alimento Humedo;https://super.lider.cl/browse/mascotas/perro/alimento-humedo/07089592_29432822_02175062;;1;2026-03-17T02:26:57
00085000671539;Puré Cremoso Perro Adulto Sabor Pollo Sachet, 14 g;;600;42679;True;https://super.lider.cl/ip/perro/00085000671539;https://i5.walmartimages.cl/asr/82983b35-b361-4ee7-b6e6-c4628e87352f.80e13f8a29db0f127cbf220f2e2e8b5f.jpeg?null=&odnHeight=580&odnWidth=580&odnBg=FFFFFF;Accesorios y Juguetes > Alimento Humedo;https://super.lider.cl/browse/mascotas/perro/alimento-humedo/07089592_29432822_02175062;;1;2026-03-17T02:26:57
00780410000174;Alimento Húmedo Perro Adulto Sabor Carne y Vegetales Sobre, 100 g;;640;6400;True;https://super.lider.cl/ip/perro/00780410000174;https://i5.walmartimages.cl/asr/4f710852-a37c-4ee6-9df7-3b92197f5f14.7823b16d3d594e278de418881d911225.jpeg?odnHeight=580&odnWidth=580&odnBg=FFFFFF;Accesorios y Juguetes > Alimento Humedo;https://super.lider.cl/browse/mascotas/perro/alimento-humedo/07089592_29432822_02175062;;1;2026-03-17T02:26:57
00779745397176;Alimento Húmedo Perro Senior Sabor Carne Pouch, 100 g;;810;8100;True;https://super.lider.cl/ip/perro/00779745397176;https://i5.walmartimages.cl/asr/bf134f15-a7cf-4225-8693-4c44f22a3aea.177814dea1e406da1226985c0792ce92.jpeg?null=&odnHeight=580&odnWidth=580&odnBg=FFFFFF;Accesorios y Juguetes > Alimento Humedo;https://super.lider.cl/browse/mascotas/perro/alimento-humedo/07089592_29432822_02175062;;1;2026-03-17T02:26:57
00780410000175;Alimento Húmedo Perro Adulto Trocitos Sabor Pollo Pouch, 100 g;;640;6400;True;https://super.lider.cl/ip/perro/00780410000175;https://i5.walmartimages.cl/asr/23c9e074-f807-4b9d-8e2d-757b89bdd515.7bcfa3067ef1e84a0404eb94141b7437.jpeg?null=&odnHeight=580&odnWidth=580&odnBg=FFFFFF;Accesorios y Juguetes > Alimento Humedo;https://super.lider.cl/browse/mascotas/perro/alimento-humedo/07089592_29432822_02175062;;1;2026-03-17T02:26:57
00085000671543;Puré Cremoso Perro Adulto Sabor Pollo y Vegetales Sachet, 14 g;;600;42679;True;https://super.lider.cl/ip/perro/00085000671543;https://i5.walmartimages.cl/asr/e7e8ea6c-694e-49a6-9f40-1f770d881817.326987a3290b0107e15e2b2d7ed26380.jpeg?null=&odnHeight=580&odnWidth=580&odnBg=FFFFFF;Accesorios y Juguetes > Alimento Humedo;https://super.lider.cl/browse/mascotas/perro/alimento-humedo/07089592_29432822_02175062;;1;2026-03-17T02:26:57
00779745300046;Alimento Húmedo Cachorro Sabor Carne Pouch, 85 g;;810;8100;True;https://super.lider.cl/ip/perro/00779745300046;https://i5.walmartimages.cl/asr/53a7ba70-ab84-4c2d-aee8-4b713f3f93ce.c08340750728460fea1ca77939de4cd4.jpeg?null=&odnHeight=580&odnWidth=580&odnBg=FFFFFF;Accesorios y Juguetes > Alimento Humedo;https://super.lider.cl/browse/mascotas/perro/alimento-humedo/07089592_29432822_02175062;;1;2026-03-17T02:26:57
00789602902225;Alimento Húmedo Cachorro Sabor Pollo Pouch, 100 g;;810;8100;True;https://super.lider.cl/ip/perro/00789602902225;https://i5.walmartimages.cl/asr/8f0d68ca-df48-4696-b9fc-9ee7d03b8561.2815e308639c152b8007977ba0236c5f.jpeg?null=&odnHeight=580&odnWidth=580&odnBg=FFFFFF;Accesorios y Juguetes > Alimento Humedo;https://super.lider.cl/browse/mascotas/perro/alimento-humedo/07089592_29432822_02175062;;1;2026-03-17T02:26:57
00780410000252;Alimento Húmedo Cachorro Trocitos Sabor Carne Pouch, 100 g;;640;6400;True;https://super.lider.cl/ip/perro/00780410000252;https://i5.walmartimages.cl/asr/b9302069-9f3e-4716-a01c-e03d85d5c7b4.051d9dd97b5b2ac85b5ef01d686da3b7.jpeg?null=&odnHeight=580&odnWidth=580&odnBg=FFFFFF;Accesorios y Juguetes > Alimento Humedo;https://super.lider.cl/browse/mascotas/perro/alimento-humedo/07089592_29432822_02175062;;1;2026-03-17T02:26:57
00780257553175;Alimento Húmedo Perro Adulto Trocitos Sabor Carne Pouch, 100 g;;680;6800;True;https://super.lider.cl/ip/perro/00780257553175;https://i5.walmartimages.cl/asr/c745ecb0-6794-4f19-81ed-f5fe2e77d765.fae644feaf69d4218444897a4f9a9931.jpeg?null=&odnHeight=580&odnWidth=580&odnBg=FFFFFF;Accesorios y Juguetes > Alimento Humedo;https://super.lider.cl/browse/mascotas/perro/alimento-humedo/07089592_29432822_02175062;;1;2026-03-17T02:26:57
00085000671554;Snack Perro Adulto Sabor Pollo Sachet Pack 8 Un, 14 g;;1360;6790;True;https://super.lider.cl/ip/perro/00085000671554;https://i5.walmartimages.cl/asr/57fc4ef8-6236-4054-a71d-dd11db44603f.8330fcccc8bf756223843de901ed417f.jpeg?odnHeight=580&odnWidth=580&odnBg=FFFFFF;Accesorios y Juguetes > Alimento Humedo;https://super.lider.cl/browse/mascotas/perro/alimento-humedo/07089592_29432822_02175062;;1;2026-03-17T02:26:57
00780443800335;Alimento Húmedo Perro Adulto Trocitos Sabor Carne Pouch, 100 g;;630;6300;True;https://super.lider.cl/ip/perro/00780443800335;https://i5.walmartimages.cl/asr/5b464c08-6154-41d7-9dbe-22008dce37cf.3d3909cdfee95fcd6400acd903595fee.jpeg?null=&odnHeight=580&odnWidth=580&odnBg=FFFFFF;Accesorios y Juguetes > Alimento Humedo;https://super.lider.cl/browse/mascotas/perro/alimento-humedo/07089592_29432822_02175062;;1;2026-03-17T02:26:57
00780257553172;Alimento Húmedo Perro Adulto Trocitos Sabor Pollo Pouch, 100 g;;680;6800;True;https://super.lider.cl/ip/perro/00780257553172;https://i5.walmartimages.cl/asr/8f1339ba-8158-4d3f-8bba-7c37685bef8b.fb5be463d40cbbd86a71336419df7f20.jpeg?null=&odnHeight=580&odnWidth=580&odnBg=FFFFFF;Accesorios y Juguetes > Alimento Humedo;https://super.lider.cl/browse/mascotas/perro/alimento-humedo/07089592_29432822_02175062;;1;2026-03-17T02:26:57
00780443800336;Alimento Húmedo Perro Adulto Trocitos Sabor Pollo Pouch, 100 g;;630;6300;True;https://super.lider.cl/ip/perro/00780443800336;https://i5.walmartimages.cl/asr/91e91133-9edb-4524-bc3c-60dcd63f40cc.bd7580bed2fadd3f8695e6fd9ceaff8d.jpeg?null=&odnHeight=580&odnWidth=580&odnBg=FFFFFF;Accesorios y Juguetes > Alimento Humedo;https://super.lider.cl/browse/mascotas/perro/alimento-humedo/07089592_29432822_02175062;;1;2026-03-17T02:26:57
00780257553332;Alimento Húmedo Perro Adulto Raza Pequeña Trocitos Sabor Carne Pouch, 85 g;;680;8000;True;https://super.lider.cl/ip/perro/00780257553332;https://i5.walmartimages.cl/asr/38adf045-7af5-4f7b-a283-75bf6836ec26.cd311be0f3b6a4c871c6d2189b1e58ad.jpeg?null=&odnHeight=580&odnWidth=580&odnBg=FFFFFF;Accesorios y Juguetes > Alimento Humedo;https://super.lider.cl/browse/mascotas/perro/alimento-humedo/07089592_29432822_02175062;;1;2026-03-17T02:26:57
00780257553445;Alimento Húmedo Perro Senior Trocitos Sabor Carne Pouch, 100 g;;680;68000;True;https://super.lider.cl/ip/perro/00780257553445;https://i5.walmartimages.cl/asr/e7c759f6-923e-42ba-a70f-792840e488aa.978c025bb2a6cef2ff833eecfacbfe13.jpeg?null=&odnHeight=580&odnWidth=580&odnBg=FFFFFF;Accesorios y Juguetes > Alimento Humedo;https://super.lider.cl/browse/mascotas/perro/alimento-humedo/07089592_29432822_02175062;;1;2026-03-17T02:26:57
00789100011567;Alimento Húmedo Perro Adulto Sabor Cordero Pouch, 100 g;;830;8300;True;https://super.lider.cl/ip/perro/00789100011567;https://i5.walmartimages.cl/asr/45ed87d6-6f1a-4e3d-a916-5e73b9561dd3.ea84e932863ece53bc6745bae7efe6ba.jpeg?null=&odnHeight=580&odnWidth=580&odnBg=FFFFFF;Accesorios y Juguetes > Alimento Humedo;https://super.lider.cl/browse/mascotas/perro/alimento-humedo/07089592_29432822_02175062;;1;2026-03-17T02:26:57
00789100011563;Alimento Húmedo Perro Adulto Sabor Carne Pouch, 100 g;;830;8300;True;https://super.lider.cl/ip/perro/00789100011563;https://i5.walmartimages.cl/asr/c9b13770-ccfd-45ad-986f-499516b50129.5b2bd67cb50fb8129b2e1fc40fc7339e.jpeg?null=&odnHeight=580&odnWidth=580&odnBg=FFFFFF;Accesorios y Juguetes > Alimento Humedo;https://super.lider.cl/browse/mascotas/perro/alimento-humedo/07089592_29432822_02175062;;1;2026-03-17T02:26:57
00789100033234;Alimento Húmedo Perro Adulto Sabor Carne, Pollo y Cordero Pouch, 85 g;;1250;14705;True;https://super.lider.cl/ip/perro/00789100033234;https://i5.walmartimages.cl/asr/e166a1e9-137f-4b8f-a321-dbefc4db8354.71485111fced08dbbb44691c27096068.jpeg?null=&odnHeight=580&odnWidth=580&odnBg=FFFFFF;Accesorios y Juguetes > Alimento Humedo;https://super.lider.cl/browse/mascotas/perro/alimento-humedo/07089592_29432822_02175062;;1;2026-03-17T02:26:57
00789100011565;Alimento Húmedo Perro Adulto Sabor Pollo Pouch, 100 g;;830;8300;True;https://super.lider.cl/ip/perro/00789100011565;https://i5.walmartimages.cl/asr/0a3bdf24-68c5-49db-866c-d02485249bfe.a5ed92636e173cac3ee6656af122ec2e.jpeg?null=&odnHeight=580&odnWidth=580&odnBg=FFFFFF;Accesorios y Juguetes > Alimento Humedo;https://super.lider.cl/browse/mascotas/perro/alimento-humedo/07089592_29432822_02175062;;1;2026-03-17T02:26:57
00085000671556;Snack Perro Adulto Sabor Pollo y Salmón Sachet Pack 8 Un, 14 g;;6790;7073;True;https://super.lider.cl/ip/perro/00085000671556;https://i5.walmartimages.cl/asr/330829bd-b521-4c31-b119-27fa9e8b841d.f30c6cb00589dfadccda11b6322d37c7.jpeg?odnHeight=580&odnWidth=580&odnBg=FFFFFF;Accesorios y Juguetes > Alimento Humedo;https://super.lider.cl/browse/mascotas/perro/alimento-humedo/07089592_29432822_02175062;;1;2026-03-17T02:26:57
00780257553266;Alimento Húmedo Cachorro Trocitos Sabor Pollo Pouch, 85 g;;680;8000;True;https://super.lider.cl/ip/perro/00780257553266;https://i5.walmartimages.cl/asr/0b0d5a2b-6294-4e0d-98c6-22c60074d151.52e2356c04dcbd7f1c7648f0c1d1391d.jpeg?null=&odnHeight=580&odnWidth=580&odnBg=FFFFFF;Accesorios y Juguetes > Alimento Humedo;https://super.lider.cl/browse/mascotas/perro/alimento-humedo/07089592_29432822_02175062;;1;2026-03-17T02:26:57
00789100033210;Alimento Húmedo Perro Adulto y Cachorro Superfoods Sabor Salmón Pouch, 85 g;;1250;14705;True;https://super.lider.cl/ip/perro/00789100033210;https://i5.walmartimages.cl/asr/9d2740a5-cff1-4afe-96af-aa7d9eb3eeb4.0a31624a37b3721c8fa3537576079d45.jpeg?null=&odnHeight=580&odnWidth=580&odnBg=FFFFFF;Accesorios y Juguetes > Alimento Humedo;https://super.lider.cl/browse/mascotas/perro/alimento-humedo/07089592_29432822_02175062;;1;2026-03-17T02:26:57
00789100024413;Alimento Húmedo Perro Adulto Raza Pequeña Sabor Carne Pouch, 100 g;;830;8300;True;https://super.lider.cl/ip/perro/00789100024413;https://i5.walmartimages.cl/asr/8b7e7e6a-7d76-42f0-9393-3a672ed241ce.accd58c062b59afee7ddc4301327a1af.jpeg?null=&odnHeight=580&odnWidth=580&odnBg=FFFFFF;Accesorios y Juguetes > Alimento Humedo;https://super.lider.cl/browse/mascotas/perro/alimento-humedo/07089592_29432822_02175062;;1;2026-03-17T02:26:57
00789100024474;Alimento Húmedo Cachorro Sabor Carne Pouch, 100 g;;830;8300;True;https://super.lider.cl/ip/perro/00789100024474;https://i5.walmartimages.cl/asr/0da541c9-f1a2-489a-abb1-58aea6a76058.68509ab6d7f353d241db1bd9f3c5acfd.jpeg?null=&odnHeight=580&odnWidth=580&odnBg=FFFFFF;Accesorios y Juguetes > Alimento Humedo;https://super.lider.cl/browse/mascotas/perro/alimento-humedo/07089592_29432822_02175062;;1;2026-03-17T02:26:57
00780257553397;Alimento Húmedo Perro Adulto y Cachorro Sabor Pechuga de Pollo con Salmón al Jugo Pouch, 100 g;;1250;12500;True;https://super.lider.cl/ip/perro/00780257553397;https://i5.walmartimages.cl/asr/e7123409-17bc-48be-a4a7-eaa5f043e5ca.75fc77191cca8ec2b45d191eb7d20ffb.jpeg?null=&odnHeight=580&odnWidth=580&odnBg=FFFFFF;Accesorios y Juguetes > Alimento Humedo;https://super.lider.cl/browse/mascotas/perro/alimento-humedo/07089592_29432822_02175062;;1;2026-03-17T02:26:57
00065952550933;Alimento Natural Para Perro Sachet Vacuno, 200 g;;2290;11450;True;https://super.lider.cl/ip/perro/00065952550933;https://i5.walmartimages.cl/asr/271f0887-9b81-487b-8227-7e7b5e607dbd.02f8303ad423b5776490d477fe6e5382.jpeg?odnHeight=580&odnWidth=580&odnBg=FFFFFF;Accesorios y Juguetes > Alimento Humedo;https://super.lider.cl/browse/mascotas/perro/alimento-humedo/07089592_29432822_02175062;;1;2026-03-17T02:26:57
00065952550938;Alimento Natural Para Gato Sachet Renal, 200 g;;2850;14250;True;https://super.lider.cl/ip/perro/00065952550938;https://i5.walmartimages.cl/asr/b0e8cdad-b1b5-4a73-8559-6357312f600d.660022ebd697238bafef89bcf0d6aea8.jpeg?odnHeight=580&odnWidth=580&odnBg=FFFFFF;Accesorios y Juguetes > Alimento Humedo;https://super.lider.cl/browse/mascotas/perro/alimento-humedo/07089592_29432822_02175062;;1;2026-03-17T02:26:57
00074674766586;Snack para Perro Beef Crema de Cordero Pouch, 90 g;;2090;2090;False;https://super.lider.cl/ip/perro/00074674766586;https://i5.walmartimages.cl/asr/5aeda8a5-d7f5-41b0-a454-41a16c533ece.15bc6a2f729a87f53bb166a8a0123e50.jpeg?odnHeight=580&odnWidth=580&odnBg=FFFFFF;Accesorios y Juguetes > Alimento Humedo;https://super.lider.cl/browse/mascotas/perro/alimento-humedo/07089592_29432822_02175062;;1;2026-03-17T02:26:57
00065952550935;Alimento Natural Para Gato Sachet Pollo, 200 g;;2850;14250;True;https://super.lider.cl/ip/perro/00065952550935;https://i5.walmartimages.cl/asr/1a4e4dc3-d39e-4566-830b-e8aaaa2d802b.043c649b22d5213d95a946ec6d8e3bba.jpeg?odnHeight=580&odnWidth=580&odnBg=FFFFFF;Accesorios y Juguetes > Alimento Humedo;https://super.lider.cl/browse/mascotas/perro/alimento-humedo/07089592_29432822_02175062;;1;2026-03-17T02:26:57
00074674766585;Snack para Perro Beef Crema de Vacuno Pouch, 90 g;;2090;2090;False;https://super.lider.cl/ip/perro/00074674766585;https://i5.walmartimages.cl/asr/d3eae884-f2fb-49ca-be8b-4bc7b9f94342.474a5c113c09356c8798515d3b3b9c64.jpeg?odnHeight=580&odnWidth=580&odnBg=FFFFFF;Accesorios y Juguetes > Alimento Humedo;https://super.lider.cl/browse/mascotas/perro/alimento-humedo/07089592_29432822_02175062;;1;2026-03-17T02:26:57
00065952550930;Alimento Natural Para Perro Sachet Salmón, 200 g;;2290;11450;True;https://super.lider.cl/ip/perro/00065952550930;https://i5.walmartimages.cl/asr/7e72fbe0-2218-42dc-a552-31bfeb64edce.66c66484bec5fb1ec7bb9617d23201a7.jpeg?odnHeight=580&odnWidth=580&odnBg=FFFFFF;Accesorios y Juguetes > Alimento Humedo;https://super.lider.cl/browse/mascotas/perro/alimento-humedo/07089592_29432822_02175062;;1;2026-03-17T02:26:57
00789100033230;Alimento Húmedo Perro Adulto y Cachorro Super Nutrientes Sabor Pollo Pouch, 85 g;;1250;14705;True;https://super.lider.cl/ip/perro/00789100033230;https://i5.walmartimages.cl/asr/222efdef-f336-46fd-bfef-00b8e8f9b97f.7590fcfed97e81d390af24ef445500ec.jpeg?null=&odnHeight=580&odnWidth=580&odnBg=FFFFFF;Accesorios y Juguetes > Alimento Humedo;https://super.lider.cl/browse/mascotas/perro/alimento-humedo/07089592_29432822_02175062;;1;2026-03-17T02:26:57
00085000671539;Puré Cremoso Perro Adulto Sabor Pollo Sachet, 14 g;;600;42679;True;https://super.lider.cl/ip/perro/00085000671539;https://i5.walmartimages.cl/asr/82983b35-b361-4ee7-b6e6-c4628e87352f.80e13f8a29db0f127cbf220f2e2e8b5f.jpeg?null=&odnHeight=580&odnWidth=580&odnBg=FFFFFF;Accesorios y Juguetes > Snack y Premios;https://super.lider.cl/browse/mascotas/perro/snack-y-premios/07089592_29432822_49543527;;1;2026-03-17T02:27:23
00789100009824;Snack Perro Adulto Doguitos Tira de Asado Bolsa, 65 g;;1650;25385;True;https://super.lider.cl/ip/perro/00789100009824;https://i5.walmartimages.cl/asr/58dc1f92-9ec4-4c7b-a088-db27e480a723.a7b68b7e6d214f4d61336b2bb24ef9e4.jpeg?odnHeight=580&odnWidth=580&odnBg=FFFFFF;Accesorios y Juguetes > Snack y Premios;https://super.lider.cl/browse/mascotas/perro/snack-y-premios/07089592_29432822_49543527;;1;2026-03-17T02:27:23
00789602905236;Snack Perro Adulto Dentastix Raza Grande Bolsa, 7 Un;;990;7407;True;https://super.lider.cl/ip/perro/00789602905236;https://i5.walmartimages.cl/asr/b72a0340-8a7e-445d-987e-d77826b7c48f.67d7f545de0f5d6f051cdd61b6f51c62.jpeg?null=&odnHeight=580&odnWidth=580&odnBg=FFFFFF;Accesorios y Juguetes > Snack y Premios;https://super.lider.cl/browse/mascotas/perro/snack-y-premios/07089592_29432822_49543527;;1;2026-03-17T02:27:23
00779745397185;Snack Perro Adulto Rodeo Sabor Carne Bolsa, 70 g;;350;14286;True;https://super.lider.cl/ip/perro/00779745397185;https://i5.walmartimages.cl/asr/b4fc4b02-3128-4841-9ccd-ca9533d7b4b5.85a4df2d575002a01bfc2f809c1ee895.jpeg?null=&odnHeight=580&odnWidth=580&odnBg=FFFFFF;Accesorios y Juguetes > Snack y Premios;https://super.lider.cl/browse/mascotas/perro/snack-y-premios/07089592_29432822_49543527;;1;2026-03-17T02:27:23
00085000671543;Puré Cremoso Perro Adulto Sabor Pollo y Vegetales Sachet, 14 g;;600;42679;True;https://super.lider.cl/ip/perro/00085000671543;https://i5.walmartimages.cl/asr/e7e8ea6c-694e-49a6-9f40-1f770d881817.326987a3290b0107e15e2b2d7ed26380.jpeg?null=&odnHeight=580&odnWidth=580&odnBg=FFFFFF;Accesorios y Juguetes > Snack y Premios;https://super.lider.cl/browse/mascotas/perro/snack-y-premios/07089592_29432822_49543527;;1;2026-03-17T02:27:23
00780550500667;Huesito para perro extra calcio, 40 g;;2650;66250;True;https://super.lider.cl/ip/perro/00780550500667;https://i5.walmartimages.cl/asr/df6e28ce-a16d-45a7-a116-20c45b05fcf0.597db748b1dd8de5f403c8ab4a8102e0.jpeg?odnHeight=580&odnWidth=580&odnBg=FFFFFF;Accesorios y Juguetes > Snack y Premios;https://super.lider.cl/browse/mascotas/perro/snack-y-premios/07089592_29432822_49543527;;1;2026-03-17T02:27:23
00780460346599;Sanck para Perro Garra de pollo Bolsa, 65 g;;2750;42308;True;https://super.lider.cl/ip/perro/00780460346599;https://i5.walmartimages.cl/asr/1ec56648-6132-4af2-b8a4-2cde23b96808.626abb4e99a6b13318eadf1ca4879269.jpeg?null=&odnHeight=580&odnWidth=580&odnBg=FFFFFF;Accesorios y Juguetes > Snack y Premios;https://super.lider.cl/browse/mascotas/perro/snack-y-premios/07089592_29432822_49543527;;1;2026-03-17T02:27:23
00074674766603;Brocheta Pato Cordero y Ternera 18 un, 345 g;;7990;7990;False;https://super.lider.cl/ip/perro/00074674766603;https://i5.walmartimages.cl/asr/4f00451f-6b4c-464f-9dc3-28305b060335.2224310dffab3e3fe8b08700064ba8b4.jpeg?null=&odnHeight=580&odnWidth=580&odnBg=FFFFFF;Accesorios y Juguetes > Snack y Premios;https://super.lider.cl/browse/mascotas/perro/snack-y-premios/07089592_29432822_49543527;;1;2026-03-17T02:27:23
00780460346597;Sanck para Perro Pulmón de Vacuno Bolsa, 50 g;;2590;51800;True;https://super.lider.cl/ip/perro/00780460346597;https://i5.walmartimages.cl/asr/fbf6e2dd-ca71-4d4b-8104-0093c98a29c5.e4f3f13e677272d538bdc8798eab3e37.jpeg?null=&odnHeight=580&odnWidth=580&odnBg=FFFFFF;Accesorios y Juguetes > Snack y Premios;https://super.lider.cl/browse/mascotas/perro/snack-y-premios/07089592_29432822_49543527;;1;2026-03-17T02:27:23
00789602905233;Snack Perro Adulto Dentastix Raza Pequeña Bolsa, 7 Un;;1890;17181;True;https://super.lider.cl/ip/perro/00789602905233;https://i5.walmartimages.cl/asr/85ac18ef-0211-4bcb-aaa7-c2434830a241.7569427a7498321fe4f0eca3f50c516c.jpeg?null=&odnHeight=580&odnWidth=580&odnBg=FFFFFF;Accesorios y Juguetes > Snack y Premios;https://super.lider.cl/browse/mascotas/perro/snack-y-premios/07089592_29432822_49543527;;1;2026-03-17T02:27:23
00780192000178;Galletas Perro Adulto Sabor Carne Bolsa, 500 g;;2850;5700;True;https://super.lider.cl/ip/perro/00780192000178;https://i5.walmartimages.cl/asr/b6ed4f57-d19b-4762-8d8e-ff397d7ee036.dcc783249086c40746974ffe8bfebd6a.jpeg?odnHeight=580&odnWidth=580&odnBg=FFFFFF;Accesorios y Juguetes > Snack y Premios;https://super.lider.cl/browse/mascotas/perro/snack-y-premios/07089592_29432822_49543527;;1;2026-03-17T02:27:23
00780257553346;Galletas Perro Adulto Raza Pequeña Sabor Carne Bolsa, 500 g;;2850;5700;True;https://super.lider.cl/ip/perro/00780257553346;https://i5.walmartimages.cl/asr/dc585598-3558-49d5-92c5-5b105670c1e1.ce9fa845eca128449ce2bfa9338c339e.jpeg?odnHeight=580&odnWidth=580&odnBg=FFFFFF;Accesorios y Juguetes > Snack y Premios;https://super.lider.cl/browse/mascotas/perro/snack-y-premios/07089592_29432822_49543527;;1;2026-03-17T02:27:23
00789100009847;Snack Perro Adulto Doguitos Medallones de Carne Bolsa, 65 g;;1650;25385;True;https://super.lider.cl/ip/perro/00789100009847;https://i5.walmartimages.cl/asr/767738f5-c8f1-41a8-aa3a-bce84dd5f899.58cb2a9be22b3925990418edbc328cc7.jpeg?null=&odnHeight=580&odnWidth=580&odnBg=FFFFFF;Accesorios y Juguetes > Snack y Premios;https://super.lider.cl/browse/mascotas/perro/snack-y-premios/07089592_29432822_49543527;;1;2026-03-17T02:27:23
00779745397184;Snack Perro Adulto Dentastix Raza Mediana Bolsa, 7 Un;;2150;11944;True;https://super.lider.cl/ip/perro/00779745397184;https://i5.walmartimages.cl/asr/b4586182-6a43-4502-85bf-e83b3812f4c0.bef1e5274d59073c1537fc2ab5754e41.jpeg?null=&odnHeight=580&odnWidth=580&odnBg=FFFFFF;Accesorios y Juguetes > Snack y Premios;https://super.lider.cl/browse/mascotas/perro/snack-y-premios/07089592_29432822_49543527;;1;2026-03-17T02:27:23
00780460346598;Snack para Perro Mix Aperitivo Bolsa, 300 g;;3890;12967;True;https://super.lider.cl/ip/perro/00780460346598;https://i5.walmartimages.cl/asr/7e1c6ef5-f7c2-4ab7-b06a-942b8ec256d4.9e6d113bd31a4b76430d6096e3a6a2fc.jpeg?null=&odnHeight=580&odnWidth=580&odnBg=FFFFFF;Accesorios y Juguetes > Snack y Premios;https://super.lider.cl/browse/mascotas/perro/snack-y-premios/07089592_29432822_49543527;;1;2026-03-17T02:27:23
00780445700201;Snack Perro Classic Duck Strip Bolsa, g g;;2990;29900;True;https://super.lider.cl/ip/perro/00780445700201;https://i5.walmartimages.cl/asr/c4c80180-8c83-427c-853f-b805c74f4c29.34363909bcfd09d65a24dbff0a0e0673.jpeg?null=&odnHeight=580&odnWidth=580&odnBg=FFFFFF;Accesorios y Juguetes > Snack y Premios;https://super.lider.cl/browse/mascotas/perro/snack-y-premios/07089592_29432822_49543527;;1;2026-03-17T02:27:23
00085000671554;Snack Perro Adulto Sabor Pollo Sachet Pack 8 Un, 14 g;;1360;6790;True;https://super.lider.cl/ip/perro/00085000671554;https://i5.walmartimages.cl/asr/57fc4ef8-6236-4054-a71d-dd11db44603f.8330fcccc8bf756223843de901ed417f.jpeg?odnHeight=580&odnWidth=580&odnBg=FFFFFF;Accesorios y Juguetes > Snack y Premios;https://super.lider.cl/browse/mascotas/perro/snack-y-premios/07089592_29432822_49543527;;1;2026-03-17T02:27:23
00779745397188;Galletas Perro Adulto Sabor Clásicas Biscrok Multi Bolsa, 500 g;;3790;7580;True;https://super.lider.cl/ip/perro/00779745397188;https://i5.walmartimages.cl/asr/03f36556-5c8e-469f-8c4d-b36a999ca102.578365fc4de80767a07153a71999c7e3.jpeg?null=&odnHeight=580&odnWidth=580&odnBg=FFFFFF;Accesorios y Juguetes > Snack y Premios;https://super.lider.cl/browse/mascotas/perro/snack-y-premios/07089592_29432822_49543527;;1;2026-03-17T02:27:23
00065952511103;Snack Perro Adulto Tiritas de Cordero Bolsa, 400 g;;9690;9690;False;https://super.lider.cl/ip/perro/00065952511103;https://i5.walmartimages.cl/asr/064c2a65-decd-45d2-b21c-c57aef523119.2c541055a491df951bce4ba54c365940.jpeg?null=&odnHeight=580&odnWidth=580&odnBg=FFFFFF;Accesorios y Juguetes > Snack y Premios;https://super.lider.cl/browse/mascotas/perro/snack-y-premios/07089592_29432822_49543527;;1;2026-03-17T02:27:23
00779745397186;Snack Perro Adulto Rodeo Sabor Pollo Bolsa, 70 g;;350;14286;True;https://super.lider.cl/ip/perro/00779745397186;https://i5.walmartimages.cl/asr/c8ac0154-74c5-46d9-84d0-a7071efc7687.51f220872273ed020ac8a97ecc4eb4fa.jpeg?null=&odnHeight=580&odnWidth=580&odnBg=FFFFFF;Accesorios y Juguetes > Snack y Premios;https://super.lider.cl/browse/mascotas/perro/snack-y-premios/07089592_29432822_49543527;;1;2026-03-17T02:27:23
00780465625000;Hueso Cuero Natural Tamaño S, 1 Un;;1490;1490;False;https://super.lider.cl/ip/perro/00780465625000;https://i5.walmartimages.cl/asr/99396036-bc04-49c5-9187-3bd2d043b959.f6657dd2f874a3dc6f4b2270735f9e08.jpeg?null=&odnHeight=580&odnWidth=580&odnBg=FFFFFF;Accesorios y Juguetes > Snack y Premios;https://super.lider.cl/browse/mascotas/perro/snack-y-premios/07089592_29432822_49543527;;1;2026-03-17T02:27:23
00400823934322;Snack Perro Beef Stick Rustico, g;;2590;47090;True;https://super.lider.cl/ip/perro/00400823934322;https://i5.walmartimages.cl/asr/8f52e8ae-aea7-4731-b10b-ad522a5f0457.45860cf645f726dbb3a27452788ae296.jpeg?null=&odnHeight=580&odnWidth=580&odnBg=FFFFFF;Accesorios y Juguetes > Snack y Premios;https://super.lider.cl/browse/mascotas/perro/snack-y-premios/07089592_29432822_49543527;;1;2026-03-17T02:27:23
00074674766573;Snacks Tiritas de Perro Pequeños, Medianos y Adultos Sabor Carne Bolsa, 75 g;;1590;21200;True;https://super.lider.cl/ip/perro/00074674766573;https://i5.walmartimages.cl/asr/bf7ee51f-854d-488b-9002-a316dfc4ef57.dab624c0504068e86faa92bc720a0469.jpeg?null=&odnHeight=580&odnWidth=580&odnBg=FFFFFF;Accesorios y Juguetes > Snack y Premios;https://super.lider.cl/browse/mascotas/perro/snack-y-premios/07089592_29432822_49543527;;1;2026-03-17T02:27:23
00780465625182;Snack Perro Adulto Tiritas de Cordero Bolsa, 100 g;;3490;3490;False;https://super.lider.cl/ip/perro/00780465625182;https://i5.walmartimages.cl/asr/4a4c24b9-5d07-4b3b-a81e-f3377a50e17a.3175534e22418068b6f321a5e67e4a9d.jpeg?null=&odnHeight=580&odnWidth=580&odnBg=FFFFFF;Accesorios y Juguetes > Snack y Premios;https://super.lider.cl/browse/mascotas/perro/snack-y-premios/07089592_29432822_49543527;;1;2026-03-17T02:27:23
00780465625063;Snack Perro Adulto Sticks Cuero Vacuno con Giros Pollo Bolsa, 100 g;;3490;3490;False;https://super.lider.cl/ip/perro/00780465625063;https://i5.walmartimages.cl/asr/e0d96c06-8cf2-4df9-a0c9-80b12bf05e8a.f8c8a34e6d092316195393eb9bc85bc3.jpeg?null=&odnHeight=580&odnWidth=580&odnBg=FFFFFF;Accesorios y Juguetes > Snack y Premios;https://super.lider.cl/browse/mascotas/perro/snack-y-premios/07089592_29432822_49543527;;1;2026-03-17T02:27:23
00780445700226;Snack Perro Meat Mix Lamb con Spinaca & Beef Apple Bolsa, g g;;3690;36900;True;https://super.lider.cl/ip/perro/00780445700226;https://i5.walmartimages.cl/asr/7e5ad2c2-eaa0-4d27-9a91-660a2520c6ad.621ff63e428e512418c98478d3f52b56.jpeg?null=&odnHeight=580&odnWidth=580&odnBg=FFFFFF;Accesorios y Juguetes > Snack y Premios;https://super.lider.cl/browse/mascotas/perro/snack-y-premios/07089592_29432822_49543527;;1;2026-03-17T02:27:23
00780257553334;Snack Salsa Perro Todas las Edades Sabor Carne al Jugo Doypack, 300 g;;2150;7167;True;https://super.lider.cl/ip/perro/00780257553334;https://i5.walmartimages.cl/asr/9a8bd22d-5798-4383-985f-1c1b5252223c.ec7112e1059a4b59a206f58b3359aed8.jpeg?null=&odnHeight=580&odnWidth=580&odnBg=FFFFFF;Accesorios y Juguetes > Snack y Premios;https://super.lider.cl/browse/mascotas/perro/snack-y-premios/07089592_29432822_49543527;;1;2026-03-17T02:27:23
00780257553421;Snack Perro Pellet Todos Los Tamaños Multivitamínico Sabor Pollo Bolsa, 300 g;;2490;8299;True;https://super.lider.cl/ip/perro/00780257553421;https://i5.walmartimages.cl/asr/bb55dc91-24bc-4499-a861-9d791a82c086.c31e8073f757887488cab9552ce0f689.jpeg?null=&odnHeight=580&odnWidth=580&odnBg=FFFFFF;Accesorios y Juguetes > Snack y Premios;https://super.lider.cl/browse/mascotas/perro/snack-y-premios/07089592_29432822_49543527;;1;2026-03-17T02:27:23
00780192000177;Galletas Cachorro Raza Grande Sabor Leche Bolsa, 500 g;;2850;5700;True;https://super.lider.cl/ip/perro/00780192000177;https://i5.walmartimages.cl/asr/bd29f98b-7d79-45ed-927d-4a56d6dfa8cf.bde0a3c750c80748f0395c0688473712.jpeg?null=&odnHeight=580&odnWidth=580&odnBg=FFFFFF;Accesorios y Juguetes > Snack y Premios;https://super.lider.cl/browse/mascotas/perro/snack-y-premios/07089592_29432822_49543527;;1;2026-03-17T02:27:23
00074674766592;Dental Stick Perro Grande, 270 g;;440;2790;True;https://super.lider.cl/ip/perro/00074674766592;https://i5.walmartimages.cl/asr/2b62b312-8578-4aff-a9de-0cafae26c60f.970033649dae754af4c32101cb0f1349.jpeg?odnHeight=580&odnWidth=580&odnBg=FFFFFF;Accesorios y Juguetes > Snack y Premios;https://super.lider.cl/browse/mascotas/perro/snack-y-premios/07089592_29432822_49543527;;1;2026-03-17T02:27:23
00780257553340;Snack Perro Adulto Rollitos Sabor Carne Bolsa, 50 g;;190;28571;True;https://super.lider.cl/ip/perro/00780257553340;https://i5.walmartimages.cl/asr/4a755527-f977-4fe8-868c-5ffd21b95648.22d1de7991692f34ab37627a7c965130.jpeg?null=&odnHeight=580&odnWidth=580&odnBg=FFFFFF;Accesorios y Juguetes > Snack y Premios;https://super.lider.cl/browse/mascotas/perro/snack-y-premios/07089592_29432822_49543527;;1;2026-03-17T02:27:23
00400823923029;Snack Perro Beef Stick Venado, g;;1190;99166;True;https://super.lider.cl/ip/perro/00400823923029;https://i5.walmartimages.cl/asr/f1f2a230-dcdf-4829-ac1a-18869361ce09.3d79e5bddcaec4d8ea1634a26201b07a.jpeg?null=&odnHeight=580&odnWidth=580&odnBg=FFFFFF;Accesorios y Juguetes > Snack y Premios;https://super.lider.cl/browse/mascotas/perro/snack-y-premios/07089592_29432822_49543527;;1;2026-03-17T02:27:23
00074674766604;Brocheta Pato Cordero y Ternera 6 un, 115 g;;3490;3490;False;https://super.lider.cl/ip/perro/00074674766604;https://i5.walmartimages.cl/asr/7df1ed46-0f43-42b6-b1e4-02262b65ba27.f1ffb707b2b2f6a022a15cf5836d76b8.jpeg?null=&odnHeight=580&odnWidth=580&odnBg=FFFFFF;Accesorios y Juguetes > Snack y Premios;https://super.lider.cl/browse/mascotas/perro/snack-y-premios/07089592_29432822_49543527;;1;2026-03-17T02:27:23
00780460346588;Snack Jeky Proteico Sabor Cordero, 80 g;;440;35625;True;https://super.lider.cl/ip/perro/00780460346588;https://i5.walmartimages.cl/asr/53e4d3f9-a565-447a-8201-872d2c450e92.8c5ef5b13370c895d67e510e2eb170e2.jpeg?odnHeight=580&odnWidth=580&odnBg=FFFFFF;Accesorios y Juguetes > Snack y Premios;https://super.lider.cl/browse/mascotas/perro/snack-y-premios/07089592_29432822_49543527;;1;2026-03-17T02:27:23
00074674766574;Snack Perro Adulto Seco Charqui de Pollo Bolsa, 400 g;;9690;9690;False;https://super.lider.cl/ip/perro/00074674766574;https://i5.walmartimages.cl/asr/87e13fd8-e5a6-4674-bfb1-e63f34807a42.3241c2563b8746e75b69cb319ccb2558.jpeg?null=&odnHeight=580&odnWidth=580&odnBg=FFFFFF;Accesorios y Juguetes > Snack y Premios;https://super.lider.cl/browse/mascotas/perro/snack-y-premios/07089592_29432822_49543527;;1;2026-03-17T02:27:23
00780550500916;Snack para Perro de entrenamiento, 70 g;;2890;41286;True;https://super.lider.cl/ip/perro/00780550500916;https://i5.walmartimages.cl/asr/4b4ecc0c-2e61-421d-a89b-5a17eeefd17d.b51997842d85a736f1898e0dd70a11dc.jpeg?null=&odnHeight=580&odnWidth=580&odnBg=FFFFFF;Accesorios y Juguetes > Snack y Premios;https://super.lider.cl/browse/mascotas/perro/snack-y-premios/07089592_29432822_49543527;;1;2026-03-17T02:27:23
00780463202060;Snack Perro Adulto Trocitos Camote Envueltos en Pollo Bolsa, 100 g;;3490;3490;False;https://super.lider.cl/ip/perro/00780463202060;https://i5.walmartimages.cl/asr/61331db4-ae11-4d7a-a3d1-d22d609a8d6a.c438347c0905470680747beae88aad0e.jpeg?null=&odnHeight=580&odnWidth=580&odnBg=FFFFFF;Accesorios y Juguetes > Snack y Premios;https://super.lider.cl/browse/mascotas/perro/snack-y-premios/07089592_29432822_49543527;;1;2026-03-17T02:27:23
00780257553420;Alimento Seco Perro Senior Raza Mediana Y Grande Sabor Carne Bolsa, 300 g;;2490;8299;True;https://super.lider.cl/ip/perro/00780257553420;https://i5.walmartimages.cl/asr/4acf311b-ff86-4a20-9a13-3fb2f5de7ca9.1b35f735a1093361e75c31bcba1cd0f9.jpeg?null=&odnHeight=580&odnWidth=580&odnBg=FFFFFF;Accesorios y Juguetes > Snack y Premios;https://super.lider.cl/browse/mascotas/perro/snack-y-premios/07089592_29432822_49543527;;1;2026-03-17T02:27:23
00780460346539;Femúr Para Perro de Vacuno gigante Bolsa, 2 kg;;3845;7690;True;https://super.lider.cl/ip/perro/00780460346539;https://i5.walmartimages.cl/asr/d0139a34-4743-4131-8568-1cb5444ac642.fc2acd5c22a5d6204ca330e33edc87e5.jpeg?null=&odnHeight=580&odnWidth=580&odnBg=FFFFFF;Accesorios y Juguetes > Snack y Premios;https://super.lider.cl/browse/mascotas/perro/snack-y-premios/07089592_29432822_49543527;;1;2026-03-17T02:27:23
00063424000423;Hueso Triple Sabor Tamaño M, 1 Un;;3790;3790;False;https://super.lider.cl/ip/perro/00063424000423;https://i5.walmartimages.cl/asr/3584ad87-e82b-4c63-843a-89afe8fc3ee5.bb67b71404de4fe725158432762c907a.jpeg?odnHeight=580&odnWidth=580&odnBg=FFFFFF;Accesorios y Juguetes > Snack y Premios;https://super.lider.cl/browse/mascotas/perro/snack-y-premios/07089592_29432822_49543527;;1;2026-03-17T02:27:23
00780465625065;Snack Perro Adulto Tiritas Pollo con Tocino Bolsa, 100 g;;3490;3490;False;https://super.lider.cl/ip/perro/00780465625065;https://i5.walmartimages.cl/asr/e61a7bc4-293d-4bce-813c-d6e766cb2d2a.2a96137de6cb97e3fb36463351d9cacf.jpeg?null=&odnHeight=580&odnWidth=580&odnBg=FFFFFF;Accesorios y Juguetes > Snack y Premios;https://super.lider.cl/browse/mascotas/perro/snack-y-premios/07089592_29432822_49543527;;1;2026-03-17T02:27:23
00074674766605;Tiritas de Vacuno 400 g, 400 g;;9690;9690;False;https://super.lider.cl/ip/perro/00074674766605;https://i5.walmartimages.cl/asr/78bb6bfc-7327-491f-9c78-4cc43ca580ba.09ea564b0e2f8ed0e9dec80c4cb4fa3e.jpeg?null=&odnHeight=580&odnWidth=580&odnBg=FFFFFF;Accesorios y Juguetes > Snack y Premios;https://super.lider.cl/browse/mascotas/perro/snack-y-premios/07089592_29432822_49543527;;1;2026-03-17T02:27:23
00074674766607;Training Treat: Rollitos de Pato con Propóleo 100 g, 100 g;;3490;3490;False;https://super.lider.cl/ip/perro/00074674766607;https://i5.walmartimages.cl/asr/1800266a-f9f5-47fa-8b69-a46bcc7a1254.e142282905c61236fbf6bac610805ee0.jpeg?null=&odnHeight=580&odnWidth=580&odnBg=FFFFFF;Accesorios y Juguetes > Snack y Premios;https://super.lider.cl/browse/mascotas/perro/snack-y-premios/07089592_29432822_49543527;;1;2026-03-17T02:27:23
00780467341000;Galletas Perro Adulto Seco Sabor Ternera Caja, 460 g;;4290;9326;True;https://super.lider.cl/ip/perro/00780467341000;https://i5.walmartimages.cl/asr/684f17d1-88c4-4ec8-83f1-5a2cc8174500.7b024ab25f93ea2e01fc5721661b7162.jpeg?null=&odnHeight=580&odnWidth=580&odnBg=FFFFFF;Accesorios y Juguetes > Snack y Premios;https://super.lider.cl/browse/mascotas/perro/snack-y-premios/07089592_29432822_49543527;;1;2026-03-17T02:27:23
00085000671556;Snack Perro Adulto Sabor Pollo y Salmón Sachet Pack 8 Un, 14 g;;6790;7073;True;https://super.lider.cl/ip/perro/00085000671556;https://i5.walmartimages.cl/asr/330829bd-b521-4c31-b119-27fa9e8b841d.f30c6cb00589dfadccda11b6322d37c7.jpeg?odnHeight=580&odnWidth=580&odnBg=FFFFFF;Accesorios y Juguetes > Snack y Premios;https://super.lider.cl/browse/mascotas/perro/snack-y-premios/07089592_29432822_49543527?page=2;;2;2026-03-17T02:27:46
00780465625062;Galletas Perro Adulto Maní Envueltas en Pollo Bolsa, 100 g;;3490;3490;False;https://super.lider.cl/ip/perro/00780465625062;https://i5.walmartimages.cl/asr/9ea44987-1a56-4c3d-8779-9ddf078c0f58.4884b61995a95a93044a5afb0c582dd5.jpeg?null=&odnHeight=580&odnWidth=580&odnBg=FFFFFF;Accesorios y Juguetes > Snack y Premios;https://super.lider.cl/browse/mascotas/perro/snack-y-premios/07089592_29432822_49543527?page=2;;2;2026-03-17T02:27:46
00074674766572;Snack Perro Adulto Seco Buddies Bocadito Sabor Carne Bolsa, 75 g;;240;18000;True;https://super.lider.cl/ip/perro/00074674766572;https://i5.walmartimages.cl/asr/a66d0e78-dac1-42da-ac8b-840c6753d125.a0165a3b306fcafcdf16f65e80b30b5c.jpeg?null=&odnHeight=580&odnWidth=580&odnBg=FFFFFF;Accesorios y Juguetes > Snack y Premios;https://super.lider.cl/browse/mascotas/perro/snack-y-premios/07089592_29432822_49543527?page=2;;2;2026-03-17T02:27:46
00065952511102;Snack Perro Adulto Trutros de Pato con Huesitos de Calcio Bolsa, 400 g;;9690;9690;False;https://super.lider.cl/ip/perro/00065952511102;https://i5.walmartimages.cl/asr/abf1ee3b-1b79-448a-85d0-bebb84203dc2.42ed90f1a30183bccec126fb6b3dc483.jpeg?null=&odnHeight=580&odnWidth=580&odnBg=FFFFFF;Accesorios y Juguetes > Snack y Premios;https://super.lider.cl/browse/mascotas/perro/snack-y-premios/07089592_29432822_49543527?page=2;;2;2026-03-17T02:27:46
00400823959123;Snack Perro Boony Bits Bolsa, g;;3690;30750;True;https://super.lider.cl/ip/perro/00400823959123;https://i5.walmartimages.cl/asr/91edfbd9-a801-4cf8-934a-9054c304e89a.d0a800b5cbd1c3fe8c935c118056fcfe.jpeg?null=&odnHeight=580&odnWidth=580&odnBg=FFFFFF;Accesorios y Juguetes > Snack y Premios;https://super.lider.cl/browse/mascotas/perro/snack-y-premios/07089592_29432822_49543527?page=2;;2;2026-03-17T02:27:46
00780445700203;Snack Perro Classic Lamb Strip Bolsa, g g;;2990;29900;True;https://super.lider.cl/ip/perro/00780445700203;https://i5.walmartimages.cl/asr/30afee84-864b-473c-a90f-f346e835cb6b.0141661489bd855b1e7e0805021c69e0.jpeg?odnHeight=580&odnWidth=580&odnBg=FFFFFF;Accesorios y Juguetes > Snack y Premios;https://super.lider.cl/browse/mascotas/perro/snack-y-premios/07089592_29432822_49543527?page=2;;2;2026-03-17T02:27:46
00780465625072;Snack Perro Adulto Brochetas Triple Sabor Pollo, Pato y Vacuno Bolsa, 6 Un;;3490;3490;False;https://super.lider.cl/ip/perro/00780465625072;https://i5.walmartimages.cl/asr/7ba9385e-b245-43fa-9bdd-3c8c2e675b84.00f66c52252d4369fbcdb755762207e9.jpeg?null=&odnHeight=580&odnWidth=580&odnBg=FFFFFF;Accesorios y Juguetes > Snack y Premios;https://super.lider.cl/browse/mascotas/perro/snack-y-premios/07089592_29432822_49543527?page=2;;2;2026-03-17T02:27:46
00780467341014;Galleta Perro Cachorro Leche, g;;1790;22375;True;https://super.lider.cl/ip/perro/00780467341014;https://i5.walmartimages.cl/asr/644a6b85-b118-42e7-9f6a-1612d5637774.37f46faca92b09da8f0d03dd946e67f7.jpeg?null=&odnHeight=580&odnWidth=580&odnBg=FFFFFF;Accesorios y Juguetes > Snack y Premios;https://super.lider.cl/browse/mascotas/perro/snack-y-premios/07089592_29432822_49543527?page=2;;2;2026-03-17T02:27:46
00065952511113;Snack Perro Adulto Trutros de Pato con Huesitos de Calcio Bolsa, 100 g;;3490;34900;True;https://super.lider.cl/ip/perro/00065952511113;https://i5.walmartimages.cl/asr/45db97cd-c5a4-4e55-87b8-ea9cd543323f.7221455d095de3929070acce52986331.jpeg?null=&odnHeight=580&odnWidth=580&odnBg=FFFFFF;Accesorios y Juguetes > Snack y Premios;https://super.lider.cl/browse/mascotas/perro/snack-y-premios/07089592_29432822_49543527?page=2;;2;2026-03-17T02:27:46
00780467341011;Galleta Perro Adulto Raza Pequeña Pollo, g g;;3990;11400;True;https://super.lider.cl/ip/perro/00780467341011;https://i5.walmartimages.cl/asr/4140c2ee-92e1-4a7f-aa8a-0925e50d9f27.b4a415dd82b735b3c351e39efd1aa9b8.jpeg?odnHeight=580&odnWidth=580&odnBg=FFFFFF;Accesorios y Juguetes > Snack y Premios;https://super.lider.cl/browse/mascotas/perro/snack-y-premios/07089592_29432822_49543527?page=2;;2;2026-03-17T02:27:46
00780465625071;Snack Perro Adulto Huesitos Sabor Pollo, Vacuno y Cordero Bolsa, 7 Un;;4290;4290;False;https://super.lider.cl/ip/perro/00780465625071;https://i5.walmartimages.cl/asr/b5c4b8f3-9a41-478b-ad39-1b1fd14e0e52.d2a9328f827e1357454eb206c4693564.jpeg?odnHeight=580&odnWidth=580&odnBg=FFFFFF;Accesorios y Juguetes > Snack y Premios;https://super.lider.cl/browse/mascotas/perro/snack-y-premios/07089592_29432822_49543527?page=2;;2;2026-03-17T02:27:46
00780467341015;Galleta Perro Adulto Ternera, g;;1790;22375;True;https://super.lider.cl/ip/perro/00780467341015;https://i5.walmartimages.cl/asr/65886673-ec0e-485e-9208-37094455f588.4414c2bf8c7da27e4f5df2ff450ee156.jpeg?null=&odnHeight=580&odnWidth=580&odnBg=FFFFFF;Accesorios y Juguetes > Snack y Premios;https://super.lider.cl/browse/mascotas/perro/snack-y-premios/07089592_29432822_49543527?page=2;;2;2026-03-17T02:27:46
00780467341016;Galleta Perro Adulto Grill, g;;1790;22375;True;https://super.lider.cl/ip/perro/00780467341016;https://i5.walmartimages.cl/asr/7943c84b-0716-40fe-8887-f627ade077df.b499077ce3f734b168a073dc3853c384.jpeg?null=&odnHeight=580&odnWidth=580&odnBg=FFFFFF;Accesorios y Juguetes > Snack y Premios;https://super.lider.cl/browse/mascotas/perro/snack-y-premios/07089592_29432822_49543527?page=2;;2;2026-03-17T02:27:46
00780467341010;Galleta Perro Cachoro Leche, g g;;3990;11400;True;https://super.lider.cl/ip/perro/00780467341010;https://i5.walmartimages.cl/asr/bef4f2c4-00db-427b-a58f-078827b711b4.93bc8280335867f06d029da570c415ef.jpeg?odnHeight=580&odnWidth=580&odnBg=FFFFFF;Accesorios y Juguetes > Snack y Premios;https://super.lider.cl/browse/mascotas/perro/snack-y-premios/07089592_29432822_49543527?page=2;;2;2026-03-17T02:27:46
00789602905232;Snack Perro Adulto Dentastix Raza Pequeña Bolsa, 3 Un;;1350;1377;True;https://super.lider.cl/ip/perro/00789602905232;https://i5.walmartimages.cl/asr/fe0ec3b5-025c-4846-8080-2db8ae3a9de4.64fbf2c4080c9250d1d636a2fb1c3f90.jpeg?null=&odnHeight=580&odnWidth=580&odnBg=FFFFFF;Accesorios y Juguetes > Snack y Premios;https://super.lider.cl/browse/mascotas/perro/snack-y-premios/07089592_29432822_49543527?page=2;;2;2026-03-17T02:27:46
00780550500917;Snack para Perro Sabor Pato Loops, 60 g;;3190;53167;True;https://super.lider.cl/ip/perro/00780550500917;https://i5.walmartimages.cl/asr/b28cccef-e6c6-40a2-80ad-73c5192541ed.ef3f543a71d7a3d2d6e4cf6d10d68112.jpeg?odnHeight=580&odnWidth=580&odnBg=FFFFFF;Accesorios y Juguetes > Snack y Premios;https://super.lider.cl/browse/mascotas/perro/snack-y-premios/07089592_29432822_49543527?page=2;;2;2026-03-17T02:27:46
00400823923110;Snack Perro Beef Stick Pavo, G;;1190;99166;True;https://super.lider.cl/ip/perro/00400823923110;https://i5.walmartimages.cl/asr/af5cb27d-600f-48ae-abb1-693c3d20183a.896790ee9ea3bd621bdf3796e99f40a4.jpeg?null=&odnHeight=580&odnWidth=580&odnBg=FFFFFF;Accesorios y Juguetes > Snack y Premios;https://super.lider.cl/browse/mascotas/perro/snack-y-premios/07089592_29432822_49543527?page=2;;2;2026-03-17T02:27:46
00074674766606;Training Treat: Cubitos de Pollo con Tocino 100 g, 100 g;;3490;3490;False;https://super.lider.cl/ip/perro/00074674766606;https://i5.walmartimages.cl/asr/4df5d6bb-29c5-4fe1-8c14-c2acc454e6c8.2a01516ed24354d55f442212723a1098.jpeg?null=&odnHeight=580&odnWidth=580&odnBg=FFFFFF;Accesorios y Juguetes > Snack y Premios;https://super.lider.cl/browse/mascotas/perro/snack-y-premios/07089592_29432822_49543527?page=2;;2;2026-03-17T02:27:46
00780467341003;Galleta Perro Adulto Grill, g ml;;4290;9326;True;https://super.lider.cl/ip/perro/00780467341003;https://i5.walmartimages.cl/asr/240b70b9-1f54-4fb2-9f1c-5184c3d7c8d7.3d8afc83fc877045cb0487c41bad315c.jpeg?null=&odnHeight=580&odnWidth=580&odnBg=FFFFFF;Accesorios y Juguetes > Snack y Premios;https://super.lider.cl/browse/mascotas/perro/snack-y-premios/07089592_29432822_49543527?page=2;;2;2026-03-17T02:27:46
00780467341013;Galleta Perro Adulto Raza Pequeña Pollo, g;;1790;22375;True;https://super.lider.cl/ip/perro/00780467341013;https://i5.walmartimages.cl/asr/8a0c598a-eb51-443a-8f99-fc2a8d01f153.40881a56e0d14c1bd3e413676d1370d1.jpeg?odnHeight=580&odnWidth=580&odnBg=FFFFFF;Accesorios y Juguetes > Snack y Premios;https://super.lider.cl/browse/mascotas/perro/snack-y-premios/07089592_29432822_49543527?page=2;;2;2026-03-17T02:27:46
00779745397183;Snack Perro Adulto Dentastix Raza Mediana Bolsa, 3 Un;;1490;19351;True;https://super.lider.cl/ip/perro/00779745397183;https://i5.walmartimages.cl/asr/8ab23b84-832e-4d16-85ce-d9f4f160bff3.92d2ab6890b9fd0ab57b21f3ca464b07.jpeg?null=&odnHeight=580&odnWidth=580&odnBg=FFFFFF;Accesorios y Juguetes > Snack y Premios;https://super.lider.cl/browse/mascotas/perro/snack-y-premios/07089592_29432822_49543527?page=2;;2;2026-03-17T02:27:46
00779745397345;Snack Perro Adulto Dentastix Raza Grande Bolsa, 3 Un;;730;2190;True;https://super.lider.cl/ip/perro/00779745397345;https://i5.walmartimages.cl/asr/d4328e00-f2eb-4117-b45e-57de12bfe4e5.aa3c04aa45dab1a83a9fb5a1079c4f06.jpeg?null=&odnHeight=580&odnWidth=580&odnBg=FFFFFF;Accesorios y Juguetes > Snack y Premios;https://super.lider.cl/browse/mascotas/perro/snack-y-premios/07089592_29432822_49543527?page=2;;2;2026-03-17T02:27:46
00063424000422;Hueso Triple Sabor Tamaño S, 1 Un;;2150;2150;False;https://super.lider.cl/ip/perro/00063424000422;https://i5.walmartimages.cl/asr/51bc1838-9c45-4058-92f7-d7117a7cf512.d80662ac26994c01434251bab56b5852.jpeg?odnHeight=580&odnWidth=580&odnBg=FFFFFF;Accesorios y Juguetes > Snack y Premios;https://super.lider.cl/browse/mascotas/perro/snack-y-premios/07089592_29432822_49543527?page=2;;2;2026-03-17T02:27:46
00063424000424;Hueso Triple Sabor Tamaño L, 1 Un;;4590;4590;False;https://super.lider.cl/ip/perro/00063424000424;https://i5.walmartimages.cl/asr/dab6bf0c-4cc0-44cf-8861-11257de01db8.5e63fb8361458db08cdf9049b5ef52a3.jpeg?odnHeight=580&odnWidth=580&odnBg=FFFFFF;Accesorios y Juguetes > Snack y Premios;https://super.lider.cl/browse/mascotas/perro/snack-y-premios/07089592_29432822_49543527?page=2;;2;2026-03-17T02:27:46
00072016779982;Snack Perro Choritos, 90 g;;3790;4211;True;https://super.lider.cl/ip/perro/00072016779982;https://i5.walmartimages.cl/asr/17af3b32-21ad-40d7-a7c8-83f1b5a65a92.d6827fdac5aa088d1628650d2dbdad80.jpeg?odnHeight=580&odnWidth=580&odnBg=FFFFFF;Accesorios y Juguetes > Snack y Premios;https://super.lider.cl/browse/mascotas/perro/snack-y-premios/07089592_29432822_49543527?page=2;;2;2026-03-17T02:27:46
00073755881642;Snack Perro Corazones de Pollo, 90 g;;3790;4211;True;https://super.lider.cl/ip/perro/00073755881642;https://i5.walmartimages.cl/asr/594f9a54-605b-4f1d-bcba-7718b9f4f79c.92b74d624434e1cbcc11a299feab9bf6.jpeg?odnHeight=580&odnWidth=580&odnBg=FFFFFF;Accesorios y Juguetes > Snack y Premios;https://super.lider.cl/browse/mascotas/perro/snack-y-premios/07089592_29432822_49543527?page=2;;2;2026-03-17T02:27:46
00072016779979;Snack Perro Cubos de Cerdo, 90 g;;3790;4211;True;https://super.lider.cl/ip/perro/00072016779979;https://i5.walmartimages.cl/asr/794b81e2-d6a5-45d0-a3ed-c221ad20227a.c2b7dbb4cf26395d09ba7f5e6b29c28a.jpeg?odnHeight=580&odnWidth=580&odnBg=FFFFFF;Accesorios y Juguetes > Snack y Premios;https://super.lider.cl/browse/mascotas/perro/snack-y-premios/07089592_29432822_49543527?page=2;;2;2026-03-17T02:27:46
00780467756016;Kambú Pro Mantequilla De Maní Con Probióticos Para Perros, 200 g;;3190;15950;True;https://super.lider.cl/ip/perro/00780467756016;https://i5.walmartimages.cl/asr/23354af4-f1d3-47c3-9adb-8af20c5c0e72.6e9354a68de67badc4584668587241b3.jpeg?odnHeight=580&odnWidth=580&odnBg=FFFFFF;Accesorios y Juguetes > Snack y Premios;https://super.lider.cl/browse/mascotas/perro/snack-y-premios/07089592_29432822_49543527?page=2;;2;2026-03-17T02:27:46
00780467756017;Kambú Om, Mantequilla De Maní Relajante Para Perros, 200 g;;3190;15950;True;https://super.lider.cl/ip/perro/00780467756017;https://i5.walmartimages.cl/asr/e686d5e0-e37c-44d3-ab6a-3dbb9efd3a32.c40b78031a1dafc03c2583d29004b4b7.jpeg?odnHeight=580&odnWidth=580&odnBg=FFFFFF;Accesorios y Juguetes > Snack y Premios;https://super.lider.cl/browse/mascotas/perro/snack-y-premios/07089592_29432822_49543527?page=2;;2;2026-03-17T02:27:46
00780467756015;Kambú Tradicional Mantequilla De Maní Para Perros, 200 g;;3190;15950;True;https://super.lider.cl/ip/perro/00780467756015;https://i5.walmartimages.cl/asr/163e0a03-8a0e-49a7-94bb-4a252043e66d.6c35efc3b4f922ca7e9e14f45b9c072b.jpeg?odnHeight=580&odnWidth=580&odnBg=FFFFFF;Accesorios y Juguetes > Snack y Premios;https://super.lider.cl/browse/mascotas/perro/snack-y-premios/07089592_29432822_49543527?page=2;;2;2026-03-17T02:27:46
00780467962008;Sazonador Salmon Perros, 70 g;;4290;6129;True;https://super.lider.cl/ip/perro/00780467962008;https://i5.walmartimages.cl/asr/d405176c-bfc5-4c7f-b1c6-15bbde950db8.b74dc295c33ffa7cf6d44b26d39a3e29.jpeg?odnHeight=580&odnWidth=580&odnBg=FFFFFF;Accesorios y Juguetes > Snack y Premios;https://super.lider.cl/browse/mascotas/perro/snack-y-premios/07089592_29432822_49543527?page=2;;2;2026-03-17T02:27:46
00780467962007;Sazonador Cerdo Perros, 70 g;;4290;6129;True;https://super.lider.cl/ip/perro/00780467962007;https://i5.walmartimages.cl/asr/9acfc65f-9541-489e-bd51-839cd11362c4.03068039f0412ad6465aebe74ebbdf25.jpeg?odnHeight=580&odnWidth=580&odnBg=FFFFFF;Accesorios y Juguetes > Snack y Premios;https://super.lider.cl/browse/mascotas/perro/snack-y-premios/07089592_29432822_49543527?page=2;;2;2026-03-17T02:27:46
00780465625180;Snack Perro Adulto Seco Trozos de Salmón Bolsa, 100 g;;3490;3490;False;https://super.lider.cl/ip/perro/00780465625180;https://i5.walmartimages.cl/asr/a202fd2b-a7f6-434e-93d7-637828dc6442.e6356d4ef0ba376f1e4edb5cfbcadcb9.jpeg?null=&odnHeight=580&odnWidth=580&odnBg=FFFFFF;Accesorios y Juguetes > Snack y Premios;https://super.lider.cl/browse/mascotas/perro/snack-y-premios/07089592_29432822_49543527?page=2;;2;2026-03-17T02:27:46
00063424000421;Snack Perro Adulto Brochetas Triple Sabor Pollo, Pato y Vacuno Bolsa, 18 Un;;7990;7990;False;https://super.lider.cl/ip/perro/00063424000421;https://i5.walmartimages.cl/asr/dfd95a11-8425-4114-902e-c69c9ddffae8.ec3ebc19f3581e1c6e03338ce2b05b9c.jpeg?null=&odnHeight=580&odnWidth=580&odnBg=FFFFFF;Accesorios y Juguetes > Snack y Premios;https://super.lider.cl/browse/mascotas/perro/snack-y-premios/07089592_29432822_49543527?page=2;;2;2026-03-17T02:27:46
00400823923009;Snack Perro Beef Stick Carne, g;;1190;99166;True;https://super.lider.cl/ip/perro/00400823923009;https://i5.walmartimages.cl/asr/cfdeae7a-1faa-4bed-8870-71b4a3468f38.ac613a230a5bc3bcc75b083da949011d.jpeg?null=&odnHeight=580&odnWidth=580&odnBg=FFFFFF;Accesorios y Juguetes > Snack y Premios;https://super.lider.cl/browse/mascotas/perro/snack-y-premios/07089592_29432822_49543527?page=2;;2;2026-03-17T02:27:46
00780445700223;Snack Perro Meat Balls Duck & Apple Bolsa, g g;;3690;36900;True;https://super.lider.cl/ip/perro/00780445700223;https://i5.walmartimages.cl/asr/18e2dc40-b438-4abd-8a0a-7de231e61654.8ac978fbc49df7f2a35801bb3e8bb37f.jpeg?null=&odnHeight=580&odnWidth=580&odnBg=FFFFFF;Accesorios y Juguetes > Snack y Premios;https://super.lider.cl/browse/mascotas/perro/snack-y-premios/07089592_29432822_49543527?page=2;;2;2026-03-17T02:27:46
00780257553466;Alimento Seco Gato Adulto Adulto Sabor Salmón Bolsa, 1 kg;;690;2690;True;https://super.lider.cl/ip/gato/00780257553466;https://i5.walmartimages.cl/asr/0955d529-fbfb-4c67-a106-2b0a42f04b00.afbbb25e9aa5b891a1673eeed2b2a959.jpeg?null=&odnHeight=580&odnWidth=580&odnBg=FFFFFF;Accesorios y Juguetes > Alimento Seco;https://super.lider.cl/browse/mascotas/gato/alimento-seco/07089592_85723699_38537300;;1;2026-03-17T02:28:14
00761303595142;Alimento Seco Delimix Gato Adulto Sabor Pollo Bolsa, 8 Kg;;2899;28990;True;https://super.lider.cl/ip/gato/00761303595142;https://i5.walmartimages.cl/asr/51f2173b-122f-49df-9760-f9db8ae92566.f72ec8486f12b6714406b21c81d10e8c.jpeg?null=&odnHeight=580&odnWidth=580&odnBg=FFFFFF;Accesorios y Juguetes > Alimento Seco;https://super.lider.cl/browse/mascotas/gato/alimento-seco/07089592_85723699_38537300;;1;2026-03-17T02:28:14
00761303595120;Alimento Seco Gato Adulto Sabor Carne Bolsa, 8 Kg;;2899;28990;True;https://super.lider.cl/ip/gato/00761303595120;https://i5.walmartimages.cl/asr/a909eba2-41d1-44f0-9c60-339521720709.a8902d23301499c7cfa635e3105eb2f8.jpeg?odnHeight=580&odnWidth=580&odnBg=FFFFFF;Accesorios y Juguetes > Alimento Seco;https://super.lider.cl/browse/mascotas/gato/alimento-seco/07089592_85723699_38537300;;1;2026-03-17T02:28:14
00844529059273;Alimento Seco Gatito Sabor Mix de Carnes Bolsa, 1 Kg;;2890;4450;True;https://super.lider.cl/ip/gato/00844529059273;https://i5.walmartimages.cl/asr/ee7c0554-8461-4ea0-972d-7035b8f56f8b.7e2c374bc8ff0e5ee6fb35b54f627862.jpeg?null=&odnHeight=580&odnWidth=580&odnBg=FFFFFF;Accesorios y Juguetes > Alimento Seco;https://super.lider.cl/browse/mascotas/gato/alimento-seco/07089592_85723699_38537300;;1;2026-03-17T02:28:14
00780192000140;Alimento Seco Gato Adulto Sabor Salmón Bolsa, 3 Kg;;2300;11990;True;https://super.lider.cl/ip/gato/00780192000140;https://i5.walmartimages.cl/asr/a4796db5-45c1-48c0-98d1-fa06a04ba109.b1241f7f0f0e95240f71acc28295c43a.jpeg?null=&odnHeight=580&odnWidth=580&odnBg=FFFFFF;Accesorios y Juguetes > Alimento Seco;https://super.lider.cl/browse/mascotas/gato/alimento-seco/07089592_85723699_38537300;;1;2026-03-17T02:28:14
00779745397106;Alimento Seco Gato Adulto Sabor Carne Bolsa, 1 Kg;;1300;5690;True;https://super.lider.cl/ip/gato/00779745397106;https://i5.walmartimages.cl/asr/19041f95-7384-4850-890e-b5c318d5e662.ed412d6e454fb5207473f2e3ae676f62.jpeg?null=&odnHeight=580&odnWidth=580&odnBg=FFFFFF;Accesorios y Juguetes > Alimento Seco;https://super.lider.cl/browse/mascotas/gato/alimento-seco/07089592_85723699_38537300;;1;2026-03-17T02:28:14
00780192000164;Alimento Seco Gato Adulto Sabor Carne Bolsa, 3 Kg;;2300;11990;True;https://super.lider.cl/ip/gato/00780192000164;https://i5.walmartimages.cl/asr/3894313b-83d1-4cd2-94ed-2e03ebe43f46.ce22db56fa8e02c587f975109999c6f9.jpeg?null=&odnHeight=580&odnWidth=580&odnBg=FFFFFF;Accesorios y Juguetes > Alimento Seco;https://super.lider.cl/browse/mascotas/gato/alimento-seco/07089592_85723699_38537300;;1;2026-03-17T02:28:14
00779745397235;Alimento Seco Gato Adulto Sabor Carne Bolsa, 3 Kg;;2700;13590;True;https://super.lider.cl/ip/gato/00779745397235;https://i5.walmartimages.cl/asr/111208c5-0235-47be-bd76-d156dd3ef1fa.ac0c1661c5b51a5b9fca66949ae734df.jpeg?null=&odnHeight=580&odnWidth=580&odnBg=FFFFFF;Accesorios y Juguetes > Alimento Seco;https://super.lider.cl/browse/mascotas/gato/alimento-seco/07089592_85723699_38537300;;1;2026-03-17T02:28:14
00780443800368;Alimento Seco Gatito Sabor Pollo y Leche Bolsa, 1 kg;;4290;4290;False;https://super.lider.cl/ip/gato/00780443800368;https://i5.walmartimages.cl/asr/591cb903-98c5-41a7-9131-0382bf94000f.2fceddbed3148c5d09dc9e1a3ce552c0.jpeg?null=&odnHeight=580&odnWidth=580&odnBg=FFFFFF;Accesorios y Juguetes > Alimento Seco;https://super.lider.cl/browse/mascotas/gato/alimento-seco/07089592_85723699_38537300;;1;2026-03-17T02:28:14
00761303932101;Alimento Seco Gato Adulto Esterilizado Sabor Pescado Bolsa, 8 Kg;;3149;31490;True;https://super.lider.cl/ip/gato/00761303932101;https://i5.walmartimages.cl/asr/34cfa07d-7bef-48f3-856b-6ca5a1159997.c770ed1a196301f523a9c7dce516b38b.jpeg?null=&odnHeight=580&odnWidth=580&odnBg=FFFFFF;Accesorios y Juguetes > Alimento Seco;https://super.lider.cl/browse/mascotas/gato/alimento-seco/07089592_85723699_38537300;;1;2026-03-17T02:28:14
00761303595124;Alimento Seco Gatito Sabor Carne Bolsa, 1 Kg;;6190;6190;False;https://super.lider.cl/ip/gato/00761303595124;https://i5.walmartimages.cl/asr/b48cdd49-0df5-4da8-aa89-735ce28f5013.2851e5727c6961c96f44257d11b87c93.jpeg?null=&odnHeight=580&odnWidth=580&odnBg=FFFFFF;Accesorios y Juguetes > Alimento Seco;https://super.lider.cl/browse/mascotas/gato/alimento-seco/07089592_85723699_38537300;;1;2026-03-17T02:28:14
00761303595104;Alimento Seco Gato Adulto Sabor Pescado Arroz y Espinaca Bolsa, 1 Kg;;2790;4450;True;https://super.lider.cl/ip/gato/00761303595104;https://i5.walmartimages.cl/asr/87299239-f61d-4e15-a964-d2704d820248.62c78b4965c57d11e6803942d532e0a0.jpeg?null=&odnHeight=580&odnWidth=580&odnBg=FFFFFF;Accesorios y Juguetes > Alimento Seco;https://super.lider.cl/browse/mascotas/gato/alimento-seco/07089592_85723699_38537300;;1;2026-03-17T02:28:14
00761303595123;Alimento Seco Gatito Sabor Carne Bolsa, 8 Kg;;3149;31490;True;https://super.lider.cl/ip/gato/00761303595123;https://i5.walmartimages.cl/asr/91674c65-e506-4bec-bddd-7402f5925af2.054e2bc07a021f270b06edefb22bca4d.jpeg?null=&odnHeight=580&odnWidth=580&odnBg=FFFFFF;Accesorios y Juguetes > Alimento Seco;https://super.lider.cl/browse/mascotas/gato/alimento-seco/07089592_85723699_38537300;;1;2026-03-17T02:28:14
00779745397118;Alimento Seco Gato Adulto Sabor Pollo Bolsa, 1 Kg;;1300;5690;True;https://super.lider.cl/ip/gato/00779745397118;https://i5.walmartimages.cl/asr/551c8ab1-1678-46a4-83cd-1344a087c930.c7ab76e5e69599b11c3a66ac61021411.jpeg?null=&odnHeight=580&odnWidth=580&odnBg=FFFFFF;Accesorios y Juguetes > Alimento Seco;https://super.lider.cl/browse/mascotas/gato/alimento-seco/07089592_85723699_38537300;;1;2026-03-17T02:28:14
00761303595128;Alimento Seco Gato Adulto Sabor Carne Bolsa, 1 Kg;;6190;6190;False;https://super.lider.cl/ip/gato/00761303595128;https://i5.walmartimages.cl/asr/2d39ca9b-d546-4d13-932e-50b3a480f94e.e2fbdd368000c740f41d895a6a98393b.jpeg?null=&odnHeight=580&odnWidth=580&odnBg=FFFFFF;Accesorios y Juguetes > Alimento Seco;https://super.lider.cl/browse/mascotas/gato/alimento-seco/07089592_85723699_38537300;;1;2026-03-17T02:28:14
00779745397229;Alimento Seco Gato Adulto Sabor Pescado Bolsa, 1 Kg;;1300;5690;True;https://super.lider.cl/ip/gato/00779745397229;https://i5.walmartimages.cl/asr/b902709a-e92f-43bb-858e-bc0cf2159b47.5246838a4b35cc4eac55bdc2c8e297f2.jpeg?null=&odnHeight=580&odnWidth=580&odnBg=FFFFFF;Accesorios y Juguetes > Alimento Seco;https://super.lider.cl/browse/mascotas/gato/alimento-seco/07089592_85723699_38537300;;1;2026-03-17T02:28:14
00780192000168;Alimento Seco Gato Adulto Sabor Pollo Bolsa, 3 Kg;;2300;11990;True;https://super.lider.cl/ip/gato/00780192000168;https://i5.walmartimages.cl/asr/11fc7433-71f1-4c6c-a400-9a220f695001.8ddfa0db473811d780aa846939726eae.jpeg?null=&odnHeight=580&odnWidth=580&odnBg=FFFFFF;Accesorios y Juguetes > Alimento Seco;https://super.lider.cl/browse/mascotas/gato/alimento-seco/07089592_85723699_38537300;;1;2026-03-17T02:28:14
00779745397112;Alimento Seco Gatito Sabor Carne y Leche Bolsa, 1 Kg;;5790;5790;False;https://super.lider.cl/ip/gato/00779745397112;https://i5.walmartimages.cl/asr/a572a239-07ee-4944-a825-b9828ab239d2.f0f66216188711d3242bb1b90be1efb5.jpeg?null=&odnHeight=580&odnWidth=580&odnBg=FFFFFF;Accesorios y Juguetes > Alimento Seco;https://super.lider.cl/browse/mascotas/gato/alimento-seco/07089592_85723699_38537300;;1;2026-03-17T02:28:14
00779745397101;Alimento Seco Gato Adulto Sabor Pescado Bolsa, 3 Kg;;2700;13590;True;https://super.lider.cl/ip/gato/00779745397101;https://i5.walmartimages.cl/asr/7dd9e13f-0b60-4064-bd22-178d095ee425.cfb5f86efbfb1c1ea8f29e0b89c6b6bd.jpeg?null=&odnHeight=580&odnWidth=580&odnBg=FFFFFF;Accesorios y Juguetes > Alimento Seco;https://super.lider.cl/browse/mascotas/gato/alimento-seco/07089592_85723699_38537300;;1;2026-03-17T02:28:14
00779745397391;Alimento Seco Gatito Sabor Carne y Leche Bolsa, 3 kg;;4530;13590;True;https://super.lider.cl/ip/gato/00779745397391;https://i5.walmartimages.cl/asr/a32146ed-cad8-494f-9063-d6f7e2bbd65c.0fefcab00ad992a56eef002e1d05d5b0.jpeg?null=&odnHeight=580&odnWidth=580&odnBg=FFFFFF;Accesorios y Juguetes > Alimento Seco;https://super.lider.cl/browse/mascotas/gato/alimento-seco/07089592_85723699_38537300;;1;2026-03-17T02:28:14
00761328723050;Alimento Seco Gato Adulto Esterilizado Sabor Pollo y Salmón Bolsa, 2 Kg;;8495;16990;True;https://super.lider.cl/ip/gato/00761328723050;https://i5.walmartimages.cl/asr/5626cdbf-91a1-471f-8fcd-cabcf8944832.8aceb32a40ed09321bf5c4ed7bdeb340.jpeg?odnHeight=580&odnWidth=580&odnBg=FFFFFF;Accesorios y Juguetes > Alimento Seco;https://super.lider.cl/browse/mascotas/gato/alimento-seco/07089592_85723699_38537300;;1;2026-03-17T02:28:14
00761303595131;Alimento Seco Gato Adulto Sabor Pollo Bolsa Delimix, 3 Kg;;5230;15690;True;https://super.lider.cl/ip/gato/00761303595131;https://i5.walmartimages.cl/asr/3ea1dc78-48ad-4fb3-bb25-90c815fd5d98.f10e226db5f77c965b44ebbd29fefbfc.jpeg?null=&odnHeight=580&odnWidth=580&odnBg=FFFFFF;Accesorios y Juguetes > Alimento Seco;https://super.lider.cl/browse/mascotas/gato/alimento-seco/07089592_85723699_38537300;;1;2026-03-17T02:28:14
00779745397368;Alimento Seco Gato Adulto Sabor Carne Bolsa, 8 Kg;;3224;25790;True;https://super.lider.cl/ip/gato/00779745397368;https://i5.walmartimages.cl/asr/88b47d0e-7e61-4bc7-afdb-fba5618c0c40.5b86bf9df9bdac240788c609a9462e4d.jpeg?null=&odnHeight=580&odnWidth=580&odnBg=FFFFFF;Accesorios y Juguetes > Alimento Seco;https://super.lider.cl/browse/mascotas/gato/alimento-seco/07089592_85723699_38537300;;1;2026-03-17T02:28:14
00761328722999;Alimento Seco Gatito Sabor Pollo y Carne Bolsa, 2 Kg;;8495;16990;True;https://super.lider.cl/ip/gato/00761328722999;https://i5.walmartimages.cl/asr/9f34a900-d011-45d4-8305-778c62b1ea4e.f6cbea7023ca7ef1bf11bc6304ceb7ff.jpeg?null=&odnHeight=580&odnWidth=580&odnBg=FFFFFF;Accesorios y Juguetes > Alimento Seco;https://super.lider.cl/browse/mascotas/gato/alimento-seco/07089592_85723699_38537300;;1;2026-03-17T02:28:14
00761303595106;Alimento Seco Gato Adulto Sabor Pescado Arroz y Espinaca Bolsa, 8 Kg;;2623;20990;True;https://super.lider.cl/ip/gato/00761303595106;https://i5.walmartimages.cl/asr/93f797eb-6a45-4187-a86a-2dbf2a7200da.5511b3926de8fe6875d0d40560a5c476.jpeg?null=&odnHeight=580&odnWidth=580&odnBg=FFFFFF;Accesorios y Juguetes > Alimento Seco;https://super.lider.cl/browse/mascotas/gato/alimento-seco/07089592_85723699_38537300;;1;2026-03-17T02:28:14
00780192000137;Alimento Seco Gato Adulto Sabor Salmón Bolsa, 1 Kg;;5290;5290;False;https://super.lider.cl/ip/gato/00780192000137;https://i5.walmartimages.cl/asr/5c3d0d00-3cf8-4afd-bce1-58786553aa7e.01ac85f5da916c38d4ea685fb5cb7a03.jpeg?null=&odnHeight=580&odnWidth=580&odnBg=FFFFFF;Accesorios y Juguetes > Alimento Seco;https://super.lider.cl/browse/mascotas/gato/alimento-seco/07089592_85723699_38537300;;1;2026-03-17T02:28:14
00780192000141;Alimento Seco Gatito Sabor Pollo y Leche Bolsa, 1 kg;;5690;5690;False;https://super.lider.cl/ip/gato/00780192000141;https://i5.walmartimages.cl/asr/4457a1a8-9be5-48e7-962c-39145b282f62.342e4254995e79b3b3b030681a36fe2f.jpeg?null=&odnHeight=580&odnWidth=580&odnBg=FFFFFF;Accesorios y Juguetes > Alimento Seco;https://super.lider.cl/browse/mascotas/gato/alimento-seco/07089592_85723699_38537300;;1;2026-03-17T02:28:14
00761303667288;Alimento Seco Gatito Sabor Carne Bolsa, 3 Kg;;5230;15690;True;https://super.lider.cl/ip/gato/00761303667288;https://i5.walmartimages.cl/asr/1ec034d3-ab1e-41fc-a3c3-961d2866d095.59be50a99b0bdfc5e6f42317f48e5f45.jpeg?null=&odnHeight=580&odnWidth=580&odnBg=FFFFFF;Accesorios y Juguetes > Alimento Seco;https://super.lider.cl/browse/mascotas/gato/alimento-seco/07089592_85723699_38537300;;1;2026-03-17T02:28:14
00761328723038;Alimento Seco Gato Adulto Sabor Pollo y Carne Bolsa, 2 Kg;;8495;16990;True;https://super.lider.cl/ip/gato/00761328723038;https://i5.walmartimages.cl/asr/9814f1a6-9480-47ba-8b20-9473766f0e25.f2169c078cb34b2ee16e275809212f65.jpeg?null=&odnHeight=580&odnWidth=580&odnBg=FFFFFF;Accesorios y Juguetes > Alimento Seco;https://super.lider.cl/browse/mascotas/gato/alimento-seco/07089592_85723699_38537300;;1;2026-03-17T02:28:14
00761303595149;Alimento Seco Gato Adulto Sabor Pescado Bolsa, 3 Kg;;5230;15690;True;https://super.lider.cl/ip/gato/00761303595149;https://i5.walmartimages.cl/asr/5d4ceb20-1862-4889-bc0e-306bc84b303b.b36ccdb95910351dc1ff82073bd96e74.jpeg?null=&odnHeight=580&odnWidth=580&odnBg=FFFFFF;Accesorios y Juguetes > Alimento Seco;https://super.lider.cl/browse/mascotas/gato/alimento-seco/07089592_85723699_38537300;;1;2026-03-17T02:28:14
00761303595118;Alimento Seco Gato Adulto Sabor Carne Bolsa, 3 Kg;;5230;15690;True;https://super.lider.cl/ip/gato/00761303595118;https://i5.walmartimages.cl/asr/33228127-6275-43b0-9283-0d3aedf033b2.2bd264e5a9194ed2983a8da1918de81f.jpeg?null=&odnHeight=580&odnWidth=580&odnBg=FFFFFF;Accesorios y Juguetes > Alimento Seco;https://super.lider.cl/browse/mascotas/gato/alimento-seco/07089592_85723699_38537300;;1;2026-03-17T02:28:14
00780192000134;Alimento Seco Gato Adulto Sabor Carne Bolsa, 1 Kg;;5290;5290;False;https://super.lider.cl/ip/gato/00780192000134;https://i5.walmartimages.cl/asr/7b9a1305-bd2b-4da2-9797-d87f72879326.c02f1c9f59c1483f00b5c5787800bcac.jpeg?null=&odnHeight=580&odnWidth=580&odnBg=FFFFFF;Accesorios y Juguetes > Alimento Seco;https://super.lider.cl/browse/mascotas/gato/alimento-seco/07089592_85723699_38537300;;1;2026-03-17T02:28:14
00040005088010;Super Premium - Alimento Seco Gato Adulto De Pollo Y Salmón, 2 kg;;7495;14990;True;https://super.lider.cl/ip/gato/00040005088010;https://i5.walmartimages.cl/asr/193e36e2-b8d2-4b02-a16f-0da020075f1b.b85cbf1fd75cea22fe321a7bafa29d4f.jpeg?odnHeight=580&odnWidth=580&odnBg=FFFFFF;Accesorios y Juguetes > Alimento Seco;https://super.lider.cl/browse/mascotas/gato/alimento-seco/07089592_85723699_38537300;;1;2026-03-17T02:28:14
00780192000136;Alimento Seco Gato Adulto Sabor Salmón Bolsa, 8 Kg;;3349;26790;True;https://super.lider.cl/ip/gato/00780192000136;https://i5.walmartimages.cl/asr/7079ca70-43c9-4d0e-8d43-267ae6f06860.547185fe2b6846e795d50630416c0b81.jpeg?null=&odnHeight=580&odnWidth=580&odnBg=FFFFFF;Accesorios y Juguetes > Alimento Seco;https://super.lider.cl/browse/mascotas/gato/alimento-seco/07089592_85723699_38537300;;1;2026-03-17T02:28:14
00761328723044;Alimento Seco Gato Adulto Sabor Pollo y Salmón Bolsa, 2 Kg;;8495;16990;True;https://super.lider.cl/ip/gato/00761328723044;https://i5.walmartimages.cl/asr/89f61e9a-9504-4b21-8467-c271e9d2f6d4.797f7f90828b61c0a394e1c11edcaafd.jpeg?null=&odnHeight=580&odnWidth=580&odnBg=FFFFFF;Accesorios y Juguetes > Alimento Seco;https://super.lider.cl/browse/mascotas/gato/alimento-seco/07089592_85723699_38537300;;1;2026-03-17T02:28:14
00779745397367;Alimento Seco Gato Adulto Sabor Pescado Bolsa, 8 Kg;;3224;25790;True;https://super.lider.cl/ip/gato/00779745397367;https://i5.walmartimages.cl/asr/c81edd74-858d-49dd-ae6a-8232bc16973f.8f0e4970d89881f8562a5a05e7448077.jpeg?null=&odnHeight=580&odnWidth=580&odnBg=FFFFFF;Accesorios y Juguetes > Alimento Seco;https://super.lider.cl/browse/mascotas/gato/alimento-seco/07089592_85723699_38537300;;1;2026-03-17T02:28:14
00780192000133;Alimento Seco Gato Adulto Sabor Carne Bolsa, 8 Kg;;3349;26790;True;https://super.lider.cl/ip/gato/00780192000133;https://i5.walmartimages.cl/asr/b5d893e0-1e91-4190-be3c-0b0619125d57.d38518b9d2482a84c3fa796ab0ca2b47.jpeg?null=&odnHeight=580&odnWidth=580&odnBg=FFFFFF;Accesorios y Juguetes > Alimento Seco;https://super.lider.cl/browse/mascotas/gato/alimento-seco/07089592_85723699_38537300;;1;2026-03-17T02:28:14
00779745397310;Alimento Seco Gato Adulto Castrado Sabor Mix Carne Bolsa, 3 Kg;;4830;14490;True;https://super.lider.cl/ip/gato/00779745397310;https://i5.walmartimages.cl/asr/2f55a533-968c-49f6-8b6b-aac8d2e1fb96.3c2d10f959fef2a8d6692019992988a9.jpeg?null=&odnHeight=580&odnWidth=580&odnBg=FFFFFF;Accesorios y Juguetes > Alimento Seco;https://super.lider.cl/browse/mascotas/gato/alimento-seco/07089592_85723699_38537300;;1;2026-03-17T02:28:14
00761303595146;Alimento Seco Gato Adulto Sabor Pescado Bolsa, 1 Kg;;6190;6190;False;https://super.lider.cl/ip/gato/00761303595146;https://i5.walmartimages.cl/asr/58b3de19-99b4-441b-bd54-2fadf8a9feb3.a05102de91255f60af75efb21c9e9053.jpeg?null=&odnHeight=580&odnWidth=580&odnBg=FFFFFF;Accesorios y Juguetes > Alimento Seco;https://super.lider.cl/browse/mascotas/gato/alimento-seco/07089592_85723699_38537300;;1;2026-03-17T02:28:14
00780257553364;Alimento Seco Gato Adulto Sabor Pollo Bolsa, 2,1 Kg;;6138;12890;True;https://super.lider.cl/ip/gato/00780257553364;https://i5.walmartimages.cl/asr/61b8282d-65d2-4be9-847f-528dd7b55a79.d5b4c1a8f4d768061a2de726764a665c.jpeg?null=&odnHeight=580&odnWidth=580&odnBg=FFFFFF;Accesorios y Juguetes > Alimento Seco;https://super.lider.cl/browse/mascotas/gato/alimento-seco/07089592_85723699_38537300;;1;2026-03-17T02:28:14
00761303595140;Alimento Seco Gato Adulto Sabor Carne Bolsa Delimix, 1 Kg;;6190;6190;False;https://super.lider.cl/ip/gato/00761303595140;https://i5.walmartimages.cl/asr/22f97bb2-2977-4411-8415-7ed24de11f00.25276c0ff8ac19bc650c974400b88240.jpeg?null=&odnHeight=580&odnWidth=580&odnBg=FFFFFF;Accesorios y Juguetes > Alimento Seco;https://super.lider.cl/browse/mascotas/gato/alimento-seco/07089592_85723699_38537300;;1;2026-03-17T02:28:14
00085595800657;Puré Cremoso Gato Adulto Sabor Pollo Sachet, 56 g;;2950;52679;True;https://super.lider.cl/ip/gato/00085595800657;https://i5.walmartimages.cl/asr/2f5ae63a-91c7-471a-9745-5d1f1c2ff9b3.cc09daeb9320c6932baa45affdbd010b.jpeg?odnHeight=580&odnWidth=580&odnBg=FFFFFF;Accesorios y Juguetes > Alimento Humedo;https://super.lider.cl/browse/mascotas/gato/alimento-humedo/07089592_85723699_39598429;;1;2026-03-17T02:28:49
00779745300055;Alimento Húmedo Gato Adulto Sabor Pollo Pouch, 85 g;;810;9529;True;https://super.lider.cl/ip/gato/00779745300055;https://i5.walmartimages.cl/asr/db633774-7cc1-49a8-8288-0957d5ba3e9a.d07048598375b6e4d092826b7e35d0cb.jpeg?odnHeight=580&odnWidth=580&odnBg=FFFFFF;Accesorios y Juguetes > Alimento Humedo;https://super.lider.cl/browse/mascotas/gato/alimento-humedo/07089592_85723699_39598429;;1;2026-03-17T02:28:49
00779745300042;Alimento Húmedo Gato Adulto Sabor Carne Pouch, 85 g;;810;9529;True;https://super.lider.cl/ip/gato/00779745300042;https://i5.walmartimages.cl/asr/15220109-be9f-40c9-abea-49b425dc45ee.3cfb0cece18f85c651c0651a8ec40fa2.jpeg?odnHeight=580&odnWidth=580&odnBg=FFFFFF;Accesorios y Juguetes > Alimento Humedo;https://super.lider.cl/browse/mascotas/gato/alimento-humedo/07089592_85723699_39598429;;1;2026-03-17T02:28:49
00005000029048;Alimento Húmedo gato Salmón Lata, g g;;190;6410;True;https://super.lider.cl/ip/gato/00005000029048;https://i5.walmartimages.cl/asr/0f519e0c-66fa-4680-92b6-172931af7770.641c18e1f18d8a38363b0509fd2fe3f7.jpeg?null=&odnHeight=580&odnWidth=580&odnBg=FFFFFF;Accesorios y Juguetes > Alimento Humedo;https://super.lider.cl/browse/mascotas/gato/alimento-humedo/07089592_85723699_39598429;;1;2026-03-17T02:28:49
00779745300041;Alimento Húmedo Gato Adulto Sabor Salmón Pouch, 85 g;;810;9529;True;https://super.lider.cl/ip/gato/00779745300041;https://i5.walmartimages.cl/asr/2621802a-c01e-4895-9428-152c12992bc6.1ed0c7a88843e4efd3f37a9797985ac9.jpeg?odnHeight=580&odnWidth=580&odnBg=FFFFFF;Accesorios y Juguetes > Alimento Humedo;https://super.lider.cl/browse/mascotas/gato/alimento-humedo/07089592_85723699_39598429;;1;2026-03-17T02:28:49
00085595800655;Puré Cremoso Gato Adulto Sabor Atún Sachet, 56 g;;2950;52679;True;https://super.lider.cl/ip/gato/00085595800655;https://i5.walmartimages.cl/asr/94a25dc5-7119-4b18-975d-ce100969360a.6bd522cceba1d7055e5ae202900bd20b.jpeg?odnHeight=580&odnWidth=580&odnBg=FFFFFF;Accesorios y Juguetes > Alimento Humedo;https://super.lider.cl/browse/mascotas/gato/alimento-humedo/07089592_85723699_39598429;;1;2026-03-17T02:28:49
00789100024106;Alimento Húmedo Gato Adulto Sabor Carne Pouch, 85 g;;850;10000;True;https://super.lider.cl/ip/gato/00789100024106;https://i5.walmartimages.cl/asr/e005e625-d901-4809-bf65-be4648eaf6ab.5445d69889d20e15feeaa86a41a5aae0.jpeg?odnHeight=580&odnWidth=580&odnBg=FFFFFF;Accesorios y Juguetes > Alimento Humedo;https://super.lider.cl/browse/mascotas/gato/alimento-humedo/07089592_85723699_39598429;;1;2026-03-17T02:28:49
00779745300040;Alimento Húmedo Gatito Sabor Carne Pouch, 85 g;;810;9529;True;https://super.lider.cl/ip/gato/00779745300040;https://i5.walmartimages.cl/asr/2dac0745-51f2-45ec-b458-8301242eeb77.8ba23e05b81c665bca928cd58b09bae9.jpeg?odnHeight=580&odnWidth=580&odnBg=FFFFFF;Accesorios y Juguetes > Alimento Humedo;https://super.lider.cl/browse/mascotas/gato/alimento-humedo/07089592_85723699_39598429;;1;2026-03-17T02:28:49
00005000029059;Alimento Húmedo Gato Adulto Sabor Atún Lata, 156 g;;190;6410;True;https://super.lider.cl/ip/gato/00005000029059;https://i5.walmartimages.cl/asr/b2b77a23-7ed6-446a-b129-b98d020ff65a.f2b8965f2aea377bd12f938b8c384eee.jpeg?odnHeight=580&odnWidth=580&odnBg=FFFFFF;Accesorios y Juguetes > Alimento Humedo;https://super.lider.cl/browse/mascotas/gato/alimento-humedo/07089592_85723699_39598429;;1;2026-03-17T02:28:49
00789100024113;Alimento Húmedo Gato Adulto Sabor Pescado Blanco Pouch, 85 g;;850;10000;True;https://super.lider.cl/ip/gato/00789100024113;https://i5.walmartimages.cl/asr/a059cc91-8a7c-4d34-8870-d0bb7b576527.dd44b6863eaca8de4595e2131fc3ac1d.jpeg?odnHeight=580&odnWidth=580&odnBg=FFFFFF;Accesorios y Juguetes > Alimento Humedo;https://super.lider.cl/browse/mascotas/gato/alimento-humedo/07089592_85723699_39598429;;1;2026-03-17T02:28:49
00789602904656;Alimento Húmedo Gato Adulto Sabor Atún en Salsa Pouch, 85 g;;810;9529;True;https://super.lider.cl/ip/gato/00789602904656;https://i5.walmartimages.cl/asr/04f4bc5d-b246-4ecf-8f3b-e04b43ccef83.95d6217a2ba74972e310ef92c8456049.jpeg?odnHeight=580&odnWidth=580&odnBg=FFFFFF;Accesorios y Juguetes > Alimento Humedo;https://super.lider.cl/browse/mascotas/gato/alimento-humedo/07089592_85723699_39598429;;1;2026-03-17T02:28:49
00779745300147;Alimento Húmedo Gatito Soufflé Sabor Carne Pouch, 85 g;;810;9529;True;https://super.lider.cl/ip/gato/00779745300147;https://i5.walmartimages.cl/asr/cf857ee7-7e42-476b-b385-4adcb0c26881.bc0ab0850dc0fcee2fcfc250d3a81b4b.jpeg?odnHeight=580&odnWidth=580&odnBg=FFFFFF;Accesorios y Juguetes > Alimento Humedo;https://super.lider.cl/browse/mascotas/gato/alimento-humedo/07089592_85723699_39598429;;1;2026-03-17T02:28:49
00789100024117;Alimento Húmedo Gato Adulto Sabor Pollo e Hígado Pouch, 85 g;;850;10000;True;https://super.lider.cl/ip/gato/00789100024117;https://i5.walmartimages.cl/asr/f2c5dfde-28fa-41fc-b8c9-d38e6a890507.bb9c8ad0e3796aa7564ddf42592f9b66.jpeg?null=&odnHeight=580&odnWidth=580&odnBg=FFFFFF;Accesorios y Juguetes > Alimento Humedo;https://super.lider.cl/browse/mascotas/gato/alimento-humedo/07089592_85723699_39598429;;1;2026-03-17T02:28:49
00779745300043;Alimento Húmedo Gato Adulto Sabor Pavo Pouch, 85 g;;810;9529;True;https://super.lider.cl/ip/gato/00779745300043;https://i5.walmartimages.cl/asr/abfaa229-63ed-4307-9037-86f64a699dcc.b4f9867ca1e26bcd5b5b4dbdbf679322.jpeg?odnHeight=580&odnWidth=580&odnBg=FFFFFF;Accesorios y Juguetes > Alimento Humedo;https://super.lider.cl/browse/mascotas/gato/alimento-humedo/07089592_85723699_39598429;;1;2026-03-17T02:28:49
00789100024062;Alimento Húmedo Gatito Sabor Carne Pouch, 85 g;;850;10000;True;https://super.lider.cl/ip/gato/00789100024062;https://i5.walmartimages.cl/asr/0547dc32-3df6-4e7a-973c-fa9de1a6b99c.04c6d1aa64ac59125c50250b85832362.jpeg?odnHeight=580&odnWidth=580&odnBg=FFFFFF;Accesorios y Juguetes > Alimento Humedo;https://super.lider.cl/browse/mascotas/gato/alimento-humedo/07089592_85723699_39598429;;1;2026-03-17T02:28:49
00789100024058;Alimento Húmedo Gatito Sabor Pescado Pouch, 85 g;;850;10000;True;https://super.lider.cl/ip/gato/00789100024058;https://i5.walmartimages.cl/asr/744d799e-e5dd-4d15-b232-eb938d98b2c3.c6505c7ebef4d416242b3dae44000b81.jpeg?null=&odnHeight=580&odnWidth=580&odnBg=FFFFFF;Accesorios y Juguetes > Alimento Humedo;https://super.lider.cl/browse/mascotas/gato/alimento-humedo/07089592_85723699_39598429;;1;2026-03-17T02:28:49
00789100012077;Alimento Húmedo Gato Adulto Sabor Atún Pouch, 85 g;;850;10000;True;https://super.lider.cl/ip/gato/00789100012077;https://i5.walmartimages.cl/asr/6a37bd6e-906a-44a3-b194-eb7392a7e8b0.185de35511ec651d710eb4de0f9ddbcb.jpeg?odnHeight=580&odnWidth=580&odnBg=FFFFFF;Accesorios y Juguetes > Alimento Humedo;https://super.lider.cl/browse/mascotas/gato/alimento-humedo/07089592_85723699_39598429;;1;2026-03-17T02:28:49
00789100024108;Alimento Húmedo Gato Adulto Sabor Salmón Pouch, 85 g;;850;10000;True;https://super.lider.cl/ip/gato/00789100024108;https://i5.walmartimages.cl/asr/a1495b97-99d6-4e00-8e73-04b811ccba01.c5f21fe2032aac0f7ae12821c7148d96.jpeg?odnHeight=580&odnWidth=580&odnBg=FFFFFF;Accesorios y Juguetes > Alimento Humedo;https://super.lider.cl/browse/mascotas/gato/alimento-humedo/07089592_85723699_39598429;;1;2026-03-17T02:28:49
00005000029068;Alimento Húmedo Gato Adulto Paté Pavo/Menudencia Lata, 156 g;;190;6410;True;https://super.lider.cl/ip/gato/00005000029068;https://i5.walmartimages.cl/asr/a468cc61-b3f0-41f1-ac6f-832ea1fadbdd.c7929752a2e647464cb00615a3c5bd76.jpeg?null=&odnHeight=580&odnWidth=580&odnBg=FFFFFF;Accesorios y Juguetes > Alimento Humedo;https://super.lider.cl/browse/mascotas/gato/alimento-humedo/07089592_85723699_39598429;;1;2026-03-17T02:28:49
00789602904662;Alimento Húmedo Gato Adulto Castrado Sabor Carne Pouch, 85 g;;810;9529;True;https://super.lider.cl/ip/gato/00789602904662;https://i5.walmartimages.cl/asr/3d187107-453e-4125-93aa-66f73895ab9a.187f8155a038def1f4a62b61360c27f9.jpeg?null=&odnHeight=580&odnWidth=580&odnBg=FFFFFF;Accesorios y Juguetes > Alimento Humedo;https://super.lider.cl/browse/mascotas/gato/alimento-humedo/07089592_85723699_39598429;;1;2026-03-17T02:28:49
00780410000165;Alimento Húmedo Gato Adulto Trocitos Sabor Salmón y Sardina Pouch, 100 g;;640;7529;True;https://super.lider.cl/ip/gato/00780410000165;https://i5.walmartimages.cl/asr/775f910e-a5e5-40e7-95d5-f58bccf31087.a7db47cf491e21883e13a4cf255b1754.jpeg?null=&odnHeight=580&odnWidth=580&odnBg=FFFFFF;Accesorios y Juguetes > Alimento Humedo;https://super.lider.cl/browse/mascotas/gato/alimento-humedo/07089592_85723699_39598429;;1;2026-03-17T02:28:49
00780257553264;Alimento Húmedo Gatito Trocitos Sabor Carne Pouch, 85 g;;680;8000;True;https://super.lider.cl/ip/gato/00780257553264;https://i5.walmartimages.cl/asr/3b6a6889-7b03-4e51-a77a-c85eb43d65a6.b037e0e0b671582258f1212a64c49473.jpeg?null=&odnHeight=580&odnWidth=580&odnBg=FFFFFF;Accesorios y Juguetes > Alimento Humedo;https://super.lider.cl/browse/mascotas/gato/alimento-humedo/07089592_85723699_39598429;;1;2026-03-17T02:28:49
00780410000242;Alimento Húmedo Gato Adulto Trocitos Sabor Atún y Salmón Pouch, 100 g;;640;6400;True;https://super.lider.cl/ip/gato/00780410000242;https://i5.walmartimages.cl/asr/360f188e-cc29-41d5-ba22-1820f7f0b9f1.0b70f5709554b29cd0192bc75def4aeb.jpeg?odnHeight=580&odnWidth=580&odnBg=FFFFFF;Accesorios y Juguetes > Alimento Humedo;https://super.lider.cl/browse/mascotas/gato/alimento-humedo/07089592_85723699_39598429;;1;2026-03-17T02:28:49
00779745300149;Alimento Húmedo Gato Adulto Jelly Sabor Pescado Pouch, 85 g;;810;9529;True;https://super.lider.cl/ip/gato/00779745300149;https://i5.walmartimages.cl/asr/11cb7ffe-1113-493a-a857-f33fc6c5819d.c4223102e29563ccf491f71ae9890091.jpeg?odnHeight=580&odnWidth=580&odnBg=FFFFFF;Accesorios y Juguetes > Alimento Humedo;https://super.lider.cl/browse/mascotas/gato/alimento-humedo/07089592_85723699_39598429;;1;2026-03-17T02:28:49
00789100033238;Alimento Humedo Gato Superfoods Sabor Salmon Pouch, 85 g;;1290;15176;True;https://super.lider.cl/ip/gato/00789100033238;https://i5.walmartimages.cl/asr/7719a04d-c54c-4c4d-a1b8-f4d1c92f4768.a9699630c5e6ef7c8119db6bd0416dd2.jpeg?null=&odnHeight=580&odnWidth=580&odnBg=FFFFFF;Accesorios y Juguetes > Alimento Humedo;https://super.lider.cl/browse/mascotas/gato/alimento-humedo/07089592_85723699_39598429;;1;2026-03-17T02:28:49
00780443800329;Alimento Húmedo Gatito Sabor Carne y Leche Pouch, 85 g;;630;1000;True;https://super.lider.cl/ip/gato/00780443800329;https://i5.walmartimages.cl/asr/e9572380-7dcb-449a-8ccd-9903fdf9e1f6.0f6a6ae7f6062eef64700fec331d674e.jpeg?null=&odnHeight=580&odnWidth=580&odnBg=FFFFFF;Accesorios y Juguetes > Alimento Humedo;https://super.lider.cl/browse/mascotas/gato/alimento-humedo/07089592_85723699_39598429;;1;2026-03-17T02:28:49
00780410000243;Alimento Húmedo Gato Adulto Trocitos Sabor Pollo y Pavo Pouch, 100 g;;640;7529;True;https://super.lider.cl/ip/gato/00780410000243;https://i5.walmartimages.cl/asr/29ceacf6-ef71-4c52-903f-96df95893fc4.aa77ad622b171fc215984692973871b1.jpeg?odnHeight=580&odnWidth=580&odnBg=FFFFFF;Accesorios y Juguetes > Alimento Humedo;https://super.lider.cl/browse/mascotas/gato/alimento-humedo/07089592_85723699_39598429;;1;2026-03-17T02:28:49
00780443800327;Alimento Húmedo Gato Adulto Sabor Carne Pouch, 85 g;;630;1000;True;https://super.lider.cl/ip/gato/00780443800327;https://i5.walmartimages.cl/asr/6e110e7c-d468-4489-8dd4-f5cc6b29914d.39c46bfef3ff97f74826cbbb0901cda5.jpeg?null=&odnHeight=580&odnWidth=580&odnBg=FFFFFF;Accesorios y Juguetes > Alimento Humedo;https://super.lider.cl/browse/mascotas/gato/alimento-humedo/07089592_85723699_39598429;;1;2026-03-17T02:28:49
00780257553173;Alimento Húmedo Gato Adulto Trocitos Sabor Carne Pouch, 85 g;;680;8000;True;https://super.lider.cl/ip/gato/00780257553173;https://i5.walmartimages.cl/asr/52babc65-da61-4a2d-9ba1-85f4472cccf6.4f4b8905c470d4ef5be393d5d6deefbf.jpeg?null=&odnHeight=580&odnWidth=580&odnBg=FFFFFF;Accesorios y Juguetes > Alimento Humedo;https://super.lider.cl/browse/mascotas/gato/alimento-humedo/07089592_85723699_39598429;;1;2026-03-17T02:28:49
00780443800328;Alimento Húmedo Gato Adulto Sabor Salmón Pouch, 85 g;;630;1000;True;https://super.lider.cl/ip/gato/00780443800328;https://i5.walmartimages.cl/asr/e86a1af2-c4bf-4f85-9cf9-7e36a0209417.ecfe29572d52b4996a9f92fb7751ef53.jpeg?null=&odnHeight=580&odnWidth=580&odnBg=FFFFFF;Accesorios y Juguetes > Alimento Humedo;https://super.lider.cl/browse/mascotas/gato/alimento-humedo/07089592_85723699_39598429;;1;2026-03-17T02:28:49
00779745300148;Alimento Húmedo Gato Adulto Jelly Sabor Carne Pouch, 85 g;;810;9529;True;https://super.lider.cl/ip/gato/00779745300148;https://i5.walmartimages.cl/asr/855a3bcd-36cf-4fec-ad90-ed1c4e348dd9.8dcb3928b4ff4a94c5b26e4f57ec6de0.jpeg?null=&odnHeight=580&odnWidth=580&odnBg=FFFFFF;Accesorios y Juguetes > Alimento Humedo;https://super.lider.cl/browse/mascotas/gato/alimento-humedo/07089592_85723699_39598429;;1;2026-03-17T02:28:49
00780257553174;Alimento Húmedo Gato Adulto Trocitos Sabor Salmón Pouch, 85 g;;680;8000;True;https://super.lider.cl/ip/gato/00780257553174;https://i5.walmartimages.cl/asr/ec4f00b5-c86c-41c9-8893-75e97ad3c5f8.8a6094e2a58c21055d77080c5017d729.jpeg?null=&odnHeight=580&odnWidth=580&odnBg=FFFFFF;Accesorios y Juguetes > Alimento Humedo;https://super.lider.cl/browse/mascotas/gato/alimento-humedo/07089592_85723699_39598429;;1;2026-03-17T02:28:49
00789100033242;Alimento Húmedo Gato Adulto Super Nutrientes Sabor Carne Pouch, 85 g;;1290;15176;True;https://super.lider.cl/ip/gato/00789100033242;https://i5.walmartimages.cl/asr/5d21598c-b370-4d4b-aaad-0f881d854b5f.445182fadc78a47ddf8ccfcd751a5135.jpeg?null=&odnHeight=580&odnWidth=580&odnBg=FFFFFF;Accesorios y Juguetes > Alimento Humedo;https://super.lider.cl/browse/mascotas/gato/alimento-humedo/07089592_85723699_39598429;;1;2026-03-17T02:28:49
00789100033246;Alimento Húmedo Gato Adulto Sabor Salmón, Atún y Pescado Blanco Pouch, 85 g;;1290;15176;True;https://super.lider.cl/ip/gato/00789100033246;https://i5.walmartimages.cl/asr/85f1abce-ee5e-42fc-8cb9-e3dd9c7a362b.27efadda78b52836026450f01cca9d10.jpeg?null=&odnHeight=580&odnWidth=580&odnBg=FFFFFF;Accesorios y Juguetes > Alimento Humedo;https://super.lider.cl/browse/mascotas/gato/alimento-humedo/07089592_85723699_39598429;;1;2026-03-17T02:28:49
00780257553411;Alimento Húmedo Gato Adulto Trocitos Sabor Atún Pouch, 85 g;;680;8000;True;https://super.lider.cl/ip/gato/00780257553411;https://i5.walmartimages.cl/asr/10f5745d-3831-4dc1-9af5-199799063589.098a068afe47079a489bd1b4300076ab.jpeg?null=&odnHeight=580&odnWidth=580&odnBg=FFFFFF;Accesorios y Juguetes > Alimento Humedo;https://super.lider.cl/browse/mascotas/gato/alimento-humedo/07089592_85723699_39598429;;1;2026-03-17T02:28:49
00780257553398;Alimento Húmedo Gato Adulto Sabor Pechuga de Pollo con Salmón al Jugo Pouch, 85 g;;1250;14706;True;https://super.lider.cl/ip/gato/00780257553398;https://i5.walmartimages.cl/asr/5bbf7b7a-1210-4f21-bf43-ec423a95164f.90e7f2487bb25fb67a398ca050a3f4ea.jpeg?null=&odnHeight=580&odnWidth=580&odnBg=FFFFFF;Accesorios y Juguetes > Alimento Humedo;https://super.lider.cl/browse/mascotas/gato/alimento-humedo/07089592_85723699_39598429;;1;2026-03-17T02:28:49
00074674766584;Caldo para Gato de Vacuno, 50 g;;1090;1090;False;https://super.lider.cl/ip/gato/00074674766584;https://i5.walmartimages.cl/asr/aaf5bd40-2171-48dc-99e2-5c172f320117.f1f9fb474564241c0edf951d7a46e919.jpeg?odnHeight=580&odnWidth=580&odnBg=FFFFFF;Accesorios y Juguetes > Alimento Humedo;https://super.lider.cl/browse/mascotas/gato/alimento-humedo/07089592_85723699_39598429;;1;2026-03-17T02:28:49
00074674766583;Caldo de Pato para Gato Pouch, 50 g;;1090;1090;False;https://super.lider.cl/ip/gato/00074674766583;https://i5.walmartimages.cl/asr/0455cd50-a9e8-4b55-b9bf-6ad1b86e93cf.4e56ae5f99a56a0dd4860361bdd204bf.jpeg?odnHeight=580&odnWidth=580&odnBg=FFFFFF;Accesorios y Juguetes > Alimento Humedo;https://super.lider.cl/browse/mascotas/gato/alimento-humedo/07089592_85723699_39598429;;1;2026-03-17T02:28:49
00074674766582;Caldo de Salmón para Gato Pouch, 50 g;;1090;1090;False;https://super.lider.cl/ip/gato/00074674766582;https://i5.walmartimages.cl/asr/fc8b3e96-6985-4174-a3ac-014487c6ae5b.c1eb41d07f55b1f2ed6345761d91dd79.jpeg?odnHeight=580&odnWidth=580&odnBg=FFFFFF;Accesorios y Juguetes > Alimento Humedo;https://super.lider.cl/browse/mascotas/gato/alimento-humedo/07089592_85723699_39598429;;1;2026-03-17T02:28:49
00085595800666;Puré Cremoso Gato Adulto Sabor Atún y Salmón Sachet, 56 g;;2950;52679;True;https://super.lider.cl/ip/gato/00085595800666;https://i5.walmartimages.cl/asr/f1e63ed8-acd0-40a8-918e-5fb51f729c45.08539213693e46bd03bba9957d13bc0d.jpeg?odnHeight=580&odnWidth=580&odnBg=FFFFFF;Accesorios y Juguetes > Alimento Humedo;https://super.lider.cl/browse/mascotas/gato/alimento-humedo/07089592_85723699_39598429;;1;2026-03-17T02:28:49
00085595800657;Puré Cremoso Gato Adulto Sabor Pollo Sachet, 56 g;;2950;52679;True;https://super.lider.cl/ip/gato/00085595800657;https://i5.walmartimages.cl/asr/2f5ae63a-91c7-471a-9745-5d1f1c2ff9b3.cc09daeb9320c6932baa45affdbd010b.jpeg?odnHeight=580&odnWidth=580&odnBg=FFFFFF;Accesorios y Juguetes > Snack y Premios;https://super.lider.cl/browse/mascotas/gato/snack-y-premios/07089592_85723699_83034796;;1;2026-03-17T02:30:20
00085595800655;Puré Cremoso Gato Adulto Sabor Atún Sachet, 56 g;;2950;52679;True;https://super.lider.cl/ip/gato/00085595800655;https://i5.walmartimages.cl/asr/94a25dc5-7119-4b18-975d-ce100969360a.6bd522cceba1d7055e5ae202900bd20b.jpeg?odnHeight=580&odnWidth=580&odnBg=FFFFFF;Accesorios y Juguetes > Snack y Premios;https://super.lider.cl/browse/mascotas/gato/snack-y-premios/07089592_85723699_83034796;;1;2026-03-17T02:30:20
00780445700263;Snack Gato Líquido Variedades Caja, 360 g;;9990;27749;True;https://super.lider.cl/ip/gato/00780445700263;https://i5.walmartimages.cl/asr/94754f0f-c7a5-4139-9cc3-081ba337a76c.9628a361e5fbfb3522eea4fd75ffb70e.jpeg?odnHeight=580&odnWidth=580&odnBg=FFFFFF;Accesorios y Juguetes > Snack y Premios;https://super.lider.cl/browse/mascotas/gato/snack-y-premios/07089592_85723699_83034796;;1;2026-03-17T02:30:20
00789100024749;Snack Gato Adulto Dental Sabor Pollo Bolsa, 40 g;;1490;37250;True;https://super.lider.cl/ip/gato/00789100024749;https://i5.walmartimages.cl/asr/ae6070ba-75f9-429f-80ae-fa9addb82288.9f9e2381db7119a381a93330f342a58b.jpeg?null=&odnHeight=580&odnWidth=580&odnBg=FFFFFF;Accesorios y Juguetes > Snack y Premios;https://super.lider.cl/browse/mascotas/gato/snack-y-premios/07089592_85723699_83034796;;1;2026-03-17T02:30:20
00065952511111;Galletas Gato Adulto Catnip y Pollo Bolsa, 65 g;;340;19231;True;https://super.lider.cl/ip/gato/00065952511111;https://i5.walmartimages.cl/asr/122f96bb-53b4-4d73-94d3-5cc1d248bce9.c053d5cdfe1459942beb358f808e0a8e.jpeg?null=&odnHeight=580&odnWidth=580&odnBg=FFFFFF;Accesorios y Juguetes > Snack y Premios;https://super.lider.cl/browse/mascotas/gato/snack-y-premios/07089592_85723699_83034796;;1;2026-03-17T02:30:20
00780445700262;Snack Gato Líquido Sabor Mix del Mar Caja, 360 g;;9990;27749;True;https://super.lider.cl/ip/gato/00780445700262;https://i5.walmartimages.cl/asr/e177572f-79a6-4b41-824d-0c82a403d8d8.7bc4de8d4978ad56441dc24ca40781e2.jpeg?odnHeight=580&odnWidth=580&odnBg=FFFFFF;Accesorios y Juguetes > Snack y Premios;https://super.lider.cl/browse/mascotas/gato/snack-y-premios/07089592_85723699_83034796;;1;2026-03-17T02:30:20
00076506676528;Galleta Rellena Gato Sabor Salmon con Hierba Gatera Caja, g;;1790;22375;True;https://super.lider.cl/ip/gato/00076506676528;https://i5.walmartimages.cl/asr/941b439b-fd7a-4fe7-9c42-18e7f65a1282.cc6cc3a6270f0d4ff2e44fee9df08197.jpeg?null=&odnHeight=580&odnWidth=580&odnBg=FFFFFF;Accesorios y Juguetes > Snack y Premios;https://super.lider.cl/browse/mascotas/gato/snack-y-premios/07089592_85723699_83034796;;1;2026-03-17T02:30:20
00789100011757;Snack Gato Adulto Travesuras Original Mix Pollo, Hígado y Pavo Bolsa, 60 g;;1650;27500;True;https://super.lider.cl/ip/gato/00789100011757;https://i5.walmartimages.cl/asr/68631753-b63f-4d36-9e8f-20b6abae7d37.13c5d6bf8944cc890a2d24afa0c988ea.jpeg?null=&odnHeight=580&odnWidth=580&odnBg=FFFFFF;Accesorios y Juguetes > Snack y Premios;https://super.lider.cl/browse/mascotas/gato/snack-y-premios/07089592_85723699_83034796;;1;2026-03-17T02:30:20
00076506676524;Galleta Gato con Catnip Sabor Pollo con Hierba Gatera Caja, g;;1790;22375;True;https://super.lider.cl/ip/gato/00076506676524;https://i5.walmartimages.cl/asr/85489810-10b5-46b8-b1ba-36fded9de170.bf54d75acc46388cbb1856aea2aa0f4f.jpeg?null=&odnHeight=580&odnWidth=580&odnBg=FFFFFF;Accesorios y Juguetes > Snack y Premios;https://super.lider.cl/browse/mascotas/gato/snack-y-premios/07089592_85723699_83034796;;1;2026-03-17T02:30:20
00076506676526;Galleta Rellena Gato Sabor Salmon con Pollo Caja, g;;1790;22375;True;https://super.lider.cl/ip/gato/00076506676526;https://i5.walmartimages.cl/asr/27ef7c1b-f0a1-426a-8377-c7b39e867910.3ac4408f52bf3ace14482f7028efc6f4.jpeg?null=&odnHeight=580&odnWidth=580&odnBg=FFFFFF;Accesorios y Juguetes > Snack y Premios;https://super.lider.cl/browse/mascotas/gato/snack-y-premios/07089592_85723699_83034796;;1;2026-03-17T02:30:20
00779745397380;Snack Gato Adulto Pellet Sabroso Sabor Pollo Bolsa, 80 g;;1890;23625;True;https://super.lider.cl/ip/gato/00779745397380;https://i5.walmartimages.cl/asr/8bd860c5-2a4f-452a-856a-e7c094c95570.f9c4adb149f182fc6fdd86706dd0b67b.jpeg?odnHeight=580&odnWidth=580&odnBg=FFFFFF;Accesorios y Juguetes > Snack y Premios;https://super.lider.cl/browse/mascotas/gato/snack-y-premios/07089592_85723699_83034796;;1;2026-03-17T02:30:20
00779745397381;Snack Gato Adulto Pellet Tentador Sabor Carne Bolsa, 80 g;;1890;23625;True;https://super.lider.cl/ip/gato/00779745397381;https://i5.walmartimages.cl/asr/3873e9f5-37f5-43e8-ab25-897a6d769d55.a922e21185ab283fb2052f42dc8a857b.jpeg?odnHeight=580&odnWidth=580&odnBg=FFFFFF;Accesorios y Juguetes > Snack y Premios;https://super.lider.cl/browse/mascotas/gato/snack-y-premios/07089592_85723699_83034796;;1;2026-03-17T02:30:20
00076506676858;Snack Gato Cremoso Sabor Cangrejo Bolsa, 60 g;;1790;29833;True;https://super.lider.cl/ip/gato/00076506676858;https://i5.walmartimages.cl/asr/d1a829c6-0f71-44bc-8aac-54d2f268dd6d.db12e8439d2ac03206a9fd98b43dc46b.jpeg?odnHeight=580&odnWidth=580&odnBg=FFFFFF;Accesorios y Juguetes > Snack y Premios;https://super.lider.cl/browse/mascotas/gato/snack-y-premios/07089592_85723699_83034796;;1;2026-03-17T02:30:20
00780445700247;Snack Gato Líquido Sabor Pollo Bolsa, g Un;;1990;3316;True;https://super.lider.cl/ip/gato/00780445700247;https://i5.walmartimages.cl/asr/5f0199a3-cd33-44d5-9043-470c8937e897.fef89563b1fca4686b76fd5ddce2160b.jpeg?null=&odnHeight=580&odnWidth=580&odnBg=FFFFFF;Accesorios y Juguetes > Snack y Premios;https://super.lider.cl/browse/mascotas/gato/snack-y-premios/07089592_85723699_83034796;;1;2026-03-17T02:30:20
00780445700261;Snack Gato Líquido Mix Pollo Caja, 360 g;;9990;27749;True;https://super.lider.cl/ip/gato/00780445700261;https://i5.walmartimages.cl/asr/1ac450f1-c25b-4ec3-a6e7-5d97b7f7dd6e.37155e88fd56f2154d26ed0f9cd02d9f.jpeg?odnHeight=580&odnWidth=580&odnBg=FFFFFF;Accesorios y Juguetes > Snack y Premios;https://super.lider.cl/browse/mascotas/gato/snack-y-premios/07089592_85723699_83034796;;1;2026-03-17T02:30:20
00400823924190;Snack Gato Catstick Conejo y Pato, g;;2290;127222;True;https://super.lider.cl/ip/gato/00400823924190;https://i5.walmartimages.cl/asr/887bfe18-d604-4bab-bfb0-ad165514ef77.4af22dbb3ff854b3d5952888cbfe0afc.jpeg?odnHeight=580&odnWidth=580&odnBg=FFFFFF;Accesorios y Juguetes > Snack y Premios;https://super.lider.cl/browse/mascotas/gato/snack-y-premios/07089592_85723699_83034796;;1;2026-03-17T02:30:20
00076506676522;Galleta Gato con Catnip Sabor Salmon Hierba Gatera Caja, g ml;;1790;22375;True;https://super.lider.cl/ip/gato/00076506676522;https://i5.walmartimages.cl/asr/00d60b70-6be0-4452-a357-5a732fd386bb.e161574363ae5960108b347ed6881367.jpeg?null=&odnHeight=580&odnWidth=580&odnBg=FFFFFF;Accesorios y Juguetes > Snack y Premios;https://super.lider.cl/browse/mascotas/gato/snack-y-premios/07089592_85723699_83034796;;1;2026-03-17T02:30:20
00076506676859;Snack Gato Cremoso Sabor Salmón con Matababi Bolsa, g;;1790;29833;True;https://super.lider.cl/ip/gato/00076506676859;https://i5.walmartimages.cl/asr/94aca496-b3b6-4411-8cb4-c2ebe2757eb7.ec6edd03e6e74d832c7dacee4bc49869.jpeg?odnHeight=580&odnWidth=580&odnBg=FFFFFF;Accesorios y Juguetes > Snack y Premios;https://super.lider.cl/browse/mascotas/gato/snack-y-premios/07089592_85723699_83034796;;1;2026-03-17T02:30:20
00065952511110;Galletas Gato Adulto Catnip y Atún Bolsa, 65 g;;340;19231;True;https://super.lider.cl/ip/gato/00065952511110;https://i5.walmartimages.cl/asr/f6582b8e-7e06-4386-867e-6d342ca238c2.e130912fcf1f8e316f70965e19769ea4.jpeg?null=&odnHeight=580&odnWidth=580&odnBg=FFFFFF;Accesorios y Juguetes > Snack y Premios;https://super.lider.cl/browse/mascotas/gato/snack-y-premios/07089592_85723699_83034796;;1;2026-03-17T02:30:20
00789100011759;Snack Gato Adulto Travesuras Ocean Mix Camarón, Salmón y Atún Bolsa, 60 g;;1650;27500;True;https://super.lider.cl/ip/gato/00789100011759;https://i5.walmartimages.cl/asr/1394cb2f-fe6e-4dcf-847c-ebe53a2dc173.dfb3b48a86e7f8e706e3680455e0735c.jpeg?null=&odnHeight=580&odnWidth=580&odnBg=FFFFFF;Accesorios y Juguetes > Snack y Premios;https://super.lider.cl/browse/mascotas/gato/snack-y-premios/07089592_85723699_83034796;;1;2026-03-17T02:30:20
00400823931219;Snack Gato Catstick Pollo Hierbagatera, g;;2290;127222;True;https://super.lider.cl/ip/gato/00400823931219;https://i5.walmartimages.cl/asr/e4efdb74-9ae4-45fb-960f-38b0ff142d07.60f08dcee134d9b30c1eb03e691a283e.jpeg?odnHeight=580&odnWidth=580&odnBg=FFFFFF;Accesorios y Juguetes > Snack y Premios;https://super.lider.cl/browse/mascotas/gato/snack-y-premios/07089592_85723699_83034796;;1;2026-03-17T02:30:20
00780460346592;Snack Gato catnip Grain Free, 60 g;;340;25625;True;https://super.lider.cl/ip/gato/00780460346592;https://i5.walmartimages.cl/asr/afdebf2a-5ed9-489a-8608-26abd46c6c50.4a1ede1255ea5d72beb694a9652cd50f.jpeg?odnHeight=580&odnWidth=580&odnBg=FFFFFF;Accesorios y Juguetes > Snack y Premios;https://super.lider.cl/browse/mascotas/gato/snack-y-premios/07089592_85723699_83034796;;1;2026-03-17T02:30:20
00400823939314;Snack Gato Catstick Salmón, g;;2290;127222;True;https://super.lider.cl/ip/gato/00400823939314;https://i5.walmartimages.cl/asr/b11cf357-2206-4d07-a15f-e362171589f9.2be7acae714f17029fbedabb349c2cd0.jpeg?odnHeight=580&odnWidth=580&odnBg=FFFFFF;Accesorios y Juguetes > Snack y Premios;https://super.lider.cl/browse/mascotas/gato/snack-y-premios/07089592_85723699_83034796;;1;2026-03-17T02:30:20
00076506676529;Galleta Rellena Gato Sabor Atún con Pollo, g;;1790;22375;True;https://super.lider.cl/ip/gato/00076506676529;https://i5.walmartimages.cl/asr/f329eadd-8f3d-45bf-8dc5-29affd9b6ea1.f1f3c36244dc6bb36723a9948f2e0eb3.jpeg?null=&odnHeight=580&odnWidth=580&odnBg=FFFFFF;Accesorios y Juguetes > Snack y Premios;https://super.lider.cl/browse/mascotas/gato/snack-y-premios/07089592_85723699_83034796;;1;2026-03-17T02:30:20
00076506676857;Snack Gato Cremoso Sabor Atún Bolsa, g;;1790;29833;True;https://super.lider.cl/ip/gato/00076506676857;https://i5.walmartimages.cl/asr/fb2f81a8-73c3-4038-88ce-cf48ebb61cba.96c63584134554645d01da9f9d1ee94c.jpeg?odnHeight=580&odnWidth=580&odnBg=FFFFFF;Accesorios y Juguetes > Snack y Premios;https://super.lider.cl/browse/mascotas/gato/snack-y-premios/07089592_85723699_83034796;;1;2026-03-17T02:30:20
00076506676523;Galleta Gato con Catnip Sabor Atún con Hierba Gatera Caja, g;;1790;22375;True;https://super.lider.cl/ip/gato/00076506676523;https://i5.walmartimages.cl/asr/9de828df-f140-4e80-9659-f60694bf6bee.27402d3154f7eac1910168b62907901b.jpeg?null=&odnHeight=580&odnWidth=580&odnBg=FFFFFF;Accesorios y Juguetes > Snack y Premios;https://super.lider.cl/browse/mascotas/gato/snack-y-premios/07089592_85723699_83034796;;1;2026-03-17T02:30:20
00076506676856;Snack Gato Cremoso Sabor Camarón Bolsa, 60 g;;1790;29833;True;https://super.lider.cl/ip/gato/00076506676856;https://i5.walmartimages.cl/asr/c070e7b7-7597-468a-afb8-1ca437655ea8.3db7a596fa789f801bedf10b47bc1900.jpeg?odnHeight=580&odnWidth=580&odnBg=FFFFFF;Accesorios y Juguetes > Snack y Premios;https://super.lider.cl/browse/mascotas/gato/snack-y-premios/07089592_85723699_83034796;;1;2026-03-17T02:30:20
00076506676527;Galleta Rellena Gato Sabor Atún con Queso, 80 g;;1790;22375;True;https://super.lider.cl/ip/gato/00076506676527;https://i5.walmartimages.cl/asr/34639191-550e-4844-a9ec-588be6b47c14.9da46350b310ddaedb7dd04376ae3b14.jpeg?null=&odnHeight=580&odnWidth=580&odnBg=FFFFFF;Accesorios y Juguetes > Snack y Premios;https://super.lider.cl/browse/mascotas/gato/snack-y-premios/07089592_85723699_83034796;;1;2026-03-17T02:30:20
00780445700249;Snack Gato Líquido Salmón Atún Bolsa, g g;;1990;3316;True;https://super.lider.cl/ip/gato/00780445700249;https://i5.walmartimages.cl/asr/1ecc5ab6-7fe2-4e6b-b41d-4fa7b8c26725.be5815ff12a1f08bb60c3d4d254bc52c.jpeg?null=&odnHeight=580&odnWidth=580&odnBg=FFFFFF;Accesorios y Juguetes > Snack y Premios;https://super.lider.cl/browse/mascotas/gato/snack-y-premios/07089592_85723699_83034796;;1;2026-03-17T02:30:20
00780445700248;Snack Gato Líquido Sabor Atún Bolsa, g g;;1990;3316;True;https://super.lider.cl/ip/gato/00780445700248;https://i5.walmartimages.cl/asr/bfc21913-648e-4dd7-bf32-16ff685fa250.ce25883f61c5654a7816c5953c728194.jpeg?null=&odnHeight=580&odnWidth=580&odnBg=FFFFFF;Accesorios y Juguetes > Snack y Premios;https://super.lider.cl/browse/mascotas/gato/snack-y-premios/07089592_85723699_83034796;;1;2026-03-17T02:30:20
00074674766598;Alimento Húmedo para Gato Tiritas Suaves de Salmón, 65 g;;1990;1990;False;https://super.lider.cl/ip/gato/00074674766598;https://i5.walmartimages.cl/asr/18fb1d47-d2a1-430d-94de-cda7dc43188e.e47c6ad43274e58b6496137f11265a43.jpeg?odnHeight=580&odnWidth=580&odnBg=FFFFFF;Accesorios y Juguetes > Snack y Premios;https://super.lider.cl/browse/mascotas/gato/snack-y-premios/07089592_85723699_83034796;;1;2026-03-17T02:30:20
00074674766597;Alimento Húmedo para Gato Tiritas Suaves de Vacuno, 65 g;;1990;1990;False;https://super.lider.cl/ip/gato/00074674766597;https://i5.walmartimages.cl/asr/8db16f9c-e3a2-4b84-8f83-955eea4b3099.52d3c34dfbf89c9afafdac1ec36baf5b.jpeg?odnHeight=580&odnWidth=580&odnBg=FFFFFF;Accesorios y Juguetes > Snack y Premios;https://super.lider.cl/browse/mascotas/gato/snack-y-premios/07089592_85723699_83034796;;1;2026-03-17T02:30:20
00885139300421;Snacks Húmedo Gato Sabor Maguro Y Vieras, 48 g;;990;41667;True;https://super.lider.cl/ip/gato/00885139300421;https://i5.walmartimages.cl/asr/0dc504ca-45fb-43c9-9555-3f0f259b355f.31a4c6d944688e7a19f141083c7eac9b.jpeg?null=&odnHeight=580&odnWidth=580&odnBg=FFFFFF;Accesorios y Juguetes > Snack y Premios;https://super.lider.cl/browse/mascotas/gato/snack-y-premios/07089592_85723699_83034796;;1;2026-03-17T02:30:20
00885139300418;Snacks Humedo Gato sabor Salmon y Queso, 48 g;;990;41667;True;https://super.lider.cl/ip/gato/00885139300418;https://i5.walmartimages.cl/asr/12f16789-db8b-4257-8b3e-6006ca765e25.d9f1e6a851caa0258a7ceded72b25dc7.jpeg?null=&odnHeight=580&odnWidth=580&odnBg=FFFFFF;Accesorios y Juguetes > Snack y Premios;https://super.lider.cl/browse/mascotas/gato/snack-y-premios/07089592_85723699_83034796;;1;2026-03-17T02:30:20
00074674766596;Alimento Húmedo para Gato Tiritas Suaves de Pato, 65 g;;1990;1990;False;https://super.lider.cl/ip/gato/00074674766596;https://i5.walmartimages.cl/asr/501ac99c-1443-4bac-8344-d757a124b077.c665e85b204cf550f71d82c64a185147.jpeg?odnHeight=580&odnWidth=580&odnBg=FFFFFF;Accesorios y Juguetes > Snack y Premios;https://super.lider.cl/browse/mascotas/gato/snack-y-premios/07089592_85723699_83034796;;1;2026-03-17T02:30:20
00780465625207;Puré Cremoso Gato Adulto Sabor Atún y Salmón Sachet, 70 g;;430;2150;True;https://super.lider.cl/ip/gato/00780465625207;https://i5.walmartimages.cl/asr/8c154af8-7277-4c60-9593-36cf9daac6ec.fb6303730eb59ed4304a316b4731438f.jpeg?null=&odnHeight=580&odnWidth=580&odnBg=FFFFFF;Accesorios y Juguetes > Snack y Premios;https://super.lider.cl/browse/mascotas/gato/snack-y-premios/07089592_85723699_83034796;;1;2026-03-17T02:30:20
00885139300415;Snacks Húmedo Gato Sabor Pollo Y Atun, 48 g;;990;41667;True;https://super.lider.cl/ip/gato/00885139300415;https://i5.walmartimages.cl/asr/cd5cdf1c-82c6-4af6-baef-9d8c20f44de8.0226fbbdb221c10987b4a193e67b8d38.jpeg?null=&odnHeight=580&odnWidth=580&odnBg=FFFFFF;Accesorios y Juguetes > Snack y Premios;https://super.lider.cl/browse/mascotas/gato/snack-y-premios/07089592_85723699_83034796;;1;2026-03-17T02:30:20
00780465625208;Puré Cremoso Gato Adulto Sabor Atún Sachet, 70 g;;430;2150;True;https://super.lider.cl/ip/gato/00780465625208;https://i5.walmartimages.cl/asr/546ff01f-dc79-4828-bd29-22786a7cefbf.b25805b1c319372926542c38529c25e5.jpeg?null=&odnHeight=580&odnWidth=580&odnBg=FFFFFF;Accesorios y Juguetes > Snack y Premios;https://super.lider.cl/browse/mascotas/gato/snack-y-premios/07089592_85723699_83034796;;1;2026-03-17T02:30:20
00072016779983;Snack Gatos Choritos, 50 g;;2890;5780;True;https://super.lider.cl/ip/gato/00072016779983;https://i5.walmartimages.cl/asr/54a47f11-64d6-49d7-816f-247895eb4321.c9d3195d9fa3d2a97fe731c7aca4622e.jpeg?odnHeight=580&odnWidth=580&odnBg=FFFFFF;Accesorios y Juguetes > Snack y Premios;https://super.lider.cl/browse/mascotas/gato/snack-y-premios/07089592_85723699_83034796;;1;2026-03-17T02:30:20
00072016779978;Snack Gatos Cubitos de Salmón, 50 g;;2890;5780;True;https://super.lider.cl/ip/gato/00072016779978;https://i5.walmartimages.cl/asr/6af81e0e-3f98-480b-a5b2-e2ad68273805.49182f6c54b0d0312e15bd5ed91b4486.jpeg?odnHeight=580&odnWidth=580&odnBg=FFFFFF;Accesorios y Juguetes > Snack y Premios;https://super.lider.cl/browse/mascotas/gato/snack-y-premios/07089592_85723699_83034796;;1;2026-03-17T02:30:20
00072016779975;Sazonador Cerdo Gatos, 70 g;;4390;6271;True;https://super.lider.cl/ip/gato/00072016779975;https://i5.walmartimages.cl/asr/4e8f31a1-2017-4dbc-a5d9-c1aa069c6046.5bb39369c33070442d6678ae1ad9a74b.jpeg?odnHeight=580&odnWidth=580&odnBg=FFFFFF;Accesorios y Juguetes > Snack y Premios;https://super.lider.cl/browse/mascotas/gato/snack-y-premios/07089592_85723699_83034796;;1;2026-03-17T02:30:20
00074674766581;Cream Snack Mix Gato 30 un, 420 g;;10990;10990;False;https://super.lider.cl/ip/gato/00074674766581;https://i5.walmartimages.cl/asr/03dd0fb5-925b-4c6c-97b3-789fc006c30d.39043540ee48eecef7227c4d3f397b6e.jpeg?odnHeight=580&odnWidth=580&odnBg=FFFFFF;Accesorios y Juguetes > Snack y Premios;https://super.lider.cl/browse/mascotas/gato/snack-y-premios/07089592_85723699_83034796;;1;2026-03-17T02:30:20
00780465625209;Puré Cremoso Gato Adulto Sabor Salmón Sachet, 70 g;;430;2150;True;https://super.lider.cl/ip/gato/00780465625209;https://i5.walmartimages.cl/asr/6f941904-9a5f-4384-b922-9e4d574818e5.dfd6f210d87368486f7d350797805e21.jpeg?null=&odnHeight=580&odnWidth=580&odnBg=FFFFFF;Accesorios y Juguetes > Snack y Premios;https://super.lider.cl/browse/mascotas/gato/snack-y-premios/07089592_85723699_83034796;;1;2026-03-17T02:30:20
00085595800666;Puré Cremoso Gato Adulto Sabor Atún y Salmón Sachet, 56 g;;2950;52679;True;https://super.lider.cl/ip/gato/00085595800666;https://i5.walmartimages.cl/asr/f1e63ed8-acd0-40a8-918e-5fb51f729c45.08539213693e46bd03bba9957d13bc0d.jpeg?odnHeight=580&odnWidth=580&odnBg=FFFFFF;Accesorios y Juguetes > Snack y Premios;https://super.lider.cl/browse/mascotas/gato/snack-y-premios/07089592_85723699_83034796;;1;2026-03-17T02:30:20
00779745397382;Snack Gato Adulto Pellet Delicioso Sabor Salmón Bolsa, 80 g;;1890;23625;True;https://super.lider.cl/ip/gato/00779745397382;https://i5.walmartimages.cl/asr/0b554b7a-e4d3-465b-a26e-41dfdd2b6304.cc4a53cf8a56596a62cedcb97b5d69d8.jpeg?odnHeight=580&odnWidth=580&odnBg=FFFFFF;Accesorios y Juguetes > Snack y Premios;https://super.lider.cl/browse/mascotas/gato/snack-y-premios/07089592_85723699_83034796?page=2;;2;2026-03-17T02:30:43
00780464753084;Alimento para Conejos Bolsa, 1 Kg;;2390;2390;False;https://super.lider.cl/ip/otras-mascotas/00780464753084;https://i5.walmartimages.cl/asr/c8b79a2c-d5fc-4887-8ea8-220d6e7dacb2.9bb1ec51561e9f2f0d5dd9d1a07774e1.jpeg?null=&odnHeight=580&odnWidth=580&odnBg=FFFFFF;Accesorios y Juguetes > Alimento Conejo;https://super.lider.cl/browse/mascotas/otras-mascotas/alimento-conejo/07089592_42714284_49619948;;1;2026-03-17T02:31:08
00780464753078;Alimento Alpiste Bolsa, 1 Kg;;3390;3390;False;https://super.lider.cl/ip/otras-mascotas/00780464753078;https://i5.walmartimages.cl/asr/59c04758-702f-4e75-8cdf-288f4b0c8e1c.788e9545d67e9a1ec00fcd8cb425c178.jpeg?null=&odnHeight=580&odnWidth=580&odnBg=FFFFFF;Accesorios y Juguetes > Alimento Pajaro;https://super.lider.cl/browse/mascotas/otras-mascotas/alimento-pajaro/07089592_42714284_59337773;;1;2026-03-17T02:31:32
00780464753080;Alimento para Catitas Bolsa, 1 Kg;;3990;3990;False;https://super.lider.cl/ip/otras-mascotas/00780464753080;https://i5.walmartimages.cl/asr/0bc8380c-2a1d-4f8c-9261-cac6f74fc4a9.f4839a8c977bb6f0aca2d9ea2b8739c0.jpeg?null=&odnHeight=580&odnWidth=580&odnBg=FFFFFF;Accesorios y Juguetes > Alimento Pajaro;https://super.lider.cl/browse/mascotas/otras-mascotas/alimento-pajaro/07089592_42714284_59337773;;1;2026-03-17T02:31:32
00780464753087;Alimento para Hámsters y Jerbos Bolsa, 1 Kg;;3990;3990;False;https://super.lider.cl/ip/otras-mascotas/00780464753087;https://i5.walmartimages.cl/asr/24869568-f82e-43d0-bd35-c73c589656eb.143e572fdcb4a8d16aac41d146ac8ca0.jpeg?null=&odnHeight=580&odnWidth=580&odnBg=FFFFFF;Accesorios y Juguetes > Alimento Roedor;https://super.lider.cl/browse/mascotas/otras-mascotas/alimento-roedor/07089592_42714284_53427902;;1;2026-03-17T02:31:59
00780410056202;Alimento para Hámsters y Jerbos Bolsa, 500 gr;;2090;4180;True;https://super.lider.cl/ip/otras-mascotas/00780410056202;https://i5.walmartimages.cl/asr/97fa3cdd-d005-41e0-bf78-22ef748edcfe.a801f1f36acf5e59bb0f9fca72817bc8.jpeg?null=&odnHeight=580&odnWidth=580&odnBg=FFFFFF;Accesorios y Juguetes > Alimento Roedor;https://super.lider.cl/browse/mascotas/otras-mascotas/alimento-roedor/07089592_42714284_53427902;;1;2026-03-17T02:31:59
00063424000439;Arena Sanitaria para Gato Aglutinante con Aroma a Lavanda Bolsa, 9 Kg;;1210;10890;True;https://super.lider.cl/ip/higiene-y-bienestar/00063424000439;https://i5.walmartimages.cl/asr/f7e6e282-3cc7-41ee-8dfa-9611dc039ebf.e5ee87da2e6b84d6a60ff69ac087c818.jpeg?null=&odnHeight=580&odnWidth=580&odnBg=FFFFFF;Accesorios y Juguetes > Arena para Gato;https://super.lider.cl/browse/mascotas/higiene-y-bienestar/arena-para-gato/07089592_02342029_67185424;;1;2026-03-17T02:32:26
00780460346503;Arena Sanitaria para Gato Aglutinante con Aroma a Lavanda Bolsa, 2 Kg;;300;3290;True;https://super.lider.cl/ip/higiene-y-bienestar/00780460346503;https://i5.walmartimages.cl/asr/d4a6d150-91bb-463d-9b1e-1640870aca39.fa9e3eeb4186f98296a4676125e5005b.jpeg?null=&odnHeight=580&odnWidth=580&odnBg=FFFFFF;Accesorios y Juguetes > Arena para Gato;https://super.lider.cl/browse/mascotas/higiene-y-bienestar/arena-para-gato/07089592_02342029_67185424;;1;2026-03-17T02:32:26
00780460346530;Arena Aglutinante Aroma Lavanda, 20 kg;;999;19990;True;https://super.lider.cl/ip/higiene-y-bienestar/00780460346530;https://i5.walmartimages.cl/asr/e2dc7cf0-23ec-4d15-91ed-840a45325906.2c03f1ee886e78a17d0bcbbc82ced794.jpeg?null=&odnHeight=580&odnWidth=580&odnBg=FFFFFF;Accesorios y Juguetes > Arena para Gato;https://super.lider.cl/browse/mascotas/higiene-y-bienestar/arena-para-gato/07089592_02342029_67185424;;1;2026-03-17T02:32:26
00780550500942;Arena Sanitaria para Gato Aglutinante Bolsa, 9 Kg;;1272;13490;True;https://super.lider.cl/ip/higiene-y-bienestar/00780550500942;https://i5.walmartimages.cl/asr/9b4410a3-036e-4d21-946c-c5da6d9b23fd.5b99b2760cd108d6e4ef0b4f7cf52175.jpeg?null=&odnHeight=580&odnWidth=580&odnBg=FFFFFF;Accesorios y Juguetes > Arena para Gato;https://super.lider.cl/browse/mascotas/higiene-y-bienestar/arena-para-gato/07089592_02342029_67185424;;1;2026-03-17T02:32:26
00074674766576;Arena Sanitaria Para Gato Café Bolsa, 9 kg;;1210;10890;True;https://super.lider.cl/ip/higiene-y-bienestar/00074674766576;https://i5.walmartimages.cl/asr/734958c6-e268-41e7-b1a9-0c60bec069ae.a1d44233609650856686d00183882132.jpeg?odnHeight=580&odnWidth=580&odnBg=FFFFFF;Accesorios y Juguetes > Arena para Gato;https://super.lider.cl/browse/mascotas/higiene-y-bienestar/arena-para-gato/07089592_02342029_67185424;;1;2026-03-17T02:32:26
00063424000420;Arena Sanitaria para Gato Aglutinante con Aroma a Lavanda Bolsa, 4 Kg;;5990;5990;False;https://super.lider.cl/ip/higiene-y-bienestar/00063424000420;https://i5.walmartimages.cl/asr/54cd8695-7a2a-4975-84ad-3a2aa8d186c6.45be57c49060a4ce34d75ab0a7fc068a.jpeg?null=&odnHeight=580&odnWidth=580&odnBg=FFFFFF;Accesorios y Juguetes > Arena para Gato;https://super.lider.cl/browse/mascotas/higiene-y-bienestar/arena-para-gato/07089592_02342029_67185424;;1;2026-03-17T02:32:26
00780460346528;Arena Aglutinante Aroma Café, 20 kg;;1000;19990;True;https://super.lider.cl/ip/higiene-y-bienestar/00780460346528;https://i5.walmartimages.cl/asr/0017b34a-e198-40a7-bf25-419cb98c2794.449dc87650fe9dfc1b1797a8781569ec.jpeg?null=&odnHeight=580&odnWidth=580&odnBg=FFFFFF;Accesorios y Juguetes > Arena para Gato;https://super.lider.cl/browse/mascotas/higiene-y-bienestar/arena-para-gato/07089592_02342029_67185424;;1;2026-03-17T02:32:26
00780460346516;Arena Sanitaria para Gato Aglutinante con Aroma a Lavanda Bolsa, 10 kg;;1289;14490;True;https://super.lider.cl/ip/higiene-y-bienestar/00780460346516;https://i5.walmartimages.cl/asr/61f2eb84-b973-4de8-a4fb-c0938c17a9b6.34d58547cf0cbb7b4b2e9a5298b9b1fd.jpeg?null=&odnHeight=580&odnWidth=580&odnBg=FFFFFF;Accesorios y Juguetes > Arena para Gato;https://super.lider.cl/browse/mascotas/higiene-y-bienestar/arena-para-gato/07089592_02342029_67185424;;1;2026-03-17T02:32:26
00780460346511;Arena Sanitaria para Gato Aglutinante con Aroma a Café Bolsa, 2 Kg;;300;3290;True;https://super.lider.cl/ip/higiene-y-bienestar/00780460346511;https://i5.walmartimages.cl/asr/2a2837d7-2124-4fb0-8f70-3789cc79f7fe.4cb709be3eca156bb9685416c89d3e18.jpeg?null=&odnHeight=580&odnWidth=580&odnBg=FFFFFF;Accesorios y Juguetes > Arena para Gato;https://super.lider.cl/browse/mascotas/higiene-y-bienestar/arena-para-gato/07089592_02342029_67185424;;1;2026-03-17T02:32:26
00780460346514;Arena Sanitaria para Gato Aglutinante Bolsa, 10 kg;;1289;14490;True;https://super.lider.cl/ip/higiene-y-bienestar/00780460346514;https://i5.walmartimages.cl/asr/b6228a90-cd47-4ae4-9f4b-2009db66e541.4af5e2e6601d129b217c49c3d7ea67dc.jpeg?null=&odnHeight=580&odnWidth=580&odnBg=FFFFFF;Accesorios y Juguetes > Arena para Gato;https://super.lider.cl/browse/mascotas/higiene-y-bienestar/arena-para-gato/07089592_02342029_67185424;;1;2026-03-17T02:32:26
00780464753165;Arena Sanitaria para Gato Bolsa, 4 Kg;;1297;5190;True;https://super.lider.cl/ip/higiene-y-bienestar/00780464753165;https://i5.walmartimages.cl/asr/e58a7f7e-0957-4202-9c25-15b113ef2240.b6050c6b9f27423c492f337ea0db313f.jpeg?null=&odnHeight=580&odnWidth=580&odnBg=FFFFFF;Accesorios y Juguetes > Arena para Gato;https://super.lider.cl/browse/mascotas/higiene-y-bienestar/arena-para-gato/07089592_02342029_67185424;;1;2026-03-17T02:32:26
00780460346502;Arena Aglutinante Aroma Natural, 4 kg;;1497;5990;True;https://super.lider.cl/ip/higiene-y-bienestar/00780460346502;https://i5.walmartimages.cl/asr/69d3058d-7b84-47c7-bd10-36481b4cec5c.1e4b6d918fdefd385e1a0f94b2e47b3e.jpeg?null=&odnHeight=580&odnWidth=580&odnBg=FFFFFF;Accesorios y Juguetes > Arena para Gato;https://super.lider.cl/browse/mascotas/higiene-y-bienestar/arena-para-gato/07089592_02342029_67185424;;1;2026-03-17T02:32:26
00074674766587;Arena Sanitaria Aglutinante Café, 2 kg;;2990;2990;False;https://super.lider.cl/ip/higiene-y-bienestar/00074674766587;https://i5.walmartimages.cl/asr/99e7b311-b955-4095-afc6-8ef644ae0476.88c3cac06c13975d2d1bf9693bb0d100.jpeg?null=&odnHeight=580&odnWidth=580&odnBg=FFFFFF;Accesorios y Juguetes > Arena para Gato;https://super.lider.cl/browse/mascotas/higiene-y-bienestar/arena-para-gato/07089592_02342029_67185424;;1;2026-03-17T02:32:26
00074674766575;Arena Sanitaria para Gato Aglutinante con Aroma a Café Bolsa, 4 kg;;1498;5990;True;https://super.lider.cl/ip/higiene-y-bienestar/00074674766575;https://i5.walmartimages.cl/asr/d5356b2f-39c7-45ae-b3bf-5a24e4e1ea08.d2c6c5ccb5392b0fa3fe36ff48b511b3.jpeg?null=&odnHeight=580&odnWidth=580&odnBg=FFFFFF;Accesorios y Juguetes > Arena para Gato;https://super.lider.cl/browse/mascotas/higiene-y-bienestar/arena-para-gato/07089592_02342029_67185424;;1;2026-03-17T02:32:26
00780550501169;Arena Sanitaria para Gato Aglutinante con Aroma a Lavanda Bolsa, 4 kg;;1200;7690;True;https://super.lider.cl/ip/higiene-y-bienestar/00780550501169;https://i5.walmartimages.cl/asr/097c28db-c411-4f7a-9f93-af2d0dd1ed17.5d8dfeba7f58a124a2b430dfe99ef220.jpeg?null=&odnHeight=580&odnWidth=580&odnBg=FFFFFF;Accesorios y Juguetes > Arena para Gato;https://super.lider.cl/browse/mascotas/higiene-y-bienestar/arena-para-gato/07089592_02342029_67185424;;1;2026-03-17T02:32:26
00780550500941;Arena Sanitaria para Gato Aglutinante, 4 Kg;;1200;7690;True;https://super.lider.cl/ip/higiene-y-bienestar/00780550500941;https://i5.walmartimages.cl/asr/fa045fff-f44c-404f-a25a-40b4d6ae8c83.1b706706373813a5a36fbc4a948d9f9a.jpeg?null=&odnHeight=580&odnWidth=580&odnBg=FFFFFF;Accesorios y Juguetes > Arena para Gato;https://super.lider.cl/browse/mascotas/higiene-y-bienestar/arena-para-gato/07089592_02342029_67185424;;1;2026-03-17T02:32:26
00063384310608;Arena Sanitaria para Gato Litter Pearls Micro Crystals Bolsa, 3,18 Kg;;4682;14890;True;https://super.lider.cl/ip/higiene-y-bienestar/00063384310608;https://i5.walmartimages.cl/asr/2fb65590-d018-4f6d-9c5e-0b6ad478bdd5.a864f939d4d520f7f31b6465db209429.jpeg?null=&odnHeight=580&odnWidth=580&odnBg=FFFFFF;Accesorios y Juguetes > Arena para Gato;https://super.lider.cl/browse/mascotas/higiene-y-bienestar/arena-para-gato/07089592_02342029_67185424;;1;2026-03-17T02:32:26
00065952511107;Cristales Sanitarios para Gato Silica Gel Bolsa, 2 Kg;;9790;9790;False;https://super.lider.cl/ip/higiene-y-bienestar/00065952511107;https://i5.walmartimages.cl/asr/6f1e5eea-21b9-42e4-aab9-53cdfa23a839.12f069eeea0385870cec234764f0e005.jpeg?null=&odnHeight=580&odnWidth=580&odnBg=FFFFFF;Accesorios y Juguetes > Arena para Gato;https://super.lider.cl/browse/mascotas/higiene-y-bienestar/arena-para-gato/07089592_02342029_67185424;;1;2026-03-17T02:32:26
00074674766577;Arena Sanitaria Para Gato Natural, 4 kg;;5990;5990;False;https://super.lider.cl/ip/higiene-y-bienestar/00074674766577;https://i5.walmartimages.cl/asr/b5203771-d1c7-4eae-b32a-df7faa3bef8f.c3161f5af3951ee34e0d47a688c77ce2.jpeg?null=&odnHeight=580&odnWidth=580&odnBg=FFFFFF;Accesorios y Juguetes > Arena para Gato;https://super.lider.cl/browse/mascotas/higiene-y-bienestar/arena-para-gato/07089592_02342029_67185424;;1;2026-03-17T02:32:26
00780257553273;Arena Sanitaria para Gato No Aglutinante Bolsa, 4 Kg;;2373;9490;True;https://super.lider.cl/ip/higiene-y-bienestar/00780257553273;https://i5.walmartimages.cl/asr/862f97c7-0ef5-48e9-b26a-d368d971bccb.e3dda78e38ac4a8c1bac82843bf87a14.jpeg?null=&odnHeight=580&odnWidth=580&odnBg=FFFFFF;Accesorios y Juguetes > Arena para Gato;https://super.lider.cl/browse/mascotas/higiene-y-bienestar/arena-para-gato/07089592_02342029_67185424;;1;2026-03-17T02:32:26
00780550501196;Arena Sanitaria Eco De Maiz Para Gatos 5 Litros Traper, 5 L;;2698;13490;True;https://super.lider.cl/ip/higiene-y-bienestar/00780550501196;https://i5.walmartimages.cl/asr/9f5a2367-9086-4540-8010-e3639723cfb8.528a9377f129d67af7a357c4a3645dd2.jpeg?odnHeight=580&odnWidth=580&odnBg=FFFFFF;Accesorios y Juguetes > Arena para Gato;https://super.lider.cl/browse/mascotas/higiene-y-bienestar/arena-para-gato/07089592_02342029_67185424;;1;2026-03-17T02:32:26
00780460346525;Arena Sanitaria para Gato Aglutinante con Aroma a Café Bolsa, 10 kg;;1289;14490;True;https://super.lider.cl/ip/higiene-y-bienestar/00780460346525;https://i5.walmartimages.cl/asr/58a8b2d7-972b-4592-82ba-6e7298f7c72f.b766a35e08eb9b517986fddf80d13bea.jpeg?null=&odnHeight=580&odnWidth=580&odnBg=FFFFFF;Accesorios y Juguetes > Arena para Gato;https://super.lider.cl/browse/mascotas/higiene-y-bienestar/arena-para-gato/07089592_02342029_67185424;;1;2026-03-17T02:32:26
00104183841350;Bolsa Para Desecho de Mascota, 1 Un;;990;990;False;https://super.lider.cl/ip/higiene-y-bienestar/00104183841350;https://i5.walmartimages.cl/asr/43ae07a5-be6b-44d2-8d25-13bf2abc2518.419aa6d4909e22134bf6c8e8666f2aa0.jpeg?null=&odnHeight=580&odnWidth=580&odnBg=FFFFFF;Accesorios y Juguetes > Bolsas y Accesorios Sanitarios;https://super.lider.cl/browse/mascotas/higiene-y-bienestar/bolsas-y-accesorios-sanitarios/07089592_02342029_52790901;;1;2026-03-17T02:32:52
00074674766589;Rollo Bolsas Sanitarias, 1 Un;;550;550;False;https://super.lider.cl/ip/higiene-y-bienestar/00074674766589;https://i5.walmartimages.cl/asr/25ac6119-d7e4-4ef7-9185-bc9d04c4be3a.f9222fdbdf0c34d123cf372dab54706b.jpeg?null=&odnHeight=580&odnWidth=580&odnBg=FFFFFF;Accesorios y Juguetes > Bolsas y Accesorios Sanitarios;https://super.lider.cl/browse/mascotas/higiene-y-bienestar/bolsas-y-accesorios-sanitarios/07089592_02342029_52790901;;1;2026-03-17T02:32:52
00065952511101;Pads de Entrenamiento para Perro M 60x60 cm, 30 Un;;8990;8990;False;https://super.lider.cl/ip/higiene-y-bienestar/00065952511101;https://i5.walmartimages.cl/asr/931f027e-7455-4876-b3f7-0027e37470d6.64916341be1b242b08f245a1fa1efc0d.jpeg?null=&odnHeight=580&odnWidth=580&odnBg=FFFFFF;Accesorios y Juguetes > Bolsas y Accesorios Sanitarios;https://super.lider.cl/browse/mascotas/higiene-y-bienestar/bolsas-y-accesorios-sanitarios/07089592_02342029_52790901;;1;2026-03-17T02:32:52
00780000600510;Antiparasitario para Perro Pipeta Externa Raza Mediana, 1 Un;;4590;4590;False;https://super.lider.cl/ip/higiene-y-bienestar/00780000600510;https://i5.walmartimages.cl/asr/f4e2e993-4a06-4dc4-b65c-0d89970ccfa1.017ae9434f35cdf4e43041ee3c04d6a1.jpeg?null=&odnHeight=580&odnWidth=580&odnBg=FFFFFF;Accesorios y Juguetes > Bolsas y Accesorios Sanitarios;https://super.lider.cl/browse/mascotas/higiene-y-bienestar/bolsas-y-accesorios-sanitarios/07089592_02342029_52790901;;1;2026-03-17T02:32:52
00074674766588;Pads de Entrenamiento para Perro XL 90x60 cm, 30 Un;;11990;11990;False;https://super.lider.cl/ip/higiene-y-bienestar/00074674766588;https://i5.walmartimages.cl/asr/7c941fe2-9bd9-43ec-82c6-3bbb6c1d16e2.caaa37c14c73a05e653d68e5678b062e.jpeg?null=&odnHeight=580&odnWidth=580&odnBg=FFFFFF;Accesorios y Juguetes > Bolsas y Accesorios Sanitarios;https://super.lider.cl/browse/mascotas/higiene-y-bienestar/bolsas-y-accesorios-sanitarios/07089592_02342029_52790901;;1;2026-03-17T02:32:52
00065952511106;Pads de Entrenamiento para Perro con Carbon Activo XL 90x60 cm, 30 Un;;13890;13890;False;https://super.lider.cl/ip/higiene-y-bienestar/00065952511106;https://i5.walmartimages.cl/asr/3e9f8ff0-d2e2-4ffc-9c76-b579ffbffd00.86086a428cd66a1658a2c5747d1536de.jpeg?null=&odnHeight=580&odnWidth=580&odnBg=FFFFFF;Accesorios y Juguetes > Bolsas y Accesorios Sanitarios;https://super.lider.cl/browse/mascotas/higiene-y-bienestar/bolsas-y-accesorios-sanitarios/07089592_02342029_52790901;;1;2026-03-17T02:32:52
00780799157324;Pads de Entrenamiento para Perro M 60x60 cm, 10 Un;;3990;3990;False;https://super.lider.cl/ip/higiene-y-bienestar/00780799157324;https://i5.walmartimages.cl/asr/cf302255-389a-41a9-bb53-8b37ea37cca9.1a3e6313c29d31da1c570355b1e0a54e.jpeg?null=&odnHeight=580&odnWidth=580&odnBg=FFFFFF;Accesorios y Juguetes > Bolsas y Accesorios Sanitarios;https://super.lider.cl/browse/mascotas/higiene-y-bienestar/bolsas-y-accesorios-sanitarios/07089592_02342029_52790901;;1;2026-03-17T02:32:52
00780799157406;Pala para Arena Sanitaria de Gato, 1 Un;;1490;1490;False;https://super.lider.cl/ip/higiene-y-bienestar/00780799157406;https://i5.walmartimages.cl/asr/9b370fd2-283a-4369-b749-1c2bf057de54.f21da9505a2a71240bb12fda78e93c03.jpeg?odnHeight=580&odnWidth=580&odnBg=FFFFFF;Accesorios y Juguetes > Bolsas y Accesorios Sanitarios;https://super.lider.cl/browse/mascotas/higiene-y-bienestar/bolsas-y-accesorios-sanitarios/07089592_02342029_52790901;;1;2026-03-17T02:32:52
00780681002489;Trapero Húmedo Pets X 12 Limón, 1 Un;;1000;3490;True;https://super.lider.cl/ip/higiene-y-bienestar/00780681002489;https://i5.walmartimages.cl/asr/82d06971-7854-4033-aa9f-eb7372603faf.486b5ffe76c91220ce535a3ae65a616b.jpeg?odnHeight=580&odnWidth=580&odnBg=FFFFFF;Accesorios y Juguetes > Bolsas y Accesorios Sanitarios;https://super.lider.cl/browse/mascotas/higiene-y-bienestar/bolsas-y-accesorios-sanitarios/07089592_02342029_52790901;;1;2026-03-17T02:32:52
00780681002649;Rodillo Quitapelusas Pets, 1 Un;;1490;1490;False;https://super.lider.cl/ip/higiene-y-bienestar/00780681002649;https://i5.walmartimages.cl/asr/339300cc-f62d-4847-a760-f58ac70bcf16.fc5911443916c52d26e95f6353892a30.jpeg?odnHeight=580&odnWidth=580&odnBg=FFFFFF;Accesorios y Juguetes > Bolsas y Accesorios Sanitarios;https://super.lider.cl/browse/mascotas/higiene-y-bienestar/bolsas-y-accesorios-sanitarios/07089592_02342029_52790901;;1;2026-03-17T02:32:52
00078918552285;Pack 4 Bolsas Sanitarias Ecológicas, 1 Un;;2850;2850;False;https://super.lider.cl/ip/higiene-y-bienestar/00078918552285;https://i5.walmartimages.cl/asr/cde108ed-4972-4c7f-b1cb-f1547f1b2cb4.502fe0c3adc116aea1fb6fe3951bdc3d.jpeg?null=&odnHeight=580&odnWidth=580&odnBg=FFFFFF;Accesorios y Juguetes > Bolsas y Accesorios Sanitarios;https://super.lider.cl/browse/mascotas/higiene-y-bienestar/bolsas-y-accesorios-sanitarios/07089592_02342029_52790901;;1;2026-03-17T02:32:52
00780000600898;Antiparasitario para Perro y Gato Spray Externo, 50 ml;;10390;20780;True;https://super.lider.cl/ip/higiene-y-bienestar/00780000600898;https://i5.walmartimages.cl/asr/ee68b168-2a3a-453a-9e1d-1d006ded874f.b59d0aa0efdb797b40844460edcfa5bd.jpeg?null=&odnHeight=580&odnWidth=580&odnBg=FFFFFF;Accesorios y Juguetes > Bolsas y Accesorios Sanitarios;https://super.lider.cl/browse/mascotas/higiene-y-bienestar/bolsas-y-accesorios-sanitarios/07089592_02342029_52790901;;1;2026-03-17T02:32:52
00779052002700;Limpiador Desinfectante de Piso para Ambiente con Mascotas Lavanda Botella, 800 ml;;3390;4237;True;https://super.lider.cl/ip/pisos-y-muebles/00779052002700;https://i5.walmartimages.cl/asr/0fb67e55-0567-4fbe-9b86-be0d72a6c575.f856b20bbc93c91620af801b6e211ed3.jpeg?odnHeight=580&odnWidth=580&odnBg=FFFFFF;Accesorios y Juguetes > Bolsas y Accesorios Sanitarios;https://super.lider.cl/browse/mascotas/higiene-y-bienestar/bolsas-y-accesorios-sanitarios/07089592_02342029_52790901;;1;2026-03-17T02:32:52
00780550501198;Pads de Entrenamiento para Perro con Carbon Activo XL 90x60 cm, 30 Un;;10492;14690;True;https://super.lider.cl/ip/higiene-y-bienestar/00780550501198;https://i5.walmartimages.cl/asr/55d7e6d7-d432-44e0-b83b-25d00d976b2f.4c8b9b5fdcb6d0ccbb01e34099ac5d93.jpeg?null=&odnHeight=580&odnWidth=580&odnBg=FFFFFF;Accesorios y Juguetes > Bolsas y Accesorios Sanitarios;https://super.lider.cl/browse/mascotas/higiene-y-bienestar/bolsas-y-accesorios-sanitarios/07089592_02342029_52790901;;1;2026-03-17T02:32:52
00780799157404;Bandeja Arena Sanitaria de Gato 43x32x14 cm, 1 Un;;7990;7990;False;https://super.lider.cl/ip/higiene-y-bienestar/00780799157404;https://i5.walmartimages.cl/asr/7d7b01f8-07ac-4b26-815f-c32d6f1e3c8f.11a225d123a649aaf0b6cded3682bd12.jpeg?odnHeight=580&odnWidth=580&odnBg=FFFFFF;Accesorios y Juguetes > Bolsas y Accesorios Sanitarios;https://super.lider.cl/browse/mascotas/higiene-y-bienestar/bolsas-y-accesorios-sanitarios/07089592_02342029_52790901;;1;2026-03-17T02:32:52
00780681002648;Esponja Dual Pets 1 unidad, 1 Un;;1990;1990;False;https://super.lider.cl/ip/higiene-y-bienestar/00780681002648;https://i5.walmartimages.cl/asr/f3dc6edf-b5fc-458a-a052-e64e100ca736.5e5f48bc2727833175466dacd69b2b07.jpeg?odnHeight=580&odnWidth=580&odnBg=FFFFFF;Accesorios y Juguetes > Bolsas y Accesorios Sanitarios;https://super.lider.cl/browse/mascotas/higiene-y-bienestar/bolsas-y-accesorios-sanitarios/07089592_02342029_52790901;;1;2026-03-17T02:32:52
00779052002701;Limpiador Desinfectante de Piso para Ambiente con Mascotas Lavanda Recarga, 420 ml;;2250;2812;True;https://super.lider.cl/ip/pisos-y-muebles/00779052002701;https://i5.walmartimages.cl/asr/ddfcbe73-e6cf-431f-a02f-e5d69393b913.9536069f9b52ccf618bbb8c1fa49ad06.jpeg?odnHeight=580&odnWidth=580&odnBg=FFFFFF;Accesorios y Juguetes > Bolsas y Accesorios Sanitarios;https://super.lider.cl/browse/mascotas/higiene-y-bienestar/bolsas-y-accesorios-sanitarios/07089592_02342029_52790901;;1;2026-03-17T02:32:52
00078918552250;Porta Bolsa + 2 Bolsas Ecológicas, 1 Un;;3990;3990;False;https://super.lider.cl/ip/higiene-y-bienestar/00078918552250;https://i5.walmartimages.cl/asr/18df629b-1d3f-4c48-8fa9-c1ce9389d60c.4b98d880790aa1deda1ef4595ee72853.jpeg?null=&odnHeight=580&odnWidth=580&odnBg=FFFFFF;Accesorios y Juguetes > Bolsas y Accesorios Sanitarios;https://super.lider.cl/browse/mascotas/higiene-y-bienestar/bolsas-y-accesorios-sanitarios/07089592_02342029_52790901;;1;2026-03-17T02:32:52
00780000600295;Talco Antiparasitario para Gato Lata, 100 g;;3790;37899;True;https://super.lider.cl/ip/higiene-y-bienestar/00780000600295;https://i5.walmartimages.cl/asr/8cffcb1b-93bf-4142-bde7-bc553f52f6f8.bf0b09b80eeccbb43090d290abc74b7f.jpeg?null=&odnHeight=580&odnWidth=580&odnBg=FFFFFF;Accesorios y Juguetes > Bolsas y Accesorios Sanitarios;https://super.lider.cl/browse/mascotas/higiene-y-bienestar/bolsas-y-accesorios-sanitarios/07089592_02342029_52790901;;1;2026-03-17T02:32:52
00400845561071;Limpiador para Manchas de Mascotas, 650 ml;;1840;10385;True;https://super.lider.cl/ip/pisos-y-muebles/00400845561071;https://i5.walmartimages.cl/asr/52e555a6-db50-4283-b1c9-eb98a2f0efb1.b4215c0295e103fc56726f2128366394.jpeg?null=&odnHeight=580&odnWidth=580&odnBg=FFFFFF;Accesorios y Juguetes > Bolsas y Accesorios Sanitarios;https://super.lider.cl/browse/mascotas/higiene-y-bienestar/bolsas-y-accesorios-sanitarios/07089592_02342029_52790901;;1;2026-03-17T02:32:52
00779052002699;Desinfectante de Ambientes y Superficies Aerosol Lavanda Lata, 495 ml;;5190;10485;True;https://super.lider.cl/ip/higiene-y-bienestar/00779052002699;https://i5.walmartimages.cl/asr/eb890971-a163-4c13-ade5-873e00ea9db7.6e77f5eddbd013183daf34e2ba51a3ef.jpeg?odnHeight=580&odnWidth=580&odnBg=FFFFFF;Accesorios y Juguetes > Bolsas y Accesorios Sanitarios;https://super.lider.cl/browse/mascotas/higiene-y-bienestar/bolsas-y-accesorios-sanitarios/07089592_02342029_52790901;;1;2026-03-17T02:32:52
00780681001129;Cepillo de Goma Multiuso 2 En 1, 1 Un;;9950;9950;False;https://super.lider.cl/ip/higiene-y-bienestar/00780681001129;https://i5.walmartimages.cl/asr/f7a78cc6-3371-469c-a8ad-8d3228c0e5e2.1f99cdb193760520b29a786321861e1f.jpeg?odnHeight=580&odnWidth=580&odnBg=FFFFFF;Accesorios y Juguetes > Bolsas y Accesorios Sanitarios;https://super.lider.cl/browse/mascotas/higiene-y-bienestar/bolsas-y-accesorios-sanitarios/07089592_02342029_52790901;;1;2026-03-17T02:32:52
00780000600644;Antiparasitario para Gato Pipeta Externa, 1 Un;;9690;9690;False;https://super.lider.cl/ip/higiene-y-bienestar/00780000600644;https://i5.walmartimages.cl/asr/172a3362-a447-439a-929f-35ae30c36090.c5bfc5d5d25b43956c706357eb6288de.jpeg?odnHeight=580&odnWidth=580&odnBg=FFFFFF;Accesorios y Juguetes > Bolsas y Accesorios Sanitarios;https://super.lider.cl/browse/mascotas/higiene-y-bienestar/bolsas-y-accesorios-sanitarios/07089592_02342029_52790901;;1;2026-03-17T02:32:52
00780465625051;Educador Sanitario para Perro, 230 ml;;4990;4990;False;https://super.lider.cl/ip/higiene-y-bienestar/00780465625051;https://i5.walmartimages.cl/asr/d80cacad-5e12-4369-b34c-734e8bd691b4.5257a7868f05a5c79345793f0584e670.jpeg?null=&odnHeight=580&odnWidth=580&odnBg=FFFFFF;Accesorios y Juguetes > Bolsas y Accesorios Sanitarios;https://super.lider.cl/browse/mascotas/higiene-y-bienestar/bolsas-y-accesorios-sanitarios/07089592_02342029_52790901;;1;2026-03-17T02:32:52
00780465625050;Eliminador de Olores de Mascotas, 1 L;;4990;4990;False;https://super.lider.cl/ip/higiene-y-bienestar/00780465625050;https://i5.walmartimages.cl/asr/0c1f3cc7-adaf-46d5-a9fa-8e331c0733c3.cdffccba30c7edc29270dd2b540965c7.jpeg?null=&odnHeight=580&odnWidth=580&odnBg=FFFFFF;Accesorios y Juguetes > Baño y Limpieza;https://super.lider.cl/browse/mascotas/higiene-y-bienestar/bao-y-limpieza/07089592_02342029_81556437;;1;2026-03-17T02:33:20
00780460346603;Destructor de olores gato perro, 350 ml;;740;12143;True;https://super.lider.cl/ip/higiene-y-bienestar/00780460346603;https://i5.walmartimages.cl/asr/961d4b30-729b-4033-9322-82bea841e669.19cd08a4e1d987b5e785361dfd96faa9.jpeg?odnHeight=580&odnWidth=580&odnBg=FFFFFF;Accesorios y Juguetes > Baño y Limpieza;https://super.lider.cl/browse/mascotas/higiene-y-bienestar/bao-y-limpieza/07089592_02342029_81556437;;1;2026-03-17T02:33:20
00780465625049;Repelente para Perro y Gato, 1 L;;4990;4990;False;https://super.lider.cl/ip/higiene-y-bienestar/00780465625049;https://i5.walmartimages.cl/asr/ae57fbfa-2fcc-4878-94c3-ade27a483557.6ba5cb24875452cdb21c29690825175c.jpeg?null=&odnHeight=580&odnWidth=580&odnBg=FFFFFF;Accesorios y Juguetes > Baño y Limpieza;https://super.lider.cl/browse/mascotas/higiene-y-bienestar/bao-y-limpieza/07089592_02342029_81556437;;1;2026-03-17T02:33:20
00780465625052;Eliminador de Olores Orina de Gato, 230 ml;;3990;3990;False;https://super.lider.cl/ip/higiene-y-bienestar/00780465625052;https://i5.walmartimages.cl/asr/abb64a43-15d7-4b60-9095-cf8b313eabd7.e7f1f32fb30d0648058f4e1f9764fbde.jpeg?null=&odnHeight=580&odnWidth=580&odnBg=FFFFFF;Accesorios y Juguetes > Baño y Limpieza;https://super.lider.cl/browse/mascotas/higiene-y-bienestar/bao-y-limpieza/07089592_02342029_81556437;;1;2026-03-17T02:33:20
00780000600447;Shampoo para Perro Hipoalergenico Uso Frecuente Botella, 390 ml;;3990;10230;True;https://super.lider.cl/ip/higiene-y-bienestar/00780000600447;https://i5.walmartimages.cl/asr/c1794f1e-5146-4b8a-b4ac-b73108a0b29e.c81db688ba3cad8fd238daec7ffe37b9.jpeg?null=&odnHeight=580&odnWidth=580&odnBg=FFFFFF;Accesorios y Juguetes > Baño y Limpieza;https://super.lider.cl/browse/mascotas/higiene-y-bienestar/bao-y-limpieza/07089592_02342029_81556437;;1;2026-03-17T02:33:20
00040005067221;Rodillo Saca Pelusa Negro;;1490;1490;False;https://super.lider.cl/ip/organizacion/00040005067221;https://i5.walmartimages.cl/asr/5109c4fb-1430-4d28-b53d-0e056fb418ab.a12c7d847cd6f5dc46a461ac28175e4e.jpeg?null=&odnHeight=580&odnWidth=580&odnBg=FFFFFF;Accesorios y Juguetes > Baño y Limpieza;https://super.lider.cl/browse/mascotas/higiene-y-bienestar/bao-y-limpieza/07089592_02342029_81556437;;1;2026-03-17T02:33:20
00780799157331;Cepillo Doble Rectangular para Mascotas, 1 Un;;3990;3990;False;https://super.lider.cl/ip/higiene-y-bienestar/00780799157331;https://i5.walmartimages.cl/asr/f4510874-6010-4f6c-a1a2-076d5f76b5a8.b71274f20487e976dc9fbed8499aa3f3.jpeg?null=&odnHeight=580&odnWidth=580&odnBg=FFFFFF;Accesorios y Juguetes > Baño y Limpieza;https://super.lider.cl/browse/mascotas/higiene-y-bienestar/bao-y-limpieza/07089592_02342029_81556437;;1;2026-03-17T02:33:20
00780465625217;Shampoo para Perro Pelaje Claro con Aloe Vera Aroma Frambuesa y Papaya Botella, 300 ml;;2950;2950;False;https://super.lider.cl/ip/higiene-y-bienestar/00780465625217;https://i5.walmartimages.cl/asr/10cbb682-4f77-473a-83e9-0ab4dbee6a78.283f7f68a97d2f4971a55c768cab4bf0.jpeg?null=&odnHeight=580&odnWidth=580&odnBg=FFFFFF;Accesorios y Juguetes > Baño y Limpieza;https://super.lider.cl/browse/mascotas/higiene-y-bienestar/bao-y-limpieza/07089592_02342029_81556437;;1;2026-03-17T02:33:20
00040005067220;Rodillo Saca Pelusa Gris;;1490;1490;False;https://super.lider.cl/ip/organizacion/00040005067220;https://i5.walmartimages.cl/asr/ebed6a31-de12-4218-979b-6cd2e951b6f3.a13a1414f111510393353a7d90d8eda1.jpeg?null=&odnHeight=580&odnWidth=580&odnBg=FFFFFF;Accesorios y Juguetes > Baño y Limpieza;https://super.lider.cl/browse/mascotas/higiene-y-bienestar/bao-y-limpieza/07089592_02342029_81556437;;1;2026-03-17T02:33:20
00780465625214;Shampoo para Perro 2 en 1 con Balsamo Aroma Vainilla Botella, 300 ml;;2950;2950;False;https://super.lider.cl/ip/higiene-y-bienestar/00780465625214;https://i5.walmartimages.cl/asr/e4953c2c-beab-40c8-834a-7c2d23638cef.32ea6411180555d3fce587926d3671be.jpeg?null=&odnHeight=580&odnWidth=580&odnBg=FFFFFF;Accesorios y Juguetes > Baño y Limpieza;https://super.lider.cl/browse/mascotas/higiene-y-bienestar/bao-y-limpieza/07089592_02342029_81556437;;1;2026-03-17T02:33:20
00780000600446;Shampoo para Perro Extra Brillo Uso Frecuente Botella, 390 ml;;3990;10230;True;https://super.lider.cl/ip/higiene-y-bienestar/00780000600446;https://i5.walmartimages.cl/asr/aa3510a0-7f89-4f48-85d5-43247f494772.f8fa26ed76b816d41e29a8bfae82025f.jpeg?null=&odnHeight=580&odnWidth=580&odnBg=FFFFFF;Accesorios y Juguetes > Baño y Limpieza;https://super.lider.cl/browse/mascotas/higiene-y-bienestar/bao-y-limpieza/07089592_02342029_81556437;;1;2026-03-17T02:33:20
00780465625047;Shampoo para Gato Seco Repelente Pulgas Aroma Eucaliptus Lata, 100 g;;2550;2550;False;https://super.lider.cl/ip/higiene-y-bienestar/00780465625047;https://i5.walmartimages.cl/asr/8826bb53-a326-4a12-8904-8082d92ae23d.74215ec6d10af7ad10cdde4df319081c.jpeg?null=&odnHeight=580&odnWidth=580&odnBg=FFFFFF;Accesorios y Juguetes > Baño y Limpieza;https://super.lider.cl/browse/mascotas/higiene-y-bienestar/bao-y-limpieza/07089592_02342029_81556437;;1;2026-03-17T02:33:20
00780550500082;Repelente para Perro y Gato, 440 ml;;8990;20431;True;https://super.lider.cl/ip/higiene-y-bienestar/00780550500082;https://i5.walmartimages.cl/asr/411e8a56-90fe-418f-9662-5122ec860967.5eb0fd49a5aad6689957171797470632.jpeg?null=&odnHeight=580&odnWidth=580&odnBg=FFFFFF;Accesorios y Juguetes > Baño y Limpieza;https://super.lider.cl/browse/mascotas/higiene-y-bienestar/bao-y-limpieza/07089592_02342029_81556437;;1;2026-03-17T02:33:20
00780465625212;Shampoo para Perro Repelente con Aloe Vera Aroma Eucaliptus Botella, 300 ml;;2950;2950;False;https://super.lider.cl/ip/higiene-y-bienestar/00780465625212;https://i5.walmartimages.cl/asr/2f94416a-73ec-4f8e-bdde-0647c5becc6d.36d8929082cbb834f715b5e6baf29a27.jpeg?null=&odnHeight=580&odnWidth=580&odnBg=FFFFFF;Accesorios y Juguetes > Baño y Limpieza;https://super.lider.cl/browse/mascotas/higiene-y-bienestar/bao-y-limpieza/07089592_02342029_81556437;;1;2026-03-17T02:33:20
00780465625045;Shampoo para Perro Repelente Pulgas Aroma Eucalipto Botella, 1000 ml;;7390;7390;False;https://super.lider.cl/ip/higiene-y-bienestar/00780465625045;https://i5.walmartimages.cl/asr/0e60b588-e526-48d1-a0a7-4ed6c0e9fae5.e9f7d2a24f35878e72889b83dfb33edd.jpeg?null=&odnHeight=580&odnWidth=580&odnBg=FFFFFF;Accesorios y Juguetes > Baño y Limpieza;https://super.lider.cl/browse/mascotas/higiene-y-bienestar/bao-y-limpieza/07089592_02342029_81556437;;1;2026-03-17T02:33:20
00780000600155;Shampoo para Perro Antiparasitario Botella, 300 ml;;5690;18966;True;https://super.lider.cl/ip/higiene-y-bienestar/00780000600155;https://i5.walmartimages.cl/asr/867b0a23-654d-4c10-b9c1-23fe4848177d.0feea3c20811d628231c5420d0930087.jpeg?null=&odnHeight=580&odnWidth=580&odnBg=FFFFFF;Accesorios y Juguetes > Baño y Limpieza;https://super.lider.cl/browse/mascotas/higiene-y-bienestar/bao-y-limpieza/07089592_02342029_81556437;;1;2026-03-17T02:33:20
00780583610019;Quitapelusas Rodillo;;3000;3000;False;https://super.lider.cl/ip/accesorios-aseo/00780583610019;https://i5.walmartimages.cl/asr/b7afa88e-e5ac-46f4-bf6e-ec779eadec0c.ec2e690c2b23c2b3eb4b93df69ab0809.jpeg?odnHeight=580&odnWidth=580&odnBg=FFFFFF;Accesorios y Juguetes > Baño y Limpieza;https://super.lider.cl/browse/mascotas/higiene-y-bienestar/bao-y-limpieza/07089592_02342029_81556437;;1;2026-03-17T02:33:20
00780465625057;Colonia para Perritas Aroma Berries, 160 ml;;2990;2990;False;https://super.lider.cl/ip/higiene-y-bienestar/00780465625057;https://i5.walmartimages.cl/asr/4d7dc8dd-a6e5-4bd8-aee1-d05cb9e575ae.38ee600ab64e29c44782d4c4b8d8938f.jpeg?null=&odnHeight=580&odnWidth=580&odnBg=FFFFFF;Accesorios y Juguetes > Baño y Limpieza;https://super.lider.cl/browse/mascotas/higiene-y-bienestar/bao-y-limpieza/07089592_02342029_81556437;;1;2026-03-17T02:33:20
00780465625041;Shampoo para Perro Balsámico Aroma Vainilla Botella, 1000 ml;;7390;7390;False;https://super.lider.cl/ip/higiene-y-bienestar/00780465625041;https://i5.walmartimages.cl/asr/0d92ef18-b038-4625-bf3d-79f592a4ea1f.ee20038d8043e85500be06d8b8166f41.jpeg?null=&odnHeight=580&odnWidth=580&odnBg=FFFFFF;Accesorios y Juguetes > Baño y Limpieza;https://super.lider.cl/browse/mascotas/higiene-y-bienestar/bao-y-limpieza/07089592_02342029_81556437;;1;2026-03-17T02:33:20
00780550501181;Toallitas Húmedas Para Mascotas De Bambu Eco, 100 Un;;3890;3890;False;https://super.lider.cl/ip/higiene-y-bienestar/00780550501181;https://i5.walmartimages.cl/asr/d0309246-7dbb-489c-8955-d4112e0a4d20.b81a19ff7c4b196715bdafcbf39ac0bc.jpeg?null=&odnHeight=580&odnWidth=580&odnBg=FFFFFF;Accesorios y Juguetes > Baño y Limpieza;https://super.lider.cl/browse/mascotas/higiene-y-bienestar/bao-y-limpieza/07089592_02342029_81556437;;1;2026-03-17T02:33:20
00063424000468;Cepillo Suave Premium para Mascotas, 1 Un;;4990;4990;False;https://super.lider.cl/ip/higiene-y-bienestar/00063424000468;https://i5.walmartimages.cl/asr/9a42fd1f-9e48-4a99-806d-15ae033de04a.433c05ce162d6bdef06b7ba6ad1943d5.jpeg?null=&odnHeight=580&odnWidth=580&odnBg=FFFFFF;Accesorios y Juguetes > Baño y Limpieza;https://super.lider.cl/browse/mascotas/higiene-y-bienestar/bao-y-limpieza/07089592_02342029_81556437;;1;2026-03-17T02:33:20
00002120039997;Quitapelusas Rodillo;;4790;4790;False;https://super.lider.cl/ip/accesorios-aseo/00002120039997;https://i5.walmartimages.cl/asr/b2a3790f-8239-4cbe-b9f7-c6e5bf7a1828.cd1f7772c607ab1e3e61785f7d13ae4c.jpeg?odnHeight=580&odnWidth=580&odnBg=FFFFFF;Accesorios y Juguetes > Baño y Limpieza;https://super.lider.cl/browse/mascotas/higiene-y-bienestar/bao-y-limpieza/07089592_02342029_81556437;;1;2026-03-17T02:33:20
00780465625218;Acondicionador para Perro Hidratante con Aceite de Coco Botella, 300 ml;;2950;2950;False;https://super.lider.cl/ip/higiene-y-bienestar/00780465625218;https://i5.walmartimages.cl/asr/4b9f0f6b-768e-4b4c-b921-4e5b47029833.d960b4e0bd3feebeaac04f76740c4220.jpeg?null=&odnHeight=580&odnWidth=580&odnBg=FFFFFF;Accesorios y Juguetes > Baño y Limpieza;https://super.lider.cl/browse/mascotas/higiene-y-bienestar/bao-y-limpieza/07089592_02342029_81556437;;1;2026-03-17T02:33:20
00065952511105;Toallitas Húmedas Hipoalergénicas para Mascotas, 70 Un;;2990;4271;True;https://super.lider.cl/ip/higiene-y-bienestar/00065952511105;https://i5.walmartimages.cl/asr/f00c83e1-a7d2-4acf-af83-b9eb340e9c54.4d30880a04ba481abb1dba55d3ccd266.jpeg?null=&odnHeight=580&odnWidth=580&odnBg=FFFFFF;Accesorios y Juguetes > Baño y Limpieza;https://super.lider.cl/browse/mascotas/higiene-y-bienestar/bao-y-limpieza/07089592_02342029_81556437;;1;2026-03-17T02:33:20
00780465625046;Shampoo para Perro Seco Aroma Eucaliptus Lata, 100 g;;2890;2890;False;https://super.lider.cl/ip/higiene-y-bienestar/00780465625046;https://i5.walmartimages.cl/asr/e106663a-de73-40b5-a16a-6927667d024f.df7105633b9c76ea9d23cd8b4d4f3ad5.jpeg?null=&odnHeight=580&odnWidth=580&odnBg=FFFFFF;Accesorios y Juguetes > Baño y Limpieza;https://super.lider.cl/browse/mascotas/higiene-y-bienestar/bao-y-limpieza/07089592_02342029_81556437;;1;2026-03-17T02:33:20
00780467343002;Removedor de Olores Orgánico, 500 ml;;6590;13180;True;https://super.lider.cl/ip/higiene-y-bienestar/00780467343002;https://i5.walmartimages.cl/asr/624f42ac-7cac-4710-a5d1-ad5f936ebe82.cacb674b951f8b861558de5284caee2e.jpeg?null=&odnHeight=580&odnWidth=580&odnBg=FFFFFF;Accesorios y Juguetes > Baño y Limpieza;https://super.lider.cl/browse/mascotas/higiene-y-bienestar/bao-y-limpieza/07089592_02342029_81556437;;1;2026-03-17T02:33:20
00780465625219;Shampoo para Perro Espuma Seca Aroma Granada Lata, 230 ml;;3690;3690;False;https://super.lider.cl/ip/higiene-y-bienestar/00780465625219;https://i5.walmartimages.cl/asr/dc2b6a50-18a5-4b87-9e60-08fa4d74d994.ca6725d219ac22a3960310e968914e16.jpeg?null=&odnHeight=580&odnWidth=580&odnBg=FFFFFF;Accesorios y Juguetes > Baño y Limpieza;https://super.lider.cl/browse/mascotas/higiene-y-bienestar/bao-y-limpieza/07089592_02342029_81556437;;1;2026-03-17T02:33:20
00780000600159;Shampoo para Perro Balsamico Uso Frecuente Botella, 390 ml;;3890;9974;True;https://super.lider.cl/ip/higiene-y-bienestar/00780000600159;https://i5.walmartimages.cl/asr/07207afa-5a3b-4e4c-a027-b94d9e639611.4c0f2520bfa596e75011092188c0bd2b.jpeg?null=&odnHeight=580&odnWidth=580&odnBg=FFFFFF;Accesorios y Juguetes > Baño y Limpieza;https://super.lider.cl/browse/mascotas/higiene-y-bienestar/bao-y-limpieza/07089592_02342029_81556437;;1;2026-03-17T02:33:20
00780465625054;Collar Repelente de Pulgas para Gato, 1 Un;;3790;3790;False;https://super.lider.cl/ip/accesorios-y-juguetes/00780465625054;https://i5.walmartimages.cl/asr/ec25b476-31be-4eae-8326-99b277256ce6.396811eaec6b52ad0d73b80fcd1dbfbf.jpeg?odnHeight=580&odnWidth=580&odnBg=FFFFFF;Accesorios y Juguetes > Collares arnes y correas;https://super.lider.cl/browse/mascotas/accesorios-y-juguetes/collares-arnes-y-correas/07089592_73368248_78844187;;1;2026-03-17T02:33:49
00780799157377;Collar para Gato con Campana Brillante, 1 Un;;2690;2690;False;https://super.lider.cl/ip/accesorios-y-juguetes/00780799157377;https://i5.walmartimages.cl/asr/efcaf228-2eb9-421f-b3b0-15489da3c8a3.8b82b0f5f383ccea0d4a0dde78ce14b6.jpeg?null=&odnHeight=580&odnWidth=580&odnBg=FFFFFF;Accesorios y Juguetes > Collares arnes y correas;https://super.lider.cl/browse/mascotas/accesorios-y-juguetes/collares-arnes-y-correas/07089592_73368248_78844187;;1;2026-03-17T02:33:49
00780271020222;Portabolsas Sanitarias Negro + 10 Bolsas Ecologicas, 10 Un;;3990;3990;False;https://super.lider.cl/ip/accesorios-y-juguetes/00780271020222;https://i5.walmartimages.cl/asr/1e248289-84ba-4585-b35e-1f315d399d9e.73e1c99245d66b816595e32e97c08173.jpeg?odnHeight=580&odnWidth=580&odnBg=FFFFFF;Accesorios y Juguetes > Collares arnes y correas;https://super.lider.cl/browse/mascotas/accesorios-y-juguetes/collares-arnes-y-correas/07089592_73368248_78844187;;1;2026-03-17T02:33:49
00078918552309;Arnés Pechera para Perro Talla M, 1 Un;;6990;6990;False;https://super.lider.cl/ip/accesorios-y-juguetes/00078918552309;https://i5.walmartimages.cl/asr/924b7b0e-b185-4330-8734-cd6bc0ffad89.25367ecc9d15a0bdfa4e202b0731eb57.jpeg?null=&odnHeight=580&odnWidth=580&odnBg=FFFFFF;Accesorios y Juguetes > Collares arnes y correas;https://super.lider.cl/browse/mascotas/accesorios-y-juguetes/collares-arnes-y-correas/07089592_73368248_78844187;;1;2026-03-17T02:33:49
00780465625053;Collar Repelente de Pulgas para Perro, 1 Un;;6490;6490;False;https://super.lider.cl/ip/accesorios-y-juguetes/00780465625053;https://i5.walmartimages.cl/asr/89567eaa-1683-4567-9fe9-2a56e9e66f84.5a88f3b1d8a111e5211a9c46b9b45ec9.jpeg?odnHeight=580&odnWidth=580&odnBg=FFFFFF;Accesorios y Juguetes > Collares arnes y correas;https://super.lider.cl/browse/mascotas/accesorios-y-juguetes/collares-arnes-y-correas/07089592_73368248_78844187;;1;2026-03-17T02:33:49
00065952511096;Trailla Retráctil para Perro 5 metros, 1 Un;;9790;9790;False;https://super.lider.cl/ip/accesorios-y-juguetes/00065952511096;https://i5.walmartimages.cl/asr/0c39c5bf-c4c3-4f3b-99ed-1f64cbb5ab11.40c14c3349e2407702126ee30012ed5b.jpeg?null=&odnHeight=580&odnWidth=580&odnBg=FFFFFF;Accesorios y Juguetes > Collares arnes y correas;https://super.lider.cl/browse/mascotas/accesorios-y-juguetes/collares-arnes-y-correas/07089592_73368248_78844187;;1;2026-03-17T02:33:49
00063424000513;Set Arnés Pechera y Correa para Perro Talla L, 1 Un;;13990;13990;False;https://super.lider.cl/ip/accesorios-y-juguetes/00063424000513;https://i5.walmartimages.cl/asr/0c6da06d-6f4c-42fa-b05b-56723ccdb28f.7866a240698c88d58829e306c2980847.jpeg?null=&odnHeight=580&odnWidth=580&odnBg=FFFFFF;Accesorios y Juguetes > Collares arnes y correas;https://super.lider.cl/browse/mascotas/accesorios-y-juguetes/collares-arnes-y-correas/07089592_73368248_78844187;;1;2026-03-17T02:33:49
00078918552269;Correa para Perro con Resorte, 1 Un;;6490;6490;False;https://super.lider.cl/ip/accesorios-y-juguetes/00078918552269;https://i5.walmartimages.cl/asr/16a8b5ad-058b-47c3-8327-d4f9cd70b1ee.f3c53c17594b710cbf5c7b0bbd0d182d.jpeg?null=&odnHeight=580&odnWidth=580&odnBg=FFFFFF;Accesorios y Juguetes > Collares arnes y correas;https://super.lider.cl/browse/mascotas/accesorios-y-juguetes/collares-arnes-y-correas/07089592_73368248_78844187;;1;2026-03-17T02:33:49
00063424000512;Set Arnés Pechera y Correa para Perro Talla M, 1 Un;;12790;12790;False;https://super.lider.cl/ip/accesorios-y-juguetes/00063424000512;https://i5.walmartimages.cl/asr/14fd9bb9-3c1d-4306-95b7-d808fae3054d.594b44e8ea7feac07bcb274b34d5de23.jpeg?null=&odnHeight=580&odnWidth=580&odnBg=FFFFFF;Accesorios y Juguetes > Collares arnes y correas;https://super.lider.cl/browse/mascotas/accesorios-y-juguetes/collares-arnes-y-correas/07089592_73368248_78844187;;1;2026-03-17T02:33:49
00078918552229;Arnés Pechera para Perro Talla S, 1 Un;;6490;6490;False;https://super.lider.cl/ip/accesorios-y-juguetes/00078918552229;https://i5.walmartimages.cl/asr/6552ea77-fba3-4aea-8366-1bd587357469.a2256dcee731c29c7a97d44582df9f09.jpeg?null=&odnHeight=580&odnWidth=580&odnBg=FFFFFF;Accesorios y Juguetes > Collares arnes y correas;https://super.lider.cl/browse/mascotas/accesorios-y-juguetes/collares-arnes-y-correas/07089592_73368248_78844187;;1;2026-03-17T02:33:49
00780051020229;Arnes Basico Beige Talla M, 1 Un;;9990;9990;False;https://super.lider.cl/ip/accesorios-y-juguetes/00780051020229;https://i5.walmartimages.cl/asr/0426f8cd-f2ce-4eb2-89a8-2666a1266e97.ff56e1115b9b39babf247e2a5dd60006.jpeg?odnHeight=580&odnWidth=580&odnBg=FFFFFF;Accesorios y Juguetes > Collares arnes y correas;https://super.lider.cl/browse/mascotas/accesorios-y-juguetes/collares-arnes-y-correas/07089592_73368248_78844187;;1;2026-03-17T02:33:49
00063424000511;Set Arnés Pechera y Correa para Perro Talla S, 1 Un;;11590;11590;False;https://super.lider.cl/ip/accesorios-y-juguetes/00063424000511;https://i5.walmartimages.cl/asr/e7651355-50b3-4d82-99fc-79e1edcb6778.94cb398694b9058206c0f5b7a268fe7f.jpeg?null=&odnHeight=580&odnWidth=580&odnBg=FFFFFF;Accesorios y Juguetes > Collares arnes y correas;https://super.lider.cl/browse/mascotas/accesorios-y-juguetes/collares-arnes-y-correas/07089592_73368248_78844187;;1;2026-03-17T02:33:49
00780061020224;Arnes Basico Beige Talla L, 1 Un;;10990;10990;False;https://super.lider.cl/ip/accesorios-y-juguetes/00780061020224;https://i5.walmartimages.cl/asr/3fbbb4cb-7660-458d-bf9e-c107abe0895f.399aef4c9a8b5091ff498d9d44ad3f9f.jpeg?odnHeight=580&odnWidth=580&odnBg=FFFFFF;Accesorios y Juguetes > Collares arnes y correas;https://super.lider.cl/browse/mascotas/accesorios-y-juguetes/collares-arnes-y-correas/07089592_73368248_78844187;;1;2026-03-17T02:33:49
00780091020224;Correa Basica Color Peach, 1 Un;;8990;8990;False;https://super.lider.cl/ip/accesorios-y-juguetes/00780091020224;https://i5.walmartimages.cl/asr/29ce3e93-ef50-422b-bc5d-be1b22e01e32.a6c03e6223497b543562f378372ff63c.jpeg?odnHeight=580&odnWidth=580&odnBg=FFFFFF;Accesorios y Juguetes > Collares arnes y correas;https://super.lider.cl/browse/mascotas/accesorios-y-juguetes/collares-arnes-y-correas/07089592_73368248_78844187;;1;2026-03-17T02:33:49
00780051020224;Arnes Basico Beige Talla S, 1 Un;;8990;8990;False;https://super.lider.cl/ip/accesorios-y-juguetes/00780051020224;https://i5.walmartimages.cl/asr/3accff3f-ab48-4c7f-b45c-80df7d38c0c0.a4898ba46ec934c132726bc91ec4b022.jpeg?odnHeight=580&odnWidth=580&odnBg=FFFFFF;Accesorios y Juguetes > Collares arnes y correas;https://super.lider.cl/browse/mascotas/accesorios-y-juguetes/collares-arnes-y-correas/07089592_73368248_78844187;;1;2026-03-17T02:33:49
00780464753056;Viruta Vegetal para Animales Bolsa, 2 Kg;;1795;3590;True;https://super.lider.cl/ip/accesorios-y-juguetes/00780464753056;https://i5.walmartimages.cl/asr/bf44004c-b635-448c-bd99-a3e9ffbf3719.e2f5a1cfae8cbf2f105d1109e1ea46e5.jpeg?null=&odnHeight=580&odnWidth=580&odnBg=FFFFFF;Accesorios y Juguetes > Casas platos y accesorios;https://super.lider.cl/browse/mascotas/accesorios-y-juguetes/casas-platos-y-accesorios/07089592_73368248_54392300;;1;2026-03-17T02:34:12
00780465625039;Plato para Perro Antihormigas XL, 1 Un;;2990;2990;False;https://super.lider.cl/ip/accesorios-y-juguetes/00780465625039;https://i5.walmartimages.cl/asr/d7c3e977-ca7b-491e-816e-0d5cd700f1a5.457e29b856cf29ecd94250de8c145aed.jpeg?null=&odnHeight=580&odnWidth=580&odnBg=FFFFFF;Accesorios y Juguetes > Casas platos y accesorios;https://super.lider.cl/browse/mascotas/accesorios-y-juguetes/casas-platos-y-accesorios/07089592_73368248_54392300;;1;2026-03-17T02:34:12
00074674766608;Plato de Acero Para Perros L, 1 Un;;4590;4590;False;https://super.lider.cl/ip/accesorios-y-juguetes/00074674766608;https://i5.walmartimages.cl/asr/562721ae-bec3-413d-8a06-189f92711b00.f1c7bf2052f7b09f6d7bb0ab2c28d95f.jpeg?odnHeight=580&odnWidth=580&odnBg=FFFFFF;Accesorios y Juguetes > Casas platos y accesorios;https://super.lider.cl/browse/mascotas/accesorios-y-juguetes/casas-platos-y-accesorios/07089592_73368248_54392300;;1;2026-03-17T02:34:12
00040005080565;Recipiente plastico 20l para alimento seco, producto surtido;;5200;12990;True;https://super.lider.cl/ip/organizacion/00040005080565;https://i5.walmartimages.cl/asr/b5e62c06-3a97-48e0-924c-70c486d4484b.94d88d87363aff3072d0f57e2f20f1e4.jpeg?odnHeight=580&odnWidth=580&odnBg=FFFFFF;Accesorios y Juguetes > Casas platos y accesorios;https://super.lider.cl/browse/mascotas/accesorios-y-juguetes/casas-platos-y-accesorios/07089592_73368248_54392300;;1;2026-03-17T02:34:12
00078918552314;Plato para Perro de Acero Tamaño M, 1 Un;;3690;3690;False;https://super.lider.cl/ip/accesorios-y-juguetes/00078918552314;https://i5.walmartimages.cl/asr/ab0e307d-695e-4fe6-a11e-47d4d2bdeb1a.e8a9a26376c4c06babe33e1215c47ea9.jpeg?null=&odnHeight=580&odnWidth=580&odnBg=FFFFFF;Accesorios y Juguetes > Casas platos y accesorios;https://super.lider.cl/browse/mascotas/accesorios-y-juguetes/casas-platos-y-accesorios/07089592_73368248_54392300;;1;2026-03-17T02:34:12
00780799157323;Plato para Perro Redondo Tamaño L, 1 Un;;1950;1950;False;https://super.lider.cl/ip/accesorios-y-juguetes/00780799157323;https://i5.walmartimages.cl/asr/372a153f-6490-4bb9-bd92-00682cb4f3f7.302e134d082ddd0c58b1590a0e5838ae.jpeg?null=&odnHeight=580&odnWidth=580&odnBg=FFFFFF;Accesorios y Juguetes > Casas platos y accesorios;https://super.lider.cl/browse/mascotas/accesorios-y-juguetes/casas-platos-y-accesorios/07089592_73368248_54392300;;1;2026-03-17T02:34:12
00078918552315;Plato para Perro de Acero Tamaño S, 1 Un;;2750;2750;False;https://super.lider.cl/ip/accesorios-y-juguetes/00078918552315;https://i5.walmartimages.cl/asr/e3f8bd53-e87f-416d-877e-e0b24a7e1702.916f3f53bbf877c668b6896a8237a7b3.jpeg?null=&odnHeight=580&odnWidth=580&odnBg=FFFFFF;Accesorios y Juguetes > Casas platos y accesorios;https://super.lider.cl/browse/mascotas/accesorios-y-juguetes/casas-platos-y-accesorios/07089592_73368248_54392300;;1;2026-03-17T02:34:12
00078918552264;Plato para Gato Diseños Tamaño S, producto surtido, 1 Un;;3990;3990;False;https://super.lider.cl/ip/accesorios-y-juguetes/00078918552264;https://i5.walmartimages.cl/asr/0df56ec8-1054-48ff-b634-a83f1173c94d.f6b9ca05129b1dc482ae6fc352579058.jpeg?null=&odnHeight=580&odnWidth=580&odnBg=FFFFFF;Accesorios y Juguetes > Casas platos y accesorios;https://super.lider.cl/browse/mascotas/accesorios-y-juguetes/casas-platos-y-accesorios/07089592_73368248_54392300;;1;2026-03-17T02:34:12
00780799157320;Plato para Perro Doble Tamaño L, 1 Un;;2990;2990;False;https://super.lider.cl/ip/accesorios-y-juguetes/00780799157320;https://i5.walmartimages.cl/asr/97e6da7b-6676-4b88-9b47-34829825a54d.583314255991299f91ed074754cda28c.jpeg?null=&odnHeight=580&odnWidth=580&odnBg=FFFFFF;Accesorios y Juguetes > Casas platos y accesorios;https://super.lider.cl/browse/mascotas/accesorios-y-juguetes/casas-platos-y-accesorios/07089592_73368248_54392300;;1;2026-03-17T02:34:12
00780799157321;Plato para Perro Doble Tamaño M, 1 Un;;2490;2490;False;https://super.lider.cl/ip/accesorios-y-juguetes/00780799157321;https://i5.walmartimages.cl/asr/cc6ef598-0d67-4dfd-8c8e-f5e7e947130f.8d205f4229b2bd21bbefee687937d274.jpeg?null=&odnHeight=580&odnWidth=580&odnBg=FFFFFF;Accesorios y Juguetes > Casas platos y accesorios;https://super.lider.cl/browse/mascotas/accesorios-y-juguetes/casas-platos-y-accesorios/07089592_73368248_54392300;;1;2026-03-17T02:34:12
00040005119349;Mordedor Con Cuerda, Producto Surtido, 1 Un;;5990;5990;False;https://super.lider.cl/ip/accesorios-y-juguetes/00040005119349;https://i5.walmartimages.cl/asr/90bbf71d-d945-4568-b7b1-dac5e88bf887.6cb46adb06905c311bd9adb0fea1043f.jpeg?odnHeight=580&odnWidth=580&odnBg=FFFFFF;Accesorios y Juguetes > Casas platos y accesorios;https://super.lider.cl/browse/mascotas/accesorios-y-juguetes/casas-platos-y-accesorios/07089592_73368248_54392300;;1;2026-03-17T02:34:12
00040005119348;Hueso Mordedor, Producto Surtido, 1 Un;;5990;5990;False;https://super.lider.cl/ip/accesorios-y-juguetes/00040005119348;https://i5.walmartimages.cl/asr/3a47476f-1b74-4d8e-8e3a-c71f21024119.37ed2ffcfa2fe04061ba9b58e5b4c7a7.jpeg?odnHeight=580&odnWidth=580&odnBg=FFFFFF;Accesorios y Juguetes > Casas platos y accesorios;https://super.lider.cl/browse/mascotas/accesorios-y-juguetes/casas-platos-y-accesorios/07089592_73368248_54392300;;1;2026-03-17T02:34:12
00780799157420;Cama de Invierno para Perro Tamaño XS, 1 Un;;15990;15990;False;https://super.lider.cl/ip/accesorios-y-juguetes/00780799157420;https://i5.walmartimages.cl/asr/fdef67b1-ac65-4210-b013-c7b0a2ecb90d.e6737daa0405880e970c033cf22588fb.jpeg?null=&odnHeight=580&odnWidth=580&odnBg=FFFFFF;Accesorios y Juguetes > Casas platos y accesorios;https://super.lider.cl/browse/mascotas/accesorios-y-juguetes/casas-platos-y-accesorios/07089592_73368248_54392300;;1;2026-03-17T02:34:12
00074674766591;Pelota de Tennis para Perros, 1 Un;;990;990;False;https://super.lider.cl/ip/accesorios-y-juguetes/00074674766591;https://i5.walmartimages.cl/asr/b9797b4e-9cbd-4859-a4af-4ab1f7b868d2.62fb702aefdde99fde8eed55851c3252.jpeg?null=&odnHeight=580&odnWidth=580&odnBg=FFFFFF;Accesorios y Juguetes > Juguetes y Rascadores;https://super.lider.cl/browse/mascotas/accesorios-y-juguetes/juguetes-y-rascadores/07089592_73368248_99350993;;1;2026-03-17T02:34:39
00780799157402;Juguete para Perro Básico Vinilo, 1 Un;;1690;1690;False;https://super.lider.cl/ip/accesorios-y-juguetes/00780799157402;https://i5.walmartimages.cl/asr/387ec39c-5a94-41f6-8e29-95a3f9e59f83.0680c6615ee1d7c2b20a99dbd96e0516.jpeg?null=&odnHeight=580&odnWidth=580&odnBg=FFFFFF;Accesorios y Juguetes > Juguetes y Rascadores;https://super.lider.cl/browse/mascotas/accesorios-y-juguetes/juguetes-y-rascadores/07089592_73368248_99350993;;1;2026-03-17T02:34:39
00780799157397;Juguete para Gato Caña, 1 Un;;1990;1990;False;https://super.lider.cl/ip/accesorios-y-juguetes/00780799157397;https://i5.walmartimages.cl/asr/bdb055dc-27f1-4fee-be36-6818aeba6a68.9f550c19dfef39308398f16aa9e52052.jpeg?null=&odnHeight=580&odnWidth=580&odnBg=FFFFFF;Accesorios y Juguetes > Juguetes y Rascadores;https://super.lider.cl/browse/mascotas/accesorios-y-juguetes/juguetes-y-rascadores/07089592_73368248_99350993;;1;2026-03-17T02:34:39
00780799157311;Juguete para Perro Bolsa 3 Pelotas Tenis, 1 Un;;2450;2450;False;https://super.lider.cl/ip/accesorios-y-juguetes/00780799157311;https://i5.walmartimages.cl/asr/647d531e-8c8e-49c8-8862-3a2a78e4e33d.642b56bde0a653dfdf3f18dba2c36d8d.jpeg?odnHeight=580&odnWidth=580&odnBg=FFFFFF;Accesorios y Juguetes > Juguetes y Rascadores;https://super.lider.cl/browse/mascotas/accesorios-y-juguetes/juguetes-y-rascadores/07089592_73368248_99350993;;1;2026-03-17T02:34:39
00780799157314;Juguete para Perro Pelota Tenis Cuerda, 1 Un;;2450;2450;False;https://super.lider.cl/ip/accesorios-y-juguetes/00780799157314;https://i5.walmartimages.cl/asr/03c45250-9298-4e09-a9a7-4dbfbfbac5ba.9e1820ef9c89ddcce41fdac3864d1458.jpeg?null=&odnHeight=580&odnWidth=580&odnBg=FFFFFF;Accesorios y Juguetes > Juguetes y Rascadores;https://super.lider.cl/browse/mascotas/accesorios-y-juguetes/juguetes-y-rascadores/07089592_73368248_99350993;;1;2026-03-17T02:34:39
00780041020227;Peluche Apretable Conejo, 1 Un;;6990;6990;False;https://super.lider.cl/ip/accesorios-y-juguetes/00780041020227;https://i5.walmartimages.cl/asr/0d8aaf9a-62fd-4f50-842f-e4e0697759d2.7a95e0735c654484996d77f87025fbaa.jpeg?odnHeight=580&odnWidth=580&odnBg=FFFFFF;Accesorios y Juguetes > Juguetes y Rascadores;https://super.lider.cl/browse/mascotas/accesorios-y-juguetes/juguetes-y-rascadores/07089592_73368248_99350993;;1;2026-03-17T02:34:39
00078918552252;Juguete para Gato Tablero Rasguño Base, 1 Un;;3890;3890;False;https://super.lider.cl/ip/accesorios-y-juguetes/00078918552252;https://i5.walmartimages.cl/asr/4e20e4d8-550a-4813-9ee6-144cbdbf6f51.0fc09afab35b4ce36a8944659d955b69.jpeg?null=&odnHeight=580&odnWidth=580&odnBg=FFFFFF;Accesorios y Juguetes > Juguetes y Rascadores;https://super.lider.cl/browse/mascotas/accesorios-y-juguetes/juguetes-y-rascadores/07089592_73368248_99350993;;1;2026-03-17T02:34:39
00780799157403;Juguete para Perro Básico Látex, 1 Un;;2690;2690;False;https://super.lider.cl/ip/accesorios-y-juguetes/00780799157403;https://i5.walmartimages.cl/asr/83916906-d5b3-42d0-a9d9-c183c5f05f9f.a8f7996cf502c64db47eb4033976a36f.jpeg?null=&odnHeight=580&odnWidth=580&odnBg=FFFFFF;Accesorios y Juguetes > Juguetes y Rascadores;https://super.lider.cl/browse/mascotas/accesorios-y-juguetes/juguetes-y-rascadores/07089592_73368248_99350993;;1;2026-03-17T02:34:39
00063424000429;Juguete para Gato Plush Catnip, 1 Un;;3490;3490;False;https://super.lider.cl/ip/accesorios-y-juguetes/00063424000429;https://i5.walmartimages.cl/asr/3a4015be-94ea-4627-8cca-cfa7f4e4b4bd.d651a2d949f82dd92e8d8b956d6fd034.jpeg?null=&odnHeight=580&odnWidth=580&odnBg=FFFFFF;Accesorios y Juguetes > Juguetes y Rascadores;https://super.lider.cl/browse/mascotas/accesorios-y-juguetes/juguetes-y-rascadores/07089592_73368248_99350993;;1;2026-03-17T02:34:39
00074674766590;Juguete Frisbee para Perros, 1 Un;;1990;1990;False;https://super.lider.cl/ip/accesorios-y-juguetes/00074674766590;https://i5.walmartimages.cl/asr/5f37e7ee-a7ef-42a0-b60e-d2a9b51b95c6.56579629f3e8852512048922b8ff8161.jpeg?null=&odnHeight=580&odnWidth=580&odnBg=FFFFFF;Accesorios y Juguetes > Juguetes y Rascadores;https://super.lider.cl/browse/mascotas/accesorios-y-juguetes/juguetes-y-rascadores/07089592_73368248_99350993;;1;2026-03-17T02:34:39
00780799157303;Juguete para Perro Caucho con Cuerda, 1 Un;;4690;4690;False;https://super.lider.cl/ip/accesorios-y-juguetes/00780799157303;https://i5.walmartimages.cl/asr/d121eeae-d43d-4f1e-bdde-3b5a267bb7b4.95719072bb2150a80168bbc0921c8332.jpeg?odnHeight=580&odnWidth=580&odnBg=FFFFFF;Accesorios y Juguetes > Juguetes y Rascadores;https://super.lider.cl/browse/mascotas/accesorios-y-juguetes/juguetes-y-rascadores/07089592_73368248_99350993;;1;2026-03-17T02:34:39
00780799157387;Juguete para Perro Plush N8, 1 Un;;6490;6490;False;https://super.lider.cl/ip/accesorios-y-juguetes/00780799157387;https://i5.walmartimages.cl/asr/7b326411-d303-4680-920f-5072ec20bcdc.56afe2f173c78eb9c517a00f6b48c6df.jpeg?null=&odnHeight=580&odnWidth=580&odnBg=FFFFFF;Accesorios y Juguetes > Juguetes y Rascadores;https://super.lider.cl/browse/mascotas/accesorios-y-juguetes/juguetes-y-rascadores/07089592_73368248_99350993;;1;2026-03-17T02:34:39
00780041020226;Peluche Apretable Delfin, 1 Un;;6990;6990;False;https://super.lider.cl/ip/accesorios-y-juguetes/00780041020226;https://i5.walmartimages.cl/asr/5e145aea-9456-45da-982d-6abe33310d91.5febcd3c9de85fd6a7a13246eb95cdf5.jpeg?odnHeight=580&odnWidth=580&odnBg=FFFFFF;Accesorios y Juguetes > Juguetes y Rascadores;https://super.lider.cl/browse/mascotas/accesorios-y-juguetes/juguetes-y-rascadores/07089592_73368248_99350993;;1;2026-03-17T02:34:39
00063424000430;Juguete para Perro Hueso Dental de Caucho, 1 Un;;6890;6890;False;https://super.lider.cl/ip/accesorios-y-juguetes/00063424000430;https://i5.walmartimages.cl/asr/26407ec8-9b34-47cb-a6ed-4ec0c85bf014.458594d787b35bbb9e8e31e19ca3d616.jpeg?null=&odnHeight=580&odnWidth=580&odnBg=FFFFFF;Accesorios y Juguetes > Juguetes y Rascadores;https://super.lider.cl/browse/mascotas/accesorios-y-juguetes/juguetes-y-rascadores/07089592_73368248_99350993;;1;2026-03-17T02:34:39
00063424000466;Juguete para Perro Pelota Dental de Caucho, 1 Un;;6890;6890;False;https://super.lider.cl/ip/accesorios-y-juguetes/00063424000466;https://i5.walmartimages.cl/asr/3055c52a-59d1-4c71-8273-8403ad7438fe.f543cdc01b0cb32a74791582f3ca01de.jpeg?null=&odnHeight=580&odnWidth=580&odnBg=FFFFFF;Accesorios y Juguetes > Juguetes y Rascadores;https://super.lider.cl/browse/mascotas/accesorios-y-juguetes/juguetes-y-rascadores/07089592_73368248_99350993;;1;2026-03-17T02:34:39
00780799157300;Juguete para Perro Caucho N1, 1 Un;;6390;6390;False;https://super.lider.cl/ip/accesorios-y-juguetes/00780799157300;https://i5.walmartimages.cl/asr/fc9c3bcb-8f80-4776-aee1-dc55d1a1bdb9.5411fc5a52a2344c812a91e7d69895f1.jpeg?odnHeight=580&odnWidth=580&odnBg=FFFFFF;Accesorios y Juguetes > Juguetes y Rascadores;https://super.lider.cl/browse/mascotas/accesorios-y-juguetes/juguetes-y-rascadores/07089592_73368248_99350993;;1;2026-03-17T02:34:39
00780799157394;Juguete para Gato Plush Colores, producto surtido, 1 Un;;2990;2990;False;https://super.lider.cl/ip/accesorios-y-juguetes/00780799157394;https://i5.walmartimages.cl/asr/53b83dd6-db4c-4e99-8113-9bb7cf962f53.6a13019a5160cee7a64c0ebae55c8016.jpeg?null=&odnHeight=580&odnWidth=580&odnBg=FFFFFF;Accesorios y Juguetes > Juguetes y Rascadores;https://super.lider.cl/browse/mascotas/accesorios-y-juguetes/juguetes-y-rascadores/07089592_73368248_99350993;;1;2026-03-17T02:34:39
00078918552253;Juguete para Gato Túnel Plegable, 1 Un;;6890;6890;False;https://super.lider.cl/ip/accesorios-y-juguetes/00078918552253;https://i5.walmartimages.cl/asr/a73e8096-64d7-4f36-a95b-12b34f7dd880.6c58dffed38362ab6781d3bee8084ecb.jpeg?null=&odnHeight=580&odnWidth=580&odnBg=FFFFFF;Accesorios y Juguetes > Juguetes y Rascadores;https://super.lider.cl/browse/mascotas/accesorios-y-juguetes/juguetes-y-rascadores/07089592_73368248_99350993;;1;2026-03-17T02:34:39
00780799157306;Juguete para Perro Caucho Hueso, 1 Un;;6390;6390;False;https://super.lider.cl/ip/accesorios-y-juguetes/00780799157306;https://i5.walmartimages.cl/asr/3689a152-2234-4fab-9bae-606818b1e24b.65a26189a10dedb8de8cf0492c1a8e95.jpeg?null=&odnHeight=580&odnWidth=580&odnBg=FFFFFF;Accesorios y Juguetes > Juguetes y Rascadores;https://super.lider.cl/browse/mascotas/accesorios-y-juguetes/juguetes-y-rascadores/07089592_73368248_99350993;;1;2026-03-17T02:34:39
00063424000458;Juguete Para Perro Brocheta Dental de Caucho, 1 Un;;8990;8990;False;https://super.lider.cl/ip/accesorios-y-juguetes/00063424000458;https://i5.walmartimages.cl/asr/e1c34bf3-f9d8-4c15-bf5c-d0883b39d116.0acce24b6afb4cf54c900e353d0cdd04.jpeg?null=&odnHeight=580&odnWidth=580&odnBg=FFFFFF;Accesorios y Juguetes > Juguetes y Rascadores;https://super.lider.cl/browse/mascotas/accesorios-y-juguetes/juguetes-y-rascadores/07089592_73368248_99350993;;1;2026-03-17T02:34:39
00780041020228;Peluche Apretable Elefante, 1 Un;;6990;6990;False;https://super.lider.cl/ip/accesorios-y-juguetes/00780041020228;https://i5.walmartimages.cl/asr/b230fc87-803b-4da6-9d61-caf531c7e536.a84332c7f525f0ad41416d9bfe95cdb3.jpeg?odnHeight=580&odnWidth=580&odnBg=FFFFFF;Accesorios y Juguetes > Juguetes y Rascadores;https://super.lider.cl/browse/mascotas/accesorios-y-juguetes/juguetes-y-rascadores/07089592_73368248_99350993;;1;2026-03-17T02:34:39
00780799157388;Juguete para Gato Pelota Sisal, 1 Un;;6390;6390;False;https://super.lider.cl/ip/accesorios-y-juguetes/00780799157388;https://i5.walmartimages.cl/asr/bae300c2-f098-45d4-827f-d68627e82d41.135922fc2144c81cfc3c651dd564bb2c.jpeg?null=&odnHeight=580&odnWidth=580&odnBg=FFFFFF;Accesorios y Juguetes > Juguetes y Rascadores;https://super.lider.cl/browse/mascotas/accesorios-y-juguetes/juguetes-y-rascadores/07089592_73368248_99350993;;1;2026-03-17T02:34:39
