[DEBUG] Subcategoría duplicada omitida por URL: [Baño y Cocina] Detergente Líquido -> https://super.lider.cl/browse/limpieza-y-aseo/detergentes/detergente-liquido/43390617_23557375_37826208
[DEBUG] Subcategoría duplicada omitida por URL: [Baño y Cocina] Detergente en Polvo -> https://super.lider.cl/browse/limpieza-y-aseo/detergentes/detergente-en-polvo/43390617_23557375_43087459
[DEBUG] Subcategoría duplicada omitida por URL: [Baño y Cocina] Detergente en Cápsula -> https://super.lider.cl/browse/limpieza-y-aseo/detergentes/detergente-en-capsula/43390617_23557375_92226884
[DEBUG] Subcategoría duplicada omitida por URL: [Baño y Cocina] Suavizante -> https://super.lider.cl/browse/limpieza-y-aseo/detergentes/suavizante/43390617_23557375_40368870
[DEBUG] Subcategoría duplicada omitida por URL: [Baño y Cocina] Tratamiento Ropa -> https://super.lider.cl/browse/limpieza-y-aseo/detergentes/tratamiento-ropa/43390617_23557375_18992759
[DEBUG] Subcategoría duplicada omitida por URL: [Baño y Cocina] Jabon para Ropa -> https://super.lider.cl/browse/limpieza-y-aseo/detergentes/jabon-para-ropa/43390617_23557375_49917328
[DEBUG] Subcategoría duplicada omitida por URL: [Baño y Cocina] Lavaloza y Lavavajilla -> https://super.lider.cl/browse/limpieza-y-aseo/bano-y-cocina/lavaloza-y-lavavajilla/43390617_15090475_36157836
[DEBUG] Subcategoría duplicada omitida por URL: [Baño y Cocina] Limpiador Cocina -> https://super.lider.cl/browse/limpieza-y-aseo/bano-y-cocina/limpiador-cocina/43390617_15090475_39786712
[DEBUG] Subcategoría duplicada omitida por URL: [Baño y Cocina] Limpia Vidrios -> https://super.lider.cl/browse/limpieza-y-aseo/bano-y-cocina/limpia-vidrios/43390617_15090475_67480208
[DEBUG] Subcategoría duplicada omitida por URL: [Baño y Cocina] Limpiador Baño -> https://super.lider.cl/browse/limpieza-y-aseo/bano-y-cocina/limpiador-bano/43390617_15090475_34489704
[DEBUG] Subcategoría duplicada omitida por URL: [Baño y Cocina] Limpiador Multiuso -> https://super.lider.cl/browse/limpieza-y-aseo/bano-y-cocina/limpiador-multiuso/43390617_15090475_93979207
[DEBUG] Subcategoría duplicada omitida por URL: [Baño y Cocina] Accesorios Cocina -> https://super.lider.cl/browse/limpieza-y-aseo/bano-y-cocina/accesorios-cocina/43390617_15090475_61006974
[DEBUG] Subcategoría duplicada omitida por URL: [Baño y Cocina] Accesorios Baño -> https://super.lider.cl/browse/limpieza-y-aseo/bano-y-cocina/accesorios-bano/43390617_15090475_80332378
[DEBUG] Subcategoría duplicada omitida por URL: [Baño y Cocina] Limpiador Pisos -> https://super.lider.cl/browse/limpieza-y-aseo/pisos-y-muebles/limpiador-pisos/43390617_45008163_42399561
[DEBUG] Subcategoría duplicada omitida por URL: [Baño y Cocina] Piso Flotante -> https://super.lider.cl/browse/limpieza-y-aseo/pisos-y-muebles/piso-flotante/43390617_45008163_27298233
[DEBUG] Subcategoría duplicada omitida por URL: [Baño y Cocina] Cera y Virutilla -> https://super.lider.cl/browse/limpieza-y-aseo/pisos-y-muebles/cera-y-virutilla/43390617_45008163_83369891
[DEBUG] Subcategoría duplicada omitida por URL: [Baño y Cocina] Lustramuebles -> https://super.lider.cl/browse/limpieza-y-aseo/pisos-y-muebles/lustramuebles/43390617_45008163_50204094
[DEBUG] Subcategoría duplicada omitida por URL: [Baño y Cocina] Papel Higiénico -> https://super.lider.cl/browse/limpieza-y-aseo/papeles/papel-higienico/43390617_72719306_32418994
[DEBUG] Subcategoría duplicada omitida por URL: [Baño y Cocina] Toalla Papel -> https://super.lider.cl/browse/limpieza-y-aseo/papeles/toalla-papel/43390617_72719306_42198737
[DEBUG] Subcategoría duplicada omitida por URL: [Baño y Cocina] Papeles para Cocinar -> https://super.lider.cl/browse/limpieza-y-aseo/papeles/papeles-para-cocinar/43390617_72719306_58991757
[DEBUG] Subcategoría duplicada omitida por URL: [Baño y Cocina] Servilletas -> https://super.lider.cl/browse/limpieza-y-aseo/papeles/servilletas/43390617_72719306_16166608
[DEBUG] Subcategoría duplicada omitida por URL: [Baño y Cocina] Pañuelos -> https://super.lider.cl/browse/limpieza-y-aseo/papeles/panuelos/43390617_72719306_85239901
[DEBUG] Subcategoría duplicada omitida por URL: [Baño y Cocina] Aerosoles Desinfectantes -> https://super.lider.cl/browse/limpieza-y-aseo/desinfeccion/aerosoles-desinfectantes/43390617_57052803_75614758
[DEBUG] Subcategoría duplicada omitida por URL: [Baño y Cocina] Cloro -> https://super.lider.cl/browse/limpieza-y-aseo/desinfeccion/cloro/43390617_57052803_94265323
[DEBUG] Subcategoría duplicada omitida por URL: [Baño y Cocina] Toalla Húmedas Desinfectantes -> https://super.lider.cl/browse/limpieza-y-aseo/desinfeccion/toalla-humedas-desinfectantes/43390617_57052803_21008325
[DEBUG] Subcategoría duplicada omitida por URL: [Baño y Cocina] Cuidado Calzado -> https://super.lider.cl/browse/limpieza-y-aseo/accesorios-aseo/cuidado-calzado/43390617_61764352_99985610
[DEBUG] Subcategoría duplicada omitida por URL: [Baño y Cocina] Bolsas de Basura -> https://super.lider.cl/browse/limpieza-y-aseo/accesorios-aseo/bolsas-de-basura/43390617_61764352_96987954
[DEBUG] Subcategoría duplicada omitida por URL: [Baño y Cocina] Bolsas Multiuso -> https://super.lider.cl/browse/limpieza-y-aseo/accesorios-aseo/bolsas-multiuso/43390617_61764352_28382301
[DEBUG] Subcategoría duplicada omitida por URL: [Baño y Cocina] Envoltorios -> https://super.lider.cl/browse/limpieza-y-aseo/accesorios-aseo/envoltorios/43390617_61764352_17486012
[DEBUG] Subcategoría duplicada omitida por URL: [Baño y Cocina] Paños y Mopas -> https://super.lider.cl/browse/limpieza-y-aseo/accesorios-aseo/panos-y-mopas/43390617_61764352_82535168
[DEBUG] Subcategoría duplicada omitida por URL: [Baño y Cocina] Esponjas y Guantes -> https://super.lider.cl/browse/limpieza-y-aseo/accesorios-aseo/esponjas-y-guantes/43390617_61764352_18064860
[DEBUG] Subcategoría duplicada omitida por URL: [Baño y Cocina] Escobillones y Palas -> https://super.lider.cl/browse/limpieza-y-aseo/accesorios-aseo/escobillones-y-palas/43390617_61764352_74663905
[DEBUG] Subcategoría duplicada omitida por URL: [Baño y Cocina] Fósforos -> https://super.lider.cl/browse/limpieza-y-aseo/accesorios-aseo/fosforos/43390617_61764352_97864899
[DEBUG] Subcategoría duplicada omitida por URL: [Baño y Cocina] Ambientador Aerosol -> https://super.lider.cl/browse/limpieza-y-aseo/ambientadores/ambientador-aerosol/43390617_32024397_64693597
[DEBUG] Subcategoría duplicada omitida por URL: [Baño y Cocina] Ambientadores Automáticos -> https://super.lider.cl/browse/limpieza-y-aseo/ambientadores/ambientadores-automaticos/43390617_32024397_27006928
[DEBUG] Subcategoría duplicada omitida por URL: [Baño y Cocina] Ambientadores Eléctricos -> https://super.lider.cl/browse/limpieza-y-aseo/ambientadores/ambientadores-electricos/43390617_32024397_73401333
[DEBUG] Subcategoría duplicada omitida por URL: [Baño y Cocina] Ambientadores Gel -> https://super.lider.cl/browse/limpieza-y-aseo/ambientadores/ambientadores-gel/43390617_32024397_40226375
[DEBUG] Subcategoría duplicada omitida por URL: [Baño y Cocina] Ambientadores Toque -> https://super.lider.cl/browse/limpieza-y-aseo/ambientadores/ambientadores-toque/43390617_32024397_60978553
[DEBUG] Subcategoría duplicada omitida por URL: [Baño y Cocina] Desinfectantes Aerosol -> https://super.lider.cl/browse/limpieza-y-aseo/ambientadores/desinfectantes-aerosol/43390617_32024397_84244549
[DEBUG] Subcategoría duplicada omitida por URL: [Baño y Cocina] Moscas Zancudos y Polillas -> https://super.lider.cl/browse/limpieza-y-aseo/insecticidas-y-control-de-plagas/moscas-zancudos-y-polillas/43390617_74938748_17176175
[DEBUG] Subcategoría duplicada omitida por URL: [Baño y Cocina] Arañas y Baratas -> https://super.lider.cl/browse/limpieza-y-aseo/insecticidas-y-control-de-plagas/aranas-y-baratas/43390617_74938748_56928756
[DEBUG] Subcategoría duplicada omitida por URL: [Baño y Cocina] Hormigas Pulgas y Garrapatas -> https://super.lider.cl/browse/limpieza-y-aseo/insecticidas-y-control-de-plagas/hormigas-pulgas-y-garrapatas/43390617_74938748_51106271
[DEBUG] Subcategoría duplicada omitida por URL: [Baño y Cocina] Multi Propósitos -> https://super.lider.cl/browse/limpieza-y-aseo/insecticidas-y-control-de-plagas/multi-propositos/43390617_74938748_30330050
[DEBUG] Subcategoría duplicada omitida por URL: [Baño y Cocina] Eléctricos y Tabletas -> https://super.lider.cl/browse/limpieza-y-aseo/insecticidas-y-control-de-plagas/electricos-y-tabletas/43390617_74938748_62241924
[DEBUG] Subcategoría duplicada omitida por URL: [Baño y Cocina] Raticidas -> https://super.lider.cl/browse/limpieza-y-aseo/insecticidas-y-control-de-plagas/raticidas/43390617_74938748_97570812
[DEBUG] Subcategoría duplicada omitida por URL: [Baño y Cocina] Repelentes -> https://super.lider.cl/browse/limpieza-y-aseo/insecticidas-y-control-de-plagas/repelentes/43390617_74938748_38550225
[DEBUG] Subcategoría duplicada omitida por URL: [Baño y Cocina] Ambientales -> https://super.lider.cl/browse/limpieza-y-aseo/mas-sustentables/ambientales/43390617_56006489_11446605
[DEBUG] Subcategoría duplicada omitida por URL: [Baño y Cocina] Bolsas y Envoltorios -> https://super.lider.cl/browse/limpieza-y-aseo/mas-sustentables/bolsas-y-envoltorios/43390617_56006489_58661930
[DEBUG] Subcategoría duplicada omitida por URL: [Baño y Cocina] Detergentes y Suavizantes -> https://super.lider.cl/browse/limpieza-y-aseo/mas-sustentables/detergentes-y-suavizantes/43390617_56006489_93405033
[DEBUG] Subcategoría duplicada omitida por URL: [Baño y Cocina] Limpiadores hogar -> https://super.lider.cl/browse/limpieza-y-aseo/mas-sustentables/limpiadores-hogar/43390617_56006489_96809231
[DEBUG] Subcategoría duplicada omitida por URL: [Baño y Cocina] Limpiadores Piso -> https://super.lider.cl/browse/limpieza-y-aseo/mas-sustentables/limpiadores-piso/43390617_56006489_27078207
[DEBUG] Subcategoría duplicada omitida por URL: [Baño y Cocina] Papeles -> https://super.lider.cl/browse/limpieza-y-aseo/mas-sustentables/papeles/43390617_56006489_72633958
[DEBUG] Subcategoría duplicada omitida por URL: [Baño y Cocina] Limpieza y Desinfección -> https://super.lider.cl/browse/limpieza-y-aseo/mascotas-en-casa/limpieza-y-desinfeccion/43390617_43573441_61734328
[DEBUG] Subcategoría duplicada omitida por URL: [Baño y Cocina] Bolsas -> https://super.lider.cl/browse/limpieza-y-aseo/mascotas-en-casa/bolsas/43390617_43573441_01814928
[DEBUG] Subcategoría duplicada omitida por URL: [Baño y Cocina] Accesorios -> https://super.lider.cl/browse/limpieza-y-aseo/mascotas-en-casa/accesorios/43390617_43573441_34383398
[DEBUG] Subcategoría duplicada omitida por URL: [Pisos y Muebles] Detergente Líquido -> https://super.lider.cl/browse/limpieza-y-aseo/detergentes/detergente-liquido/43390617_23557375_37826208
[DEBUG] Subcategoría duplicada omitida por URL: [Pisos y Muebles] Detergente en Polvo -> https://super.lider.cl/browse/limpieza-y-aseo/detergentes/detergente-en-polvo/43390617_23557375_43087459
[DEBUG] Subcategoría duplicada omitida por URL: [Pisos y Muebles] Detergente en Cápsula -> https://super.lider.cl/browse/limpieza-y-aseo/detergentes/detergente-en-capsula/43390617_23557375_92226884
[DEBUG] Subcategoría duplicada omitida por URL: [Pisos y Muebles] Suavizante -> https://super.lider.cl/browse/limpieza-y-aseo/detergentes/suavizante/43390617_23557375_40368870
[DEBUG] Subcategoría duplicada omitida por URL: [Pisos y Muebles] Tratamiento Ropa -> https://super.lider.cl/browse/limpieza-y-aseo/detergentes/tratamiento-ropa/43390617_23557375_18992759
[DEBUG] Subcategoría duplicada omitida por URL: [Pisos y Muebles] Jabon para Ropa -> https://super.lider.cl/browse/limpieza-y-aseo/detergentes/jabon-para-ropa/43390617_23557375_49917328
[DEBUG] Subcategoría duplicada omitida por URL: [Pisos y Muebles] Lavaloza y Lavavajilla -> https://super.lider.cl/browse/limpieza-y-aseo/bano-y-cocina/lavaloza-y-lavavajilla/43390617_15090475_36157836
[DEBUG] Subcategoría duplicada omitida por URL: [Pisos y Muebles] Limpiador Cocina -> https://super.lider.cl/browse/limpieza-y-aseo/bano-y-cocina/limpiador-cocina/43390617_15090475_39786712
[DEBUG] Subcategoría duplicada omitida por URL: [Pisos y Muebles] Limpia Vidrios -> https://super.lider.cl/browse/limpieza-y-aseo/bano-y-cocina/limpia-vidrios/43390617_15090475_67480208
[DEBUG] Subcategoría duplicada omitida por URL: [Pisos y Muebles] Limpiador Baño -> https://super.lider.cl/browse/limpieza-y-aseo/bano-y-cocina/limpiador-bano/43390617_15090475_34489704
[DEBUG] Subcategoría duplicada omitida por URL: [Pisos y Muebles] Limpiador Multiuso -> https://super.lider.cl/browse/limpieza-y-aseo/bano-y-cocina/limpiador-multiuso/43390617_15090475_93979207
[DEBUG] Subcategoría duplicada omitida por URL: [Pisos y Muebles] Accesorios Cocina -> https://super.lider.cl/browse/limpieza-y-aseo/bano-y-cocina/accesorios-cocina/43390617_15090475_61006974
[DEBUG] Subcategoría duplicada omitida por URL: [Pisos y Muebles] Accesorios Baño -> https://super.lider.cl/browse/limpieza-y-aseo/bano-y-cocina/accesorios-bano/43390617_15090475_80332378
[DEBUG] Subcategoría duplicada omitida por URL: [Pisos y Muebles] Limpiador Pisos -> https://super.lider.cl/browse/limpieza-y-aseo/pisos-y-muebles/limpiador-pisos/43390617_45008163_42399561
[DEBUG] Subcategoría duplicada omitida por URL: [Pisos y Muebles] Piso Flotante -> https://super.lider.cl/browse/limpieza-y-aseo/pisos-y-muebles/piso-flotante/43390617_45008163_27298233
[DEBUG] Subcategoría duplicada omitida por URL: [Pisos y Muebles] Cera y Virutilla -> https://super.lider.cl/browse/limpieza-y-aseo/pisos-y-muebles/cera-y-virutilla/43390617_45008163_83369891
[DEBUG] Subcategoría duplicada omitida por URL: [Pisos y Muebles] Lustramuebles -> https://super.lider.cl/browse/limpieza-y-aseo/pisos-y-muebles/lustramuebles/43390617_45008163_50204094
[DEBUG] Subcategoría duplicada omitida por URL: [Pisos y Muebles] Papel Higiénico -> https://super.lider.cl/browse/limpieza-y-aseo/papeles/papel-higienico/43390617_72719306_32418994
[DEBUG] Subcategoría duplicada omitida por URL: [Pisos y Muebles] Toalla Papel -> https://super.lider.cl/browse/limpieza-y-aseo/papeles/toalla-papel/43390617_72719306_42198737
[DEBUG] Subcategoría duplicada omitida por URL: [Pisos y Muebles] Papeles para Cocinar -> https://super.lider.cl/browse/limpieza-y-aseo/papeles/papeles-para-cocinar/43390617_72719306_58991757
[DEBUG] Subcategoría duplicada omitida por URL: [Pisos y Muebles] Servilletas -> https://super.lider.cl/browse/limpieza-y-aseo/papeles/servilletas/43390617_72719306_16166608
[DEBUG] Subcategoría duplicada omitida por URL: [Pisos y Muebles] Pañuelos -> https://super.lider.cl/browse/limpieza-y-aseo/papeles/panuelos/43390617_72719306_85239901
[DEBUG] Subcategoría duplicada omitida por URL: [Pisos y Muebles] Aerosoles Desinfectantes -> https://super.lider.cl/browse/limpieza-y-aseo/desinfeccion/aerosoles-desinfectantes/43390617_57052803_75614758
[DEBUG] Subcategoría duplicada omitida por URL: [Pisos y Muebles] Cloro -> https://super.lider.cl/browse/limpieza-y-aseo/desinfeccion/cloro/43390617_57052803_94265323
[DEBUG] Subcategoría duplicada omitida por URL: [Pisos y Muebles] Toalla Húmedas Desinfectantes -> https://super.lider.cl/browse/limpieza-y-aseo/desinfeccion/toalla-humedas-desinfectantes/43390617_57052803_21008325
[DEBUG] Subcategoría duplicada omitida por URL: [Pisos y Muebles] Cuidado Calzado -> https://super.lider.cl/browse/limpieza-y-aseo/accesorios-aseo/cuidado-calzado/43390617_61764352_99985610
[DEBUG] Subcategoría duplicada omitida por URL: [Pisos y Muebles] Bolsas de Basura -> https://super.lider.cl/browse/limpieza-y-aseo/accesorios-aseo/bolsas-de-basura/43390617_61764352_96987954
[DEBUG] Subcategoría duplicada omitida por URL: [Pisos y Muebles] Bolsas Multiuso -> https://super.lider.cl/browse/limpieza-y-aseo/accesorios-aseo/bolsas-multiuso/43390617_61764352_28382301
[DEBUG] Subcategoría duplicada omitida por URL: [Pisos y Muebles] Envoltorios -> https://super.lider.cl/browse/limpieza-y-aseo/accesorios-aseo/envoltorios/43390617_61764352_17486012
[DEBUG] Subcategoría duplicada omitida por URL: [Pisos y Muebles] Paños y Mopas -> https://super.lider.cl/browse/limpieza-y-aseo/accesorios-aseo/panos-y-mopas/43390617_61764352_82535168
[DEBUG] Subcategoría duplicada omitida por URL: [Pisos y Muebles] Esponjas y Guantes -> https://super.lider.cl/browse/limpieza-y-aseo/accesorios-aseo/esponjas-y-guantes/43390617_61764352_18064860
[DEBUG] Subcategoría duplicada omitida por URL: [Pisos y Muebles] Escobillones y Palas -> https://super.lider.cl/browse/limpieza-y-aseo/accesorios-aseo/escobillones-y-palas/43390617_61764352_74663905
[DEBUG] Subcategoría duplicada omitida por URL: [Pisos y Muebles] Fósforos -> https://super.lider.cl/browse/limpieza-y-aseo/accesorios-aseo/fosforos/43390617_61764352_97864899
[DEBUG] Subcategoría duplicada omitida por URL: [Pisos y Muebles] Ambientador Aerosol -> https://super.lider.cl/browse/limpieza-y-aseo/ambientadores/ambientador-aerosol/43390617_32024397_64693597
[DEBUG] Subcategoría duplicada omitida por URL: [Pisos y Muebles] Ambientadores Automáticos -> https://super.lider.cl/browse/limpieza-y-aseo/ambientadores/ambientadores-automaticos/43390617_32024397_27006928
[DEBUG] Subcategoría duplicada omitida por URL: [Pisos y Muebles] Ambientadores Eléctricos -> https://super.lider.cl/browse/limpieza-y-aseo/ambientadores/ambientadores-electricos/43390617_32024397_73401333
[DEBUG] Subcategoría duplicada omitida por URL: [Pisos y Muebles] Ambientadores Gel -> https://super.lider.cl/browse/limpieza-y-aseo/ambientadores/ambientadores-gel/43390617_32024397_40226375
[DEBUG] Subcategoría duplicada omitida por URL: [Pisos y Muebles] Ambientadores Toque -> https://super.lider.cl/browse/limpieza-y-aseo/ambientadores/ambientadores-toque/43390617_32024397_60978553
[DEBUG] Subcategoría duplicada omitida por URL: [Pisos y Muebles] Desinfectantes Aerosol -> https://super.lider.cl/browse/limpieza-y-aseo/ambientadores/desinfectantes-aerosol/43390617_32024397_84244549
[DEBUG] Subcategoría duplicada omitida por URL: [Pisos y Muebles] Moscas Zancudos y Polillas -> https://super.lider.cl/browse/limpieza-y-aseo/insecticidas-y-control-de-plagas/moscas-zancudos-y-polillas/43390617_74938748_17176175
[DEBUG] Subcategoría duplicada omitida por URL: [Pisos y Muebles] Arañas y Baratas -> https://super.lider.cl/browse/limpieza-y-aseo/insecticidas-y-control-de-plagas/aranas-y-baratas/43390617_74938748_56928756
[DEBUG] Subcategoría duplicada omitida por URL: [Pisos y Muebles] Hormigas Pulgas y Garrapatas -> https://super.lider.cl/browse/limpieza-y-aseo/insecticidas-y-control-de-plagas/hormigas-pulgas-y-garrapatas/43390617_74938748_51106271
[DEBUG] Subcategoría duplicada omitida por URL: [Pisos y Muebles] Multi Propósitos -> https://super.lider.cl/browse/limpieza-y-aseo/insecticidas-y-control-de-plagas/multi-propositos/43390617_74938748_30330050
[DEBUG] Subcategoría duplicada omitida por URL: [Pisos y Muebles] Eléctricos y Tabletas -> https://super.lider.cl/browse/limpieza-y-aseo/insecticidas-y-control-de-plagas/electricos-y-tabletas/43390617_74938748_62241924
[DEBUG] Subcategoría duplicada omitida por URL: [Pisos y Muebles] Raticidas -> https://super.lider.cl/browse/limpieza-y-aseo/insecticidas-y-control-de-plagas/raticidas/43390617_74938748_97570812
[DEBUG] Subcategoría duplicada omitida por URL: [Pisos y Muebles] Repelentes -> https://super.lider.cl/browse/limpieza-y-aseo/insecticidas-y-control-de-plagas/repelentes/43390617_74938748_38550225
[DEBUG] Subcategoría duplicada omitida por URL: [Pisos y Muebles] Ambientales -> https://super.lider.cl/browse/limpieza-y-aseo/mas-sustentables/ambientales/43390617_56006489_11446605
[DEBUG] Subcategoría duplicada omitida por URL: [Pisos y Muebles] Bolsas y Envoltorios -> https://super.lider.cl/browse/limpieza-y-aseo/mas-sustentables/bolsas-y-envoltorios/43390617_56006489_58661930
[DEBUG] Subcategoría duplicada omitida por URL: [Pisos y Muebles] Detergentes y Suavizantes -> https://super.lider.cl/browse/limpieza-y-aseo/mas-sustentables/detergentes-y-suavizantes/43390617_56006489_93405033
[DEBUG] Subcategoría duplicada omitida por URL: [Pisos y Muebles] Limpiadores hogar -> https://super.lider.cl/browse/limpieza-y-aseo/mas-sustentables/limpiadores-hogar/43390617_56006489_96809231
[DEBUG] Subcategoría duplicada omitida por URL: [Pisos y Muebles] Limpiadores Piso -> https://super.lider.cl/browse/limpieza-y-aseo/mas-sustentables/limpiadores-piso/43390617_56006489_27078207
[DEBUG] Subcategoría duplicada omitida por URL: [Pisos y Muebles] Papeles -> https://super.lider.cl/browse/limpieza-y-aseo/mas-sustentables/papeles/43390617_56006489_72633958
[DEBUG] Subcategoría duplicada omitida por URL: [Pisos y Muebles] Limpieza y Desinfección -> https://super.lider.cl/browse/limpieza-y-aseo/mascotas-en-casa/limpieza-y-desinfeccion/43390617_43573441_61734328
[DEBUG] Subcategoría duplicada omitida por URL: [Pisos y Muebles] Bolsas -> https://super.lider.cl/browse/limpieza-y-aseo/mascotas-en-casa/bolsas/43390617_43573441_01814928
[DEBUG] Subcategoría duplicada omitida por URL: [Pisos y Muebles] Accesorios -> https://super.lider.cl/browse/limpieza-y-aseo/mascotas-en-casa/accesorios/43390617_43573441_34383398
[DEBUG] Subcategoría duplicada omitida por URL: [Papeles] Detergente Líquido -> https://super.lider.cl/browse/limpieza-y-aseo/detergentes/detergente-liquido/43390617_23557375_37826208
[DEBUG] Subcategoría duplicada omitida por URL: [Papeles] Detergente en Polvo -> https://super.lider.cl/browse/limpieza-y-aseo/detergentes/detergente-en-polvo/43390617_23557375_43087459
[DEBUG] Subcategoría duplicada omitida por URL: [Papeles] Detergente en Cápsula -> https://super.lider.cl/browse/limpieza-y-aseo/detergentes/detergente-en-capsula/43390617_23557375_92226884
[DEBUG] Subcategoría duplicada omitida por URL: [Papeles] Suavizante -> https://super.lider.cl/browse/limpieza-y-aseo/detergentes/suavizante/43390617_23557375_40368870
[DEBUG] Subcategoría duplicada omitida por URL: [Papeles] Tratamiento Ropa -> https://super.lider.cl/browse/limpieza-y-aseo/detergentes/tratamiento-ropa/43390617_23557375_18992759
[DEBUG] Subcategoría duplicada omitida por URL: [Papeles] Jabon para Ropa -> https://super.lider.cl/browse/limpieza-y-aseo/detergentes/jabon-para-ropa/43390617_23557375_49917328
[DEBUG] Subcategoría duplicada omitida por URL: [Papeles] Lavaloza y Lavavajilla -> https://super.lider.cl/browse/limpieza-y-aseo/bano-y-cocina/lavaloza-y-lavavajilla/43390617_15090475_36157836
[DEBUG] Subcategoría duplicada omitida por URL: [Papeles] Limpiador Cocina -> https://super.lider.cl/browse/limpieza-y-aseo/bano-y-cocina/limpiador-cocina/43390617_15090475_39786712
[DEBUG] Subcategoría duplicada omitida por URL: [Papeles] Limpia Vidrios -> https://super.lider.cl/browse/limpieza-y-aseo/bano-y-cocina/limpia-vidrios/43390617_15090475_67480208
[DEBUG] Subcategoría duplicada omitida por URL: [Papeles] Limpiador Baño -> https://super.lider.cl/browse/limpieza-y-aseo/bano-y-cocina/limpiador-bano/43390617_15090475_34489704
[DEBUG] Subcategoría duplicada omitida por URL: [Papeles] Limpiador Multiuso -> https://super.lider.cl/browse/limpieza-y-aseo/bano-y-cocina/limpiador-multiuso/43390617_15090475_93979207
[DEBUG] Subcategoría duplicada omitida por URL: [Papeles] Accesorios Cocina -> https://super.lider.cl/browse/limpieza-y-aseo/bano-y-cocina/accesorios-cocina/43390617_15090475_61006974
[DEBUG] Subcategoría duplicada omitida por URL: [Papeles] Accesorios Baño -> https://super.lider.cl/browse/limpieza-y-aseo/bano-y-cocina/accesorios-bano/43390617_15090475_80332378
[DEBUG] Subcategoría duplicada omitida por URL: [Papeles] Limpiador Pisos -> https://super.lider.cl/browse/limpieza-y-aseo/pisos-y-muebles/limpiador-pisos/43390617_45008163_42399561
[DEBUG] Subcategoría duplicada omitida por URL: [Papeles] Piso Flotante -> https://super.lider.cl/browse/limpieza-y-aseo/pisos-y-muebles/piso-flotante/43390617_45008163_27298233
[DEBUG] Subcategoría duplicada omitida por URL: [Papeles] Cera y Virutilla -> https://super.lider.cl/browse/limpieza-y-aseo/pisos-y-muebles/cera-y-virutilla/43390617_45008163_83369891
[DEBUG] Subcategoría duplicada omitida por URL: [Papeles] Lustramuebles -> https://super.lider.cl/browse/limpieza-y-aseo/pisos-y-muebles/lustramuebles/43390617_45008163_50204094
[DEBUG] Subcategoría duplicada omitida por URL: [Papeles] Papel Higiénico -> https://super.lider.cl/browse/limpieza-y-aseo/papeles/papel-higienico/43390617_72719306_32418994
[DEBUG] Subcategoría duplicada omitida por URL: [Papeles] Toalla Papel -> https://super.lider.cl/browse/limpieza-y-aseo/papeles/toalla-papel/43390617_72719306_42198737
[DEBUG] Subcategoría duplicada omitida por URL: [Papeles] Papeles para Cocinar -> https://super.lider.cl/browse/limpieza-y-aseo/papeles/papeles-para-cocinar/43390617_72719306_58991757
[DEBUG] Subcategoría duplicada omitida por URL: [Papeles] Servilletas -> https://super.lider.cl/browse/limpieza-y-aseo/papeles/servilletas/43390617_72719306_16166608
[DEBUG] Subcategoría duplicada omitida por URL: [Papeles] Pañuelos -> https://super.lider.cl/browse/limpieza-y-aseo/papeles/panuelos/43390617_72719306_85239901
[DEBUG] Subcategoría duplicada omitida por URL: [Papeles] Aerosoles Desinfectantes -> https://super.lider.cl/browse/limpieza-y-aseo/desinfeccion/aerosoles-desinfectantes/43390617_57052803_75614758
[DEBUG] Subcategoría duplicada omitida por URL: [Papeles] Cloro -> https://super.lider.cl/browse/limpieza-y-aseo/desinfeccion/cloro/43390617_57052803_94265323
[DEBUG] Subcategoría duplicada omitida por URL: [Papeles] Toalla Húmedas Desinfectantes -> https://super.lider.cl/browse/limpieza-y-aseo/desinfeccion/toalla-humedas-desinfectantes/43390617_57052803_21008325
[DEBUG] Subcategoría duplicada omitida por URL: [Papeles] Cuidado Calzado -> https://super.lider.cl/browse/limpieza-y-aseo/accesorios-aseo/cuidado-calzado/43390617_61764352_99985610
[DEBUG] Subcategoría duplicada omitida por URL: [Papeles] Bolsas de Basura -> https://super.lider.cl/browse/limpieza-y-aseo/accesorios-aseo/bolsas-de-basura/43390617_61764352_96987954
[DEBUG] Subcategoría duplicada omitida por URL: [Papeles] Bolsas Multiuso -> https://super.lider.cl/browse/limpieza-y-aseo/accesorios-aseo/bolsas-multiuso/43390617_61764352_28382301
[DEBUG] Subcategoría duplicada omitida por URL: [Papeles] Envoltorios -> https://super.lider.cl/browse/limpieza-y-aseo/accesorios-aseo/envoltorios/43390617_61764352_17486012
[DEBUG] Subcategoría duplicada omitida por URL: [Papeles] Paños y Mopas -> https://super.lider.cl/browse/limpieza-y-aseo/accesorios-aseo/panos-y-mopas/43390617_61764352_82535168
[DEBUG] Subcategoría duplicada omitida por URL: [Papeles] Esponjas y Guantes -> https://super.lider.cl/browse/limpieza-y-aseo/accesorios-aseo/esponjas-y-guantes/43390617_61764352_18064860
[DEBUG] Subcategoría duplicada omitida por URL: [Papeles] Escobillones y Palas -> https://super.lider.cl/browse/limpieza-y-aseo/accesorios-aseo/escobillones-y-palas/43390617_61764352_74663905
[DEBUG] Subcategoría duplicada omitida por URL: [Papeles] Fósforos -> https://super.lider.cl/browse/limpieza-y-aseo/accesorios-aseo/fosforos/43390617_61764352_97864899
[DEBUG] Subcategoría duplicada omitida por URL: [Papeles] Ambientador Aerosol -> https://super.lider.cl/browse/limpieza-y-aseo/ambientadores/ambientador-aerosol/43390617_32024397_64693597
[DEBUG] Subcategoría duplicada omitida por URL: [Papeles] Ambientadores Automáticos -> https://super.lider.cl/browse/limpieza-y-aseo/ambientadores/ambientadores-automaticos/43390617_32024397_27006928
[DEBUG] Subcategoría duplicada omitida por URL: [Papeles] Ambientadores Eléctricos -> https://super.lider.cl/browse/limpieza-y-aseo/ambientadores/ambientadores-electricos/43390617_32024397_73401333
[DEBUG] Subcategoría duplicada omitida por URL: [Papeles] Ambientadores Gel -> https://super.lider.cl/browse/limpieza-y-aseo/ambientadores/ambientadores-gel/43390617_32024397_40226375
[DEBUG] Subcategoría duplicada omitida por URL: [Papeles] Ambientadores Toque -> https://super.lider.cl/browse/limpieza-y-aseo/ambientadores/ambientadores-toque/43390617_32024397_60978553
[DEBUG] Subcategoría duplicada omitida por URL: [Papeles] Desinfectantes Aerosol -> https://super.lider.cl/browse/limpieza-y-aseo/ambientadores/desinfectantes-aerosol/43390617_32024397_84244549
[DEBUG] Subcategoría duplicada omitida por URL: [Papeles] Moscas Zancudos y Polillas -> https://super.lider.cl/browse/limpieza-y-aseo/insecticidas-y-control-de-plagas/moscas-zancudos-y-polillas/43390617_74938748_17176175
[DEBUG] Subcategoría duplicada omitida por URL: [Papeles] Arañas y Baratas -> https://super.lider.cl/browse/limpieza-y-aseo/insecticidas-y-control-de-plagas/aranas-y-baratas/43390617_74938748_56928756
[DEBUG] Subcategoría duplicada omitida por URL: [Papeles] Hormigas Pulgas y Garrapatas -> https://super.lider.cl/browse/limpieza-y-aseo/insecticidas-y-control-de-plagas/hormigas-pulgas-y-garrapatas/43390617_74938748_51106271
[DEBUG] Subcategoría duplicada omitida por URL: [Papeles] Multi Propósitos -> https://super.lider.cl/browse/limpieza-y-aseo/insecticidas-y-control-de-plagas/multi-propositos/43390617_74938748_30330050
[DEBUG] Subcategoría duplicada omitida por URL: [Papeles] Eléctricos y Tabletas -> https://super.lider.cl/browse/limpieza-y-aseo/insecticidas-y-control-de-plagas/electricos-y-tabletas/43390617_74938748_62241924
[DEBUG] Subcategoría duplicada omitida por URL: [Papeles] Raticidas -> https://super.lider.cl/browse/limpieza-y-aseo/insecticidas-y-control-de-plagas/raticidas/43390617_74938748_97570812
[DEBUG] Subcategoría duplicada omitida por URL: [Papeles] Repelentes -> https://super.lider.cl/browse/limpieza-y-aseo/insecticidas-y-control-de-plagas/repelentes/43390617_74938748_38550225
[DEBUG] Subcategoría duplicada omitida por URL: [Papeles] Ambientales -> https://super.lider.cl/browse/limpieza-y-aseo/mas-sustentables/ambientales/43390617_56006489_11446605
[DEBUG] Subcategoría duplicada omitida por URL: [Papeles] Bolsas y Envoltorios -> https://super.lider.cl/browse/limpieza-y-aseo/mas-sustentables/bolsas-y-envoltorios/43390617_56006489_58661930
[DEBUG] Subcategoría duplicada omitida por URL: [Papeles] Detergentes y Suavizantes -> https://super.lider.cl/browse/limpieza-y-aseo/mas-sustentables/detergentes-y-suavizantes/43390617_56006489_93405033
[DEBUG] Subcategoría duplicada omitida por URL: [Papeles] Limpiadores hogar -> https://super.lider.cl/browse/limpieza-y-aseo/mas-sustentables/limpiadores-hogar/43390617_56006489_96809231
[DEBUG] Subcategoría duplicada omitida por URL: [Papeles] Limpiadores Piso -> https://super.lider.cl/browse/limpieza-y-aseo/mas-sustentables/limpiadores-piso/43390617_56006489_27078207
[DEBUG] Subcategoría duplicada omitida por URL: [Papeles] Papeles -> https://super.lider.cl/browse/limpieza-y-aseo/mas-sustentables/papeles/43390617_56006489_72633958
[DEBUG] Subcategoría duplicada omitida por URL: [Papeles] Limpieza y Desinfección -> https://super.lider.cl/browse/limpieza-y-aseo/mascotas-en-casa/limpieza-y-desinfeccion/43390617_43573441_61734328
[DEBUG] Subcategoría duplicada omitida por URL: [Papeles] Bolsas -> https://super.lider.cl/browse/limpieza-y-aseo/mascotas-en-casa/bolsas/43390617_43573441_01814928
[DEBUG] Subcategoría duplicada omitida por URL: [Papeles] Accesorios -> https://super.lider.cl/browse/limpieza-y-aseo/mascotas-en-casa/accesorios/43390617_43573441_34383398
[DEBUG] Subcategoría duplicada omitida por URL: [Desinfección] Detergente Líquido -> https://super.lider.cl/browse/limpieza-y-aseo/detergentes/detergente-liquido/43390617_23557375_37826208
[DEBUG] Subcategoría duplicada omitida por URL: [Desinfección] Detergente en Polvo -> https://super.lider.cl/browse/limpieza-y-aseo/detergentes/detergente-en-polvo/43390617_23557375_43087459
[DEBUG] Subcategoría duplicada omitida por URL: [Desinfección] Detergente en Cápsula -> https://super.lider.cl/browse/limpieza-y-aseo/detergentes/detergente-en-capsula/43390617_23557375_92226884
[DEBUG] Subcategoría duplicada omitida por URL: [Desinfección] Suavizante -> https://super.lider.cl/browse/limpieza-y-aseo/detergentes/suavizante/43390617_23557375_40368870
[DEBUG] Subcategoría duplicada omitida por URL: [Desinfección] Tratamiento Ropa -> https://super.lider.cl/browse/limpieza-y-aseo/detergentes/tratamiento-ropa/43390617_23557375_18992759
[DEBUG] Subcategoría duplicada omitida por URL: [Desinfección] Jabon para Ropa -> https://super.lider.cl/browse/limpieza-y-aseo/detergentes/jabon-para-ropa/43390617_23557375_49917328
[DEBUG] Subcategoría duplicada omitida por URL: [Desinfección] Lavaloza y Lavavajilla -> https://super.lider.cl/browse/limpieza-y-aseo/bano-y-cocina/lavaloza-y-lavavajilla/43390617_15090475_36157836
[DEBUG] Subcategoría duplicada omitida por URL: [Desinfección] Limpiador Cocina -> https://super.lider.cl/browse/limpieza-y-aseo/bano-y-cocina/limpiador-cocina/43390617_15090475_39786712
[DEBUG] Subcategoría duplicada omitida por URL: [Desinfección] Limpia Vidrios -> https://super.lider.cl/browse/limpieza-y-aseo/bano-y-cocina/limpia-vidrios/43390617_15090475_67480208
[DEBUG] Subcategoría duplicada omitida por URL: [Desinfección] Limpiador Baño -> https://super.lider.cl/browse/limpieza-y-aseo/bano-y-cocina/limpiador-bano/43390617_15090475_34489704
[DEBUG] Subcategoría duplicada omitida por URL: [Desinfección] Limpiador Multiuso -> https://super.lider.cl/browse/limpieza-y-aseo/bano-y-cocina/limpiador-multiuso/43390617_15090475_93979207
[DEBUG] Subcategoría duplicada omitida por URL: [Desinfección] Accesorios Cocina -> https://super.lider.cl/browse/limpieza-y-aseo/bano-y-cocina/accesorios-cocina/43390617_15090475_61006974
[DEBUG] Subcategoría duplicada omitida por URL: [Desinfección] Accesorios Baño -> https://super.lider.cl/browse/limpieza-y-aseo/bano-y-cocina/accesorios-bano/43390617_15090475_80332378
[DEBUG] Subcategoría duplicada omitida por URL: [Desinfección] Limpiador Pisos -> https://super.lider.cl/browse/limpieza-y-aseo/pisos-y-muebles/limpiador-pisos/43390617_45008163_42399561
[DEBUG] Subcategoría duplicada omitida por URL: [Desinfección] Piso Flotante -> https://super.lider.cl/browse/limpieza-y-aseo/pisos-y-muebles/piso-flotante/43390617_45008163_27298233
[DEBUG] Subcategoría duplicada omitida por URL: [Desinfección] Cera y Virutilla -> https://super.lider.cl/browse/limpieza-y-aseo/pisos-y-muebles/cera-y-virutilla/43390617_45008163_83369891
[DEBUG] Subcategoría duplicada omitida por URL: [Desinfección] Lustramuebles -> https://super.lider.cl/browse/limpieza-y-aseo/pisos-y-muebles/lustramuebles/43390617_45008163_50204094
[DEBUG] Subcategoría duplicada omitida por URL: [Desinfección] Papel Higiénico -> https://super.lider.cl/browse/limpieza-y-aseo/papeles/papel-higienico/43390617_72719306_32418994
[DEBUG] Subcategoría duplicada omitida por URL: [Desinfección] Toalla Papel -> https://super.lider.cl/browse/limpieza-y-aseo/papeles/toalla-papel/43390617_72719306_42198737
[DEBUG] Subcategoría duplicada omitida por URL: [Desinfección] Papeles para Cocinar -> https://super.lider.cl/browse/limpieza-y-aseo/papeles/papeles-para-cocinar/43390617_72719306_58991757
[DEBUG] Subcategoría duplicada omitida por URL: [Desinfección] Servilletas -> https://super.lider.cl/browse/limpieza-y-aseo/papeles/servilletas/43390617_72719306_16166608
[DEBUG] Subcategoría duplicada omitida por URL: [Desinfección] Pañuelos -> https://super.lider.cl/browse/limpieza-y-aseo/papeles/panuelos/43390617_72719306_85239901
[DEBUG] Subcategoría duplicada omitida por URL: [Desinfección] Aerosoles Desinfectantes -> https://super.lider.cl/browse/limpieza-y-aseo/desinfeccion/aerosoles-desinfectantes/43390617_57052803_75614758
[DEBUG] Subcategoría duplicada omitida por URL: [Desinfección] Cloro -> https://super.lider.cl/browse/limpieza-y-aseo/desinfeccion/cloro/43390617_57052803_94265323
[DEBUG] Subcategoría duplicada omitida por URL: [Desinfección] Toalla Húmedas Desinfectantes -> https://super.lider.cl/browse/limpieza-y-aseo/desinfeccion/toalla-humedas-desinfectantes/43390617_57052803_21008325
[DEBUG] Subcategoría duplicada omitida por URL: [Desinfección] Cuidado Calzado -> https://super.lider.cl/browse/limpieza-y-aseo/accesorios-aseo/cuidado-calzado/43390617_61764352_99985610
[DEBUG] Subcategoría duplicada omitida por URL: [Desinfección] Bolsas de Basura -> https://super.lider.cl/browse/limpieza-y-aseo/accesorios-aseo/bolsas-de-basura/43390617_61764352_96987954
[DEBUG] Subcategoría duplicada omitida por URL: [Desinfección] Bolsas Multiuso -> https://super.lider.cl/browse/limpieza-y-aseo/accesorios-aseo/bolsas-multiuso/43390617_61764352_28382301
[DEBUG] Subcategoría duplicada omitida por URL: [Desinfección] Envoltorios -> https://super.lider.cl/browse/limpieza-y-aseo/accesorios-aseo/envoltorios/43390617_61764352_17486012
[DEBUG] Subcategoría duplicada omitida por URL: [Desinfección] Paños y Mopas -> https://super.lider.cl/browse/limpieza-y-aseo/accesorios-aseo/panos-y-mopas/43390617_61764352_82535168
[DEBUG] Subcategoría duplicada omitida por URL: [Desinfección] Esponjas y Guantes -> https://super.lider.cl/browse/limpieza-y-aseo/accesorios-aseo/esponjas-y-guantes/43390617_61764352_18064860
[DEBUG] Subcategoría duplicada omitida por URL: [Desinfección] Escobillones y Palas -> https://super.lider.cl/browse/limpieza-y-aseo/accesorios-aseo/escobillones-y-palas/43390617_61764352_74663905
[DEBUG] Subcategoría duplicada omitida por URL: [Desinfección] Fósforos -> https://super.lider.cl/browse/limpieza-y-aseo/accesorios-aseo/fosforos/43390617_61764352_97864899
[DEBUG] Subcategoría duplicada omitida por URL: [Desinfección] Ambientador Aerosol -> https://super.lider.cl/browse/limpieza-y-aseo/ambientadores/ambientador-aerosol/43390617_32024397_64693597
[DEBUG] Subcategoría duplicada omitida por URL: [Desinfección] Ambientadores Automáticos -> https://super.lider.cl/browse/limpieza-y-aseo/ambientadores/ambientadores-automaticos/43390617_32024397_27006928
[DEBUG] Subcategoría duplicada omitida por URL: [Desinfección] Ambientadores Eléctricos -> https://super.lider.cl/browse/limpieza-y-aseo/ambientadores/ambientadores-electricos/43390617_32024397_73401333
[DEBUG] Subcategoría duplicada omitida por URL: [Desinfección] Ambientadores Gel -> https://super.lider.cl/browse/limpieza-y-aseo/ambientadores/ambientadores-gel/43390617_32024397_40226375
[DEBUG] Subcategoría duplicada omitida por URL: [Desinfección] Ambientadores Toque -> https://super.lider.cl/browse/limpieza-y-aseo/ambientadores/ambientadores-toque/43390617_32024397_60978553
[DEBUG] Subcategoría duplicada omitida por URL: [Desinfección] Desinfectantes Aerosol -> https://super.lider.cl/browse/limpieza-y-aseo/ambientadores/desinfectantes-aerosol/43390617_32024397_84244549
[DEBUG] Subcategoría duplicada omitida por URL: [Desinfección] Moscas Zancudos y Polillas -> https://super.lider.cl/browse/limpieza-y-aseo/insecticidas-y-control-de-plagas/moscas-zancudos-y-polillas/43390617_74938748_17176175
[DEBUG] Subcategoría duplicada omitida por URL: [Desinfección] Arañas y Baratas -> https://super.lider.cl/browse/limpieza-y-aseo/insecticidas-y-control-de-plagas/aranas-y-baratas/43390617_74938748_56928756
[DEBUG] Subcategoría duplicada omitida por URL: [Desinfección] Hormigas Pulgas y Garrapatas -> https://super.lider.cl/browse/limpieza-y-aseo/insecticidas-y-control-de-plagas/hormigas-pulgas-y-garrapatas/43390617_74938748_51106271
[DEBUG] Subcategoría duplicada omitida por URL: [Desinfección] Multi Propósitos -> https://super.lider.cl/browse/limpieza-y-aseo/insecticidas-y-control-de-plagas/multi-propositos/43390617_74938748_30330050
[DEBUG] Subcategoría duplicada omitida por URL: [Desinfección] Eléctricos y Tabletas -> https://super.lider.cl/browse/limpieza-y-aseo/insecticidas-y-control-de-plagas/electricos-y-tabletas/43390617_74938748_62241924
[DEBUG] Subcategoría duplicada omitida por URL: [Desinfección] Raticidas -> https://super.lider.cl/browse/limpieza-y-aseo/insecticidas-y-control-de-plagas/raticidas/43390617_74938748_97570812
[DEBUG] Subcategoría duplicada omitida por URL: [Desinfección] Repelentes -> https://super.lider.cl/browse/limpieza-y-aseo/insecticidas-y-control-de-plagas/repelentes/43390617_74938748_38550225
[DEBUG] Subcategoría duplicada omitida por URL: [Desinfección] Ambientales -> https://super.lider.cl/browse/limpieza-y-aseo/mas-sustentables/ambientales/43390617_56006489_11446605
[DEBUG] Subcategoría duplicada omitida por URL: [Desinfección] Bolsas y Envoltorios -> https://super.lider.cl/browse/limpieza-y-aseo/mas-sustentables/bolsas-y-envoltorios/43390617_56006489_58661930
[DEBUG] Subcategoría duplicada omitida por URL: [Desinfección] Detergentes y Suavizantes -> https://super.lider.cl/browse/limpieza-y-aseo/mas-sustentables/detergentes-y-suavizantes/43390617_56006489_93405033
[DEBUG] Subcategoría duplicada omitida por URL: [Desinfección] Limpiadores hogar -> https://super.lider.cl/browse/limpieza-y-aseo/mas-sustentables/limpiadores-hogar/43390617_56006489_96809231
[DEBUG] Subcategoría duplicada omitida por URL: [Desinfección] Limpiadores Piso -> https://super.lider.cl/browse/limpieza-y-aseo/mas-sustentables/limpiadores-piso/43390617_56006489_27078207
[DEBUG] Subcategoría duplicada omitida por URL: [Desinfección] Papeles -> https://super.lider.cl/browse/limpieza-y-aseo/mas-sustentables/papeles/43390617_56006489_72633958
[DEBUG] Subcategoría duplicada omitida por URL: [Desinfección] Limpieza y Desinfección -> https://super.lider.cl/browse/limpieza-y-aseo/mascotas-en-casa/limpieza-y-desinfeccion/43390617_43573441_61734328
[DEBUG] Subcategoría duplicada omitida por URL: [Desinfección] Bolsas -> https://super.lider.cl/browse/limpieza-y-aseo/mascotas-en-casa/bolsas/43390617_43573441_01814928
[DEBUG] Subcategoría duplicada omitida por URL: [Desinfección] Accesorios -> https://super.lider.cl/browse/limpieza-y-aseo/mascotas-en-casa/accesorios/43390617_43573441_34383398
[DEBUG] Subcategoría duplicada omitida por URL: [Accesorios Aseo] Detergente Líquido -> https://super.lider.cl/browse/limpieza-y-aseo/detergentes/detergente-liquido/43390617_23557375_37826208
[DEBUG] Subcategoría duplicada omitida por URL: [Accesorios Aseo] Detergente en Polvo -> https://super.lider.cl/browse/limpieza-y-aseo/detergentes/detergente-en-polvo/43390617_23557375_43087459
[DEBUG] Subcategoría duplicada omitida por URL: [Accesorios Aseo] Detergente en Cápsula -> https://super.lider.cl/browse/limpieza-y-aseo/detergentes/detergente-en-capsula/43390617_23557375_92226884
[DEBUG] Subcategoría duplicada omitida por URL: [Accesorios Aseo] Suavizante -> https://super.lider.cl/browse/limpieza-y-aseo/detergentes/suavizante/43390617_23557375_40368870
[DEBUG] Subcategoría duplicada omitida por URL: [Accesorios Aseo] Tratamiento Ropa -> https://super.lider.cl/browse/limpieza-y-aseo/detergentes/tratamiento-ropa/43390617_23557375_18992759
[DEBUG] Subcategoría duplicada omitida por URL: [Accesorios Aseo] Jabon para Ropa -> https://super.lider.cl/browse/limpieza-y-aseo/detergentes/jabon-para-ropa/43390617_23557375_49917328
[DEBUG] Subcategoría duplicada omitida por URL: [Accesorios Aseo] Lavaloza y Lavavajilla -> https://super.lider.cl/browse/limpieza-y-aseo/bano-y-cocina/lavaloza-y-lavavajilla/43390617_15090475_36157836
[DEBUG] Subcategoría duplicada omitida por URL: [Accesorios Aseo] Limpiador Cocina -> https://super.lider.cl/browse/limpieza-y-aseo/bano-y-cocina/limpiador-cocina/43390617_15090475_39786712
[DEBUG] Subcategoría duplicada omitida por URL: [Accesorios Aseo] Limpia Vidrios -> https://super.lider.cl/browse/limpieza-y-aseo/bano-y-cocina/limpia-vidrios/43390617_15090475_67480208
[DEBUG] Subcategoría duplicada omitida por URL: [Accesorios Aseo] Limpiador Baño -> https://super.lider.cl/browse/limpieza-y-aseo/bano-y-cocina/limpiador-bano/43390617_15090475_34489704
[DEBUG] Subcategoría duplicada omitida por URL: [Accesorios Aseo] Limpiador Multiuso -> https://super.lider.cl/browse/limpieza-y-aseo/bano-y-cocina/limpiador-multiuso/43390617_15090475_93979207
[DEBUG] Subcategoría duplicada omitida por URL: [Accesorios Aseo] Accesorios Cocina -> https://super.lider.cl/browse/limpieza-y-aseo/bano-y-cocina/accesorios-cocina/43390617_15090475_61006974
[DEBUG] Subcategoría duplicada omitida por URL: [Accesorios Aseo] Accesorios Baño -> https://super.lider.cl/browse/limpieza-y-aseo/bano-y-cocina/accesorios-bano/43390617_15090475_80332378
[DEBUG] Subcategoría duplicada omitida por URL: [Accesorios Aseo] Limpiador Pisos -> https://super.lider.cl/browse/limpieza-y-aseo/pisos-y-muebles/limpiador-pisos/43390617_45008163_42399561
[DEBUG] Subcategoría duplicada omitida por URL: [Accesorios Aseo] Piso Flotante -> https://super.lider.cl/browse/limpieza-y-aseo/pisos-y-muebles/piso-flotante/43390617_45008163_27298233
[DEBUG] Subcategoría duplicada omitida por URL: [Accesorios Aseo] Cera y Virutilla -> https://super.lider.cl/browse/limpieza-y-aseo/pisos-y-muebles/cera-y-virutilla/43390617_45008163_83369891
[DEBUG] Subcategoría duplicada omitida por URL: [Accesorios Aseo] Lustramuebles -> https://super.lider.cl/browse/limpieza-y-aseo/pisos-y-muebles/lustramuebles/43390617_45008163_50204094
[DEBUG] Subcategoría duplicada omitida por URL: [Accesorios Aseo] Papel Higiénico -> https://super.lider.cl/browse/limpieza-y-aseo/papeles/papel-higienico/43390617_72719306_32418994
[DEBUG] Subcategoría duplicada omitida por URL: [Accesorios Aseo] Toalla Papel -> https://super.lider.cl/browse/limpieza-y-aseo/papeles/toalla-papel/43390617_72719306_42198737
[DEBUG] Subcategoría duplicada omitida por URL: [Accesorios Aseo] Papeles para Cocinar -> https://super.lider.cl/browse/limpieza-y-aseo/papeles/papeles-para-cocinar/43390617_72719306_58991757
[DEBUG] Subcategoría duplicada omitida por URL: [Accesorios Aseo] Servilletas -> https://super.lider.cl/browse/limpieza-y-aseo/papeles/servilletas/43390617_72719306_16166608
[DEBUG] Subcategoría duplicada omitida por URL: [Accesorios Aseo] Pañuelos -> https://super.lider.cl/browse/limpieza-y-aseo/papeles/panuelos/43390617_72719306_85239901
[DEBUG] Subcategoría duplicada omitida por URL: [Accesorios Aseo] Aerosoles Desinfectantes -> https://super.lider.cl/browse/limpieza-y-aseo/desinfeccion/aerosoles-desinfectantes/43390617_57052803_75614758
[DEBUG] Subcategoría duplicada omitida por URL: [Accesorios Aseo] Cloro -> https://super.lider.cl/browse/limpieza-y-aseo/desinfeccion/cloro/43390617_57052803_94265323
[DEBUG] Subcategoría duplicada omitida por URL: [Accesorios Aseo] Toalla Húmedas Desinfectantes -> https://super.lider.cl/browse/limpieza-y-aseo/desinfeccion/toalla-humedas-desinfectantes/43390617_57052803_21008325
[DEBUG] Subcategoría duplicada omitida por URL: [Accesorios Aseo] Cuidado Calzado -> https://super.lider.cl/browse/limpieza-y-aseo/accesorios-aseo/cuidado-calzado/43390617_61764352_99985610
[DEBUG] Subcategoría duplicada omitida por URL: [Accesorios Aseo] Bolsas de Basura -> https://super.lider.cl/browse/limpieza-y-aseo/accesorios-aseo/bolsas-de-basura/43390617_61764352_96987954
[DEBUG] Subcategoría duplicada omitida por URL: [Accesorios Aseo] Bolsas Multiuso -> https://super.lider.cl/browse/limpieza-y-aseo/accesorios-aseo/bolsas-multiuso/43390617_61764352_28382301
[DEBUG] Subcategoría duplicada omitida por URL: [Accesorios Aseo] Envoltorios -> https://super.lider.cl/browse/limpieza-y-aseo/accesorios-aseo/envoltorios/43390617_61764352_17486012
[DEBUG] Subcategoría duplicada omitida por URL: [Accesorios Aseo] Paños y Mopas -> https://super.lider.cl/browse/limpieza-y-aseo/accesorios-aseo/panos-y-mopas/43390617_61764352_82535168
[DEBUG] Subcategoría duplicada omitida por URL: [Accesorios Aseo] Esponjas y Guantes -> https://super.lider.cl/browse/limpieza-y-aseo/accesorios-aseo/esponjas-y-guantes/43390617_61764352_18064860
[DEBUG] Subcategoría duplicada omitida por URL: [Accesorios Aseo] Escobillones y Palas -> https://super.lider.cl/browse/limpieza-y-aseo/accesorios-aseo/escobillones-y-palas/43390617_61764352_74663905
[DEBUG] Subcategoría duplicada omitida por URL: [Accesorios Aseo] Fósforos -> https://super.lider.cl/browse/limpieza-y-aseo/accesorios-aseo/fosforos/43390617_61764352_97864899
[DEBUG] Subcategoría duplicada omitida por URL: [Accesorios Aseo] Ambientador Aerosol -> https://super.lider.cl/browse/limpieza-y-aseo/ambientadores/ambientador-aerosol/43390617_32024397_64693597
[DEBUG] Subcategoría duplicada omitida por URL: [Accesorios Aseo] Ambientadores Automáticos -> https://super.lider.cl/browse/limpieza-y-aseo/ambientadores/ambientadores-automaticos/43390617_32024397_27006928
[DEBUG] Subcategoría duplicada omitida por URL: [Accesorios Aseo] Ambientadores Eléctricos -> https://super.lider.cl/browse/limpieza-y-aseo/ambientadores/ambientadores-electricos/43390617_32024397_73401333
[DEBUG] Subcategoría duplicada omitida por URL: [Accesorios Aseo] Ambientadores Gel -> https://super.lider.cl/browse/limpieza-y-aseo/ambientadores/ambientadores-gel/43390617_32024397_40226375
[DEBUG] Subcategoría duplicada omitida por URL: [Accesorios Aseo] Ambientadores Toque -> https://super.lider.cl/browse/limpieza-y-aseo/ambientadores/ambientadores-toque/43390617_32024397_60978553
[DEBUG] Subcategoría duplicada omitida por URL: [Accesorios Aseo] Desinfectantes Aerosol -> https://super.lider.cl/browse/limpieza-y-aseo/ambientadores/desinfectantes-aerosol/43390617_32024397_84244549
[DEBUG] Subcategoría duplicada omitida por URL: [Accesorios Aseo] Moscas Zancudos y Polillas -> https://super.lider.cl/browse/limpieza-y-aseo/insecticidas-y-control-de-plagas/moscas-zancudos-y-polillas/43390617_74938748_17176175
[DEBUG] Subcategoría duplicada omitida por URL: [Accesorios Aseo] Arañas y Baratas -> https://super.lider.cl/browse/limpieza-y-aseo/insecticidas-y-control-de-plagas/aranas-y-baratas/43390617_74938748_56928756
[DEBUG] Subcategoría duplicada omitida por URL: [Accesorios Aseo] Hormigas Pulgas y Garrapatas -> https://super.lider.cl/browse/limpieza-y-aseo/insecticidas-y-control-de-plagas/hormigas-pulgas-y-garrapatas/43390617_74938748_51106271
[DEBUG] Subcategoría duplicada omitida por URL: [Accesorios Aseo] Multi Propósitos -> https://super.lider.cl/browse/limpieza-y-aseo/insecticidas-y-control-de-plagas/multi-propositos/43390617_74938748_30330050
[DEBUG] Subcategoría duplicada omitida por URL: [Accesorios Aseo] Eléctricos y Tabletas -> https://super.lider.cl/browse/limpieza-y-aseo/insecticidas-y-control-de-plagas/electricos-y-tabletas/43390617_74938748_62241924
[DEBUG] Subcategoría duplicada omitida por URL: [Accesorios Aseo] Raticidas -> https://super.lider.cl/browse/limpieza-y-aseo/insecticidas-y-control-de-plagas/raticidas/43390617_74938748_97570812
[DEBUG] Subcategoría duplicada omitida por URL: [Accesorios Aseo] Repelentes -> https://super.lider.cl/browse/limpieza-y-aseo/insecticidas-y-control-de-plagas/repelentes/43390617_74938748_38550225
[DEBUG] Subcategoría duplicada omitida por URL: [Accesorios Aseo] Ambientales -> https://super.lider.cl/browse/limpieza-y-aseo/mas-sustentables/ambientales/43390617_56006489_11446605
[DEBUG] Subcategoría duplicada omitida por URL: [Accesorios Aseo] Bolsas y Envoltorios -> https://super.lider.cl/browse/limpieza-y-aseo/mas-sustentables/bolsas-y-envoltorios/43390617_56006489_58661930
[DEBUG] Subcategoría duplicada omitida por URL: [Accesorios Aseo] Detergentes y Suavizantes -> https://super.lider.cl/browse/limpieza-y-aseo/mas-sustentables/detergentes-y-suavizantes/43390617_56006489_93405033
[DEBUG] Subcategoría duplicada omitida por URL: [Accesorios Aseo] Limpiadores hogar -> https://super.lider.cl/browse/limpieza-y-aseo/mas-sustentables/limpiadores-hogar/43390617_56006489_96809231
[DEBUG] Subcategoría duplicada omitida por URL: [Accesorios Aseo] Limpiadores Piso -> https://super.lider.cl/browse/limpieza-y-aseo/mas-sustentables/limpiadores-piso/43390617_56006489_27078207
[DEBUG] Subcategoría duplicada omitida por URL: [Accesorios Aseo] Papeles -> https://super.lider.cl/browse/limpieza-y-aseo/mas-sustentables/papeles/43390617_56006489_72633958
[DEBUG] Subcategoría duplicada omitida por URL: [Accesorios Aseo] Limpieza y Desinfección -> https://super.lider.cl/browse/limpieza-y-aseo/mascotas-en-casa/limpieza-y-desinfeccion/43390617_43573441_61734328
[DEBUG] Subcategoría duplicada omitida por URL: [Accesorios Aseo] Bolsas -> https://super.lider.cl/browse/limpieza-y-aseo/mascotas-en-casa/bolsas/43390617_43573441_01814928
[DEBUG] Subcategoría duplicada omitida por URL: [Accesorios Aseo] Accesorios -> https://super.lider.cl/browse/limpieza-y-aseo/mascotas-en-casa/accesorios/43390617_43573441_34383398
[DEBUG] Subcategoría duplicada omitida por URL: [Ambientadores] Detergente Líquido -> https://super.lider.cl/browse/limpieza-y-aseo/detergentes/detergente-liquido/43390617_23557375_37826208
[DEBUG] Subcategoría duplicada omitida por URL: [Ambientadores] Detergente en Polvo -> https://super.lider.cl/browse/limpieza-y-aseo/detergentes/detergente-en-polvo/43390617_23557375_43087459
[DEBUG] Subcategoría duplicada omitida por URL: [Ambientadores] Detergente en Cápsula -> https://super.lider.cl/browse/limpieza-y-aseo/detergentes/detergente-en-capsula/43390617_23557375_92226884
[DEBUG] Subcategoría duplicada omitida por URL: [Ambientadores] Suavizante -> https://super.lider.cl/browse/limpieza-y-aseo/detergentes/suavizante/43390617_23557375_40368870
[DEBUG] Subcategoría duplicada omitida por URL: [Ambientadores] Tratamiento Ropa -> https://super.lider.cl/browse/limpieza-y-aseo/detergentes/tratamiento-ropa/43390617_23557375_18992759
[DEBUG] Subcategoría duplicada omitida por URL: [Ambientadores] Jabon para Ropa -> https://super.lider.cl/browse/limpieza-y-aseo/detergentes/jabon-para-ropa/43390617_23557375_49917328
[DEBUG] Subcategoría duplicada omitida por URL: [Ambientadores] Lavaloza y Lavavajilla -> https://super.lider.cl/browse/limpieza-y-aseo/bano-y-cocina/lavaloza-y-lavavajilla/43390617_15090475_36157836
[DEBUG] Subcategoría duplicada omitida por URL: [Ambientadores] Limpiador Cocina -> https://super.lider.cl/browse/limpieza-y-aseo/bano-y-cocina/limpiador-cocina/43390617_15090475_39786712
[DEBUG] Subcategoría duplicada omitida por URL: [Ambientadores] Limpia Vidrios -> https://super.lider.cl/browse/limpieza-y-aseo/bano-y-cocina/limpia-vidrios/43390617_15090475_67480208
[DEBUG] Subcategoría duplicada omitida por URL: [Ambientadores] Limpiador Baño -> https://super.lider.cl/browse/limpieza-y-aseo/bano-y-cocina/limpiador-bano/43390617_15090475_34489704
[DEBUG] Subcategoría duplicada omitida por URL: [Ambientadores] Limpiador Multiuso -> https://super.lider.cl/browse/limpieza-y-aseo/bano-y-cocina/limpiador-multiuso/43390617_15090475_93979207
[DEBUG] Subcategoría duplicada omitida por URL: [Ambientadores] Accesorios Cocina -> https://super.lider.cl/browse/limpieza-y-aseo/bano-y-cocina/accesorios-cocina/43390617_15090475_61006974
[DEBUG] Subcategoría duplicada omitida por URL: [Ambientadores] Accesorios Baño -> https://super.lider.cl/browse/limpieza-y-aseo/bano-y-cocina/accesorios-bano/43390617_15090475_80332378
[DEBUG] Subcategoría duplicada omitida por URL: [Ambientadores] Limpiador Pisos -> https://super.lider.cl/browse/limpieza-y-aseo/pisos-y-muebles/limpiador-pisos/43390617_45008163_42399561
[DEBUG] Subcategoría duplicada omitida por URL: [Ambientadores] Piso Flotante -> https://super.lider.cl/browse/limpieza-y-aseo/pisos-y-muebles/piso-flotante/43390617_45008163_27298233
[DEBUG] Subcategoría duplicada omitida por URL: [Ambientadores] Cera y Virutilla -> https://super.lider.cl/browse/limpieza-y-aseo/pisos-y-muebles/cera-y-virutilla/43390617_45008163_83369891
[DEBUG] Subcategoría duplicada omitida por URL: [Ambientadores] Lustramuebles -> https://super.lider.cl/browse/limpieza-y-aseo/pisos-y-muebles/lustramuebles/43390617_45008163_50204094
[DEBUG] Subcategoría duplicada omitida por URL: [Ambientadores] Papel Higiénico -> https://super.lider.cl/browse/limpieza-y-aseo/papeles/papel-higienico/43390617_72719306_32418994
[DEBUG] Subcategoría duplicada omitida por URL: [Ambientadores] Toalla Papel -> https://super.lider.cl/browse/limpieza-y-aseo/papeles/toalla-papel/43390617_72719306_42198737
[DEBUG] Subcategoría duplicada omitida por URL: [Ambientadores] Papeles para Cocinar -> https://super.lider.cl/browse/limpieza-y-aseo/papeles/papeles-para-cocinar/43390617_72719306_58991757
[DEBUG] Subcategoría duplicada omitida por URL: [Ambientadores] Servilletas -> https://super.lider.cl/browse/limpieza-y-aseo/papeles/servilletas/43390617_72719306_16166608
[DEBUG] Subcategoría duplicada omitida por URL: [Ambientadores] Pañuelos -> https://super.lider.cl/browse/limpieza-y-aseo/papeles/panuelos/43390617_72719306_85239901
[DEBUG] Subcategoría duplicada omitida por URL: [Ambientadores] Aerosoles Desinfectantes -> https://super.lider.cl/browse/limpieza-y-aseo/desinfeccion/aerosoles-desinfectantes/43390617_57052803_75614758
[DEBUG] Subcategoría duplicada omitida por URL: [Ambientadores] Cloro -> https://super.lider.cl/browse/limpieza-y-aseo/desinfeccion/cloro/43390617_57052803_94265323
[DEBUG] Subcategoría duplicada omitida por URL: [Ambientadores] Toalla Húmedas Desinfectantes -> https://super.lider.cl/browse/limpieza-y-aseo/desinfeccion/toalla-humedas-desinfectantes/43390617_57052803_21008325
[DEBUG] Subcategoría duplicada omitida por URL: [Ambientadores] Cuidado Calzado -> https://super.lider.cl/browse/limpieza-y-aseo/accesorios-aseo/cuidado-calzado/43390617_61764352_99985610
[DEBUG] Subcategoría duplicada omitida por URL: [Ambientadores] Bolsas de Basura -> https://super.lider.cl/browse/limpieza-y-aseo/accesorios-aseo/bolsas-de-basura/43390617_61764352_96987954
[DEBUG] Subcategoría duplicada omitida por URL: [Ambientadores] Bolsas Multiuso -> https://super.lider.cl/browse/limpieza-y-aseo/accesorios-aseo/bolsas-multiuso/43390617_61764352_28382301
[DEBUG] Subcategoría duplicada omitida por URL: [Ambientadores] Envoltorios -> https://super.lider.cl/browse/limpieza-y-aseo/accesorios-aseo/envoltorios/43390617_61764352_17486012
[DEBUG] Subcategoría duplicada omitida por URL: [Ambientadores] Paños y Mopas -> https://super.lider.cl/browse/limpieza-y-aseo/accesorios-aseo/panos-y-mopas/43390617_61764352_82535168
[DEBUG] Subcategoría duplicada omitida por URL: [Ambientadores] Esponjas y Guantes -> https://super.lider.cl/browse/limpieza-y-aseo/accesorios-aseo/esponjas-y-guantes/43390617_61764352_18064860
[DEBUG] Subcategoría duplicada omitida por URL: [Ambientadores] Escobillones y Palas -> https://super.lider.cl/browse/limpieza-y-aseo/accesorios-aseo/escobillones-y-palas/43390617_61764352_74663905
[DEBUG] Subcategoría duplicada omitida por URL: [Ambientadores] Fósforos -> https://super.lider.cl/browse/limpieza-y-aseo/accesorios-aseo/fosforos/43390617_61764352_97864899
[DEBUG] Subcategoría duplicada omitida por URL: [Ambientadores] Ambientador Aerosol -> https://super.lider.cl/browse/limpieza-y-aseo/ambientadores/ambientador-aerosol/43390617_32024397_64693597
[DEBUG] Subcategoría duplicada omitida por URL: [Ambientadores] Ambientadores Automáticos -> https://super.lider.cl/browse/limpieza-y-aseo/ambientadores/ambientadores-automaticos/43390617_32024397_27006928
[DEBUG] Subcategoría duplicada omitida por URL: [Ambientadores] Ambientadores Eléctricos -> https://super.lider.cl/browse/limpieza-y-aseo/ambientadores/ambientadores-electricos/43390617_32024397_73401333
[DEBUG] Subcategoría duplicada omitida por URL: [Ambientadores] Ambientadores Gel -> https://super.lider.cl/browse/limpieza-y-aseo/ambientadores/ambientadores-gel/43390617_32024397_40226375
[DEBUG] Subcategoría duplicada omitida por URL: [Ambientadores] Ambientadores Toque -> https://super.lider.cl/browse/limpieza-y-aseo/ambientadores/ambientadores-toque/43390617_32024397_60978553
[DEBUG] Subcategoría duplicada omitida por URL: [Ambientadores] Desinfectantes Aerosol -> https://super.lider.cl/browse/limpieza-y-aseo/ambientadores/desinfectantes-aerosol/43390617_32024397_84244549
[DEBUG] Subcategoría duplicada omitida por URL: [Ambientadores] Moscas Zancudos y Polillas -> https://super.lider.cl/browse/limpieza-y-aseo/insecticidas-y-control-de-plagas/moscas-zancudos-y-polillas/43390617_74938748_17176175
[DEBUG] Subcategoría duplicada omitida por URL: [Ambientadores] Arañas y Baratas -> https://super.lider.cl/browse/limpieza-y-aseo/insecticidas-y-control-de-plagas/aranas-y-baratas/43390617_74938748_56928756
[DEBUG] Subcategoría duplicada omitida por URL: [Ambientadores] Hormigas Pulgas y Garrapatas -> https://super.lider.cl/browse/limpieza-y-aseo/insecticidas-y-control-de-plagas/hormigas-pulgas-y-garrapatas/43390617_74938748_51106271
[DEBUG] Subcategoría duplicada omitida por URL: [Ambientadores] Multi Propósitos -> https://super.lider.cl/browse/limpieza-y-aseo/insecticidas-y-control-de-plagas/multi-propositos/43390617_74938748_30330050
[DEBUG] Subcategoría duplicada omitida por URL: [Ambientadores] Eléctricos y Tabletas -> https://super.lider.cl/browse/limpieza-y-aseo/insecticidas-y-control-de-plagas/electricos-y-tabletas/43390617_74938748_62241924
[DEBUG] Subcategoría duplicada omitida por URL: [Ambientadores] Raticidas -> https://super.lider.cl/browse/limpieza-y-aseo/insecticidas-y-control-de-plagas/raticidas/43390617_74938748_97570812
[DEBUG] Subcategoría duplicada omitida por URL: [Ambientadores] Repelentes -> https://super.lider.cl/browse/limpieza-y-aseo/insecticidas-y-control-de-plagas/repelentes/43390617_74938748_38550225
[DEBUG] Subcategoría duplicada omitida por URL: [Ambientadores] Ambientales -> https://super.lider.cl/browse/limpieza-y-aseo/mas-sustentables/ambientales/43390617_56006489_11446605
[DEBUG] Subcategoría duplicada omitida por URL: [Ambientadores] Bolsas y Envoltorios -> https://super.lider.cl/browse/limpieza-y-aseo/mas-sustentables/bolsas-y-envoltorios/43390617_56006489_58661930
[DEBUG] Subcategoría duplicada omitida por URL: [Ambientadores] Detergentes y Suavizantes -> https://super.lider.cl/browse/limpieza-y-aseo/mas-sustentables/detergentes-y-suavizantes/43390617_56006489_93405033
[DEBUG] Subcategoría duplicada omitida por URL: [Ambientadores] Limpiadores hogar -> https://super.lider.cl/browse/limpieza-y-aseo/mas-sustentables/limpiadores-hogar/43390617_56006489_96809231
[DEBUG] Subcategoría duplicada omitida por URL: [Ambientadores] Limpiadores Piso -> https://super.lider.cl/browse/limpieza-y-aseo/mas-sustentables/limpiadores-piso/43390617_56006489_27078207
[DEBUG] Subcategoría duplicada omitida por URL: [Ambientadores] Papeles -> https://super.lider.cl/browse/limpieza-y-aseo/mas-sustentables/papeles/43390617_56006489_72633958
[DEBUG] Subcategoría duplicada omitida por URL: [Ambientadores] Limpieza y Desinfección -> https://super.lider.cl/browse/limpieza-y-aseo/mascotas-en-casa/limpieza-y-desinfeccion/43390617_43573441_61734328
[DEBUG] Subcategoría duplicada omitida por URL: [Ambientadores] Bolsas -> https://super.lider.cl/browse/limpieza-y-aseo/mascotas-en-casa/bolsas/43390617_43573441_01814928
[DEBUG] Subcategoría duplicada omitida por URL: [Ambientadores] Accesorios -> https://super.lider.cl/browse/limpieza-y-aseo/mascotas-en-casa/accesorios/43390617_43573441_34383398
[DEBUG] Subcategoría duplicada omitida por URL: [Insecticidas y Control de Plagas] Detergente Líquido -> https://super.lider.cl/browse/limpieza-y-aseo/detergentes/detergente-liquido/43390617_23557375_37826208
[DEBUG] Subcategoría duplicada omitida por URL: [Insecticidas y Control de Plagas] Detergente en Polvo -> https://super.lider.cl/browse/limpieza-y-aseo/detergentes/detergente-en-polvo/43390617_23557375_43087459
[DEBUG] Subcategoría duplicada omitida por URL: [Insecticidas y Control de Plagas] Detergente en Cápsula -> https://super.lider.cl/browse/limpieza-y-aseo/detergentes/detergente-en-capsula/43390617_23557375_92226884
[DEBUG] Subcategoría duplicada omitida por URL: [Insecticidas y Control de Plagas] Suavizante -> https://super.lider.cl/browse/limpieza-y-aseo/detergentes/suavizante/43390617_23557375_40368870
[DEBUG] Subcategoría duplicada omitida por URL: [Insecticidas y Control de Plagas] Tratamiento Ropa -> https://super.lider.cl/browse/limpieza-y-aseo/detergentes/tratamiento-ropa/43390617_23557375_18992759
[DEBUG] Subcategoría duplicada omitida por URL: [Insecticidas y Control de Plagas] Jabon para Ropa -> https://super.lider.cl/browse/limpieza-y-aseo/detergentes/jabon-para-ropa/43390617_23557375_49917328
[DEBUG] Subcategoría duplicada omitida por URL: [Insecticidas y Control de Plagas] Lavaloza y Lavavajilla -> https://super.lider.cl/browse/limpieza-y-aseo/bano-y-cocina/lavaloza-y-lavavajilla/43390617_15090475_36157836
[DEBUG] Subcategoría duplicada omitida por URL: [Insecticidas y Control de Plagas] Limpiador Cocina -> https://super.lider.cl/browse/limpieza-y-aseo/bano-y-cocina/limpiador-cocina/43390617_15090475_39786712
[DEBUG] Subcategoría duplicada omitida por URL: [Insecticidas y Control de Plagas] Limpia Vidrios -> https://super.lider.cl/browse/limpieza-y-aseo/bano-y-cocina/limpia-vidrios/43390617_15090475_67480208
[DEBUG] Subcategoría duplicada omitida por URL: [Insecticidas y Control de Plagas] Limpiador Baño -> https://super.lider.cl/browse/limpieza-y-aseo/bano-y-cocina/limpiador-bano/43390617_15090475_34489704
[DEBUG] Subcategoría duplicada omitida por URL: [Insecticidas y Control de Plagas] Limpiador Multiuso -> https://super.lider.cl/browse/limpieza-y-aseo/bano-y-cocina/limpiador-multiuso/43390617_15090475_93979207
[DEBUG] Subcategoría duplicada omitida por URL: [Insecticidas y Control de Plagas] Accesorios Cocina -> https://super.lider.cl/browse/limpieza-y-aseo/bano-y-cocina/accesorios-cocina/43390617_15090475_61006974
[DEBUG] Subcategoría duplicada omitida por URL: [Insecticidas y Control de Plagas] Accesorios Baño -> https://super.lider.cl/browse/limpieza-y-aseo/bano-y-cocina/accesorios-bano/43390617_15090475_80332378
[DEBUG] Subcategoría duplicada omitida por URL: [Insecticidas y Control de Plagas] Limpiador Pisos -> https://super.lider.cl/browse/limpieza-y-aseo/pisos-y-muebles/limpiador-pisos/43390617_45008163_42399561
[DEBUG] Subcategoría duplicada omitida por URL: [Insecticidas y Control de Plagas] Piso Flotante -> https://super.lider.cl/browse/limpieza-y-aseo/pisos-y-muebles/piso-flotante/43390617_45008163_27298233
[DEBUG] Subcategoría duplicada omitida por URL: [Insecticidas y Control de Plagas] Cera y Virutilla -> https://super.lider.cl/browse/limpieza-y-aseo/pisos-y-muebles/cera-y-virutilla/43390617_45008163_83369891
[DEBUG] Subcategoría duplicada omitida por URL: [Insecticidas y Control de Plagas] Lustramuebles -> https://super.lider.cl/browse/limpieza-y-aseo/pisos-y-muebles/lustramuebles/43390617_45008163_50204094
[DEBUG] Subcategoría duplicada omitida por URL: [Insecticidas y Control de Plagas] Papel Higiénico -> https://super.lider.cl/browse/limpieza-y-aseo/papeles/papel-higienico/43390617_72719306_32418994
[DEBUG] Subcategoría duplicada omitida por URL: [Insecticidas y Control de Plagas] Toalla Papel -> https://super.lider.cl/browse/limpieza-y-aseo/papeles/toalla-papel/43390617_72719306_42198737
[DEBUG] Subcategoría duplicada omitida por URL: [Insecticidas y Control de Plagas] Papeles para Cocinar -> https://super.lider.cl/browse/limpieza-y-aseo/papeles/papeles-para-cocinar/43390617_72719306_58991757
[DEBUG] Subcategoría duplicada omitida por URL: [Insecticidas y Control de Plagas] Servilletas -> https://super.lider.cl/browse/limpieza-y-aseo/papeles/servilletas/43390617_72719306_16166608
[DEBUG] Subcategoría duplicada omitida por URL: [Insecticidas y Control de Plagas] Pañuelos -> https://super.lider.cl/browse/limpieza-y-aseo/papeles/panuelos/43390617_72719306_85239901
[DEBUG] Subcategoría duplicada omitida por URL: [Insecticidas y Control de Plagas] Aerosoles Desinfectantes -> https://super.lider.cl/browse/limpieza-y-aseo/desinfeccion/aerosoles-desinfectantes/43390617_57052803_75614758
[DEBUG] Subcategoría duplicada omitida por URL: [Insecticidas y Control de Plagas] Cloro -> https://super.lider.cl/browse/limpieza-y-aseo/desinfeccion/cloro/43390617_57052803_94265323
[DEBUG] Subcategoría duplicada omitida por URL: [Insecticidas y Control de Plagas] Toalla Húmedas Desinfectantes -> https://super.lider.cl/browse/limpieza-y-aseo/desinfeccion/toalla-humedas-desinfectantes/43390617_57052803_21008325
[DEBUG] Subcategoría duplicada omitida por URL: [Insecticidas y Control de Plagas] Cuidado Calzado -> https://super.lider.cl/browse/limpieza-y-aseo/accesorios-aseo/cuidado-calzado/43390617_61764352_99985610
[DEBUG] Subcategoría duplicada omitida por URL: [Insecticidas y Control de Plagas] Bolsas de Basura -> https://super.lider.cl/browse/limpieza-y-aseo/accesorios-aseo/bolsas-de-basura/43390617_61764352_96987954
[DEBUG] Subcategoría duplicada omitida por URL: [Insecticidas y Control de Plagas] Bolsas Multiuso -> https://super.lider.cl/browse/limpieza-y-aseo/accesorios-aseo/bolsas-multiuso/43390617_61764352_28382301
[DEBUG] Subcategoría duplicada omitida por URL: [Insecticidas y Control de Plagas] Envoltorios -> https://super.lider.cl/browse/limpieza-y-aseo/accesorios-aseo/envoltorios/43390617_61764352_17486012
[DEBUG] Subcategoría duplicada omitida por URL: [Insecticidas y Control de Plagas] Paños y Mopas -> https://super.lider.cl/browse/limpieza-y-aseo/accesorios-aseo/panos-y-mopas/43390617_61764352_82535168
[DEBUG] Subcategoría duplicada omitida por URL: [Insecticidas y Control de Plagas] Esponjas y Guantes -> https://super.lider.cl/browse/limpieza-y-aseo/accesorios-aseo/esponjas-y-guantes/43390617_61764352_18064860
[DEBUG] Subcategoría duplicada omitida por URL: [Insecticidas y Control de Plagas] Escobillones y Palas -> https://super.lider.cl/browse/limpieza-y-aseo/accesorios-aseo/escobillones-y-palas/43390617_61764352_74663905
[DEBUG] Subcategoría duplicada omitida por URL: [Insecticidas y Control de Plagas] Fósforos -> https://super.lider.cl/browse/limpieza-y-aseo/accesorios-aseo/fosforos/43390617_61764352_97864899
[DEBUG] Subcategoría duplicada omitida por URL: [Insecticidas y Control de Plagas] Ambientador Aerosol -> https://super.lider.cl/browse/limpieza-y-aseo/ambientadores/ambientador-aerosol/43390617_32024397_64693597
[DEBUG] Subcategoría duplicada omitida por URL: [Insecticidas y Control de Plagas] Ambientadores Automáticos -> https://super.lider.cl/browse/limpieza-y-aseo/ambientadores/ambientadores-automaticos/43390617_32024397_27006928
[DEBUG] Subcategoría duplicada omitida por URL: [Insecticidas y Control de Plagas] Ambientadores Eléctricos -> https://super.lider.cl/browse/limpieza-y-aseo/ambientadores/ambientadores-electricos/43390617_32024397_73401333
[DEBUG] Subcategoría duplicada omitida por URL: [Insecticidas y Control de Plagas] Ambientadores Gel -> https://super.lider.cl/browse/limpieza-y-aseo/ambientadores/ambientadores-gel/43390617_32024397_40226375
[DEBUG] Subcategoría duplicada omitida por URL: [Insecticidas y Control de Plagas] Ambientadores Toque -> https://super.lider.cl/browse/limpieza-y-aseo/ambientadores/ambientadores-toque/43390617_32024397_60978553
[DEBUG] Subcategoría duplicada omitida por URL: [Insecticidas y Control de Plagas] Desinfectantes Aerosol -> https://super.lider.cl/browse/limpieza-y-aseo/ambientadores/desinfectantes-aerosol/43390617_32024397_84244549
[DEBUG] Subcategoría duplicada omitida por URL: [Insecticidas y Control de Plagas] Moscas Zancudos y Polillas -> https://super.lider.cl/browse/limpieza-y-aseo/insecticidas-y-control-de-plagas/moscas-zancudos-y-polillas/43390617_74938748_17176175
[DEBUG] Subcategoría duplicada omitida por URL: [Insecticidas y Control de Plagas] Arañas y Baratas -> https://super.lider.cl/browse/limpieza-y-aseo/insecticidas-y-control-de-plagas/aranas-y-baratas/43390617_74938748_56928756
[DEBUG] Subcategoría duplicada omitida por URL: [Insecticidas y Control de Plagas] Hormigas Pulgas y Garrapatas -> https://super.lider.cl/browse/limpieza-y-aseo/insecticidas-y-control-de-plagas/hormigas-pulgas-y-garrapatas/43390617_74938748_51106271
[DEBUG] Subcategoría duplicada omitida por URL: [Insecticidas y Control de Plagas] Multi Propósitos -> https://super.lider.cl/browse/limpieza-y-aseo/insecticidas-y-control-de-plagas/multi-propositos/43390617_74938748_30330050
[DEBUG] Subcategoría duplicada omitida por URL: [Insecticidas y Control de Plagas] Eléctricos y Tabletas -> https://super.lider.cl/browse/limpieza-y-aseo/insecticidas-y-control-de-plagas/electricos-y-tabletas/43390617_74938748_62241924
[DEBUG] Subcategoría duplicada omitida por URL: [Insecticidas y Control de Plagas] Raticidas -> https://super.lider.cl/browse/limpieza-y-aseo/insecticidas-y-control-de-plagas/raticidas/43390617_74938748_97570812
[DEBUG] Subcategoría duplicada omitida por URL: [Insecticidas y Control de Plagas] Repelentes -> https://super.lider.cl/browse/limpieza-y-aseo/insecticidas-y-control-de-plagas/repelentes/43390617_74938748_38550225
[DEBUG] Subcategoría duplicada omitida por URL: [Insecticidas y Control de Plagas] Ambientales -> https://super.lider.cl/browse/limpieza-y-aseo/mas-sustentables/ambientales/43390617_56006489_11446605
[DEBUG] Subcategoría duplicada omitida por URL: [Insecticidas y Control de Plagas] Bolsas y Envoltorios -> https://super.lider.cl/browse/limpieza-y-aseo/mas-sustentables/bolsas-y-envoltorios/43390617_56006489_58661930
[DEBUG] Subcategoría duplicada omitida por URL: [Insecticidas y Control de Plagas] Detergentes y Suavizantes -> https://super.lider.cl/browse/limpieza-y-aseo/mas-sustentables/detergentes-y-suavizantes/43390617_56006489_93405033
[DEBUG] Subcategoría duplicada omitida por URL: [Insecticidas y Control de Plagas] Limpiadores hogar -> https://super.lider.cl/browse/limpieza-y-aseo/mas-sustentables/limpiadores-hogar/43390617_56006489_96809231
[DEBUG] Subcategoría duplicada omitida por URL: [Insecticidas y Control de Plagas] Limpiadores Piso -> https://super.lider.cl/browse/limpieza-y-aseo/mas-sustentables/limpiadores-piso/43390617_56006489_27078207
[DEBUG] Subcategoría duplicada omitida por URL: [Insecticidas y Control de Plagas] Papeles -> https://super.lider.cl/browse/limpieza-y-aseo/mas-sustentables/papeles/43390617_56006489_72633958
[DEBUG] Subcategoría duplicada omitida por URL: [Insecticidas y Control de Plagas] Limpieza y Desinfección -> https://super.lider.cl/browse/limpieza-y-aseo/mascotas-en-casa/limpieza-y-desinfeccion/43390617_43573441_61734328
[DEBUG] Subcategoría duplicada omitida por URL: [Insecticidas y Control de Plagas] Bolsas -> https://super.lider.cl/browse/limpieza-y-aseo/mascotas-en-casa/bolsas/43390617_43573441_01814928
[DEBUG] Subcategoría duplicada omitida por URL: [Insecticidas y Control de Plagas] Accesorios -> https://super.lider.cl/browse/limpieza-y-aseo/mascotas-en-casa/accesorios/43390617_43573441_34383398
[DEBUG] Subcategoría duplicada omitida por URL: [Más Sustentables] Detergente Líquido -> https://super.lider.cl/browse/limpieza-y-aseo/detergentes/detergente-liquido/43390617_23557375_37826208
[DEBUG] Subcategoría duplicada omitida por URL: [Más Sustentables] Detergente en Polvo -> https://super.lider.cl/browse/limpieza-y-aseo/detergentes/detergente-en-polvo/43390617_23557375_43087459
[DEBUG] Subcategoría duplicada omitida por URL: [Más Sustentables] Detergente en Cápsula -> https://super.lider.cl/browse/limpieza-y-aseo/detergentes/detergente-en-capsula/43390617_23557375_92226884
[DEBUG] Subcategoría duplicada omitida por URL: [Más Sustentables] Suavizante -> https://super.lider.cl/browse/limpieza-y-aseo/detergentes/suavizante/43390617_23557375_40368870
[DEBUG] Subcategoría duplicada omitida por URL: [Más Sustentables] Tratamiento Ropa -> https://super.lider.cl/browse/limpieza-y-aseo/detergentes/tratamiento-ropa/43390617_23557375_18992759
[DEBUG] Subcategoría duplicada omitida por URL: [Más Sustentables] Jabon para Ropa -> https://super.lider.cl/browse/limpieza-y-aseo/detergentes/jabon-para-ropa/43390617_23557375_49917328
[DEBUG] Subcategoría duplicada omitida por URL: [Más Sustentables] Lavaloza y Lavavajilla -> https://super.lider.cl/browse/limpieza-y-aseo/bano-y-cocina/lavaloza-y-lavavajilla/43390617_15090475_36157836
[DEBUG] Subcategoría duplicada omitida por URL: [Más Sustentables] Limpiador Cocina -> https://super.lider.cl/browse/limpieza-y-aseo/bano-y-cocina/limpiador-cocina/43390617_15090475_39786712
[DEBUG] Subcategoría duplicada omitida por URL: [Más Sustentables] Limpia Vidrios -> https://super.lider.cl/browse/limpieza-y-aseo/bano-y-cocina/limpia-vidrios/43390617_15090475_67480208
[DEBUG] Subcategoría duplicada omitida por URL: [Más Sustentables] Limpiador Baño -> https://super.lider.cl/browse/limpieza-y-aseo/bano-y-cocina/limpiador-bano/43390617_15090475_34489704
[DEBUG] Subcategoría duplicada omitida por URL: [Más Sustentables] Limpiador Multiuso -> https://super.lider.cl/browse/limpieza-y-aseo/bano-y-cocina/limpiador-multiuso/43390617_15090475_93979207
[DEBUG] Subcategoría duplicada omitida por URL: [Más Sustentables] Accesorios Cocina -> https://super.lider.cl/browse/limpieza-y-aseo/bano-y-cocina/accesorios-cocina/43390617_15090475_61006974
[DEBUG] Subcategoría duplicada omitida por URL: [Más Sustentables] Accesorios Baño -> https://super.lider.cl/browse/limpieza-y-aseo/bano-y-cocina/accesorios-bano/43390617_15090475_80332378
[DEBUG] Subcategoría duplicada omitida por URL: [Más Sustentables] Limpiador Pisos -> https://super.lider.cl/browse/limpieza-y-aseo/pisos-y-muebles/limpiador-pisos/43390617_45008163_42399561
[DEBUG] Subcategoría duplicada omitida por URL: [Más Sustentables] Piso Flotante -> https://super.lider.cl/browse/limpieza-y-aseo/pisos-y-muebles/piso-flotante/43390617_45008163_27298233
[DEBUG] Subcategoría duplicada omitida por URL: [Más Sustentables] Cera y Virutilla -> https://super.lider.cl/browse/limpieza-y-aseo/pisos-y-muebles/cera-y-virutilla/43390617_45008163_83369891
[DEBUG] Subcategoría duplicada omitida por URL: [Más Sustentables] Lustramuebles -> https://super.lider.cl/browse/limpieza-y-aseo/pisos-y-muebles/lustramuebles/43390617_45008163_50204094
[DEBUG] Subcategoría duplicada omitida por URL: [Más Sustentables] Papel Higiénico -> https://super.lider.cl/browse/limpieza-y-aseo/papeles/papel-higienico/43390617_72719306_32418994
[DEBUG] Subcategoría duplicada omitida por URL: [Más Sustentables] Toalla Papel -> https://super.lider.cl/browse/limpieza-y-aseo/papeles/toalla-papel/43390617_72719306_42198737
[DEBUG] Subcategoría duplicada omitida por URL: [Más Sustentables] Papeles para Cocinar -> https://super.lider.cl/browse/limpieza-y-aseo/papeles/papeles-para-cocinar/43390617_72719306_58991757
[DEBUG] Subcategoría duplicada omitida por URL: [Más Sustentables] Servilletas -> https://super.lider.cl/browse/limpieza-y-aseo/papeles/servilletas/43390617_72719306_16166608
[DEBUG] Subcategoría duplicada omitida por URL: [Más Sustentables] Pañuelos -> https://super.lider.cl/browse/limpieza-y-aseo/papeles/panuelos/43390617_72719306_85239901
[DEBUG] Subcategoría duplicada omitida por URL: [Más Sustentables] Aerosoles Desinfectantes -> https://super.lider.cl/browse/limpieza-y-aseo/desinfeccion/aerosoles-desinfectantes/43390617_57052803_75614758
[DEBUG] Subcategoría duplicada omitida por URL: [Más Sustentables] Cloro -> https://super.lider.cl/browse/limpieza-y-aseo/desinfeccion/cloro/43390617_57052803_94265323
[DEBUG] Subcategoría duplicada omitida por URL: [Más Sustentables] Toalla Húmedas Desinfectantes -> https://super.lider.cl/browse/limpieza-y-aseo/desinfeccion/toalla-humedas-desinfectantes/43390617_57052803_21008325
[DEBUG] Subcategoría duplicada omitida por URL: [Más Sustentables] Cuidado Calzado -> https://super.lider.cl/browse/limpieza-y-aseo/accesorios-aseo/cuidado-calzado/43390617_61764352_99985610
[DEBUG] Subcategoría duplicada omitida por URL: [Más Sustentables] Bolsas de Basura -> https://super.lider.cl/browse/limpieza-y-aseo/accesorios-aseo/bolsas-de-basura/43390617_61764352_96987954
[DEBUG] Subcategoría duplicada omitida por URL: [Más Sustentables] Bolsas Multiuso -> https://super.lider.cl/browse/limpieza-y-aseo/accesorios-aseo/bolsas-multiuso/43390617_61764352_28382301
[DEBUG] Subcategoría duplicada omitida por URL: [Más Sustentables] Envoltorios -> https://super.lider.cl/browse/limpieza-y-aseo/accesorios-aseo/envoltorios/43390617_61764352_17486012
[DEBUG] Subcategoría duplicada omitida por URL: [Más Sustentables] Paños y Mopas -> https://super.lider.cl/browse/limpieza-y-aseo/accesorios-aseo/panos-y-mopas/43390617_61764352_82535168
[DEBUG] Subcategoría duplicada omitida por URL: [Más Sustentables] Esponjas y Guantes -> https://super.lider.cl/browse/limpieza-y-aseo/accesorios-aseo/esponjas-y-guantes/43390617_61764352_18064860
[DEBUG] Subcategoría duplicada omitida por URL: [Más Sustentables] Escobillones y Palas -> https://super.lider.cl/browse/limpieza-y-aseo/accesorios-aseo/escobillones-y-palas/43390617_61764352_74663905
[DEBUG] Subcategoría duplicada omitida por URL: [Más Sustentables] Fósforos -> https://super.lider.cl/browse/limpieza-y-aseo/accesorios-aseo/fosforos/43390617_61764352_97864899
[DEBUG] Subcategoría duplicada omitida por URL: [Más Sustentables] Ambientador Aerosol -> https://super.lider.cl/browse/limpieza-y-aseo/ambientadores/ambientador-aerosol/43390617_32024397_64693597
[DEBUG] Subcategoría duplicada omitida por URL: [Más Sustentables] Ambientadores Automáticos -> https://super.lider.cl/browse/limpieza-y-aseo/ambientadores/ambientadores-automaticos/43390617_32024397_27006928
[DEBUG] Subcategoría duplicada omitida por URL: [Más Sustentables] Ambientadores Eléctricos -> https://super.lider.cl/browse/limpieza-y-aseo/ambientadores/ambientadores-electricos/43390617_32024397_73401333
[DEBUG] Subcategoría duplicada omitida por URL: [Más Sustentables] Ambientadores Gel -> https://super.lider.cl/browse/limpieza-y-aseo/ambientadores/ambientadores-gel/43390617_32024397_40226375
[DEBUG] Subcategoría duplicada omitida por URL: [Más Sustentables] Ambientadores Toque -> https://super.lider.cl/browse/limpieza-y-aseo/ambientadores/ambientadores-toque/43390617_32024397_60978553
[DEBUG] Subcategoría duplicada omitida por URL: [Más Sustentables] Desinfectantes Aerosol -> https://super.lider.cl/browse/limpieza-y-aseo/ambientadores/desinfectantes-aerosol/43390617_32024397_84244549
[DEBUG] Subcategoría duplicada omitida por URL: [Más Sustentables] Moscas Zancudos y Polillas -> https://super.lider.cl/browse/limpieza-y-aseo/insecticidas-y-control-de-plagas/moscas-zancudos-y-polillas/43390617_74938748_17176175
[DEBUG] Subcategoría duplicada omitida por URL: [Más Sustentables] Arañas y Baratas -> https://super.lider.cl/browse/limpieza-y-aseo/insecticidas-y-control-de-plagas/aranas-y-baratas/43390617_74938748_56928756
[DEBUG] Subcategoría duplicada omitida por URL: [Más Sustentables] Hormigas Pulgas y Garrapatas -> https://super.lider.cl/browse/limpieza-y-aseo/insecticidas-y-control-de-plagas/hormigas-pulgas-y-garrapatas/43390617_74938748_51106271
[DEBUG] Subcategoría duplicada omitida por URL: [Más Sustentables] Multi Propósitos -> https://super.lider.cl/browse/limpieza-y-aseo/insecticidas-y-control-de-plagas/multi-propositos/43390617_74938748_30330050
[DEBUG] Subcategoría duplicada omitida por URL: [Más Sustentables] Eléctricos y Tabletas -> https://super.lider.cl/browse/limpieza-y-aseo/insecticidas-y-control-de-plagas/electricos-y-tabletas/43390617_74938748_62241924
[DEBUG] Subcategoría duplicada omitida por URL: [Más Sustentables] Raticidas -> https://super.lider.cl/browse/limpieza-y-aseo/insecticidas-y-control-de-plagas/raticidas/43390617_74938748_97570812
[DEBUG] Subcategoría duplicada omitida por URL: [Más Sustentables] Repelentes -> https://super.lider.cl/browse/limpieza-y-aseo/insecticidas-y-control-de-plagas/repelentes/43390617_74938748_38550225
[DEBUG] Subcategoría duplicada omitida por URL: [Más Sustentables] Ambientales -> https://super.lider.cl/browse/limpieza-y-aseo/mas-sustentables/ambientales/43390617_56006489_11446605
[DEBUG] Subcategoría duplicada omitida por URL: [Más Sustentables] Bolsas y Envoltorios -> https://super.lider.cl/browse/limpieza-y-aseo/mas-sustentables/bolsas-y-envoltorios/43390617_56006489_58661930
[DEBUG] Subcategoría duplicada omitida por URL: [Más Sustentables] Detergentes y Suavizantes -> https://super.lider.cl/browse/limpieza-y-aseo/mas-sustentables/detergentes-y-suavizantes/43390617_56006489_93405033
[DEBUG] Subcategoría duplicada omitida por URL: [Más Sustentables] Limpiadores hogar -> https://super.lider.cl/browse/limpieza-y-aseo/mas-sustentables/limpiadores-hogar/43390617_56006489_96809231
[DEBUG] Subcategoría duplicada omitida por URL: [Más Sustentables] Limpiadores Piso -> https://super.lider.cl/browse/limpieza-y-aseo/mas-sustentables/limpiadores-piso/43390617_56006489_27078207
[DEBUG] Subcategoría duplicada omitida por URL: [Más Sustentables] Papeles -> https://super.lider.cl/browse/limpieza-y-aseo/mas-sustentables/papeles/43390617_56006489_72633958
[DEBUG] Subcategoría duplicada omitida por URL: [Más Sustentables] Limpieza y Desinfección -> https://super.lider.cl/browse/limpieza-y-aseo/mascotas-en-casa/limpieza-y-desinfeccion/43390617_43573441_61734328
[DEBUG] Subcategoría duplicada omitida por URL: [Más Sustentables] Bolsas -> https://super.lider.cl/browse/limpieza-y-aseo/mascotas-en-casa/bolsas/43390617_43573441_01814928
[DEBUG] Subcategoría duplicada omitida por URL: [Más Sustentables] Accesorios -> https://super.lider.cl/browse/limpieza-y-aseo/mascotas-en-casa/accesorios/43390617_43573441_34383398
[DEBUG] Subcategoría duplicada omitida por URL: [Mascotas en Casa] Detergente Líquido -> https://super.lider.cl/browse/limpieza-y-aseo/detergentes/detergente-liquido/43390617_23557375_37826208
[DEBUG] Subcategoría duplicada omitida por URL: [Mascotas en Casa] Detergente en Polvo -> https://super.lider.cl/browse/limpieza-y-aseo/detergentes/detergente-en-polvo/43390617_23557375_43087459
[DEBUG] Subcategoría duplicada omitida por URL: [Mascotas en Casa] Detergente en Cápsula -> https://super.lider.cl/browse/limpieza-y-aseo/detergentes/detergente-en-capsula/43390617_23557375_92226884
[DEBUG] Subcategoría duplicada omitida por URL: [Mascotas en Casa] Suavizante -> https://super.lider.cl/browse/limpieza-y-aseo/detergentes/suavizante/43390617_23557375_40368870
[DEBUG] Subcategoría duplicada omitida por URL: [Mascotas en Casa] Tratamiento Ropa -> https://super.lider.cl/browse/limpieza-y-aseo/detergentes/tratamiento-ropa/43390617_23557375_18992759
[DEBUG] Subcategoría duplicada omitida por URL: [Mascotas en Casa] Jabon para Ropa -> https://super.lider.cl/browse/limpieza-y-aseo/detergentes/jabon-para-ropa/43390617_23557375_49917328
[DEBUG] Subcategoría duplicada omitida por URL: [Mascotas en Casa] Lavaloza y Lavavajilla -> https://super.lider.cl/browse/limpieza-y-aseo/bano-y-cocina/lavaloza-y-lavavajilla/43390617_15090475_36157836
[DEBUG] Subcategoría duplicada omitida por URL: [Mascotas en Casa] Limpiador Cocina -> https://super.lider.cl/browse/limpieza-y-aseo/bano-y-cocina/limpiador-cocina/43390617_15090475_39786712
[DEBUG] Subcategoría duplicada omitida por URL: [Mascotas en Casa] Limpia Vidrios -> https://super.lider.cl/browse/limpieza-y-aseo/bano-y-cocina/limpia-vidrios/43390617_15090475_67480208
[DEBUG] Subcategoría duplicada omitida por URL: [Mascotas en Casa] Limpiador Baño -> https://super.lider.cl/browse/limpieza-y-aseo/bano-y-cocina/limpiador-bano/43390617_15090475_34489704
[DEBUG] Subcategoría duplicada omitida por URL: [Mascotas en Casa] Limpiador Multiuso -> https://super.lider.cl/browse/limpieza-y-aseo/bano-y-cocina/limpiador-multiuso/43390617_15090475_93979207
[DEBUG] Subcategoría duplicada omitida por URL: [Mascotas en Casa] Accesorios Cocina -> https://super.lider.cl/browse/limpieza-y-aseo/bano-y-cocina/accesorios-cocina/43390617_15090475_61006974
[DEBUG] Subcategoría duplicada omitida por URL: [Mascotas en Casa] Accesorios Baño -> https://super.lider.cl/browse/limpieza-y-aseo/bano-y-cocina/accesorios-bano/43390617_15090475_80332378
[DEBUG] Subcategoría duplicada omitida por URL: [Mascotas en Casa] Limpiador Pisos -> https://super.lider.cl/browse/limpieza-y-aseo/pisos-y-muebles/limpiador-pisos/43390617_45008163_42399561
[DEBUG] Subcategoría duplicada omitida por URL: [Mascotas en Casa] Piso Flotante -> https://super.lider.cl/browse/limpieza-y-aseo/pisos-y-muebles/piso-flotante/43390617_45008163_27298233
[DEBUG] Subcategoría duplicada omitida por URL: [Mascotas en Casa] Cera y Virutilla -> https://super.lider.cl/browse/limpieza-y-aseo/pisos-y-muebles/cera-y-virutilla/43390617_45008163_83369891
[DEBUG] Subcategoría duplicada omitida por URL: [Mascotas en Casa] Lustramuebles -> https://super.lider.cl/browse/limpieza-y-aseo/pisos-y-muebles/lustramuebles/43390617_45008163_50204094
[DEBUG] Subcategoría duplicada omitida por URL: [Mascotas en Casa] Papel Higiénico -> https://super.lider.cl/browse/limpieza-y-aseo/papeles/papel-higienico/43390617_72719306_32418994
[DEBUG] Subcategoría duplicada omitida por URL: [Mascotas en Casa] Toalla Papel -> https://super.lider.cl/browse/limpieza-y-aseo/papeles/toalla-papel/43390617_72719306_42198737
[DEBUG] Subcategoría duplicada omitida por URL: [Mascotas en Casa] Papeles para Cocinar -> https://super.lider.cl/browse/limpieza-y-aseo/papeles/papeles-para-cocinar/43390617_72719306_58991757
[DEBUG] Subcategoría duplicada omitida por URL: [Mascotas en Casa] Servilletas -> https://super.lider.cl/browse/limpieza-y-aseo/papeles/servilletas/43390617_72719306_16166608
[DEBUG] Subcategoría duplicada omitida por URL: [Mascotas en Casa] Pañuelos -> https://super.lider.cl/browse/limpieza-y-aseo/papeles/panuelos/43390617_72719306_85239901
[DEBUG] Subcategoría duplicada omitida por URL: [Mascotas en Casa] Aerosoles Desinfectantes -> https://super.lider.cl/browse/limpieza-y-aseo/desinfeccion/aerosoles-desinfectantes/43390617_57052803_75614758
[DEBUG] Subcategoría duplicada omitida por URL: [Mascotas en Casa] Cloro -> https://super.lider.cl/browse/limpieza-y-aseo/desinfeccion/cloro/43390617_57052803_94265323
[DEBUG] Subcategoría duplicada omitida por URL: [Mascotas en Casa] Toalla Húmedas Desinfectantes -> https://super.lider.cl/browse/limpieza-y-aseo/desinfeccion/toalla-humedas-desinfectantes/43390617_57052803_21008325
[DEBUG] Subcategoría duplicada omitida por URL: [Mascotas en Casa] Cuidado Calzado -> https://super.lider.cl/browse/limpieza-y-aseo/accesorios-aseo/cuidado-calzado/43390617_61764352_99985610
[DEBUG] Subcategoría duplicada omitida por URL: [Mascotas en Casa] Bolsas de Basura -> https://super.lider.cl/browse/limpieza-y-aseo/accesorios-aseo/bolsas-de-basura/43390617_61764352_96987954
[DEBUG] Subcategoría duplicada omitida por URL: [Mascotas en Casa] Bolsas Multiuso -> https://super.lider.cl/browse/limpieza-y-aseo/accesorios-aseo/bolsas-multiuso/43390617_61764352_28382301
[DEBUG] Subcategoría duplicada omitida por URL: [Mascotas en Casa] Envoltorios -> https://super.lider.cl/browse/limpieza-y-aseo/accesorios-aseo/envoltorios/43390617_61764352_17486012
[DEBUG] Subcategoría duplicada omitida por URL: [Mascotas en Casa] Paños y Mopas -> https://super.lider.cl/browse/limpieza-y-aseo/accesorios-aseo/panos-y-mopas/43390617_61764352_82535168
[DEBUG] Subcategoría duplicada omitida por URL: [Mascotas en Casa] Esponjas y Guantes -> https://super.lider.cl/browse/limpieza-y-aseo/accesorios-aseo/esponjas-y-guantes/43390617_61764352_18064860
[DEBUG] Subcategoría duplicada omitida por URL: [Mascotas en Casa] Escobillones y Palas -> https://super.lider.cl/browse/limpieza-y-aseo/accesorios-aseo/escobillones-y-palas/43390617_61764352_74663905
[DEBUG] Subcategoría duplicada omitida por URL: [Mascotas en Casa] Fósforos -> https://super.lider.cl/browse/limpieza-y-aseo/accesorios-aseo/fosforos/43390617_61764352_97864899
[DEBUG] Subcategoría duplicada omitida por URL: [Mascotas en Casa] Ambientador Aerosol -> https://super.lider.cl/browse/limpieza-y-aseo/ambientadores/ambientador-aerosol/43390617_32024397_64693597
[DEBUG] Subcategoría duplicada omitida por URL: [Mascotas en Casa] Ambientadores Automáticos -> https://super.lider.cl/browse/limpieza-y-aseo/ambientadores/ambientadores-automaticos/43390617_32024397_27006928
[DEBUG] Subcategoría duplicada omitida por URL: [Mascotas en Casa] Ambientadores Eléctricos -> https://super.lider.cl/browse/limpieza-y-aseo/ambientadores/ambientadores-electricos/43390617_32024397_73401333
[DEBUG] Subcategoría duplicada omitida por URL: [Mascotas en Casa] Ambientadores Gel -> https://super.lider.cl/browse/limpieza-y-aseo/ambientadores/ambientadores-gel/43390617_32024397_40226375
[DEBUG] Subcategoría duplicada omitida por URL: [Mascotas en Casa] Ambientadores Toque -> https://super.lider.cl/browse/limpieza-y-aseo/ambientadores/ambientadores-toque/43390617_32024397_60978553
[DEBUG] Subcategoría duplicada omitida por URL: [Mascotas en Casa] Desinfectantes Aerosol -> https://super.lider.cl/browse/limpieza-y-aseo/ambientadores/desinfectantes-aerosol/43390617_32024397_84244549
[DEBUG] Subcategoría duplicada omitida por URL: [Mascotas en Casa] Moscas Zancudos y Polillas -> https://super.lider.cl/browse/limpieza-y-aseo/insecticidas-y-control-de-plagas/moscas-zancudos-y-polillas/43390617_74938748_17176175
[DEBUG] Subcategoría duplicada omitida por URL: [Mascotas en Casa] Arañas y Baratas -> https://super.lider.cl/browse/limpieza-y-aseo/insecticidas-y-control-de-plagas/aranas-y-baratas/43390617_74938748_56928756
[DEBUG] Subcategoría duplicada omitida por URL: [Mascotas en Casa] Hormigas Pulgas y Garrapatas -> https://super.lider.cl/browse/limpieza-y-aseo/insecticidas-y-control-de-plagas/hormigas-pulgas-y-garrapatas/43390617_74938748_51106271
[DEBUG] Subcategoría duplicada omitida por URL: [Mascotas en Casa] Multi Propósitos -> https://super.lider.cl/browse/limpieza-y-aseo/insecticidas-y-control-de-plagas/multi-propositos/43390617_74938748_30330050
[DEBUG] Subcategoría duplicada omitida por URL: [Mascotas en Casa] Eléctricos y Tabletas -> https://super.lider.cl/browse/limpieza-y-aseo/insecticidas-y-control-de-plagas/electricos-y-tabletas/43390617_74938748_62241924
[DEBUG] Subcategoría duplicada omitida por URL: [Mascotas en Casa] Raticidas -> https://super.lider.cl/browse/limpieza-y-aseo/insecticidas-y-control-de-plagas/raticidas/43390617_74938748_97570812
[DEBUG] Subcategoría duplicada omitida por URL: [Mascotas en Casa] Repelentes -> https://super.lider.cl/browse/limpieza-y-aseo/insecticidas-y-control-de-plagas/repelentes/43390617_74938748_38550225
[DEBUG] Subcategoría duplicada omitida por URL: [Mascotas en Casa] Ambientales -> https://super.lider.cl/browse/limpieza-y-aseo/mas-sustentables/ambientales/43390617_56006489_11446605
[DEBUG] Subcategoría duplicada omitida por URL: [Mascotas en Casa] Bolsas y Envoltorios -> https://super.lider.cl/browse/limpieza-y-aseo/mas-sustentables/bolsas-y-envoltorios/43390617_56006489_58661930
[DEBUG] Subcategoría duplicada omitida por URL: [Mascotas en Casa] Detergentes y Suavizantes -> https://super.lider.cl/browse/limpieza-y-aseo/mas-sustentables/detergentes-y-suavizantes/43390617_56006489_93405033
[DEBUG] Subcategoría duplicada omitida por URL: [Mascotas en Casa] Limpiadores hogar -> https://super.lider.cl/browse/limpieza-y-aseo/mas-sustentables/limpiadores-hogar/43390617_56006489_96809231
[DEBUG] Subcategoría duplicada omitida por URL: [Mascotas en Casa] Limpiadores Piso -> https://super.lider.cl/browse/limpieza-y-aseo/mas-sustentables/limpiadores-piso/43390617_56006489_27078207
[DEBUG] Subcategoría duplicada omitida por URL: [Mascotas en Casa] Papeles -> https://super.lider.cl/browse/limpieza-y-aseo/mas-sustentables/papeles/43390617_56006489_72633958
[DEBUG] Subcategoría duplicada omitida por URL: [Mascotas en Casa] Limpieza y Desinfección -> https://super.lider.cl/browse/limpieza-y-aseo/mascotas-en-casa/limpieza-y-desinfeccion/43390617_43573441_61734328
[DEBUG] Subcategoría duplicada omitida por URL: [Mascotas en Casa] Bolsas -> https://super.lider.cl/browse/limpieza-y-aseo/mascotas-en-casa/bolsas/43390617_43573441_01814928
[DEBUG] Subcategoría duplicada omitida por URL: [Mascotas en Casa] Accesorios -> https://super.lider.cl/browse/limpieza-y-aseo/mascotas-en-casa/accesorios/43390617_43573441_34383398

[DEBUG] Subcategorías finales detectadas:
 - [Detergentes] Detergente Líquido -> https://super.lider.cl/browse/limpieza-y-aseo/detergentes/detergente-liquido/43390617_23557375_37826208
 - [Detergentes] Detergente en Polvo -> https://super.lider.cl/browse/limpieza-y-aseo/detergentes/detergente-en-polvo/43390617_23557375_43087459
 - [Detergentes] Detergente en Cápsula -> https://super.lider.cl/browse/limpieza-y-aseo/detergentes/detergente-en-capsula/43390617_23557375_92226884
 - [Detergentes] Suavizante -> https://super.lider.cl/browse/limpieza-y-aseo/detergentes/suavizante/43390617_23557375_40368870
 - [Detergentes] Tratamiento Ropa -> https://super.lider.cl/browse/limpieza-y-aseo/detergentes/tratamiento-ropa/43390617_23557375_18992759
 - [Detergentes] Jabon para Ropa -> https://super.lider.cl/browse/limpieza-y-aseo/detergentes/jabon-para-ropa/43390617_23557375_49917328
 - [Detergentes] Lavaloza y Lavavajilla -> https://super.lider.cl/browse/limpieza-y-aseo/bano-y-cocina/lavaloza-y-lavavajilla/43390617_15090475_36157836
 - [Detergentes] Limpiador Cocina -> https://super.lider.cl/browse/limpieza-y-aseo/bano-y-cocina/limpiador-cocina/43390617_15090475_39786712
 - [Detergentes] Limpia Vidrios -> https://super.lider.cl/browse/limpieza-y-aseo/bano-y-cocina/limpia-vidrios/43390617_15090475_67480208
 - [Detergentes] Limpiador Baño -> https://super.lider.cl/browse/limpieza-y-aseo/bano-y-cocina/limpiador-bano/43390617_15090475_34489704
 - [Detergentes] Limpiador Multiuso -> https://super.lider.cl/browse/limpieza-y-aseo/bano-y-cocina/limpiador-multiuso/43390617_15090475_93979207
 - [Detergentes] Accesorios Cocina -> https://super.lider.cl/browse/limpieza-y-aseo/bano-y-cocina/accesorios-cocina/43390617_15090475_61006974
 - [Detergentes] Accesorios Baño -> https://super.lider.cl/browse/limpieza-y-aseo/bano-y-cocina/accesorios-bano/43390617_15090475_80332378
 - [Detergentes] Limpiador Pisos -> https://super.lider.cl/browse/limpieza-y-aseo/pisos-y-muebles/limpiador-pisos/43390617_45008163_42399561
 - [Detergentes] Piso Flotante -> https://super.lider.cl/browse/limpieza-y-aseo/pisos-y-muebles/piso-flotante/43390617_45008163_27298233
 - [Detergentes] Cera y Virutilla -> https://super.lider.cl/browse/limpieza-y-aseo/pisos-y-muebles/cera-y-virutilla/43390617_45008163_83369891
 - [Detergentes] Lustramuebles -> https://super.lider.cl/browse/limpieza-y-aseo/pisos-y-muebles/lustramuebles/43390617_45008163_50204094
 - [Detergentes] Papel Higiénico -> https://super.lider.cl/browse/limpieza-y-aseo/papeles/papel-higienico/43390617_72719306_32418994
 - [Detergentes] Toalla Papel -> https://super.lider.cl/browse/limpieza-y-aseo/papeles/toalla-papel/43390617_72719306_42198737
 - [Detergentes] Papeles para Cocinar -> https://super.lider.cl/browse/limpieza-y-aseo/papeles/papeles-para-cocinar/43390617_72719306_58991757
 - [Detergentes] Servilletas -> https://super.lider.cl/browse/limpieza-y-aseo/papeles/servilletas/43390617_72719306_16166608
 - [Detergentes] Pañuelos -> https://super.lider.cl/browse/limpieza-y-aseo/papeles/panuelos/43390617_72719306_85239901
 - [Detergentes] Aerosoles Desinfectantes -> https://super.lider.cl/browse/limpieza-y-aseo/desinfeccion/aerosoles-desinfectantes/43390617_57052803_75614758
 - [Detergentes] Cloro -> https://super.lider.cl/browse/limpieza-y-aseo/desinfeccion/cloro/43390617_57052803_94265323
 - [Detergentes] Toalla Húmedas Desinfectantes -> https://super.lider.cl/browse/limpieza-y-aseo/desinfeccion/toalla-humedas-desinfectantes/43390617_57052803_21008325
 - [Detergentes] Cuidado Calzado -> https://super.lider.cl/browse/limpieza-y-aseo/accesorios-aseo/cuidado-calzado/43390617_61764352_99985610
 - [Detergentes] Bolsas de Basura -> https://super.lider.cl/browse/limpieza-y-aseo/accesorios-aseo/bolsas-de-basura/43390617_61764352_96987954
 - [Detergentes] Bolsas Multiuso -> https://super.lider.cl/browse/limpieza-y-aseo/accesorios-aseo/bolsas-multiuso/43390617_61764352_28382301
 - [Detergentes] Envoltorios -> https://super.lider.cl/browse/limpieza-y-aseo/accesorios-aseo/envoltorios/43390617_61764352_17486012
 - [Detergentes] Paños y Mopas -> https://super.lider.cl/browse/limpieza-y-aseo/accesorios-aseo/panos-y-mopas/43390617_61764352_82535168
 - [Detergentes] Esponjas y Guantes -> https://super.lider.cl/browse/limpieza-y-aseo/accesorios-aseo/esponjas-y-guantes/43390617_61764352_18064860
 - [Detergentes] Escobillones y Palas -> https://super.lider.cl/browse/limpieza-y-aseo/accesorios-aseo/escobillones-y-palas/43390617_61764352_74663905
 - [Detergentes] Fósforos -> https://super.lider.cl/browse/limpieza-y-aseo/accesorios-aseo/fosforos/43390617_61764352_97864899
 - [Detergentes] Ambientador Aerosol -> https://super.lider.cl/browse/limpieza-y-aseo/ambientadores/ambientador-aerosol/43390617_32024397_64693597
 - [Detergentes] Ambientadores Automáticos -> https://super.lider.cl/browse/limpieza-y-aseo/ambientadores/ambientadores-automaticos/43390617_32024397_27006928
 - [Detergentes] Ambientadores Eléctricos -> https://super.lider.cl/browse/limpieza-y-aseo/ambientadores/ambientadores-electricos/43390617_32024397_73401333
 - [Detergentes] Ambientadores Gel -> https://super.lider.cl/browse/limpieza-y-aseo/ambientadores/ambientadores-gel/43390617_32024397_40226375
 - [Detergentes] Ambientadores Toque -> https://super.lider.cl/browse/limpieza-y-aseo/ambientadores/ambientadores-toque/43390617_32024397_60978553
 - [Detergentes] Desinfectantes Aerosol -> https://super.lider.cl/browse/limpieza-y-aseo/ambientadores/desinfectantes-aerosol/43390617_32024397_84244549
 - [Detergentes] Moscas Zancudos y Polillas -> https://super.lider.cl/browse/limpieza-y-aseo/insecticidas-y-control-de-plagas/moscas-zancudos-y-polillas/43390617_74938748_17176175
 - [Detergentes] Arañas y Baratas -> https://super.lider.cl/browse/limpieza-y-aseo/insecticidas-y-control-de-plagas/aranas-y-baratas/43390617_74938748_56928756
 - [Detergentes] Hormigas Pulgas y Garrapatas -> https://super.lider.cl/browse/limpieza-y-aseo/insecticidas-y-control-de-plagas/hormigas-pulgas-y-garrapatas/43390617_74938748_51106271
 - [Detergentes] Multi Propósitos -> https://super.lider.cl/browse/limpieza-y-aseo/insecticidas-y-control-de-plagas/multi-propositos/43390617_74938748_30330050
 - [Detergentes] Eléctricos y Tabletas -> https://super.lider.cl/browse/limpieza-y-aseo/insecticidas-y-control-de-plagas/electricos-y-tabletas/43390617_74938748_62241924
 - [Detergentes] Raticidas -> https://super.lider.cl/browse/limpieza-y-aseo/insecticidas-y-control-de-plagas/raticidas/43390617_74938748_97570812
 - [Detergentes] Repelentes -> https://super.lider.cl/browse/limpieza-y-aseo/insecticidas-y-control-de-plagas/repelentes/43390617_74938748_38550225
 - [Detergentes] Ambientales -> https://super.lider.cl/browse/limpieza-y-aseo/mas-sustentables/ambientales/43390617_56006489_11446605
 - [Detergentes] Bolsas y Envoltorios -> https://super.lider.cl/browse/limpieza-y-aseo/mas-sustentables/bolsas-y-envoltorios/43390617_56006489_58661930
 - [Detergentes] Detergentes y Suavizantes -> https://super.lider.cl/browse/limpieza-y-aseo/mas-sustentables/detergentes-y-suavizantes/43390617_56006489_93405033
 - [Detergentes] Limpiadores hogar -> https://super.lider.cl/browse/limpieza-y-aseo/mas-sustentables/limpiadores-hogar/43390617_56006489_96809231
 - [Detergentes] Limpiadores Piso -> https://super.lider.cl/browse/limpieza-y-aseo/mas-sustentables/limpiadores-piso/43390617_56006489_27078207
 - [Detergentes] Papeles -> https://super.lider.cl/browse/limpieza-y-aseo/mas-sustentables/papeles/43390617_56006489_72633958
 - [Detergentes] Limpieza y Desinfección -> https://super.lider.cl/browse/limpieza-y-aseo/mascotas-en-casa/limpieza-y-desinfeccion/43390617_43573441_61734328
 - [Detergentes] Bolsas -> https://super.lider.cl/browse/limpieza-y-aseo/mascotas-en-casa/bolsas/43390617_43573441_01814928
 - [Detergentes] Accesorios -> https://super.lider.cl/browse/limpieza-y-aseo/mascotas-en-casa/accesorios/43390617_43573441_34383398

[1/55] Scrape: [Detergentes] Detergente Líquido

[2/55] Scrape: [Detergentes] Detergente en Polvo

[3/55] Scrape: [Detergentes] Detergente en Cápsula

[4/55] Scrape: [Detergentes] Suavizante
    page 1: procesando DOM [Detergentes > Detergente en Cápsula]
    page 1: procesando DOM [Detergentes > Suavizante]
    page 1: procesando DOM [Detergentes > Detergente en Polvo]
    page 1: procesando DOM [Detergentes > Detergente Líquido]
      scroll round 1: anchors_before=5, anchors_after=5, height_before=2055, height_after=2156
      scroll round 1: anchors_before=24, anchors_after=42, height_before=4487, height_after=6457
      scroll round 1: anchors_before=22, anchors_after=24, height_before=3968, height_after=4534
      scroll round 1: anchors_before=24, anchors_after=44, height_before=4627, height_after=6760
      scroll round 2: anchors_before=42, anchors_after=42, height_before=6457, height_after=6457
      scroll round 2: anchors_before=5, anchors_after=5, height_before=2156, height_after=2156
      scroll round 2: anchors_before=24, anchors_after=24, height_before=4534, height_after=4534
      scroll round 2: anchors_before=44, anchors_after=44, height_before=6760, height_after=6760
      scroll round 3: anchors_before=42, anchors_after=42, height_before=6457, height_after=6457
      scroll round 3: anchors_before=5, anchors_after=5, height_before=2156, height_after=2156
      scroll round 3: anchors_before=24, anchors_after=24, height_before=4534, height_after=4534
      scroll round 3: anchors_before=44, anchors_after=44, height_before=6760, height_after=6760
      scroll round 4: anchors_before=42, anchors_after=42, height_before=6457, height_after=6457
      DOM estabilizado tras 4 rondas de scroll
      scroll round 4: anchors_before=5, anchors_after=5, height_before=2156, height_after=2156
      DOM estabilizado tras 4 rondas de scroll
      scroll round 4: anchors_before=24, anchors_after=24, height_before=4534, height_after=4534
      DOM estabilizado tras 4 rondas de scroll
      scroll round 4: anchors_before=44, anchors_after=44, height_before=6760, height_after=6760
      DOM estabilizado tras 4 rondas de scroll
    page 1: visibles=42, nuevos=42, acumulados=42
    page 1: sample_skus=['00750043525997', '00750043516003', '00780500031944', '00780492028069', '00789115000097', '00750043520128', '00750633933264', '00780492028057']
    page 1: no se pudo avanzar al paginador siguiente
  productos acumulados subcategoría: 42

[5/55] Scrape: [Detergentes] Tratamiento Ropa
    page 1: visibles=5, nuevos=5, acumulados=5
    page 1: sample_skus=['00305994616013', '00600110622558', '00002080000002', '00003700000994', '00779113096331']
    page 1: visibles=22, nuevos=22, acumulados=22
    page 1: sample_skus=['00780500031354', '00780500032424', '00770262621868', '00750043525834', '00690208898226', '00690208898225', '00750043525418', '00780500031375']
    page 1: no se pudo avanzar al paginador siguiente
  productos acumulados subcategoría: 5

[6/55] Scrape: [Detergentes] Jabon para Ropa
    page 1: visibles=44, nuevos=44, acumulados=44
    page 1: sample_skus=['00780500032366', '00780460973050', '00780500032408', '00780500032448', '00690208898117', '00750043524407', '00779113000243', '00780504000555']
    page 1: procesando DOM [Detergentes > Tratamiento Ropa]
    page 2: procesando DOM [Detergentes > Detergente Líquido]
    page 1: procesando DOM [Detergentes > Jabon para Ropa]
    page 2: procesando DOM [Detergentes > Detergente en Polvo]
      scroll round 1: anchors_before=24, anchors_after=44, height_before=4590, height_after=6602
      scroll round 1: anchors_before=24, anchors_after=25, height_before=4703, height_after=4720
      scroll round 1: anchors_before=12, anchors_after=12, height_before=2542, height_after=2643
      scroll round 1: anchors_before=24, anchors_after=24, height_before=4534, height_after=4534
      scroll round 2: anchors_before=44, anchors_after=44, height_before=6602, height_after=6602
      scroll round 2: anchors_before=25, anchors_after=25, height_before=4720, height_after=4720
      scroll round 2: anchors_before=12, anchors_after=12, height_before=2643, height_after=2643
      scroll round 2: anchors_before=24, anchors_after=24, height_before=4534, height_after=4534
      scroll round 3: anchors_before=44, anchors_after=44, height_before=6602, height_after=6602
      scroll round 3: anchors_before=25, anchors_after=25, height_before=4720, height_after=4720
      scroll round 3: anchors_before=12, anchors_after=12, height_before=2643, height_after=2643
      scroll round 3: anchors_before=24, anchors_after=24, height_before=4534, height_after=4534
      scroll round 4: anchors_before=44, anchors_after=44, height_before=6602, height_after=6602
      DOM estabilizado tras 4 rondas de scroll
      scroll round 4: anchors_before=25, anchors_after=25, height_before=4720, height_after=4720
      DOM estabilizado tras 4 rondas de scroll
      scroll round 4: anchors_before=12, anchors_after=12, height_before=2643, height_after=2643
      DOM estabilizado tras 4 rondas de scroll
      scroll round 4: anchors_before=24, anchors_after=24, height_before=4534, height_after=4534
      DOM estabilizado tras 4 rondas de scroll
    page 1: visibles=44, nuevos=44, acumulados=44
    page 1: sample_skus=['00842082212195', '00400845542541', '00842082211390', '00770262621676', '00770262621675', '00506003382018', '00780502569374', '00780493001519']
    page 2: visibles=25, nuevos=25, acumulados=69
    page 2: sample_skus=['00003700050960', '00780500032437', '00690208897658', '00780492001534', '00780500032420', '00780493001419', '00779129000700', '00780500032370']
    page 2: no se pudo avanzar al paginador siguiente
  productos acumulados subcategoría: 69

[7/55] Scrape: [Detergentes] Lavaloza y Lavavajilla
    page 1: visibles=12, nuevos=12, acumulados=12
    page 1: sample_skus=['00780504500115', '00780504500106', '00789103504027', '00789103504019', '00780504500037', '00780504500108', '00750043518686', '00750043524361']
    page 1: no se pudo avanzar al paginador siguiente
  productos acumulados subcategoría: 12

[8/55] Scrape: [Detergentes] Limpiador Cocina
    page 2: visibles=22, nuevos=0, acumulados=22
    page 2: sample_skus=['00780500031354', '00780500032424', '00770262621868', '00750043525834', '00690208898226', '00690208898225', '00750043525418', '00780500031375']
    page 1: procesando DOM [Detergentes > Lavaloza y Lavavajilla]
    page 1: procesando DOM [Detergentes > Limpiador Cocina]
    page 3: procesando DOM [Detergentes > Detergente en Polvo]
    page 2: procesando DOM [Detergentes > Tratamiento Ropa]
      scroll round 1: anchors_before=24, anchors_after=44, height_before=4507, height_after=6606
      scroll round 1: anchors_before=20, anchors_after=20, height_before=3418, height_after=3519
      scroll round 1: anchors_before=24, anchors_after=24, height_before=4410, height_after=4410
      scroll round 1: anchors_before=44, anchors_after=44, height_before=6602, height_after=6602
      scroll round 2: anchors_before=44, anchors_after=44, height_before=6606, height_after=6606
      scroll round 2: anchors_before=20, anchors_after=20, height_before=3519, height_after=3519
      scroll round 2: anchors_before=24, anchors_after=24, height_before=4410, height_after=4410
      scroll round 2: anchors_before=44, anchors_after=44, height_before=6602, height_after=6602
      scroll round 3: anchors_before=44, anchors_after=44, height_before=6606, height_after=6606
      scroll round 3: anchors_before=20, anchors_after=20, height_before=3519, height_after=3519
      scroll round 3: anchors_before=24, anchors_after=24, height_before=4410, height_after=4410
      scroll round 3: anchors_before=44, anchors_after=44, height_before=6602, height_after=6602
      scroll round 4: anchors_before=44, anchors_after=44, height_before=6606, height_after=6606
      DOM estabilizado tras 4 rondas de scroll
      scroll round 4: anchors_before=20, anchors_after=20, height_before=3519, height_after=3519
      DOM estabilizado tras 4 rondas de scroll
    page 1: visibles=44, nuevos=44, acumulados=44
    page 1: sample_skus=['00780500032332', '00780492001048', '00780504000213', '00780500032354', '00780500032403', '00040005050307', '00779099000364', '00780492001049']
      scroll round 4: anchors_before=24, anchors_after=24, height_before=4410, height_after=4410
      DOM estabilizado tras 4 rondas de scroll
      scroll round 4: anchors_before=44, anchors_after=44, height_before=6602, height_after=6602
      DOM estabilizado tras 4 rondas de scroll
    page 1: visibles=20, nuevos=20, acumulados=20
    page 1: sample_skus=['00842082212192', '00779129078988', '00780460973038', '00780493001462', '00779129078987', '00780492001053', '00779052099889', '00842082211388']
    page 1: no se pudo avanzar al paginador siguiente
  productos acumulados subcategoría: 20

[9/55] Scrape: [Detergentes] Limpia Vidrios
    page 3: visibles=22, nuevos=0, acumulados=22
    page 3: sample_skus=['00780500031354', '00780500032424', '00770262621868', '00750043525834', '00690208898226', '00690208898225', '00750043525418', '00780500031375']
    stop: 2 páginas seguidas sin nuevos productos
  productos acumulados subcategoría: 22

[10/55] Scrape: [Detergentes] Limpiador Baño
    page 2: visibles=44, nuevos=0, acumulados=44
    page 2: sample_skus=['00842082212195', '00400845542541', '00842082211390', '00770262621676', '00770262621675', '00506003382018', '00780502569374', '00780493001519']
    page 2: procesando DOM [Detergentes > Lavaloza y Lavavajilla]
    page 1: procesando DOM [Detergentes > Limpia Vidrios]
      scroll round 1: anchors_before=12, anchors_after=12, height_before=2686, height_after=2686
    page 1: procesando DOM [Detergentes > Limpiador Baño]
    page 3: procesando DOM [Detergentes > Tratamiento Ropa]
      scroll round 1: anchors_before=19, anchors_after=19, height_before=3400, height_after=3501
      scroll round 2: anchors_before=12, anchors_after=12, height_before=2686, height_after=2686
      scroll round 1: anchors_before=24, anchors_after=44, height_before=4603, height_after=6656
      scroll round 1: anchors_before=44, anchors_after=44, height_before=6602, height_after=6602
      scroll round 2: anchors_before=19, anchors_after=19, height_before=3501, height_after=3501
      scroll round 2: anchors_before=44, anchors_after=44, height_before=6656, height_after=6656
      scroll round 3: anchors_before=12, anchors_after=12, height_before=2686, height_after=2686
      scroll round 2: anchors_before=44, anchors_after=44, height_before=6602, height_after=6602
      scroll round 3: anchors_before=19, anchors_after=19, height_before=3501, height_after=3501
      scroll round 3: anchors_before=44, anchors_after=44, height_before=6656, height_after=6656
      scroll round 4: anchors_before=12, anchors_after=12, height_before=2686, height_after=2686
      DOM estabilizado tras 4 rondas de scroll
    page 2: visibles=12, nuevos=12, acumulados=56
    page 2: sample_skus=['00780493000569', '00780465927044', '00003077208535', '00003077200208', '00003077213066', '00062891558262', '00780465927045', '00780493000575']
    page 2: no se pudo avanzar al paginador siguiente
  productos acumulados subcategoría: 56

[11/55] Scrape: [Detergentes] Limpiador Multiuso
      scroll round 3: anchors_before=44, anchors_after=44, height_before=6602, height_after=6602
      scroll round 4: anchors_before=19, anchors_after=19, height_before=3501, height_after=3501
      DOM estabilizado tras 4 rondas de scroll
      scroll round 4: anchors_before=44, anchors_after=44, height_before=6656, height_after=6656
      DOM estabilizado tras 4 rondas de scroll
    page 1: visibles=19, nuevos=19, acumulados=19
    page 1: sample_skus=['00506003382075', '00779129079562', '00780493001235', '00780493001328', '00780460973040', '00779129079444', '00780493000015', '00779052001249']
    page 1: no se pudo avanzar al paginador siguiente
  productos acumulados subcategoría: 19

[12/55] Scrape: [Detergentes] Accesorios Cocina
    page 1: visibles=44, nuevos=44, acumulados=44
    page 1: sample_skus=['00779052001239', '00780500500269', '00780500500436', '00750105871655', '00780460354179', '00750103297007', '00750105871731', '00779052002397']
      scroll round 4: anchors_before=44, anchors_after=44, height_before=6602, height_after=6602
      DOM estabilizado tras 4 rondas de scroll
    page 1: procesando DOM [Detergentes > Limpiador Multiuso]
    page 3: visibles=44, nuevos=0, acumulados=44
    page 3: sample_skus=['00842082212195', '00400845542541', '00842082211390', '00770262621676', '00770262621675', '00506003382018', '00780502569374', '00780493001519']
    stop: 2 páginas seguidas sin nuevos productos
  productos acumulados subcategoría: 44

[13/55] Scrape: [Detergentes] Accesorios Baño
    page 1: procesando DOM [Detergentes > Accesorios Cocina]
      scroll round 1: anchors_before=24, anchors_after=38, height_before=4446, height_after=6017
    page 2: procesando DOM [Detergentes > Limpiador Baño]
      scroll round 1: anchors_before=24, anchors_after=44, height_before=4452, height_after=6438
      scroll round 2: anchors_before=38, anchors_after=38, height_before=6017, height_after=6017
    page 1: procesando DOM [Detergentes > Accesorios Baño]
      scroll round 1: anchors_before=44, anchors_after=44, height_before=6656, height_after=6656
      scroll round 2: anchors_before=44, anchors_after=44, height_before=6438, height_after=6438
      scroll round 3: anchors_before=38, anchors_after=38, height_before=6017, height_after=6017
      scroll round 1: anchors_before=8, anchors_after=8, height_before=2055, height_after=2156
      scroll round 2: anchors_before=44, anchors_after=44, height_before=6656, height_after=6656
      scroll round 3: anchors_before=44, anchors_after=44, height_before=6438, height_after=6438
      scroll round 4: anchors_before=38, anchors_after=38, height_before=6017, height_after=6017
      DOM estabilizado tras 4 rondas de scroll
      scroll round 2: anchors_before=8, anchors_after=8, height_before=2156, height_after=2156
    page 1: visibles=38, nuevos=38, acumulados=38
    page 1: sample_skus=['00779129079422', '00779113096290', '00780681001629', '00842082211711', '00400845542401', '00005550001144', '00779129079424', '00506003382111']
    page 1: no se pudo avanzar al paginador siguiente
  productos acumulados subcategoría: 38

[14/55] Scrape: [Detergentes] Limpiador Pisos
      scroll round 3: anchors_before=44, anchors_after=44, height_before=6656, height_after=6656
      scroll round 4: anchors_before=44, anchors_after=44, height_before=6438, height_after=6438
      DOM estabilizado tras 4 rondas de scroll
      scroll round 3: anchors_before=8, anchors_after=8, height_before=2156, height_after=2156
    page 1: visibles=44, nuevos=44, acumulados=44
    page 1: sample_skus=['00780681001536', '00780500550513', '00780507000261', '00040000117798', '00780507002487', '00780500500477', '00780681000430', '00780681000727']
      scroll round 4: anchors_before=44, anchors_after=44, height_before=6656, height_after=6656
      DOM estabilizado tras 4 rondas de scroll
    page 2: visibles=44, nuevos=0, acumulados=44
    page 2: sample_skus=['00779052001239', '00780500500269', '00780500500436', '00750105871655', '00780460354179', '00750103297007', '00750105871731', '00779052002397']
      scroll round 4: anchors_before=8, anchors_after=8, height_before=2156, height_after=2156
      DOM estabilizado tras 4 rondas de scroll
    page 1: procesando DOM [Detergentes > Limpiador Pisos]
    page 2: procesando DOM [Detergentes > Accesorios Cocina]
    page 1: visibles=8, nuevos=8, acumulados=8
    page 1: sample_skus=['00062891573506', '00780500500035', '00780681001305', '00040005004363', '00040005035466', '00040005112985', '00040005110642', '00040005073984']
    page 1: no se pudo avanzar al paginador siguiente
  productos acumulados subcategoría: 8

[15/55] Scrape: [Detergentes] Piso Flotante
    page 3: procesando DOM [Detergentes > Limpiador Baño]
      scroll round 1: anchors_before=24, anchors_after=44, height_before=4561, height_after=6588
      scroll round 1: anchors_before=24, anchors_after=44, height_before=4508, height_after=6353
    page 1: procesando DOM [Detergentes > Piso Flotante]
      scroll round 1: anchors_before=24, anchors_after=31, height_before=4566, height_after=5091
      scroll round 2: anchors_before=44, anchors_after=44, height_before=6588, height_after=6588
      scroll round 2: anchors_before=44, anchors_after=44, height_before=6353, height_after=6353
      scroll round 1: anchors_before=22, anchors_after=22, height_before=3940, height_after=4041
      scroll round 2: anchors_before=31, anchors_after=31, height_before=5091, height_after=5091
      scroll round 3: anchors_before=44, anchors_after=44, height_before=6588, height_after=6588
      scroll round 3: anchors_before=44, anchors_after=44, height_before=6353, height_after=6353
      scroll round 2: anchors_before=22, anchors_after=22, height_before=4041, height_after=4041
      scroll round 3: anchors_before=31, anchors_after=31, height_before=5091, height_after=5091
      scroll round 4: anchors_before=44, anchors_after=44, height_before=6588, height_after=6588
      DOM estabilizado tras 4 rondas de scroll
      scroll round 4: anchors_before=44, anchors_after=44, height_before=6353, height_after=6353
      DOM estabilizado tras 4 rondas de scroll
    page 1: visibles=44, nuevos=44, acumulados=44
    page 1: sample_skus=['00779296000044', '00780681001650', '00780493001480', '00780493001481', '00780681001653', '00779325300498', '00780502569777', '00780493001484']
    page 2: visibles=44, nuevos=44, acumulados=88
    page 2: sample_skus=['00780680000401', '00780681001491', '00780681002572', '00780507001103', '00506003382343', '00040000117778', '00780681001405', '00780681000414']
    page 2: no se pudo avanzar al paginador siguiente
  productos acumulados subcategoría: 88

[16/55] Scrape: [Detergentes] Cera y Virutilla
      scroll round 3: anchors_before=22, anchors_after=22, height_before=4041, height_after=4041
      scroll round 4: anchors_before=31, anchors_after=31, height_before=5091, height_after=5091
      DOM estabilizado tras 4 rondas de scroll
    page 3: visibles=31, nuevos=31, acumulados=75
    page 3: sample_skus=['00779113068138', '00779052002619', '00779052000593', '00780492028303', '00779052003092', '00779052002807', '00779052002080', '00779129078992']
    page 3: no se pudo avanzar al paginador siguiente
  productos acumulados subcategoría: 75

[17/55] Scrape: [Detergentes] Lustramuebles
    page 2: procesando DOM [Detergentes > Limpiador Pisos]
      scroll round 4: anchors_before=22, anchors_after=22, height_before=4041, height_after=4041
      DOM estabilizado tras 4 rondas de scroll
    page 1: visibles=22, nuevos=22, acumulados=22
    page 1: sample_skus=['00841166018010', '00780502001005', '00780502011578', '00841166052139', '00780502000198', '00780493000393', '00780502001000', '00780504000109']
    page 1: no se pudo avanzar al paginador siguiente
  productos acumulados subcategoría: 22

[18/55] Scrape: [Detergentes] Papel Higiénico
    page 1: procesando DOM [Detergentes > Cera y Virutilla]
      scroll round 1: anchors_before=24, anchors_after=30, height_before=4740, height_after=5241
    page 1: procesando DOM [Detergentes > Lustramuebles]
      scroll round 1: anchors_before=19, anchors_after=19, height_before=3415, height_after=3516
      scroll round 2: anchors_before=30, anchors_after=30, height_before=5241, height_after=5241
    page 1: procesando DOM [Detergentes > Papel Higiénico]
      scroll round 1: anchors_before=20, anchors_after=20, height_before=3442, height_after=3543
      scroll round 2: anchors_before=19, anchors_after=19, height_before=3516, height_after=3516
      scroll round 3: anchors_before=30, anchors_after=30, height_before=5241, height_after=5241
      scroll round 1: anchors_before=24, anchors_after=32, height_before=4324, height_after=4941
      scroll round 2: anchors_before=20, anchors_after=20, height_before=3543, height_after=3543
      scroll round 4: anchors_before=30, anchors_after=30, height_before=5241, height_after=5241
      DOM estabilizado tras 4 rondas de scroll
      scroll round 3: anchors_before=19, anchors_after=19, height_before=3516, height_after=3516
      scroll round 2: anchors_before=32, anchors_after=32, height_before=4941, height_after=4941
    page 2: visibles=30, nuevos=30, acumulados=74
    page 2: sample_skus=['00780502001004', '00779052002700', '00780650075003', '00780493001487', '00779052001634', '00780502569841', '00780501000229', '00779052002701']
    page 2: no se pudo avanzar al paginador siguiente
  productos acumulados subcategoría: 74

[19/55] Scrape: [Detergentes] Toalla Papel
      scroll round 3: anchors_before=20, anchors_after=20, height_before=3543, height_after=3543
      scroll round 4: anchors_before=19, anchors_after=19, height_before=3516, height_after=3516
      DOM estabilizado tras 4 rondas de scroll
      scroll round 3: anchors_before=32, anchors_after=32, height_before=4941, height_after=4941
    page 1: visibles=19, nuevos=19, acumulados=19
    page 1: sample_skus=['00780504000107', '00780504000543', '00780504000118', '00780681000010', '00780504000119', '00780504000544', '00780502300151', '00780502300153']
    page 1: no se pudo avanzar al paginador siguiente
  productos acumulados subcategoría: 19

[20/55] Scrape: [Detergentes] Papeles para Cocinar
      scroll round 4: anchors_before=20, anchors_after=20, height_before=3543, height_after=3543
      DOM estabilizado tras 4 rondas de scroll
    page 1: procesando DOM [Detergentes > Toalla Papel]
    page 1: visibles=20, nuevos=20, acumulados=20
    page 1: sample_skus=['00780504031300', '00780493000019', '00780504031303', '00779052002962', '00780504031313', '00780504031302', '00780493000349', '00780493000348']
      scroll round 4: anchors_before=32, anchors_after=32, height_before=4941, height_after=4941
      DOM estabilizado tras 4 rondas de scroll
    page 1: no se pudo avanzar al paginador siguiente
  productos acumulados subcategoría: 20

[21/55] Scrape: [Detergentes] Servilletas
    page 1: visibles=32, nuevos=32, acumulados=32
    page 1: sample_skus=['00780650050779', '00780654000988', '00780650050992', '00780654000966', '00780650050723', '00780465334132', '00780650050984', '00780650050997']
    page 1: no se pudo avanzar al paginador siguiente
  productos acumulados subcategoría: 32

[22/55] Scrape: [Detergentes] Pañuelos
      scroll round 1: anchors_before=20, anchors_after=20, height_before=3401, height_after=3502
    page 1: procesando DOM [Detergentes > Papeles para Cocinar]
    page 1: procesando DOM [Detergentes > Servilletas]
      scroll round 2: anchors_before=20, anchors_after=20, height_before=3502, height_after=3502
      scroll round 1: anchors_before=22, anchors_after=22, height_before=3976, height_after=4077
    page 1: procesando DOM [Detergentes > Pañuelos]
      scroll round 1: anchors_before=24, anchors_after=31, height_before=4509, height_after=5071
      scroll round 3: anchors_before=20, anchors_after=20, height_before=3502, height_after=3502
      scroll round 2: anchors_before=22, anchors_after=22, height_before=4077, height_after=4077
      scroll round 1: anchors_before=11, anchors_after=11, height_before=2494, height_after=2595
      scroll round 2: anchors_before=31, anchors_after=31, height_before=5071, height_after=5071
      scroll round 3: anchors_before=22, anchors_after=22, height_before=4077, height_after=4077
      scroll round 4: anchors_before=20, anchors_after=20, height_before=3502, height_after=3502
      DOM estabilizado tras 4 rondas de scroll
      scroll round 2: anchors_before=11, anchors_after=11, height_before=2595, height_after=2595
    page 1: visibles=20, nuevos=20, acumulados=20
    page 1: sample_skus=['00780650040638', '00780650040679', '00780650040132', '00770242599373', '00770242521565', '00780465334149', '00780650040684', '00780650040682']
    page 1: no se pudo avanzar al paginador siguiente
      scroll round 3: anchors_before=31, anchors_after=31, height_before=5071, height_after=5071
  productos acumulados subcategoría: 20

[23/55] Scrape: [Detergentes] Aerosoles Desinfectantes
      scroll round 4: anchors_before=22, anchors_after=22, height_before=4077, height_after=4077
      DOM estabilizado tras 4 rondas de scroll
      scroll round 3: anchors_before=11, anchors_after=11, height_before=2595, height_after=2595
      scroll round 4: anchors_before=31, anchors_after=31, height_before=5071, height_after=5071
      DOM estabilizado tras 4 rondas de scroll
    page 1: visibles=22, nuevos=22, acumulados=22
    page 1: sample_skus=['00780187515043', '00040000625938', '00780187515069', '00780187515059', '00780500504010', '00040000625935', '00040000625939', '00780187515047']
    page 1: no se pudo avanzar al paginador siguiente
  productos acumulados subcategoría: 22

[24/55] Scrape: [Detergentes] Cloro
    page 1: visibles=31, nuevos=31, acumulados=31
    page 1: sample_skus=['00780654000064', '00780650022568', '00780465930071', '00780654000987', '00780650022135', '00780654000648', '00780650022552', '00780650022581']
    page 1: no se pudo avanzar al paginador siguiente
  productos acumulados subcategoría: 31

[25/55] Scrape: [Detergentes] Toalla Húmedas Desinfectantes
    page 1: procesando DOM [Detergentes > Aerosoles Desinfectantes]
      scroll round 4: anchors_before=11, anchors_after=11, height_before=2595, height_after=2595
      DOM estabilizado tras 4 rondas de scroll
    page 1: visibles=11, nuevos=11, acumulados=11
    page 1: sample_skus=['00780650000110', '00780650016572', '00780650017250', '00040000705046', '00040005053890', '00780650000022', '00780650017270', '00040005053889']
    page 1: no se pudo avanzar al paginador siguiente
  productos acumulados subcategoría: 11

[26/55] Scrape: [Detergentes] Cuidado Calzado
    page 1: procesando DOM [Detergentes > Cloro]
      scroll round 1: anchors_before=23, anchors_after=23, height_before=4039, height_after=4140
    page 1: procesando DOM [Detergentes > Toalla Húmedas Desinfectantes]
      scroll round 1: anchors_before=24, anchors_after=44, height_before=4448, height_after=6466
    page 1: procesando DOM [Detergentes > Cuidado Calzado]
      scroll round 2: anchors_before=23, anchors_after=23, height_before=4140, height_after=4140
      scroll round 1: anchors_before=24, anchors_after=34, height_before=4391, height_after=5414
      scroll round 2: anchors_before=44, anchors_after=44, height_before=6466, height_after=6466
      scroll round 1: anchors_before=24, anchors_after=24, height_before=4470, height_after=4110
      scroll round 3: anchors_before=23, anchors_after=23, height_before=4140, height_after=4140
      scroll round 2: anchors_before=34, anchors_after=34, height_before=5414, height_after=5414
      scroll round 3: anchors_before=44, anchors_after=44, height_before=6466, height_after=6466
      scroll round 4: anchors_before=23, anchors_after=23, height_before=4140, height_after=4140
      DOM estabilizado tras 4 rondas de scroll
      scroll round 2: anchors_before=24, anchors_after=24, height_before=4110, height_after=4110
      scroll round 3: anchors_before=34, anchors_after=34, height_before=5414, height_after=5414
    page 1: visibles=23, nuevos=23, acumulados=23
    page 1: sample_skus=['00779052002911', '00780530005396', '00780504000435', '00780504000070', '00779052001419', '00780504000600', '00779052001420', '00780530005203']
    page 1: no se pudo avanzar al paginador siguiente
  productos acumulados subcategoría: 23

[27/55] Scrape: [Detergentes] Bolsas de Basura
      scroll round 4: anchors_before=44, anchors_after=44, height_before=6466, height_after=6466
      DOM estabilizado tras 4 rondas de scroll
      scroll round 3: anchors_before=24, anchors_after=24, height_before=4110, height_after=4110
    page 1: visibles=44, nuevos=44, acumulados=44
    page 1: sample_skus=['00780508010003', '00780504000568', '00780504000078', '00780504000183', '00780504000182', '00780493001530', '00780508069185', '00780502569558']
      scroll round 4: anchors_before=34, anchors_after=34, height_before=5414, height_after=5414
      DOM estabilizado tras 4 rondas de scroll
    page 1: visibles=34, nuevos=34, acumulados=34
    page 1: sample_skus=['00780681000744', '00780681000776', '00780681001551', '00780681001744', '00780502569828', '00780460354243', '00780504000567', '00780460354244']
    page 1: no se pudo avanzar al paginador siguiente
  productos acumulados subcategoría: 34

[28/55] Scrape: [Detergentes] Bolsas Multiuso
    page 1: procesando DOM [Detergentes > Bolsas de Basura]
      scroll round 4: anchors_before=24, anchors_after=24, height_before=4110, height_after=4110
      DOM estabilizado tras 4 rondas de scroll
    page 2: procesando DOM [Detergentes > Cloro]
    page 1: visibles=24, nuevos=24, acumulados=24
    page 1: sample_skus=['00780463202090', '00780504011267', '00780504000170', '00780504000165', '00841125000982', '00841125000984', '00780463202092', '00780504011621']
    page 1: no se pudo avanzar al paginador siguiente
  productos acumulados subcategoría: 24

[29/55] Scrape: [Detergentes] Envoltorios
      scroll round 1: anchors_before=24, anchors_after=39, height_before=4323, height_after=5848
    page 1: procesando DOM [Detergentes > Bolsas Multiuso]
      scroll round 1: anchors_before=14, anchors_after=14, height_before=3155, height_after=3155
      scroll round 2: anchors_before=39, anchors_after=39, height_before=5848, height_after=5848
      scroll round 2: anchors_before=14, anchors_after=14, height_before=3155, height_after=3155
    page 1: procesando DOM [Detergentes > Envoltorios]
      scroll round 1: anchors_before=24, anchors_after=44, height_before=4603, height_after=6727
      scroll round 3: anchors_before=39, anchors_after=39, height_before=5848, height_after=5848
      scroll round 3: anchors_before=14, anchors_after=14, height_before=3155, height_after=3155
      scroll round 2: anchors_before=44, anchors_after=44, height_before=6727, height_after=6727
      scroll round 1: anchors_before=22, anchors_after=22, height_before=3922, height_after=4023
      scroll round 4: anchors_before=14, anchors_after=14, height_before=3155, height_after=3155
      DOM estabilizado tras 4 rondas de scroll
      scroll round 4: anchors_before=39, anchors_after=39, height_before=5848, height_after=5848
      DOM estabilizado tras 4 rondas de scroll
      scroll round 3: anchors_before=44, anchors_after=44, height_before=6727, height_after=6727
      scroll round 2: anchors_before=22, anchors_after=22, height_before=4023, height_after=4023
    page 2: visibles=14, nuevos=14, acumulados=58
    page 2: sample_skus=['00780504000569', '00780493000481', '00780508069664', '00780493000443', '00780508069666', '00780502569823', '00780502569101', '00780493000482']
    page 2: no se pudo avanzar al paginador siguiente
  productos acumulados subcategoría: 58

[30/55] Scrape: [Detergentes] Paños y Mopas
    page 1: visibles=39, nuevos=39, acumulados=39
    page 1: sample_skus=['00780681080044', '00780187500180', '00040000642486', '00780681080045', '00780187506936', '00780681080043', '00780187506945', '00780187506915']
    page 1: no se pudo avanzar al paginador siguiente
  productos acumulados subcategoría: 39

[31/55] Scrape: [Detergentes] Esponjas y Guantes
      scroll round 4: anchors_before=44, anchors_after=44, height_before=6727, height_after=6727
      DOM estabilizado tras 4 rondas de scroll
      scroll round 3: anchors_before=22, anchors_after=22, height_before=4023, height_after=4023
    page 1: visibles=44, nuevos=44, acumulados=44
    page 1: sample_skus=['00780460354162', '00780187515011', '00780187515043', '00040000625938', '00780187515069', '00780460354196', '00780187500226', '00780187515059']
    page 1: procesando DOM [Detergentes > Paños y Mopas]
    page 1: procesando DOM [Detergentes > Esponjas y Guantes]
      scroll round 4: anchors_before=22, anchors_after=22, height_before=4023, height_after=4023
      DOM estabilizado tras 4 rondas de scroll
    page 2: procesando DOM [Detergentes > Bolsas Multiuso]
    page 1: visibles=22, nuevos=22, acumulados=22
    page 1: sample_skus=['00780187515043', '00040000625938', '00780187515069', '00780187515059', '00780500504010', '00040000625935', '00040000625939', '00780187515047']
    page 1: no se pudo avanzar al paginador siguiente
  productos acumulados subcategoría: 22

[32/55] Scrape: [Detergentes] Escobillones y Palas
      scroll round 1: anchors_before=24, anchors_after=44, height_before=4514, height_after=6527
      scroll round 1: anchors_before=24, anchors_after=44, height_before=4436, height_after=6408
      scroll round 1: anchors_before=8, anchors_after=8, height_before=2277, height_after=2277
      scroll round 2: anchors_before=44, anchors_after=44, height_before=6527, height_after=6527
      scroll round 2: anchors_before=44, anchors_after=44, height_before=6408, height_after=6408
    page 1: procesando DOM [Detergentes > Escobillones y Palas]
      scroll round 3: anchors_before=44, anchors_after=44, height_before=6527, height_after=6527
      scroll round 2: anchors_before=8, anchors_after=8, height_before=2277, height_after=2277
      scroll round 3: anchors_before=44, anchors_after=44, height_before=6408, height_after=6408
      scroll round 1: anchors_before=24, anchors_after=29, height_before=4484, height_after=5078
      scroll round 4: anchors_before=44, anchors_after=44, height_before=6527, height_after=6527
      DOM estabilizado tras 4 rondas de scroll
      scroll round 3: anchors_before=8, anchors_after=8, height_before=2277, height_after=2277
      scroll round 4: anchors_before=44, anchors_after=44, height_before=6408, height_after=6408
      DOM estabilizado tras 4 rondas de scroll
    page 1: visibles=44, nuevos=44, acumulados=44
    page 1: sample_skus=['00780681000744', '00780507000261', '00780681000776', '00780681000727', '00780681001744', '00780681000505', '00780681000718', '00780500500472']
      scroll round 2: anchors_before=29, anchors_after=29, height_before=5078, height_after=5078
    page 1: visibles=44, nuevos=44, acumulados=44
    page 1: sample_skus=['00780500550513', '00780681000027', '00780507002487', '00780500500477', '00780681000430', '00780681000057', '00780681000502', '00780681002571']
      scroll round 4: anchors_before=8, anchors_after=8, height_before=2277, height_after=2277
      DOM estabilizado tras 4 rondas de scroll
    page 2: procesando DOM [Detergentes > Paños y Mopas]
    page 2: visibles=8, nuevos=8, acumulados=52
    page 2: sample_skus=['00002570071200', '00780500500131', '00073718653330', '00780187500272', '00780187500271', '00060538818863', '00780500500400', '00040000625942']
    page 2: no se pudo avanzar al paginador siguiente
  productos acumulados subcategoría: 52

[33/55] Scrape: [Detergentes] Fósforos
      scroll round 3: anchors_before=29, anchors_after=29, height_before=5078, height_after=5078
      scroll round 1: anchors_before=24, anchors_after=29, height_before=4501, height_after=5001
      scroll round 4: anchors_before=29, anchors_after=29, height_before=5078, height_after=5078
      DOM estabilizado tras 4 rondas de scroll
    page 2: procesando DOM [Detergentes > Esponjas y Guantes]
    page 1: procesando DOM [Detergentes > Fósforos]
    page 1: visibles=29, nuevos=29, acumulados=29
    page 1: sample_skus=['00780508068986', '00780681001515', '00780462504006', '00040000155971', '00780681001104', '00780681001506', '00780500500388', '00841043503305']
      scroll round 2: anchors_before=29, anchors_after=29, height_before=5001, height_after=5001
      scroll round 1: anchors_before=44, anchors_after=44, height_before=6408, height_after=6408
      scroll round 1: anchors_before=14, anchors_after=14, height_before=2922, height_after=3023
      scroll round 3: anchors_before=29, anchors_after=29, height_before=5001, height_after=5001
      scroll round 2: anchors_before=44, anchors_after=44, height_before=6408, height_after=6408
      scroll round 2: anchors_before=14, anchors_after=14, height_before=3023, height_after=3023
    page 2: procesando DOM [Detergentes > Escobillones y Palas]
      scroll round 4: anchors_before=29, anchors_after=29, height_before=5001, height_after=5001
      DOM estabilizado tras 4 rondas de scroll
    page 2: visibles=29, nuevos=29, acumulados=73
    page 2: sample_skus=['00780681001425', '00780681000507', '00780681001494', '00780502000298', '00800880500318', '00400379002819', '00780681000534', '00780681000101']
      scroll round 3: anchors_before=44, anchors_after=44, height_before=6408, height_after=6408
      scroll round 3: anchors_before=14, anchors_after=14, height_before=3023, height_after=3023
    page 2: no se pudo avanzar al paginador siguiente
  productos acumulados subcategoría: 73

[34/55] Scrape: [Detergentes] Ambientador Aerosol
      scroll round 1: anchors_before=29, anchors_after=29, height_before=5078, height_after=5078
      scroll round 4: anchors_before=44, anchors_after=44, height_before=6408, height_after=6408
      DOM estabilizado tras 4 rondas de scroll
      scroll round 4: anchors_before=14, anchors_after=14, height_before=3023, height_after=3023
      DOM estabilizado tras 4 rondas de scroll
    page 1: procesando DOM [Detergentes > Ambientador Aerosol]
      scroll round 2: anchors_before=29, anchors_after=29, height_before=5078, height_after=5078
    page 1: visibles=14, nuevos=14, acumulados=14
    page 1: sample_skus=['00780630001002', '00780630010020', '00780630001014', '00780460346310', '00780630001011', '00780630010022', '00780502569051', '00780460346320']
    page 2: visibles=44, nuevos=0, acumulados=44
    page 2: sample_skus=['00780500550513', '00780681000027', '00780507002487', '00780500500477', '00780681000430', '00780681000057', '00780681000502', '00780681002571']
    page 1: no se pudo avanzar al paginador siguiente
  productos acumulados subcategoría: 14

[35/55] Scrape: [Detergentes] Ambientadores Automáticos
      scroll round 1: anchors_before=24, anchors_after=44, height_before=4683, height_after=6817
      scroll round 3: anchors_before=29, anchors_after=29, height_before=5078, height_after=5078
    page 3: procesando DOM [Detergentes > Esponjas y Guantes]
    page 1: procesando DOM [Detergentes > Ambientadores Automáticos]
      scroll round 2: anchors_before=44, anchors_after=44, height_before=6817, height_after=6817
      scroll round 1: anchors_before=24, anchors_after=36, height_before=4526, height_after=5481
      scroll round 4: anchors_before=29, anchors_after=29, height_before=5078, height_after=5078
      DOM estabilizado tras 4 rondas de scroll
      scroll round 1: anchors_before=23, anchors_after=23, height_before=4205, height_after=4306
    page 2: visibles=29, nuevos=0, acumulados=29
    page 2: sample_skus=['00780508068986', '00780681001515', '00780462504006', '00040000155971', '00780681001104', '00780681001506', '00780500500388', '00841043503305']
    page 2: no se pudo avanzar al paginador siguiente
  productos acumulados subcategoría: 29

[36/55] Scrape: [Detergentes] Ambientadores Eléctricos
      scroll round 3: anchors_before=44, anchors_after=44, height_before=6817, height_after=6817
      scroll round 2: anchors_before=36, anchors_after=36, height_before=5481, height_after=5481
      scroll round 2: anchors_before=23, anchors_after=23, height_before=4306, height_after=4306
      scroll round 4: anchors_before=44, anchors_after=44, height_before=6817, height_after=6817
      DOM estabilizado tras 4 rondas de scroll
      scroll round 3: anchors_before=36, anchors_after=36, height_before=5481, height_after=5481
    page 1: procesando DOM [Detergentes > Ambientadores Eléctricos]
    page 1: visibles=44, nuevos=44, acumulados=44
    page 1: sample_skus=['00780504000435', '00779052002671', '00780504000061', '00780460354182', '00779052002672', '00779052002673', '00779052003157', '00780504000060']
      scroll round 3: anchors_before=23, anchors_after=23, height_before=4306, height_after=4306
      scroll round 4: anchors_before=36, anchors_after=36, height_before=5481, height_after=5481
      DOM estabilizado tras 4 rondas de scroll
      scroll round 1: anchors_before=22, anchors_after=22, height_before=4039, height_after=4140
    page 3: visibles=36, nuevos=36, acumulados=80
    page 3: sample_skus=['00062773526148', '00062773526149', '00780681000602', '00780681000931', '00402310307396', '00780681010082', '00402310309308', '00506003382345']
    page 3: no se pudo avanzar al paginador siguiente
  productos acumulados subcategoría: 80

[37/55] Scrape: [Detergentes] Ambientadores Gel
      scroll round 4: anchors_before=23, anchors_after=23, height_before=4306, height_after=4306
      DOM estabilizado tras 4 rondas de scroll
    page 1: visibles=23, nuevos=23, acumulados=23
    page 1: sample_skus=['00779052000691', '00779052099860', '00779052002955', '00780504000416', '00869057053102', '00750105876654', '00750105876658', '00779052002957']
      scroll round 2: anchors_before=22, anchors_after=22, height_before=4140, height_after=4140
    page 1: no se pudo avanzar al paginador siguiente
  productos acumulados subcategoría: 23

[38/55] Scrape: [Detergentes] Ambientadores Toque
    page 2: procesando DOM [Detergentes > Ambientador Aerosol]
      scroll round 3: anchors_before=22, anchors_after=22, height_before=4140, height_after=4140
    page 1: procesando DOM [Detergentes > Ambientadores Gel]
      scroll round 1: anchors_before=44, anchors_after=44, height_before=6817, height_after=6817
    page 1: procesando DOM [Detergentes > Ambientadores Toque]
      scroll round 4: anchors_before=22, anchors_after=22, height_before=4140, height_after=4140
      DOM estabilizado tras 4 rondas de scroll
      scroll round 1: anchors_before=11, anchors_after=11, height_before=2518, height_after=2619
      scroll round 2: anchors_before=44, anchors_after=44, height_before=6817, height_after=6817
    page 1: visibles=22, nuevos=22, acumulados=22
    page 1: sample_skus=['00780501000521', '00780501000520', '00780501000446', '00780501000442', '00780501000044', '00780501000203', '00779052098833', '00780501000141']
      scroll round 1: anchors_before=4, anchors_after=4, height_before=2052, height_after=2153
    page 1: no se pudo avanzar al paginador siguiente
  productos acumulados subcategoría: 22

[39/55] Scrape: [Detergentes] Desinfectantes Aerosol
      scroll round 2: anchors_before=11, anchors_after=11, height_before=2619, height_after=2619
      scroll round 3: anchors_before=44, anchors_after=44, height_before=6817, height_after=6817
      scroll round 2: anchors_before=4, anchors_after=4, height_before=2153, height_after=2153
      scroll round 3: anchors_before=11, anchors_after=11, height_before=2619, height_after=2619
    page 1: procesando DOM [Detergentes > Desinfectantes Aerosol]
      scroll round 4: anchors_before=44, anchors_after=44, height_before=6817, height_after=6817
      DOM estabilizado tras 4 rondas de scroll
      scroll round 3: anchors_before=4, anchors_after=4, height_before=2153, height_after=2153
    page 2: visibles=44, nuevos=0, acumulados=44
    page 2: sample_skus=['00780504000435', '00779052002671', '00780504000061', '00780460354182', '00779052002672', '00779052002673', '00779052003157', '00780504000060']
      scroll round 4: anchors_before=11, anchors_after=11, height_before=2619, height_after=2619
      DOM estabilizado tras 4 rondas de scroll
      scroll round 4: anchors_before=4, anchors_after=4, height_before=2153, height_after=2153
      DOM estabilizado tras 4 rondas de scroll
      scroll round 1: anchors_before=18, anchors_after=18, height_before=3571, height_after=3672
    page 1: visibles=11, nuevos=11, acumulados=11
    page 1: sample_skus=['00890102302843', '00890102302508', '00780547500317', '00780547500318', '00779052099088', '00780547500316', '00780501000415', '00780501000416']
    page 1: no se pudo avanzar al paginador siguiente
  productos acumulados subcategoría: 11

[40/55] Scrape: [Detergentes] Moscas Zancudos y Polillas
    page 3: procesando DOM [Detergentes > Ambientador Aerosol]
    page 1: visibles=4, nuevos=4, acumulados=4
    page 1: sample_skus=['00779052000599', '00779052099623', '00779052099615', '00750105879702']
    page 1: no se pudo avanzar al paginador siguiente
  productos acumulados subcategoría: 4

[41/55] Scrape: [Detergentes] Arañas y Baratas
      scroll round 2: anchors_before=18, anchors_after=18, height_before=3672, height_after=3672
      scroll round 1: anchors_before=10, anchors_after=10, height_before=2926, height_after=2926
    page 1: procesando DOM [Detergentes > Arañas y Baratas]
    page 1: procesando DOM [Detergentes > Moscas Zancudos y Polillas]
      scroll round 3: anchors_before=18, anchors_after=18, height_before=3672, height_after=3672
      scroll round 2: anchors_before=10, anchors_after=10, height_before=2926, height_after=2926
      scroll round 1: anchors_before=8, anchors_after=8, height_before=2057, height_after=2158
      scroll round 1: anchors_before=16, anchors_after=16, height_before=3046, height_after=3147
      scroll round 3: anchors_before=10, anchors_after=10, height_before=2926, height_after=2926
      scroll round 4: anchors_before=18, anchors_after=18, height_before=3672, height_after=3672
      DOM estabilizado tras 4 rondas de scroll
      scroll round 2: anchors_before=8, anchors_after=8, height_before=2158, height_after=2158
    page 1: visibles=18, nuevos=18, acumulados=18
    page 1: sample_skus=['00779052002911', '00780530005396', '00780504000435', '00780504000070', '00779052001419', '00779052001420', '00779325300579', '00779052099062']
    page 1: no se pudo avanzar al paginador siguiente
  productos acumulados subcategoría: 18

[42/55] Scrape: [Detergentes] Hormigas Pulgas y Garrapatas
      scroll round 2: anchors_before=16, anchors_after=16, height_before=3147, height_after=3147
      scroll round 4: anchors_before=10, anchors_after=10, height_before=2926, height_after=2926
      DOM estabilizado tras 4 rondas de scroll
    page 3: visibles=10, nuevos=10, acumulados=54
    page 3: sample_skus=['00779052000521', '00779052099615', '00779833221614', '00779052099775', '00780504000434', '00780501000441', '00750105876655', '00779052099820']
    page 3: no se pudo avanzar al paginador siguiente
  productos acumulados subcategoría: 54

[43/55] Scrape: [Detergentes] Multi Propósitos
      scroll round 3: anchors_before=8, anchors_after=8, height_before=2158, height_after=2158
      scroll round 3: anchors_before=16, anchors_after=16, height_before=3147, height_after=3147
    page 1: procesando DOM [Detergentes > Hormigas Pulgas y Garrapatas]
      scroll round 4: anchors_before=8, anchors_after=8, height_before=2158, height_after=2158
      DOM estabilizado tras 4 rondas de scroll
      scroll round 4: anchors_before=16, anchors_after=16, height_before=3147, height_after=3147
      DOM estabilizado tras 4 rondas de scroll
    page 1: visibles=8, nuevos=8, acumulados=8
    page 1: sample_skus=['00780530000033', '00780504000432', '00779052003146', '00779052001837', '00780504000605', '00779052099152', '00780504000610', '00780530000032']
    page 1: no se pudo avanzar al paginador siguiente
  productos acumulados subcategoría: 8

[44/55] Scrape: [Detergentes] Eléctricos y Tabletas
    page 1: procesando DOM [Detergentes > Multi Propósitos]
      scroll round 1: anchors_before=4, anchors_after=4, height_before=2052, height_after=2153
    page 1: visibles=16, nuevos=16, acumulados=16
    page 1: sample_skus=['00779052003146', '00779052099153', '00780504000430', '00779052099152', '00779052000970', '00780504000610', '00780530000038', '00780504000606']
    page 1: no se pudo avanzar al paginador siguiente
  productos acumulados subcategoría: 16

[45/55] Scrape: [Detergentes] Raticidas
      scroll round 1: anchors_before=12, anchors_after=13, height_before=3114, height_after=3215
      scroll round 2: anchors_before=4, anchors_after=4, height_before=2153, height_after=2153
    page 1: procesando DOM [Detergentes > Eléctricos y Tabletas]
    page 1: procesando DOM [Detergentes > Raticidas]
      scroll round 3: anchors_before=4, anchors_after=4, height_before=2153, height_after=2153
      scroll round 2: anchors_before=13, anchors_after=13, height_before=3215, height_after=3215
      scroll round 1: anchors_before=7, anchors_after=7, height_before=2120, height_after=2221
      scroll round 1: anchors_before=3, anchors_after=3, height_before=2052, height_after=2153
      scroll round 4: anchors_before=4, anchors_after=4, height_before=2153, height_after=2153
      DOM estabilizado tras 4 rondas de scroll
      scroll round 3: anchors_before=13, anchors_after=13, height_before=3215, height_after=3215
    page 1: visibles=4, nuevos=4, acumulados=4
    page 1: sample_skus=['00779052000992', '00780530010000', '00780530000029', '00779052000990']
    page 1: no se pudo avanzar al paginador siguiente
  productos acumulados subcategoría: 4

[46/55] Scrape: [Detergentes] Repelentes
      scroll round 2: anchors_before=7, anchors_after=7, height_before=2221, height_after=2221
      scroll round 2: anchors_before=3, anchors_after=3, height_before=2153, height_after=2153
      scroll round 4: anchors_before=13, anchors_after=13, height_before=3215, height_after=3215
      DOM estabilizado tras 4 rondas de scroll
    page 1: visibles=13, nuevos=13, acumulados=13
    page 1: sample_skus=['00779052098785', '00780530000035', '00779052099154', '00780530000036', '00779052002549', '00780504000429', '00779052003093', '00780530000034']
    page 1: no se pudo avanzar al paginador siguiente
  productos acumulados subcategoría: 13

[47/55] Scrape: [Detergentes] Ambientales
      scroll round 3: anchors_before=7, anchors_after=7, height_before=2221, height_after=2221
      scroll round 3: anchors_before=3, anchors_after=3, height_before=2153, height_after=2153
    page 1: procesando DOM [Detergentes > Repelentes]
      scroll round 4: anchors_before=7, anchors_after=7, height_before=2221, height_after=2221
      DOM estabilizado tras 4 rondas de scroll
      scroll round 4: anchors_before=3, anchors_after=3, height_before=2153, height_after=2153
      DOM estabilizado tras 4 rondas de scroll
    page 1: procesando DOM [Detergentes > Ambientales]
    page 1: visibles=7, nuevos=7, acumulados=7
    page 1: sample_skus=['00779052099537', '00779052002565', '00780530004946', '00779052000974', '00780505058359', '00780530004945', '00779052099435']
    page 1: no se pudo avanzar al paginador siguiente
  productos acumulados subcategoría: 7

[48/55] Scrape: [Detergentes] Bolsas y Envoltorios
      scroll round 1: anchors_before=5, anchors_after=5, height_before=2052, height_after=2153
    page 1: visibles=3, nuevos=3, acumulados=3
    page 1: sample_skus=['00780466714001', '00780530004930', '00780466714000']
    page 1: no se pudo avanzar al paginador siguiente
  productos acumulados subcategoría: 3

[49/55] Scrape: [Detergentes] Detergentes y Suavizantes
      scroll round 1: anchors_before=0, anchors_after=0, height_before=1896, height_after=1997
      scroll round 2: anchors_before=5, anchors_after=5, height_before=2153, height_after=2153
    page 1: procesando DOM [Detergentes > Bolsas y Envoltorios]
    page 1: procesando DOM [Detergentes > Detergentes y Suavizantes]
      scroll round 3: anchors_before=5, anchors_after=5, height_before=2153, height_after=2153
      scroll round 2: anchors_before=0, anchors_after=0, height_before=1997, height_after=1997
      scroll round 1: anchors_before=11, anchors_after=11, height_before=2476, height_after=2577
      scroll round 1: anchors_before=10, anchors_after=10, height_before=2509, height_after=2610
      scroll round 4: anchors_before=5, anchors_after=5, height_before=2153, height_after=2153
      DOM estabilizado tras 4 rondas de scroll
      scroll round 3: anchors_before=0, anchors_after=0, height_before=1997, height_after=1997
      scroll round 2: anchors_before=11, anchors_after=11, height_before=2577, height_after=2577
    page 1: visibles=5, nuevos=5, acumulados=5
    page 1: sample_skus=['00780003804619', '00780003804617', '00780530005505', '00779052099634', '00779052099632']
    page 1: no se pudo avanzar al paginador siguiente
  productos acumulados subcategoría: 5

[50/55] Scrape: [Detergentes] Limpiadores hogar
      scroll round 2: anchors_before=10, anchors_after=10, height_before=2610, height_after=2610
      scroll round 4: anchors_before=0, anchors_after=0, height_before=1997, height_after=1997
      DOM estabilizado tras 4 rondas de scroll
      scroll round 3: anchors_before=11, anchors_after=11, height_before=2577, height_after=2577
      scroll round 3: anchors_before=10, anchors_after=10, height_before=2610, height_after=2610
    page 1: visibles=0, nuevos=0, acumulados=0
    page 1: sample_skus=[]
    page 1: no se pudo avanzar al paginador siguiente
  productos acumulados subcategoría: 0

[51/55] Scrape: [Detergentes] Limpiadores Piso
    page 1: procesando DOM [Detergentes > Limpiadores hogar]
      scroll round 4: anchors_before=11, anchors_after=11, height_before=2577, height_after=2577
      DOM estabilizado tras 4 rondas de scroll
      scroll round 4: anchors_before=10, anchors_after=10, height_before=2610, height_after=2610
      DOM estabilizado tras 4 rondas de scroll
      scroll round 1: anchors_before=13, anchors_after=13, height_before=2964, height_after=3065
    page 1: procesando DOM [Detergentes > Limpiadores Piso]
    page 1: visibles=11, nuevos=11, acumulados=11
    page 1: sample_skus=['00780681080044', '00780681080045', '00780681080043', '00780681002445', '00780681002446', '00780681080047', '00780681002488', '00780681080041']
    page 1: no se pudo avanzar al paginador siguiente
  productos acumulados subcategoría: 11

[52/55] Scrape: [Detergentes] Papeles
    page 1: visibles=10, nuevos=10, acumulados=10
    page 1: sample_skus=['00780460973050', '00750043518222', '00780460973069', '00780460973035', '00750043516054', '00780465927001', '00750619514383', '00780460973068']
    page 1: no se pudo avanzar al paginador siguiente
  productos acumulados subcategoría: 10

[53/55] Scrape: [Detergentes] Limpieza y Desinfección
      scroll round 2: anchors_before=13, anchors_after=13, height_before=3065, height_after=3065
      scroll round 1: anchors_before=9, anchors_after=9, height_before=2414, height_after=2515
    page 1: procesando DOM [Detergentes > Papeles]
    page 1: procesando DOM [Detergentes > Limpieza y Desinfección]
      scroll round 3: anchors_before=13, anchors_after=13, height_before=3065, height_after=3065
      scroll round 2: anchors_before=9, anchors_after=9, height_before=2515, height_after=2515
      scroll round 1: anchors_before=13, anchors_after=13, height_before=2885, height_after=2986
      scroll round 1: anchors_before=7, anchors_after=7, height_before=2052, height_after=2153
      scroll round 4: anchors_before=13, anchors_after=13, height_before=3065, height_after=3065
      DOM estabilizado tras 4 rondas de scroll
      scroll round 3: anchors_before=9, anchors_after=9, height_before=2515, height_after=2515
    page 1: visibles=13, nuevos=13, acumulados=13
    page 1: sample_skus=['00779129079444', '00400845542401', '00779129078987', '00400845542381', '00400845544631', '00779129078990', '00506003382367', '00780681000931']
    page 1: no se pudo avanzar al paginador siguiente
  productos acumulados subcategoría: 13

[54/55] Scrape: [Detergentes] Bolsas
      scroll round 2: anchors_before=13, anchors_after=13, height_before=2986, height_after=2986
      scroll round 2: anchors_before=7, anchors_after=7, height_before=2153, height_after=2153
      scroll round 4: anchors_before=9, anchors_after=9, height_before=2515, height_after=2515
      DOM estabilizado tras 4 rondas de scroll
    page 1: visibles=9, nuevos=9, acumulados=9
    page 1: sample_skus=['00779113000913', '00779113000870', '00779113000873', '00780681001428', '00779113000606', '00780501000098', '00780501000229', '00779113000608']
    page 1: no se pudo avanzar al paginador siguiente
  productos acumulados subcategoría: 9

[55/55] Scrape: [Detergentes] Accesorios
      scroll round 3: anchors_before=13, anchors_after=13, height_before=2986, height_after=2986
    page 1: procesando DOM [Detergentes > Bolsas]
      scroll round 3: anchors_before=7, anchors_after=7, height_before=2153, height_after=2153
    page 1: procesando DOM [Detergentes > Accesorios]
      scroll round 4: anchors_before=13, anchors_after=13, height_before=2986, height_after=2986
      DOM estabilizado tras 4 rondas de scroll
      scroll round 4: anchors_before=7, anchors_after=7, height_before=2153, height_after=2153
      DOM estabilizado tras 4 rondas de scroll
      scroll round 1: anchors_before=3, anchors_after=3, height_before=1998, height_after=2099
    page 1: visibles=13, nuevos=13, acumulados=13
    page 1: sample_skus=['00780654000064', '00780465334132', '00780654000648', '00780650016572', '00780654000898', '00780654000936', '00780465334109', '00780654000057']
    page 1: no se pudo avanzar al paginador siguiente
  productos acumulados subcategoría: 13
    page 1: visibles=7, nuevos=7, acumulados=7
    page 1: sample_skus=['00780502569851', '00780502569852', '00780681002489', '00779052002700', '00779052002701', '00779052002699', '00400845561071']
    page 1: no se pudo avanzar al paginador siguiente
  productos acumulados subcategoría: 7
      scroll round 2: anchors_before=3, anchors_after=3, height_before=2099, height_after=2099
      scroll round 1: anchors_before=10, anchors_after=10, height_before=2438, height_after=2539
      scroll round 2: anchors_before=10, anchors_after=10, height_before=2539, height_after=2539
      scroll round 3: anchors_before=3, anchors_after=3, height_before=2099, height_after=2099
      scroll round 3: anchors_before=10, anchors_after=10, height_before=2539, height_after=2539
      scroll round 4: anchors_before=3, anchors_after=3, height_before=2099, height_after=2099
      DOM estabilizado tras 4 rondas de scroll
    page 1: visibles=3, nuevos=3, acumulados=3
    page 1: sample_skus=['00780187500250', '00078918552285', '00078918552250']
    page 1: no se pudo avanzar al paginador siguiente
  productos acumulados subcategoría: 3
      scroll round 4: anchors_before=10, anchors_after=10, height_before=2539, height_after=2539
      DOM estabilizado tras 4 rondas de scroll
    page 1: visibles=10, nuevos=10, acumulados=10
    page 1: sample_skus=['00780681002649', '00040005067221', '00780799157331', '00040005067220', '00780681002648', '00780583610019', '00780681001129', '00063424000468']
    page 1: no se pudo avanzar al paginador siguiente
  productos acumulados subcategoría: 10

==============================
Total subcategorías: 55
Subcategorías bloqueadas: 0
Total filas finales: 1210
CSV generado: output\limpieza_aseo\lider_limpieza_aseo_20260317_193929.csv
==============================
