sku,name,brand,net_content,unit,price,list_price,discount_price,in_offer,saving_text,ppum,ppum_list_price,detail_url,image_url,group_name,category_name,category_url,source_next_data_url,extracted_at
64622,Leche entera Loncoleche sin tapa 1 L,Loncoleche,1 un,litro,1000,1120,1000,True,Ahorras $120,$1.000 x litro,$1.120 x litro,https://www.unimarc.cl/leche-entera-s-t-loncoleche-1-lt/p,https://unimarc.vtexassets.com/arquivos/ids/252240/000000000000640959-UN-01.jpg?v=638966678965770000,Bebidas vegetales,"Leches, cremas y bebidas vegetales",https://www.unimarc.cl/category/lacteos-huevos-y-refrigerados/leches-cremas-y-bebidas-vegetales,https://www.unimarc.cl/_next/data/0ucQ92dO_m9T9joH0FjVV/category/lacteos-huevos-y-refrigerados/leches-cremas-y-bebidas-vegetales.json?categories=lacteos-huevos-y-refrigerados&categories=leches-cremas-y-bebidas-vegetales,2026-02-20T18:38:54
64623,Leche semidescremada Loncoleche sin tapa 1 L,Loncoleche,1 un,litro,1000,1120,1000,True,Ahorras $120,$1.000 x litro,$1.120 x litro,https://www.unimarc.cl/leche-semi-desc-s-t-loncoleche-1-lt/p,https://unimarc.vtexassets.com/arquivos/ids/250850/000000000000640960-UN-01.jpg?v=638966667641470000,Bebidas vegetales,"Leches, cremas y bebidas vegetales",https://www.unimarc.cl/category/lacteos-huevos-y-refrigerados/leches-cremas-y-bebidas-vegetales,https://www.unimarc.cl/_next/data/0ucQ92dO_m9T9joH0FjVV/category/lacteos-huevos-y-refrigerados/leches-cremas-y-bebidas-vegetales.json?categories=lacteos-huevos-y-refrigerados&categories=leches-cremas-y-bebidas-vegetales,2026-02-20T18:38:54
2896,Leche entera natural Colun sin tapa 1 L,Colun,1 un,litro,1250,1350,1250,True,Ahorras $100,$1.250 x litro,$1.350 x litro,https://www.unimarc.cl/leche-entera-natural-colun-sin-tapa-1-l-2/p,https://unimarc.vtexassets.com/arquivos/ids/200220/000000000000007390-UN-01.jpg?v=638338607201470000,Bebidas vegetales,"Leches, cremas y bebidas vegetales",https://www.unimarc.cl/category/lacteos-huevos-y-refrigerados/leches-cremas-y-bebidas-vegetales,https://www.unimarc.cl/_next/data/0ucQ92dO_m9T9joH0FjVV/category/lacteos-huevos-y-refrigerados/leches-cremas-y-bebidas-vegetales.json?categories=lacteos-huevos-y-refrigerados&categories=leches-cremas-y-bebidas-vegetales,2026-02-20T18:38:54
2974,Leche entera natural con tapa Soprole 1 L Leche entera natural Soprole 1 L,Soprole,1 un,litro,1150,1150,,False,,$1.150 x litro,$1.150 x litro,https://www.unimarc.cl/leche-entera-natural-soprole-con-tapa-1-l-2/p,https://unimarc.vtexassets.com/arquivos/ids/252404/000000000000516748-UN-01.jpg?v=638972809538400000,Bebidas vegetales,"Leches, cremas y bebidas vegetales",https://www.unimarc.cl/category/lacteos-huevos-y-refrigerados/leches-cremas-y-bebidas-vegetales,https://www.unimarc.cl/_next/data/0ucQ92dO_m9T9joH0FjVV/category/lacteos-huevos-y-refrigerados/leches-cremas-y-bebidas-vegetales.json?categories=lacteos-huevos-y-refrigerados&categories=leches-cremas-y-bebidas-vegetales,2026-02-20T18:38:54
7827,Leche semidescremada sin lactosa Loncoleche con tapa 1 L,Loncoleche,1 un,litro,1190,1360,1190,True,Ahorras $170,$1.190 x litro,$1.360 x litro,https://www.unimarc.cl/leche-semidescremada-sin-lactosa-loncoleche-1-l/p,https://unimarc.vtexassets.com/arquivos/ids/250846/000000000000007413-UN-01.jpg?v=638912177552630000,Bebidas vegetales,"Leches, cremas y bebidas vegetales",https://www.unimarc.cl/category/lacteos-huevos-y-refrigerados/leches-cremas-y-bebidas-vegetales,https://www.unimarc.cl/_next/data/0ucQ92dO_m9T9joH0FjVV/category/lacteos-huevos-y-refrigerados/leches-cremas-y-bebidas-vegetales.json?categories=lacteos-huevos-y-refrigerados&categories=leches-cremas-y-bebidas-vegetales,2026-02-20T18:38:54
5610,Crema de leche lista Loncoleche sin Lactosa tetra 200 ml,Loncoleche,1 un,litro,1000,1320,1000,True,Ahorras $320,$5.000 x litro,$6.600 x litro,https://www.unimarc.cl/crema-sin-lactosa-loncoleche-tetra-200-cc-2/p,https://unimarc.vtexassets.com/arquivos/ids/237768/000000000000578191-UN-01.jpg?v=638439577120930000,Bebidas vegetales,"Leches, cremas y bebidas vegetales",https://www.unimarc.cl/category/lacteos-huevos-y-refrigerados/leches-cremas-y-bebidas-vegetales,https://www.unimarc.cl/_next/data/0ucQ92dO_m9T9joH0FjVV/category/lacteos-huevos-y-refrigerados/leches-cremas-y-bebidas-vegetales.json?categories=lacteos-huevos-y-refrigerados&categories=leches-cremas-y-bebidas-vegetales,2026-02-20T18:38:54
75001,Leche en polvo Colun entera instantáneo doypack 900 g,Colun,1 un,Kg,7990,8290,7990,True,Ahorras $300,$8.878 x Kg,$9.211 x Kg,https://www.unimarc.cl/leche-polvo-inst-entera-colun-900-gr/p,https://unimarc.vtexassets.com/arquivos/ids/206536/000000000000646834-UN-01.jpg?v=637465786818800000,Bebidas vegetales,"Leches, cremas y bebidas vegetales",https://www.unimarc.cl/category/lacteos-huevos-y-refrigerados/leches-cremas-y-bebidas-vegetales,https://www.unimarc.cl/_next/data/0ucQ92dO_m9T9joH0FjVV/category/lacteos-huevos-y-refrigerados/leches-cremas-y-bebidas-vegetales.json?categories=lacteos-huevos-y-refrigerados&categories=leches-cremas-y-bebidas-vegetales,2026-02-20T18:38:54
970,Crema de leche Nestlé lata abre fácil 157 g,Nestle,1 un,Kg,1340,1340,,False,,$8.535 x Kg,$8.535 x Kg,https://www.unimarc.cl/crema-de-leche-nestle-lata-abre-facil-157-g/p,https://unimarc.vtexassets.com/arquivos/ids/247266/000000000000344299-UN-01.jpg.jpg?v=638767999533100000,Bebidas vegetales,"Leches, cremas y bebidas vegetales",https://www.unimarc.cl/category/lacteos-huevos-y-refrigerados/leches-cremas-y-bebidas-vegetales,https://www.unimarc.cl/_next/data/0ucQ92dO_m9T9joH0FjVV/category/lacteos-huevos-y-refrigerados/leches-cremas-y-bebidas-vegetales.json?categories=lacteos-huevos-y-refrigerados&categories=leches-cremas-y-bebidas-vegetales,2026-02-20T18:38:54
64624,Leche descremada Loncoleche sin tapa 1 L,Loncoleche,1 un,litro,1000,1120,1000,True,Ahorras $120,$1.000 x litro,$1.120 x litro,https://www.unimarc.cl/leche-descremada-s-t-loncoleche-1-lt/p,https://unimarc.vtexassets.com/arquivos/ids/250851/000000000000640961-UN-01.jpg?v=638966667652700000,Bebidas vegetales,"Leches, cremas y bebidas vegetales",https://www.unimarc.cl/category/lacteos-huevos-y-refrigerados/leches-cremas-y-bebidas-vegetales,https://www.unimarc.cl/_next/data/0ucQ92dO_m9T9joH0FjVV/category/lacteos-huevos-y-refrigerados/leches-cremas-y-bebidas-vegetales.json?categories=lacteos-huevos-y-refrigerados&categories=leches-cremas-y-bebidas-vegetales,2026-02-20T18:38:54
82955,Leche en polvo Nido entera tarro 1.350 g,Nido,1 un,Kg,15490,15490,,False,,$11.474 x Kg,$11.474 x Kg,https://www.unimarc.cl/leche-inst-en-polvo-26-mg-nido-1-350kg/p,https://unimarc.vtexassets.com/arquivos/ids/233877/000000000000662285-UN-01.jpg?v=638345260295200000,Bebidas vegetales,"Leches, cremas y bebidas vegetales",https://www.unimarc.cl/category/lacteos-huevos-y-refrigerados/leches-cremas-y-bebidas-vegetales,https://www.unimarc.cl/_next/data/0ucQ92dO_m9T9joH0FjVV/category/lacteos-huevos-y-refrigerados/leches-cremas-y-bebidas-vegetales.json?categories=lacteos-huevos-y-refrigerados&categories=leches-cremas-y-bebidas-vegetales,2026-02-20T18:38:54
4172,Leche descremada sin lactosa Loncoleche con tapa 1 L,Loncoleche,1 un,litro,1190,1360,1190,True,Ahorras $170,$1.190 x litro,$1.360 x litro,https://www.unimarc.cl/leche-descremada-sin-lactosa-loncoleche-con-tapa-1/p,https://unimarc.vtexassets.com/arquivos/ids/250848/000000000000176636-UN-01.jpg?v=638912179304030000,Bebidas vegetales,"Leches, cremas y bebidas vegetales",https://www.unimarc.cl/category/lacteos-huevos-y-refrigerados/leches-cremas-y-bebidas-vegetales,https://www.unimarc.cl/_next/data/0ucQ92dO_m9T9joH0FjVV/category/lacteos-huevos-y-refrigerados/leches-cremas-y-bebidas-vegetales.json?categories=lacteos-huevos-y-refrigerados&categories=leches-cremas-y-bebidas-vegetales,2026-02-20T18:38:54
3950,Leche entera sin lactosa Loncoleche con tapa 1 L,Loncoleche,1 un,litro,1190,1360,1190,True,Ahorras $170,$1.190 x litro,$1.360 x litro,https://www.unimarc.cl/leche-entera-sin-lactosa-loncoleche-con-tapa-1-l/p,https://unimarc.vtexassets.com/arquivos/ids/250847/000000000000158375-UN-01.jpg?v=638912178678270000,Bebidas vegetales,"Leches, cremas y bebidas vegetales",https://www.unimarc.cl/category/lacteos-huevos-y-refrigerados/leches-cremas-y-bebidas-vegetales,https://www.unimarc.cl/_next/data/0ucQ92dO_m9T9joH0FjVV/category/lacteos-huevos-y-refrigerados/leches-cremas-y-bebidas-vegetales.json?categories=lacteos-huevos-y-refrigerados&categories=leches-cremas-y-bebidas-vegetales,2026-02-20T18:38:54
82042,Bebida láctea Nido buen día semidescremada bolsa 700 g,Nido,1 un,Kg,6290,6290,,False,,$8.986 x Kg,$8.986 x Kg,https://www.unimarc.cl/leche-buen-dia-lsp-softpack-nido-700-gr/p,https://unimarc.vtexassets.com/arquivos/ids/227846/000000000000657049-UN-01.jpg?v=637925398644930000,Bebidas vegetales,"Leches, cremas y bebidas vegetales",https://www.unimarc.cl/category/lacteos-huevos-y-refrigerados/leches-cremas-y-bebidas-vegetales,https://www.unimarc.cl/_next/data/0ucQ92dO_m9T9joH0FjVV/category/lacteos-huevos-y-refrigerados/leches-cremas-y-bebidas-vegetales.json?categories=lacteos-huevos-y-refrigerados&categories=leches-cremas-y-bebidas-vegetales,2026-02-20T18:38:54
2898,Leche semidescremada Colun sin tapa 1 L,Colun,1 un,litro,1250,1350,1250,True,Ahorras $100,$1.250 x litro,$1.350 x litro,https://www.unimarc.cl/leche-semidescremada-colun-sin-tapa-1-l-2/p,https://unimarc.vtexassets.com/arquivos/ids/200219/000000000000007408-UN-01.jpg?v=637327700395230000,Bebidas vegetales,"Leches, cremas y bebidas vegetales",https://www.unimarc.cl/category/lacteos-huevos-y-refrigerados/leches-cremas-y-bebidas-vegetales,https://www.unimarc.cl/_next/data/0ucQ92dO_m9T9joH0FjVV/category/lacteos-huevos-y-refrigerados/leches-cremas-y-bebidas-vegetales.json?categories=lacteos-huevos-y-refrigerados&categories=leches-cremas-y-bebidas-vegetales,2026-02-20T18:38:54
348,Crema para batir de leche Soprole natural larga vida 1 L Crema para batir Soprole  1 L,Soprole,1 un,litro,4990,5650,4990,True,Ahorras $660,$4.990 x litro,$5.650 x litro,https://www.unimarc.cl/crema-para-batir-soprole-larga-v-tetra-c-tapa-1l/p,https://unimarc.vtexassets.com/arquivos/ids/213860/000000000000047388-UN-01.jpg?v=637554026877770000,Bebidas vegetales,"Leches, cremas y bebidas vegetales",https://www.unimarc.cl/category/lacteos-huevos-y-refrigerados/leches-cremas-y-bebidas-vegetales,https://www.unimarc.cl/_next/data/0ucQ92dO_m9T9joH0FjVV/category/lacteos-huevos-y-refrigerados/leches-cremas-y-bebidas-vegetales.json?categories=lacteos-huevos-y-refrigerados&categories=leches-cremas-y-bebidas-vegetales,2026-02-20T18:38:54
3466,Leche semidescremada Colun sabor chocolate 1 L,Colun,1 un,litro,1690,1780,1690,True,Ahorras $90,$1.690 x litro,$1.780 x litro,https://www.unimarc.cl/leche-chocolate-semidescremada-colun-1-l/p,https://unimarc.vtexassets.com/arquivos/ids/200252/000000000000046528-UN-01.jpg?v=638338607219830000,Bebidas vegetales,"Leches, cremas y bebidas vegetales",https://www.unimarc.cl/category/lacteos-huevos-y-refrigerados/leches-cremas-y-bebidas-vegetales,https://www.unimarc.cl/_next/data/0ucQ92dO_m9T9joH0FjVV/category/lacteos-huevos-y-refrigerados/leches-cremas-y-bebidas-vegetales.json?categories=lacteos-huevos-y-refrigerados&categories=leches-cremas-y-bebidas-vegetales,2026-02-20T18:38:54
4207,Leche sin lactosa descremada Soprole 1 L Leche descremada sin lactosa Soprole Zerolacto con tapa 1 L,Soprole,1 un,litro,1145,1390,1145,True,Ahorras $245,$1.145 x litro,$1.390 x litro,https://www.unimarc.cl/leche-descremada-zero-lacto-soprole-con-tapa-1-l/p,https://unimarc.vtexassets.com/arquivos/ids/252401/000000000000177770-UN-01.jpg?v=638972808860870000,Bebidas vegetales,"Leches, cremas y bebidas vegetales",https://www.unimarc.cl/category/lacteos-huevos-y-refrigerados/leches-cremas-y-bebidas-vegetales,https://www.unimarc.cl/_next/data/0ucQ92dO_m9T9joH0FjVV/category/lacteos-huevos-y-refrigerados/leches-cremas-y-bebidas-vegetales.json?categories=lacteos-huevos-y-refrigerados&categories=leches-cremas-y-bebidas-vegetales,2026-02-20T18:38:54
7565,Leche semidescremada Colun sabor chocolate 200 ml,Colun,1 un,litro,590,590,,False,,$2.950 x litro,$2.950 x litro,https://www.unimarc.cl/leche-chocolate-semidescremada-colun-200-ml/p,https://unimarc.vtexassets.com/arquivos/ids/200261/000000000402629004-UN-01.jpg?v=638338607303570000,Bebidas vegetales,"Leches, cremas y bebidas vegetales",https://www.unimarc.cl/category/lacteos-huevos-y-refrigerados/leches-cremas-y-bebidas-vegetales,https://www.unimarc.cl/_next/data/0ucQ92dO_m9T9joH0FjVV/category/lacteos-huevos-y-refrigerados/leches-cremas-y-bebidas-vegetales.json?categories=lacteos-huevos-y-refrigerados&categories=leches-cremas-y-bebidas-vegetales,2026-02-20T18:38:54
631,Saborizante para leche Milo activ-go bolsa 1 Kg,Milo,1 un,Kg,9160,11450,9160,True,Ahorras $2.290,$9.160 x Kg,$11.450 x Kg,https://www.unimarc.cl/chocolate-milo-bolsa-1-kg/p,https://unimarc.vtexassets.com/arquivos/ids/227045/000000000000172482-UN-01.jpg?v=638900919409630000,Bebidas vegetales,"Leches, cremas y bebidas vegetales",https://www.unimarc.cl/category/lacteos-huevos-y-refrigerados/leches-cremas-y-bebidas-vegetales,https://www.unimarc.cl/_next/data/0ucQ92dO_m9T9joH0FjVV/category/lacteos-huevos-y-refrigerados/leches-cremas-y-bebidas-vegetales.json?categories=lacteos-huevos-y-refrigerados&categories=leches-cremas-y-bebidas-vegetales,2026-02-20T18:38:54
2973,Leche semidescremada natural Soprole 1 L Leche natural semidescremada Soprole 1 L,Soprole,1 un,litro,1150,1150,,False,,$1.150 x litro,$1.150 x litro,https://www.unimarc.cl/leche-semidescremada-soprole-con-tapa-1-l/p,https://unimarc.vtexassets.com/arquivos/ids/252403/000000000000516747-UN-01.jpg?v=638972809319730000,Bebidas vegetales,"Leches, cremas y bebidas vegetales",https://www.unimarc.cl/category/lacteos-huevos-y-refrigerados/leches-cremas-y-bebidas-vegetales,https://www.unimarc.cl/_next/data/0ucQ92dO_m9T9joH0FjVV/category/lacteos-huevos-y-refrigerados/leches-cremas-y-bebidas-vegetales.json?categories=lacteos-huevos-y-refrigerados&categories=leches-cremas-y-bebidas-vegetales,2026-02-20T18:38:54
7840,Crema para batir de leche Colun 200 ml Crema de leche Colun 200 ml,Colun,1 un,litro,1450,1450,,False,,$7.250 x litro,$7.250 x litro,https://www.unimarc.cl/crema-para-batir-colun-larga-vida-tetra-200-cc-2/p,https://unimarc.vtexassets.com/arquivos/ids/220310/000000000000007493-UN-01.jpg?v=637680279991900000,Bebidas vegetales,"Leches, cremas y bebidas vegetales",https://www.unimarc.cl/category/lacteos-huevos-y-refrigerados/leches-cremas-y-bebidas-vegetales,https://www.unimarc.cl/_next/data/0ucQ92dO_m9T9joH0FjVV/category/lacteos-huevos-y-refrigerados/leches-cremas-y-bebidas-vegetales.json?categories=lacteos-huevos-y-refrigerados&categories=leches-cremas-y-bebidas-vegetales,2026-02-20T18:38:54
91982,Leche descremada Surlat sin lactosa 6 un de 200 ml,Surlat,1 un,litro,2000,3840,2000,True,Ahorras $1.840,$1.667 x litro,$3.200 x litro,https://www.unimarc.cl/leche-desc-sin-lactosa-surlat-200ml-2/p,https://unimarc.vtexassets.com/arquivos/ids/250334/000000000000681906-DIS-01.jpg?v=638899166461770000,Bebidas vegetales,"Leches, cremas y bebidas vegetales",https://www.unimarc.cl/category/lacteos-huevos-y-refrigerados/leches-cremas-y-bebidas-vegetales,https://www.unimarc.cl/_next/data/0ucQ92dO_m9T9joH0FjVV/category/lacteos-huevos-y-refrigerados/leches-cremas-y-bebidas-vegetales.json?categories=lacteos-huevos-y-refrigerados&categories=leches-cremas-y-bebidas-vegetales,2026-02-20T18:38:54
6049,Leche descremada sin lactosa Colun 1 L,Colun,1 un,litro,1290,1360,1290,True,Ahorras $70,$1.290 x litro,$1.360 x litro,https://www.unimarc.cl/leche-descremada-sin-lactosa-colun-1-lt-2/p,https://unimarc.vtexassets.com/arquivos/ids/200257/000000000000621034-UN-01.jpg?v=638338607237430000,Bebidas vegetales,"Leches, cremas y bebidas vegetales",https://www.unimarc.cl/category/lacteos-huevos-y-refrigerados/leches-cremas-y-bebidas-vegetales,https://www.unimarc.cl/_next/data/0ucQ92dO_m9T9joH0FjVV/category/lacteos-huevos-y-refrigerados/leches-cremas-y-bebidas-vegetales.json?categories=lacteos-huevos-y-refrigerados&categories=leches-cremas-y-bebidas-vegetales,2026-02-20T18:38:54
7564,Pack leche semidescremada Colun sabor chocolate 6 un de 200 ml,Colun,1 un,litro,3000,3540,3000,True,Ahorras $540,$2.500 x litro,$2.950 x litro,https://www.unimarc.cl/leche-chocolate-semidescremada-colun-200-ml-6-un/p,https://unimarc.vtexassets.com/arquivos/ids/178819/402629004.jpg?v=636730433945470000,Bebidas vegetales,"Leches, cremas y bebidas vegetales",https://www.unimarc.cl/category/lacteos-huevos-y-refrigerados/leches-cremas-y-bebidas-vegetales,https://www.unimarc.cl/_next/data/0ucQ92dO_m9T9joH0FjVV/category/lacteos-huevos-y-refrigerados/leches-cremas-y-bebidas-vegetales.json?categories=lacteos-huevos-y-refrigerados&categories=leches-cremas-y-bebidas-vegetales,2026-02-20T18:38:54
2897,Leche descremada Colun 1 L,Colun,1 un,litro,1250,1350,1250,True,Ahorras $100,$1.250 x litro,$1.350 x litro,https://www.unimarc.cl/leche-descremada-colun-sin-tapa-1-l-2/p,https://unimarc.vtexassets.com/arquivos/ids/200221/000000000000007407-UN-01.jpg?v=638338607211000000,Bebidas vegetales,"Leches, cremas y bebidas vegetales",https://www.unimarc.cl/category/lacteos-huevos-y-refrigerados/leches-cremas-y-bebidas-vegetales,https://www.unimarc.cl/_next/data/0ucQ92dO_m9T9joH0FjVV/category/lacteos-huevos-y-refrigerados/leches-cremas-y-bebidas-vegetales.json?categories=lacteos-huevos-y-refrigerados&categories=leches-cremas-y-bebidas-vegetales,2026-02-20T18:38:54
84687,Fórmula láctea Nido Etapa 1 bolsa 700 g,Nido,1 un,Kg,7030,8790,7030,True,Ahorras $1.760,$10.043 x Kg,$12.557 x Kg,https://www.unimarc.cl/leche-en-pvo-etapa-1-optimus-nido-700gr/p,https://unimarc.vtexassets.com/arquivos/ids/234194/000000000000665273-UN-01.jpg?v=638234791480430000,Bebidas vegetales,"Leches, cremas y bebidas vegetales",https://www.unimarc.cl/category/lacteos-huevos-y-refrigerados/leches-cremas-y-bebidas-vegetales,https://www.unimarc.cl/_next/data/0ucQ92dO_m9T9joH0FjVV/category/lacteos-huevos-y-refrigerados/leches-cremas-y-bebidas-vegetales.json?categories=lacteos-huevos-y-refrigerados&categories=leches-cremas-y-bebidas-vegetales,2026-02-20T18:38:54
6051,Leche semidescremada sin lactosa Colun 1 L,Colun,1 un,litro,1290,1360,1290,True,Ahorras $70,$1.290 x litro,$1.360 x litro,https://www.unimarc.cl/leche-semidescremada-sin-lactosa-colun-1-lt/p,https://unimarc.vtexassets.com/arquivos/ids/200258/000000000000621035-UN-01.jpg?v=638338607246230000,Bebidas vegetales,"Leches, cremas y bebidas vegetales",https://www.unimarc.cl/category/lacteos-huevos-y-refrigerados/leches-cremas-y-bebidas-vegetales,https://www.unimarc.cl/_next/data/0ucQ92dO_m9T9joH0FjVV/category/lacteos-huevos-y-refrigerados/leches-cremas-y-bebidas-vegetales.json?categories=lacteos-huevos-y-refrigerados&categories=leches-cremas-y-bebidas-vegetales,2026-02-20T18:38:54
7842,Crema de leche Soprole natural larga vida 200 ml Crema espesa Soprole 200 ml,Soprole,1 un,Kg,1390,1390,,False,,$6.950 x Kg,$6.950 x Kg,https://www.unimarc.cl/crema-espesa-larga-vida-soprole-200-ml-2/p,https://unimarc.vtexassets.com/arquivos/ids/213859/000000000000007504-UN-01.jpg?v=637554025257630000,Bebidas vegetales,"Leches, cremas y bebidas vegetales",https://www.unimarc.cl/category/lacteos-huevos-y-refrigerados/leches-cremas-y-bebidas-vegetales,https://www.unimarc.cl/_next/data/0ucQ92dO_m9T9joH0FjVV/category/lacteos-huevos-y-refrigerados/leches-cremas-y-bebidas-vegetales.json?categories=lacteos-huevos-y-refrigerados&categories=leches-cremas-y-bebidas-vegetales,2026-02-20T18:38:54
7835,Crema de leche Nestlé cajita 200 ml,Nestle,1 un,litro,1580,1580,,False,,$7.900 x litro,$7.900 x litro,https://www.unimarc.cl/crema-larga-vida-la-lechera-200-ml-2/p,https://unimarc.vtexassets.com/arquivos/ids/250536/000000000000007482-UN-01.jpg?v=638901127680930000,Bebidas vegetales,"Leches, cremas y bebidas vegetales",https://www.unimarc.cl/category/lacteos-huevos-y-refrigerados/leches-cremas-y-bebidas-vegetales,https://www.unimarc.cl/_next/data/0ucQ92dO_m9T9joH0FjVV/category/lacteos-huevos-y-refrigerados/leches-cremas-y-bebidas-vegetales.json?categories=lacteos-huevos-y-refrigerados&categories=leches-cremas-y-bebidas-vegetales,2026-02-20T18:38:54
11300,Leche entera sin lactosa Colun con tapa 1 L,Colun,1 un,litro,1290,1360,1290,True,Ahorras $70,$1.290 x litro,$1.360 x litro,https://www.unimarc.cl/leche-entera-s-lactosa-colun-1-lt-2/p,https://unimarc.vtexassets.com/arquivos/ids/200256/000000000000621033-UN-01.jpg?v=637327994130570000,Bebidas vegetales,"Leches, cremas y bebidas vegetales",https://www.unimarc.cl/category/lacteos-huevos-y-refrigerados/leches-cremas-y-bebidas-vegetales,https://www.unimarc.cl/_next/data/0ucQ92dO_m9T9joH0FjVV/category/lacteos-huevos-y-refrigerados/leches-cremas-y-bebidas-vegetales.json?categories=lacteos-huevos-y-refrigerados&categories=leches-cremas-y-bebidas-vegetales,2026-02-20T18:38:54
4209,Leche sin lactosa semidescremada Soprole 1 L Leche semidescremada sin lactosa Soprole Zerolacto con tapa 1 L,Soprole,1 un,litro,1145,1390,1145,True,Ahorras $245,$1.145 x litro,$1.390 x litro,https://www.unimarc.cl/leche-semidescremada-zero-lacto-soprole-con-tapa-1-l/p,https://unimarc.vtexassets.com/arquivos/ids/252402/000000000000177772-UN-01.jpg?v=638972809087600000,Bebidas vegetales,"Leches, cremas y bebidas vegetales",https://www.unimarc.cl/category/lacteos-huevos-y-refrigerados/leches-cremas-y-bebidas-vegetales,https://www.unimarc.cl/_next/data/0ucQ92dO_m9T9joH0FjVV/category/lacteos-huevos-y-refrigerados/leches-cremas-y-bebidas-vegetales.json?categories=lacteos-huevos-y-refrigerados&categories=leches-cremas-y-bebidas-vegetales,2026-02-20T18:38:54
91829,Leche semidescremada Colun origen chocolate 200 ml,Colun,1 un,litro,650,650,,False,,$3.250 x litro,$3.250 x litro,https://www.unimarc.cl/leche-origen-chocolate-colun-200ml-2/p,https://unimarc.vtexassets.com/arquivos/ids/250328/000000000000679147-UN-01.jpg?v=638895847333400000,Bebidas vegetales,"Leches, cremas y bebidas vegetales",https://www.unimarc.cl/category/lacteos-huevos-y-refrigerados/leches-cremas-y-bebidas-vegetales,https://www.unimarc.cl/_next/data/0ucQ92dO_m9T9joH0FjVV/category/lacteos-huevos-y-refrigerados/leches-cremas-y-bebidas-vegetales.json?categories=lacteos-huevos-y-refrigerados&categories=leches-cremas-y-bebidas-vegetales,2026-02-20T18:38:54
7530,Leche semidescremada Soprole chocolate 200 ml Leche chocolate semidescremada Soprole 200 ml,Soprole,1 un,litro,590,590,,False,,$2.950 x litro,$2.950 x litro,https://www.unimarc.cl/leche-chocolate-semidescremada-soprole-200-ml/p,https://unimarc.vtexassets.com/arquivos/ids/254533/000000000402613002-UN-01.jpg?v=639026171259200000,Bebidas vegetales,"Leches, cremas y bebidas vegetales",https://www.unimarc.cl/category/lacteos-huevos-y-refrigerados/leches-cremas-y-bebidas-vegetales,https://www.unimarc.cl/_next/data/0ucQ92dO_m9T9joH0FjVV/category/lacteos-huevos-y-refrigerados/leches-cremas-y-bebidas-vegetales.json?categories=lacteos-huevos-y-refrigerados&categories=leches-cremas-y-bebidas-vegetales,2026-02-20T18:38:54
88954,Leche Surlat proteína chocolate sin lactosa 1 L,Surlat,1 un,litro,2200,2930,2200,True,Ahorras $730,$2.200 x litro,$2.930 x litro,https://www.unimarc.cl/leche-proteina-chocolate-s-l-surlat-1-lt/p,https://unimarc.vtexassets.com/arquivos/ids/252823/000000000000670402-UN-01.jpg?v=638978885925770000,Bebidas vegetales,"Leches, cremas y bebidas vegetales",https://www.unimarc.cl/category/lacteos-huevos-y-refrigerados/leches-cremas-y-bebidas-vegetales,https://www.unimarc.cl/_next/data/0ucQ92dO_m9T9joH0FjVV/category/lacteos-huevos-y-refrigerados/leches-cremas-y-bebidas-vegetales.json?categories=lacteos-huevos-y-refrigerados&categories=leches-cremas-y-bebidas-vegetales,2026-02-20T18:38:54
81849,Leche en polvo Nido entera 800 g,Nido,1 un,Kg,8150,10190,8150,True,Ahorras $2.040,$10.188 x Kg,$12.738 x Kg,https://www.unimarc.cl/leche-en-polvo-intantanea-nido-800-gr/p,https://unimarc.vtexassets.com/arquivos/ids/233875/000000000000658948-UN-01.jpg?v=638345260282830000,Bebidas vegetales,"Leches, cremas y bebidas vegetales",https://www.unimarc.cl/category/lacteos-huevos-y-refrigerados/leches-cremas-y-bebidas-vegetales,https://www.unimarc.cl/_next/data/0ucQ92dO_m9T9joH0FjVV/category/lacteos-huevos-y-refrigerados/leches-cremas-y-bebidas-vegetales.json?categories=lacteos-huevos-y-refrigerados&categories=leches-cremas-y-bebidas-vegetales,2026-02-20T18:38:54
71247,Bebida láctea Surlat chocolate 200 ml,Surlat,1 un,litro,540,540,,False,,$2.700 x litro,$2.700 x litro,https://www.unimarc.cl/bebida-lactea-surlat-chocolate-200-ml/p,https://unimarc.vtexassets.com/arquivos/ids/246770/000000000000640114-UN-01.jpg.jpg?v=638750501319430000,Bebidas vegetales,"Leches, cremas y bebidas vegetales",https://www.unimarc.cl/category/lacteos-huevos-y-refrigerados/leches-cremas-y-bebidas-vegetales,https://www.unimarc.cl/_next/data/0ucQ92dO_m9T9joH0FjVV/category/lacteos-huevos-y-refrigerados/leches-cremas-y-bebidas-vegetales.json?categories=lacteos-huevos-y-refrigerados&categories=leches-cremas-y-bebidas-vegetales,2026-02-20T18:38:54
7563,Leche semidescremada Colun sabor frutilla 200 ml,Colun,1 un,litro,590,590,,False,,$2.950 x litro,$2.950 x litro,https://www.unimarc.cl/leche-frutilla-semidescremada-colun-200-ml/p,https://unimarc.vtexassets.com/arquivos/ids/200260/000000000402629003-UN-01.jpg?v=638338607295770000,Bebidas vegetales,"Leches, cremas y bebidas vegetales",https://www.unimarc.cl/category/lacteos-huevos-y-refrigerados/leches-cremas-y-bebidas-vegetales,https://www.unimarc.cl/_next/data/0ucQ92dO_m9T9joH0FjVV/category/lacteos-huevos-y-refrigerados/leches-cremas-y-bebidas-vegetales.json?categories=lacteos-huevos-y-refrigerados&categories=leches-cremas-y-bebidas-vegetales,2026-02-20T18:38:54
63719,Saborizante para leche Nesquik optistart chocolate bolsa 700 g,Nesquik,1 un,Kg,5150,5150,,False,,$7.357 x Kg,$7.357 x Kg,https://www.unimarc.cl/saborizante-optis-nesquik-700-chocolate/p,https://unimarc.vtexassets.com/arquivos/ids/227044/000000000639186001-UN-01.jpg?v=637895338848770000,Bebidas vegetales,"Leches, cremas y bebidas vegetales",https://www.unimarc.cl/category/lacteos-huevos-y-refrigerados/leches-cremas-y-bebidas-vegetales,https://www.unimarc.cl/_next/data/0ucQ92dO_m9T9joH0FjVV/category/lacteos-huevos-y-refrigerados/leches-cremas-y-bebidas-vegetales.json?categories=lacteos-huevos-y-refrigerados&categories=leches-cremas-y-bebidas-vegetales,2026-02-20T18:38:54
7561,Leche semidescremada Colun sabor vainilla 200 ml,Colun,1 un,litro,590,590,,False,,$2.950 x litro,$2.950 x litro,https://www.unimarc.cl/leche-vainilla-semidescremada-colun-200-ml/p,https://unimarc.vtexassets.com/arquivos/ids/200259/000000000402629001-UN-01.jpg?v=638338607287300000,Bebidas vegetales,"Leches, cremas y bebidas vegetales",https://www.unimarc.cl/category/lacteos-huevos-y-refrigerados/leches-cremas-y-bebidas-vegetales,https://www.unimarc.cl/_next/data/0ucQ92dO_m9T9joH0FjVV/category/lacteos-huevos-y-refrigerados/leches-cremas-y-bebidas-vegetales.json?categories=lacteos-huevos-y-refrigerados&categories=leches-cremas-y-bebidas-vegetales,2026-02-20T18:38:54
83856,Leche sin lactosa Soprole entera 1 L Leche zerolacto Soprole entera 1 L,Soprole,1 un,litro,1145,1390,1145,True,Ahorras $245,$1.145 x litro,$1.390 x litro,https://www.unimarc.cl/leche-zero-lacto-entera-soprole-1lt/p,https://unimarc.vtexassets.com/arquivos/ids/252407/000000000000663933-UN-01.jpg?v=638972810120870000,Bebidas vegetales,"Leches, cremas y bebidas vegetales",https://www.unimarc.cl/category/lacteos-huevos-y-refrigerados/leches-cremas-y-bebidas-vegetales,https://www.unimarc.cl/_next/data/0ucQ92dO_m9T9joH0FjVV/category/lacteos-huevos-y-refrigerados/leches-cremas-y-bebidas-vegetales.json?categories=lacteos-huevos-y-refrigerados&categories=leches-cremas-y-bebidas-vegetales,2026-02-20T18:38:54
59096,Saborizante para leche Nesquik optistart frutilla bolsa 380 g,Nesquik,1 un,Kg,3990,3990,,False,,$10.500 x Kg,$10.500 x Kg,https://www.unimarc.cl/saborizante-frutilla-optist-nesquik-380g/p,https://unimarc.vtexassets.com/arquivos/ids/227047/000000000000638276-UN-01.jpg?v=637895340243200000,Bebidas vegetales,"Leches, cremas y bebidas vegetales",https://www.unimarc.cl/category/lacteos-huevos-y-refrigerados/leches-cremas-y-bebidas-vegetales,https://www.unimarc.cl/_next/data/0ucQ92dO_m9T9joH0FjVV/category/lacteos-huevos-y-refrigerados/leches-cremas-y-bebidas-vegetales.json?categories=lacteos-huevos-y-refrigerados&categories=leches-cremas-y-bebidas-vegetales,2026-02-20T18:38:54
5609,Crema de leche Loncoleche sin lactosa 3 un de 200 ml,Loncoleche,1 un,litro,3000,3960,3000,True,Ahorras $960,$5.000 x litro,$6.600 x litro,https://www.unimarc.cl/crema-sin-lactosa-loncoleche-tetra-200-cc-3-un/p,https://unimarc.vtexassets.com/arquivos/ids/237767/000000000000578191-DIS-01.jpg?v=638439577111730000,Bebidas vegetales,"Leches, cremas y bebidas vegetales",https://www.unimarc.cl/category/lacteos-huevos-y-refrigerados/leches-cremas-y-bebidas-vegetales,https://www.unimarc.cl/_next/data/0ucQ92dO_m9T9joH0FjVV/category/lacteos-huevos-y-refrigerados/leches-cremas-y-bebidas-vegetales.json?categories=lacteos-huevos-y-refrigerados&categories=leches-cremas-y-bebidas-vegetales,2026-02-20T18:38:54
90549,Bebida láctea Surlat chocolate 6 un de 200 ml,Surlat,1 un,litro,2000,3240,2000,True,Ahorras $1.240,$1.667 x litro,$2.700 x litro,https://www.unimarc.cl/bebida-lactea-chocolate-surlat-200cc/p,https://unimarc.vtexassets.com/arquivos/ids/246771/000000000000640114-DIS-01.jpg.jpg?v=638750503411400000,Bebidas vegetales,"Leches, cremas y bebidas vegetales",https://www.unimarc.cl/category/lacteos-huevos-y-refrigerados/leches-cremas-y-bebidas-vegetales,https://www.unimarc.cl/_next/data/0ucQ92dO_m9T9joH0FjVV/category/lacteos-huevos-y-refrigerados/leches-cremas-y-bebidas-vegetales.json?categories=lacteos-huevos-y-refrigerados&categories=leches-cremas-y-bebidas-vegetales,2026-02-20T18:38:54
87167,Leche Soprole semidescremada con avena 200 ml,Soprole,1 un,litro,550,550,,False,,$2.750 x litro,$2.750 x litro,https://www.unimarc.cl/leche-con-avena-soprole-200-cc-2/p,https://unimarc.vtexassets.com/arquivos/ids/239673/000000000000668638-UN-01.jpg?v=638514702341900000,Bebidas vegetales,"Leches, cremas y bebidas vegetales",https://www.unimarc.cl/category/lacteos-huevos-y-refrigerados/leches-cremas-y-bebidas-vegetales,https://www.unimarc.cl/_next/data/0ucQ92dO_m9T9joH0FjVV/category/lacteos-huevos-y-refrigerados/leches-cremas-y-bebidas-vegetales.json?categories=lacteos-huevos-y-refrigerados&categories=leches-cremas-y-bebidas-vegetales,2026-02-20T18:38:54
90571,Bebida láctea Surlat frutilla 200 ml,Surlat,1 un,litro,540,540,,False,,$2.700 x litro,$2.700 x litro,https://www.unimarc.cl/bebida-lac-semdes-frutilla-surlat-200ml-2/p,https://unimarc.vtexassets.com/arquivos/ids/246772/000000000000668003-UN-01.jpg.jpg?v=638750505584430000,Bebidas vegetales,"Leches, cremas y bebidas vegetales",https://www.unimarc.cl/category/lacteos-huevos-y-refrigerados/leches-cremas-y-bebidas-vegetales,https://www.unimarc.cl/_next/data/0ucQ92dO_m9T9joH0FjVV/category/lacteos-huevos-y-refrigerados/leches-cremas-y-bebidas-vegetales.json?categories=lacteos-huevos-y-refrigerados&categories=leches-cremas-y-bebidas-vegetales,2026-02-20T18:38:54
88955,Leche Surlat proteína blanca sin lactosa 1 L,Surlat,1 un,litro,2090,2700,2090,True,Ahorras $610,$2.090 x litro,$2.700 x litro,https://www.unimarc.cl/leche-proteina-blanca-s-l-surlat-1-lt/p,https://unimarc.vtexassets.com/arquivos/ids/252825/000000000000670403-UN-01.jpg?v=638978886974330000,Bebidas vegetales,"Leches, cremas y bebidas vegetales",https://www.unimarc.cl/category/lacteos-huevos-y-refrigerados/leches-cremas-y-bebidas-vegetales,https://www.unimarc.cl/_next/data/0ucQ92dO_m9T9joH0FjVV/category/lacteos-huevos-y-refrigerados/leches-cremas-y-bebidas-vegetales.json?categories=lacteos-huevos-y-refrigerados&categories=leches-cremas-y-bebidas-vegetales,2026-02-20T18:38:54
91845,Leche descremada Surlat sin lactosa 200 ml,Surlat,1 un,litro,640,640,,False,,$3.200 x litro,$3.200 x litro,https://www.unimarc.cl/leche-desc-sin-lactosa-surlat-200ml/p,https://unimarc.vtexassets.com/arquivos/ids/250275/000000000000681906-UN-01.jpg?v=638893994805030000,Bebidas vegetales,"Leches, cremas y bebidas vegetales",https://www.unimarc.cl/category/lacteos-huevos-y-refrigerados/leches-cremas-y-bebidas-vegetales,https://www.unimarc.cl/_next/data/0ucQ92dO_m9T9joH0FjVV/category/lacteos-huevos-y-refrigerados/leches-cremas-y-bebidas-vegetales.json?categories=lacteos-huevos-y-refrigerados&categories=leches-cremas-y-bebidas-vegetales,2026-02-20T18:38:54
90993,Leche Soprole semidescremada con avena y chocolate 200 ml,Soprole,1 un,litro,550,550,,False,,$2.750 x litro,$2.750 x litro,https://www.unimarc.cl/leche-cn-avena-y-chocolate-soprole-200ml/p,https://unimarc.vtexassets.com/arquivos/ids/247290/000000000000674962-UN-01.jpg.jpg?v=638768069001600000,Bebidas vegetales,"Leches, cremas y bebidas vegetales",https://www.unimarc.cl/category/lacteos-huevos-y-refrigerados/leches-cremas-y-bebidas-vegetales,https://www.unimarc.cl/_next/data/0ucQ92dO_m9T9joH0FjVV/category/lacteos-huevos-y-refrigerados/leches-cremas-y-bebidas-vegetales.json?categories=lacteos-huevos-y-refrigerados&categories=leches-cremas-y-bebidas-vegetales,2026-02-20T18:38:54
80287,Saborizante de leche Nesquik sabor vainilla 380 g,Nesquik,1 un,Kg,3990,3990,,False,,$10.500 x Kg,$10.500 x Kg,https://www.unimarc.cl/saboriz-leche-s-vainilla-nesquik-380-gr/p,https://unimarc.vtexassets.com/arquivos/ids/222251/000000000000653150-UN-01.jpg?v=637750836425370000,Bebidas vegetales,"Leches, cremas y bebidas vegetales",https://www.unimarc.cl/category/lacteos-huevos-y-refrigerados/leches-cremas-y-bebidas-vegetales,https://www.unimarc.cl/_next/data/0ucQ92dO_m9T9joH0FjVV/category/lacteos-huevos-y-refrigerados/leches-cremas-y-bebidas-vegetales.json?categories=lacteos-huevos-y-refrigerados&categories=leches-cremas-y-bebidas-vegetales,2026-02-20T18:38:54
87165,Leche Soprole semidescremada con avena 1 L,Soprole,1 un,litro,1350,1500,1350,True,Ahorras $150,$1.350 x litro,$1.500 x litro,https://www.unimarc.cl/leche-con-avena-soprole-1-lt/p,https://unimarc.vtexassets.com/arquivos/ids/239674/000000000000668637-UN-01.jpg?v=638514702654100000,Bebidas vegetales,"Leches, cremas y bebidas vegetales",https://www.unimarc.cl/category/lacteos-huevos-y-refrigerados/leches-cremas-y-bebidas-vegetales,https://www.unimarc.cl/_next/data/0ucQ92dO_m9T9joH0FjVV/category/lacteos-huevos-y-refrigerados/leches-cremas-y-bebidas-vegetales.json?categories=lacteos-huevos-y-refrigerados&categories=leches-cremas-y-bebidas-vegetales,2026-02-20T18:38:54
1828,Pack bebida láctea chamyto Nestlé frutilla 12 un de 80 ml,Nestle,1 un,litro,4000,4900,4000,True,Ahorras $900,$4.167 x litro,$5.104 x litro,https://www.unimarc.cl/chamyto-probiotico-botella-80-ml-frutilla/p,https://unimarc.vtexassets.com/arquivos/ids/229243/000000000755136001-UN-01.jpg?v=637993070369470000,Bebidas vegetales,"Leches, cremas y bebidas vegetales",https://www.unimarc.cl/category/lacteos-huevos-y-refrigerados/leches-cremas-y-bebidas-vegetales,https://www.unimarc.cl/_next/data/0ucQ92dO_m9T9joH0FjVV/category/lacteos-huevos-y-refrigerados/leches-cremas-y-bebidas-vegetales.json?page=2&categories=lacteos-huevos-y-refrigerados&categories=leches-cremas-y-bebidas-vegetales,2026-02-20T18:38:59
82635,Leche entera Los Peumos 1 L,Los Peumos,1 un,litro,1050,1050,,False,,$1.050 x litro,$1.050 x litro,https://www.unimarc.cl/leche-entera-tetra-los-peumos-1lt/p,https://unimarc.vtexassets.com/arquivos/ids/251383/000000000000661119-UN-01.jpg?v=638931235513300000,Bebidas vegetales,"Leches, cremas y bebidas vegetales",https://www.unimarc.cl/category/lacteos-huevos-y-refrigerados/leches-cremas-y-bebidas-vegetales,https://www.unimarc.cl/_next/data/0ucQ92dO_m9T9joH0FjVV/category/lacteos-huevos-y-refrigerados/leches-cremas-y-bebidas-vegetales.json?page=2&categories=lacteos-huevos-y-refrigerados&categories=leches-cremas-y-bebidas-vegetales,2026-02-20T18:38:59
63659,Saborizante Nesquik optistart chocolate 400 g,Nesquik,1 un,Kg,3990,3990,,False,,$9.975 x Kg,$9.975 x Kg,https://www.unimarc.cl/saborizante-optistart-choc-nesquik-400gr/p,https://unimarc.vtexassets.com/arquivos/ids/227049/000000000000640009-UN-01.jpg?v=637895340933070000,Bebidas vegetales,"Leches, cremas y bebidas vegetales",https://www.unimarc.cl/category/lacteos-huevos-y-refrigerados/leches-cremas-y-bebidas-vegetales,https://www.unimarc.cl/_next/data/0ucQ92dO_m9T9joH0FjVV/category/lacteos-huevos-y-refrigerados/leches-cremas-y-bebidas-vegetales.json?page=2&categories=lacteos-huevos-y-refrigerados&categories=leches-cremas-y-bebidas-vegetales,2026-02-20T18:38:59
7089,Leche semidescremada Soprole chocolate requetepatitas 200 ml Leche Soprole sabor chocolate receta original 200 ml,Soprole,1 un,litro,590,590,,False,,$2.950 x litro,$2.950 x litro,https://www.unimarc.cl/leche-chocolate-descremada-light-soprole-200ml/p,https://unimarc.vtexassets.com/arquivos/ids/254527/000000000000985415-UN-01.jpg?v=639026152235170000,Bebidas vegetales,"Leches, cremas y bebidas vegetales",https://www.unimarc.cl/category/lacteos-huevos-y-refrigerados/leches-cremas-y-bebidas-vegetales,https://www.unimarc.cl/_next/data/0ucQ92dO_m9T9joH0FjVV/category/lacteos-huevos-y-refrigerados/leches-cremas-y-bebidas-vegetales.json?page=2&categories=lacteos-huevos-y-refrigerados&categories=leches-cremas-y-bebidas-vegetales,2026-02-20T18:38:59
63660,Saborizante Nesquik chocolate doypack 180 g,Nesquik,1 un,Kg,1990,1990,,False,,$11.056 x Kg,$11.056 x Kg,https://www.unimarc.cl/saborizante-optistart-choc-nesquik-180gr/p,https://unimarc.vtexassets.com/arquivos/ids/227051/000000000000640010-UN-01.jpg?v=637895341805030000,Bebidas vegetales,"Leches, cremas y bebidas vegetales",https://www.unimarc.cl/category/lacteos-huevos-y-refrigerados/leches-cremas-y-bebidas-vegetales,https://www.unimarc.cl/_next/data/0ucQ92dO_m9T9joH0FjVV/category/lacteos-huevos-y-refrigerados/leches-cremas-y-bebidas-vegetales.json?page=2&categories=lacteos-huevos-y-refrigerados&categories=leches-cremas-y-bebidas-vegetales,2026-02-20T18:38:59
95755,Leche Surlat whey proteína descremada chocolate 200 ml,Surlat,1 un,litro,740,740,,False,,$3.700 x litro,$3.700 x litro,https://www.unimarc.cl/leche-whey-prot-chocolate-surlat-200ml/p,https://unimarc.vtexassets.com/arquivos/ids/254348/000000000000693762-UN-01.jpg?v=639016580524570000,Bebidas vegetales,"Leches, cremas y bebidas vegetales",https://www.unimarc.cl/category/lacteos-huevos-y-refrigerados/leches-cremas-y-bebidas-vegetales,https://www.unimarc.cl/_next/data/0ucQ92dO_m9T9joH0FjVV/category/lacteos-huevos-y-refrigerados/leches-cremas-y-bebidas-vegetales.json?page=2&categories=lacteos-huevos-y-refrigerados&categories=leches-cremas-y-bebidas-vegetales,2026-02-20T18:38:59
84690,Leche en polvo Nido etapa 5 bolsa 700 g,Nido,1 un,Kg,7720,9650,7720,True,Ahorras $1.930,$11.029 x Kg,$13.786 x Kg,https://www.unimarc.cl/leche-en-polvo-etapa-5-opt-nido-700-gr/p,https://unimarc.vtexassets.com/arquivos/ids/234210/000000000000665280-UN-01.jpg?v=638235877061530000,Bebidas vegetales,"Leches, cremas y bebidas vegetales",https://www.unimarc.cl/category/lacteos-huevos-y-refrigerados/leches-cremas-y-bebidas-vegetales,https://www.unimarc.cl/_next/data/0ucQ92dO_m9T9joH0FjVV/category/lacteos-huevos-y-refrigerados/leches-cremas-y-bebidas-vegetales.json?page=2&categories=lacteos-huevos-y-refrigerados&categories=leches-cremas-y-bebidas-vegetales,2026-02-20T18:38:59
72576,Leche entera natural Soprole 200 ml,Soprole,1 un,litro,540,540,,False,,$2.700 x litro,$2.700 x litro,https://www.unimarc.cl/leche-entera-soprole-200-ml-2/p,https://unimarc.vtexassets.com/arquivos/ids/252406/000000000000646822-UN-01.jpg?v=638972809937830000,Bebidas vegetales,"Leches, cremas y bebidas vegetales",https://www.unimarc.cl/category/lacteos-huevos-y-refrigerados/leches-cremas-y-bebidas-vegetales,https://www.unimarc.cl/_next/data/0ucQ92dO_m9T9joH0FjVV/category/lacteos-huevos-y-refrigerados/leches-cremas-y-bebidas-vegetales.json?page=2&categories=lacteos-huevos-y-refrigerados&categories=leches-cremas-y-bebidas-vegetales,2026-02-20T18:38:59
7527,Leche semidescremada Soprole frutilla 200 ml Leche semidescremada Soprole sabor frutilla 200 ml,Soprole,1 un,litro,590,590,,False,,$2.950 x litro,$2.950 x litro,https://www.unimarc.cl/leche-soprole-200-cc-frutilla-3/p,https://unimarc.vtexassets.com/arquivos/ids/254532/000000000402613001-UN-01.jpg?v=639026170845370000,Bebidas vegetales,"Leches, cremas y bebidas vegetales",https://www.unimarc.cl/category/lacteos-huevos-y-refrigerados/leches-cremas-y-bebidas-vegetales,https://www.unimarc.cl/_next/data/0ucQ92dO_m9T9joH0FjVV/category/lacteos-huevos-y-refrigerados/leches-cremas-y-bebidas-vegetales.json?page=2&categories=lacteos-huevos-y-refrigerados&categories=leches-cremas-y-bebidas-vegetales,2026-02-20T18:38:59
95753,Leche Surlat whey proteína descremada caramelo 200 ml,Surlat,1 un,litro,740,740,,False,,$3.700 x litro,$3.700 x litro,https://www.unimarc.cl/leche-descre-whey-protein-carame-200ml/p,https://unimarc.vtexassets.com/arquivos/ids/254328/000000000000692747-UN-01.jpg?v=639016580203130000,Bebidas vegetales,"Leches, cremas y bebidas vegetales",https://www.unimarc.cl/category/lacteos-huevos-y-refrigerados/leches-cremas-y-bebidas-vegetales,https://www.unimarc.cl/_next/data/0ucQ92dO_m9T9joH0FjVV/category/lacteos-huevos-y-refrigerados/leches-cremas-y-bebidas-vegetales.json?page=2&categories=lacteos-huevos-y-refrigerados&categories=leches-cremas-y-bebidas-vegetales,2026-02-20T18:38:59
91769,Leche protein Soprole sabor cappuccino 1 L,Soprole,1 un,litro,2150,2590,2150,True,Ahorras $440,$2.150 x litro,$2.590 x litro,https://www.unimarc.cl/leche-protein-soprole-1l-cappuccino/p,https://unimarc.vtexassets.com/arquivos/ids/249815/000000000681040001-UN-01.jpg?v=638863793121970000,Bebidas vegetales,"Leches, cremas y bebidas vegetales",https://www.unimarc.cl/category/lacteos-huevos-y-refrigerados/leches-cremas-y-bebidas-vegetales,https://www.unimarc.cl/_next/data/0ucQ92dO_m9T9joH0FjVV/category/lacteos-huevos-y-refrigerados/leches-cremas-y-bebidas-vegetales.json?page=2&categories=lacteos-huevos-y-refrigerados&categories=leches-cremas-y-bebidas-vegetales,2026-02-20T18:38:59
75315,Saborizante para leche Milo activ-go bolsa 250 g,Milo,1 un,Kg,5990,5990,,False,,$23.960 x Kg,$23.960 x Kg,https://www.unimarc.cl/saboriz-activ-go-stabilo-prot-milo-250gr/p,https://unimarc.vtexassets.com/arquivos/ids/217341/000000000000649864-UN-01.jpg?v=637613668835500000,Bebidas vegetales,"Leches, cremas y bebidas vegetales",https://www.unimarc.cl/category/lacteos-huevos-y-refrigerados/leches-cremas-y-bebidas-vegetales,https://www.unimarc.cl/_next/data/0ucQ92dO_m9T9joH0FjVV/category/lacteos-huevos-y-refrigerados/leches-cremas-y-bebidas-vegetales.json?page=2&categories=lacteos-huevos-y-refrigerados&categories=leches-cremas-y-bebidas-vegetales,2026-02-20T18:38:59
7831,Leche entera Trencito Nestlé sabor chocolate 200 ml,Nestle,1 un,litro,680,680,,False,,$3.400 x litro,$3.400 x litro,https://www.unimarc.cl/leche-chocolate-entera-trencito-nestle-200-ml/p,https://unimarc.vtexassets.com/arquivos/ids/198739/000000000000007453-UN-01.jpg?v=637296949134000000,Bebidas vegetales,"Leches, cremas y bebidas vegetales",https://www.unimarc.cl/category/lacteos-huevos-y-refrigerados/leches-cremas-y-bebidas-vegetales,https://www.unimarc.cl/_next/data/0ucQ92dO_m9T9joH0FjVV/category/lacteos-huevos-y-refrigerados/leches-cremas-y-bebidas-vegetales.json?page=2&categories=lacteos-huevos-y-refrigerados&categories=leches-cremas-y-bebidas-vegetales,2026-02-20T18:38:59
84787,Bebida láctea Milo sin lactosa 200 ml,Milo,1 un,litro,680,680,,False,,$3.400 x litro,$3.400 x litro,https://www.unimarc.cl/bebida-lactea-sin-lactosa-milo-200ml/p,https://unimarc.vtexassets.com/arquivos/ids/235249/000000000000665631-UN-01.jpg?v=638336953180000000,Bebidas vegetales,"Leches, cremas y bebidas vegetales",https://www.unimarc.cl/category/lacteos-huevos-y-refrigerados/leches-cremas-y-bebidas-vegetales,https://www.unimarc.cl/_next/data/0ucQ92dO_m9T9joH0FjVV/category/lacteos-huevos-y-refrigerados/leches-cremas-y-bebidas-vegetales.json?page=2&categories=lacteos-huevos-y-refrigerados&categories=leches-cremas-y-bebidas-vegetales,2026-02-20T18:38:59
93994,Leche cultivada Soprole sabor chirimoya cajita 170 ml,Soprole,1 un,litro,600,600,,False,,$3.529 x litro,$3.529 x litro,https://www.unimarc.cl/leche-cultivada-soprole-170-m-chirimoya-2/p,https://unimarc.vtexassets.com/arquivos/ids/254392/000000000694725002-UN-01.jpg?v=639016580876070000,Bebidas vegetales,"Leches, cremas y bebidas vegetales",https://www.unimarc.cl/category/lacteos-huevos-y-refrigerados/leches-cremas-y-bebidas-vegetales,https://www.unimarc.cl/_next/data/0ucQ92dO_m9T9joH0FjVV/category/lacteos-huevos-y-refrigerados/leches-cremas-y-bebidas-vegetales.json?page=2&categories=lacteos-huevos-y-refrigerados&categories=leches-cremas-y-bebidas-vegetales,2026-02-20T18:38:59
73080,Saborizante para leche Trencito doypack 350 g,Trencito,1 un,Kg,3590,3590,,False,,$10.257 x Kg,$10.257 x Kg,https://www.unimarc.cl/chocolate-stabilo-trencito-350-gr/p,https://unimarc.vtexassets.com/arquivos/ids/202805/000000000000646651-UN-01.jpg?v=637378798157600000,Bebidas vegetales,"Leches, cremas y bebidas vegetales",https://www.unimarc.cl/category/lacteos-huevos-y-refrigerados/leches-cremas-y-bebidas-vegetales,https://www.unimarc.cl/_next/data/0ucQ92dO_m9T9joH0FjVV/category/lacteos-huevos-y-refrigerados/leches-cremas-y-bebidas-vegetales.json?page=2&categories=lacteos-huevos-y-refrigerados&categories=leches-cremas-y-bebidas-vegetales,2026-02-20T18:38:59
2975,Leche descremada natural Soprole 1 L Leche natural descremada Soprole 1 L,Soprole,1 un,litro,1150,1150,,False,,$1.150 x litro,$1.150 x litro,https://www.unimarc.cl/leche-descremada-soprole-con-tapa-1-l-2/p,https://unimarc.vtexassets.com/arquivos/ids/252405/000000000000516749-UN-01.jpg?v=638972809735300000,Bebidas vegetales,"Leches, cremas y bebidas vegetales",https://www.unimarc.cl/category/lacteos-huevos-y-refrigerados/leches-cremas-y-bebidas-vegetales,https://www.unimarc.cl/_next/data/0ucQ92dO_m9T9joH0FjVV/category/lacteos-huevos-y-refrigerados/leches-cremas-y-bebidas-vegetales.json?page=2&categories=lacteos-huevos-y-refrigerados&categories=leches-cremas-y-bebidas-vegetales,2026-02-20T18:38:59
7829,Leche chocolate fortificada Milo 200 ml.,Milo,1 un,litro,750,750,,False,,$3.750 x litro,$3.750 x litro,https://www.unimarc.cl/leche-chocolate-fortificada-milo-nestle-200ml/p,https://unimarc.vtexassets.com/arquivos/ids/231345/000000000000007448-UN-01.jpg?v=638064510558370000,Bebidas vegetales,"Leches, cremas y bebidas vegetales",https://www.unimarc.cl/category/lacteos-huevos-y-refrigerados/leches-cremas-y-bebidas-vegetales,https://www.unimarc.cl/_next/data/0ucQ92dO_m9T9joH0FjVV/category/lacteos-huevos-y-refrigerados/leches-cremas-y-bebidas-vegetales.json?page=2&categories=lacteos-huevos-y-refrigerados&categories=leches-cremas-y-bebidas-vegetales,2026-02-20T18:38:59
93992,Leche cultivada Soprole sabor frutilla cajita 170 ml,Soprole,1 un,litro,600,600,,False,,$3.529 x litro,$3.529 x litro,https://www.unimarc.cl/leche-cultivada-soprole-170-ml-frutilla-2/p,https://unimarc.vtexassets.com/arquivos/ids/254390/000000000694725001-UN-01.jpg?v=639016580866530000,Bebidas vegetales,"Leches, cremas y bebidas vegetales",https://www.unimarc.cl/category/lacteos-huevos-y-refrigerados/leches-cremas-y-bebidas-vegetales,https://www.unimarc.cl/_next/data/0ucQ92dO_m9T9joH0FjVV/category/lacteos-huevos-y-refrigerados/leches-cremas-y-bebidas-vegetales.json?page=2&categories=lacteos-huevos-y-refrigerados&categories=leches-cremas-y-bebidas-vegetales,2026-02-20T18:38:59
91827,Leche semidescremada Colun origen chocolate 1 L,Colun,1 un,litro,1800,2060,1800,True,Ahorras $260,$1.800 x litro,$2.060 x litro,https://www.unimarc.cl/leche-origen-chocolate-colun-1lt-2/p,https://unimarc.vtexassets.com/arquivos/ids/250326/000000000000679146-UN-01.jpg?v=638895845720900000,Bebidas vegetales,"Leches, cremas y bebidas vegetales",https://www.unimarc.cl/category/lacteos-huevos-y-refrigerados/leches-cremas-y-bebidas-vegetales,https://www.unimarc.cl/_next/data/0ucQ92dO_m9T9joH0FjVV/category/lacteos-huevos-y-refrigerados/leches-cremas-y-bebidas-vegetales.json?page=2&categories=lacteos-huevos-y-refrigerados&categories=leches-cremas-y-bebidas-vegetales,2026-02-20T18:38:59
91828,Leche semidescremada Colun origen chocolate 6 un de 200 ml,Colun,1 un,litro,3420,3900,3420,True,Ahorras $480,$2.850 x litro,$3.250 x litro,https://www.unimarc.cl/leche-origen-chocolate-colun-200ml/p,https://unimarc.vtexassets.com/arquivos/ids/250569/000000000000679147-DIS-01.jpg?v=638902678481730000,Bebidas vegetales,"Leches, cremas y bebidas vegetales",https://www.unimarc.cl/category/lacteos-huevos-y-refrigerados/leches-cremas-y-bebidas-vegetales,https://www.unimarc.cl/_next/data/0ucQ92dO_m9T9joH0FjVV/category/lacteos-huevos-y-refrigerados/leches-cremas-y-bebidas-vegetales.json?page=2&categories=lacteos-huevos-y-refrigerados&categories=leches-cremas-y-bebidas-vegetales,2026-02-20T18:38:59
6037,Leche semidescremada Colun Original sabor chocolate 1 L,Colun,1 un,litro,1690,1780,1690,True,Ahorras $90,$1.690 x litro,$1.780 x litro,https://www.unimarc.cl/leche-semidescremada-chocolate-original-colun-1l/p,https://unimarc.vtexassets.com/arquivos/ids/200254/000000000000616820-UN-01.jpg?v=637327991750730000,Bebidas vegetales,"Leches, cremas y bebidas vegetales",https://www.unimarc.cl/category/lacteos-huevos-y-refrigerados/leches-cremas-y-bebidas-vegetales,https://www.unimarc.cl/_next/data/0ucQ92dO_m9T9joH0FjVV/category/lacteos-huevos-y-refrigerados/leches-cremas-y-bebidas-vegetales.json?page=2&categories=lacteos-huevos-y-refrigerados&categories=leches-cremas-y-bebidas-vegetales,2026-02-20T18:38:59
73648,Leche proteína natural Soprole semidescremada 1 L Leche proteína natural Soprole protein+ semidescremada 1 L,Soprole,1 un,litro,2190,2550,2190,True,Ahorras $360,$2.190 x litro,$2.550 x litro,https://www.unimarc.cl/leche-blanca-protein-soprole-1lt/p,https://unimarc.vtexassets.com/arquivos/ids/223230/000000000000648145-UN-01.jpg?v=637781063205770000,Bebidas vegetales,"Leches, cremas y bebidas vegetales",https://www.unimarc.cl/category/lacteos-huevos-y-refrigerados/leches-cremas-y-bebidas-vegetales,https://www.unimarc.cl/_next/data/0ucQ92dO_m9T9joH0FjVV/category/lacteos-huevos-y-refrigerados/leches-cremas-y-bebidas-vegetales.json?page=2&categories=lacteos-huevos-y-refrigerados&categories=leches-cremas-y-bebidas-vegetales,2026-02-20T18:38:59
90995,Leche semidescremada natural Soprole 200 ml,Soprole,1 un,litro,540,540,,False,,$2.700 x litro,$2.700 x litro,https://www.unimarc.cl/leche-natural-semi-desc-soprole-200ml/p,https://unimarc.vtexassets.com/arquivos/ids/252408/000000000000674964-UN-01.jpg?v=638972810331500000,Bebidas vegetales,"Leches, cremas y bebidas vegetales",https://www.unimarc.cl/category/lacteos-huevos-y-refrigerados/leches-cremas-y-bebidas-vegetales,https://www.unimarc.cl/_next/data/0ucQ92dO_m9T9joH0FjVV/category/lacteos-huevos-y-refrigerados/leches-cremas-y-bebidas-vegetales.json?page=2&categories=lacteos-huevos-y-refrigerados&categories=leches-cremas-y-bebidas-vegetales,2026-02-20T18:38:59
3955,Leche semidescremada Loncoleche sabor plátano 200 ml,Loncoleche,1 un,litro,570,570,,False,,$2.850 x litro,$2.850 x litro,https://www.unimarc.cl/leche-platano-loncoleche-200-cc-2/p,https://unimarc.vtexassets.com/arquivos/ids/253084/000000000000158479-UN-01.jpg?v=638990023445630000,Bebidas vegetales,"Leches, cremas y bebidas vegetales",https://www.unimarc.cl/category/lacteos-huevos-y-refrigerados/leches-cremas-y-bebidas-vegetales,https://www.unimarc.cl/_next/data/0ucQ92dO_m9T9joH0FjVV/category/lacteos-huevos-y-refrigerados/leches-cremas-y-bebidas-vegetales.json?page=2&categories=lacteos-huevos-y-refrigerados&categories=leches-cremas-y-bebidas-vegetales,2026-02-20T18:38:59
600,Crema para batir Colun larga vida 1 L,Colun,1 un,litro,5290,5990,5290,True,Ahorras $700,$5.290 x litro,$5.990 x litro,https://www.unimarc.cl/crema-para-batir-colun-larga-v-tetra-s-tapa-1l/p,https://unimarc.vtexassets.com/arquivos/ids/200253/000000000000164153-UN-01.jpg?v=637327989643600000,Bebidas vegetales,"Leches, cremas y bebidas vegetales",https://www.unimarc.cl/category/lacteos-huevos-y-refrigerados/leches-cremas-y-bebidas-vegetales,https://www.unimarc.cl/_next/data/0ucQ92dO_m9T9joH0FjVV/category/lacteos-huevos-y-refrigerados/leches-cremas-y-bebidas-vegetales.json?page=2&categories=lacteos-huevos-y-refrigerados&categories=leches-cremas-y-bebidas-vegetales,2026-02-20T18:38:59
4174,Leche semidescremada sin lactosa Loncoleche 200 ml,Loncoleche,1 un,litro,570,570,,False,,$2.850 x litro,$2.850 x litro,https://www.unimarc.cl/leche-semidescremada-sin-lactosa-loncoleche-200-ml/p,https://unimarc.vtexassets.com/arquivos/ids/253085/000000000000176714-UN-01.jpg?v=638990026045330000,Bebidas vegetales,"Leches, cremas y bebidas vegetales",https://www.unimarc.cl/category/lacteos-huevos-y-refrigerados/leches-cremas-y-bebidas-vegetales,https://www.unimarc.cl/_next/data/0ucQ92dO_m9T9joH0FjVV/category/lacteos-huevos-y-refrigerados/leches-cremas-y-bebidas-vegetales.json?page=2&categories=lacteos-huevos-y-refrigerados&categories=leches-cremas-y-bebidas-vegetales,2026-02-20T18:38:59
59103,Saborizante para leche Nesquik optistart frutilla bolsa 180 g,Nesquik,1 un,Kg,1990,1990,,False,,$11.056 x Kg,$11.056 x Kg,https://www.unimarc.cl/saborizante-optist-nesquik-180-frutilla/p,https://unimarc.vtexassets.com/arquivos/ids/227053/000000000638271002-UN-01.jpg?v=637895342441100000,Bebidas vegetales,"Leches, cremas y bebidas vegetales",https://www.unimarc.cl/category/lacteos-huevos-y-refrigerados/leches-cremas-y-bebidas-vegetales,https://www.unimarc.cl/_next/data/0ucQ92dO_m9T9joH0FjVV/category/lacteos-huevos-y-refrigerados/leches-cremas-y-bebidas-vegetales.json?page=2&categories=lacteos-huevos-y-refrigerados&categories=leches-cremas-y-bebidas-vegetales,2026-02-20T18:38:59
7163,Leche semidescremada Loncoleche sabor chocolate 200 ml,Loncoleche,1 un,litro,570,570,,False,,$2.850 x litro,$2.850 x litro,https://www.unimarc.cl/leche-semidescremada-loncoleche-chocolate/p,https://unimarc.vtexassets.com/arquivos/ids/253090/000000000400069001-UN-01.jpg?v=638990031518400000,Bebidas vegetales,"Leches, cremas y bebidas vegetales",https://www.unimarc.cl/category/lacteos-huevos-y-refrigerados/leches-cremas-y-bebidas-vegetales,https://www.unimarc.cl/_next/data/0ucQ92dO_m9T9joH0FjVV/category/lacteos-huevos-y-refrigerados/leches-cremas-y-bebidas-vegetales.json?page=2&categories=lacteos-huevos-y-refrigerados&categories=leches-cremas-y-bebidas-vegetales,2026-02-20T18:38:59
90570,Bebida láctea Surlat frutilla 6 un de 200 ml,Surlat,1 un,litro,2000,3240,2000,True,Ahorras $1.240,$1.667 x litro,$2.700 x litro,https://www.unimarc.cl/bebida-lac-semdes-frutilla-surlat-200ml/p,https://unimarc.vtexassets.com/arquivos/ids/246773/000000000000668003-DIS-01.jpg.jpg?v=638750506857570000,Bebidas vegetales,"Leches, cremas y bebidas vegetales",https://www.unimarc.cl/category/lacteos-huevos-y-refrigerados/leches-cremas-y-bebidas-vegetales,https://www.unimarc.cl/_next/data/0ucQ92dO_m9T9joH0FjVV/category/lacteos-huevos-y-refrigerados/leches-cremas-y-bebidas-vegetales.json?page=2&categories=lacteos-huevos-y-refrigerados&categories=leches-cremas-y-bebidas-vegetales,2026-02-20T18:38:59
84688,Leche en polvo Nido etapa 3 bolsa 700 g,Nido,1 un,Kg,7720,9650,7720,True,Ahorras $1.930,$11.029 x Kg,$13.786 x Kg,https://www.unimarc.cl/leche-en-pvo-etapa-3-optimus-nido-700gr/p,https://unimarc.vtexassets.com/arquivos/ids/234195/000000000000665274-UN-01.jpg?v=638234797960130000,Bebidas vegetales,"Leches, cremas y bebidas vegetales",https://www.unimarc.cl/category/lacteos-huevos-y-refrigerados/leches-cremas-y-bebidas-vegetales,https://www.unimarc.cl/_next/data/0ucQ92dO_m9T9joH0FjVV/category/lacteos-huevos-y-refrigerados/leches-cremas-y-bebidas-vegetales.json?page=2&categories=lacteos-huevos-y-refrigerados&categories=leches-cremas-y-bebidas-vegetales,2026-02-20T18:38:59
7560,Pack leche semidescremada Colun sabor vainilla 6 un de 200 ml,Colun,1 un,litro,3000,3540,3000,True,Ahorras $540,$2.500 x litro,$2.950 x litro,https://www.unimarc.cl/leche-vainilla-semidescremada-colun-200-ml-6-un/p,https://unimarc.vtexassets.com/arquivos/ids/231053/000000000402629001-DIS-01.jpg?v=638053330416900000,Bebidas vegetales,"Leches, cremas y bebidas vegetales",https://www.unimarc.cl/category/lacteos-huevos-y-refrigerados/leches-cremas-y-bebidas-vegetales,https://www.unimarc.cl/_next/data/0ucQ92dO_m9T9joH0FjVV/category/lacteos-huevos-y-refrigerados/leches-cremas-y-bebidas-vegetales.json?page=2&categories=lacteos-huevos-y-refrigerados&categories=leches-cremas-y-bebidas-vegetales,2026-02-20T18:38:59
82956,Fórmula láctea Nido Etapa 1 tarro 1.350 Kg,Nido,1 un,Kg,17990,17990,,False,,$13.326 x Kg,$13.326 x Kg,https://www.unimarc.cl/leche-en-polvo-nido-1-nutritods-1-350kg/p,https://unimarc.vtexassets.com/arquivos/ids/230617/000000000000662286-UN-01.jpg?v=638042029781270000,Bebidas vegetales,"Leches, cremas y bebidas vegetales",https://www.unimarc.cl/category/lacteos-huevos-y-refrigerados/leches-cremas-y-bebidas-vegetales,https://www.unimarc.cl/_next/data/0ucQ92dO_m9T9joH0FjVV/category/lacteos-huevos-y-refrigerados/leches-cremas-y-bebidas-vegetales.json?page=2&categories=lacteos-huevos-y-refrigerados&categories=leches-cremas-y-bebidas-vegetales,2026-02-20T18:38:59
7562,Pack leche semidescremada Colun sabor frutilla 6 un de 200 ml,Colun,1 un,litro,3000,3540,3000,True,Ahorras $540,$2.500 x litro,$2.950 x litro,https://www.unimarc.cl/leche-frutilla-semidescremada-colun-200-ml-6-un/p,https://unimarc.vtexassets.com/arquivos/ids/231050/000000000402629003-DIS-01.jpg?v=638053305673830000,Bebidas vegetales,"Leches, cremas y bebidas vegetales",https://www.unimarc.cl/category/lacteos-huevos-y-refrigerados/leches-cremas-y-bebidas-vegetales,https://www.unimarc.cl/_next/data/0ucQ92dO_m9T9joH0FjVV/category/lacteos-huevos-y-refrigerados/leches-cremas-y-bebidas-vegetales.json?page=2&categories=lacteos-huevos-y-refrigerados&categories=leches-cremas-y-bebidas-vegetales,2026-02-20T18:38:59
91762,Leche descremada Soprole sin lactosa digestive 1 L,Soprole,1 un,litro,1590,1790,1590,True,Ahorras $200,$1.590 x litro,$1.790 x litro,https://www.unimarc.cl/leche-zerolacto-digestive-soprole-1l/p,https://unimarc.vtexassets.com/arquivos/ids/249993/000000000000681038-UN-01.jpg?v=638878356825570000,Bebidas vegetales,"Leches, cremas y bebidas vegetales",https://www.unimarc.cl/category/lacteos-huevos-y-refrigerados/leches-cremas-y-bebidas-vegetales,https://www.unimarc.cl/_next/data/0ucQ92dO_m9T9joH0FjVV/category/lacteos-huevos-y-refrigerados/leches-cremas-y-bebidas-vegetales.json?page=2&categories=lacteos-huevos-y-refrigerados&categories=leches-cremas-y-bebidas-vegetales,2026-02-20T18:38:59
5351,Leche sin lactosa semidescremada Soprole chocolate 1 L Leche semidescremada Soprole Zerolacto sin lactosa sabor chocolate 1 L,Soprole,1 un,litro,1790,1990,1790,True,Ahorras $200,$1.790 x litro,$1.990 x litro,https://www.unimarc.cl/leche-semidescremada-zero-lacto-chocolate-1-l-2/p,https://unimarc.vtexassets.com/arquivos/ids/249809/000000000000541424-UN-01.jpg?v=638863781479130000,Bebidas vegetales,"Leches, cremas y bebidas vegetales",https://www.unimarc.cl/category/lacteos-huevos-y-refrigerados/leches-cremas-y-bebidas-vegetales,https://www.unimarc.cl/_next/data/0ucQ92dO_m9T9joH0FjVV/category/lacteos-huevos-y-refrigerados/leches-cremas-y-bebidas-vegetales.json?page=2&categories=lacteos-huevos-y-refrigerados&categories=leches-cremas-y-bebidas-vegetales,2026-02-20T18:38:59
75316,Saborizante en polvo Nestlé cacao dulce 230 g,Nestle,1 un,Kg,2790,3470,2790,True,Ahorras $680,$12.130 x Kg,$15.087 x Kg,https://www.unimarc.cl/saboriz-cacao-dulce-e-polvo-nestle-230gr/p,https://unimarc.vtexassets.com/arquivos/ids/209851/000000000000649866-UN-01.jpg?v=637490986952430000,Bebidas vegetales,"Leches, cremas y bebidas vegetales",https://www.unimarc.cl/category/lacteos-huevos-y-refrigerados/leches-cremas-y-bebidas-vegetales,https://www.unimarc.cl/_next/data/0ucQ92dO_m9T9joH0FjVV/category/lacteos-huevos-y-refrigerados/leches-cremas-y-bebidas-vegetales.json?page=2&categories=lacteos-huevos-y-refrigerados&categories=leches-cremas-y-bebidas-vegetales,2026-02-20T18:38:59
83467,Cacao amargo en polvo Edra 150 Gr,Edra,1 un,Kg,2450,2450,,False,,$16.333 x Kg,$16.333 x Kg,https://www.unimarc.cl/cacao-amargo-edra-150-gr/p,https://unimarc.vtexassets.com/arquivos/ids/253707/000000000000662048-UN-01.jpg?v=639002178096670000,Bebidas vegetales,"Leches, cremas y bebidas vegetales",https://www.unimarc.cl/category/lacteos-huevos-y-refrigerados/leches-cremas-y-bebidas-vegetales,https://www.unimarc.cl/_next/data/0ucQ92dO_m9T9joH0FjVV/category/lacteos-huevos-y-refrigerados/leches-cremas-y-bebidas-vegetales.json?page=2&categories=lacteos-huevos-y-refrigerados&categories=leches-cremas-y-bebidas-vegetales,2026-02-20T18:38:59
5929,Saborizante Cocoa Raff chocolate bolsa 1 Kg,Cocoa Raff,1 un,Kg,4740,5990,4740,True,Ahorras $1.250,$4.740 x Kg,$5.990 x Kg,https://www.unimarc.cl/alimento-fort-cocoa-raff-1-kg/p,https://unimarc.vtexassets.com/arquivos/ids/237474/000000000000612530-UN-01.jpg?v=638411894488730000,Bebidas vegetales,"Leches, cremas y bebidas vegetales",https://www.unimarc.cl/category/lacteos-huevos-y-refrigerados/leches-cremas-y-bebidas-vegetales,https://www.unimarc.cl/_next/data/0ucQ92dO_m9T9joH0FjVV/category/lacteos-huevos-y-refrigerados/leches-cremas-y-bebidas-vegetales.json?page=2&categories=lacteos-huevos-y-refrigerados&categories=leches-cremas-y-bebidas-vegetales,2026-02-20T18:38:59
7529,Leche semidescremada Soprole chocolate 6 un de 200 ml Pack leche semidescremada Soprole sabor chocolate 6 un de 200 ml,Soprole,1 un,litro,3120,3540,3120,True,Ahorras $420,$2.600 x litro,$2.950 x litro,https://www.unimarc.cl/leche-choc-semidescr-soprole-6-u-x-200-ml-2/p,https://unimarc.vtexassets.com/arquivos/ids/254536/000000000402613002-DIS-01.jpg?v=639026189625230000,Bebidas vegetales,"Leches, cremas y bebidas vegetales",https://www.unimarc.cl/category/lacteos-huevos-y-refrigerados/leches-cremas-y-bebidas-vegetales,https://www.unimarc.cl/_next/data/0ucQ92dO_m9T9joH0FjVV/category/lacteos-huevos-y-refrigerados/leches-cremas-y-bebidas-vegetales.json?page=2&categories=lacteos-huevos-y-refrigerados&categories=leches-cremas-y-bebidas-vegetales,2026-02-20T18:38:59
5967,Leche semidescremada Colun sabor frutilla sin tapa 1 L,Colun,1 un,litro,1690,1780,1690,True,Ahorras $90,$1.690 x litro,$1.780 x litro,https://www.unimarc.cl/leche-semidescremada-frutilla-colun-1lt/p,https://unimarc.vtexassets.com/arquivos/ids/236160/000000000000614051-UN-01.jpg?v=638338623269470000,Bebidas vegetales,"Leches, cremas y bebidas vegetales",https://www.unimarc.cl/category/lacteos-huevos-y-refrigerados/leches-cremas-y-bebidas-vegetales,https://www.unimarc.cl/_next/data/0ucQ92dO_m9T9joH0FjVV/category/lacteos-huevos-y-refrigerados/leches-cremas-y-bebidas-vegetales.json?page=2&categories=lacteos-huevos-y-refrigerados&categories=leches-cremas-y-bebidas-vegetales,2026-02-20T18:38:59
72575,Pack Leche entera natural Soprole 6 un de 200 ml,Soprole,1 un,litro,3000,3240,3000,True,Ahorras $240,$2.500 x litro,$2.700 x litro,https://www.unimarc.cl/pack-leche-entera-soprole-6-un-de-200-ml/p,https://unimarc.vtexassets.com/arquivos/ids/213935/000000000000646822-DIS-01.jpg?v=638379123929930000,Bebidas vegetales,"Leches, cremas y bebidas vegetales",https://www.unimarc.cl/category/lacteos-huevos-y-refrigerados/leches-cremas-y-bebidas-vegetales,https://www.unimarc.cl/_next/data/0ucQ92dO_m9T9joH0FjVV/category/lacteos-huevos-y-refrigerados/leches-cremas-y-bebidas-vegetales.json?page=2&categories=lacteos-huevos-y-refrigerados&categories=leches-cremas-y-bebidas-vegetales,2026-02-20T18:38:59
54358,Leche proteína Soprole semidescremada con cacao 1 L Leche proteína Soprole Protein+ sabor chocolate 1 L,Soprole,1 un,litro,2090,2250,2090,True,Ahorras $160,$2.090 x litro,$2.250 x litro,https://www.unimarc.cl/leche-choco-alta-proteina-soprole-1l/p,https://unimarc.vtexassets.com/arquivos/ids/223229/000000000000635930-UN-01.jpg?v=637781062445800000,Bebidas vegetales,"Leches, cremas y bebidas vegetales",https://www.unimarc.cl/category/lacteos-huevos-y-refrigerados/leches-cremas-y-bebidas-vegetales,https://www.unimarc.cl/_next/data/0ucQ92dO_m9T9joH0FjVV/category/lacteos-huevos-y-refrigerados/leches-cremas-y-bebidas-vegetales.json?page=2&categories=lacteos-huevos-y-refrigerados&categories=leches-cremas-y-bebidas-vegetales,2026-02-20T18:38:59
67944,Pack bebida láctea chamyto Nestlé frambuesa 12 un de 80 ml,Nestle,1 un,litro,4000,4900,4000,True,Ahorras $900,$4.167 x litro,$5.104 x litro,https://www.unimarc.cl/beb-lact-chamyto-nestle-12x80-frambuesa/p,https://unimarc.vtexassets.com/arquivos/ids/229246/000000000755136003-UN-01.jpg?v=637993071863870000,Bebidas vegetales,"Leches, cremas y bebidas vegetales",https://www.unimarc.cl/category/lacteos-huevos-y-refrigerados/leches-cremas-y-bebidas-vegetales,https://www.unimarc.cl/_next/data/0ucQ92dO_m9T9joH0FjVV/category/lacteos-huevos-y-refrigerados/leches-cremas-y-bebidas-vegetales.json?page=2&categories=lacteos-huevos-y-refrigerados&categories=leches-cremas-y-bebidas-vegetales,2026-02-20T18:38:59
89535,Leche en polvo Soprole entera instantánea 800 g,Soprole,1 un,Kg,6760,7550,6760,True,Ahorras $790,$8.450 x Kg,$9.438 x Kg,https://www.unimarc.cl/leche-entera-en-polvo-inst-soprole-800gr/p,https://unimarc.vtexassets.com/arquivos/ids/245346/000000000000672452-UN-01.jpg?v=638670370443700000,Bebidas vegetales,"Leches, cremas y bebidas vegetales",https://www.unimarc.cl/category/lacteos-huevos-y-refrigerados/leches-cremas-y-bebidas-vegetales,https://www.unimarc.cl/_next/data/0ucQ92dO_m9T9joH0FjVV/category/lacteos-huevos-y-refrigerados/leches-cremas-y-bebidas-vegetales.json?page=2&categories=lacteos-huevos-y-refrigerados&categories=leches-cremas-y-bebidas-vegetales,2026-02-20T18:38:59
90994,Leche Soprole semidescremada con avena y chocolate 1 L,Soprole,1 un,litro,1450,1650,1450,True,Ahorras $200,$1.450 x litro,$1.650 x litro,https://www.unimarc.cl/leche-con-avena-y-chocolate-soprole-1lt/p,https://unimarc.vtexassets.com/arquivos/ids/247289/000000000000674963-UN-01.jpg.jpg?v=638768066729830000,Bebidas vegetales,"Leches, cremas y bebidas vegetales",https://www.unimarc.cl/category/lacteos-huevos-y-refrigerados/leches-cremas-y-bebidas-vegetales,https://www.unimarc.cl/_next/data/0ucQ92dO_m9T9joH0FjVV/category/lacteos-huevos-y-refrigerados/leches-cremas-y-bebidas-vegetales.json?page=2&categories=lacteos-huevos-y-refrigerados&categories=leches-cremas-y-bebidas-vegetales,2026-02-20T18:38:59
423,Saborizante para leche Milo bolsa 300 g,Milo,1 un,Kg,3990,3990,,False,,$13.300 x Kg,$13.300 x Kg,https://www.unimarc.cl/milo-de-chocolate-bolsa-300-g/p,https://unimarc.vtexassets.com/arquivos/ids/227055/000000000000053864-UN-01.jpg?v=637895343101300000,Bebidas vegetales,"Leches, cremas y bebidas vegetales",https://www.unimarc.cl/category/lacteos-huevos-y-refrigerados/leches-cremas-y-bebidas-vegetales,https://www.unimarc.cl/_next/data/0ucQ92dO_m9T9joH0FjVV/category/lacteos-huevos-y-refrigerados/leches-cremas-y-bebidas-vegetales.json?page=2&categories=lacteos-huevos-y-refrigerados&categories=leches-cremas-y-bebidas-vegetales,2026-02-20T18:38:59
5969,Leche semidescremada Colun sabor vainilla sin tapa 1 L,Colun,1 un,litro,1690,1780,1690,True,Ahorras $90,$1.690 x litro,$1.780 x litro,https://www.unimarc.cl/leche-vainilla-semidescremada-colun-sin-tapa-1-l/p,https://unimarc.vtexassets.com/arquivos/ids/203409/000000000000614054-UN-01.jpg?v=637389830197700000,Bebidas vegetales,"Leches, cremas y bebidas vegetales",https://www.unimarc.cl/category/lacteos-huevos-y-refrigerados/leches-cremas-y-bebidas-vegetales,https://www.unimarc.cl/_next/data/0ucQ92dO_m9T9joH0FjVV/category/lacteos-huevos-y-refrigerados/leches-cremas-y-bebidas-vegetales.json?page=2&categories=lacteos-huevos-y-refrigerados&categories=leches-cremas-y-bebidas-vegetales,2026-02-20T18:38:59
7292,Leche semidescremada Soprole chocolate 1 L Leche semidescremada Soprole sabor chocolate 1 L,Soprole,1 un,litro,1790,1790,,False,,$1.790 x litro,$1.790 x litro,https://www.unimarc.cl/leche-chocolate-semidescremada-soprole-sin-tapa-1-l/p,https://unimarc.vtexassets.com/arquivos/ids/254529/000000000400433002-UN-01.jpg?v=639026167002530000,Bebidas vegetales,"Leches, cremas y bebidas vegetales",https://www.unimarc.cl/category/lacteos-huevos-y-refrigerados/leches-cremas-y-bebidas-vegetales,https://www.unimarc.cl/_next/data/0ucQ92dO_m9T9joH0FjVV/category/lacteos-huevos-y-refrigerados/leches-cremas-y-bebidas-vegetales.json?page=2&categories=lacteos-huevos-y-refrigerados&categories=leches-cremas-y-bebidas-vegetales,2026-02-20T18:38:59
89573,Leche en polvo Soprole semidescremada 700 g,Soprole,1 un,Kg,6260,6990,6260,True,Ahorras $730,$8.943 x Kg,$9.986 x Kg,https://www.unimarc.cl/leche-semid-en-polvo-inst-soprole-700-gr/p,https://unimarc.vtexassets.com/arquivos/ids/245345/000000000000672451-UN-01.jpg?v=638670370096170000,Bebidas vegetales,"Leches, cremas y bebidas vegetales",https://www.unimarc.cl/category/lacteos-huevos-y-refrigerados/leches-cremas-y-bebidas-vegetales,https://www.unimarc.cl/_next/data/0ucQ92dO_m9T9joH0FjVV/category/lacteos-huevos-y-refrigerados/leches-cremas-y-bebidas-vegetales.json?page=2&categories=lacteos-huevos-y-refrigerados&categories=leches-cremas-y-bebidas-vegetales,2026-02-20T18:38:59
64622,Leche entera Loncoleche sin tapa 1 L,Loncoleche,1 un,litro,1000,1120,1000,True,Ahorras $120,$1.000 x litro,$1.120 x litro,https://www.unimarc.cl/leche-entera-s-t-loncoleche-1-lt/p,https://unimarc.vtexassets.com/arquivos/ids/252240/000000000000640959-UN-01.jpg?v=638966678965770000,Bebidas vegetales,Leches blancas,https://www.unimarc.cl/category/lacteos-huevos-y-refrigerados/leches-cremas-y-bebidas-vegetales/leches-blancas,https://www.unimarc.cl/_next/data/0ucQ92dO_m9T9joH0FjVV/category/lacteos-huevos-y-refrigerados/leches-cremas-y-bebidas-vegetales/leches-blancas.json?categories=lacteos-huevos-y-refrigerados&categories=leches-cremas-y-bebidas-vegetales&categories=leches-blancas,2026-02-20T18:39:08
64623,Leche semidescremada Loncoleche sin tapa 1 L,Loncoleche,1 un,litro,1000,1120,1000,True,Ahorras $120,$1.000 x litro,$1.120 x litro,https://www.unimarc.cl/leche-semi-desc-s-t-loncoleche-1-lt/p,https://unimarc.vtexassets.com/arquivos/ids/250850/000000000000640960-UN-01.jpg?v=638966667641470000,Bebidas vegetales,Leches blancas,https://www.unimarc.cl/category/lacteos-huevos-y-refrigerados/leches-cremas-y-bebidas-vegetales/leches-blancas,https://www.unimarc.cl/_next/data/0ucQ92dO_m9T9joH0FjVV/category/lacteos-huevos-y-refrigerados/leches-cremas-y-bebidas-vegetales/leches-blancas.json?categories=lacteos-huevos-y-refrigerados&categories=leches-cremas-y-bebidas-vegetales&categories=leches-blancas,2026-02-20T18:39:08
2896,Leche entera natural Colun sin tapa 1 L,Colun,1 un,litro,1250,1350,1250,True,Ahorras $100,$1.250 x litro,$1.350 x litro,https://www.unimarc.cl/leche-entera-natural-colun-sin-tapa-1-l-2/p,https://unimarc.vtexassets.com/arquivos/ids/200220/000000000000007390-UN-01.jpg?v=638338607201470000,Bebidas vegetales,Leches blancas,https://www.unimarc.cl/category/lacteos-huevos-y-refrigerados/leches-cremas-y-bebidas-vegetales/leches-blancas,https://www.unimarc.cl/_next/data/0ucQ92dO_m9T9joH0FjVV/category/lacteos-huevos-y-refrigerados/leches-cremas-y-bebidas-vegetales/leches-blancas.json?categories=lacteos-huevos-y-refrigerados&categories=leches-cremas-y-bebidas-vegetales&categories=leches-blancas,2026-02-20T18:39:08
2974,Leche entera natural con tapa Soprole 1 L Leche entera natural Soprole 1 L,Soprole,1 un,litro,1150,1150,,False,,$1.150 x litro,$1.150 x litro,https://www.unimarc.cl/leche-entera-natural-soprole-con-tapa-1-l-2/p,https://unimarc.vtexassets.com/arquivos/ids/252404/000000000000516748-UN-01.jpg?v=638972809538400000,Bebidas vegetales,Leches blancas,https://www.unimarc.cl/category/lacteos-huevos-y-refrigerados/leches-cremas-y-bebidas-vegetales/leches-blancas,https://www.unimarc.cl/_next/data/0ucQ92dO_m9T9joH0FjVV/category/lacteos-huevos-y-refrigerados/leches-cremas-y-bebidas-vegetales/leches-blancas.json?categories=lacteos-huevos-y-refrigerados&categories=leches-cremas-y-bebidas-vegetales&categories=leches-blancas,2026-02-20T18:39:08
64624,Leche descremada Loncoleche sin tapa 1 L,Loncoleche,1 un,litro,1000,1120,1000,True,Ahorras $120,$1.000 x litro,$1.120 x litro,https://www.unimarc.cl/leche-descremada-s-t-loncoleche-1-lt/p,https://unimarc.vtexassets.com/arquivos/ids/250851/000000000000640961-UN-01.jpg?v=638966667652700000,Bebidas vegetales,Leches blancas,https://www.unimarc.cl/category/lacteos-huevos-y-refrigerados/leches-cremas-y-bebidas-vegetales/leches-blancas,https://www.unimarc.cl/_next/data/0ucQ92dO_m9T9joH0FjVV/category/lacteos-huevos-y-refrigerados/leches-cremas-y-bebidas-vegetales/leches-blancas.json?categories=lacteos-huevos-y-refrigerados&categories=leches-cremas-y-bebidas-vegetales&categories=leches-blancas,2026-02-20T18:39:08
2898,Leche semidescremada Colun sin tapa 1 L,Colun,1 un,litro,1250,1350,1250,True,Ahorras $100,$1.250 x litro,$1.350 x litro,https://www.unimarc.cl/leche-semidescremada-colun-sin-tapa-1-l-2/p,https://unimarc.vtexassets.com/arquivos/ids/200219/000000000000007408-UN-01.jpg?v=637327700395230000,Bebidas vegetales,Leches blancas,https://www.unimarc.cl/category/lacteos-huevos-y-refrigerados/leches-cremas-y-bebidas-vegetales/leches-blancas,https://www.unimarc.cl/_next/data/0ucQ92dO_m9T9joH0FjVV/category/lacteos-huevos-y-refrigerados/leches-cremas-y-bebidas-vegetales/leches-blancas.json?categories=lacteos-huevos-y-refrigerados&categories=leches-cremas-y-bebidas-vegetales&categories=leches-blancas,2026-02-20T18:39:08
2973,Leche semidescremada natural Soprole 1 L Leche natural semidescremada Soprole 1 L,Soprole,1 un,litro,1150,1150,,False,,$1.150 x litro,$1.150 x litro,https://www.unimarc.cl/leche-semidescremada-soprole-con-tapa-1-l/p,https://unimarc.vtexassets.com/arquivos/ids/252403/000000000000516747-UN-01.jpg?v=638972809319730000,Bebidas vegetales,Leches blancas,https://www.unimarc.cl/category/lacteos-huevos-y-refrigerados/leches-cremas-y-bebidas-vegetales/leches-blancas,https://www.unimarc.cl/_next/data/0ucQ92dO_m9T9joH0FjVV/category/lacteos-huevos-y-refrigerados/leches-cremas-y-bebidas-vegetales/leches-blancas.json?categories=lacteos-huevos-y-refrigerados&categories=leches-cremas-y-bebidas-vegetales&categories=leches-blancas,2026-02-20T18:39:08
2897,Leche descremada Colun 1 L,Colun,1 un,litro,1250,1350,1250,True,Ahorras $100,$1.250 x litro,$1.350 x litro,https://www.unimarc.cl/leche-descremada-colun-sin-tapa-1-l-2/p,https://unimarc.vtexassets.com/arquivos/ids/200221/000000000000007407-UN-01.jpg?v=638338607211000000,Bebidas vegetales,Leches blancas,https://www.unimarc.cl/category/lacteos-huevos-y-refrigerados/leches-cremas-y-bebidas-vegetales/leches-blancas,https://www.unimarc.cl/_next/data/0ucQ92dO_m9T9joH0FjVV/category/lacteos-huevos-y-refrigerados/leches-cremas-y-bebidas-vegetales/leches-blancas.json?categories=lacteos-huevos-y-refrigerados&categories=leches-cremas-y-bebidas-vegetales&categories=leches-blancas,2026-02-20T18:39:08
82635,Leche entera Los Peumos 1 L,Los Peumos,1 un,litro,1050,1050,,False,,$1.050 x litro,$1.050 x litro,https://www.unimarc.cl/leche-entera-tetra-los-peumos-1lt/p,https://unimarc.vtexassets.com/arquivos/ids/251383/000000000000661119-UN-01.jpg?v=638931235513300000,Bebidas vegetales,Leches blancas,https://www.unimarc.cl/category/lacteos-huevos-y-refrigerados/leches-cremas-y-bebidas-vegetales/leches-blancas,https://www.unimarc.cl/_next/data/0ucQ92dO_m9T9joH0FjVV/category/lacteos-huevos-y-refrigerados/leches-cremas-y-bebidas-vegetales/leches-blancas.json?categories=lacteos-huevos-y-refrigerados&categories=leches-cremas-y-bebidas-vegetales&categories=leches-blancas,2026-02-20T18:39:08
2975,Leche descremada natural Soprole 1 L Leche natural descremada Soprole 1 L,Soprole,1 un,litro,1150,1150,,False,,$1.150 x litro,$1.150 x litro,https://www.unimarc.cl/leche-descremada-soprole-con-tapa-1-l-2/p,https://unimarc.vtexassets.com/arquivos/ids/252405/000000000000516749-UN-01.jpg?v=638972809735300000,Bebidas vegetales,Leches blancas,https://www.unimarc.cl/category/lacteos-huevos-y-refrigerados/leches-cremas-y-bebidas-vegetales/leches-blancas,https://www.unimarc.cl/_next/data/0ucQ92dO_m9T9joH0FjVV/category/lacteos-huevos-y-refrigerados/leches-cremas-y-bebidas-vegetales/leches-blancas.json?categories=lacteos-huevos-y-refrigerados&categories=leches-cremas-y-bebidas-vegetales&categories=leches-blancas,2026-02-20T18:39:08
73648,Leche proteína natural Soprole semidescremada 1 L Leche proteína natural Soprole protein+ semidescremada 1 L,Soprole,1 un,litro,2190,2550,2190,True,Ahorras $360,$2.190 x litro,$2.550 x litro,https://www.unimarc.cl/leche-blanca-protein-soprole-1lt/p,https://unimarc.vtexassets.com/arquivos/ids/223230/000000000000648145-UN-01.jpg?v=637781063205770000,Bebidas vegetales,Leches blancas,https://www.unimarc.cl/category/lacteos-huevos-y-refrigerados/leches-cremas-y-bebidas-vegetales/leches-blancas,https://www.unimarc.cl/_next/data/0ucQ92dO_m9T9joH0FjVV/category/lacteos-huevos-y-refrigerados/leches-cremas-y-bebidas-vegetales/leches-blancas.json?categories=lacteos-huevos-y-refrigerados&categories=leches-cremas-y-bebidas-vegetales&categories=leches-blancas,2026-02-20T18:39:08
65430,Pack leche entera Loncoleche 12 un 1 L,Loncoleche,1 un,litro,12600,13320,12600,True,Ahorras $720,$1.050 x litro,$1.110 x litro,https://www.unimarc.cl/leche-entera-s-t-loncoleche-1-lt-2/p,https://unimarc.vtexassets.com/arquivos/ids/252239/000000000000640959-CJ-01.jpg?v=638966678329870000,Bebidas vegetales,Leches blancas,https://www.unimarc.cl/category/lacteos-huevos-y-refrigerados/leches-cremas-y-bebidas-vegetales/leches-blancas,https://www.unimarc.cl/_next/data/0ucQ92dO_m9T9joH0FjVV/category/lacteos-huevos-y-refrigerados/leches-cremas-y-bebidas-vegetales/leches-blancas.json?categories=lacteos-huevos-y-refrigerados&categories=leches-cremas-y-bebidas-vegetales&categories=leches-blancas,2026-02-20T18:39:08
65440,Pack leche semidescremada Loncoleche 12 un 1 L,Loncoleche,1 un,litro,12600,13320,12600,True,Ahorras $720,$1.050 x litro,$1.110 x litro,https://www.unimarc.cl/leche-semi-desc-s-t-loncoleche-1-lt-2/p,https://unimarc.vtexassets.com/arquivos/ids/233706/000000000000640960-CJ-01.jpg?v=638966667635530000,Bebidas vegetales,Leches blancas,https://www.unimarc.cl/category/lacteos-huevos-y-refrigerados/leches-cremas-y-bebidas-vegetales/leches-blancas,https://www.unimarc.cl/_next/data/0ucQ92dO_m9T9joH0FjVV/category/lacteos-huevos-y-refrigerados/leches-cremas-y-bebidas-vegetales/leches-blancas.json?categories=lacteos-huevos-y-refrigerados&categories=leches-cremas-y-bebidas-vegetales&categories=leches-blancas,2026-02-20T18:39:08
82672,Leche Los Peumos semidescremada 1 L,Los Peumos,1 un,litro,1050,1050,,False,,$1.050 x litro,$1.050 x litro,https://www.unimarc.cl/leche-semidescremada-tetra-los-peumos-1l/p,https://unimarc.vtexassets.com/arquivos/ids/251382/000000000000661118-UN-01.jpg?v=638931235318130000,Bebidas vegetales,Leches blancas,https://www.unimarc.cl/category/lacteos-huevos-y-refrigerados/leches-cremas-y-bebidas-vegetales/leches-blancas,https://www.unimarc.cl/_next/data/0ucQ92dO_m9T9joH0FjVV/category/lacteos-huevos-y-refrigerados/leches-cremas-y-bebidas-vegetales/leches-blancas.json?categories=lacteos-huevos-y-refrigerados&categories=leches-cremas-y-bebidas-vegetales&categories=leches-blancas,2026-02-20T18:39:08
83611,Leche descremada Los Peumos 1 L,Los Peumos,1 un,litro,1050,1050,,False,,$1.050 x litro,$1.050 x litro,https://www.unimarc.cl/leche-descremada-tetra-los-peumos-1lt-2/p,https://unimarc.vtexassets.com/arquivos/ids/251384/000000000000661120-UN-01.jpg?v=638931235706730000,Bebidas vegetales,Leches blancas,https://www.unimarc.cl/category/lacteos-huevos-y-refrigerados/leches-cremas-y-bebidas-vegetales/leches-blancas,https://www.unimarc.cl/_next/data/0ucQ92dO_m9T9joH0FjVV/category/lacteos-huevos-y-refrigerados/leches-cremas-y-bebidas-vegetales/leches-blancas.json?categories=lacteos-huevos-y-refrigerados&categories=leches-cremas-y-bebidas-vegetales&categories=leches-blancas,2026-02-20T18:39:08
76440,Leche entera Surlat sin lactosa 1 L,Surlat,1 un,litro,1350,1350,,False,,$1.350 x litro,$1.350 x litro,https://www.unimarc.cl/leche-entera-sin-lactosa-surlat-1l/p,https://unimarc.vtexassets.com/arquivos/ids/237916/000000000000651131-UN-01.jpg?v=638442892600530000,Bebidas vegetales,Leches blancas,https://www.unimarc.cl/category/lacteos-huevos-y-refrigerados/leches-cremas-y-bebidas-vegetales/leches-blancas,https://www.unimarc.cl/_next/data/0ucQ92dO_m9T9joH0FjVV/category/lacteos-huevos-y-refrigerados/leches-cremas-y-bebidas-vegetales/leches-blancas.json?categories=lacteos-huevos-y-refrigerados&categories=leches-cremas-y-bebidas-vegetales&categories=leches-blancas,2026-02-20T18:39:08
7817,"Pack Leche entera natural Colun, sin tapa 12 un de 1 L",Colun,1 un,litro,16200,16200,,False,,$1.350 x litro,$1.350 x litro,https://www.unimarc.cl/leche-entera-natural-colun-sin-tapa-1-l-caja-12-un/p,https://unimarc.vtexassets.com/arquivos/ids/231046/000000000000007390-CJ-01.jpg?v=638053300351300000,Bebidas vegetales,Leches blancas,https://www.unimarc.cl/category/lacteos-huevos-y-refrigerados/leches-cremas-y-bebidas-vegetales/leches-blancas,https://www.unimarc.cl/_next/data/0ucQ92dO_m9T9joH0FjVV/category/lacteos-huevos-y-refrigerados/leches-cremas-y-bebidas-vegetales/leches-blancas.json?categories=lacteos-huevos-y-refrigerados&categories=leches-cremas-y-bebidas-vegetales&categories=leches-blancas,2026-02-20T18:39:08
5265,Pack Leche entera natural Soprole 12 un de 1 L,Soprole,1 un,litro,13800,13800,,False,,$1.150 x litro,$1.150 x litro,https://www.unimarc.cl/leche-entera-natural-soprole-con-tapa-1-l-caja-12-un/p,https://unimarc.vtexassets.com/arquivos/ids/213887/000000000000516748-CJ-01.jpg?v=637556526408570000,Bebidas vegetales,Leches blancas,https://www.unimarc.cl/category/lacteos-huevos-y-refrigerados/leches-cremas-y-bebidas-vegetales/leches-blancas,https://www.unimarc.cl/_next/data/0ucQ92dO_m9T9joH0FjVV/category/lacteos-huevos-y-refrigerados/leches-cremas-y-bebidas-vegetales/leches-blancas.json?categories=lacteos-huevos-y-refrigerados&categories=leches-cremas-y-bebidas-vegetales&categories=leches-blancas,2026-02-20T18:39:08
83190,Pack leche entera Los Peumos 12 un de 1 L,Los Peumos,1 un,litro,12840,12840,,False,,$1.070 x litro,$1.070 x litro,https://www.unimarc.cl/leche-entera-tetra-los-peumos-1lt-2/p,https://unimarc.vtexassets.com/arquivos/ids/233414/000000000000661119-CJ-01.jpg?v=638200354164530000,Bebidas vegetales,Leches blancas,https://www.unimarc.cl/category/lacteos-huevos-y-refrigerados/leches-cremas-y-bebidas-vegetales/leches-blancas,https://www.unimarc.cl/_next/data/0ucQ92dO_m9T9joH0FjVV/category/lacteos-huevos-y-refrigerados/leches-cremas-y-bebidas-vegetales/leches-blancas.json?categories=lacteos-huevos-y-refrigerados&categories=leches-cremas-y-bebidas-vegetales&categories=leches-blancas,2026-02-20T18:39:08
83189,Pack leche semidescremada Los Peumos 12 un de 1 L,Los Peumos,1 un,litro,12840,12840,,False,,$1.070 x litro,$1.070 x litro,https://www.unimarc.cl/leche-semidescremada-tetra-los-peumos-1l-2/p,https://unimarc.vtexassets.com/arquivos/ids/233413/000000000000661118-CJ-01.jpg?v=638200352073470000,Bebidas vegetales,Leches blancas,https://www.unimarc.cl/category/lacteos-huevos-y-refrigerados/leches-cremas-y-bebidas-vegetales/leches-blancas,https://www.unimarc.cl/_next/data/0ucQ92dO_m9T9joH0FjVV/category/lacteos-huevos-y-refrigerados/leches-cremas-y-bebidas-vegetales/leches-blancas.json?categories=lacteos-huevos-y-refrigerados&categories=leches-cremas-y-bebidas-vegetales&categories=leches-blancas,2026-02-20T18:39:08
7823,"Pack Leche semidescremada Colun, sin tapa 12 un de 1 L",Colun,1 un,litro,16200,16200,,False,,$1.350 x litro,$1.350 x litro,https://www.unimarc.cl/leche-semidescremada-colun-sin-tapa-1-l-caja-12-un/p,https://unimarc.vtexassets.com/arquivos/ids/230940/000000000000007408-CJ-01.jpg?v=638049174605230000,Bebidas vegetales,Leches blancas,https://www.unimarc.cl/category/lacteos-huevos-y-refrigerados/leches-cremas-y-bebidas-vegetales/leches-blancas,https://www.unimarc.cl/_next/data/0ucQ92dO_m9T9joH0FjVV/category/lacteos-huevos-y-refrigerados/leches-cremas-y-bebidas-vegetales/leches-blancas.json?categories=lacteos-huevos-y-refrigerados&categories=leches-cremas-y-bebidas-vegetales&categories=leches-blancas,2026-02-20T18:39:08
83610,Pack leche descremada Los Peumos 12 un 1L,Los Peumos,1 un,litro,12840,12840,,False,,$1.070 x litro,$1.070 x litro,https://www.unimarc.cl/leche-descremada-tetra-los-peumos-1lt/p,https://unimarc.vtexassets.com/arquivos/ids/233415/000000000000661120-CJ-01.jpg?v=638200355965170000,Bebidas vegetales,Leches blancas,https://www.unimarc.cl/category/lacteos-huevos-y-refrigerados/leches-cremas-y-bebidas-vegetales/leches-blancas,https://www.unimarc.cl/_next/data/0ucQ92dO_m9T9joH0FjVV/category/lacteos-huevos-y-refrigerados/leches-cremas-y-bebidas-vegetales/leches-blancas.json?categories=lacteos-huevos-y-refrigerados&categories=leches-cremas-y-bebidas-vegetales&categories=leches-blancas,2026-02-20T18:39:08
80864,Leche de cabra libre Ecoterra 1 L,Ecoterra,1 un,litro,4650,4650,,False,,$4.650 x litro,$4.650 x litro,https://www.unimarc.cl/leche-cabra-libre-ecoterra-1-lt/p,https://unimarc.vtexassets.com/arquivos/ids/237740/000000000000655174-UN-01.jpg?v=638439577239870000,Bebidas vegetales,Leches blancas,https://www.unimarc.cl/category/lacteos-huevos-y-refrigerados/leches-cremas-y-bebidas-vegetales/leches-blancas,https://www.unimarc.cl/_next/data/0ucQ92dO_m9T9joH0FjVV/category/lacteos-huevos-y-refrigerados/leches-cremas-y-bebidas-vegetales/leches-blancas.json?categories=lacteos-huevos-y-refrigerados&categories=leches-cremas-y-bebidas-vegetales&categories=leches-blancas,2026-02-20T18:39:08
7822,"Pack Leche descremada Colun, sin tapa 12 un de 1 L",Colun,1 un,litro,16200,16200,,False,,$1.350 x litro,$1.350 x litro,https://www.unimarc.cl/leche-descremada-colun-sin-tapa-1-l-caja-12-un/p,https://unimarc.vtexassets.com/arquivos/ids/230930/000000000000007407-CJ-01.jpg?v=638049169160070000,Bebidas vegetales,Leches blancas,https://www.unimarc.cl/category/lacteos-huevos-y-refrigerados/leches-cremas-y-bebidas-vegetales/leches-blancas,https://www.unimarc.cl/_next/data/0ucQ92dO_m9T9joH0FjVV/category/lacteos-huevos-y-refrigerados/leches-cremas-y-bebidas-vegetales/leches-blancas.json?categories=lacteos-huevos-y-refrigerados&categories=leches-cremas-y-bebidas-vegetales&categories=leches-blancas,2026-02-20T18:39:08
5266,Pack Leche descremada Soprole 12 un de 1 L,Soprole,1 un,litro,13800,13800,,False,,$1.150 x litro,$1.150 x litro,https://www.unimarc.cl/leche-descremada-soprole-con-tapa-1-l-caja-12-un/p,https://unimarc.vtexassets.com/arquivos/ids/213891/000000000000516749-CJ-01.jpg?v=637556560629570000,Bebidas vegetales,Leches blancas,https://www.unimarc.cl/category/lacteos-huevos-y-refrigerados/leches-cremas-y-bebidas-vegetales/leches-blancas,https://www.unimarc.cl/_next/data/0ucQ92dO_m9T9joH0FjVV/category/lacteos-huevos-y-refrigerados/leches-cremas-y-bebidas-vegetales/leches-blancas.json?categories=lacteos-huevos-y-refrigerados&categories=leches-cremas-y-bebidas-vegetales&categories=leches-blancas,2026-02-20T18:39:08
80863,Leche de vaca libre Ecoterra entera 1 L,Ecoterra,1 un,litro,3290,3290,,False,,$3.290 x litro,$3.290 x litro,https://www.unimarc.cl/leche-entera-ecoterra-1-lt/p,https://unimarc.vtexassets.com/arquivos/ids/237738/000000000000655173-UN-01.jpg?v=638439577222270000,Bebidas vegetales,Leches blancas,https://www.unimarc.cl/category/lacteos-huevos-y-refrigerados/leches-cremas-y-bebidas-vegetales/leches-blancas,https://www.unimarc.cl/_next/data/0ucQ92dO_m9T9joH0FjVV/category/lacteos-huevos-y-refrigerados/leches-cremas-y-bebidas-vegetales/leches-blancas.json?categories=lacteos-huevos-y-refrigerados&categories=leches-cremas-y-bebidas-vegetales&categories=leches-blancas,2026-02-20T18:39:08
5264,Pack Leche semidescremada Soprole 12 un de 1 L,Soprole,1 un,litro,13800,13800,,False,,$1.150 x litro,$1.150 x litro,https://www.unimarc.cl/leche-semides-soprole-con-tapa-1-l-caja-12-un/p,https://unimarc.vtexassets.com/arquivos/ids/213886/000000000000516747-CJ-01.jpg?v=637556525429570000,Bebidas vegetales,Leches blancas,https://www.unimarc.cl/category/lacteos-huevos-y-refrigerados/leches-cremas-y-bebidas-vegetales/leches-blancas,https://www.unimarc.cl/_next/data/0ucQ92dO_m9T9joH0FjVV/category/lacteos-huevos-y-refrigerados/leches-cremas-y-bebidas-vegetales/leches-blancas.json?categories=lacteos-huevos-y-refrigerados&categories=leches-cremas-y-bebidas-vegetales&categories=leches-blancas,2026-02-20T18:39:08
65441,Pack leche descremada Loncoleche 12 un 1 L,Loncoleche,1 un,litro,12600,13320,12600,True,Ahorras $720,$1.050 x litro,$1.110 x litro,https://www.unimarc.cl/leche-descremada-s-t-loncoleche-1-lt-2/p,https://unimarc.vtexassets.com/arquivos/ids/233707/000000000000640961-CJ-01.jpg?v=638966667647400000,Bebidas vegetales,Leches blancas,https://www.unimarc.cl/category/lacteos-huevos-y-refrigerados/leches-cremas-y-bebidas-vegetales/leches-blancas,https://www.unimarc.cl/_next/data/0ucQ92dO_m9T9joH0FjVV/category/lacteos-huevos-y-refrigerados/leches-cremas-y-bebidas-vegetales/leches-blancas.json?categories=lacteos-huevos-y-refrigerados&categories=leches-cremas-y-bebidas-vegetales&categories=leches-blancas,2026-02-20T18:39:08
7827,Leche semidescremada sin lactosa Loncoleche con tapa 1 L,Loncoleche,1 un,litro,1190,1360,1190,True,Ahorras $170,$1.190 x litro,$1.360 x litro,https://www.unimarc.cl/leche-semidescremada-sin-lactosa-loncoleche-1-l/p,https://unimarc.vtexassets.com/arquivos/ids/250846/000000000000007413-UN-01.jpg?v=638912177552630000,Bebidas vegetales,Leches sin lactosa,https://www.unimarc.cl/category/lacteos-huevos-y-refrigerados/leches-cremas-y-bebidas-vegetales/leches-sin-lactosa,https://www.unimarc.cl/_next/data/0ucQ92dO_m9T9joH0FjVV/category/lacteos-huevos-y-refrigerados/leches-cremas-y-bebidas-vegetales/leches-sin-lactosa.json?categories=lacteos-huevos-y-refrigerados&categories=leches-cremas-y-bebidas-vegetales&categories=leches-sin-lactosa,2026-02-20T18:39:16
4172,Leche descremada sin lactosa Loncoleche con tapa 1 L,Loncoleche,1 un,litro,1190,1360,1190,True,Ahorras $170,$1.190 x litro,$1.360 x litro,https://www.unimarc.cl/leche-descremada-sin-lactosa-loncoleche-con-tapa-1/p,https://unimarc.vtexassets.com/arquivos/ids/250848/000000000000176636-UN-01.jpg?v=638912179304030000,Bebidas vegetales,Leches sin lactosa,https://www.unimarc.cl/category/lacteos-huevos-y-refrigerados/leches-cremas-y-bebidas-vegetales/leches-sin-lactosa,https://www.unimarc.cl/_next/data/0ucQ92dO_m9T9joH0FjVV/category/lacteos-huevos-y-refrigerados/leches-cremas-y-bebidas-vegetales/leches-sin-lactosa.json?categories=lacteos-huevos-y-refrigerados&categories=leches-cremas-y-bebidas-vegetales&categories=leches-sin-lactosa,2026-02-20T18:39:16
3950,Leche entera sin lactosa Loncoleche con tapa 1 L,Loncoleche,1 un,litro,1190,1360,1190,True,Ahorras $170,$1.190 x litro,$1.360 x litro,https://www.unimarc.cl/leche-entera-sin-lactosa-loncoleche-con-tapa-1-l/p,https://unimarc.vtexassets.com/arquivos/ids/250847/000000000000158375-UN-01.jpg?v=638912178678270000,Bebidas vegetales,Leches sin lactosa,https://www.unimarc.cl/category/lacteos-huevos-y-refrigerados/leches-cremas-y-bebidas-vegetales/leches-sin-lactosa,https://www.unimarc.cl/_next/data/0ucQ92dO_m9T9joH0FjVV/category/lacteos-huevos-y-refrigerados/leches-cremas-y-bebidas-vegetales/leches-sin-lactosa.json?categories=lacteos-huevos-y-refrigerados&categories=leches-cremas-y-bebidas-vegetales&categories=leches-sin-lactosa,2026-02-20T18:39:16
4207,Leche sin lactosa descremada Soprole 1 L Leche descremada sin lactosa Soprole Zerolacto con tapa 1 L,Soprole,1 un,litro,1145,1390,1145,True,Ahorras $245,$1.145 x litro,$1.390 x litro,https://www.unimarc.cl/leche-descremada-zero-lacto-soprole-con-tapa-1-l/p,https://unimarc.vtexassets.com/arquivos/ids/252401/000000000000177770-UN-01.jpg?v=638972808860870000,Bebidas vegetales,Leches sin lactosa,https://www.unimarc.cl/category/lacteos-huevos-y-refrigerados/leches-cremas-y-bebidas-vegetales/leches-sin-lactosa,https://www.unimarc.cl/_next/data/0ucQ92dO_m9T9joH0FjVV/category/lacteos-huevos-y-refrigerados/leches-cremas-y-bebidas-vegetales/leches-sin-lactosa.json?categories=lacteos-huevos-y-refrigerados&categories=leches-cremas-y-bebidas-vegetales&categories=leches-sin-lactosa,2026-02-20T18:39:16
6049,Leche descremada sin lactosa Colun 1 L,Colun,1 un,litro,1290,1360,1290,True,Ahorras $70,$1.290 x litro,$1.360 x litro,https://www.unimarc.cl/leche-descremada-sin-lactosa-colun-1-lt-2/p,https://unimarc.vtexassets.com/arquivos/ids/200257/000000000000621034-UN-01.jpg?v=638338607237430000,Bebidas vegetales,Leches sin lactosa,https://www.unimarc.cl/category/lacteos-huevos-y-refrigerados/leches-cremas-y-bebidas-vegetales/leches-sin-lactosa,https://www.unimarc.cl/_next/data/0ucQ92dO_m9T9joH0FjVV/category/lacteos-huevos-y-refrigerados/leches-cremas-y-bebidas-vegetales/leches-sin-lactosa.json?categories=lacteos-huevos-y-refrigerados&categories=leches-cremas-y-bebidas-vegetales&categories=leches-sin-lactosa,2026-02-20T18:39:16
6051,Leche semidescremada sin lactosa Colun 1 L,Colun,1 un,litro,1290,1360,1290,True,Ahorras $70,$1.290 x litro,$1.360 x litro,https://www.unimarc.cl/leche-semidescremada-sin-lactosa-colun-1-lt/p,https://unimarc.vtexassets.com/arquivos/ids/200258/000000000000621035-UN-01.jpg?v=638338607246230000,Bebidas vegetales,Leches sin lactosa,https://www.unimarc.cl/category/lacteos-huevos-y-refrigerados/leches-cremas-y-bebidas-vegetales/leches-sin-lactosa,https://www.unimarc.cl/_next/data/0ucQ92dO_m9T9joH0FjVV/category/lacteos-huevos-y-refrigerados/leches-cremas-y-bebidas-vegetales/leches-sin-lactosa.json?categories=lacteos-huevos-y-refrigerados&categories=leches-cremas-y-bebidas-vegetales&categories=leches-sin-lactosa,2026-02-20T18:39:16
11300,Leche entera sin lactosa Colun con tapa 1 L,Colun,1 un,litro,1290,1360,1290,True,Ahorras $70,$1.290 x litro,$1.360 x litro,https://www.unimarc.cl/leche-entera-s-lactosa-colun-1-lt-2/p,https://unimarc.vtexassets.com/arquivos/ids/200256/000000000000621033-UN-01.jpg?v=637327994130570000,Bebidas vegetales,Leches sin lactosa,https://www.unimarc.cl/category/lacteos-huevos-y-refrigerados/leches-cremas-y-bebidas-vegetales/leches-sin-lactosa,https://www.unimarc.cl/_next/data/0ucQ92dO_m9T9joH0FjVV/category/lacteos-huevos-y-refrigerados/leches-cremas-y-bebidas-vegetales/leches-sin-lactosa.json?categories=lacteos-huevos-y-refrigerados&categories=leches-cremas-y-bebidas-vegetales&categories=leches-sin-lactosa,2026-02-20T18:39:16
4209,Leche sin lactosa semidescremada Soprole 1 L Leche semidescremada sin lactosa Soprole Zerolacto con tapa 1 L,Soprole,1 un,litro,1145,1390,1145,True,Ahorras $245,$1.145 x litro,$1.390 x litro,https://www.unimarc.cl/leche-semidescremada-zero-lacto-soprole-con-tapa-1-l/p,https://unimarc.vtexassets.com/arquivos/ids/252402/000000000000177772-UN-01.jpg?v=638972809087600000,Bebidas vegetales,Leches sin lactosa,https://www.unimarc.cl/category/lacteos-huevos-y-refrigerados/leches-cremas-y-bebidas-vegetales/leches-sin-lactosa,https://www.unimarc.cl/_next/data/0ucQ92dO_m9T9joH0FjVV/category/lacteos-huevos-y-refrigerados/leches-cremas-y-bebidas-vegetales/leches-sin-lactosa.json?categories=lacteos-huevos-y-refrigerados&categories=leches-cremas-y-bebidas-vegetales&categories=leches-sin-lactosa,2026-02-20T18:39:16
83856,Leche sin lactosa Soprole entera 1 L Leche zerolacto Soprole entera 1 L,Soprole,1 un,litro,1145,1390,1145,True,Ahorras $245,$1.145 x litro,$1.390 x litro,https://www.unimarc.cl/leche-zero-lacto-entera-soprole-1lt/p,https://unimarc.vtexassets.com/arquivos/ids/252407/000000000000663933-UN-01.jpg?v=638972810120870000,Bebidas vegetales,Leches sin lactosa,https://www.unimarc.cl/category/lacteos-huevos-y-refrigerados/leches-cremas-y-bebidas-vegetales/leches-sin-lactosa,https://www.unimarc.cl/_next/data/0ucQ92dO_m9T9joH0FjVV/category/lacteos-huevos-y-refrigerados/leches-cremas-y-bebidas-vegetales/leches-sin-lactosa.json?categories=lacteos-huevos-y-refrigerados&categories=leches-cremas-y-bebidas-vegetales&categories=leches-sin-lactosa,2026-02-20T18:39:16
91845,Leche descremada Surlat sin lactosa 200 ml,Surlat,1 un,litro,640,640,,False,,$3.200 x litro,$3.200 x litro,https://www.unimarc.cl/leche-desc-sin-lactosa-surlat-200ml/p,https://unimarc.vtexassets.com/arquivos/ids/250275/000000000000681906-UN-01.jpg?v=638893994805030000,Bebidas vegetales,Leches sin lactosa,https://www.unimarc.cl/category/lacteos-huevos-y-refrigerados/leches-cremas-y-bebidas-vegetales/leches-sin-lactosa,https://www.unimarc.cl/_next/data/0ucQ92dO_m9T9joH0FjVV/category/lacteos-huevos-y-refrigerados/leches-cremas-y-bebidas-vegetales/leches-sin-lactosa.json?categories=lacteos-huevos-y-refrigerados&categories=leches-cremas-y-bebidas-vegetales&categories=leches-sin-lactosa,2026-02-20T18:39:16
91762,Leche descremada Soprole sin lactosa digestive 1 L,Soprole,1 un,litro,1590,1790,1590,True,Ahorras $200,$1.590 x litro,$1.790 x litro,https://www.unimarc.cl/leche-zerolacto-digestive-soprole-1l/p,https://unimarc.vtexassets.com/arquivos/ids/249993/000000000000681038-UN-01.jpg?v=638878356825570000,Bebidas vegetales,Leches sin lactosa,https://www.unimarc.cl/category/lacteos-huevos-y-refrigerados/leches-cremas-y-bebidas-vegetales/leches-sin-lactosa,https://www.unimarc.cl/_next/data/0ucQ92dO_m9T9joH0FjVV/category/lacteos-huevos-y-refrigerados/leches-cremas-y-bebidas-vegetales/leches-sin-lactosa.json?categories=lacteos-huevos-y-refrigerados&categories=leches-cremas-y-bebidas-vegetales&categories=leches-sin-lactosa,2026-02-20T18:39:16
5351,Leche sin lactosa semidescremada Soprole chocolate 1 L Leche semidescremada Soprole Zerolacto sin lactosa sabor chocolate 1 L,Soprole,1 un,litro,1790,1990,1790,True,Ahorras $200,$1.790 x litro,$1.990 x litro,https://www.unimarc.cl/leche-semidescremada-zero-lacto-chocolate-1-l-2/p,https://unimarc.vtexassets.com/arquivos/ids/249809/000000000000541424-UN-01.jpg?v=638863781479130000,Bebidas vegetales,Leches sin lactosa,https://www.unimarc.cl/category/lacteos-huevos-y-refrigerados/leches-cremas-y-bebidas-vegetales/leches-sin-lactosa,https://www.unimarc.cl/_next/data/0ucQ92dO_m9T9joH0FjVV/category/lacteos-huevos-y-refrigerados/leches-cremas-y-bebidas-vegetales/leches-sin-lactosa.json?categories=lacteos-huevos-y-refrigerados&categories=leches-cremas-y-bebidas-vegetales&categories=leches-sin-lactosa,2026-02-20T18:39:16
91447,Leche Soprole zero lacto frutilla 1 L,Soprole,1 un,litro,1790,1990,1790,True,Ahorras $200,$1.790 x litro,$1.990 x litro,https://www.unimarc.cl/leche-zero-lacto-frutilla-soprole-1lt/p,https://unimarc.vtexassets.com/arquivos/ids/249811/000000000000677071-UN-01.jpg?v=638863783691770000,Bebidas vegetales,Leches sin lactosa,https://www.unimarc.cl/category/lacteos-huevos-y-refrigerados/leches-cremas-y-bebidas-vegetales/leches-sin-lactosa,https://www.unimarc.cl/_next/data/0ucQ92dO_m9T9joH0FjVV/category/lacteos-huevos-y-refrigerados/leches-cremas-y-bebidas-vegetales/leches-sin-lactosa.json?categories=lacteos-huevos-y-refrigerados&categories=leches-cremas-y-bebidas-vegetales&categories=leches-sin-lactosa,2026-02-20T18:39:16
5623,Leche descremada sin lactosa Surlat 1 L,Surlat,1 un,litro,1350,1350,,False,,$1.350 x litro,$1.350 x litro,https://www.unimarc.cl/leche-s-lactosa-descremada-surlat-1-lt-3/p,https://unimarc.vtexassets.com/arquivos/ids/237915/000000000000579800-UN-01.jpg?v=638442892175400000,Bebidas vegetales,Leches sin lactosa,https://www.unimarc.cl/category/lacteos-huevos-y-refrigerados/leches-cremas-y-bebidas-vegetales/leches-sin-lactosa,https://www.unimarc.cl/_next/data/0ucQ92dO_m9T9joH0FjVV/category/lacteos-huevos-y-refrigerados/leches-cremas-y-bebidas-vegetales/leches-sin-lactosa.json?categories=lacteos-huevos-y-refrigerados&categories=leches-cremas-y-bebidas-vegetales&categories=leches-sin-lactosa,2026-02-20T18:39:16
53979,Leche descremada sin lactosa extra proteína Loncoleche 1 L,Loncoleche,1 un,litro,2590,2590,,False,,$2.590 x litro,$2.590 x litro,https://www.unimarc.cl/leche-extra-proteina-loncoleche-1l/p,https://unimarc.vtexassets.com/arquivos/ids/196574/000000000000634412-UN-01.jpg?v=637273612646000000,Bebidas vegetales,Leches sin lactosa,https://www.unimarc.cl/category/lacteos-huevos-y-refrigerados/leches-cremas-y-bebidas-vegetales/leches-sin-lactosa,https://www.unimarc.cl/_next/data/0ucQ92dO_m9T9joH0FjVV/category/lacteos-huevos-y-refrigerados/leches-cremas-y-bebidas-vegetales/leches-sin-lactosa.json?categories=lacteos-huevos-y-refrigerados&categories=leches-cremas-y-bebidas-vegetales&categories=leches-sin-lactosa,2026-02-20T18:39:16
4382,Leche semidescremada sin lactosa Surlat 1 L,Surlat,1 un,litro,1350,1350,,False,,$1.350 x litro,$1.350 x litro,https://www.unimarc.cl/leche-semidescremada-sin-lactosa-surlat-plus-1-l/p,https://unimarc.vtexassets.com/arquivos/ids/237914/000000000000182607-UN-01.jpg?v=638442891620900000,Bebidas vegetales,Leches sin lactosa,https://www.unimarc.cl/category/lacteos-huevos-y-refrigerados/leches-cremas-y-bebidas-vegetales/leches-sin-lactosa,https://www.unimarc.cl/_next/data/0ucQ92dO_m9T9joH0FjVV/category/lacteos-huevos-y-refrigerados/leches-cremas-y-bebidas-vegetales/leches-sin-lactosa.json?categories=lacteos-huevos-y-refrigerados&categories=leches-cremas-y-bebidas-vegetales&categories=leches-sin-lactosa,2026-02-20T18:39:16
60959,Leche descremada sin lactosa protein extra Loncoleche cappuccino 1 L,Loncoleche,1 un,litro,2590,2590,,False,,$2.590 x litro,$2.590 x litro,https://www.unimarc.cl/leche-protein-milk-loncolech-cappuccino/p,https://unimarc.vtexassets.com/arquivos/ids/253088/000000000639107001-UN-01.jpg?v=638990029026130000,Bebidas vegetales,Leches sin lactosa,https://www.unimarc.cl/category/lacteos-huevos-y-refrigerados/leches-cremas-y-bebidas-vegetales/leches-sin-lactosa,https://www.unimarc.cl/_next/data/0ucQ92dO_m9T9joH0FjVV/category/lacteos-huevos-y-refrigerados/leches-cremas-y-bebidas-vegetales/leches-sin-lactosa.json?categories=lacteos-huevos-y-refrigerados&categories=leches-cremas-y-bebidas-vegetales&categories=leches-sin-lactosa,2026-02-20T18:39:16
60960,Leche descremada sin lactosa extra proteína Loncoleche chocolate 1 L,Loncoleche,1 un,litro,2590,2590,,False,,$2.590 x litro,$2.590 x litro,https://www.unimarc.cl/leche-protein-milk-loncoleche-chocolate/p,https://unimarc.vtexassets.com/arquivos/ids/253089/000000000639107002-UN-01.jpg?v=638990030283300000,Bebidas vegetales,Leches sin lactosa,https://www.unimarc.cl/category/lacteos-huevos-y-refrigerados/leches-cremas-y-bebidas-vegetales/leches-sin-lactosa,https://www.unimarc.cl/_next/data/0ucQ92dO_m9T9joH0FjVV/category/lacteos-huevos-y-refrigerados/leches-cremas-y-bebidas-vegetales/leches-sin-lactosa.json?categories=lacteos-huevos-y-refrigerados&categories=leches-cremas-y-bebidas-vegetales&categories=leches-sin-lactosa,2026-02-20T18:39:16
2367,Leche semidescremada sin lactosa Colun sabor chocolate con tapa 1 L,Colun,1 un,litro,2190,2190,,False,,$2.190 x litro,$2.190 x litro,https://www.unimarc.cl/leche-chocolate-s-lactosa-colun-1-lt/p,https://unimarc.vtexassets.com/arquivos/ids/237962/000000000000621036-UN-01.jpg?v=638449077893970000,Bebidas vegetales,Leches sin lactosa,https://www.unimarc.cl/category/lacteos-huevos-y-refrigerados/leches-cremas-y-bebidas-vegetales/leches-sin-lactosa,https://www.unimarc.cl/_next/data/0ucQ92dO_m9T9joH0FjVV/category/lacteos-huevos-y-refrigerados/leches-cremas-y-bebidas-vegetales/leches-sin-lactosa.json?categories=lacteos-huevos-y-refrigerados&categories=leches-cremas-y-bebidas-vegetales&categories=leches-sin-lactosa,2026-02-20T18:39:16
6050,"Pack Leche semidescremada sin lactosa Colun, 12 un de 1 L",Colun,1 un,litro,17880,17880,,False,,$1.490 x litro,$1.490 x litro,https://www.unimarc.cl/leche-semidescremada-sin-lactosa-colun-1-lt-caja-12-un/p,https://unimarc.vtexassets.com/arquivos/ids/189086/frontal-17815.jpg?v=637038345869870000,Bebidas vegetales,Leches sin lactosa,https://www.unimarc.cl/category/lacteos-huevos-y-refrigerados/leches-cremas-y-bebidas-vegetales/leches-sin-lactosa,https://www.unimarc.cl/_next/data/0ucQ92dO_m9T9joH0FjVV/category/lacteos-huevos-y-refrigerados/leches-cremas-y-bebidas-vegetales/leches-sin-lactosa.json?categories=lacteos-huevos-y-refrigerados&categories=leches-cremas-y-bebidas-vegetales&categories=leches-sin-lactosa,2026-02-20T18:39:16
7166,Pack Leche semidescremada sin lactosa Loncoleche sabor chocolate 6 un de 200 ml,Loncoleche,1 un,litro,3420,3420,,False,,$2.850 x litro,$2.850 x litro,https://www.unimarc.cl/leche-loncoleche-sin-lactosa-chocolate-6-un/p,https://unimarc.vtexassets.com/arquivos/ids/253092/000000000400070001-DIS-01.jpg?v=638990033044200000,Bebidas vegetales,Leches sin lactosa,https://www.unimarc.cl/category/lacteos-huevos-y-refrigerados/leches-cremas-y-bebidas-vegetales/leches-sin-lactosa,https://www.unimarc.cl/_next/data/0ucQ92dO_m9T9joH0FjVV/category/lacteos-huevos-y-refrigerados/leches-cremas-y-bebidas-vegetales/leches-sin-lactosa.json?categories=lacteos-huevos-y-refrigerados&categories=leches-cremas-y-bebidas-vegetales&categories=leches-sin-lactosa,2026-02-20T18:39:16
4381,"Pack Leche semidescremada sin lactosa Surlat, 6 un de 1 L",Surlat,1 un,litro,8100,8100,,False,,$1.350 x litro,$1.350 x litro,https://www.unimarc.cl/leche-semidescremada-sin-lactosa-surlat-plus-1-l-caja-6-un/p,https://unimarc.vtexassets.com/arquivos/ids/248041/000000000000182607-CJ-01.jpg.jpg?v=638799001322570000,Bebidas vegetales,Leches sin lactosa,https://www.unimarc.cl/category/lacteos-huevos-y-refrigerados/leches-cremas-y-bebidas-vegetales/leches-sin-lactosa,https://www.unimarc.cl/_next/data/0ucQ92dO_m9T9joH0FjVV/category/lacteos-huevos-y-refrigerados/leches-cremas-y-bebidas-vegetales/leches-sin-lactosa.json?categories=lacteos-huevos-y-refrigerados&categories=leches-cremas-y-bebidas-vegetales&categories=leches-sin-lactosa,2026-02-20T18:39:16
65240,Leche sin lactosa Loncoleche Break cappuccino 1 lt,Loncoleche,1 un,litro,2790,2790,,False,,$2.790 x litro,$2.790 x litro,https://www.unimarc.cl/leche-break-loncoleche-1l-cappuccino/p,https://unimarc.vtexassets.com/arquivos/ids/253060/000000000634446001-UN-01.jpg?v=638987250075000000,Bebidas vegetales,Leches sin lactosa,https://www.unimarc.cl/category/lacteos-huevos-y-refrigerados/leches-cremas-y-bebidas-vegetales/leches-sin-lactosa,https://www.unimarc.cl/_next/data/0ucQ92dO_m9T9joH0FjVV/category/lacteos-huevos-y-refrigerados/leches-cremas-y-bebidas-vegetales/leches-sin-lactosa.json?categories=lacteos-huevos-y-refrigerados&categories=leches-cremas-y-bebidas-vegetales&categories=leches-sin-lactosa,2026-02-20T18:39:16
6048,"Pack Leche descremada sin lactosa Colun, 12 un de 1 L",Colun,1 un,litro,17880,17880,,False,,$1.490 x litro,$1.490 x litro,https://www.unimarc.cl/leche-descremada-sin-lactosa-colun-1-lt-caja-12-un/p,https://unimarc.vtexassets.com/arquivos/ids/189090/frontal-17813.jpg?v=637038345878230000,Bebidas vegetales,Leches sin lactosa,https://www.unimarc.cl/category/lacteos-huevos-y-refrigerados/leches-cremas-y-bebidas-vegetales/leches-sin-lactosa,https://www.unimarc.cl/_next/data/0ucQ92dO_m9T9joH0FjVV/category/lacteos-huevos-y-refrigerados/leches-cremas-y-bebidas-vegetales/leches-sin-lactosa.json?categories=lacteos-huevos-y-refrigerados&categories=leches-cremas-y-bebidas-vegetales&categories=leches-sin-lactosa,2026-02-20T18:39:16
5621,"Pack Leche descremada sin lactosa Surlat, 6 un de 1 L",Surlat,1 un,litro,8100,8100,,False,,$1.350 x litro,$1.350 x litro,https://www.unimarc.cl/leche-s-lactosa-descremada-surlat-1-lt/p,https://unimarc.vtexassets.com/arquivos/ids/248040/000000000000579800-CJ-01.jpg.jpg?v=638799000102670000,Bebidas vegetales,Leches sin lactosa,https://www.unimarc.cl/category/lacteos-huevos-y-refrigerados/leches-cremas-y-bebidas-vegetales/leches-sin-lactosa,https://www.unimarc.cl/_next/data/0ucQ92dO_m9T9joH0FjVV/category/lacteos-huevos-y-refrigerados/leches-cremas-y-bebidas-vegetales/leches-sin-lactosa.json?categories=lacteos-huevos-y-refrigerados&categories=leches-cremas-y-bebidas-vegetales&categories=leches-sin-lactosa,2026-02-20T18:39:16
3466,Leche semidescremada Colun sabor chocolate 1 L,Colun,1 un,litro,1690,1780,1690,True,Ahorras $90,$1.690 x litro,$1.780 x litro,https://www.unimarc.cl/leche-chocolate-semidescremada-colun-1-l/p,https://unimarc.vtexassets.com/arquivos/ids/200252/000000000000046528-UN-01.jpg?v=638338607219830000,Bebidas vegetales,Leches saborizadas,https://www.unimarc.cl/category/lacteos-huevos-y-refrigerados/leches-cremas-y-bebidas-vegetales/leches-saborizadas,https://www.unimarc.cl/_next/data/0ucQ92dO_m9T9joH0FjVV/category/lacteos-huevos-y-refrigerados/leches-cremas-y-bebidas-vegetales/leches-saborizadas.json?categories=lacteos-huevos-y-refrigerados&categories=leches-cremas-y-bebidas-vegetales&categories=leches-saborizadas,2026-02-20T18:39:25
88954,Leche Surlat proteína chocolate sin lactosa 1 L,Surlat,1 un,litro,2200,2930,2200,True,Ahorras $730,$2.200 x litro,$2.930 x litro,https://www.unimarc.cl/leche-proteina-chocolate-s-l-surlat-1-lt/p,https://unimarc.vtexassets.com/arquivos/ids/252823/000000000000670402-UN-01.jpg?v=638978885925770000,Bebidas vegetales,Leches saborizadas,https://www.unimarc.cl/category/lacteos-huevos-y-refrigerados/leches-cremas-y-bebidas-vegetales/leches-saborizadas,https://www.unimarc.cl/_next/data/0ucQ92dO_m9T9joH0FjVV/category/lacteos-huevos-y-refrigerados/leches-cremas-y-bebidas-vegetales/leches-saborizadas.json?categories=lacteos-huevos-y-refrigerados&categories=leches-cremas-y-bebidas-vegetales&categories=leches-saborizadas,2026-02-20T18:39:25
88955,Leche Surlat proteína blanca sin lactosa 1 L,Surlat,1 un,litro,2090,2700,2090,True,Ahorras $610,$2.090 x litro,$2.700 x litro,https://www.unimarc.cl/leche-proteina-blanca-s-l-surlat-1-lt/p,https://unimarc.vtexassets.com/arquivos/ids/252825/000000000000670403-UN-01.jpg?v=638978886974330000,Bebidas vegetales,Leches saborizadas,https://www.unimarc.cl/category/lacteos-huevos-y-refrigerados/leches-cremas-y-bebidas-vegetales/leches-saborizadas,https://www.unimarc.cl/_next/data/0ucQ92dO_m9T9joH0FjVV/category/lacteos-huevos-y-refrigerados/leches-cremas-y-bebidas-vegetales/leches-saborizadas.json?categories=lacteos-huevos-y-refrigerados&categories=leches-cremas-y-bebidas-vegetales&categories=leches-saborizadas,2026-02-20T18:39:25
87165,Leche Soprole semidescremada con avena 1 L,Soprole,1 un,litro,1350,1500,1350,True,Ahorras $150,$1.350 x litro,$1.500 x litro,https://www.unimarc.cl/leche-con-avena-soprole-1-lt/p,https://unimarc.vtexassets.com/arquivos/ids/239674/000000000000668637-UN-01.jpg?v=638514702654100000,Bebidas vegetales,Leches saborizadas,https://www.unimarc.cl/category/lacteos-huevos-y-refrigerados/leches-cremas-y-bebidas-vegetales/leches-saborizadas,https://www.unimarc.cl/_next/data/0ucQ92dO_m9T9joH0FjVV/category/lacteos-huevos-y-refrigerados/leches-cremas-y-bebidas-vegetales/leches-saborizadas.json?categories=lacteos-huevos-y-refrigerados&categories=leches-cremas-y-bebidas-vegetales&categories=leches-saborizadas,2026-02-20T18:39:25
91769,Leche protein Soprole sabor cappuccino 1 L,Soprole,1 un,litro,2150,2590,2150,True,Ahorras $440,$2.150 x litro,$2.590 x litro,https://www.unimarc.cl/leche-protein-soprole-1l-cappuccino/p,https://unimarc.vtexassets.com/arquivos/ids/249815/000000000681040001-UN-01.jpg?v=638863793121970000,Bebidas vegetales,Leches saborizadas,https://www.unimarc.cl/category/lacteos-huevos-y-refrigerados/leches-cremas-y-bebidas-vegetales/leches-saborizadas,https://www.unimarc.cl/_next/data/0ucQ92dO_m9T9joH0FjVV/category/lacteos-huevos-y-refrigerados/leches-cremas-y-bebidas-vegetales/leches-saborizadas.json?categories=lacteos-huevos-y-refrigerados&categories=leches-cremas-y-bebidas-vegetales&categories=leches-saborizadas,2026-02-20T18:39:25
91827,Leche semidescremada Colun origen chocolate 1 L,Colun,1 un,litro,1800,2060,1800,True,Ahorras $260,$1.800 x litro,$2.060 x litro,https://www.unimarc.cl/leche-origen-chocolate-colun-1lt-2/p,https://unimarc.vtexassets.com/arquivos/ids/250326/000000000000679146-UN-01.jpg?v=638895845720900000,Bebidas vegetales,Leches saborizadas,https://www.unimarc.cl/category/lacteos-huevos-y-refrigerados/leches-cremas-y-bebidas-vegetales/leches-saborizadas,https://www.unimarc.cl/_next/data/0ucQ92dO_m9T9joH0FjVV/category/lacteos-huevos-y-refrigerados/leches-cremas-y-bebidas-vegetales/leches-saborizadas.json?categories=lacteos-huevos-y-refrigerados&categories=leches-cremas-y-bebidas-vegetales&categories=leches-saborizadas,2026-02-20T18:39:25
6037,Leche semidescremada Colun Original sabor chocolate 1 L,Colun,1 un,litro,1690,1780,1690,True,Ahorras $90,$1.690 x litro,$1.780 x litro,https://www.unimarc.cl/leche-semidescremada-chocolate-original-colun-1l/p,https://unimarc.vtexassets.com/arquivos/ids/200254/000000000000616820-UN-01.jpg?v=637327991750730000,Bebidas vegetales,Leches saborizadas,https://www.unimarc.cl/category/lacteos-huevos-y-refrigerados/leches-cremas-y-bebidas-vegetales/leches-saborizadas,https://www.unimarc.cl/_next/data/0ucQ92dO_m9T9joH0FjVV/category/lacteos-huevos-y-refrigerados/leches-cremas-y-bebidas-vegetales/leches-saborizadas.json?categories=lacteos-huevos-y-refrigerados&categories=leches-cremas-y-bebidas-vegetales&categories=leches-saborizadas,2026-02-20T18:39:25
7163,Leche semidescremada Loncoleche sabor chocolate 200 ml,Loncoleche,1 un,litro,570,570,,False,,$2.850 x litro,$2.850 x litro,https://www.unimarc.cl/leche-semidescremada-loncoleche-chocolate/p,https://unimarc.vtexassets.com/arquivos/ids/253090/000000000400069001-UN-01.jpg?v=638990031518400000,Bebidas vegetales,Leches saborizadas,https://www.unimarc.cl/category/lacteos-huevos-y-refrigerados/leches-cremas-y-bebidas-vegetales/leches-saborizadas,https://www.unimarc.cl/_next/data/0ucQ92dO_m9T9joH0FjVV/category/lacteos-huevos-y-refrigerados/leches-cremas-y-bebidas-vegetales/leches-saborizadas.json?categories=lacteos-huevos-y-refrigerados&categories=leches-cremas-y-bebidas-vegetales&categories=leches-saborizadas,2026-02-20T18:39:25
5967,Leche semidescremada Colun sabor frutilla sin tapa 1 L,Colun,1 un,litro,1690,1780,1690,True,Ahorras $90,$1.690 x litro,$1.780 x litro,https://www.unimarc.cl/leche-semidescremada-frutilla-colun-1lt/p,https://unimarc.vtexassets.com/arquivos/ids/236160/000000000000614051-UN-01.jpg?v=638338623269470000,Bebidas vegetales,Leches saborizadas,https://www.unimarc.cl/category/lacteos-huevos-y-refrigerados/leches-cremas-y-bebidas-vegetales/leches-saborizadas,https://www.unimarc.cl/_next/data/0ucQ92dO_m9T9joH0FjVV/category/lacteos-huevos-y-refrigerados/leches-cremas-y-bebidas-vegetales/leches-saborizadas.json?categories=lacteos-huevos-y-refrigerados&categories=leches-cremas-y-bebidas-vegetales&categories=leches-saborizadas,2026-02-20T18:39:25
54358,Leche proteína Soprole semidescremada con cacao 1 L Leche proteína Soprole Protein+ sabor chocolate 1 L,Soprole,1 un,litro,2090,2250,2090,True,Ahorras $160,$2.090 x litro,$2.250 x litro,https://www.unimarc.cl/leche-choco-alta-proteina-soprole-1l/p,https://unimarc.vtexassets.com/arquivos/ids/223229/000000000000635930-UN-01.jpg?v=637781062445800000,Bebidas vegetales,Leches saborizadas,https://www.unimarc.cl/category/lacteos-huevos-y-refrigerados/leches-cremas-y-bebidas-vegetales/leches-saborizadas,https://www.unimarc.cl/_next/data/0ucQ92dO_m9T9joH0FjVV/category/lacteos-huevos-y-refrigerados/leches-cremas-y-bebidas-vegetales/leches-saborizadas.json?categories=lacteos-huevos-y-refrigerados&categories=leches-cremas-y-bebidas-vegetales&categories=leches-saborizadas,2026-02-20T18:39:25
90994,Leche Soprole semidescremada con avena y chocolate 1 L,Soprole,1 un,litro,1450,1650,1450,True,Ahorras $200,$1.450 x litro,$1.650 x litro,https://www.unimarc.cl/leche-con-avena-y-chocolate-soprole-1lt/p,https://unimarc.vtexassets.com/arquivos/ids/247289/000000000000674963-UN-01.jpg.jpg?v=638768066729830000,Bebidas vegetales,Leches saborizadas,https://www.unimarc.cl/category/lacteos-huevos-y-refrigerados/leches-cremas-y-bebidas-vegetales/leches-saborizadas,https://www.unimarc.cl/_next/data/0ucQ92dO_m9T9joH0FjVV/category/lacteos-huevos-y-refrigerados/leches-cremas-y-bebidas-vegetales/leches-saborizadas.json?categories=lacteos-huevos-y-refrigerados&categories=leches-cremas-y-bebidas-vegetales&categories=leches-saborizadas,2026-02-20T18:39:25
5969,Leche semidescremada Colun sabor vainilla sin tapa 1 L,Colun,1 un,litro,1690,1780,1690,True,Ahorras $90,$1.690 x litro,$1.780 x litro,https://www.unimarc.cl/leche-vainilla-semidescremada-colun-sin-tapa-1-l/p,https://unimarc.vtexassets.com/arquivos/ids/203409/000000000000614054-UN-01.jpg?v=637389830197700000,Bebidas vegetales,Leches saborizadas,https://www.unimarc.cl/category/lacteos-huevos-y-refrigerados/leches-cremas-y-bebidas-vegetales/leches-saborizadas,https://www.unimarc.cl/_next/data/0ucQ92dO_m9T9joH0FjVV/category/lacteos-huevos-y-refrigerados/leches-cremas-y-bebidas-vegetales/leches-saborizadas.json?categories=lacteos-huevos-y-refrigerados&categories=leches-cremas-y-bebidas-vegetales&categories=leches-saborizadas,2026-02-20T18:39:25
7292,Leche semidescremada Soprole chocolate 1 L Leche semidescremada Soprole sabor chocolate 1 L,Soprole,1 un,litro,1790,1790,,False,,$1.790 x litro,$1.790 x litro,https://www.unimarc.cl/leche-chocolate-semidescremada-soprole-sin-tapa-1-l/p,https://unimarc.vtexassets.com/arquivos/ids/254529/000000000400433002-UN-01.jpg?v=639026167002530000,Bebidas vegetales,Leches saborizadas,https://www.unimarc.cl/category/lacteos-huevos-y-refrigerados/leches-cremas-y-bebidas-vegetales/leches-saborizadas,https://www.unimarc.cl/_next/data/0ucQ92dO_m9T9joH0FjVV/category/lacteos-huevos-y-refrigerados/leches-cremas-y-bebidas-vegetales/leches-saborizadas.json?categories=lacteos-huevos-y-refrigerados&categories=leches-cremas-y-bebidas-vegetales&categories=leches-saborizadas,2026-02-20T18:39:25
95754,Leche Surlat whey proteína descremada chocolate 1 L,Surlat,1 un,litro,2690,2990,2690,True,Ahorras $300,$2.690 x litro,$2.990 x litro,https://www.unimarc.cl/leche-whey-prot-chocolate-surlat-1lt/p,https://unimarc.vtexassets.com/arquivos/ids/254347/000000000000693761-UN-01.jpg?v=639016580492400000,Bebidas vegetales,Leches saborizadas,https://www.unimarc.cl/category/lacteos-huevos-y-refrigerados/leches-cremas-y-bebidas-vegetales/leches-saborizadas,https://www.unimarc.cl/_next/data/0ucQ92dO_m9T9joH0FjVV/category/lacteos-huevos-y-refrigerados/leches-cremas-y-bebidas-vegetales/leches-saborizadas.json?categories=lacteos-huevos-y-refrigerados&categories=leches-cremas-y-bebidas-vegetales&categories=leches-saborizadas,2026-02-20T18:39:25
32593,Leche semidescremada Colun sabor manjar 1 L,Colun,1 un,litro,1690,1780,1690,True,Ahorras $90,$1.690 x litro,$1.780 x litro,https://www.unimarc.cl/leche-semidescremada-sabor-manjar-colun-1-lt/p,https://unimarc.vtexassets.com/arquivos/ids/236162/000000000618609001-UN-01.jpg?v=638338623282900000,Bebidas vegetales,Leches saborizadas,https://www.unimarc.cl/category/lacteos-huevos-y-refrigerados/leches-cremas-y-bebidas-vegetales/leches-saborizadas,https://www.unimarc.cl/_next/data/0ucQ92dO_m9T9joH0FjVV/category/lacteos-huevos-y-refrigerados/leches-cremas-y-bebidas-vegetales/leches-saborizadas.json?categories=lacteos-huevos-y-refrigerados&categories=leches-cremas-y-bebidas-vegetales&categories=leches-saborizadas,2026-02-20T18:39:25
95752,Leche Surlat whey proteína descremada caramelo 1 L,Surlat,1 un,litro,2690,2990,2690,True,Ahorras $300,$2.690 x litro,$2.990 x litro,https://www.unimarc.cl/leche-descre-whey-protein-carame-1lt/p,https://unimarc.vtexassets.com/arquivos/ids/254327/000000000000692746-UN-01.jpg?v=639016580197800000,Bebidas vegetales,Leches saborizadas,https://www.unimarc.cl/category/lacteos-huevos-y-refrigerados/leches-cremas-y-bebidas-vegetales/leches-saborizadas,https://www.unimarc.cl/_next/data/0ucQ92dO_m9T9joH0FjVV/category/lacteos-huevos-y-refrigerados/leches-cremas-y-bebidas-vegetales/leches-saborizadas.json?categories=lacteos-huevos-y-refrigerados&categories=leches-cremas-y-bebidas-vegetales&categories=leches-saborizadas,2026-02-20T18:39:25
7087,Leche semidescremada Soprole chocolate requetepatitas 1 L Leche Soprole sabor chocolate receta original 1 L,Soprole,1 un,litro,1790,1790,,False,,$1.790 x litro,$1.790 x litro,https://www.unimarc.cl/leche-chocolate-descremada-light-soprole-1-l/p,https://unimarc.vtexassets.com/arquivos/ids/254526/000000000000985414-UN-01.jpg?v=639026147211370000,Bebidas vegetales,Leches saborizadas,https://www.unimarc.cl/category/lacteos-huevos-y-refrigerados/leches-cremas-y-bebidas-vegetales/leches-saborizadas,https://www.unimarc.cl/_next/data/0ucQ92dO_m9T9joH0FjVV/category/lacteos-huevos-y-refrigerados/leches-cremas-y-bebidas-vegetales/leches-saborizadas.json?categories=lacteos-huevos-y-refrigerados&categories=leches-cremas-y-bebidas-vegetales&categories=leches-saborizadas,2026-02-20T18:39:25
7290,Leche semidescremada Soprole frutilla 1 L Leche semidescremada Soprole sabor frutilla 1 L,Soprole,1 un,litro,1790,1790,,False,,$1.790 x litro,$1.790 x litro,https://www.unimarc.cl/leche-frutilla-semidescremada-soprole-1-l/p,https://unimarc.vtexassets.com/arquivos/ids/254530/000000000400433001-UN-01.jpg?v=639026167798170000,Bebidas vegetales,Leches saborizadas,https://www.unimarc.cl/category/lacteos-huevos-y-refrigerados/leches-cremas-y-bebidas-vegetales/leches-saborizadas,https://www.unimarc.cl/_next/data/0ucQ92dO_m9T9joH0FjVV/category/lacteos-huevos-y-refrigerados/leches-cremas-y-bebidas-vegetales/leches-saborizadas.json?categories=lacteos-huevos-y-refrigerados&categories=leches-cremas-y-bebidas-vegetales&categories=leches-saborizadas,2026-02-20T18:39:25
14952,Leche sin lactosa light Colun sabor café cappuccino 330 ml,Colun,1 un,litro,1150,1150,,False,,$3.485 x litro,$3.485 x litro,https://www.unimarc.cl/leche-c-cafe-light-colun-330-capuccino/p,https://unimarc.vtexassets.com/arquivos/ids/200265/000000000631925001-UN-01.jpg?v=637328010177500000,Bebidas vegetales,Leches saborizadas,https://www.unimarc.cl/category/lacteos-huevos-y-refrigerados/leches-cremas-y-bebidas-vegetales/leches-saborizadas,https://www.unimarc.cl/_next/data/0ucQ92dO_m9T9joH0FjVV/category/lacteos-huevos-y-refrigerados/leches-cremas-y-bebidas-vegetales/leches-saborizadas.json?categories=lacteos-huevos-y-refrigerados&categories=leches-cremas-y-bebidas-vegetales&categories=leches-saborizadas,2026-02-20T18:39:25
1818,Leche semidescremada Moments Danone cappuccino 1 L,Moments,1 un,litro,2790,2790,,False,,$2.790 x litro,$2.790 x litro,https://www.unimarc.cl/leche-moments-1-lt-cappuccino/p,https://unimarc.vtexassets.com/arquivos/ids/196637/000000000605006001-UN-01.jpg?v=637274413170600000,Bebidas vegetales,Leches saborizadas,https://www.unimarc.cl/category/lacteos-huevos-y-refrigerados/leches-cremas-y-bebidas-vegetales/leches-saborizadas,https://www.unimarc.cl/_next/data/0ucQ92dO_m9T9joH0FjVV/category/lacteos-huevos-y-refrigerados/leches-cremas-y-bebidas-vegetales/leches-saborizadas.json?categories=lacteos-huevos-y-refrigerados&categories=leches-cremas-y-bebidas-vegetales&categories=leches-saborizadas,2026-02-20T18:39:25
32100,Leche Loncoleche plátano 1 L,Loncoleche,1 un,litro,1890,1890,,False,,$1.890 x litro,$1.890 x litro,https://www.unimarc.cl/leche-platano-semidescr-loncoleche-c-tapa-1-l/p,https://unimarc.vtexassets.com/arquivos/ids/252413/000000000400071002-UN-01.jpg?v=638972833337600000,Bebidas vegetales,Leches saborizadas,https://www.unimarc.cl/category/lacteos-huevos-y-refrigerados/leches-cremas-y-bebidas-vegetales/leches-saborizadas,https://www.unimarc.cl/_next/data/0ucQ92dO_m9T9joH0FjVV/category/lacteos-huevos-y-refrigerados/leches-cremas-y-bebidas-vegetales/leches-saborizadas.json?categories=lacteos-huevos-y-refrigerados&categories=leches-cremas-y-bebidas-vegetales&categories=leches-saborizadas,2026-02-20T18:39:25
78678,Leche Break Loncoleche sabor capuccino 250 ml,Loncoleche,1 un,litro,870,870,,False,,$3.480 x litro,$3.480 x litro,https://www.unimarc.cl/leche-break-loncoleche-250m-capuccino/p,https://unimarc.vtexassets.com/arquivos/ids/252415/000000000652767001-UN-01.jpg?v=638972835909600000,Bebidas vegetales,Leches saborizadas,https://www.unimarc.cl/category/lacteos-huevos-y-refrigerados/leches-cremas-y-bebidas-vegetales/leches-saborizadas,https://www.unimarc.cl/_next/data/0ucQ92dO_m9T9joH0FjVV/category/lacteos-huevos-y-refrigerados/leches-cremas-y-bebidas-vegetales/leches-saborizadas.json?categories=lacteos-huevos-y-refrigerados&categories=leches-cremas-y-bebidas-vegetales&categories=leches-saborizadas,2026-02-20T18:39:25
7169,Leche semidescremada Loncoleche sabor chocolate sin tapa 1 L,Loncoleche,1 un,litro,1890,1890,,False,,$1.890 x litro,$1.890 x litro,https://www.unimarc.cl/leche-chocolate-semidescremada-loncoleche-con-tapa-1-l/p,https://unimarc.vtexassets.com/arquivos/ids/252414/000000000400071001-UN-01.jpg?v=638972834120600000,Bebidas vegetales,Leches saborizadas,https://www.unimarc.cl/category/lacteos-huevos-y-refrigerados/leches-cremas-y-bebidas-vegetales/leches-saborizadas,https://www.unimarc.cl/_next/data/0ucQ92dO_m9T9joH0FjVV/category/lacteos-huevos-y-refrigerados/leches-cremas-y-bebidas-vegetales/leches-saborizadas.json?categories=lacteos-huevos-y-refrigerados&categories=leches-cremas-y-bebidas-vegetales&categories=leches-saborizadas,2026-02-20T18:39:25
3465,"Pack Leche semidescremada Colun sabor chocolate, 12 un de 1 L",Colun,1 un,litro,21480,21480,,False,,$1.790 x litro,$1.790 x litro,https://www.unimarc.cl/leche-chocolate-semidescremada-colun-1-l-caja-12-un/p,https://unimarc.vtexassets.com/arquivos/ids/231054/000000000000046528-CJ-01.jpg?v=638053341204200000,Bebidas vegetales,Leches saborizadas,https://www.unimarc.cl/category/lacteos-huevos-y-refrigerados/leches-cremas-y-bebidas-vegetales/leches-saborizadas,https://www.unimarc.cl/_next/data/0ucQ92dO_m9T9joH0FjVV/category/lacteos-huevos-y-refrigerados/leches-cremas-y-bebidas-vegetales/leches-saborizadas.json?categories=lacteos-huevos-y-refrigerados&categories=leches-cremas-y-bebidas-vegetales&categories=leches-saborizadas,2026-02-20T18:39:25
86878,Leche semidescremada Soprole protein nitro vainilla 6 un de 200 ml,Soprole,1 un,litro,4560,4560,,False,,$3.800 x litro,$3.800 x litro,https://www.unimarc.cl/leche-protein-nitro-vainil-soprole-200ml/p,https://unimarc.vtexassets.com/arquivos/ids/238002/000000000000667593-DIS-01.jpg?v=638453399009000000,Bebidas vegetales,Leches saborizadas,https://www.unimarc.cl/category/lacteos-huevos-y-refrigerados/leches-cremas-y-bebidas-vegetales/leches-saborizadas,https://www.unimarc.cl/_next/data/0ucQ92dO_m9T9joH0FjVV/category/lacteos-huevos-y-refrigerados/leches-cremas-y-bebidas-vegetales/leches-saborizadas.json?categories=lacteos-huevos-y-refrigerados&categories=leches-cremas-y-bebidas-vegetales&categories=leches-saborizadas,2026-02-20T18:39:25
7162,Pack Leche semidescremada Loncoleche sabor chocolate 6 un de 200 ml,Loncoleche,1 un,litro,3420,3420,,False,,$2.850 x litro,$2.850 x litro,https://www.unimarc.cl/leche-semidescremada-loncoleche-chocolate-6-un/p,https://unimarc.vtexassets.com/arquivos/ids/250677/000000000400069001-DIS-01.jpg?v=638906248255530000,Bebidas vegetales,Leches saborizadas,https://www.unimarc.cl/category/lacteos-huevos-y-refrigerados/leches-cremas-y-bebidas-vegetales/leches-saborizadas,https://www.unimarc.cl/_next/data/0ucQ92dO_m9T9joH0FjVV/category/lacteos-huevos-y-refrigerados/leches-cremas-y-bebidas-vegetales/leches-saborizadas.json?categories=lacteos-huevos-y-refrigerados&categories=leches-cremas-y-bebidas-vegetales&categories=leches-saborizadas,2026-02-20T18:39:25
85209,Bebida láctea Milo sin lactosa 6 un de 200 ml,Milo,1 un,litro,4080,4080,,False,,$3.400 x litro,$3.400 x litro,https://www.unimarc.cl/bebida-lactea-sin-lactosa-milo-200ml-2/p,https://unimarc.vtexassets.com/arquivos/ids/239392/000000000000665631-DIS-01.jpg?v=638512171304500000,Bebidas vegetales,Leches saborizadas,https://www.unimarc.cl/category/lacteos-huevos-y-refrigerados/leches-cremas-y-bebidas-vegetales/leches-saborizadas,https://www.unimarc.cl/_next/data/0ucQ92dO_m9T9joH0FjVV/category/lacteos-huevos-y-refrigerados/leches-cremas-y-bebidas-vegetales/leches-saborizadas.json?categories=lacteos-huevos-y-refrigerados&categories=leches-cremas-y-bebidas-vegetales&categories=leches-saborizadas,2026-02-20T18:39:25
7167,Leche semidescremada sin lactosa Loncoleche sabor chocolate 200 ml,Loncoleche,1 un,litro,570,570,,False,,$2.850 x litro,$2.850 x litro,https://www.unimarc.cl/leche-loncoleche-sin-lactosa-chocolate/p,https://unimarc.vtexassets.com/arquivos/ids/253091/000000000400070001-UN-01.jpg?v=638990032765600000,Bebidas vegetales,Leches saborizadas,https://www.unimarc.cl/category/lacteos-huevos-y-refrigerados/leches-cremas-y-bebidas-vegetales/leches-saborizadas,https://www.unimarc.cl/_next/data/0ucQ92dO_m9T9joH0FjVV/category/lacteos-huevos-y-refrigerados/leches-cremas-y-bebidas-vegetales/leches-saborizadas.json?categories=lacteos-huevos-y-refrigerados&categories=leches-cremas-y-bebidas-vegetales&categories=leches-saborizadas,2026-02-20T18:39:25
86473,Leche proteína Soprole sabor vainilla 1 L,Soprole,1 un,litro,2690,2690,,False,,$2.690 x litro,$2.690 x litro,https://www.unimarc.cl/leche-protein-nitro-vaini-soprole-1l/p,https://unimarc.vtexassets.com/arquivos/ids/236929/000000000000667592-UN-01.jpg?v=638886994013000000,Bebidas vegetales,Leches saborizadas,https://www.unimarc.cl/category/lacteos-huevos-y-refrigerados/leches-cremas-y-bebidas-vegetales/leches-saborizadas,https://www.unimarc.cl/_next/data/0ucQ92dO_m9T9joH0FjVV/category/lacteos-huevos-y-refrigerados/leches-cremas-y-bebidas-vegetales/leches-saborizadas.json?categories=lacteos-huevos-y-refrigerados&categories=leches-cremas-y-bebidas-vegetales&categories=leches-saborizadas,2026-02-20T18:39:25
93994,Leche cultivada Soprole sabor chirimoya cajita 170 ml,Soprole,1 un,litro,600,600,,False,,$3.529 x litro,$3.529 x litro,https://www.unimarc.cl/leche-cultivada-soprole-170-m-chirimoya-2/p,https://unimarc.vtexassets.com/arquivos/ids/254392/000000000694725002-UN-01.jpg?v=639016580876070000,Bebidas vegetales,Leches cultivadas,https://www.unimarc.cl/category/lacteos-huevos-y-refrigerados/leches-cremas-y-bebidas-vegetales/leches-cultivadas,https://www.unimarc.cl/_next/data/0ucQ92dO_m9T9joH0FjVV/category/lacteos-huevos-y-refrigerados/leches-cremas-y-bebidas-vegetales/leches-cultivadas.json?categories=lacteos-huevos-y-refrigerados&categories=leches-cremas-y-bebidas-vegetales&categories=leches-cultivadas,2026-02-20T18:39:34
93992,Leche cultivada Soprole sabor frutilla cajita 170 ml,Soprole,1 un,litro,600,600,,False,,$3.529 x litro,$3.529 x litro,https://www.unimarc.cl/leche-cultivada-soprole-170-ml-frutilla-2/p,https://unimarc.vtexassets.com/arquivos/ids/254390/000000000694725001-UN-01.jpg?v=639016580866530000,Bebidas vegetales,Leches cultivadas,https://www.unimarc.cl/category/lacteos-huevos-y-refrigerados/leches-cremas-y-bebidas-vegetales/leches-cultivadas,https://www.unimarc.cl/_next/data/0ucQ92dO_m9T9joH0FjVV/category/lacteos-huevos-y-refrigerados/leches-cremas-y-bebidas-vegetales/leches-cultivadas.json?categories=lacteos-huevos-y-refrigerados&categories=leches-cremas-y-bebidas-vegetales&categories=leches-cultivadas,2026-02-20T18:39:34
11776,Leche cultivada light Colun sabor chirimoya 1 L,Colun,1 un,litro,2350,2350,,False,,$2.350 x litro,$2.350 x litro,https://www.unimarc.cl/leche-cultivada-colun-light-1-chirimoya/p,https://unimarc.vtexassets.com/arquivos/ids/229529/000000000826973006-UN-01.jpg?v=637999132617570000,Bebidas vegetales,Leches cultivadas,https://www.unimarc.cl/category/lacteos-huevos-y-refrigerados/leches-cremas-y-bebidas-vegetales/leches-cultivadas,https://www.unimarc.cl/_next/data/0ucQ92dO_m9T9joH0FjVV/category/lacteos-huevos-y-refrigerados/leches-cremas-y-bebidas-vegetales/leches-cultivadas.json?categories=lacteos-huevos-y-refrigerados&categories=leches-cremas-y-bebidas-vegetales&categories=leches-cultivadas,2026-02-20T18:39:34
11775,Leche cultivada light Colun sabor frambuesa 1 L,Colun,1 un,litro,2350,2350,,False,,$2.350 x litro,$2.350 x litro,https://www.unimarc.cl/leche-cultivada-colun-light-1-frambuesa/p,https://unimarc.vtexassets.com/arquivos/ids/229527/000000000826973003-UN-01.jpg?v=637999131272530000,Bebidas vegetales,Leches cultivadas,https://www.unimarc.cl/category/lacteos-huevos-y-refrigerados/leches-cremas-y-bebidas-vegetales/leches-cultivadas,https://www.unimarc.cl/_next/data/0ucQ92dO_m9T9joH0FjVV/category/lacteos-huevos-y-refrigerados/leches-cremas-y-bebidas-vegetales/leches-cultivadas.json?categories=lacteos-huevos-y-refrigerados&categories=leches-cremas-y-bebidas-vegetales&categories=leches-cultivadas,2026-02-20T18:39:34
7579,Leche cultivada light Colun sabor frutilla 180 ml,Colun,1 un,litro,580,590,580,True,Ahorras $10,$3.222 x litro,$3.278 x litro,https://www.unimarc.cl/leche-cultivada-light-colun-180cc-frutilla/p,https://unimarc.vtexassets.com/arquivos/ids/229522/000000000604883001-UN-01.jpg?v=637999125177530000,Bebidas vegetales,Leches cultivadas,https://www.unimarc.cl/category/lacteos-huevos-y-refrigerados/leches-cremas-y-bebidas-vegetales/leches-cultivadas,https://www.unimarc.cl/_next/data/0ucQ92dO_m9T9joH0FjVV/category/lacteos-huevos-y-refrigerados/leches-cremas-y-bebidas-vegetales/leches-cultivadas.json?categories=lacteos-huevos-y-refrigerados&categories=leches-cremas-y-bebidas-vegetales&categories=leches-cultivadas,2026-02-20T18:39:34
7581,Leche cultivada light Colun sabor chirimoya 180 ml,Colun,1 un,litro,580,590,580,True,Ahorras $10,$3.222 x litro,$3.278 x litro,https://www.unimarc.cl/leche-cultivada-light-colun-180cc-chirimoya/p,https://unimarc.vtexassets.com/arquivos/ids/229521/000000000604883002-UN-01.jpg?v=637999123810270000,Bebidas vegetales,Leches cultivadas,https://www.unimarc.cl/category/lacteos-huevos-y-refrigerados/leches-cremas-y-bebidas-vegetales/leches-cultivadas,https://www.unimarc.cl/_next/data/0ucQ92dO_m9T9joH0FjVV/category/lacteos-huevos-y-refrigerados/leches-cremas-y-bebidas-vegetales/leches-cultivadas.json?categories=lacteos-huevos-y-refrigerados&categories=leches-cremas-y-bebidas-vegetales&categories=leches-cultivadas,2026-02-20T18:39:34
1748,Leche cultivada Next Soprole frutilla 1 L Leche cultivada light Soprole Next sabor frutilla botella 1 L,Next,1 un,litro,2390,2390,,False,,$2.390 x litro,$2.390 x litro,https://www.unimarc.cl/leche-cultivada-next-frutilla-bot-1-l/p,https://unimarc.vtexassets.com/arquivos/ids/213917/000000000400450001-UN-01.jpg?v=637556588644500000,Bebidas vegetales,Leches cultivadas,https://www.unimarc.cl/category/lacteos-huevos-y-refrigerados/leches-cremas-y-bebidas-vegetales/leches-cultivadas,https://www.unimarc.cl/_next/data/0ucQ92dO_m9T9joH0FjVV/category/lacteos-huevos-y-refrigerados/leches-cremas-y-bebidas-vegetales/leches-cultivadas.json?categories=lacteos-huevos-y-refrigerados&categories=leches-cremas-y-bebidas-vegetales&categories=leches-cultivadas,2026-02-20T18:39:34
1750,Leche cultivada Next Soprole chirimoya 1 L Leche cultivada light Soprole Next sabor chirimoya botella 1 L,Next,1 un,litro,2390,2390,,False,,$2.390 x litro,$2.390 x litro,https://www.unimarc.cl/leche-cultivada-next-chirimoya-bot-1-l/p,https://unimarc.vtexassets.com/arquivos/ids/213919/000000000400450006-UN-01.jpg?v=637556590087400000,Bebidas vegetales,Leches cultivadas,https://www.unimarc.cl/category/lacteos-huevos-y-refrigerados/leches-cremas-y-bebidas-vegetales/leches-cultivadas,https://www.unimarc.cl/_next/data/0ucQ92dO_m9T9joH0FjVV/category/lacteos-huevos-y-refrigerados/leches-cremas-y-bebidas-vegetales/leches-cultivadas.json?categories=lacteos-huevos-y-refrigerados&categories=leches-cremas-y-bebidas-vegetales&categories=leches-cultivadas,2026-02-20T18:39:34
7351,Leche cultivada Soprole frutilla 1 L Leche cultivada Soprole sabor frutilla botella 1 L,Soprole,1 un,litro,2490,2490,,False,,$2.490 x litro,$2.490 x litro,https://www.unimarc.cl/leche-cultivada-soprole-1lt-frutilla/p,https://unimarc.vtexassets.com/arquivos/ids/254426/000000000401674001-UN-01.jpg?v=639016858689470000,Bebidas vegetales,Leches cultivadas,https://www.unimarc.cl/category/lacteos-huevos-y-refrigerados/leches-cremas-y-bebidas-vegetales/leches-cultivadas,https://www.unimarc.cl/_next/data/0ucQ92dO_m9T9joH0FjVV/category/lacteos-huevos-y-refrigerados/leches-cremas-y-bebidas-vegetales/leches-cultivadas.json?categories=lacteos-huevos-y-refrigerados&categories=leches-cremas-y-bebidas-vegetales&categories=leches-cultivadas,2026-02-20T18:39:34
74018,Leche cultivada Soprole proteína frutilla 1 L Leche cultivada Soprole protein+ frutilla botella 1 L,Soprole,1 un,litro,3390,3390,,False,,$3.390 x litro,$3.390 x litro,https://www.unimarc.cl/leche-cultiv-protein-soprole-frutilla/p,https://unimarc.vtexassets.com/arquivos/ids/223240/000000000648146001-UN-01.jpg?v=637781082639430000,Bebidas vegetales,Leches cultivadas,https://www.unimarc.cl/category/lacteos-huevos-y-refrigerados/leches-cremas-y-bebidas-vegetales/leches-cultivadas,https://www.unimarc.cl/_next/data/0ucQ92dO_m9T9joH0FjVV/category/lacteos-huevos-y-refrigerados/leches-cremas-y-bebidas-vegetales/leches-cultivadas.json?categories=lacteos-huevos-y-refrigerados&categories=leches-cremas-y-bebidas-vegetales&categories=leches-cultivadas,2026-02-20T18:39:34
81284,Leche cultivada Loncoleche protein berries 900 ml,Loncoleche,1 un,litro,3190,3190,,False,,$3.544 x litro,$3.544 x litro,https://www.unimarc.cl/leche-cult-prot-loncolech-900m-berries/p,https://unimarc.vtexassets.com/arquivos/ids/225389/000000000655121001-UN-01.jpg?v=638409417691500000,Bebidas vegetales,Leches cultivadas,https://www.unimarc.cl/category/lacteos-huevos-y-refrigerados/leches-cremas-y-bebidas-vegetales/leches-cultivadas,https://www.unimarc.cl/_next/data/0ucQ92dO_m9T9joH0FjVV/category/lacteos-huevos-y-refrigerados/leches-cremas-y-bebidas-vegetales/leches-cultivadas.json?categories=lacteos-huevos-y-refrigerados&categories=leches-cremas-y-bebidas-vegetales&categories=leches-cultivadas,2026-02-20T18:39:34
7352,Leche cultivada Soprole vainilla 1 L Leche cultivada Soprole sabor vainilla 1 L,Soprole,1 un,litro,2490,2490,,False,,$2.490 x litro,$2.490 x litro,https://www.unimarc.cl/leche-cultivada-soprole-vainilla-bot-1-l/p,https://unimarc.vtexassets.com/arquivos/ids/254427/000000000401674002-UN-01.jpg?v=639016860250800000,Bebidas vegetales,Leches cultivadas,https://www.unimarc.cl/category/lacteos-huevos-y-refrigerados/leches-cremas-y-bebidas-vegetales/leches-cultivadas,https://www.unimarc.cl/_next/data/0ucQ92dO_m9T9joH0FjVV/category/lacteos-huevos-y-refrigerados/leches-cremas-y-bebidas-vegetales/leches-cultivadas.json?categories=lacteos-huevos-y-refrigerados&categories=leches-cremas-y-bebidas-vegetales&categories=leches-cultivadas,2026-02-20T18:39:34
93989,Leche cultivada Soprole proteína sabor chirimoya 3 un de 170 ml,Soprole,1 un,litro,2070,2070,,False,,$4.059 x litro,$4.059 x litro,https://www.unimarc.cl/leche-cult-prot-soprole-170-m-chirimoya/p,https://unimarc.vtexassets.com/arquivos/ids/254387/000000000694655002-DIS-01.jpg?v=639016580856430000,Bebidas vegetales,Leches cultivadas,https://www.unimarc.cl/category/lacteos-huevos-y-refrigerados/leches-cremas-y-bebidas-vegetales/leches-cultivadas,https://www.unimarc.cl/_next/data/0ucQ92dO_m9T9joH0FjVV/category/lacteos-huevos-y-refrigerados/leches-cremas-y-bebidas-vegetales/leches-cultivadas.json?categories=lacteos-huevos-y-refrigerados&categories=leches-cremas-y-bebidas-vegetales&categories=leches-cultivadas,2026-02-20T18:39:34
74019,Leche cultivada Soprole proteína chirimoya 1 L Leche cultivada Soprole protein+ chirimoya botella 1 L,Soprole,1 un,litro,3390,3390,,False,,$3.390 x litro,$3.390 x litro,https://www.unimarc.cl/leche-cultiv-protein-soprole-chirimoya/p,https://unimarc.vtexassets.com/arquivos/ids/223241/000000000648146002-UN-01.jpg?v=637781090847930000,Bebidas vegetales,Leches cultivadas,https://www.unimarc.cl/category/lacteos-huevos-y-refrigerados/leches-cremas-y-bebidas-vegetales/leches-cultivadas,https://www.unimarc.cl/_next/data/0ucQ92dO_m9T9joH0FjVV/category/lacteos-huevos-y-refrigerados/leches-cremas-y-bebidas-vegetales/leches-cultivadas.json?categories=lacteos-huevos-y-refrigerados&categories=leches-cremas-y-bebidas-vegetales&categories=leches-cultivadas,2026-02-20T18:39:34
7354,Leche cultivada Soprole chirimoya 1 L Leche cultivada Soprole sabor chirimoya botella 1 L,Soprole,1 un,litro,2490,2490,,False,,$2.490 x litro,$2.490 x litro,https://www.unimarc.cl/leche-cultivada-soprole-1lt-chirimoya/p,https://unimarc.vtexassets.com/arquivos/ids/254425/000000000401674004-UN-01.jpg?v=639016857277870000,Bebidas vegetales,Leches cultivadas,https://www.unimarc.cl/category/lacteos-huevos-y-refrigerados/leches-cremas-y-bebidas-vegetales/leches-cultivadas,https://www.unimarc.cl/_next/data/0ucQ92dO_m9T9joH0FjVV/category/lacteos-huevos-y-refrigerados/leches-cremas-y-bebidas-vegetales/leches-cultivadas.json?categories=lacteos-huevos-y-refrigerados&categories=leches-cremas-y-bebidas-vegetales&categories=leches-cultivadas,2026-02-20T18:39:34
6535,Leche cultivada Soprole sin lactosa frutilla 1 L Leche cultivada sin lactosa Soprole Zerolacto sabor frutilla botella 1 L,Soprole,1 un,litro,2590,2590,,False,,$2.590 x litro,$2.590 x litro,https://www.unimarc.cl/leche-cultivada-zero-lacto-frutilla-1-l/p,https://unimarc.vtexassets.com/arquivos/ids/250935/000000000000775672-UN-01.jpg?v=638913998850230000,Bebidas vegetales,Leches cultivadas,https://www.unimarc.cl/category/lacteos-huevos-y-refrigerados/leches-cremas-y-bebidas-vegetales/leches-cultivadas,https://www.unimarc.cl/_next/data/0ucQ92dO_m9T9joH0FjVV/category/lacteos-huevos-y-refrigerados/leches-cremas-y-bebidas-vegetales/leches-cultivadas.json?categories=lacteos-huevos-y-refrigerados&categories=leches-cremas-y-bebidas-vegetales&categories=leches-cultivadas,2026-02-20T18:39:34
6536,Leche cultivada Soprole sin lactosa chirimoya 1 L Leche cultivada sin lactosa Soprole Zerolacto sabor chirimoya botella 1 L,Soprole,1 un,litro,2590,2590,,False,,$2.590 x litro,$2.590 x litro,https://www.unimarc.cl/leche-cultivada-zero-lacto-chirimoya-1-l/p,https://unimarc.vtexassets.com/arquivos/ids/250934/000000000000775673-UN-01.jpg?v=638913998640730000,Bebidas vegetales,Leches cultivadas,https://www.unimarc.cl/category/lacteos-huevos-y-refrigerados/leches-cremas-y-bebidas-vegetales/leches-cultivadas,https://www.unimarc.cl/_next/data/0ucQ92dO_m9T9joH0FjVV/category/lacteos-huevos-y-refrigerados/leches-cremas-y-bebidas-vegetales/leches-cultivadas.json?categories=lacteos-huevos-y-refrigerados&categories=leches-cremas-y-bebidas-vegetales&categories=leches-cultivadas,2026-02-20T18:39:34
87319,Leche cultivada Loncoleche protein chirimoya 900 ml Leche cultivada Loncoleche proteína chirimoya 900 ml,Loncoleche,1 un,litro,3190,3190,,False,,$3.544 x litro,$3.544 x litro,https://www.unimarc.cl/leche-cult-prot-loncolech-900-chirimoya/p,https://unimarc.vtexassets.com/arquivos/ids/239370/000000000655121003-UN-01.jpg?v=638512042623330000,Bebidas vegetales,Leches cultivadas,https://www.unimarc.cl/category/lacteos-huevos-y-refrigerados/leches-cremas-y-bebidas-vegetales/leches-cultivadas,https://www.unimarc.cl/_next/data/0ucQ92dO_m9T9joH0FjVV/category/lacteos-huevos-y-refrigerados/leches-cremas-y-bebidas-vegetales/leches-cultivadas.json?categories=lacteos-huevos-y-refrigerados&categories=leches-cremas-y-bebidas-vegetales&categories=leches-cultivadas,2026-02-20T18:39:34
93987,Leche cultivada Soprole proteína sabor frutilla 3 un de 170 ml,Soprole,1 un,litro,2070,2070,,False,,$4.059 x litro,$4.059 x litro,https://www.unimarc.cl/leche-cult-prot-soprole-170-ml-frutilla/p,https://unimarc.vtexassets.com/arquivos/ids/254385/000000000694655001-DIS-01.jpg?v=639016580850030000,Bebidas vegetales,Leches cultivadas,https://www.unimarc.cl/category/lacteos-huevos-y-refrigerados/leches-cremas-y-bebidas-vegetales/leches-cultivadas,https://www.unimarc.cl/_next/data/0ucQ92dO_m9T9joH0FjVV/category/lacteos-huevos-y-refrigerados/leches-cremas-y-bebidas-vegetales/leches-cultivadas.json?categories=lacteos-huevos-y-refrigerados&categories=leches-cremas-y-bebidas-vegetales&categories=leches-cultivadas,2026-02-20T18:39:34
93991,Leche cultivada Soprole sabor frutilla cajita 3 un de 170 ml,Soprole,1 un,litro,1800,1800,,False,,$3.529 x litro,$3.529 x litro,https://www.unimarc.cl/leche-cultivada-soprole-170-ml-frutilla/p,https://unimarc.vtexassets.com/arquivos/ids/254421/000000000694725001-DIS-01.jpg?v=639016830813630000,Bebidas vegetales,Leches cultivadas,https://www.unimarc.cl/category/lacteos-huevos-y-refrigerados/leches-cremas-y-bebidas-vegetales/leches-cultivadas,https://www.unimarc.cl/_next/data/0ucQ92dO_m9T9joH0FjVV/category/lacteos-huevos-y-refrigerados/leches-cremas-y-bebidas-vegetales/leches-cultivadas.json?categories=lacteos-huevos-y-refrigerados&categories=leches-cremas-y-bebidas-vegetales&categories=leches-cultivadas,2026-02-20T18:39:34
93993,Leche cultivada Soprole sabor chirimoya cajita 3 un de 170ml,Soprole,1 un,litro,1800,1800,,False,,$3.529 x litro,$3.529 x litro,https://www.unimarc.cl/leche-cultivada-soprole-170-m-chirimoya/p,https://unimarc.vtexassets.com/arquivos/ids/254422/000000000694725002-DIS-01.jpg?v=639016830997500000,Bebidas vegetales,Leches cultivadas,https://www.unimarc.cl/category/lacteos-huevos-y-refrigerados/leches-cremas-y-bebidas-vegetales/leches-cultivadas,https://www.unimarc.cl/_next/data/0ucQ92dO_m9T9joH0FjVV/category/lacteos-huevos-y-refrigerados/leches-cremas-y-bebidas-vegetales/leches-cultivadas.json?categories=lacteos-huevos-y-refrigerados&categories=leches-cremas-y-bebidas-vegetales&categories=leches-cultivadas,2026-02-20T18:39:34
93990,Leche cultivada Soprole proteína sabor chirimoya cajita 170 ml,Soprole,1 un,litro,690,690,,False,,$4.059 x litro,$4.059 x litro,https://www.unimarc.cl/leche-cult-prot-soprole-170-m-chirimoya-2/p,https://unimarc.vtexassets.com/arquivos/ids/254388/000000000694655002-UN-01.jpg?v=639016580859470000,Bebidas vegetales,Leches cultivadas,https://www.unimarc.cl/category/lacteos-huevos-y-refrigerados/leches-cremas-y-bebidas-vegetales/leches-cultivadas,https://www.unimarc.cl/_next/data/0ucQ92dO_m9T9joH0FjVV/category/lacteos-huevos-y-refrigerados/leches-cremas-y-bebidas-vegetales/leches-cultivadas.json?categories=lacteos-huevos-y-refrigerados&categories=leches-cremas-y-bebidas-vegetales&categories=leches-cultivadas,2026-02-20T18:39:34
93988,Leche cultivada Soprole proteína sabor frutilla cajita 170 ml,Soprole,1 un,litro,690,690,,False,,$4.059 x litro,$4.059 x litro,https://www.unimarc.cl/leche-cult-prot-soprole-170-ml-frutilla-2/p,https://unimarc.vtexassets.com/arquivos/ids/254386/000000000694655001-UN-01.jpg?v=639016580853600000,Bebidas vegetales,Leches cultivadas,https://www.unimarc.cl/category/lacteos-huevos-y-refrigerados/leches-cremas-y-bebidas-vegetales/leches-cultivadas,https://www.unimarc.cl/_next/data/0ucQ92dO_m9T9joH0FjVV/category/lacteos-huevos-y-refrigerados/leches-cremas-y-bebidas-vegetales/leches-cultivadas.json?categories=lacteos-huevos-y-refrigerados&categories=leches-cremas-y-bebidas-vegetales&categories=leches-cultivadas,2026-02-20T18:39:34
5610,Crema de leche lista Loncoleche sin Lactosa tetra 200 ml,Loncoleche,1 un,litro,1000,1320,1000,True,Ahorras $320,$5.000 x litro,$6.600 x litro,https://www.unimarc.cl/crema-sin-lactosa-loncoleche-tetra-200-cc-2/p,https://unimarc.vtexassets.com/arquivos/ids/237768/000000000000578191-UN-01.jpg?v=638439577120930000,Bebidas vegetales,Cremas,https://www.unimarc.cl/category/lacteos-huevos-y-refrigerados/leches-cremas-y-bebidas-vegetales/cremas,https://www.unimarc.cl/_next/data/0ucQ92dO_m9T9joH0FjVV/category/lacteos-huevos-y-refrigerados/leches-cremas-y-bebidas-vegetales/cremas.json?categories=lacteos-huevos-y-refrigerados&categories=leches-cremas-y-bebidas-vegetales&categories=cremas,2026-02-20T18:39:44
970,Crema de leche Nestlé lata abre fácil 157 g,Nestle,1 un,Kg,1340,1340,,False,,$8.535 x Kg,$8.535 x Kg,https://www.unimarc.cl/crema-de-leche-nestle-lata-abre-facil-157-g/p,https://unimarc.vtexassets.com/arquivos/ids/247266/000000000000344299-UN-01.jpg.jpg?v=638767999533100000,Bebidas vegetales,Cremas,https://www.unimarc.cl/category/lacteos-huevos-y-refrigerados/leches-cremas-y-bebidas-vegetales/cremas,https://www.unimarc.cl/_next/data/0ucQ92dO_m9T9joH0FjVV/category/lacteos-huevos-y-refrigerados/leches-cremas-y-bebidas-vegetales/cremas.json?categories=lacteos-huevos-y-refrigerados&categories=leches-cremas-y-bebidas-vegetales&categories=cremas,2026-02-20T18:39:44
348,Crema para batir de leche Soprole natural larga vida 1 L Crema para batir Soprole  1 L,Soprole,1 un,litro,4990,5650,4990,True,Ahorras $660,$4.990 x litro,$5.650 x litro,https://www.unimarc.cl/crema-para-batir-soprole-larga-v-tetra-c-tapa-1l/p,https://unimarc.vtexassets.com/arquivos/ids/213860/000000000000047388-UN-01.jpg?v=637554026877770000,Bebidas vegetales,Cremas,https://www.unimarc.cl/category/lacteos-huevos-y-refrigerados/leches-cremas-y-bebidas-vegetales/cremas,https://www.unimarc.cl/_next/data/0ucQ92dO_m9T9joH0FjVV/category/lacteos-huevos-y-refrigerados/leches-cremas-y-bebidas-vegetales/cremas.json?categories=lacteos-huevos-y-refrigerados&categories=leches-cremas-y-bebidas-vegetales&categories=cremas,2026-02-20T18:39:44
7840,Crema para batir de leche Colun 200 ml Crema de leche Colun 200 ml,Colun,1 un,litro,1450,1450,,False,,$7.250 x litro,$7.250 x litro,https://www.unimarc.cl/crema-para-batir-colun-larga-vida-tetra-200-cc-2/p,https://unimarc.vtexassets.com/arquivos/ids/220310/000000000000007493-UN-01.jpg?v=637680279991900000,Bebidas vegetales,Cremas,https://www.unimarc.cl/category/lacteos-huevos-y-refrigerados/leches-cremas-y-bebidas-vegetales/cremas,https://www.unimarc.cl/_next/data/0ucQ92dO_m9T9joH0FjVV/category/lacteos-huevos-y-refrigerados/leches-cremas-y-bebidas-vegetales/cremas.json?categories=lacteos-huevos-y-refrigerados&categories=leches-cremas-y-bebidas-vegetales&categories=cremas,2026-02-20T18:39:44
7842,Crema de leche Soprole natural larga vida 200 ml Crema espesa Soprole 200 ml,Soprole,1 un,Kg,1390,1390,,False,,$6.950 x Kg,$6.950 x Kg,https://www.unimarc.cl/crema-espesa-larga-vida-soprole-200-ml-2/p,https://unimarc.vtexassets.com/arquivos/ids/213859/000000000000007504-UN-01.jpg?v=637554025257630000,Bebidas vegetales,Cremas,https://www.unimarc.cl/category/lacteos-huevos-y-refrigerados/leches-cremas-y-bebidas-vegetales/cremas,https://www.unimarc.cl/_next/data/0ucQ92dO_m9T9joH0FjVV/category/lacteos-huevos-y-refrigerados/leches-cremas-y-bebidas-vegetales/cremas.json?categories=lacteos-huevos-y-refrigerados&categories=leches-cremas-y-bebidas-vegetales&categories=cremas,2026-02-20T18:39:44
7835,Crema de leche Nestlé cajita 200 ml,Nestle,1 un,litro,1580,1580,,False,,$7.900 x litro,$7.900 x litro,https://www.unimarc.cl/crema-larga-vida-la-lechera-200-ml-2/p,https://unimarc.vtexassets.com/arquivos/ids/250536/000000000000007482-UN-01.jpg?v=638901127680930000,Bebidas vegetales,Cremas,https://www.unimarc.cl/category/lacteos-huevos-y-refrigerados/leches-cremas-y-bebidas-vegetales/cremas,https://www.unimarc.cl/_next/data/0ucQ92dO_m9T9joH0FjVV/category/lacteos-huevos-y-refrigerados/leches-cremas-y-bebidas-vegetales/cremas.json?categories=lacteos-huevos-y-refrigerados&categories=leches-cremas-y-bebidas-vegetales&categories=cremas,2026-02-20T18:39:44
5609,Crema de leche Loncoleche sin lactosa 3 un de 200 ml,Loncoleche,1 un,litro,3000,3960,3000,True,Ahorras $960,$5.000 x litro,$6.600 x litro,https://www.unimarc.cl/crema-sin-lactosa-loncoleche-tetra-200-cc-3-un/p,https://unimarc.vtexassets.com/arquivos/ids/237767/000000000000578191-DIS-01.jpg?v=638439577111730000,Bebidas vegetales,Cremas,https://www.unimarc.cl/category/lacteos-huevos-y-refrigerados/leches-cremas-y-bebidas-vegetales/cremas,https://www.unimarc.cl/_next/data/0ucQ92dO_m9T9joH0FjVV/category/lacteos-huevos-y-refrigerados/leches-cremas-y-bebidas-vegetales/cremas.json?categories=lacteos-huevos-y-refrigerados&categories=leches-cremas-y-bebidas-vegetales&categories=cremas,2026-02-20T18:39:44
600,Crema para batir Colun larga vida 1 L,Colun,1 un,litro,5290,5990,5290,True,Ahorras $700,$5.290 x litro,$5.990 x litro,https://www.unimarc.cl/crema-para-batir-colun-larga-v-tetra-s-tapa-1l/p,https://unimarc.vtexassets.com/arquivos/ids/200253/000000000000164153-UN-01.jpg?v=637327989643600000,Bebidas vegetales,Cremas,https://www.unimarc.cl/category/lacteos-huevos-y-refrigerados/leches-cremas-y-bebidas-vegetales/cremas,https://www.unimarc.cl/_next/data/0ucQ92dO_m9T9joH0FjVV/category/lacteos-huevos-y-refrigerados/leches-cremas-y-bebidas-vegetales/cremas.json?categories=lacteos-huevos-y-refrigerados&categories=leches-cremas-y-bebidas-vegetales&categories=cremas,2026-02-20T18:39:44
4685,Crema de leche Colun light larga vida 200 ml,Colun,1 un,litro,1190,1510,1190,True,Ahorras $320,$5.950 x litro,$7.550 x litro,https://www.unimarc.cl/crema-lista-light-colun-larga-vida-tetra-200-cc/p,https://unimarc.vtexassets.com/arquivos/ids/186685/frontal-7203.jpg?v=637013095831970000,Bebidas vegetales,Cremas,https://www.unimarc.cl/category/lacteos-huevos-y-refrigerados/leches-cremas-y-bebidas-vegetales/cremas,https://www.unimarc.cl/_next/data/0ucQ92dO_m9T9joH0FjVV/category/lacteos-huevos-y-refrigerados/leches-cremas-y-bebidas-vegetales/cremas.json?categories=lacteos-huevos-y-refrigerados&categories=leches-cremas-y-bebidas-vegetales&categories=cremas,2026-02-20T18:39:44
400,Crema ácida Quillayes doy pack 200 g,Quillayes,1 un,Kg,3990,4930,3990,True,Ahorras $940,$19.950 x Kg,$24.650 x Kg,https://www.unimarc.cl/crema-acida-quillayes-doypack-200-g/p,https://unimarc.vtexassets.com/arquivos/ids/179304/000000000000052412-UN.jpg?v=636748775312970000,Bebidas vegetales,Cremas,https://www.unimarc.cl/category/lacteos-huevos-y-refrigerados/leches-cremas-y-bebidas-vegetales/cremas,https://www.unimarc.cl/_next/data/0ucQ92dO_m9T9joH0FjVV/category/lacteos-huevos-y-refrigerados/leches-cremas-y-bebidas-vegetales/cremas.json?categories=lacteos-huevos-y-refrigerados&categories=leches-cremas-y-bebidas-vegetales&categories=cremas,2026-02-20T18:39:44
5047,Crema de leche Nestlé lata abre fácil 236 g,Nestle,1 un,Kg,2390,2390,,False,,$10.127 x Kg,$10.127 x Kg,https://www.unimarc.cl/crema-de-leche-nestle-tr-236-gr/p,https://unimarc.vtexassets.com/arquivos/ids/247267/000000000000344300-UN-01.jpg.jpg?v=638768000460970000,Bebidas vegetales,Cremas,https://www.unimarc.cl/category/lacteos-huevos-y-refrigerados/leches-cremas-y-bebidas-vegetales/cremas,https://www.unimarc.cl/_next/data/0ucQ92dO_m9T9joH0FjVV/category/lacteos-huevos-y-refrigerados/leches-cremas-y-bebidas-vegetales/cremas.json?categories=lacteos-huevos-y-refrigerados&categories=leches-cremas-y-bebidas-vegetales&categories=cremas,2026-02-20T18:39:44
35968,Crema vegetal Master Martini bravo 200 ml,Master Martini,1 un,litro,1250,1250,,False,,$6.250 x litro,$6.250 x litro,https://www.unimarc.cl/crema-veget-bravo-master-marti-200-cc/p,https://unimarc.vtexassets.com/arquivos/ids/232289/000000000000603184-UN-01.jpg?v=638144042353870000,Bebidas vegetales,Cremas,https://www.unimarc.cl/category/lacteos-huevos-y-refrigerados/leches-cremas-y-bebidas-vegetales/cremas,https://www.unimarc.cl/_next/data/0ucQ92dO_m9T9joH0FjVV/category/lacteos-huevos-y-refrigerados/leches-cremas-y-bebidas-vegetales/cremas.json?categories=lacteos-huevos-y-refrigerados&categories=leches-cremas-y-bebidas-vegetales&categories=cremas,2026-02-20T18:39:44
87373,Crema vegetal Decor Art tipo chantilly 1 L,Decor Art,1 un,litro,4850,4850,,False,,$4.850 x litro,$4.850 x litro,https://www.unimarc.cl/crema-vegetal-t-chantilly-decor-art-1-lt/p,https://unimarc.vtexassets.com/arquivos/ids/239680/000000000000653364-UN-01.jpg?v=638514905995630000,Bebidas vegetales,Cremas,https://www.unimarc.cl/category/lacteos-huevos-y-refrigerados/leches-cremas-y-bebidas-vegetales/cremas,https://www.unimarc.cl/_next/data/0ucQ92dO_m9T9joH0FjVV/category/lacteos-huevos-y-refrigerados/leches-cremas-y-bebidas-vegetales/cremas.json?categories=lacteos-huevos-y-refrigerados&categories=leches-cremas-y-bebidas-vegetales&categories=cremas,2026-02-20T18:39:44
4993,Crema chantilly Quillayes spray 250 g,Quillayes,1 un,Kg,4390,4390,,False,,$17.560 x Kg,$17.560 x Kg,https://www.unimarc.cl/crema-chantilly-quillayes-253-ml/p,https://unimarc.vtexassets.com/arquivos/ids/249702/000000000000335892-UN-01.jpg?v=638858558593370000,Bebidas vegetales,Cremas,https://www.unimarc.cl/category/lacteos-huevos-y-refrigerados/leches-cremas-y-bebidas-vegetales/cremas,https://www.unimarc.cl/_next/data/0ucQ92dO_m9T9joH0FjVV/category/lacteos-huevos-y-refrigerados/leches-cremas-y-bebidas-vegetales/cremas.json?categories=lacteos-huevos-y-refrigerados&categories=leches-cremas-y-bebidas-vegetales&categories=cremas,2026-02-20T18:39:44
403,Crema chantilly Soprole botella 250 g Crema chantilly Soprole botella spray 250 g,Soprole,1 un,Kg,4790,4790,,False,,$19.160 x Kg,$19.160 x Kg,https://www.unimarc.cl/crema-chantilly-soprole-spray-botella-250-g/p,https://unimarc.vtexassets.com/arquivos/ids/213861/000000000000052524-UN-01.jpg?v=637554101359770000,Bebidas vegetales,Cremas,https://www.unimarc.cl/category/lacteos-huevos-y-refrigerados/leches-cremas-y-bebidas-vegetales/cremas,https://www.unimarc.cl/_next/data/0ucQ92dO_m9T9joH0FjVV/category/lacteos-huevos-y-refrigerados/leches-cremas-y-bebidas-vegetales/cremas.json?categories=lacteos-huevos-y-refrigerados&categories=leches-cremas-y-bebidas-vegetales&categories=cremas,2026-02-20T18:39:44
91883,Crema vegetal Bravo crem azucarada con tapa 1 L,Master Martini,1 un,litro,5190,5190,,False,,$5.190 x litro,$5.190 x litro,https://www.unimarc.cl/crema-bravo-edge-azucarad-c-t-master-1l/p,https://unimarc.vtexassets.com/arquivos/ids/250180/000000000000648233-UN-01.jpg?v=638887913143330000,Bebidas vegetales,Cremas,https://www.unimarc.cl/category/lacteos-huevos-y-refrigerados/leches-cremas-y-bebidas-vegetales/cremas,https://www.unimarc.cl/_next/data/0ucQ92dO_m9T9joH0FjVV/category/lacteos-huevos-y-refrigerados/leches-cremas-y-bebidas-vegetales/cremas.json?categories=lacteos-huevos-y-refrigerados&categories=leches-cremas-y-bebidas-vegetales&categories=cremas,2026-02-20T18:39:44
861,Crema de leche lista Loncoleche tetra 200 ml,Loncoleche,1 un,litro,1390,1390,,False,,$6.950 x litro,$6.950 x litro,https://www.unimarc.cl/crema-lista-light-loncoleche-larga-v-tetra-200/p,https://unimarc.vtexassets.com/arquivos/ids/237762/000000000000209774-UN-01.jpg?v=638439577061230000,Bebidas vegetales,Cremas,https://www.unimarc.cl/category/lacteos-huevos-y-refrigerados/leches-cremas-y-bebidas-vegetales/cremas,https://www.unimarc.cl/_next/data/0ucQ92dO_m9T9joH0FjVV/category/lacteos-huevos-y-refrigerados/leches-cremas-y-bebidas-vegetales/cremas.json?categories=lacteos-huevos-y-refrigerados&categories=leches-cremas-y-bebidas-vegetales&categories=cremas,2026-02-20T18:39:44
5611,Crema para batir Loncoleche sin lactosa tetra 1 L Crema Loncoleche sin lactosa tetra 1 L,Loncoleche,1 un,litro,6690,6690,,False,,$6.690 x litro,$6.690 x litro,https://www.unimarc.cl/crema-s-lactosa-loncoleche-1-lt/p,https://unimarc.vtexassets.com/arquivos/ids/196551/000000000000578192-UN-01.jpg?v=638379123919570000,Bebidas vegetales,Cremas,https://www.unimarc.cl/category/lacteos-huevos-y-refrigerados/leches-cremas-y-bebidas-vegetales/cremas,https://www.unimarc.cl/_next/data/0ucQ92dO_m9T9joH0FjVV/category/lacteos-huevos-y-refrigerados/leches-cremas-y-bebidas-vegetales/cremas.json?categories=lacteos-huevos-y-refrigerados&categories=leches-cremas-y-bebidas-vegetales&categories=cremas,2026-02-20T18:39:44
84560,Crema de coco Vilay 330 ml,Vilay,1 un,litro,2490,2490,,False,,$7.545 x litro,$7.545 x litro,https://www.unimarc.cl/crema-de-coco-vilay-330ml/p,https://unimarc.vtexassets.com/arquivos/ids/233663/000000000000664501-UN-01.jpg?v=638207198527070000,Bebidas vegetales,Cremas,https://www.unimarc.cl/category/lacteos-huevos-y-refrigerados/leches-cremas-y-bebidas-vegetales/cremas,https://www.unimarc.cl/_next/data/0ucQ92dO_m9T9joH0FjVV/category/lacteos-huevos-y-refrigerados/leches-cremas-y-bebidas-vegetales/cremas.json?categories=lacteos-huevos-y-refrigerados&categories=leches-cremas-y-bebidas-vegetales&categories=cremas,2026-02-20T18:39:44
90483,Crema para batir Loncoleche 500 ml,Watts,1 un,litro,2990,2990,,False,,$5.980 x litro,$5.980 x litro,https://www.unimarc.cl/crema-para-batir-loncoleche-500ml/p,https://unimarc.vtexassets.com/arquivos/ids/246355/000000000000673876-UN-01.jpg?v=638726364289870000,Bebidas vegetales,Cremas,https://www.unimarc.cl/category/lacteos-huevos-y-refrigerados/leches-cremas-y-bebidas-vegetales/cremas,https://www.unimarc.cl/_next/data/0ucQ92dO_m9T9joH0FjVV/category/lacteos-huevos-y-refrigerados/leches-cremas-y-bebidas-vegetales/cremas.json?categories=lacteos-huevos-y-refrigerados&categories=leches-cremas-y-bebidas-vegetales&categories=cremas,2026-02-20T18:39:44
79739,Crema vegetal Orasi cocina 200 g,Orasi,1 un,Kg,1350,1350,,False,,$6.750 x Kg,$6.750 x Kg,https://www.unimarc.cl/crema-vegetal-cocina-orasi-200gr/p,https://unimarc.vtexassets.com/arquivos/ids/232295/000000000000653190-UN-01.jpg?v=638144058265700000,Bebidas vegetales,Cremas,https://www.unimarc.cl/category/lacteos-huevos-y-refrigerados/leches-cremas-y-bebidas-vegetales/cremas,https://www.unimarc.cl/_next/data/0ucQ92dO_m9T9joH0FjVV/category/lacteos-huevos-y-refrigerados/leches-cremas-y-bebidas-vegetales/cremas.json?categories=lacteos-huevos-y-refrigerados&categories=leches-cremas-y-bebidas-vegetales&categories=cremas,2026-02-20T18:39:44
7841,Crema de leche Soprole natural larga vida 6 un de 200 ml Pack Crema espesa Soprole 6 un de 200 ml,Soprole,1 un,Kg,8340,8340,,False,,$6.950 x Kg,$6.950 x Kg,https://www.unimarc.cl/crema-espesa-larga-vida-soprole-200-ml-6-un/p,https://unimarc.vtexassets.com/arquivos/ids/213862/000000000000007504-DIS-01.jpg?v=637554102333770000,Bebidas vegetales,Cremas,https://www.unimarc.cl/category/lacteos-huevos-y-refrigerados/leches-cremas-y-bebidas-vegetales/cremas,https://www.unimarc.cl/_next/data/0ucQ92dO_m9T9joH0FjVV/category/lacteos-huevos-y-refrigerados/leches-cremas-y-bebidas-vegetales/cremas.json?categories=lacteos-huevos-y-refrigerados&categories=leches-cremas-y-bebidas-vegetales&categories=cremas,2026-02-20T18:39:44
8487,Crema chantilly Soprole light botella 250 g Crema chantilly Soprole light botella spray 250 g,Soprole,1 un,litro,4790,4790,,False,,$19.160 x litro,$19.160 x litro,https://www.unimarc.cl/crema-chantilly-light-soprole-250-ml/p,https://unimarc.vtexassets.com/arquivos/ids/213863/000000000000725830-UN-01.jpg?v=637554103171930000,Bebidas vegetales,Cremas,https://www.unimarc.cl/category/lacteos-huevos-y-refrigerados/leches-cremas-y-bebidas-vegetales/cremas,https://www.unimarc.cl/_next/data/0ucQ92dO_m9T9joH0FjVV/category/lacteos-huevos-y-refrigerados/leches-cremas-y-bebidas-vegetales/cremas.json?categories=lacteos-huevos-y-refrigerados&categories=leches-cremas-y-bebidas-vegetales&categories=cremas,2026-02-20T18:39:44
92213,Crema ácida Loncoleche pote 140 g,Loncoleche,1 un,Kg,2990,2990,,False,,$21.357 x Kg,$21.357 x Kg,https://www.unimarc.cl/crema-acida-loncoleche-140gr/p,https://unimarc.vtexassets.com/arquivos/ids/251285/000000000000685488-UN-01.jpg?v=638929580360570000,Bebidas vegetales,Cremas,https://www.unimarc.cl/category/lacteos-huevos-y-refrigerados/leches-cremas-y-bebidas-vegetales/cremas,https://www.unimarc.cl/_next/data/0ucQ92dO_m9T9joH0FjVV/category/lacteos-huevos-y-refrigerados/leches-cremas-y-bebidas-vegetales/cremas.json?categories=lacteos-huevos-y-refrigerados&categories=leches-cremas-y-bebidas-vegetales&categories=cremas,2026-02-20T18:39:44
77280,Bebida de coco Deyco lata 400 ml,Deyco,1 un,litro,2850,2850,,False,,$7.125 x litro,$7.125 x litro,https://www.unimarc.cl/bebida-de-coco-deyco-400-ml/p,https://unimarc.vtexassets.com/arquivos/ids/218440/000000000000650473-UN-01.jpg?v=637636180392400000,Bebidas vegetales,Cremas,https://www.unimarc.cl/category/lacteos-huevos-y-refrigerados/leches-cremas-y-bebidas-vegetales/cremas,https://www.unimarc.cl/_next/data/0ucQ92dO_m9T9joH0FjVV/category/lacteos-huevos-y-refrigerados/leches-cremas-y-bebidas-vegetales/cremas.json?categories=lacteos-huevos-y-refrigerados&categories=leches-cremas-y-bebidas-vegetales&categories=cremas,2026-02-20T18:39:44
92303,Crema sin lactosa Nestlé tetra 200 ml,Nestle,1 un,litro,1550,1550,,False,,$7.750 x litro,$7.750 x litro,https://www.unimarc.cl/crema-sin-lactosa-nestle-200ml/p,https://unimarc.vtexassets.com/arquivos/ids/251287/000000000000686040-UN-01.jpg?v=638929580365270000,Bebidas vegetales,Cremas,https://www.unimarc.cl/category/lacteos-huevos-y-refrigerados/leches-cremas-y-bebidas-vegetales/cremas,https://www.unimarc.cl/_next/data/0ucQ92dO_m9T9joH0FjVV/category/lacteos-huevos-y-refrigerados/leches-cremas-y-bebidas-vegetales/cremas.json?categories=lacteos-huevos-y-refrigerados&categories=leches-cremas-y-bebidas-vegetales&categories=cremas,2026-02-20T18:39:44
394,Crema para batir de leche fresca Soprole bolsa 1 L Crema fresca de leche Soprole bolsa 1 L,Soprole,1 un,litro,5990,5990,,False,,$5.990 x litro,$5.990 x litro,https://www.unimarc.cl/crema-sachet-n-101-soprole-1-lt/p,https://unimarc.vtexassets.com/arquivos/ids/213864/000000000000052381-UN-01.jpg?v=637554104660200000,Bebidas vegetales,Cremas,https://www.unimarc.cl/category/lacteos-huevos-y-refrigerados/leches-cremas-y-bebidas-vegetales/cremas,https://www.unimarc.cl/_next/data/0ucQ92dO_m9T9joH0FjVV/category/lacteos-huevos-y-refrigerados/leches-cremas-y-bebidas-vegetales/cremas.json?categories=lacteos-huevos-y-refrigerados&categories=leches-cremas-y-bebidas-vegetales&categories=cremas,2026-02-20T18:39:44
7839,Pack Crema para batir de leche Colun 6 un de 200 ml Pack Crema de leche Colun 6 un de 200 ml,Colun,1 un,litro,8700,8700,,False,,$7.250 x litro,$7.250 x litro,https://www.unimarc.cl/crema-para-batir-colun-larga-vida-tetra-200-cc-6-un/p,https://unimarc.vtexassets.com/arquivos/ids/199850/000000000000007493-DIS-01.jpg?v=637321038032670000,Bebidas vegetales,Cremas,https://www.unimarc.cl/category/lacteos-huevos-y-refrigerados/leches-cremas-y-bebidas-vegetales/cremas,https://www.unimarc.cl/_next/data/0ucQ92dO_m9T9joH0FjVV/category/lacteos-huevos-y-refrigerados/leches-cremas-y-bebidas-vegetales/cremas.json?categories=lacteos-huevos-y-refrigerados&categories=leches-cremas-y-bebidas-vegetales&categories=cremas,2026-02-20T18:39:44
73135,Crema vegana Vilay alternative tetra 200 ml,Vilay,1 un,litro,1550,1550,,False,,$7.750 x litro,$7.750 x litro,https://www.unimarc.cl/crema-alternative-clasica-vilay-200-ml/p,https://unimarc.vtexassets.com/arquivos/ids/232075/647728.jpg?v=638112932948100000,Bebidas vegetales,Cremas,https://www.unimarc.cl/category/lacteos-huevos-y-refrigerados/leches-cremas-y-bebidas-vegetales/cremas,https://www.unimarc.cl/_next/data/0ucQ92dO_m9T9joH0FjVV/category/lacteos-huevos-y-refrigerados/leches-cremas-y-bebidas-vegetales/cremas.json?categories=lacteos-huevos-y-refrigerados&categories=leches-cremas-y-bebidas-vegetales&categories=cremas,2026-02-20T18:39:44
64628,Crema de leche Nestlé light lata 157 g,Nestle,1 un,Kg,2150,2150,,False,,$13.694 x Kg,$13.694 x Kg,https://www.unimarc.cl/crema-de-leche-light-nestle-157-gr/p,https://unimarc.vtexassets.com/arquivos/ids/247269/000000000000640416-UN-01.jpg.jpg?v=638768003120830000,Bebidas vegetales,Cremas,https://www.unimarc.cl/category/lacteos-huevos-y-refrigerados/leches-cremas-y-bebidas-vegetales/cremas,https://www.unimarc.cl/_next/data/0ucQ92dO_m9T9joH0FjVV/category/lacteos-huevos-y-refrigerados/leches-cremas-y-bebidas-vegetales/cremas.json?categories=lacteos-huevos-y-refrigerados&categories=leches-cremas-y-bebidas-vegetales&categories=cremas,2026-02-20T18:39:44
7834,Pack Crema de leche Nestlé 6 un de 200 ml,Nestle,1 un,litro,8940,8940,,False,,$7.450 x litro,$7.450 x litro,https://www.unimarc.cl/crema-larga-vida-la-lechera-200-ml-6-un/p,https://unimarc.vtexassets.com/arquivos/ids/247278/000000000000007482-DIS-01.jpg.jpg?v=638768014049570000,Bebidas vegetales,Cremas,https://www.unimarc.cl/category/lacteos-huevos-y-refrigerados/leches-cremas-y-bebidas-vegetales/cremas,https://www.unimarc.cl/_next/data/0ucQ92dO_m9T9joH0FjVV/category/lacteos-huevos-y-refrigerados/leches-cremas-y-bebidas-vegetales/cremas.json?categories=lacteos-huevos-y-refrigerados&categories=leches-cremas-y-bebidas-vegetales&categories=cremas,2026-02-20T18:39:44
4684,Pack Crema de leche Colun lista light larga vida 6 un de 200 ml,Colun,1 un,litro,6900,6900,,False,,$5.750 x litro,$5.750 x litro,https://www.unimarc.cl/crema-lista-light-colun-larga-vida-tetra-200-cc-6-un/p,https://unimarc.vtexassets.com/arquivos/ids/186700/Pack-Crema-Colun-lista-light-larga-vida-6-un-de-200-ml-1-7202.jpg?v=637013095874200000,Bebidas vegetales,Cremas,https://www.unimarc.cl/category/lacteos-huevos-y-refrigerados/leches-cremas-y-bebidas-vegetales/cremas,https://www.unimarc.cl/_next/data/0ucQ92dO_m9T9joH0FjVV/category/lacteos-huevos-y-refrigerados/leches-cremas-y-bebidas-vegetales/cremas.json?categories=lacteos-huevos-y-refrigerados&categories=leches-cremas-y-bebidas-vegetales&categories=cremas,2026-02-20T18:39:44
89574,Crema de leche Bella Holandesa 170 g,Bella Holandesa,1 un,Kg,1450,1450,,False,,$8.529 x Kg,$8.529 x Kg,https://www.unimarc.cl/crema-bella-holandesa-170-gr/p,https://unimarc.vtexassets.com/arquivos/ids/245347/000000000000672463-UN-01.jpg?v=638670371050700000,Bebidas vegetales,Cremas,https://www.unimarc.cl/category/lacteos-huevos-y-refrigerados/leches-cremas-y-bebidas-vegetales/cremas,https://www.unimarc.cl/_next/data/0ucQ92dO_m9T9joH0FjVV/category/lacteos-huevos-y-refrigerados/leches-cremas-y-bebidas-vegetales/cremas.json?categories=lacteos-huevos-y-refrigerados&categories=leches-cremas-y-bebidas-vegetales&categories=cremas,2026-02-20T18:39:44
772,Crema Quillayes acida light doy pack 180 g,Quillayes,1 un,Kg,4590,4590,,False,,$25.500 x Kg,$25.500 x Kg,https://www.unimarc.cl/crema-acida-light-quillayes-doy-pack-180-g/p,https://unimarc.vtexassets.com/arquivos/ids/192046/000000000000186876-UN-01.jpg?v=637178955058900000,Bebidas vegetales,Cremas,https://www.unimarc.cl/category/lacteos-huevos-y-refrigerados/leches-cremas-y-bebidas-vegetales/cremas,https://www.unimarc.cl/_next/data/0ucQ92dO_m9T9joH0FjVV/category/lacteos-huevos-y-refrigerados/leches-cremas-y-bebidas-vegetales/cremas.json?categories=lacteos-huevos-y-refrigerados&categories=leches-cremas-y-bebidas-vegetales&categories=cremas,2026-02-20T18:39:44
75001,Leche en polvo Colun entera instantáneo doypack 900 g,Colun,1 un,Kg,7990,8290,7990,True,Ahorras $300,$8.878 x Kg,$9.211 x Kg,https://www.unimarc.cl/leche-polvo-inst-entera-colun-900-gr/p,https://unimarc.vtexassets.com/arquivos/ids/206536/000000000000646834-UN-01.jpg?v=637465786818800000,Bebidas vegetales,Leche en polvo y suplementos,https://www.unimarc.cl/category/lacteos-huevos-y-refrigerados/leches-cremas-y-bebidas-vegetales/leche-en-polvo-y-suplementos,https://www.unimarc.cl/_next/data/0ucQ92dO_m9T9joH0FjVV/category/lacteos-huevos-y-refrigerados/leches-cremas-y-bebidas-vegetales/leche-en-polvo-y-suplementos.json?categories=lacteos-huevos-y-refrigerados&categories=leches-cremas-y-bebidas-vegetales&categories=leche-en-polvo-y-suplementos,2026-02-20T18:39:53
82955,Leche en polvo Nido entera tarro 1.350 g,Nido,1 un,Kg,15490,15490,,False,,$11.474 x Kg,$11.474 x Kg,https://www.unimarc.cl/leche-inst-en-polvo-26-mg-nido-1-350kg/p,https://unimarc.vtexassets.com/arquivos/ids/233877/000000000000662285-UN-01.jpg?v=638345260295200000,Bebidas vegetales,Leche en polvo y suplementos,https://www.unimarc.cl/category/lacteos-huevos-y-refrigerados/leches-cremas-y-bebidas-vegetales/leche-en-polvo-y-suplementos,https://www.unimarc.cl/_next/data/0ucQ92dO_m9T9joH0FjVV/category/lacteos-huevos-y-refrigerados/leches-cremas-y-bebidas-vegetales/leche-en-polvo-y-suplementos.json?categories=lacteos-huevos-y-refrigerados&categories=leches-cremas-y-bebidas-vegetales&categories=leche-en-polvo-y-suplementos,2026-02-20T18:39:53
82042,Bebida láctea Nido buen día semidescremada bolsa 700 g,Nido,1 un,Kg,6290,6290,,False,,$8.986 x Kg,$8.986 x Kg,https://www.unimarc.cl/leche-buen-dia-lsp-softpack-nido-700-gr/p,https://unimarc.vtexassets.com/arquivos/ids/227846/000000000000657049-UN-01.jpg?v=637925398644930000,Bebidas vegetales,Leche en polvo y suplementos,https://www.unimarc.cl/category/lacteos-huevos-y-refrigerados/leches-cremas-y-bebidas-vegetales/leche-en-polvo-y-suplementos,https://www.unimarc.cl/_next/data/0ucQ92dO_m9T9joH0FjVV/category/lacteos-huevos-y-refrigerados/leches-cremas-y-bebidas-vegetales/leche-en-polvo-y-suplementos.json?categories=lacteos-huevos-y-refrigerados&categories=leches-cremas-y-bebidas-vegetales&categories=leche-en-polvo-y-suplementos,2026-02-20T18:39:53
84687,Fórmula láctea Nido Etapa 1 bolsa 700 g,Nido,1 un,Kg,7030,8790,7030,True,Ahorras $1.760,$10.043 x Kg,$12.557 x Kg,https://www.unimarc.cl/leche-en-pvo-etapa-1-optimus-nido-700gr/p,https://unimarc.vtexassets.com/arquivos/ids/234194/000000000000665273-UN-01.jpg?v=638234791480430000,Bebidas vegetales,Leche en polvo y suplementos,https://www.unimarc.cl/category/lacteos-huevos-y-refrigerados/leches-cremas-y-bebidas-vegetales/leche-en-polvo-y-suplementos,https://www.unimarc.cl/_next/data/0ucQ92dO_m9T9joH0FjVV/category/lacteos-huevos-y-refrigerados/leches-cremas-y-bebidas-vegetales/leche-en-polvo-y-suplementos.json?categories=lacteos-huevos-y-refrigerados&categories=leches-cremas-y-bebidas-vegetales&categories=leche-en-polvo-y-suplementos,2026-02-20T18:39:53
81849,Leche en polvo Nido entera 800 g,Nido,1 un,Kg,8150,10190,8150,True,Ahorras $2.040,$10.188 x Kg,$12.738 x Kg,https://www.unimarc.cl/leche-en-polvo-intantanea-nido-800-gr/p,https://unimarc.vtexassets.com/arquivos/ids/233875/000000000000658948-UN-01.jpg?v=638345260282830000,Bebidas vegetales,Leche en polvo y suplementos,https://www.unimarc.cl/category/lacteos-huevos-y-refrigerados/leches-cremas-y-bebidas-vegetales/leche-en-polvo-y-suplementos,https://www.unimarc.cl/_next/data/0ucQ92dO_m9T9joH0FjVV/category/lacteos-huevos-y-refrigerados/leches-cremas-y-bebidas-vegetales/leche-en-polvo-y-suplementos.json?categories=lacteos-huevos-y-refrigerados&categories=leches-cremas-y-bebidas-vegetales&categories=leche-en-polvo-y-suplementos,2026-02-20T18:39:53
84690,Leche en polvo Nido etapa 5 bolsa 700 g,Nido,1 un,Kg,7720,9650,7720,True,Ahorras $1.930,$11.029 x Kg,$13.786 x Kg,https://www.unimarc.cl/leche-en-polvo-etapa-5-opt-nido-700-gr/p,https://unimarc.vtexassets.com/arquivos/ids/234210/000000000000665280-UN-01.jpg?v=638235877061530000,Bebidas vegetales,Leche en polvo y suplementos,https://www.unimarc.cl/category/lacteos-huevos-y-refrigerados/leches-cremas-y-bebidas-vegetales/leche-en-polvo-y-suplementos,https://www.unimarc.cl/_next/data/0ucQ92dO_m9T9joH0FjVV/category/lacteos-huevos-y-refrigerados/leches-cremas-y-bebidas-vegetales/leche-en-polvo-y-suplementos.json?categories=lacteos-huevos-y-refrigerados&categories=leches-cremas-y-bebidas-vegetales&categories=leche-en-polvo-y-suplementos,2026-02-20T18:39:53
84688,Leche en polvo Nido etapa 3 bolsa 700 g,Nido,1 un,Kg,7720,9650,7720,True,Ahorras $1.930,$11.029 x Kg,$13.786 x Kg,https://www.unimarc.cl/leche-en-pvo-etapa-3-optimus-nido-700gr/p,https://unimarc.vtexassets.com/arquivos/ids/234195/000000000000665274-UN-01.jpg?v=638234797960130000,Bebidas vegetales,Leche en polvo y suplementos,https://www.unimarc.cl/category/lacteos-huevos-y-refrigerados/leches-cremas-y-bebidas-vegetales/leche-en-polvo-y-suplementos,https://www.unimarc.cl/_next/data/0ucQ92dO_m9T9joH0FjVV/category/lacteos-huevos-y-refrigerados/leches-cremas-y-bebidas-vegetales/leche-en-polvo-y-suplementos.json?categories=lacteos-huevos-y-refrigerados&categories=leches-cremas-y-bebidas-vegetales&categories=leche-en-polvo-y-suplementos,2026-02-20T18:39:53
82956,Fórmula láctea Nido Etapa 1 tarro 1.350 Kg,Nido,1 un,Kg,17990,17990,,False,,$13.326 x Kg,$13.326 x Kg,https://www.unimarc.cl/leche-en-polvo-nido-1-nutritods-1-350kg/p,https://unimarc.vtexassets.com/arquivos/ids/230617/000000000000662286-UN-01.jpg?v=638042029781270000,Bebidas vegetales,Leche en polvo y suplementos,https://www.unimarc.cl/category/lacteos-huevos-y-refrigerados/leches-cremas-y-bebidas-vegetales/leche-en-polvo-y-suplementos,https://www.unimarc.cl/_next/data/0ucQ92dO_m9T9joH0FjVV/category/lacteos-huevos-y-refrigerados/leches-cremas-y-bebidas-vegetales/leche-en-polvo-y-suplementos.json?categories=lacteos-huevos-y-refrigerados&categories=leches-cremas-y-bebidas-vegetales&categories=leche-en-polvo-y-suplementos,2026-02-20T18:39:53
89535,Leche en polvo Soprole entera instantánea 800 g,Soprole,1 un,Kg,6760,7550,6760,True,Ahorras $790,$8.450 x Kg,$9.438 x Kg,https://www.unimarc.cl/leche-entera-en-polvo-inst-soprole-800gr/p,https://unimarc.vtexassets.com/arquivos/ids/245346/000000000000672452-UN-01.jpg?v=638670370443700000,Bebidas vegetales,Leche en polvo y suplementos,https://www.unimarc.cl/category/lacteos-huevos-y-refrigerados/leches-cremas-y-bebidas-vegetales/leche-en-polvo-y-suplementos,https://www.unimarc.cl/_next/data/0ucQ92dO_m9T9joH0FjVV/category/lacteos-huevos-y-refrigerados/leches-cremas-y-bebidas-vegetales/leche-en-polvo-y-suplementos.json?categories=lacteos-huevos-y-refrigerados&categories=leches-cremas-y-bebidas-vegetales&categories=leche-en-polvo-y-suplementos,2026-02-20T18:39:53
89573,Leche en polvo Soprole semidescremada 700 g,Soprole,1 un,Kg,6260,6990,6260,True,Ahorras $730,$8.943 x Kg,$9.986 x Kg,https://www.unimarc.cl/leche-semid-en-polvo-inst-soprole-700-gr/p,https://unimarc.vtexassets.com/arquivos/ids/245345/000000000000672451-UN-01.jpg?v=638670370096170000,Bebidas vegetales,Leche en polvo y suplementos,https://www.unimarc.cl/category/lacteos-huevos-y-refrigerados/leches-cremas-y-bebidas-vegetales/leche-en-polvo-y-suplementos,https://www.unimarc.cl/_next/data/0ucQ92dO_m9T9joH0FjVV/category/lacteos-huevos-y-refrigerados/leches-cremas-y-bebidas-vegetales/leche-en-polvo-y-suplementos.json?categories=lacteos-huevos-y-refrigerados&categories=leches-cremas-y-bebidas-vegetales&categories=leche-en-polvo-y-suplementos,2026-02-20T18:39:53
96248,Leche en polvo Loncoleche entera instantánea 760 gr,Loncoleche,1 un,Kg,6290,7190,6290,True,Ahorras $900,$8.276 x Kg,$9.461 x Kg,https://www.unimarc.cl/leche-e-pvo-entera-inst-lonco-leche-760g/p,https://unimarc.vtexassets.com/arquivos/ids/254577/000000000000694395-UN-01.jpg?v=639027292480170000,Bebidas vegetales,Leche en polvo y suplementos,https://www.unimarc.cl/category/lacteos-huevos-y-refrigerados/leches-cremas-y-bebidas-vegetales/leche-en-polvo-y-suplementos,https://www.unimarc.cl/_next/data/0ucQ92dO_m9T9joH0FjVV/category/lacteos-huevos-y-refrigerados/leches-cremas-y-bebidas-vegetales/leche-en-polvo-y-suplementos.json?categories=lacteos-huevos-y-refrigerados&categories=leches-cremas-y-bebidas-vegetales&categories=leche-en-polvo-y-suplementos,2026-02-20T18:39:53
926,Leche en polvo Svelty descremada bolsa 800 g,Svelty,1 un,Kg,7390,7390,,False,,$9.238 x Kg,$9.238 x Kg,https://www.unimarc.cl/leche-svelty-descremada-soft-pack-800-g/p,https://unimarc.vtexassets.com/arquivos/ids/235007/000000000000284090-UN-01.jpg?v=638264313176830000,Bebidas vegetales,Leche en polvo y suplementos,https://www.unimarc.cl/category/lacteos-huevos-y-refrigerados/leches-cremas-y-bebidas-vegetales/leche-en-polvo-y-suplementos,https://www.unimarc.cl/_next/data/0ucQ92dO_m9T9joH0FjVV/category/lacteos-huevos-y-refrigerados/leches-cremas-y-bebidas-vegetales/leche-en-polvo-y-suplementos.json?categories=lacteos-huevos-y-refrigerados&categories=leches-cremas-y-bebidas-vegetales&categories=leche-en-polvo-y-suplementos,2026-02-20T18:39:53
84969,Leche en polvo descremada Colun instantánea bolsa 800 g,Colun,1 un,Kg,7490,7490,,False,,$9.363 x Kg,$9.363 x Kg,https://www.unimarc.cl/leche-polvo-inst-descremada-colun-800-gr/p,https://unimarc.vtexassets.com/arquivos/ids/235070/000000000000646835-UN-01.jpg?v=638416324677600000,Bebidas vegetales,Leche en polvo y suplementos,https://www.unimarc.cl/category/lacteos-huevos-y-refrigerados/leches-cremas-y-bebidas-vegetales/leche-en-polvo-y-suplementos,https://www.unimarc.cl/_next/data/0ucQ92dO_m9T9joH0FjVV/category/lacteos-huevos-y-refrigerados/leches-cremas-y-bebidas-vegetales/leche-en-polvo-y-suplementos.json?categories=lacteos-huevos-y-refrigerados&categories=leches-cremas-y-bebidas-vegetales&categories=leche-en-polvo-y-suplementos,2026-02-20T18:39:53
84214,Leche en polvo Nido semidescremada sin lactosa bolsa 700 g,Nido,1 un,Kg,10650,10650,,False,,$15.214 x Kg,$15.214 x Kg,https://www.unimarc.cl/leche-inst-semide-s-lactosa-dp-nido-700g/p,https://unimarc.vtexassets.com/arquivos/ids/233881/000000000000664026-UN-01.jpg?v=638345260355370000,Bebidas vegetales,Leche en polvo y suplementos,https://www.unimarc.cl/category/lacteos-huevos-y-refrigerados/leches-cremas-y-bebidas-vegetales/leche-en-polvo-y-suplementos,https://www.unimarc.cl/_next/data/0ucQ92dO_m9T9joH0FjVV/category/lacteos-huevos-y-refrigerados/leches-cremas-y-bebidas-vegetales/leche-en-polvo-y-suplementos.json?categories=lacteos-huevos-y-refrigerados&categories=leches-cremas-y-bebidas-vegetales&categories=leche-en-polvo-y-suplementos,2026-02-20T18:39:53
82957,Leche en polvo Nido etapa 3 tarro 1.350 Kg,Nido,1 un,Kg,17350,17350,,False,,$12.852 x Kg,$12.852 x Kg,https://www.unimarc.cl/leche-en-polvo-nido-3-nutritods-1-350kg/p,https://unimarc.vtexassets.com/arquivos/ids/230618/000000000000662287-UN-01.jpg?v=638042030368630000,Bebidas vegetales,Leche en polvo y suplementos,https://www.unimarc.cl/category/lacteos-huevos-y-refrigerados/leches-cremas-y-bebidas-vegetales/leche-en-polvo-y-suplementos,https://www.unimarc.cl/_next/data/0ucQ92dO_m9T9joH0FjVV/category/lacteos-huevos-y-refrigerados/leches-cremas-y-bebidas-vegetales/leche-en-polvo-y-suplementos.json?categories=lacteos-huevos-y-refrigerados&categories=leches-cremas-y-bebidas-vegetales&categories=leche-en-polvo-y-suplementos,2026-02-20T18:39:53
77216,Leche en polvo Alcafood entera instantánea bolsa 800 g,Alcafood,1 un,Kg,7150,7150,,False,,$8.938 x Kg,$8.938 x Kg,https://www.unimarc.cl/leche-inst-polvo-26-m-g-alcafood-800-gr/p,https://unimarc.vtexassets.com/arquivos/ids/234897/000000000000648542-UN-01.jpg?v=638260797998070000,Bebidas vegetales,Leche en polvo y suplementos,https://www.unimarc.cl/category/lacteos-huevos-y-refrigerados/leches-cremas-y-bebidas-vegetales/leche-en-polvo-y-suplementos,https://www.unimarc.cl/_next/data/0ucQ92dO_m9T9joH0FjVV/category/lacteos-huevos-y-refrigerados/leches-cremas-y-bebidas-vegetales/leche-en-polvo-y-suplementos.json?categories=lacteos-huevos-y-refrigerados&categories=leches-cremas-y-bebidas-vegetales&categories=leche-en-polvo-y-suplementos,2026-02-20T18:39:53
1545,Leche en polvo Svelty descremada sin lactosa bolsa 800 g,Svelty,1 un,Kg,12790,12790,,False,,$15.988 x Kg,$15.988 x Kg,https://www.unimarc.cl/leche-svelty-descremada-sin-lactosa-bolsa-800-g/p,https://unimarc.vtexassets.com/arquivos/ids/235008/000000000000766964-UN-01.jpg?v=638264313956670000,Bebidas vegetales,Leche en polvo y suplementos,https://www.unimarc.cl/category/lacteos-huevos-y-refrigerados/leches-cremas-y-bebidas-vegetales/leche-en-polvo-y-suplementos,https://www.unimarc.cl/_next/data/0ucQ92dO_m9T9joH0FjVV/category/lacteos-huevos-y-refrigerados/leches-cremas-y-bebidas-vegetales/leche-en-polvo-y-suplementos.json?categories=lacteos-huevos-y-refrigerados&categories=leches-cremas-y-bebidas-vegetales&categories=leche-en-polvo-y-suplementos,2026-02-20T18:39:53
11561,Leche en polvo Colun entera instantánea bolsa 1.4 Kg,Colun,1 un,Kg,13850,13850,,False,,$9.893 x Kg,$9.893 x Kg,https://www.unimarc.cl/leche-polvo-entera-colun-1-4-kg/p,https://unimarc.vtexassets.com/arquivos/ids/231060/000000000000914447-UN-01.jpg?v=638053438692570000,Bebidas vegetales,Leche en polvo y suplementos,https://www.unimarc.cl/category/lacteos-huevos-y-refrigerados/leches-cremas-y-bebidas-vegetales/leche-en-polvo-y-suplementos,https://www.unimarc.cl/_next/data/0ucQ92dO_m9T9joH0FjVV/category/lacteos-huevos-y-refrigerados/leches-cremas-y-bebidas-vegetales/leche-en-polvo-y-suplementos.json?categories=lacteos-huevos-y-refrigerados&categories=leches-cremas-y-bebidas-vegetales&categories=leche-en-polvo-y-suplementos,2026-02-20T18:39:53
82958,Leche en polvo Nido etapa 5 tarro 1.350 Kg,Nido,1 un,Kg,17350,17350,,False,,$12.852 x Kg,$12.852 x Kg,https://www.unimarc.cl/leche-en-polvo-nido-5-nutritods-1-350kg/p,https://unimarc.vtexassets.com/arquivos/ids/232031/000000000000662288-UN-01.jpg?v=638103609065730000,Bebidas vegetales,Leche en polvo y suplementos,https://www.unimarc.cl/category/lacteos-huevos-y-refrigerados/leches-cremas-y-bebidas-vegetales/leche-en-polvo-y-suplementos,https://www.unimarc.cl/_next/data/0ucQ92dO_m9T9joH0FjVV/category/lacteos-huevos-y-refrigerados/leches-cremas-y-bebidas-vegetales/leche-en-polvo-y-suplementos.json?categories=lacteos-huevos-y-refrigerados&categories=leches-cremas-y-bebidas-vegetales&categories=leche-en-polvo-y-suplementos,2026-02-20T18:39:53
4065,Leche en polvo Calo entera instantánea bolsa 850 g,Calo,1 un,Kg,6890,6890,,False,,$8.106 x Kg,$8.106 x Kg,https://www.unimarc.cl/leche-polvo-inst-26-mg-calo-sb-900-gr/p,https://unimarc.vtexassets.com/arquivos/ids/227454/000000000000169937-UN-01.jpg?v=637908280565300000,Bebidas vegetales,Leche en polvo y suplementos,https://www.unimarc.cl/category/lacteos-huevos-y-refrigerados/leches-cremas-y-bebidas-vegetales/leche-en-polvo-y-suplementos,https://www.unimarc.cl/_next/data/0ucQ92dO_m9T9joH0FjVV/category/lacteos-huevos-y-refrigerados/leches-cremas-y-bebidas-vegetales/leche-en-polvo-y-suplementos.json?categories=lacteos-huevos-y-refrigerados&categories=leches-cremas-y-bebidas-vegetales&categories=leche-en-polvo-y-suplementos,2026-02-20T18:39:53
73362,Leche en polvo Colun entera instantánea 400 g,Colun,1 un,Kg,3850,3850,,False,,$9.625 x Kg,$9.625 x Kg,https://www.unimarc.cl/leche-polvo-inst-entera-colun-400-gr/p,https://unimarc.vtexassets.com/arquivos/ids/223617/000000000000647997-UN-01.jpg?v=637788971690400000,Bebidas vegetales,Leche en polvo y suplementos,https://www.unimarc.cl/category/lacteos-huevos-y-refrigerados/leches-cremas-y-bebidas-vegetales/leche-en-polvo-y-suplementos,https://www.unimarc.cl/_next/data/0ucQ92dO_m9T9joH0FjVV/category/lacteos-huevos-y-refrigerados/leches-cremas-y-bebidas-vegetales/leche-en-polvo-y-suplementos.json?categories=lacteos-huevos-y-refrigerados&categories=leches-cremas-y-bebidas-vegetales&categories=leche-en-polvo-y-suplementos,2026-02-20T18:39:53
11078,Leche en polvo Calo Crecer 1+ semidescremada 800 g,Calo,1 un,Kg,7750,7750,,False,,$9.688 x Kg,$9.688 x Kg,https://www.unimarc.cl/leche-polvo-semidesc-crecer-1-calo-800gr/p,https://unimarc.vtexassets.com/arquivos/ids/223296/000000000000604194-UN-01.jpg?v=637782904124000000,Bebidas vegetales,Leche en polvo y suplementos,https://www.unimarc.cl/category/lacteos-huevos-y-refrigerados/leches-cremas-y-bebidas-vegetales/leche-en-polvo-y-suplementos,https://www.unimarc.cl/_next/data/0ucQ92dO_m9T9joH0FjVV/category/lacteos-huevos-y-refrigerados/leches-cremas-y-bebidas-vegetales/leche-en-polvo-y-suplementos.json?categories=lacteos-huevos-y-refrigerados&categories=leches-cremas-y-bebidas-vegetales&categories=leche-en-polvo-y-suplementos,2026-02-20T18:39:53
12743,Leche en polvo Loncoleche sin lactosa 800 g,Loncoleche,1 un,Kg,12550,12550,,False,,$15.688 x Kg,$15.688 x Kg,https://www.unimarc.cl/leche-polvo-s-lactosa-l-leche-800-gr/p,https://unimarc.vtexassets.com/arquivos/ids/249986/000000000000355961-UN-01.jpg?v=638877706191800000,Bebidas vegetales,Leche en polvo y suplementos,https://www.unimarc.cl/category/lacteos-huevos-y-refrigerados/leches-cremas-y-bebidas-vegetales/leche-en-polvo-y-suplementos,https://www.unimarc.cl/_next/data/0ucQ92dO_m9T9joH0FjVV/category/lacteos-huevos-y-refrigerados/leches-cremas-y-bebidas-vegetales/leche-en-polvo-y-suplementos.json?categories=lacteos-huevos-y-refrigerados&categories=leches-cremas-y-bebidas-vegetales&categories=leche-en-polvo-y-suplementos,2026-02-20T18:39:53
88732,Leche en polvo Nido 1 nutri esencial 500 g,Nido,1 un,Kg,4390,4390,,False,,$8.780 x Kg,$8.780 x Kg,https://www.unimarc.cl/leche-pvo-nido-1-nutri-esencial-500-gr/p,https://unimarc.vtexassets.com/arquivos/ids/243657/000000000000668606-UN-01.jpg?v=638599374321230000,Bebidas vegetales,Leche en polvo y suplementos,https://www.unimarc.cl/category/lacteos-huevos-y-refrigerados/leches-cremas-y-bebidas-vegetales/leche-en-polvo-y-suplementos,https://www.unimarc.cl/_next/data/0ucQ92dO_m9T9joH0FjVV/category/lacteos-huevos-y-refrigerados/leches-cremas-y-bebidas-vegetales/leche-en-polvo-y-suplementos.json?categories=lacteos-huevos-y-refrigerados&categories=leches-cremas-y-bebidas-vegetales&categories=leche-en-polvo-y-suplementos,2026-02-20T18:39:53
15710,Leche en polvo Calo Crecer 4+ semidescremada 800 g,Calo,1 un,Kg,7750,7750,,False,,$9.688 x Kg,$9.688 x Kg,https://www.unimarc.cl/leche-polvo-semidesc-crecer-4-calo-800gr/p,https://unimarc.vtexassets.com/arquivos/ids/223297/000000000000604195-UN-01.jpg?v=637782905005200000,Bebidas vegetales,Leche en polvo y suplementos,https://www.unimarc.cl/category/lacteos-huevos-y-refrigerados/leches-cremas-y-bebidas-vegetales/leche-en-polvo-y-suplementos,https://www.unimarc.cl/_next/data/0ucQ92dO_m9T9joH0FjVV/category/lacteos-huevos-y-refrigerados/leches-cremas-y-bebidas-vegetales/leche-en-polvo-y-suplementos.json?categories=lacteos-huevos-y-refrigerados&categories=leches-cremas-y-bebidas-vegetales&categories=leche-en-polvo-y-suplementos,2026-02-20T18:39:53
85931,Formula infantil comfortis L 2 NAN 800g,Nan,1 un,Kg,21690,21690,,False,,$27.113 x Kg,$27.113 x Kg,https://www.unimarc.cl/formula-infantil-comfortis-l-2-nan-800gr/p,https://unimarc.vtexassets.com/arquivos/ids/247144/000000000000666021-UN-01.jpg.jpg?v=638766222643030000,Bebidas vegetales,Leche en polvo y suplementos,https://www.unimarc.cl/category/lacteos-huevos-y-refrigerados/leches-cremas-y-bebidas-vegetales/leche-en-polvo-y-suplementos,https://www.unimarc.cl/_next/data/0ucQ92dO_m9T9joH0FjVV/category/lacteos-huevos-y-refrigerados/leches-cremas-y-bebidas-vegetales/leche-en-polvo-y-suplementos.json?categories=lacteos-huevos-y-refrigerados&categories=leches-cremas-y-bebidas-vegetales&categories=leche-en-polvo-y-suplementos,2026-02-20T18:39:53
71553,Leche en polvo Loncoleche protein semidescremada bolsa 550 g,Loncoleche,1 un,Kg,12690,12690,,False,,$23.073 x Kg,$23.073 x Kg,https://www.unimarc.cl/leche-polvo-protein-loncoleche-550-gr/p,https://unimarc.vtexassets.com/arquivos/ids/243868/000000000000646441-UN-01.jpg?v=638610762237430000,Bebidas vegetales,Leche en polvo y suplementos,https://www.unimarc.cl/category/lacteos-huevos-y-refrigerados/leches-cremas-y-bebidas-vegetales/leche-en-polvo-y-suplementos,https://www.unimarc.cl/_next/data/0ucQ92dO_m9T9joH0FjVV/category/lacteos-huevos-y-refrigerados/leches-cremas-y-bebidas-vegetales/leche-en-polvo-y-suplementos.json?categories=lacteos-huevos-y-refrigerados&categories=leches-cremas-y-bebidas-vegetales&categories=leche-en-polvo-y-suplementos,2026-02-20T18:39:53
85216,Leche Nido Buen Dia Softpack 300 g Leche Nido Buen Die Softpack 300 g,Nido,1 un,Kg,3650,3650,,False,,$12.167 x Kg,$12.167 x Kg,https://www.unimarc.cl/leche-buen-dia-softpack-nido-300-gr/p,https://unimarc.vtexassets.com/arquivos/ids/239402/000000000000666070-UN-01.jpg?v=638512288998530000,Bebidas vegetales,Leche en polvo y suplementos,https://www.unimarc.cl/category/lacteos-huevos-y-refrigerados/leches-cremas-y-bebidas-vegetales/leche-en-polvo-y-suplementos,https://www.unimarc.cl/_next/data/0ucQ92dO_m9T9joH0FjVV/category/lacteos-huevos-y-refrigerados/leches-cremas-y-bebidas-vegetales/leche-en-polvo-y-suplementos.json?categories=lacteos-huevos-y-refrigerados&categories=leches-cremas-y-bebidas-vegetales&categories=leche-en-polvo-y-suplementos,2026-02-20T18:39:53
92052,Leche en polvo Nido entera 300 g,Nido,1 un,Kg,3990,3990,,False,,$13.300 x Kg,$13.300 x Kg,https://www.unimarc.cl/leche-en-polvo-inst-entera-nido-300-gr/p,https://unimarc.vtexassets.com/arquivos/ids/250610/000000000000671928-UN-01.jpg?v=638905428908570000,Bebidas vegetales,Leche en polvo y suplementos,https://www.unimarc.cl/category/lacteos-huevos-y-refrigerados/leches-cremas-y-bebidas-vegetales/leche-en-polvo-y-suplementos,https://www.unimarc.cl/_next/data/0ucQ92dO_m9T9joH0FjVV/category/lacteos-huevos-y-refrigerados/leches-cremas-y-bebidas-vegetales/leche-en-polvo-y-suplementos.json?categories=lacteos-huevos-y-refrigerados&categories=leches-cremas-y-bebidas-vegetales&categories=leche-en-polvo-y-suplementos,2026-02-20T18:39:53
84217,Leche en polvo Nido semidescremada bolsa 700 g,Nido,1 un,Kg,10590,10590,,False,,$15.129 x Kg,$15.129 x Kg,https://www.unimarc.cl/leche-semidescr-19-mg-dp-nido-700-gr/p,https://unimarc.vtexassets.com/arquivos/ids/233885/000000000000664037-UN-01.jpg?v=638345260398370000,Bebidas vegetales,Leche en polvo y suplementos,https://www.unimarc.cl/category/lacteos-huevos-y-refrigerados/leches-cremas-y-bebidas-vegetales/leche-en-polvo-y-suplementos,https://www.unimarc.cl/_next/data/0ucQ92dO_m9T9joH0FjVV/category/lacteos-huevos-y-refrigerados/leches-cremas-y-bebidas-vegetales/leche-en-polvo-y-suplementos.json?categories=lacteos-huevos-y-refrigerados&categories=leches-cremas-y-bebidas-vegetales&categories=leche-en-polvo-y-suplementos,2026-02-20T18:39:53
85212,Leche en polvo Loncoleche Semidescremada 760 gr,Loncoleche,1 un,Kg,7190,7190,,False,,$9.461 x Kg,$9.461 x Kg,https://www.unimarc.cl/leche-pvo-semidescrem-loncoleche-760gr/p,https://unimarc.vtexassets.com/arquivos/ids/236161/000000000000665984-UN-01.jpg?v=638338623277130000,Bebidas vegetales,Leche en polvo y suplementos,https://www.unimarc.cl/category/lacteos-huevos-y-refrigerados/leches-cremas-y-bebidas-vegetales/leche-en-polvo-y-suplementos,https://www.unimarc.cl/_next/data/0ucQ92dO_m9T9joH0FjVV/category/lacteos-huevos-y-refrigerados/leches-cremas-y-bebidas-vegetales/leche-en-polvo-y-suplementos.json?categories=lacteos-huevos-y-refrigerados&categories=leches-cremas-y-bebidas-vegetales&categories=leche-en-polvo-y-suplementos,2026-02-20T18:39:53
76770,Leche en polvo Calo crecer 1+ semidescremada 1.5 Kg,Calo,1 un,Kg,15350,15350,,False,,$10.233 x Kg,$10.233 x Kg,https://www.unimarc.cl/leche-polvo-semides-calo-crecer-1-1-5kg/p,https://unimarc.vtexassets.com/arquivos/ids/223298/000000000000650900-UN-01.jpg?v=637782906048970000,Bebidas vegetales,Leche en polvo y suplementos,https://www.unimarc.cl/category/lacteos-huevos-y-refrigerados/leches-cremas-y-bebidas-vegetales/leche-en-polvo-y-suplementos,https://www.unimarc.cl/_next/data/0ucQ92dO_m9T9joH0FjVV/category/lacteos-huevos-y-refrigerados/leches-cremas-y-bebidas-vegetales/leche-en-polvo-y-suplementos.json?categories=lacteos-huevos-y-refrigerados&categories=leches-cremas-y-bebidas-vegetales&categories=leche-en-polvo-y-suplementos,2026-02-20T18:39:53
93490,Leche en polvo Nido descremada doypack 700 gr,Nido,1 un,Kg,8990,8990,,False,,$12.843 x Kg,$12.843 x Kg,https://www.unimarc.cl/leche-descremada-dp-nido-700-gr/p,https://unimarc.vtexassets.com/arquivos/ids/252580/000000000000690182-UN-01.jpg?v=638974228920530000,Bebidas vegetales,Leche en polvo y suplementos,https://www.unimarc.cl/category/lacteos-huevos-y-refrigerados/leches-cremas-y-bebidas-vegetales/leche-en-polvo-y-suplementos,https://www.unimarc.cl/_next/data/0ucQ92dO_m9T9joH0FjVV/category/lacteos-huevos-y-refrigerados/leches-cremas-y-bebidas-vegetales/leche-en-polvo-y-suplementos.json?categories=lacteos-huevos-y-refrigerados&categories=leches-cremas-y-bebidas-vegetales&categories=leche-en-polvo-y-suplementos,2026-02-20T18:39:53
78931,Leche en polvo Calo entera instantánea bolsa 1.440 Kg,Calo,1 un,Kg,13990,13990,,False,,$9.715 x Kg,$9.715 x Kg,https://www.unimarc.cl/leche-polvo-entera-instant-calo-1-440-kg/p,https://unimarc.vtexassets.com/arquivos/ids/223299/000000000000653011-UN-01.jpg?v=637782906710700000,Bebidas vegetales,Leche en polvo y suplementos,https://www.unimarc.cl/category/lacteos-huevos-y-refrigerados/leches-cremas-y-bebidas-vegetales/leche-en-polvo-y-suplementos,https://www.unimarc.cl/_next/data/0ucQ92dO_m9T9joH0FjVV/category/lacteos-huevos-y-refrigerados/leches-cremas-y-bebidas-vegetales/leche-en-polvo-y-suplementos.json?categories=lacteos-huevos-y-refrigerados&categories=leches-cremas-y-bebidas-vegetales&categories=leche-en-polvo-y-suplementos,2026-02-20T18:39:53
5122,Leche Loncoleche descremada extra calcio 800 g,Loncoleche,1 un,Kg,9950,9950,,False,,$12.438 x Kg,$12.438 x Kg,https://www.unimarc.cl/leche-polvo-bio-calcio-l-leche-800-gr/p,https://unimarc.vtexassets.com/arquivos/ids/236159/000000000000355958-UN-01.jpg?v=638338623265570000,Bebidas vegetales,Leche en polvo y suplementos,https://www.unimarc.cl/category/lacteos-huevos-y-refrigerados/leches-cremas-y-bebidas-vegetales/leche-en-polvo-y-suplementos,https://www.unimarc.cl/_next/data/0ucQ92dO_m9T9joH0FjVV/category/lacteos-huevos-y-refrigerados/leches-cremas-y-bebidas-vegetales/leche-en-polvo-y-suplementos.json?categories=lacteos-huevos-y-refrigerados&categories=leches-cremas-y-bebidas-vegetales&categories=leche-en-polvo-y-suplementos,2026-02-20T18:39:53
11134,Ensure advance vainilla 850 g,Ensure,1 un,Kg,37390,37390,,False,,$43.988 x Kg,$43.988 x Kg,https://www.unimarc.cl/ensure-advance-vain-850gr/p,https://unimarc.vtexassets.com/arquivos/ids/194336/000000000000612211-UN-01.jpg?v=637237671946270000,Bebidas vegetales,Leche en polvo y suplementos,https://www.unimarc.cl/category/lacteos-huevos-y-refrigerados/leches-cremas-y-bebidas-vegetales/leche-en-polvo-y-suplementos,https://www.unimarc.cl/_next/data/0ucQ92dO_m9T9joH0FjVV/category/lacteos-huevos-y-refrigerados/leches-cremas-y-bebidas-vegetales/leche-en-polvo-y-suplementos.json?categories=lacteos-huevos-y-refrigerados&categories=leches-cremas-y-bebidas-vegetales&categories=leche-en-polvo-y-suplementos,2026-02-20T18:39:53
93488,Leche en polvo sin lactosa Svelty 300gr,Svelty,1 un,Kg,4450,4450,,False,,$14.833 x Kg,$14.833 x Kg,https://www.unimarc.cl/leche-polvo-inst-s-lactosa-svelty-300gr/p,https://unimarc.vtexassets.com/arquivos/ids/252335/000000000000671927-UN-01.jpg?v=638972453477670000,Bebidas vegetales,Leche en polvo y suplementos,https://www.unimarc.cl/category/lacteos-huevos-y-refrigerados/leches-cremas-y-bebidas-vegetales/leche-en-polvo-y-suplementos,https://www.unimarc.cl/_next/data/0ucQ92dO_m9T9joH0FjVV/category/lacteos-huevos-y-refrigerados/leches-cremas-y-bebidas-vegetales/leche-en-polvo-y-suplementos.json?categories=lacteos-huevos-y-refrigerados&categories=leches-cremas-y-bebidas-vegetales&categories=leche-en-polvo-y-suplementos,2026-02-20T18:39:53
93487,Leche en polvo descremada Svelty 300gr,Svelty,1 un,Kg,3990,3990,,False,,$13.300 x Kg,$13.300 x Kg,https://www.unimarc.cl/leche-polvo-inst-descremada-svelty-300gr/p,https://unimarc.vtexassets.com/arquivos/ids/252334/000000000000671926-UN-01.jpg?v=638972453475170000,Bebidas vegetales,Leche en polvo y suplementos,https://www.unimarc.cl/category/lacteos-huevos-y-refrigerados/leches-cremas-y-bebidas-vegetales/leche-en-polvo-y-suplementos,https://www.unimarc.cl/_next/data/0ucQ92dO_m9T9joH0FjVV/category/lacteos-huevos-y-refrigerados/leches-cremas-y-bebidas-vegetales/leche-en-polvo-y-suplementos.json?categories=lacteos-huevos-y-refrigerados&categories=leches-cremas-y-bebidas-vegetales&categories=leche-en-polvo-y-suplementos,2026-02-20T18:39:53
68674,Ensure advance chocolate 850 g,Ensure,1 un,Kg,37390,37390,,False,,$43.988 x Kg,$43.988 x Kg,https://www.unimarc.cl/alim-ensure-advance-850-gr-chocolate/p,https://unimarc.vtexassets.com/arquivos/ids/194354/000000000645566001-UN-01.jpg?v=637237696766900000,Bebidas vegetales,Leche en polvo y suplementos,https://www.unimarc.cl/category/lacteos-huevos-y-refrigerados/leches-cremas-y-bebidas-vegetales/leche-en-polvo-y-suplementos,https://www.unimarc.cl/_next/data/0ucQ92dO_m9T9joH0FjVV/category/lacteos-huevos-y-refrigerados/leches-cremas-y-bebidas-vegetales/leche-en-polvo-y-suplementos.json?categories=lacteos-huevos-y-refrigerados&categories=leches-cremas-y-bebidas-vegetales&categories=leche-en-polvo-y-suplementos,2026-02-20T18:39:53
631,Saborizante para leche Milo activ-go bolsa 1 Kg,Milo,1 un,Kg,9160,11450,9160,True,Ahorras $2.290,$9.160 x Kg,$11.450 x Kg,https://www.unimarc.cl/chocolate-milo-bolsa-1-kg/p,https://unimarc.vtexassets.com/arquivos/ids/227045/000000000000172482-UN-01.jpg?v=638900919409630000,Bebidas vegetales,Saborizantes para leche,https://www.unimarc.cl/category/lacteos-huevos-y-refrigerados/leches-cremas-y-bebidas-vegetales/saborizantes-para-leche,https://www.unimarc.cl/_next/data/0ucQ92dO_m9T9joH0FjVV/category/lacteos-huevos-y-refrigerados/leches-cremas-y-bebidas-vegetales/saborizantes-para-leche.json?categories=lacteos-huevos-y-refrigerados&categories=leches-cremas-y-bebidas-vegetales&categories=saborizantes-para-leche,2026-02-20T18:40:02
63719,Saborizante para leche Nesquik optistart chocolate bolsa 700 g,Nesquik,1 un,Kg,5150,5150,,False,,$7.357 x Kg,$7.357 x Kg,https://www.unimarc.cl/saborizante-optis-nesquik-700-chocolate/p,https://unimarc.vtexassets.com/arquivos/ids/227044/000000000639186001-UN-01.jpg?v=637895338848770000,Bebidas vegetales,Saborizantes para leche,https://www.unimarc.cl/category/lacteos-huevos-y-refrigerados/leches-cremas-y-bebidas-vegetales/saborizantes-para-leche,https://www.unimarc.cl/_next/data/0ucQ92dO_m9T9joH0FjVV/category/lacteos-huevos-y-refrigerados/leches-cremas-y-bebidas-vegetales/saborizantes-para-leche.json?categories=lacteos-huevos-y-refrigerados&categories=leches-cremas-y-bebidas-vegetales&categories=saborizantes-para-leche,2026-02-20T18:40:02
59096,Saborizante para leche Nesquik optistart frutilla bolsa 380 g,Nesquik,1 un,Kg,3990,3990,,False,,$10.500 x Kg,$10.500 x Kg,https://www.unimarc.cl/saborizante-frutilla-optist-nesquik-380g/p,https://unimarc.vtexassets.com/arquivos/ids/227047/000000000000638276-UN-01.jpg?v=637895340243200000,Bebidas vegetales,Saborizantes para leche,https://www.unimarc.cl/category/lacteos-huevos-y-refrigerados/leches-cremas-y-bebidas-vegetales/saborizantes-para-leche,https://www.unimarc.cl/_next/data/0ucQ92dO_m9T9joH0FjVV/category/lacteos-huevos-y-refrigerados/leches-cremas-y-bebidas-vegetales/saborizantes-para-leche.json?categories=lacteos-huevos-y-refrigerados&categories=leches-cremas-y-bebidas-vegetales&categories=saborizantes-para-leche,2026-02-20T18:40:02
80287,Saborizante de leche Nesquik sabor vainilla 380 g,Nesquik,1 un,Kg,3990,3990,,False,,$10.500 x Kg,$10.500 x Kg,https://www.unimarc.cl/saboriz-leche-s-vainilla-nesquik-380-gr/p,https://unimarc.vtexassets.com/arquivos/ids/222251/000000000000653150-UN-01.jpg?v=637750836425370000,Bebidas vegetales,Saborizantes para leche,https://www.unimarc.cl/category/lacteos-huevos-y-refrigerados/leches-cremas-y-bebidas-vegetales/saborizantes-para-leche,https://www.unimarc.cl/_next/data/0ucQ92dO_m9T9joH0FjVV/category/lacteos-huevos-y-refrigerados/leches-cremas-y-bebidas-vegetales/saborizantes-para-leche.json?categories=lacteos-huevos-y-refrigerados&categories=leches-cremas-y-bebidas-vegetales&categories=saborizantes-para-leche,2026-02-20T18:40:02
63659,Saborizante Nesquik optistart chocolate 400 g,Nesquik,1 un,Kg,3990,3990,,False,,$9.975 x Kg,$9.975 x Kg,https://www.unimarc.cl/saborizante-optistart-choc-nesquik-400gr/p,https://unimarc.vtexassets.com/arquivos/ids/227049/000000000000640009-UN-01.jpg?v=637895340933070000,Bebidas vegetales,Saborizantes para leche,https://www.unimarc.cl/category/lacteos-huevos-y-refrigerados/leches-cremas-y-bebidas-vegetales/saborizantes-para-leche,https://www.unimarc.cl/_next/data/0ucQ92dO_m9T9joH0FjVV/category/lacteos-huevos-y-refrigerados/leches-cremas-y-bebidas-vegetales/saborizantes-para-leche.json?categories=lacteos-huevos-y-refrigerados&categories=leches-cremas-y-bebidas-vegetales&categories=saborizantes-para-leche,2026-02-20T18:40:02
63660,Saborizante Nesquik chocolate doypack 180 g,Nesquik,1 un,Kg,1990,1990,,False,,$11.056 x Kg,$11.056 x Kg,https://www.unimarc.cl/saborizante-optistart-choc-nesquik-180gr/p,https://unimarc.vtexassets.com/arquivos/ids/227051/000000000000640010-UN-01.jpg?v=637895341805030000,Bebidas vegetales,Saborizantes para leche,https://www.unimarc.cl/category/lacteos-huevos-y-refrigerados/leches-cremas-y-bebidas-vegetales/saborizantes-para-leche,https://www.unimarc.cl/_next/data/0ucQ92dO_m9T9joH0FjVV/category/lacteos-huevos-y-refrigerados/leches-cremas-y-bebidas-vegetales/saborizantes-para-leche.json?categories=lacteos-huevos-y-refrigerados&categories=leches-cremas-y-bebidas-vegetales&categories=saborizantes-para-leche,2026-02-20T18:40:02
75315,Saborizante para leche Milo activ-go bolsa 250 g,Milo,1 un,Kg,5990,5990,,False,,$23.960 x Kg,$23.960 x Kg,https://www.unimarc.cl/saboriz-activ-go-stabilo-prot-milo-250gr/p,https://unimarc.vtexassets.com/arquivos/ids/217341/000000000000649864-UN-01.jpg?v=637613668835500000,Bebidas vegetales,Saborizantes para leche,https://www.unimarc.cl/category/lacteos-huevos-y-refrigerados/leches-cremas-y-bebidas-vegetales/saborizantes-para-leche,https://www.unimarc.cl/_next/data/0ucQ92dO_m9T9joH0FjVV/category/lacteos-huevos-y-refrigerados/leches-cremas-y-bebidas-vegetales/saborizantes-para-leche.json?categories=lacteos-huevos-y-refrigerados&categories=leches-cremas-y-bebidas-vegetales&categories=saborizantes-para-leche,2026-02-20T18:40:02
73080,Saborizante para leche Trencito doypack 350 g,Trencito,1 un,Kg,3590,3590,,False,,$10.257 x Kg,$10.257 x Kg,https://www.unimarc.cl/chocolate-stabilo-trencito-350-gr/p,https://unimarc.vtexassets.com/arquivos/ids/202805/000000000000646651-UN-01.jpg?v=637378798157600000,Bebidas vegetales,Saborizantes para leche,https://www.unimarc.cl/category/lacteos-huevos-y-refrigerados/leches-cremas-y-bebidas-vegetales/saborizantes-para-leche,https://www.unimarc.cl/_next/data/0ucQ92dO_m9T9joH0FjVV/category/lacteos-huevos-y-refrigerados/leches-cremas-y-bebidas-vegetales/saborizantes-para-leche.json?categories=lacteos-huevos-y-refrigerados&categories=leches-cremas-y-bebidas-vegetales&categories=saborizantes-para-leche,2026-02-20T18:40:02
59103,Saborizante para leche Nesquik optistart frutilla bolsa 180 g,Nesquik,1 un,Kg,1990,1990,,False,,$11.056 x Kg,$11.056 x Kg,https://www.unimarc.cl/saborizante-optist-nesquik-180-frutilla/p,https://unimarc.vtexassets.com/arquivos/ids/227053/000000000638271002-UN-01.jpg?v=637895342441100000,Bebidas vegetales,Saborizantes para leche,https://www.unimarc.cl/category/lacteos-huevos-y-refrigerados/leches-cremas-y-bebidas-vegetales/saborizantes-para-leche,https://www.unimarc.cl/_next/data/0ucQ92dO_m9T9joH0FjVV/category/lacteos-huevos-y-refrigerados/leches-cremas-y-bebidas-vegetales/saborizantes-para-leche.json?categories=lacteos-huevos-y-refrigerados&categories=leches-cremas-y-bebidas-vegetales&categories=saborizantes-para-leche,2026-02-20T18:40:02
75316,Saborizante en polvo Nestlé cacao dulce 230 g,Nestle,1 un,Kg,2790,3470,2790,True,Ahorras $680,$12.130 x Kg,$15.087 x Kg,https://www.unimarc.cl/saboriz-cacao-dulce-e-polvo-nestle-230gr/p,https://unimarc.vtexassets.com/arquivos/ids/209851/000000000000649866-UN-01.jpg?v=637490986952430000,Bebidas vegetales,Saborizantes para leche,https://www.unimarc.cl/category/lacteos-huevos-y-refrigerados/leches-cremas-y-bebidas-vegetales/saborizantes-para-leche,https://www.unimarc.cl/_next/data/0ucQ92dO_m9T9joH0FjVV/category/lacteos-huevos-y-refrigerados/leches-cremas-y-bebidas-vegetales/saborizantes-para-leche.json?categories=lacteos-huevos-y-refrigerados&categories=leches-cremas-y-bebidas-vegetales&categories=saborizantes-para-leche,2026-02-20T18:40:02
83467,Cacao amargo en polvo Edra 150 Gr,Edra,1 un,Kg,2450,2450,,False,,$16.333 x Kg,$16.333 x Kg,https://www.unimarc.cl/cacao-amargo-edra-150-gr/p,https://unimarc.vtexassets.com/arquivos/ids/253707/000000000000662048-UN-01.jpg?v=639002178096670000,Bebidas vegetales,Saborizantes para leche,https://www.unimarc.cl/category/lacteos-huevos-y-refrigerados/leches-cremas-y-bebidas-vegetales/saborizantes-para-leche,https://www.unimarc.cl/_next/data/0ucQ92dO_m9T9joH0FjVV/category/lacteos-huevos-y-refrigerados/leches-cremas-y-bebidas-vegetales/saborizantes-para-leche.json?categories=lacteos-huevos-y-refrigerados&categories=leches-cremas-y-bebidas-vegetales&categories=saborizantes-para-leche,2026-02-20T18:40:02
5929,Saborizante Cocoa Raff chocolate bolsa 1 Kg,Cocoa Raff,1 un,Kg,4740,5990,4740,True,Ahorras $1.250,$4.740 x Kg,$5.990 x Kg,https://www.unimarc.cl/alimento-fort-cocoa-raff-1-kg/p,https://unimarc.vtexassets.com/arquivos/ids/237474/000000000000612530-UN-01.jpg?v=638411894488730000,Bebidas vegetales,Saborizantes para leche,https://www.unimarc.cl/category/lacteos-huevos-y-refrigerados/leches-cremas-y-bebidas-vegetales/saborizantes-para-leche,https://www.unimarc.cl/_next/data/0ucQ92dO_m9T9joH0FjVV/category/lacteos-huevos-y-refrigerados/leches-cremas-y-bebidas-vegetales/saborizantes-para-leche.json?categories=lacteos-huevos-y-refrigerados&categories=leches-cremas-y-bebidas-vegetales&categories=saborizantes-para-leche,2026-02-20T18:40:02
423,Saborizante para leche Milo bolsa 300 g,Milo,1 un,Kg,3990,3990,,False,,$13.300 x Kg,$13.300 x Kg,https://www.unimarc.cl/milo-de-chocolate-bolsa-300-g/p,https://unimarc.vtexassets.com/arquivos/ids/227055/000000000000053864-UN-01.jpg?v=637895343101300000,Bebidas vegetales,Saborizantes para leche,https://www.unimarc.cl/category/lacteos-huevos-y-refrigerados/leches-cremas-y-bebidas-vegetales/saborizantes-para-leche,https://www.unimarc.cl/_next/data/0ucQ92dO_m9T9joH0FjVV/category/lacteos-huevos-y-refrigerados/leches-cremas-y-bebidas-vegetales/saborizantes-para-leche.json?categories=lacteos-huevos-y-refrigerados&categories=leches-cremas-y-bebidas-vegetales&categories=saborizantes-para-leche,2026-02-20T18:40:02
96432,Saborizante para leche Nesquik optistart frutilla 150 gr,Nesquik,1 un,Kg,1000,1110,1000,True,Ahorras $110,$6.667 x Kg,$7.400 x Kg,https://www.unimarc.cl/fortif-optistart-frutilla-nesquik-150gr/p,https://unimarc.vtexassets.com/arquivos/ids/255300/000000000000697331-UN-01.jpg?v=639041748991070000,Bebidas vegetales,Saborizantes para leche,https://www.unimarc.cl/category/lacteos-huevos-y-refrigerados/leches-cremas-y-bebidas-vegetales/saborizantes-para-leche,https://www.unimarc.cl/_next/data/0ucQ92dO_m9T9joH0FjVV/category/lacteos-huevos-y-refrigerados/leches-cremas-y-bebidas-vegetales/saborizantes-para-leche.json?categories=lacteos-huevos-y-refrigerados&categories=leches-cremas-y-bebidas-vegetales&categories=saborizantes-para-leche,2026-02-20T18:40:02
84665,Saborizante en polvo Edra cacao dulce 200 g,Edra,1 un,Kg,1490,1490,,False,,$7.450 x Kg,$7.450 x Kg,https://www.unimarc.cl/cacao-dulce-edra-200-gr/p,https://unimarc.vtexassets.com/arquivos/ids/234358/000000000000662049-UN-01.jpg?v=638246855195100000,Bebidas vegetales,Saborizantes para leche,https://www.unimarc.cl/category/lacteos-huevos-y-refrigerados/leches-cremas-y-bebidas-vegetales/saborizantes-para-leche,https://www.unimarc.cl/_next/data/0ucQ92dO_m9T9joH0FjVV/category/lacteos-huevos-y-refrigerados/leches-cremas-y-bebidas-vegetales/saborizantes-para-leche.json?categories=lacteos-huevos-y-refrigerados&categories=leches-cremas-y-bebidas-vegetales&categories=saborizantes-para-leche,2026-02-20T18:40:02
61062,Saborizante para leche Cola Cao chocolate bolsa 1 Kg,Cola Cao,1 un,Kg,8690,8690,,False,,$8.690 x Kg,$8.690 x Kg,https://www.unimarc.cl/saborizante-p-leche-chocola-cola-cao-1kg/p,https://unimarc.vtexassets.com/arquivos/ids/195673/000000000000639504-UN-01.jpg?v=637263171283030000,Bebidas vegetales,Saborizantes para leche,https://www.unimarc.cl/category/lacteos-huevos-y-refrigerados/leches-cremas-y-bebidas-vegetales/saborizantes-para-leche,https://www.unimarc.cl/_next/data/0ucQ92dO_m9T9joH0FjVV/category/lacteos-huevos-y-refrigerados/leches-cremas-y-bebidas-vegetales/saborizantes-para-leche.json?categories=lacteos-huevos-y-refrigerados&categories=leches-cremas-y-bebidas-vegetales&categories=saborizantes-para-leche,2026-02-20T18:40:02
3618,Saborizante Copacabana cacao amargo caja 150 g,Copacabana,1 un,Kg,2890,2890,,False,,$19.267 x Kg,$19.267 x Kg,https://www.unimarc.cl/cacao-amargo-en-polvo-copacabana-150gr/p,https://unimarc.vtexassets.com/arquivos/ids/230771/000000000000118891-UN-01.jpg?v=638047284732300000,Bebidas vegetales,Saborizantes para leche,https://www.unimarc.cl/category/lacteos-huevos-y-refrigerados/leches-cremas-y-bebidas-vegetales/saborizantes-para-leche,https://www.unimarc.cl/_next/data/0ucQ92dO_m9T9joH0FjVV/category/lacteos-huevos-y-refrigerados/leches-cremas-y-bebidas-vegetales/saborizantes-para-leche.json?categories=lacteos-huevos-y-refrigerados&categories=leches-cremas-y-bebidas-vegetales&categories=saborizantes-para-leche,2026-02-20T18:40:02
91036,Saborizante para leche Milo Activ-Go 620 g,Milo,1 un,Kg,7650,7650,,False,,$12.339 x Kg,$12.339 x Kg,https://www.unimarc.cl/fortificante-activ-go-chocol-milo-620gr/p,https://unimarc.vtexassets.com/arquivos/ids/247465/000000000000673905-UN-01.jpg?v=638775643020900000,Bebidas vegetales,Saborizantes para leche,https://www.unimarc.cl/category/lacteos-huevos-y-refrigerados/leches-cremas-y-bebidas-vegetales/saborizantes-para-leche,https://www.unimarc.cl/_next/data/0ucQ92dO_m9T9joH0FjVV/category/lacteos-huevos-y-refrigerados/leches-cremas-y-bebidas-vegetales/saborizantes-para-leche.json?categories=lacteos-huevos-y-refrigerados&categories=leches-cremas-y-bebidas-vegetales&categories=saborizantes-para-leche,2026-02-20T18:40:02
81824,Batido proteina En Línea chocolate 350 g,En Linea,1 un,Kg,13650,13650,,False,,$39.000 x Kg,$39.000 x Kg,https://www.unimarc.cl/batido-proteina-en-linea-350g-chocolate/p,https://unimarc.vtexassets.com/arquivos/ids/249466/000000000655972001-UN-01.jpg?v=638851639294830000,Bebidas vegetales,Saborizantes para leche,https://www.unimarc.cl/category/lacteos-huevos-y-refrigerados/leches-cremas-y-bebidas-vegetales/saborizantes-para-leche,https://www.unimarc.cl/_next/data/0ucQ92dO_m9T9joH0FjVV/category/lacteos-huevos-y-refrigerados/leches-cremas-y-bebidas-vegetales/saborizantes-para-leche.json?categories=lacteos-huevos-y-refrigerados&categories=leches-cremas-y-bebidas-vegetales&categories=saborizantes-para-leche,2026-02-20T18:40:02
6689,Saborizante para leche Milo Activ-Go tarro 700 g,Milo,1 un,Kg,9450,9450,,False,,$13.500 x Kg,$13.500 x Kg,https://www.unimarc.cl/fortificante-active-go-milo-700-gr/p,https://unimarc.vtexassets.com/arquivos/ids/234348/000000000000845600-UN-01.jpg?v=638900165337930000,Bebidas vegetales,Saborizantes para leche,https://www.unimarc.cl/category/lacteos-huevos-y-refrigerados/leches-cremas-y-bebidas-vegetales/saborizantes-para-leche,https://www.unimarc.cl/_next/data/0ucQ92dO_m9T9joH0FjVV/category/lacteos-huevos-y-refrigerados/leches-cremas-y-bebidas-vegetales/saborizantes-para-leche.json?categories=lacteos-huevos-y-refrigerados&categories=leches-cremas-y-bebidas-vegetales&categories=saborizantes-para-leche,2026-02-20T18:40:02
3355,Saborizante Cola Cao chocolate Energy 250 g,Cola Cao,1 un,Kg,2550,2550,,False,,$10.200 x Kg,$10.200 x Kg,https://www.unimarc.cl/saborizante-cola-cao-bolsa-250-gr/p,https://unimarc.vtexassets.com/arquivos/ids/194504/000000000000030951-UN-01.jpg?v=637243771917730000,Bebidas vegetales,Saborizantes para leche,https://www.unimarc.cl/category/lacteos-huevos-y-refrigerados/leches-cremas-y-bebidas-vegetales/saborizantes-para-leche,https://www.unimarc.cl/_next/data/0ucQ92dO_m9T9joH0FjVV/category/lacteos-huevos-y-refrigerados/leches-cremas-y-bebidas-vegetales/saborizantes-para-leche.json?categories=lacteos-huevos-y-refrigerados&categories=leches-cremas-y-bebidas-vegetales&categories=saborizantes-para-leche,2026-02-20T18:40:02
5931,Saborizante Cocoa Raff chocolate pote 300 g,Cocoa Raff,1 un,Kg,2350,2350,,False,,$7.833 x Kg,$7.833 x Kg,https://www.unimarc.cl/alimento-fort-cocoa-raff-300-gr/p,https://unimarc.vtexassets.com/arquivos/ids/237476/000000000000612532-UN-01.jpg?v=638411894494070000,Bebidas vegetales,Saborizantes para leche,https://www.unimarc.cl/category/lacteos-huevos-y-refrigerados/leches-cremas-y-bebidas-vegetales/saborizantes-para-leche,https://www.unimarc.cl/_next/data/0ucQ92dO_m9T9joH0FjVV/category/lacteos-huevos-y-refrigerados/leches-cremas-y-bebidas-vegetales/saborizantes-para-leche.json?categories=lacteos-huevos-y-refrigerados&categories=leches-cremas-y-bebidas-vegetales&categories=saborizantes-para-leche,2026-02-20T18:40:02
4707,Saborizante Cola Cao chocolate Instantáneo bolsa 450 g,Cola Cao,1 un,Kg,4190,4190,,False,,$9.311 x Kg,$9.311 x Kg,https://www.unimarc.cl/saborizante-cola-cao-bolsa-450-gr/p,https://unimarc.vtexassets.com/arquivos/ids/190469/frontal-7334.jpg?v=637133358355930000,Bebidas vegetales,Saborizantes para leche,https://www.unimarc.cl/category/lacteos-huevos-y-refrigerados/leches-cremas-y-bebidas-vegetales/saborizantes-para-leche,https://www.unimarc.cl/_next/data/0ucQ92dO_m9T9joH0FjVV/category/lacteos-huevos-y-refrigerados/leches-cremas-y-bebidas-vegetales/saborizantes-para-leche.json?categories=lacteos-huevos-y-refrigerados&categories=leches-cremas-y-bebidas-vegetales&categories=saborizantes-para-leche,2026-02-20T18:40:02
11253,Saborizante Cola Cao chocolate stevia 300 g,Cola Cao,1 un,Kg,5390,5390,,False,,$17.967 x Kg,$17.967 x Kg,https://www.unimarc.cl/saborizante-chocol-stevia-cola-cao-300-g/p,https://unimarc.vtexassets.com/arquivos/ids/168055/saborizante-chocol-stevia-cola-cao-300-g.jpg?v=636573994053200000,Bebidas vegetales,Saborizantes para leche,https://www.unimarc.cl/category/lacteos-huevos-y-refrigerados/leches-cremas-y-bebidas-vegetales/saborizantes-para-leche,https://www.unimarc.cl/_next/data/0ucQ92dO_m9T9joH0FjVV/category/lacteos-huevos-y-refrigerados/leches-cremas-y-bebidas-vegetales/saborizantes-para-leche.json?categories=lacteos-huevos-y-refrigerados&categories=leches-cremas-y-bebidas-vegetales&categories=saborizantes-para-leche,2026-02-20T18:40:02
12736,Chocolate en polvo Nestlé dulce tarro 400 g,Nestle,1 un,Kg,8850,8850,,False,,$22.125 x Kg,$22.125 x Kg,https://www.unimarc.cl/saborizante-chocolate-nestle-tr-400-gr/p,https://unimarc.vtexassets.com/arquivos/ids/234305/000000000000170365-UN-01.jpg?v=638242790168500000,Bebidas vegetales,Saborizantes para leche,https://www.unimarc.cl/category/lacteos-huevos-y-refrigerados/leches-cremas-y-bebidas-vegetales/saborizantes-para-leche,https://www.unimarc.cl/_next/data/0ucQ92dO_m9T9joH0FjVV/category/lacteos-huevos-y-refrigerados/leches-cremas-y-bebidas-vegetales/saborizantes-para-leche.json?categories=lacteos-huevos-y-refrigerados&categories=leches-cremas-y-bebidas-vegetales&categories=saborizantes-para-leche,2026-02-20T18:40:02
6047,Saborizante con leche Milo activ-go chocolate listo para tomar bolsa 500 g,Milo,1 un,Kg,7990,7990,,False,,$15.980 x Kg,$15.980 x Kg,https://www.unimarc.cl/fortificante-p-leche-2en1-milo-500-gr/p,https://unimarc.vtexassets.com/arquivos/ids/231347/000000000000619372-UN-01.jpg?v=638064511721530000,Bebidas vegetales,Saborizantes para leche,https://www.unimarc.cl/category/lacteos-huevos-y-refrigerados/leches-cremas-y-bebidas-vegetales/saborizantes-para-leche,https://www.unimarc.cl/_next/data/0ucQ92dO_m9T9joH0FjVV/category/lacteos-huevos-y-refrigerados/leches-cremas-y-bebidas-vegetales/saborizantes-para-leche.json?categories=lacteos-huevos-y-refrigerados&categories=leches-cremas-y-bebidas-vegetales&categories=saborizantes-para-leche,2026-02-20T18:40:02
86930,Saborizante Nuestra Cocina frutilla libre de azúcar 400 g,Nuestra Cocina,1 un,Kg,2990,2990,,False,,$7.475 x Kg,$7.475 x Kg,https://www.unimarc.cl/saboriz-frutilla-s-a-nuestra-cocina-400g/p,https://unimarc.vtexassets.com/arquivos/ids/238349/000000000000667688-UN-01.jpg?v=638466426140630000,Bebidas vegetales,Saborizantes para leche,https://www.unimarc.cl/category/lacteos-huevos-y-refrigerados/leches-cremas-y-bebidas-vegetales/saborizantes-para-leche,https://www.unimarc.cl/_next/data/0ucQ92dO_m9T9joH0FjVV/category/lacteos-huevos-y-refrigerados/leches-cremas-y-bebidas-vegetales/saborizantes-para-leche.json?categories=lacteos-huevos-y-refrigerados&categories=leches-cremas-y-bebidas-vegetales&categories=saborizantes-para-leche,2026-02-20T18:40:02
91800,Saborizante Cola Cao chocolate doypack 700 g,Cola Cao,1 un,Kg,7350,7350,,False,,$10.500 x Kg,$10.500 x Kg,https://www.unimarc.cl/fortificante-leche-choco-cola-cao-700g/p,https://unimarc.vtexassets.com/arquivos/ids/249994/000000000000681315-UN-01.jpg?v=638878356827770000,Bebidas vegetales,Saborizantes para leche,https://www.unimarc.cl/category/lacteos-huevos-y-refrigerados/leches-cremas-y-bebidas-vegetales/saborizantes-para-leche,https://www.unimarc.cl/_next/data/0ucQ92dO_m9T9joH0FjVV/category/lacteos-huevos-y-refrigerados/leches-cremas-y-bebidas-vegetales/saborizantes-para-leche.json?categories=lacteos-huevos-y-refrigerados&categories=leches-cremas-y-bebidas-vegetales&categories=saborizantes-para-leche,2026-02-20T18:40:02
7810,Saborizante Copacabana cocoa dulce caja 200 g,Copacabana,1 un,Kg,1690,1690,,False,,$8.450 x Kg,$8.450 x Kg,https://www.unimarc.cl/saborizante-cocoa-dulce-copacabana-200gr/p,https://unimarc.vtexassets.com/arquivos/ids/230770/000000000000007119-UN-01.jpg?v=638047282657200000,Bebidas vegetales,Saborizantes para leche,https://www.unimarc.cl/category/lacteos-huevos-y-refrigerados/leches-cremas-y-bebidas-vegetales/saborizantes-para-leche,https://www.unimarc.cl/_next/data/0ucQ92dO_m9T9joH0FjVV/category/lacteos-huevos-y-refrigerados/leches-cremas-y-bebidas-vegetales/saborizantes-para-leche.json?categories=lacteos-huevos-y-refrigerados&categories=leches-cremas-y-bebidas-vegetales&categories=saborizantes-para-leche,2026-02-20T18:40:02
85922,Fortificante para leche Milo activ go 150 g,Milo,1 un,Kg,2250,2250,,False,,$15.000 x Kg,$15.000 x Kg,https://www.unimarc.cl/fortificante-p-leche-activ-go-milo-150gr/p,https://unimarc.vtexassets.com/arquivos/ids/237815/000000000000251935-UN-01.jpg?v=638439482740900000,Bebidas vegetales,Saborizantes para leche,https://www.unimarc.cl/category/lacteos-huevos-y-refrigerados/leches-cremas-y-bebidas-vegetales/saborizantes-para-leche,https://www.unimarc.cl/_next/data/0ucQ92dO_m9T9joH0FjVV/category/lacteos-huevos-y-refrigerados/leches-cremas-y-bebidas-vegetales/saborizantes-para-leche.json?categories=lacteos-huevos-y-refrigerados&categories=leches-cremas-y-bebidas-vegetales&categories=saborizantes-para-leche,2026-02-20T18:40:02
71247,Bebida láctea Surlat chocolate 200 ml,Surlat,1 un,litro,540,540,,False,,$2.700 x litro,$2.700 x litro,https://www.unimarc.cl/bebida-lactea-surlat-chocolate-200-ml/p,https://unimarc.vtexassets.com/arquivos/ids/246770/000000000000640114-UN-01.jpg.jpg?v=638750501319430000,Bebidas vegetales,Bebidas lácteas,https://www.unimarc.cl/category/lacteos-huevos-y-refrigerados/leches-cremas-y-bebidas-vegetales/bebidas-lacteas,https://www.unimarc.cl/_next/data/0ucQ92dO_m9T9joH0FjVV/category/lacteos-huevos-y-refrigerados/leches-cremas-y-bebidas-vegetales/bebidas-lacteas.json?categories=lacteos-huevos-y-refrigerados&categories=leches-cremas-y-bebidas-vegetales&categories=bebidas-lacteas,2026-02-20T18:40:10
90549,Bebida láctea Surlat chocolate 6 un de 200 ml,Surlat,1 un,litro,2000,3240,2000,True,Ahorras $1.240,$1.667 x litro,$2.700 x litro,https://www.unimarc.cl/bebida-lactea-chocolate-surlat-200cc/p,https://unimarc.vtexassets.com/arquivos/ids/246771/000000000000640114-DIS-01.jpg.jpg?v=638750503411400000,Bebidas vegetales,Bebidas lácteas,https://www.unimarc.cl/category/lacteos-huevos-y-refrigerados/leches-cremas-y-bebidas-vegetales/bebidas-lacteas,https://www.unimarc.cl/_next/data/0ucQ92dO_m9T9joH0FjVV/category/lacteos-huevos-y-refrigerados/leches-cremas-y-bebidas-vegetales/bebidas-lacteas.json?categories=lacteos-huevos-y-refrigerados&categories=leches-cremas-y-bebidas-vegetales&categories=bebidas-lacteas,2026-02-20T18:40:10
90571,Bebida láctea Surlat frutilla 200 ml,Surlat,1 un,litro,540,540,,False,,$2.700 x litro,$2.700 x litro,https://www.unimarc.cl/bebida-lac-semdes-frutilla-surlat-200ml-2/p,https://unimarc.vtexassets.com/arquivos/ids/246772/000000000000668003-UN-01.jpg.jpg?v=638750505584430000,Bebidas vegetales,Bebidas lácteas,https://www.unimarc.cl/category/lacteos-huevos-y-refrigerados/leches-cremas-y-bebidas-vegetales/bebidas-lacteas,https://www.unimarc.cl/_next/data/0ucQ92dO_m9T9joH0FjVV/category/lacteos-huevos-y-refrigerados/leches-cremas-y-bebidas-vegetales/bebidas-lacteas.json?categories=lacteos-huevos-y-refrigerados&categories=leches-cremas-y-bebidas-vegetales&categories=bebidas-lacteas,2026-02-20T18:40:10
1828,Pack bebida láctea chamyto Nestlé frutilla 12 un de 80 ml,Nestle,1 un,litro,4000,4900,4000,True,Ahorras $900,$4.167 x litro,$5.104 x litro,https://www.unimarc.cl/chamyto-probiotico-botella-80-ml-frutilla/p,https://unimarc.vtexassets.com/arquivos/ids/229243/000000000755136001-UN-01.jpg?v=637993070369470000,Bebidas vegetales,Bebidas lácteas,https://www.unimarc.cl/category/lacteos-huevos-y-refrigerados/leches-cremas-y-bebidas-vegetales/bebidas-lacteas,https://www.unimarc.cl/_next/data/0ucQ92dO_m9T9joH0FjVV/category/lacteos-huevos-y-refrigerados/leches-cremas-y-bebidas-vegetales/bebidas-lacteas.json?categories=lacteos-huevos-y-refrigerados&categories=leches-cremas-y-bebidas-vegetales&categories=bebidas-lacteas,2026-02-20T18:40:10
84787,Bebida láctea Milo sin lactosa 200 ml,Milo,1 un,litro,680,680,,False,,$3.400 x litro,$3.400 x litro,https://www.unimarc.cl/bebida-lactea-sin-lactosa-milo-200ml/p,https://unimarc.vtexassets.com/arquivos/ids/235249/000000000000665631-UN-01.jpg?v=638336953180000000,Bebidas vegetales,Bebidas lácteas,https://www.unimarc.cl/category/lacteos-huevos-y-refrigerados/leches-cremas-y-bebidas-vegetales/bebidas-lacteas,https://www.unimarc.cl/_next/data/0ucQ92dO_m9T9joH0FjVV/category/lacteos-huevos-y-refrigerados/leches-cremas-y-bebidas-vegetales/bebidas-lacteas.json?categories=lacteos-huevos-y-refrigerados&categories=leches-cremas-y-bebidas-vegetales&categories=bebidas-lacteas,2026-02-20T18:40:10
90570,Bebida láctea Surlat frutilla 6 un de 200 ml,Surlat,1 un,litro,2000,3240,2000,True,Ahorras $1.240,$1.667 x litro,$2.700 x litro,https://www.unimarc.cl/bebida-lac-semdes-frutilla-surlat-200ml/p,https://unimarc.vtexassets.com/arquivos/ids/246773/000000000000668003-DIS-01.jpg.jpg?v=638750506857570000,Bebidas vegetales,Bebidas lácteas,https://www.unimarc.cl/category/lacteos-huevos-y-refrigerados/leches-cremas-y-bebidas-vegetales/bebidas-lacteas,https://www.unimarc.cl/_next/data/0ucQ92dO_m9T9joH0FjVV/category/lacteos-huevos-y-refrigerados/leches-cremas-y-bebidas-vegetales/bebidas-lacteas.json?categories=lacteos-huevos-y-refrigerados&categories=leches-cremas-y-bebidas-vegetales&categories=bebidas-lacteas,2026-02-20T18:40:10
67944,Pack bebida láctea chamyto Nestlé frambuesa 12 un de 80 ml,Nestle,1 un,litro,4000,4900,4000,True,Ahorras $900,$4.167 x litro,$5.104 x litro,https://www.unimarc.cl/beb-lact-chamyto-nestle-12x80-frambuesa/p,https://unimarc.vtexassets.com/arquivos/ids/229246/000000000755136003-UN-01.jpg?v=637993071863870000,Bebidas vegetales,Bebidas lácteas,https://www.unimarc.cl/category/lacteos-huevos-y-refrigerados/leches-cremas-y-bebidas-vegetales/bebidas-lacteas,https://www.unimarc.cl/_next/data/0ucQ92dO_m9T9joH0FjVV/category/lacteos-huevos-y-refrigerados/leches-cremas-y-bebidas-vegetales/bebidas-lacteas.json?categories=lacteos-huevos-y-refrigerados&categories=leches-cremas-y-bebidas-vegetales&categories=bebidas-lacteas,2026-02-20T18:40:10
7565,Leche semidescremada Colun sabor chocolate 200 ml,Colun,1 un,litro,590,590,,False,,$2.950 x litro,$2.950 x litro,https://www.unimarc.cl/leche-chocolate-semidescremada-colun-200-ml/p,https://unimarc.vtexassets.com/arquivos/ids/200261/000000000402629004-UN-01.jpg?v=638338607303570000,Bebidas vegetales,Leches individuales,https://www.unimarc.cl/category/lacteos-huevos-y-refrigerados/leches-cremas-y-bebidas-vegetales/leches-individuales,https://www.unimarc.cl/_next/data/0ucQ92dO_m9T9joH0FjVV/category/lacteos-huevos-y-refrigerados/leches-cremas-y-bebidas-vegetales/leches-individuales.json?categories=lacteos-huevos-y-refrigerados&categories=leches-cremas-y-bebidas-vegetales&categories=leches-individuales,2026-02-20T18:40:20
91982,Leche descremada Surlat sin lactosa 6 un de 200 ml,Surlat,1 un,litro,2000,3840,2000,True,Ahorras $1.840,$1.667 x litro,$3.200 x litro,https://www.unimarc.cl/leche-desc-sin-lactosa-surlat-200ml-2/p,https://unimarc.vtexassets.com/arquivos/ids/250334/000000000000681906-DIS-01.jpg?v=638899166461770000,Bebidas vegetales,Leches individuales,https://www.unimarc.cl/category/lacteos-huevos-y-refrigerados/leches-cremas-y-bebidas-vegetales/leches-individuales,https://www.unimarc.cl/_next/data/0ucQ92dO_m9T9joH0FjVV/category/lacteos-huevos-y-refrigerados/leches-cremas-y-bebidas-vegetales/leches-individuales.json?categories=lacteos-huevos-y-refrigerados&categories=leches-cremas-y-bebidas-vegetales&categories=leches-individuales,2026-02-20T18:40:20
7564,Pack leche semidescremada Colun sabor chocolate 6 un de 200 ml,Colun,1 un,litro,3000,3540,3000,True,Ahorras $540,$2.500 x litro,$2.950 x litro,https://www.unimarc.cl/leche-chocolate-semidescremada-colun-200-ml-6-un/p,https://unimarc.vtexassets.com/arquivos/ids/178819/402629004.jpg?v=636730433945470000,Bebidas vegetales,Leches individuales,https://www.unimarc.cl/category/lacteos-huevos-y-refrigerados/leches-cremas-y-bebidas-vegetales/leches-individuales,https://www.unimarc.cl/_next/data/0ucQ92dO_m9T9joH0FjVV/category/lacteos-huevos-y-refrigerados/leches-cremas-y-bebidas-vegetales/leches-individuales.json?categories=lacteos-huevos-y-refrigerados&categories=leches-cremas-y-bebidas-vegetales&categories=leches-individuales,2026-02-20T18:40:20
91829,Leche semidescremada Colun origen chocolate 200 ml,Colun,1 un,litro,650,650,,False,,$3.250 x litro,$3.250 x litro,https://www.unimarc.cl/leche-origen-chocolate-colun-200ml-2/p,https://unimarc.vtexassets.com/arquivos/ids/250328/000000000000679147-UN-01.jpg?v=638895847333400000,Bebidas vegetales,Leches individuales,https://www.unimarc.cl/category/lacteos-huevos-y-refrigerados/leches-cremas-y-bebidas-vegetales/leches-individuales,https://www.unimarc.cl/_next/data/0ucQ92dO_m9T9joH0FjVV/category/lacteos-huevos-y-refrigerados/leches-cremas-y-bebidas-vegetales/leches-individuales.json?categories=lacteos-huevos-y-refrigerados&categories=leches-cremas-y-bebidas-vegetales&categories=leches-individuales,2026-02-20T18:40:20
7530,Leche semidescremada Soprole chocolate 200 ml Leche chocolate semidescremada Soprole 200 ml,Soprole,1 un,litro,590,590,,False,,$2.950 x litro,$2.950 x litro,https://www.unimarc.cl/leche-chocolate-semidescremada-soprole-200-ml/p,https://unimarc.vtexassets.com/arquivos/ids/254533/000000000402613002-UN-01.jpg?v=639026171259200000,Bebidas vegetales,Leches individuales,https://www.unimarc.cl/category/lacteos-huevos-y-refrigerados/leches-cremas-y-bebidas-vegetales/leches-individuales,https://www.unimarc.cl/_next/data/0ucQ92dO_m9T9joH0FjVV/category/lacteos-huevos-y-refrigerados/leches-cremas-y-bebidas-vegetales/leches-individuales.json?categories=lacteos-huevos-y-refrigerados&categories=leches-cremas-y-bebidas-vegetales&categories=leches-individuales,2026-02-20T18:40:20
7563,Leche semidescremada Colun sabor frutilla 200 ml,Colun,1 un,litro,590,590,,False,,$2.950 x litro,$2.950 x litro,https://www.unimarc.cl/leche-frutilla-semidescremada-colun-200-ml/p,https://unimarc.vtexassets.com/arquivos/ids/200260/000000000402629003-UN-01.jpg?v=638338607295770000,Bebidas vegetales,Leches individuales,https://www.unimarc.cl/category/lacteos-huevos-y-refrigerados/leches-cremas-y-bebidas-vegetales/leches-individuales,https://www.unimarc.cl/_next/data/0ucQ92dO_m9T9joH0FjVV/category/lacteos-huevos-y-refrigerados/leches-cremas-y-bebidas-vegetales/leches-individuales.json?categories=lacteos-huevos-y-refrigerados&categories=leches-cremas-y-bebidas-vegetales&categories=leches-individuales,2026-02-20T18:40:20
7561,Leche semidescremada Colun sabor vainilla 200 ml,Colun,1 un,litro,590,590,,False,,$2.950 x litro,$2.950 x litro,https://www.unimarc.cl/leche-vainilla-semidescremada-colun-200-ml/p,https://unimarc.vtexassets.com/arquivos/ids/200259/000000000402629001-UN-01.jpg?v=638338607287300000,Bebidas vegetales,Leches individuales,https://www.unimarc.cl/category/lacteos-huevos-y-refrigerados/leches-cremas-y-bebidas-vegetales/leches-individuales,https://www.unimarc.cl/_next/data/0ucQ92dO_m9T9joH0FjVV/category/lacteos-huevos-y-refrigerados/leches-cremas-y-bebidas-vegetales/leches-individuales.json?categories=lacteos-huevos-y-refrigerados&categories=leches-cremas-y-bebidas-vegetales&categories=leches-individuales,2026-02-20T18:40:20
87167,Leche Soprole semidescremada con avena 200 ml,Soprole,1 un,litro,550,550,,False,,$2.750 x litro,$2.750 x litro,https://www.unimarc.cl/leche-con-avena-soprole-200-cc-2/p,https://unimarc.vtexassets.com/arquivos/ids/239673/000000000000668638-UN-01.jpg?v=638514702341900000,Bebidas vegetales,Leches individuales,https://www.unimarc.cl/category/lacteos-huevos-y-refrigerados/leches-cremas-y-bebidas-vegetales/leches-individuales,https://www.unimarc.cl/_next/data/0ucQ92dO_m9T9joH0FjVV/category/lacteos-huevos-y-refrigerados/leches-cremas-y-bebidas-vegetales/leches-individuales.json?categories=lacteos-huevos-y-refrigerados&categories=leches-cremas-y-bebidas-vegetales&categories=leches-individuales,2026-02-20T18:40:20
90993,Leche Soprole semidescremada con avena y chocolate 200 ml,Soprole,1 un,litro,550,550,,False,,$2.750 x litro,$2.750 x litro,https://www.unimarc.cl/leche-cn-avena-y-chocolate-soprole-200ml/p,https://unimarc.vtexassets.com/arquivos/ids/247290/000000000000674962-UN-01.jpg.jpg?v=638768069001600000,Bebidas vegetales,Leches individuales,https://www.unimarc.cl/category/lacteos-huevos-y-refrigerados/leches-cremas-y-bebidas-vegetales/leches-individuales,https://www.unimarc.cl/_next/data/0ucQ92dO_m9T9joH0FjVV/category/lacteos-huevos-y-refrigerados/leches-cremas-y-bebidas-vegetales/leches-individuales.json?categories=lacteos-huevos-y-refrigerados&categories=leches-cremas-y-bebidas-vegetales&categories=leches-individuales,2026-02-20T18:40:20
7089,Leche semidescremada Soprole chocolate requetepatitas 200 ml Leche Soprole sabor chocolate receta original 200 ml,Soprole,1 un,litro,590,590,,False,,$2.950 x litro,$2.950 x litro,https://www.unimarc.cl/leche-chocolate-descremada-light-soprole-200ml/p,https://unimarc.vtexassets.com/arquivos/ids/254527/000000000000985415-UN-01.jpg?v=639026152235170000,Bebidas vegetales,Leches individuales,https://www.unimarc.cl/category/lacteos-huevos-y-refrigerados/leches-cremas-y-bebidas-vegetales/leches-individuales,https://www.unimarc.cl/_next/data/0ucQ92dO_m9T9joH0FjVV/category/lacteos-huevos-y-refrigerados/leches-cremas-y-bebidas-vegetales/leches-individuales.json?categories=lacteos-huevos-y-refrigerados&categories=leches-cremas-y-bebidas-vegetales&categories=leches-individuales,2026-02-20T18:40:20
95755,Leche Surlat whey proteína descremada chocolate 200 ml,Surlat,1 un,litro,740,740,,False,,$3.700 x litro,$3.700 x litro,https://www.unimarc.cl/leche-whey-prot-chocolate-surlat-200ml/p,https://unimarc.vtexassets.com/arquivos/ids/254348/000000000000693762-UN-01.jpg?v=639016580524570000,Bebidas vegetales,Leches individuales,https://www.unimarc.cl/category/lacteos-huevos-y-refrigerados/leches-cremas-y-bebidas-vegetales/leches-individuales,https://www.unimarc.cl/_next/data/0ucQ92dO_m9T9joH0FjVV/category/lacteos-huevos-y-refrigerados/leches-cremas-y-bebidas-vegetales/leches-individuales.json?categories=lacteos-huevos-y-refrigerados&categories=leches-cremas-y-bebidas-vegetales&categories=leches-individuales,2026-02-20T18:40:20
72576,Leche entera natural Soprole 200 ml,Soprole,1 un,litro,540,540,,False,,$2.700 x litro,$2.700 x litro,https://www.unimarc.cl/leche-entera-soprole-200-ml-2/p,https://unimarc.vtexassets.com/arquivos/ids/252406/000000000000646822-UN-01.jpg?v=638972809937830000,Bebidas vegetales,Leches individuales,https://www.unimarc.cl/category/lacteos-huevos-y-refrigerados/leches-cremas-y-bebidas-vegetales/leches-individuales,https://www.unimarc.cl/_next/data/0ucQ92dO_m9T9joH0FjVV/category/lacteos-huevos-y-refrigerados/leches-cremas-y-bebidas-vegetales/leches-individuales.json?categories=lacteos-huevos-y-refrigerados&categories=leches-cremas-y-bebidas-vegetales&categories=leches-individuales,2026-02-20T18:40:20
7527,Leche semidescremada Soprole frutilla 200 ml Leche semidescremada Soprole sabor frutilla 200 ml,Soprole,1 un,litro,590,590,,False,,$2.950 x litro,$2.950 x litro,https://www.unimarc.cl/leche-soprole-200-cc-frutilla-3/p,https://unimarc.vtexassets.com/arquivos/ids/254532/000000000402613001-UN-01.jpg?v=639026170845370000,Bebidas vegetales,Leches individuales,https://www.unimarc.cl/category/lacteos-huevos-y-refrigerados/leches-cremas-y-bebidas-vegetales/leches-individuales,https://www.unimarc.cl/_next/data/0ucQ92dO_m9T9joH0FjVV/category/lacteos-huevos-y-refrigerados/leches-cremas-y-bebidas-vegetales/leches-individuales.json?categories=lacteos-huevos-y-refrigerados&categories=leches-cremas-y-bebidas-vegetales&categories=leches-individuales,2026-02-20T18:40:20
95753,Leche Surlat whey proteína descremada caramelo 200 ml,Surlat,1 un,litro,740,740,,False,,$3.700 x litro,$3.700 x litro,https://www.unimarc.cl/leche-descre-whey-protein-carame-200ml/p,https://unimarc.vtexassets.com/arquivos/ids/254328/000000000000692747-UN-01.jpg?v=639016580203130000,Bebidas vegetales,Leches individuales,https://www.unimarc.cl/category/lacteos-huevos-y-refrigerados/leches-cremas-y-bebidas-vegetales/leches-individuales,https://www.unimarc.cl/_next/data/0ucQ92dO_m9T9joH0FjVV/category/lacteos-huevos-y-refrigerados/leches-cremas-y-bebidas-vegetales/leches-individuales.json?categories=lacteos-huevos-y-refrigerados&categories=leches-cremas-y-bebidas-vegetales&categories=leches-individuales,2026-02-20T18:40:20
7831,Leche entera Trencito Nestlé sabor chocolate 200 ml,Nestle,1 un,litro,680,680,,False,,$3.400 x litro,$3.400 x litro,https://www.unimarc.cl/leche-chocolate-entera-trencito-nestle-200-ml/p,https://unimarc.vtexassets.com/arquivos/ids/198739/000000000000007453-UN-01.jpg?v=637296949134000000,Bebidas vegetales,Leches individuales,https://www.unimarc.cl/category/lacteos-huevos-y-refrigerados/leches-cremas-y-bebidas-vegetales/leches-individuales,https://www.unimarc.cl/_next/data/0ucQ92dO_m9T9joH0FjVV/category/lacteos-huevos-y-refrigerados/leches-cremas-y-bebidas-vegetales/leches-individuales.json?categories=lacteos-huevos-y-refrigerados&categories=leches-cremas-y-bebidas-vegetales&categories=leches-individuales,2026-02-20T18:40:20
7829,Leche chocolate fortificada Milo 200 ml.,Milo,1 un,litro,750,750,,False,,$3.750 x litro,$3.750 x litro,https://www.unimarc.cl/leche-chocolate-fortificada-milo-nestle-200ml/p,https://unimarc.vtexassets.com/arquivos/ids/231345/000000000000007448-UN-01.jpg?v=638064510558370000,Bebidas vegetales,Leches individuales,https://www.unimarc.cl/category/lacteos-huevos-y-refrigerados/leches-cremas-y-bebidas-vegetales/leches-individuales,https://www.unimarc.cl/_next/data/0ucQ92dO_m9T9joH0FjVV/category/lacteos-huevos-y-refrigerados/leches-cremas-y-bebidas-vegetales/leches-individuales.json?categories=lacteos-huevos-y-refrigerados&categories=leches-cremas-y-bebidas-vegetales&categories=leches-individuales,2026-02-20T18:40:20
91828,Leche semidescremada Colun origen chocolate 6 un de 200 ml,Colun,1 un,litro,3420,3900,3420,True,Ahorras $480,$2.850 x litro,$3.250 x litro,https://www.unimarc.cl/leche-origen-chocolate-colun-200ml/p,https://unimarc.vtexassets.com/arquivos/ids/250569/000000000000679147-DIS-01.jpg?v=638902678481730000,Bebidas vegetales,Leches individuales,https://www.unimarc.cl/category/lacteos-huevos-y-refrigerados/leches-cremas-y-bebidas-vegetales/leches-individuales,https://www.unimarc.cl/_next/data/0ucQ92dO_m9T9joH0FjVV/category/lacteos-huevos-y-refrigerados/leches-cremas-y-bebidas-vegetales/leches-individuales.json?categories=lacteos-huevos-y-refrigerados&categories=leches-cremas-y-bebidas-vegetales&categories=leches-individuales,2026-02-20T18:40:20
90995,Leche semidescremada natural Soprole 200 ml,Soprole,1 un,litro,540,540,,False,,$2.700 x litro,$2.700 x litro,https://www.unimarc.cl/leche-natural-semi-desc-soprole-200ml/p,https://unimarc.vtexassets.com/arquivos/ids/252408/000000000000674964-UN-01.jpg?v=638972810331500000,Bebidas vegetales,Leches individuales,https://www.unimarc.cl/category/lacteos-huevos-y-refrigerados/leches-cremas-y-bebidas-vegetales/leches-individuales,https://www.unimarc.cl/_next/data/0ucQ92dO_m9T9joH0FjVV/category/lacteos-huevos-y-refrigerados/leches-cremas-y-bebidas-vegetales/leches-individuales.json?categories=lacteos-huevos-y-refrigerados&categories=leches-cremas-y-bebidas-vegetales&categories=leches-individuales,2026-02-20T18:40:20
3955,Leche semidescremada Loncoleche sabor plátano 200 ml,Loncoleche,1 un,litro,570,570,,False,,$2.850 x litro,$2.850 x litro,https://www.unimarc.cl/leche-platano-loncoleche-200-cc-2/p,https://unimarc.vtexassets.com/arquivos/ids/253084/000000000000158479-UN-01.jpg?v=638990023445630000,Bebidas vegetales,Leches individuales,https://www.unimarc.cl/category/lacteos-huevos-y-refrigerados/leches-cremas-y-bebidas-vegetales/leches-individuales,https://www.unimarc.cl/_next/data/0ucQ92dO_m9T9joH0FjVV/category/lacteos-huevos-y-refrigerados/leches-cremas-y-bebidas-vegetales/leches-individuales.json?categories=lacteos-huevos-y-refrigerados&categories=leches-cremas-y-bebidas-vegetales&categories=leches-individuales,2026-02-20T18:40:20
4174,Leche semidescremada sin lactosa Loncoleche 200 ml,Loncoleche,1 un,litro,570,570,,False,,$2.850 x litro,$2.850 x litro,https://www.unimarc.cl/leche-semidescremada-sin-lactosa-loncoleche-200-ml/p,https://unimarc.vtexassets.com/arquivos/ids/253085/000000000000176714-UN-01.jpg?v=638990026045330000,Bebidas vegetales,Leches individuales,https://www.unimarc.cl/category/lacteos-huevos-y-refrigerados/leches-cremas-y-bebidas-vegetales/leches-individuales,https://www.unimarc.cl/_next/data/0ucQ92dO_m9T9joH0FjVV/category/lacteos-huevos-y-refrigerados/leches-cremas-y-bebidas-vegetales/leches-individuales.json?categories=lacteos-huevos-y-refrigerados&categories=leches-cremas-y-bebidas-vegetales&categories=leches-individuales,2026-02-20T18:40:20
7560,Pack leche semidescremada Colun sabor vainilla 6 un de 200 ml,Colun,1 un,litro,3000,3540,3000,True,Ahorras $540,$2.500 x litro,$2.950 x litro,https://www.unimarc.cl/leche-vainilla-semidescremada-colun-200-ml-6-un/p,https://unimarc.vtexassets.com/arquivos/ids/231053/000000000402629001-DIS-01.jpg?v=638053330416900000,Bebidas vegetales,Leches individuales,https://www.unimarc.cl/category/lacteos-huevos-y-refrigerados/leches-cremas-y-bebidas-vegetales/leches-individuales,https://www.unimarc.cl/_next/data/0ucQ92dO_m9T9joH0FjVV/category/lacteos-huevos-y-refrigerados/leches-cremas-y-bebidas-vegetales/leches-individuales.json?categories=lacteos-huevos-y-refrigerados&categories=leches-cremas-y-bebidas-vegetales&categories=leches-individuales,2026-02-20T18:40:20
7562,Pack leche semidescremada Colun sabor frutilla 6 un de 200 ml,Colun,1 un,litro,3000,3540,3000,True,Ahorras $540,$2.500 x litro,$2.950 x litro,https://www.unimarc.cl/leche-frutilla-semidescremada-colun-200-ml-6-un/p,https://unimarc.vtexassets.com/arquivos/ids/231050/000000000402629003-DIS-01.jpg?v=638053305673830000,Bebidas vegetales,Leches individuales,https://www.unimarc.cl/category/lacteos-huevos-y-refrigerados/leches-cremas-y-bebidas-vegetales/leches-individuales,https://www.unimarc.cl/_next/data/0ucQ92dO_m9T9joH0FjVV/category/lacteos-huevos-y-refrigerados/leches-cremas-y-bebidas-vegetales/leches-individuales.json?categories=lacteos-huevos-y-refrigerados&categories=leches-cremas-y-bebidas-vegetales&categories=leches-individuales,2026-02-20T18:40:20
7529,Leche semidescremada Soprole chocolate 6 un de 200 ml Pack leche semidescremada Soprole sabor chocolate 6 un de 200 ml,Soprole,1 un,litro,3120,3540,3120,True,Ahorras $420,$2.600 x litro,$2.950 x litro,https://www.unimarc.cl/leche-choc-semidescr-soprole-6-u-x-200-ml-2/p,https://unimarc.vtexassets.com/arquivos/ids/254536/000000000402613002-DIS-01.jpg?v=639026189625230000,Bebidas vegetales,Leches individuales,https://www.unimarc.cl/category/lacteos-huevos-y-refrigerados/leches-cremas-y-bebidas-vegetales/leches-individuales,https://www.unimarc.cl/_next/data/0ucQ92dO_m9T9joH0FjVV/category/lacteos-huevos-y-refrigerados/leches-cremas-y-bebidas-vegetales/leches-individuales.json?categories=lacteos-huevos-y-refrigerados&categories=leches-cremas-y-bebidas-vegetales&categories=leches-individuales,2026-02-20T18:40:20
72575,Pack Leche entera natural Soprole 6 un de 200 ml,Soprole,1 un,litro,3000,3240,3000,True,Ahorras $240,$2.500 x litro,$2.700 x litro,https://www.unimarc.cl/pack-leche-entera-soprole-6-un-de-200-ml/p,https://unimarc.vtexassets.com/arquivos/ids/213935/000000000000646822-DIS-01.jpg?v=638379123929930000,Bebidas vegetales,Leches individuales,https://www.unimarc.cl/category/lacteos-huevos-y-refrigerados/leches-cremas-y-bebidas-vegetales/leches-individuales,https://www.unimarc.cl/_next/data/0ucQ92dO_m9T9joH0FjVV/category/lacteos-huevos-y-refrigerados/leches-cremas-y-bebidas-vegetales/leches-individuales.json?categories=lacteos-huevos-y-refrigerados&categories=leches-cremas-y-bebidas-vegetales&categories=leches-individuales,2026-02-20T18:40:20
7526,Leche semidescremada Soprole frutilla 6 un de 200 ml Pack leche semidescremada Soprole sabor frutilla 6 un de 200 ml,Soprole,1 un,litro,3120,3540,3120,True,Ahorras $420,$2.600 x litro,$2.950 x litro,https://www.unimarc.cl/leche-soprole-200-cc-frutilla-2/p,https://unimarc.vtexassets.com/arquivos/ids/254535/000000000402613001-DIS-01.jpg?v=639026189387570000,Bebidas vegetales,Leches individuales,https://www.unimarc.cl/category/lacteos-huevos-y-refrigerados/leches-cremas-y-bebidas-vegetales/leches-individuales,https://www.unimarc.cl/_next/data/0ucQ92dO_m9T9joH0FjVV/category/lacteos-huevos-y-refrigerados/leches-cremas-y-bebidas-vegetales/leches-individuales.json?categories=lacteos-huevos-y-refrigerados&categories=leches-cremas-y-bebidas-vegetales&categories=leches-individuales,2026-02-20T18:40:20
7088,Leche semidescremada Soprole chocolate requetepatitas 6 un de 200 ml Leche Soprole sabor chocolate receta original 6 un de 200 ml,Soprole,1 un,litro,3120,3540,3120,True,Ahorras $420,$2.600 x litro,$2.950 x litro,https://www.unimarc.cl/leche-chocolate-descremada-light-soprole-200ml-6-un/p,https://unimarc.vtexassets.com/arquivos/ids/254528/000000000000985415-DIS-01.jpg?v=639026165560030000,Bebidas vegetales,Leches individuales,https://www.unimarc.cl/category/lacteos-huevos-y-refrigerados/leches-cremas-y-bebidas-vegetales/leches-individuales,https://www.unimarc.cl/_next/data/0ucQ92dO_m9T9joH0FjVV/category/lacteos-huevos-y-refrigerados/leches-cremas-y-bebidas-vegetales/leches-individuales.json?categories=lacteos-huevos-y-refrigerados&categories=leches-cremas-y-bebidas-vegetales&categories=leches-individuales,2026-02-20T18:40:20
87166,Leche Soprole semidescremada con avena 6 un de 200 ml,Soprole,1 un,litro,3000,3300,3000,True,Ahorras $300,$2.500 x litro,$2.750 x litro,https://www.unimarc.cl/leche-con-avena-soprole-200-cc/p,https://unimarc.vtexassets.com/arquivos/ids/239672/000000000000668638-DIS-01.jpg?v=638514701931070000,Bebidas vegetales,Leches individuales,https://www.unimarc.cl/category/lacteos-huevos-y-refrigerados/leches-cremas-y-bebidas-vegetales/leches-individuales,https://www.unimarc.cl/_next/data/0ucQ92dO_m9T9joH0FjVV/category/lacteos-huevos-y-refrigerados/leches-cremas-y-bebidas-vegetales/leches-individuales.json?categories=lacteos-huevos-y-refrigerados&categories=leches-cremas-y-bebidas-vegetales&categories=leches-individuales,2026-02-20T18:40:20
56938,Leche proteína Soprole chocolate 6 un de 200 ml Pack leche proteina Soprole protein+ sabor chocolate 6 un de 200 ml,Soprole,1 un,litro,4200,4200,,False,,$3.500 x litro,$3.500 x litro,https://www.unimarc.cl/leche-choco-alta-proteina-soprole-200ml-2/p,https://unimarc.vtexassets.com/arquivos/ids/181991/635931.jpg?v=636815350175970000,Bebidas vegetales,Leches individuales,https://www.unimarc.cl/category/lacteos-huevos-y-refrigerados/leches-cremas-y-bebidas-vegetales/leches-individuales,https://www.unimarc.cl/_next/data/0ucQ92dO_m9T9joH0FjVV/category/lacteos-huevos-y-refrigerados/leches-cremas-y-bebidas-vegetales/leches-individuales.json?categories=lacteos-huevos-y-refrigerados&categories=leches-cremas-y-bebidas-vegetales&categories=leches-individuales,2026-02-20T18:40:20
93460,Leche Soprole con avena y chocolate 6 un de 200 ml,Soprole,1 un,litro,3000,3300,3000,True,Ahorras $300,$2.500 x litro,$2.750 x litro,https://www.unimarc.cl/leche-c-avena-y-chocolate-soprole-200ml/p,https://unimarc.vtexassets.com/arquivos/ids/255273/000000000000674962-DIS-01.jpg?v=639040989165000000,Bebidas vegetales,Leches individuales,https://www.unimarc.cl/category/lacteos-huevos-y-refrigerados/leches-cremas-y-bebidas-vegetales/leches-individuales,https://www.unimarc.cl/_next/data/0ucQ92dO_m9T9joH0FjVV/category/lacteos-huevos-y-refrigerados/leches-cremas-y-bebidas-vegetales/leches-individuales.json?categories=lacteos-huevos-y-refrigerados&categories=leches-cremas-y-bebidas-vegetales&categories=leches-individuales,2026-02-20T18:40:20
6882,Leche semidescremada sin lactosa Soprole chocolate 200 ml Leche semidescremada sin lactosa Soprole Zerolacto sabor chocolate 200 ml,Soprole,1 un,litro,580,580,,False,,$2.900 x litro,$2.900 x litro,https://www.unimarc.cl/leche-zero-lacto-chocolate-soprole-200-ml/p,https://unimarc.vtexassets.com/arquivos/ids/249810/000000000000901934-UN-01.jpg?v=638863783022800000,Bebidas vegetales,Leches individuales,https://www.unimarc.cl/category/lacteos-huevos-y-refrigerados/leches-cremas-y-bebidas-vegetales/leches-individuales,https://www.unimarc.cl/_next/data/0ucQ92dO_m9T9joH0FjVV/category/lacteos-huevos-y-refrigerados/leches-cremas-y-bebidas-vegetales/leches-individuales.json?categories=lacteos-huevos-y-refrigerados&categories=leches-cremas-y-bebidas-vegetales&categories=leches-individuales,2026-02-20T18:40:20
91983,Leche entera Surlat 6 un de 20 ml,Surlat,1 un,litro,3180,3180,,False,,$2.650 x litro,$2.650 x litro,https://www.unimarc.cl/leche-entera-surlat-200ml-2/p,https://unimarc.vtexassets.com/arquivos/ids/250335/000000000000681907-DIS-01.jpg?v=638899166633100000,Bebidas vegetales,Leches individuales,https://www.unimarc.cl/category/lacteos-huevos-y-refrigerados/leches-cremas-y-bebidas-vegetales/leches-individuales,https://www.unimarc.cl/_next/data/0ucQ92dO_m9T9joH0FjVV/category/lacteos-huevos-y-refrigerados/leches-cremas-y-bebidas-vegetales/leches-individuales.json?categories=lacteos-huevos-y-refrigerados&categories=leches-cremas-y-bebidas-vegetales&categories=leches-individuales,2026-02-20T18:40:20
78676,Leche protein Loncoleche capuccino 200 ml,Loncoleche,1 un,litro,670,670,,False,,$3.350 x litro,$3.350 x litro,https://www.unimarc.cl/leche-protein-loncoleche-200m-capuccino/p,https://unimarc.vtexassets.com/arquivos/ids/227493/000000000652766001-UN-01.jpg?v=637909033645770000,Bebidas vegetales,Leches individuales,https://www.unimarc.cl/category/lacteos-huevos-y-refrigerados/leches-cremas-y-bebidas-vegetales/leches-individuales,https://www.unimarc.cl/_next/data/0ucQ92dO_m9T9joH0FjVV/category/lacteos-huevos-y-refrigerados/leches-cremas-y-bebidas-vegetales/leches-individuales.json?categories=lacteos-huevos-y-refrigerados&categories=leches-cremas-y-bebidas-vegetales&categories=leches-individuales,2026-02-20T18:40:20
91768,Leche protein Soprole sabor cappuccino 200 ml,Soprole,1 un,litro,700,700,,False,,$3.500 x litro,$3.500 x litro,https://www.unimarc.cl/leche-protein-soprole-200ml-cappuccino/p,https://unimarc.vtexassets.com/arquivos/ids/249814/000000000681039001-UN-01.jpg?v=638863789902800000,Bebidas vegetales,Leches individuales,https://www.unimarc.cl/category/lacteos-huevos-y-refrigerados/leches-cremas-y-bebidas-vegetales/leches-individuales,https://www.unimarc.cl/_next/data/0ucQ92dO_m9T9joH0FjVV/category/lacteos-huevos-y-refrigerados/leches-cremas-y-bebidas-vegetales/leches-individuales.json?categories=lacteos-huevos-y-refrigerados&categories=leches-cremas-y-bebidas-vegetales&categories=leches-individuales,2026-02-20T18:40:20
85925,Leche semidescremada sin lactosa Soprole frutilla 200 ml Leche semidescremada Soprole frutilla sin lactosa 200 ml,Soprole,1 un,litro,580,580,,False,,$2.900 x litro,$2.900 x litro,https://www.unimarc.cl/leche-frutilla-zero-lacto-soprole-200-ml/p,https://unimarc.vtexassets.com/arquivos/ids/249812/000000000000666504-UN-01.jpg?v=638863784590370000,Bebidas vegetales,Leches individuales,https://www.unimarc.cl/category/lacteos-huevos-y-refrigerados/leches-cremas-y-bebidas-vegetales/leches-individuales,https://www.unimarc.cl/_next/data/0ucQ92dO_m9T9joH0FjVV/category/lacteos-huevos-y-refrigerados/leches-cremas-y-bebidas-vegetales/leches-individuales.json?categories=lacteos-huevos-y-refrigerados&categories=leches-cremas-y-bebidas-vegetales&categories=leches-individuales,2026-02-20T18:40:20
4488,Leche descremada light Colun sabor chocolate 200 ml,Colun,1 un,litro,630,630,,False,,$3.150 x litro,$3.150 x litro,https://www.unimarc.cl/leche-chocolate-descremada-light-colun-200ml/p,https://unimarc.vtexassets.com/arquivos/ids/236158/000000000000190186-UN-01.jpg?v=638338623261270000,Bebidas vegetales,Leches individuales,https://www.unimarc.cl/category/lacteos-huevos-y-refrigerados/leches-cremas-y-bebidas-vegetales/leches-individuales,https://www.unimarc.cl/_next/data/0ucQ92dO_m9T9joH0FjVV/category/lacteos-huevos-y-refrigerados/leches-cremas-y-bebidas-vegetales/leches-individuales.json?categories=lacteos-huevos-y-refrigerados&categories=leches-cremas-y-bebidas-vegetales&categories=leches-individuales,2026-02-20T18:40:20
2923,Pack leche entera natural Colun 6 un de 200 ml,Colun,1 un,litro,3720,3720,,False,,$3.100 x litro,$3.100 x litro,https://www.unimarc.cl/leche-entera-natural-colun-cajita-6u-x-200ml/p,https://unimarc.vtexassets.com/arquivos/ids/178653/00000000000130196-DIS.jpg?v=636719085861430000,Bebidas vegetales,Leches individuales,https://www.unimarc.cl/category/lacteos-huevos-y-refrigerados/leches-cremas-y-bebidas-vegetales/leches-individuales,https://www.unimarc.cl/_next/data/0ucQ92dO_m9T9joH0FjVV/category/lacteos-huevos-y-refrigerados/leches-cremas-y-bebidas-vegetales/leches-individuales.json?categories=lacteos-huevos-y-refrigerados&categories=leches-cremas-y-bebidas-vegetales&categories=leches-individuales,2026-02-20T18:40:20
78677,Leche protein Loncoleche chocolate 200 ml,Loncoleche,1 un,litro,670,670,,False,,$3.350 x litro,$3.350 x litro,https://www.unimarc.cl/leche-protein-loncoleche-200m-chocolate/p,https://unimarc.vtexassets.com/arquivos/ids/227492/000000000652766002-UN-01.jpg?v=637909030476100000,Bebidas vegetales,Leches individuales,https://www.unimarc.cl/category/lacteos-huevos-y-refrigerados/leches-cremas-y-bebidas-vegetales/leches-individuales,https://www.unimarc.cl/_next/data/0ucQ92dO_m9T9joH0FjVV/category/lacteos-huevos-y-refrigerados/leches-cremas-y-bebidas-vegetales/leches-individuales.json?categories=lacteos-huevos-y-refrigerados&categories=leches-cremas-y-bebidas-vegetales&categories=leches-individuales,2026-02-20T18:40:20
73255,Leche descremada sin lactosa Colun 200 ml,Colun,1 un,litro,620,620,,False,,$3.100 x litro,$3.100 x litro,https://www.unimarc.cl/leche-descremada-sin-lactosa-colun-200ml/p,https://unimarc.vtexassets.com/arquivos/ids/202832/000000000000647737-UN-01.jpg?v=637382859220630000,Bebidas vegetales,Leches individuales,https://www.unimarc.cl/category/lacteos-huevos-y-refrigerados/leches-cremas-y-bebidas-vegetales/leches-individuales,https://www.unimarc.cl/_next/data/0ucQ92dO_m9T9joH0FjVV/category/lacteos-huevos-y-refrigerados/leches-cremas-y-bebidas-vegetales/leches-individuales.json?categories=lacteos-huevos-y-refrigerados&categories=leches-cremas-y-bebidas-vegetales&categories=leches-individuales,2026-02-20T18:40:20
6881,Leche semidescremada sin lactosa Soprole chocolate 6 un de 200 ml Pack leche semidescremada sin lactosa Soprole Zerolacto sabor chocolate 6 un de 200 ml,Soprole,1 un,litro,3480,3480,,False,,$2.900 x litro,$2.900 x litro,https://www.unimarc.cl/leche-zero-lacto-chocolate-soprole-200-ml-6-un/p,https://unimarc.vtexassets.com/arquivos/ids/233758/000000000000901934-DIS-01.jpg?v=638210609885270000,Bebidas vegetales,Leches individuales,https://www.unimarc.cl/category/lacteos-huevos-y-refrigerados/leches-cremas-y-bebidas-vegetales/leches-individuales,https://www.unimarc.cl/_next/data/0ucQ92dO_m9T9joH0FjVV/category/lacteos-huevos-y-refrigerados/leches-cremas-y-bebidas-vegetales/leches-individuales.json?categories=lacteos-huevos-y-refrigerados&categories=leches-cremas-y-bebidas-vegetales&categories=leches-individuales,2026-02-20T18:40:20
54359,Leche proteína Soprole chocolate 200 ml Leche proteína Soprole Protein+ sabor chocolate 200 ml,Soprole,1 un,litro,700,700,,False,,$3.500 x litro,$3.500 x litro,https://www.unimarc.cl/leche-choco-alta-proteina-soprole-200ml/p,https://unimarc.vtexassets.com/arquivos/ids/223239/000000000000635931-UN-01.jpg?v=637781074701370000,Bebidas vegetales,Leches individuales,https://www.unimarc.cl/category/lacteos-huevos-y-refrigerados/leches-cremas-y-bebidas-vegetales/leches-individuales,https://www.unimarc.cl/_next/data/0ucQ92dO_m9T9joH0FjVV/category/lacteos-huevos-y-refrigerados/leches-cremas-y-bebidas-vegetales/leches-individuales.json?categories=lacteos-huevos-y-refrigerados&categories=leches-cremas-y-bebidas-vegetales&categories=leches-individuales,2026-02-20T18:40:20
2922,Pack leche descremada Colun 6 un de 200 ml,Colun,1 un,litro,3720,3720,,False,,$3.100 x litro,$3.100 x litro,https://www.unimarc.cl/leche-descremada-colun-pack-6u-de-200-ml-2/p,https://unimarc.vtexassets.com/arquivos/ids/178654/00000000000130191-DIS.jpg?v=636719087151670000,Bebidas vegetales,Leches individuales,https://www.unimarc.cl/category/lacteos-huevos-y-refrigerados/leches-cremas-y-bebidas-vegetales/leches-individuales,https://www.unimarc.cl/_next/data/0ucQ92dO_m9T9joH0FjVV/category/lacteos-huevos-y-refrigerados/leches-cremas-y-bebidas-vegetales/leches-individuales.json?categories=lacteos-huevos-y-refrigerados&categories=leches-cremas-y-bebidas-vegetales&categories=leches-individuales,2026-02-20T18:40:20
4173,Pack Leche semidescremada sin lactosa Loncoleche 6 un de 200 ml,Loncoleche,1 un,litro,3420,3420,,False,,$2.850 x litro,$2.850 x litro,https://www.unimarc.cl/leche-semidescremada-sin-lactosa-loncoleche-200-ml-6-un/p,https://unimarc.vtexassets.com/arquivos/ids/253086/000000000000176714-DIS-01.jpg?v=638990026320200000,Bebidas vegetales,Leches individuales,https://www.unimarc.cl/category/lacteos-huevos-y-refrigerados/leches-cremas-y-bebidas-vegetales/leches-individuales,https://www.unimarc.cl/_next/data/0ucQ92dO_m9T9joH0FjVV/category/lacteos-huevos-y-refrigerados/leches-cremas-y-bebidas-vegetales/leches-individuales.json?categories=lacteos-huevos-y-refrigerados&categories=leches-cremas-y-bebidas-vegetales&categories=leches-individuales,2026-02-20T18:40:20
4487,Pack Leche descremada light Colun sabor chocolate 6 un de 200 ml,Colun,1 un,litro,3780,3780,,False,,$3.150 x litro,$3.150 x litro,https://www.unimarc.cl/leche-chocolate-descremada-light-colun-200ml-6-un/p,https://unimarc.vtexassets.com/arquivos/ids/231051/000000000000190186-DIS-01.jpg?v=638053312713300000,Bebidas vegetales,Leches individuales,https://www.unimarc.cl/category/lacteos-huevos-y-refrigerados/leches-cremas-y-bebidas-vegetales/leches-individuales,https://www.unimarc.cl/_next/data/0ucQ92dO_m9T9joH0FjVV/category/lacteos-huevos-y-refrigerados/leches-cremas-y-bebidas-vegetales/leches-individuales.json?categories=lacteos-huevos-y-refrigerados&categories=leches-cremas-y-bebidas-vegetales&categories=leches-individuales,2026-02-20T18:40:20
3683,Leche entera natural Colun 200 ml,Colun,1 un,litro,620,620,,False,,$3.100 x litro,$3.100 x litro,https://www.unimarc.cl/leche-entera-natural-colun-200ml/p,https://unimarc.vtexassets.com/arquivos/ids/186718/Leche-entera-natural-Colun-200-ml-2-3720.jpg?v=637013097376400000,Bebidas vegetales,Leches individuales,https://www.unimarc.cl/category/lacteos-huevos-y-refrigerados/leches-cremas-y-bebidas-vegetales/leches-individuales,https://www.unimarc.cl/_next/data/0ucQ92dO_m9T9joH0FjVV/category/lacteos-huevos-y-refrigerados/leches-cremas-y-bebidas-vegetales/leches-individuales.json?categories=lacteos-huevos-y-refrigerados&categories=leches-cremas-y-bebidas-vegetales&categories=leches-individuales,2026-02-20T18:40:20
7828,Pack Leche Milo Nestlé fortificada chocolate 6 un de 200 ml,Milo,1 un,litro,4080,4080,,False,,$3.400 x litro,$3.400 x litro,https://www.unimarc.cl/leche-chocolate-fortificada-milo-nestle-6-u-x-200ml/p,https://unimarc.vtexassets.com/arquivos/ids/231348/000000000000007448-DIS-01.jpg?v=638064512501870000,Bebidas vegetales,Leches individuales,https://www.unimarc.cl/category/lacteos-huevos-y-refrigerados/leches-cremas-y-bebidas-vegetales/leches-individuales,https://www.unimarc.cl/_next/data/0ucQ92dO_m9T9joH0FjVV/category/lacteos-huevos-y-refrigerados/leches-cremas-y-bebidas-vegetales/leches-individuales.json?categories=lacteos-huevos-y-refrigerados&categories=leches-cremas-y-bebidas-vegetales&categories=leches-individuales,2026-02-20T18:40:20
91846,Leche entera Surlat 200 ml,Surlat,1 un,litro,530,530,,False,,$2.650 x litro,$2.650 x litro,https://www.unimarc.cl/leche-entera-surlat-200ml/p,https://unimarc.vtexassets.com/arquivos/ids/250276/000000000000681907-UN-01.jpg?v=638893996373670000,Bebidas vegetales,Leches individuales,https://www.unimarc.cl/category/lacteos-huevos-y-refrigerados/leches-cremas-y-bebidas-vegetales/leches-individuales,https://www.unimarc.cl/_next/data/0ucQ92dO_m9T9joH0FjVV/category/lacteos-huevos-y-refrigerados/leches-cremas-y-bebidas-vegetales/leches-individuales.json?categories=lacteos-huevos-y-refrigerados&categories=leches-cremas-y-bebidas-vegetales&categories=leches-individuales,2026-02-20T18:40:20
74016,Leche sin lactosa Colun light chocolate 330 ml,Colun,1 un,litro,1150,1150,,False,,$3.485 x litro,$3.485 x litro,https://www.unimarc.cl/leche-s-lact-light-chocolate-colun-330ml/p,https://unimarc.vtexassets.com/arquivos/ids/210092/000000000000648607-UN-01.jpg?v=637498564658530000,Bebidas vegetales,Leches individuales,https://www.unimarc.cl/category/lacteos-huevos-y-refrigerados/leches-cremas-y-bebidas-vegetales/leches-individuales,https://www.unimarc.cl/_next/data/0ucQ92dO_m9T9joH0FjVV/category/lacteos-huevos-y-refrigerados/leches-cremas-y-bebidas-vegetales/leches-individuales.json?categories=lacteos-huevos-y-refrigerados&categories=leches-cremas-y-bebidas-vegetales&categories=leches-individuales,2026-02-20T18:40:20
3682,Leche descremada Colun 200 ml,Colun,1 un,litro,620,620,,False,,$3.100 x litro,$3.100 x litro,https://www.unimarc.cl/leche-descremada-colun-200-ml/p,https://unimarc.vtexassets.com/arquivos/ids/185474/frontal-3718.jpg?v=636984630354630000,Bebidas vegetales,Leches individuales,https://www.unimarc.cl/category/lacteos-huevos-y-refrigerados/leches-cremas-y-bebidas-vegetales/leches-individuales,https://www.unimarc.cl/_next/data/0ucQ92dO_m9T9joH0FjVV/category/lacteos-huevos-y-refrigerados/leches-cremas-y-bebidas-vegetales/leches-individuales.json?categories=lacteos-huevos-y-refrigerados&categories=leches-cremas-y-bebidas-vegetales&categories=leches-individuales,2026-02-20T18:40:20
3954,Pack leche semidescremada Loncoleche sabor plátano 6 un de 200 ml,Loncoleche,1 un,litro,3420,3420,,False,,$2.850 x litro,$2.850 x litro,https://www.unimarc.cl/leche-platano-loncoleche-200-cc-6-un/p,https://unimarc.vtexassets.com/arquivos/ids/253083/000000000000158479-DIS-01.jpg?v=638990023234100000,Bebidas vegetales,Leches individuales,https://www.unimarc.cl/category/lacteos-huevos-y-refrigerados/leches-cremas-y-bebidas-vegetales/leches-individuales,https://www.unimarc.cl/_next/data/0ucQ92dO_m9T9joH0FjVV/category/lacteos-huevos-y-refrigerados/leches-cremas-y-bebidas-vegetales/leches-individuales.json?categories=lacteos-huevos-y-refrigerados&categories=leches-cremas-y-bebidas-vegetales&categories=leches-individuales,2026-02-20T18:40:20
86268,Leche semidescremada sin lactosa Soprole frutilla 6 un de 200 ml Leche semidescremada Soprole frutilla sin lactosa 6 un de 200 ml,Soprole,1 un,litro,3480,3480,,False,,$2.900 x litro,$2.900 x litro,https://www.unimarc.cl/leche-frutilla-zero-lacto-soprole-200-ml-2/p,https://unimarc.vtexassets.com/arquivos/ids/236471/000000000000666504-DIS-01.jpg?v=638351342585200000,Bebidas vegetales,Leches individuales,https://www.unimarc.cl/category/lacteos-huevos-y-refrigerados/leches-cremas-y-bebidas-vegetales/leches-individuales,https://www.unimarc.cl/_next/data/0ucQ92dO_m9T9joH0FjVV/category/lacteos-huevos-y-refrigerados/leches-cremas-y-bebidas-vegetales/leches-individuales.json?categories=lacteos-huevos-y-refrigerados&categories=leches-cremas-y-bebidas-vegetales&categories=leches-individuales,2026-02-20T18:40:20
14304,Leche Moments cappuccino 200 ml,Moments,1 un,litro,790,790,,False,,$3.950 x litro,$3.950 x litro,https://www.unimarc.cl/leche-moments-200cc-cappuccino-2/p,https://unimarc.vtexassets.com/arquivos/ids/227515/000000000605007001-UN-01.jpg?v=637909077424030000,Bebidas vegetales,Leches individuales,https://www.unimarc.cl/category/lacteos-huevos-y-refrigerados/leches-cremas-y-bebidas-vegetales/leches-individuales,https://www.unimarc.cl/_next/data/0ucQ92dO_m9T9joH0FjVV/category/lacteos-huevos-y-refrigerados/leches-cremas-y-bebidas-vegetales/leches-individuales.json?page=2&categories=lacteos-huevos-y-refrigerados&categories=leches-cremas-y-bebidas-vegetales&categories=leches-individuales,2026-02-20T18:40:24
7830,Pack Leche entera Trencito Nestlé chocolate 6 un de 200 ml,Nestle,1 un,litro,4080,4080,,False,,$3.400 x litro,$3.400 x litro,https://www.unimarc.cl/leche-chocolate-entera-trencito-nestle-6-u-x-200-ml/p,https://unimarc.vtexassets.com/arquivos/ids/165490/leche-choc-entera-trencito-nestle-6-u-x-200-ml.jpg?v=636543120591600000,Bebidas vegetales,Leches individuales,https://www.unimarc.cl/category/lacteos-huevos-y-refrigerados/leches-cremas-y-bebidas-vegetales/leches-individuales,https://www.unimarc.cl/_next/data/0ucQ92dO_m9T9joH0FjVV/category/lacteos-huevos-y-refrigerados/leches-cremas-y-bebidas-vegetales/leches-individuales.json?page=2&categories=lacteos-huevos-y-refrigerados&categories=leches-cremas-y-bebidas-vegetales&categories=leches-individuales,2026-02-20T18:40:24
89798,Leche Colun con avena chocolate 330 ml,Colun,1 un,litro,1190,1190,,False,,$3.606 x litro,$3.606 x litro,https://www.unimarc.cl/leche-con-avena-colun-330-ml-chocolate/p,https://unimarc.vtexassets.com/arquivos/ids/245670/000000000672290001-UN-01.jpg?v=638682462887430000,Bebidas vegetales,Leches individuales,https://www.unimarc.cl/category/lacteos-huevos-y-refrigerados/leches-cremas-y-bebidas-vegetales/leches-individuales,https://www.unimarc.cl/_next/data/0ucQ92dO_m9T9joH0FjVV/category/lacteos-huevos-y-refrigerados/leches-cremas-y-bebidas-vegetales/leches-individuales.json?page=2&categories=lacteos-huevos-y-refrigerados&categories=leches-cremas-y-bebidas-vegetales&categories=leches-individuales,2026-02-20T18:40:24
14358,Pack leche semidescremada Moments cappuccino 6 un de 200 ml,Moments,1 un,litro,4740,4740,,False,,$3.950 x litro,$3.950 x litro,https://www.unimarc.cl/leche-moments-200cc-cappuccino-pack-6-u/p,https://unimarc.vtexassets.com/arquivos/ids/189468/Pack-Leche-semidescremada-Moments-cappuccino-6-un-de-200-ml-1-27287.jpg?v=637079616620370000,Bebidas vegetales,Leches individuales,https://www.unimarc.cl/category/lacteos-huevos-y-refrigerados/leches-cremas-y-bebidas-vegetales/leches-individuales,https://www.unimarc.cl/_next/data/0ucQ92dO_m9T9joH0FjVV/category/lacteos-huevos-y-refrigerados/leches-cremas-y-bebidas-vegetales/leches-individuales.json?page=2&categories=lacteos-huevos-y-refrigerados&categories=leches-cremas-y-bebidas-vegetales&categories=leches-individuales,2026-02-20T18:40:24
86474,Leche proteína Soprole sabor vainilla 200 ml,Soprole,1 un,litro,760,760,,False,,$3.800 x litro,$3.800 x litro,https://www.unimarc.cl/leche-protein-nitro-soprole-200ml/p,https://unimarc.vtexassets.com/arquivos/ids/236930/000000000000667593-UN-01.jpg?v=638886994016270000,Bebidas vegetales,Leches individuales,https://www.unimarc.cl/category/lacteos-huevos-y-refrigerados/leches-cremas-y-bebidas-vegetales/leches-individuales,https://www.unimarc.cl/_next/data/0ucQ92dO_m9T9joH0FjVV/category/lacteos-huevos-y-refrigerados/leches-cremas-y-bebidas-vegetales/leches-individuales.json?page=2&categories=lacteos-huevos-y-refrigerados&categories=leches-cremas-y-bebidas-vegetales&categories=leches-individuales,2026-02-20T18:40:24
89799,Leche Colun con avena sabor manzana 330 ml,Colun,1 un,litro,1190,1190,,False,,$3.606 x litro,$3.606 x litro,https://www.unimarc.cl/leche-con-avena-colun-330-ml-manzana/p,https://unimarc.vtexassets.com/arquivos/ids/245671/000000000672290002-UN-01.jpg?v=638682462890700000,Bebidas vegetales,Leches individuales,https://www.unimarc.cl/category/lacteos-huevos-y-refrigerados/leches-cremas-y-bebidas-vegetales/leches-individuales,https://www.unimarc.cl/_next/data/0ucQ92dO_m9T9joH0FjVV/category/lacteos-huevos-y-refrigerados/leches-cremas-y-bebidas-vegetales/leches-individuales.json?page=2&categories=lacteos-huevos-y-refrigerados&categories=leches-cremas-y-bebidas-vegetales&categories=leches-individuales,2026-02-20T18:40:24
96652,Leche semidescremada natural Soprole 6 un de 200 ml,Soprole,1 un,litro,3360,3360,,False,,$2.800 x litro,$2.800 x litro,https://www.unimarc.cl/leche-natural-semi-desc-soprole-200ml-2/p,https://unimarc.vtexassets.com/arquivos/ids/255899/000000000000674964-DIS-01.jpg?v=639053852751900000,Bebidas vegetales,Leches individuales,https://www.unimarc.cl/category/lacteos-huevos-y-refrigerados/leches-cremas-y-bebidas-vegetales/leches-individuales,https://www.unimarc.cl/_next/data/0ucQ92dO_m9T9joH0FjVV/category/lacteos-huevos-y-refrigerados/leches-cremas-y-bebidas-vegetales/leches-individuales.json?page=2&categories=lacteos-huevos-y-refrigerados&categories=leches-cremas-y-bebidas-vegetales&categories=leches-individuales,2026-02-20T18:40:24
6189,Yoghurt griego Danone Oikos natural no endulzado 150 g,Oikos,1 un,Kg,580,580,,False,,$3.867 x Kg,$3.867 x Kg,https://www.unimarc.cl/yoghurt-griego-danone-natural-sin-azucar-150g-2/p,https://unimarc.vtexassets.com/arquivos/ids/232089/659714.jpg?v=638113047397370000,Bebidas vegetales,Yoghurt,https://www.unimarc.cl/category/lacteos-huevos-y-refrigerados/yoghurt,https://www.unimarc.cl/_next/data/0ucQ92dO_m9T9joH0FjVV/category/lacteos-huevos-y-refrigerados/yoghurt.json?categories=lacteos-huevos-y-refrigerados&categories=yoghurt,2026-02-20T18:40:35
7398,Yoghurt Colun frutilla 125 g,Colun,1 un,Kg,290,290,,False,,$2.320 x Kg,$2.320 x Kg,https://www.unimarc.cl/yoghurt-batido-colun-125-gr-frutilla/p,https://unimarc.vtexassets.com/arquivos/ids/229613/000000000401795002-UN-01.jpg?v=638000754822870000,Bebidas vegetales,Yoghurt,https://www.unimarc.cl/category/lacteos-huevos-y-refrigerados/yoghurt,https://www.unimarc.cl/_next/data/0ucQ92dO_m9T9joH0FjVV/category/lacteos-huevos-y-refrigerados/yoghurt.json?categories=lacteos-huevos-y-refrigerados&categories=yoghurt,2026-02-20T18:40:35
7400,Yoghurt Colun vainilla 125 g,Colun,1 un,Kg,290,290,,False,,$2.320 x Kg,$2.320 x Kg,https://www.unimarc.cl/yoghurt-batido-colun-125-gr-vainilla/p,https://unimarc.vtexassets.com/arquivos/ids/229615/000000000401795004-UN-01.jpg?v=638000756546500000,Bebidas vegetales,Yoghurt,https://www.unimarc.cl/category/lacteos-huevos-y-refrigerados/yoghurt,https://www.unimarc.cl/_next/data/0ucQ92dO_m9T9joH0FjVV/category/lacteos-huevos-y-refrigerados/yoghurt.json?categories=lacteos-huevos-y-refrigerados&categories=yoghurt,2026-02-20T18:40:35
15097,Yoghurt Colun piña 125 g,Colun,1 un,Kg,290,290,,False,,$2.320 x Kg,$2.320 x Kg,https://www.unimarc.cl/yoghurt-batido-colun-125-gr-pina/p,https://unimarc.vtexassets.com/arquivos/ids/229618/000000000401795008-UN-01.jpg?v=638000759946030000,Bebidas vegetales,Yoghurt,https://www.unimarc.cl/category/lacteos-huevos-y-refrigerados/yoghurt,https://www.unimarc.cl/_next/data/0ucQ92dO_m9T9joH0FjVV/category/lacteos-huevos-y-refrigerados/yoghurt.json?categories=lacteos-huevos-y-refrigerados&categories=yoghurt,2026-02-20T18:40:35
7402,Yoghurt Colun mora 125 g,Colun,1 un,Kg,290,290,,False,,$2.320 x Kg,$2.320 x Kg,https://www.unimarc.cl/yoghurt-batido-colun-125-gr-mora/p,https://unimarc.vtexassets.com/arquivos/ids/229616/000000000401795006-UN-01.jpg?v=638000758350730000,Bebidas vegetales,Yoghurt,https://www.unimarc.cl/category/lacteos-huevos-y-refrigerados/yoghurt,https://www.unimarc.cl/_next/data/0ucQ92dO_m9T9joH0FjVV/category/lacteos-huevos-y-refrigerados/yoghurt.json?categories=lacteos-huevos-y-refrigerados&categories=yoghurt,2026-02-20T18:40:35
84909,Yoghurt origen Colun natural 120 g,Colun,1 un,Kg,390,390,,False,,$3.250 x Kg,$3.250 x Kg,https://www.unimarc.cl/yoghurt-origen-colun-120gr-natural/p,https://unimarc.vtexassets.com/arquivos/ids/234997/000000000665556001-UN-01.jpg?v=638264280252270000,Bebidas vegetales,Yoghurt,https://www.unimarc.cl/category/lacteos-huevos-y-refrigerados/yoghurt,https://www.unimarc.cl/_next/data/0ucQ92dO_m9T9joH0FjVV/category/lacteos-huevos-y-refrigerados/yoghurt.json?categories=lacteos-huevos-y-refrigerados&categories=yoghurt,2026-02-20T18:40:35
1751,Yoghurt batido Yoghito frutilla 120 g Yoghurt batido Soprole Yoghito sabor frutilla pote 120 g,Soprole,1 un,Kg,310,310,,False,,$2.583 x Kg,$2.583 x Kg,https://www.unimarc.cl/yoghurt-soprole-batido-frutilla-120-g/p,https://unimarc.vtexassets.com/arquivos/ids/222673/000000000400453001-UN-01.jpg?v=637762383319200000,Bebidas vegetales,Yoghurt,https://www.unimarc.cl/category/lacteos-huevos-y-refrigerados/yoghurt,https://www.unimarc.cl/_next/data/0ucQ92dO_m9T9joH0FjVV/category/lacteos-huevos-y-refrigerados/yoghurt.json?categories=lacteos-huevos-y-refrigerados&categories=yoghurt,2026-02-20T18:40:35
59593,Yoghurt Soprole proteína trozos frutilla 155 g Yoghurt Soprole Protein+ frutilla con trozos de fruta pote 155 g,Soprole,1 un,Kg,790,790,,False,,$5.097 x Kg,$5.097 x Kg,https://www.unimarc.cl/yog-protein-troz-soprole-155gr-frutilla/p,https://unimarc.vtexassets.com/arquivos/ids/223236/000000000638544001-UN-01.jpg?v=637781067974370000,Bebidas vegetales,Yoghurt,https://www.unimarc.cl/category/lacteos-huevos-y-refrigerados/yoghurt,https://www.unimarc.cl/_next/data/0ucQ92dO_m9T9joH0FjVV/category/lacteos-huevos-y-refrigerados/yoghurt.json?categories=lacteos-huevos-y-refrigerados&categories=yoghurt,2026-02-20T18:40:35
7399,Yoghurt Colun frambuesa 125 g,Colun,1 un,Kg,290,290,,False,,$2.320 x Kg,$2.320 x Kg,https://www.unimarc.cl/yoghurt-batido-colun-125-gr-frambuesa/p,https://unimarc.vtexassets.com/arquivos/ids/229614/000000000401795003-UN-01.jpg?v=638000755723430000,Bebidas vegetales,Yoghurt,https://www.unimarc.cl/category/lacteos-huevos-y-refrigerados/yoghurt,https://www.unimarc.cl/_next/data/0ucQ92dO_m9T9joH0FjVV/category/lacteos-huevos-y-refrigerados/yoghurt.json?categories=lacteos-huevos-y-refrigerados&categories=yoghurt,2026-02-20T18:40:35
83194,Yoghurt Soprole proteína frutos secos 155 g Yoghurt Soprole protein+ frutos secos pote 155 g,Soprole,1 un,Kg,790,790,,False,,$5.097 x Kg,$5.097 x Kg,https://www.unimarc.cl/yog-protein-soprole-155gr-frutos-secos/p,https://unimarc.vtexassets.com/arquivos/ids/231027/000000000662961001-UN-01.jpg?v=638053265474370000,Bebidas vegetales,Yoghurt,https://www.unimarc.cl/category/lacteos-huevos-y-refrigerados/yoghurt,https://www.unimarc.cl/_next/data/0ucQ92dO_m9T9joH0FjVV/category/lacteos-huevos-y-refrigerados/yoghurt.json?categories=lacteos-huevos-y-refrigerados&categories=yoghurt,2026-02-20T18:40:35
1327,Pack Yoghurt Colun surtido 12 un de 125 g,Colun,1 un,Kg,3190,3590,3190,True,Ahorras $400,$2.127 x Kg,$2.393 x Kg,https://www.unimarc.cl/yoghurt-colun-surtido-pack-12-u-125-g/p,https://unimarc.vtexassets.com/arquivos/ids/190926/frontal-16135.jpg?v=637146141372670000,Bebidas vegetales,Yoghurt,https://www.unimarc.cl/category/lacteos-huevos-y-refrigerados/yoghurt,https://www.unimarc.cl/_next/data/0ucQ92dO_m9T9joH0FjVV/category/lacteos-huevos-y-refrigerados/yoghurt.json?categories=lacteos-huevos-y-refrigerados&categories=yoghurt,2026-02-20T18:40:35
11616,Yoghurt batido Yoghito plátano 120 g Yoghurt batido Soprole Yoghito sabor plátano pote 120 g,Soprole,1 un,Kg,310,310,,False,,$2.583 x Kg,$2.583 x Kg,https://www.unimarc.cl/yoghurt-batido-soprole-120-gr-platano/p,https://unimarc.vtexassets.com/arquivos/ids/222680/000000000400453004-UN-01.jpg?v=637762391173400000,Bebidas vegetales,Yoghurt,https://www.unimarc.cl/category/lacteos-huevos-y-refrigerados/yoghurt,https://www.unimarc.cl/_next/data/0ucQ92dO_m9T9joH0FjVV/category/lacteos-huevos-y-refrigerados/yoghurt.json?categories=lacteos-huevos-y-refrigerados&categories=yoghurt,2026-02-20T18:40:35
75440,Pack yoghurt batido Yoghito Soprole frutilla tetra 6 un de 115 g,Soprole,1 un,Kg,1950,2640,1950,True,Ahorras $690,$2.826 x Kg,$3.826 x Kg,https://www.unimarc.cl/yoghito-tetra-soprole-6x115g-frutilla/p,https://unimarc.vtexassets.com/arquivos/ids/222706/000000000650059001-DIS-01.jpg?v=637762411170200000,Bebidas vegetales,Yoghurt,https://www.unimarc.cl/category/lacteos-huevos-y-refrigerados/yoghurt,https://www.unimarc.cl/_next/data/0ucQ92dO_m9T9joH0FjVV/category/lacteos-huevos-y-refrigerados/yoghurt.json?categories=lacteos-huevos-y-refrigerados&categories=yoghurt,2026-02-20T18:40:35
89472,Yoghurt Colun protein plus sin azúcar frutilla 150 g,Colun,1 un,Kg,750,750,,False,,$5.000 x Kg,$5.000 x Kg,https://www.unimarc.cl/yog-protein-plus-s-a-colun-150-frutilla/p,https://unimarc.vtexassets.com/arquivos/ids/245353/000000000672331001-UN-01.jpg?v=638670373216770000,Bebidas vegetales,Yoghurt,https://www.unimarc.cl/category/lacteos-huevos-y-refrigerados/yoghurt,https://www.unimarc.cl/_next/data/0ucQ92dO_m9T9joH0FjVV/category/lacteos-huevos-y-refrigerados/yoghurt.json?categories=lacteos-huevos-y-refrigerados&categories=yoghurt,2026-02-20T18:40:35
84734,Pack bebida láctea chamyto Nestlé frutilla 18 un de 80 ml,Nestle,1 un,litro,5000,6550,5000,True,Ahorras $1.550,$3.472 x litro,$4.549 x litro,https://www.unimarc.cl/beb-lac-chamyto-nestle-18x80ml-frutilla/p,https://unimarc.vtexassets.com/arquivos/ids/234215/000000000665410001-UN-01.jpg?v=638236449731530000,Bebidas vegetales,Yoghurt,https://www.unimarc.cl/category/lacteos-huevos-y-refrigerados/yoghurt,https://www.unimarc.cl/_next/data/0ucQ92dO_m9T9joH0FjVV/category/lacteos-huevos-y-refrigerados/yoghurt.json?categories=lacteos-huevos-y-refrigerados&categories=yoghurt,2026-02-20T18:40:35
84910,Yoghurt Colun origen sabor frutilla pote 120 g,Colun,1 un,Kg,390,390,,False,,$3.250 x Kg,$3.250 x Kg,https://www.unimarc.cl/yoghurt-origen-colun-120gr-frutilla/p,https://unimarc.vtexassets.com/arquivos/ids/235142/000000000665556002-UN-01.jpg?v=638271214895000000,Bebidas vegetales,Yoghurt,https://www.unimarc.cl/category/lacteos-huevos-y-refrigerados/yoghurt,https://www.unimarc.cl/_next/data/0ucQ92dO_m9T9joH0FjVV/category/lacteos-huevos-y-refrigerados/yoghurt.json?categories=lacteos-huevos-y-refrigerados&categories=yoghurt,2026-02-20T18:40:35
7303,Yoghurt batido Yoghito vainilla 120 g Yoghurt batido Soprole Yoghito sabor vainilla pote 120 g,Soprole,1 un,Kg,310,310,,False,,$2.583 x Kg,$2.583 x Kg,https://www.unimarc.cl/yoghurt-batido-soprole-120-gr-vainilla/p,https://unimarc.vtexassets.com/arquivos/ids/222678/000000000400453003-UN-01.jpg?v=637762390474170000,Bebidas vegetales,Yoghurt,https://www.unimarc.cl/category/lacteos-huevos-y-refrigerados/yoghurt,https://www.unimarc.cl/_next/data/0ucQ92dO_m9T9joH0FjVV/category/lacteos-huevos-y-refrigerados/yoghurt.json?categories=lacteos-huevos-y-refrigerados&categories=yoghurt,2026-02-20T18:40:35
9392,Pack Yoghurt Nestlé tradicional12 un de 115 g,Nestle,1 un,Kg,2590,3290,2590,True,Ahorras $700,$1.877 x Kg,$2.384 x Kg,https://www.unimarc.cl/yog-batido-nestle-mp-12x115-tradicional/p,https://unimarc.vtexassets.com/arquivos/ids/229221/000000000631821002-UN-01.jpg?v=637993043795770000,Bebidas vegetales,Yoghurt,https://www.unimarc.cl/category/lacteos-huevos-y-refrigerados/yoghurt,https://www.unimarc.cl/_next/data/0ucQ92dO_m9T9joH0FjVV/category/lacteos-huevos-y-refrigerados/yoghurt.json?categories=lacteos-huevos-y-refrigerados&categories=yoghurt,2026-02-20T18:40:35
7302,Yoghurt batido Yoghito damasco 120 g Yoghurt batido Soprole Yoghito sabor damasco pote 120 g,Soprole,1 un,Kg,310,310,,False,,$2.583 x Kg,$2.583 x Kg,https://www.unimarc.cl/yoghurt-batido-soprole-120-gr-damasco/p,https://unimarc.vtexassets.com/arquivos/ids/222675/000000000400453002-UN-01.jpg?v=637762384906600000,Bebidas vegetales,Yoghurt,https://www.unimarc.cl/category/lacteos-huevos-y-refrigerados/yoghurt,https://www.unimarc.cl/_next/data/0ucQ92dO_m9T9joH0FjVV/category/lacteos-huevos-y-refrigerados/yoghurt.json?categories=lacteos-huevos-y-refrigerados&categories=yoghurt,2026-02-20T18:40:35
68722,Yoghurt Colun protein plus sin lactosa frutilla plátano 150 g,Colun,1 un,Kg,690,690,,False,,$4.600 x Kg,$4.600 x Kg,https://www.unimarc.cl/yog-protein-plus-colun-frutilla-platano-2/p,https://unimarc.vtexassets.com/arquivos/ids/229626/000000000645713001-UN-01.jpg?v=638000770121470000,Bebidas vegetales,Yoghurt,https://www.unimarc.cl/category/lacteos-huevos-y-refrigerados/yoghurt,https://www.unimarc.cl/_next/data/0ucQ92dO_m9T9joH0FjVV/category/lacteos-huevos-y-refrigerados/yoghurt.json?categories=lacteos-huevos-y-refrigerados&categories=yoghurt,2026-02-20T18:40:35
1737,Chiquitín Nestlé frutilla 45 g,Nestle,1 un,Kg,360,360,,False,,$8.000 x Kg,$8.000 x Kg,https://www.unimarc.cl/chiquitin-nestle-frutilla-45-g/p,https://unimarc.vtexassets.com/arquivos/ids/229199/000000000400214003-UN-01.jpg?v=637993025824230000,Bebidas vegetales,Yoghurt,https://www.unimarc.cl/category/lacteos-huevos-y-refrigerados/yoghurt,https://www.unimarc.cl/_next/data/0ucQ92dO_m9T9joH0FjVV/category/lacteos-huevos-y-refrigerados/yoghurt.json?categories=lacteos-huevos-y-refrigerados&categories=yoghurt,2026-02-20T18:40:35
9391,Pack Yoghurt batido Nestlé berries 12 un de 115 g,Nestle,1 un,Kg,2590,3290,2590,True,Ahorras $700,$1.877 x Kg,$2.384 x Kg,https://www.unimarc.cl/yog-batido-nestle-mp-12x115g-berries/p,https://unimarc.vtexassets.com/arquivos/ids/229219/000000000631821001-UN-01.jpg?v=637993042943670000,Bebidas vegetales,Yoghurt,https://www.unimarc.cl/category/lacteos-huevos-y-refrigerados/yoghurt,https://www.unimarc.cl/_next/data/0ucQ92dO_m9T9joH0FjVV/category/lacteos-huevos-y-refrigerados/yoghurt.json?categories=lacteos-huevos-y-refrigerados&categories=yoghurt,2026-02-20T18:40:35
92063,Yoghurt batido Yoghito frambuesa tetra 6 un de 115 g,Soprole,1 un,Kg,1950,2640,1950,True,Ahorras $690,$2.826 x Kg,$3.826 x Kg,https://www.unimarc.cl/yoghito-tetra-soprole-115g-frambuesa/p,https://unimarc.vtexassets.com/arquivos/ids/250580/000000000650059004-DIS-01.jpg?v=638902678514800000,Bebidas vegetales,Yoghurt,https://www.unimarc.cl/category/lacteos-huevos-y-refrigerados/yoghurt,https://www.unimarc.cl/_next/data/0ucQ92dO_m9T9joH0FjVV/category/lacteos-huevos-y-refrigerados/yoghurt.json?categories=lacteos-huevos-y-refrigerados&categories=yoghurt,2026-02-20T18:40:35
79208,Yoghurt griego Quillayes protein natural pote 800 g,Quillayes,1 un,Kg,4890,4890,,False,,$6.113 x Kg,$6.113 x Kg,https://www.unimarc.cl/yog-grie-prot-n-e-quillay-800g-natural/p,https://unimarc.vtexassets.com/arquivos/ids/245874/000000000653191001-UN-01.jpg?v=638695465840570000,Bebidas vegetales,Yoghurt,https://www.unimarc.cl/category/lacteos-huevos-y-refrigerados/yoghurt,https://www.unimarc.cl/_next/data/0ucQ92dO_m9T9joH0FjVV/category/lacteos-huevos-y-refrigerados/yoghurt.json?categories=lacteos-huevos-y-refrigerados&categories=yoghurt,2026-02-20T18:40:35
72571,Yoghurt Soprole proteína trozos mango maracuyá 155 g Yoghurt Soprole Protein+ mango maracuyá con trozos de fruta pote 155 g,Soprole,1 un,Kg,790,790,,False,,$5.097 x Kg,$5.097 x Kg,https://www.unimarc.cl/yog-protein-tro-sop-155g-mango-maracuya/p,https://unimarc.vtexassets.com/arquivos/ids/223238/000000000638544004-UN-01.jpg?v=637781072448400000,Bebidas vegetales,Yoghurt,https://www.unimarc.cl/category/lacteos-huevos-y-refrigerados/yoghurt,https://www.unimarc.cl/_next/data/0ucQ92dO_m9T9joH0FjVV/category/lacteos-huevos-y-refrigerados/yoghurt.json?categories=lacteos-huevos-y-refrigerados&categories=yoghurt,2026-02-20T18:40:35
87672,Yoghurt Colun origen chirimoya 120 g,Colun,1 un,Kg,390,390,,False,,$3.250 x Kg,$3.250 x Kg,https://www.unimarc.cl/yoghurt-origen-colun-120gr-chirimoya/p,https://unimarc.vtexassets.com/arquivos/ids/242974/000000000665556004-UN-01.jpg?v=638569922625400000,Bebidas vegetales,Yoghurt,https://www.unimarc.cl/category/lacteos-huevos-y-refrigerados/yoghurt,https://www.unimarc.cl/_next/data/0ucQ92dO_m9T9joH0FjVV/category/lacteos-huevos-y-refrigerados/yoghurt.json?categories=lacteos-huevos-y-refrigerados&categories=yoghurt,2026-02-20T18:40:35
89473,Yoghurt Colun protein plus sin azúcar chirimoya 150 g,Colun,1 un,Kg,750,750,,False,,$5.000 x Kg,$5.000 x Kg,https://www.unimarc.cl/yog-protein-plus-s-a-colun-15-chirimoya/p,https://unimarc.vtexassets.com/arquivos/ids/245354/000000000672331002-UN-01.jpg?v=638670373535630000,Bebidas vegetales,Yoghurt,https://www.unimarc.cl/category/lacteos-huevos-y-refrigerados/yoghurt,https://www.unimarc.cl/_next/data/0ucQ92dO_m9T9joH0FjVV/category/lacteos-huevos-y-refrigerados/yoghurt.json?categories=lacteos-huevos-y-refrigerados&categories=yoghurt,2026-02-20T18:40:35
90996,Yoghurt Soprole protein trozo arándano y frutilla 155 g,Soprole,1 un,Kg,790,790,,False,,$5.097 x Kg,$5.097 x Kg,https://www.unimarc.cl/yog-protein-tro-sop-155g-arandano-fruti/p,https://unimarc.vtexassets.com/arquivos/ids/247294/000000000638544005-UN-01.jpg.jpg?v=638768077496970000,Bebidas vegetales,Yoghurt,https://www.unimarc.cl/category/lacteos-huevos-y-refrigerados/yoghurt,https://www.unimarc.cl/_next/data/0ucQ92dO_m9T9joH0FjVV/category/lacteos-huevos-y-refrigerados/yoghurt.json?categories=lacteos-huevos-y-refrigerados&categories=yoghurt,2026-02-20T18:40:35
87677,Yoghurt Colun origen natural bolsa 900 g,Colun,1 un,Kg,2000,2150,2000,True,Ahorras $150,$2.222 x Kg,$2.389 x Kg,https://www.unimarc.cl/yoghurt-origen-bolsa-colun-900g-natural/p,https://unimarc.vtexassets.com/arquivos/ids/242988/000000000669498001-UN-01.jpg?v=638569922667230000,Bebidas vegetales,Yoghurt,https://www.unimarc.cl/category/lacteos-huevos-y-refrigerados/yoghurt,https://www.unimarc.cl/_next/data/0ucQ92dO_m9T9joH0FjVV/category/lacteos-huevos-y-refrigerados/yoghurt.json?categories=lacteos-huevos-y-refrigerados&categories=yoghurt,2026-02-20T18:40:35
7340,Yoghurt Gold tradicional 165 g Yoghurt Soprole Gold con trozos de frutos secos y fruta pote 165 g,Soprole,1 un,Kg,790,790,,False,,$4.788 x Kg,$4.788 x Kg,https://www.unimarc.cl/yoghurt-soprole-gold-165-g-frutos-secos/p,https://unimarc.vtexassets.com/arquivos/ids/214136/000000000401650001-UN-01.jpg?v=637562596605600000,Bebidas vegetales,Yoghurt,https://www.unimarc.cl/category/lacteos-huevos-y-refrigerados/yoghurt,https://www.unimarc.cl/_next/data/0ucQ92dO_m9T9joH0FjVV/category/lacteos-huevos-y-refrigerados/yoghurt.json?categories=lacteos-huevos-y-refrigerados&categories=yoghurt,2026-02-20T18:40:35
86826,Yoghurt batido Yoghito mora 120 g,Soprole,1 un,Kg,310,310,,False,,$2.583 x Kg,$2.583 x Kg,https://www.unimarc.cl/yoghurt-batido-soprole-120-gr-mora/p,https://unimarc.vtexassets.com/arquivos/ids/237752/000000000400453006-UN-01.jpg?v=638439577357300000,Bebidas vegetales,Yoghurt,https://www.unimarc.cl/category/lacteos-huevos-y-refrigerados/yoghurt,https://www.unimarc.cl/_next/data/0ucQ92dO_m9T9joH0FjVV/category/lacteos-huevos-y-refrigerados/yoghurt.json?categories=lacteos-huevos-y-refrigerados&categories=yoghurt,2026-02-20T18:40:35
75441,Pack yoghurt batido Yoghito Soprole vainilla tetra 6 un de 115 g,Soprole,1 un,Kg,1950,2640,1950,True,Ahorras $690,$2.826 x Kg,$3.826 x Kg,https://www.unimarc.cl/yoghito-tetra-soprole-6x115g-vainilla/p,https://unimarc.vtexassets.com/arquivos/ids/222708/000000000650059002-DIS-01.jpg?v=637762412195700000,Bebidas vegetales,Yoghurt,https://www.unimarc.cl/category/lacteos-huevos-y-refrigerados/yoghurt,https://www.unimarc.cl/_next/data/0ucQ92dO_m9T9joH0FjVV/category/lacteos-huevos-y-refrigerados/yoghurt.json?categories=lacteos-huevos-y-refrigerados&categories=yoghurt,2026-02-20T18:40:35
89204,Yoghurt Calán sabores surtidos 8 un de 90 g,Calan,1 un,Kg,1590,1590,,False,,$2.208 x Kg,$2.208 x Kg,https://www.unimarc.cl/pack-yogurt-sabores-calan-8-x-90-gr/p,https://unimarc.vtexassets.com/arquivos/ids/246419/000000000000668002-DIS-01.jpg?v=638731701081900000,Bebidas vegetales,Yoghurt,https://www.unimarc.cl/category/lacteos-huevos-y-refrigerados/yoghurt,https://www.unimarc.cl/_next/data/0ucQ92dO_m9T9joH0FjVV/category/lacteos-huevos-y-refrigerados/yoghurt.json?categories=lacteos-huevos-y-refrigerados&categories=yoghurt,2026-02-20T18:40:35
89474,Yoghurt Colun protein plus sin azúcar natural 150 g,Colun,1 un,Kg,750,750,,False,,$5.000 x Kg,$5.000 x Kg,https://www.unimarc.cl/yog-protein-plus-s-a-colun-150g-natural/p,https://unimarc.vtexassets.com/arquivos/ids/245355/000000000672331003-UN-01.jpg?v=638670374577970000,Bebidas vegetales,Yoghurt,https://www.unimarc.cl/category/lacteos-huevos-y-refrigerados/yoghurt,https://www.unimarc.cl/_next/data/0ucQ92dO_m9T9joH0FjVV/category/lacteos-huevos-y-refrigerados/yoghurt.json?categories=lacteos-huevos-y-refrigerados&categories=yoghurt,2026-02-20T18:40:35
41643,Yoghurt Soprole proteína natural 155 g Yoghurt Soprole Protein+ natural endulzado pote 155 g,Soprole,1 un,Kg,730,730,,False,,$4.710 x Kg,$4.710 x Kg,https://www.unimarc.cl/yog-protein-soprole-natural-endulzado/p,https://unimarc.vtexassets.com/arquivos/ids/223232/000000000634207002-UN-01.jpg?v=637781065115330000,Bebidas vegetales,Yoghurt,https://www.unimarc.cl/category/lacteos-huevos-y-refrigerados/yoghurt,https://www.unimarc.cl/_next/data/0ucQ92dO_m9T9joH0FjVV/category/lacteos-huevos-y-refrigerados/yoghurt.json?categories=lacteos-huevos-y-refrigerados&categories=yoghurt,2026-02-20T18:40:35
7301,Yoghurt Batifrut trozos frutilla 165 g Yoghurt Soprole Batifrut sabor frutilla con trozos de fruta pote 165 g,Soprole,1 un,Kg,690,690,,False,,$4.182 x Kg,$4.182 x Kg,https://www.unimarc.cl/yoghurt-soprole-batifrut-165-g-frutilla/p,https://unimarc.vtexassets.com/arquivos/ids/246499/000000000400452005-UN-01.png?v=638739373850100000,Bebidas vegetales,Yoghurt,https://www.unimarc.cl/category/lacteos-huevos-y-refrigerados/yoghurt,https://www.unimarc.cl/_next/data/0ucQ92dO_m9T9joH0FjVV/category/lacteos-huevos-y-refrigerados/yoghurt.json?categories=lacteos-huevos-y-refrigerados&categories=yoghurt,2026-02-20T18:40:35
5594,Yoghurt con cereal Soprole 1+1 zucaritas y chocokrispis 5 un de 140 g Pack Yoghurt Soprole 1+1 con cereales 3 un zucaritas y 2 un chocokrispis,Soprole,1 un,Kg,3650,3650,,False,,$4.867 x Kg,$4.867 x Kg,https://www.unimarc.cl/yoghurt-pack-1-1/p,https://unimarc.vtexassets.com/arquivos/ids/222647/000000000000575109-UN-01.jpg?v=637762344656830000,Bebidas vegetales,Yoghurt,https://www.unimarc.cl/category/lacteos-huevos-y-refrigerados/yoghurt,https://www.unimarc.cl/_next/data/0ucQ92dO_m9T9joH0FjVV/category/lacteos-huevos-y-refrigerados/yoghurt.json?categories=lacteos-huevos-y-refrigerados&categories=yoghurt,2026-02-20T18:40:35
7388,Yoghurt Colun frutilla bolsa 1 Kg,Colun,1 un,Kg,1990,1990,,False,,$1.990 x Kg,$1.990 x Kg,https://www.unimarc.cl/yoghurt-colun-bolsa-1-lt-frutilla/p,https://unimarc.vtexassets.com/arquivos/ids/182646/401792003.jpg?v=636843003350130000,Bebidas vegetales,Yoghurt,https://www.unimarc.cl/category/lacteos-huevos-y-refrigerados/yoghurt,https://www.unimarc.cl/_next/data/0ucQ92dO_m9T9joH0FjVV/category/lacteos-huevos-y-refrigerados/yoghurt.json?categories=lacteos-huevos-y-refrigerados&categories=yoghurt,2026-02-20T18:40:35
84916,Yoghurt batido Colun light sin azúcar frutilla 120 g,Colun,1 un,Kg,370,370,,False,,$3.083 x Kg,$3.083 x Kg,https://www.unimarc.cl/yog-light-sin-azuc-colun-120g-frutilla/p,https://unimarc.vtexassets.com/arquivos/ids/235030/000000000665559001-UN-01.jpg?v=638265193689300000,Bebidas vegetales,Yoghurt,https://www.unimarc.cl/category/lacteos-huevos-y-refrigerados/yoghurt,https://www.unimarc.cl/_next/data/0ucQ92dO_m9T9joH0FjVV/category/lacteos-huevos-y-refrigerados/yoghurt.json?categories=lacteos-huevos-y-refrigerados&categories=yoghurt,2026-02-20T18:40:35
7341,Yoghurt Gold chocolate y almendras 165 g Yoghurt Soprole Gold chocolate y almendras 165 g,Soprole,1 un,Kg,790,790,,False,,$4.788 x Kg,$4.788 x Kg,https://www.unimarc.cl/yoghurt-soprole-gold-165-g-chocolate-almendras/p,https://unimarc.vtexassets.com/arquivos/ids/214137/000000000401650002-UN-01.jpg?v=637562598080970000,Bebidas vegetales,Yoghurt,https://www.unimarc.cl/category/lacteos-huevos-y-refrigerados/yoghurt,https://www.unimarc.cl/_next/data/0ucQ92dO_m9T9joH0FjVV/category/lacteos-huevos-y-refrigerados/yoghurt.json?categories=lacteos-huevos-y-refrigerados&categories=yoghurt,2026-02-20T18:40:35
41642,Yoghurt Soprole proteína frutilla 155 g Yoghurt Soprole Protein+ sabor frutilla pote 155 g,Soprole,1 un,Kg,730,730,,False,,$4.710 x Kg,$4.710 x Kg,https://www.unimarc.cl/yog-protein-soprole-155-gr-frutilla/p,https://unimarc.vtexassets.com/arquivos/ids/223231/000000000634207001-UN-01.jpg?v=637781064315800000,Bebidas vegetales,Yoghurt,https://www.unimarc.cl/category/lacteos-huevos-y-refrigerados/yoghurt,https://www.unimarc.cl/_next/data/0ucQ92dO_m9T9joH0FjVV/category/lacteos-huevos-y-refrigerados/yoghurt.json?categories=lacteos-huevos-y-refrigerados&categories=yoghurt,2026-02-20T18:40:35
83195,Yoghurt Soprole proteína trozos kiwi plátano manzana 155 g Yoghurt Soprole protein+ kiwi plátano manzana pote 155 g,Soprole,1 un,Kg,790,790,,False,,$5.097 x Kg,$5.097 x Kg,https://www.unimarc.cl/yog-protein-soprole-155-kiwi-plat-manz/p,https://unimarc.vtexassets.com/arquivos/ids/231028/000000000662961002-UN-01.jpg?v=638053268947300000,Bebidas vegetales,Yoghurt,https://www.unimarc.cl/category/lacteos-huevos-y-refrigerados/yoghurt,https://www.unimarc.cl/_next/data/0ucQ92dO_m9T9joH0FjVV/category/lacteos-huevos-y-refrigerados/yoghurt.json?categories=lacteos-huevos-y-refrigerados&categories=yoghurt,2026-02-20T18:40:35
68724,Yoghurt Colun protein plus sin lactosa vainilla 150 g,Colun,1 un,Kg,690,690,,False,,$4.600 x Kg,$4.600 x Kg,https://www.unimarc.cl/yog-protein-plus-colun-150g-vainilla-2/p,https://unimarc.vtexassets.com/arquivos/ids/229627/000000000645713002-UN-01.jpg?v=638000771023400000,Bebidas vegetales,Yoghurt,https://www.unimarc.cl/category/lacteos-huevos-y-refrigerados/yoghurt,https://www.unimarc.cl/_next/data/0ucQ92dO_m9T9joH0FjVV/category/lacteos-huevos-y-refrigerados/yoghurt.json?categories=lacteos-huevos-y-refrigerados&categories=yoghurt,2026-02-20T18:40:35
1791,Yoghurt Colun vainilla bolsa 1 Kg,Colun,1 un,Kg,1990,1990,,False,,$1.990 x Kg,$1.990 x Kg,https://www.unimarc.cl/yoghurt-colun-vainilla-bolsa-1-kg/p,https://unimarc.vtexassets.com/arquivos/ids/182649/401792007.jpg?v=636843005509530000,Bebidas vegetales,Yoghurt,https://www.unimarc.cl/category/lacteos-huevos-y-refrigerados/yoghurt,https://www.unimarc.cl/_next/data/0ucQ92dO_m9T9joH0FjVV/category/lacteos-huevos-y-refrigerados/yoghurt.json?categories=lacteos-huevos-y-refrigerados&categories=yoghurt,2026-02-20T18:40:35
91785,Bebida láctea Surlat sin lactosa frutilla 4 un de 80 ml,Surlat,1 un,litro,1000,1290,1000,True,Ahorras $290,$3.125 x litro,$4.031 x litro,https://www.unimarc.cl/beb-lac-prob-s-l-surlat-4x80ml-frutilla/p,https://unimarc.vtexassets.com/arquivos/ids/249906/000000000667634001-UN-01.jpg?v=638865457998800000,Bebidas vegetales,Yoghurt,https://www.unimarc.cl/category/lacteos-huevos-y-refrigerados/yoghurt,https://www.unimarc.cl/_next/data/0ucQ92dO_m9T9joH0FjVV/category/lacteos-huevos-y-refrigerados/yoghurt.json?categories=lacteos-huevos-y-refrigerados&categories=yoghurt,2026-02-20T18:40:35
7300,Yoghurt Batifrut trozos durazno 165 g Yoghurt Soprole Batifrut sabor durazno con trozos de fruta pote 165 g,Soprole,1 un,Kg,690,690,,False,,$4.182 x Kg,$4.182 x Kg,https://www.unimarc.cl/yoghurt-soprole-batifrut-165-gr-durazno/p,https://unimarc.vtexassets.com/arquivos/ids/246498/000000000400452004-UN-01.png?v=638739373441000000,Bebidas vegetales,Yoghurt,https://www.unimarc.cl/category/lacteos-huevos-y-refrigerados/yoghurt,https://www.unimarc.cl/_next/data/0ucQ92dO_m9T9joH0FjVV/category/lacteos-huevos-y-refrigerados/yoghurt.json?categories=lacteos-huevos-y-refrigerados&categories=yoghurt,2026-02-20T18:40:35
68726,Yoghurt Colun protein plus sin lactosa frutilla 150 g,Colun,1 un,Kg,690,690,,False,,$4.600 x Kg,$4.600 x Kg,https://www.unimarc.cl/yog-protein-plus-colun-150g-frutilla-2/p,https://unimarc.vtexassets.com/arquivos/ids/229628/000000000645713003-UN-01.jpg?v=638000771929200000,Bebidas vegetales,Yoghurt,https://www.unimarc.cl/category/lacteos-huevos-y-refrigerados/yoghurt,https://www.unimarc.cl/_next/data/0ucQ92dO_m9T9joH0FjVV/category/lacteos-huevos-y-refrigerados/yoghurt.json?categories=lacteos-huevos-y-refrigerados&categories=yoghurt,2026-02-20T18:40:35
7299,Yoghurt Batifrut trozos piña 165 g Yoghurt Soprole Batifrut sabor piña con trozos de fruta pote 165 g,Soprole,1 un,Kg,690,690,,False,,$4.182 x Kg,$4.182 x Kg,https://www.unimarc.cl/yoghurt-soprole-batifrut-165-gr-pina/p,https://unimarc.vtexassets.com/arquivos/ids/246497/000000000400452003-UN-01.png?v=638739368120230000,Bebidas vegetales,Yoghurt,https://www.unimarc.cl/category/lacteos-huevos-y-refrigerados/yoghurt,https://www.unimarc.cl/_next/data/0ucQ92dO_m9T9joH0FjVV/category/lacteos-huevos-y-refrigerados/yoghurt.json?categories=lacteos-huevos-y-refrigerados&categories=yoghurt,2026-02-20T18:40:35
87529,Yoghurt goodnes protein frutilla 140 g,Nestle,1 un,Kg,640,640,,False,,$4.571 x Kg,$4.571 x Kg,https://www.unimarc.cl/yog-goodnes-prot-nestle-140-gr-frutilla/p,https://unimarc.vtexassets.com/arquivos/ids/250500/000000000668880003-UN-01.jpg?v=638900941694870000,Bebidas vegetales,Yoghurt,https://www.unimarc.cl/category/lacteos-huevos-y-refrigerados/yoghurt,https://www.unimarc.cl/_next/data/0ucQ92dO_m9T9joH0FjVV/category/lacteos-huevos-y-refrigerados/yoghurt.json?categories=lacteos-huevos-y-refrigerados&categories=yoghurt,2026-02-20T18:40:35
89786,Yoghurt Batifrut trozos papaya 165 g,Soprole,1 un,Kg,690,690,,False,,$4.182 x Kg,$4.182 x Kg,https://www.unimarc.cl/yog-batifrut-trozo-soprole-165g-papaya/p,https://unimarc.vtexassets.com/arquivos/ids/245213/000000000672196002-UN-01.jpg?v=638669284541930000,Bebidas vegetales,Yoghurt,https://www.unimarc.cl/category/lacteos-huevos-y-refrigerados/yoghurt,https://www.unimarc.cl/_next/data/0ucQ92dO_m9T9joH0FjVV/category/lacteos-huevos-y-refrigerados/yoghurt.json?categories=lacteos-huevos-y-refrigerados&categories=yoghurt,2026-02-20T18:40:35
92061,Yoghurt batido Yoghito damasco tetra 6 un de 115 g,Soprole,1 un,Kg,1950,2640,1950,True,Ahorras $690,$2.826 x Kg,$3.826 x Kg,https://www.unimarc.cl/yoghito-tetra-soprole-115g-damasco/p,https://unimarc.vtexassets.com/arquivos/ids/250579/000000000650059003-DIS-01.jpg?v=638902678511500000,Bebidas vegetales,Yoghurt,https://www.unimarc.cl/category/lacteos-huevos-y-refrigerados/yoghurt,https://www.unimarc.cl/_next/data/0ucQ92dO_m9T9joH0FjVV/category/lacteos-huevos-y-refrigerados/yoghurt.json?page=2&categories=lacteos-huevos-y-refrigerados&categories=yoghurt,2026-02-20T18:40:39
9393,Yoghurt batido Nestlé frutilla 115 g,Nestle,1 un,Kg,290,290,,False,,$2.522 x Kg,$2.522 x Kg,https://www.unimarc.cl/yog-batido-nestle-115-gr-frutilla/p,https://unimarc.vtexassets.com/arquivos/ids/229223/000000000631822001-UN-01.jpg?v=637993044795170000,Bebidas vegetales,Yoghurt,https://www.unimarc.cl/category/lacteos-huevos-y-refrigerados/yoghurt,https://www.unimarc.cl/_next/data/0ucQ92dO_m9T9joH0FjVV/category/lacteos-huevos-y-refrigerados/yoghurt.json?page=2&categories=lacteos-huevos-y-refrigerados&categories=yoghurt,2026-02-20T18:40:39
89237,Yoghurt Soprole protein con avena 155 g,Soprole,1 un,Kg,800,800,,False,,$5.161 x Kg,$5.161 x Kg,https://www.unimarc.cl/yoghurt-protein-avena-soprole-155-gr/p,https://unimarc.vtexassets.com/arquivos/ids/244684/000000000000671608-UN-01.jpg?v=638645146617500000,Bebidas vegetales,Yoghurt,https://www.unimarc.cl/category/lacteos-huevos-y-refrigerados/yoghurt,https://www.unimarc.cl/_next/data/0ucQ92dO_m9T9joH0FjVV/category/lacteos-huevos-y-refrigerados/yoghurt.json?page=2&categories=lacteos-huevos-y-refrigerados&categories=yoghurt,2026-02-20T18:40:39
9395,Yoghurt batido Nestlé damasco 115 g,Nestle,1 un,Kg,290,290,,False,,$2.522 x Kg,$2.522 x Kg,https://www.unimarc.cl/yog-batido-nestle-115-gr-damasco/p,https://unimarc.vtexassets.com/arquivos/ids/229227/000000000631822003-UN-01.jpg?v=637993046650270000,Bebidas vegetales,Yoghurt,https://www.unimarc.cl/category/lacteos-huevos-y-refrigerados/yoghurt,https://www.unimarc.cl/_next/data/0ucQ92dO_m9T9joH0FjVV/category/lacteos-huevos-y-refrigerados/yoghurt.json?page=2&categories=lacteos-huevos-y-refrigerados&categories=yoghurt,2026-02-20T18:40:39
9394,Yoghurt batido Nestlé vainilla 115 g,Nestle,1 un,Kg,290,290,,False,,$2.522 x Kg,$2.522 x Kg,https://www.unimarc.cl/yog-batido-nestle-115-gr-vainilla/p,https://unimarc.vtexassets.com/arquivos/ids/229225/000000000631822002-UN-01.jpg?v=637993045726500000,Bebidas vegetales,Yoghurt,https://www.unimarc.cl/category/lacteos-huevos-y-refrigerados/yoghurt,https://www.unimarc.cl/_next/data/0ucQ92dO_m9T9joH0FjVV/category/lacteos-huevos-y-refrigerados/yoghurt.json?page=2&categories=lacteos-huevos-y-refrigerados&categories=yoghurt,2026-02-20T18:40:39
7570,Yoghurt+cereal Mix Nestlé milo con cuchara 142 g,Nestle,1 un,Kg,710,710,,False,,$5.000 x Kg,$5.000 x Kg,https://www.unimarc.cl/yog-cereal-c-cuchara-nestle-142-g-milo/p,https://unimarc.vtexassets.com/arquivos/ids/229215/000000000554622005-UN-01.jpg?v=637993038696130000,Bebidas vegetales,Yoghurt,https://www.unimarc.cl/category/lacteos-huevos-y-refrigerados/yoghurt,https://www.unimarc.cl/_next/data/0ucQ92dO_m9T9joH0FjVV/category/lacteos-huevos-y-refrigerados/yoghurt.json?page=2&categories=lacteos-huevos-y-refrigerados&categories=yoghurt,2026-02-20T18:40:39
53705,Probiótico Soprole Uno multifruta cajitas 6 un de 80 ml Pack probiótico defensas Soprole Uno sabor multifruta con bombilla 6 un de 80 ml,Uno,1 un,litro,1950,2150,1950,True,Ahorras $200,$4.063 x litro,$4.479 x litro,https://www.unimarc.cl/yog-tetra-pack-6-uno-80-ml-multifruta/p,https://unimarc.vtexassets.com/arquivos/ids/222702/000000000635102002-UN-01.jpg?v=637762408838630000,Bebidas vegetales,Yoghurt,https://www.unimarc.cl/category/lacteos-huevos-y-refrigerados/yoghurt,https://www.unimarc.cl/_next/data/0ucQ92dO_m9T9joH0FjVV/category/lacteos-huevos-y-refrigerados/yoghurt.json?page=2&categories=lacteos-huevos-y-refrigerados&categories=yoghurt,2026-02-20T18:40:39
12867,Yoghurt Calán semidescremada frutilla 110 g,Calan,1 un,Kg,290,290,,False,,$2.636 x Kg,$2.636 x Kg,https://www.unimarc.cl/yogur-semides-frutilla-cars-calan-110-gr/p,https://unimarc.vtexassets.com/arquivos/ids/192868/000000000401693004.jpg?v=637211926250100000,Bebidas vegetales,Yoghurt,https://www.unimarc.cl/category/lacteos-huevos-y-refrigerados/yoghurt,https://www.unimarc.cl/_next/data/0ucQ92dO_m9T9joH0FjVV/category/lacteos-huevos-y-refrigerados/yoghurt.json?page=2&categories=lacteos-huevos-y-refrigerados&categories=yoghurt,2026-02-20T18:40:39
12899,Yoghurt Calán semidescremada vainilla 110 g,Calan,1 un,Kg,280,280,,False,,$2.545 x Kg,$2.545 x Kg,https://www.unimarc.cl/yogur-semides-vainilla-cars-calan-110-gr/p,https://unimarc.vtexassets.com/arquivos/ids/192869/000000000401693005.jpg?v=637211926951400000,Bebidas vegetales,Yoghurt,https://www.unimarc.cl/category/lacteos-huevos-y-refrigerados/yoghurt,https://www.unimarc.cl/_next/data/0ucQ92dO_m9T9joH0FjVV/category/lacteos-huevos-y-refrigerados/yoghurt.json?page=2&categories=lacteos-huevos-y-refrigerados&categories=yoghurt,2026-02-20T18:40:39
7569,Yoghurt+cereal Nestlé Chocapic con cuchara 142 g,Nestle,1 un,Kg,710,710,,False,,$5.000 x Kg,$5.000 x Kg,https://www.unimarc.cl/yog-cereal-c-cuchara-nestle-1-chocapic/p,https://unimarc.vtexassets.com/arquivos/ids/229213/000000000554622003-UN-01.jpg?v=637993037808500000,Bebidas vegetales,Yoghurt,https://www.unimarc.cl/category/lacteos-huevos-y-refrigerados/yoghurt,https://www.unimarc.cl/_next/data/0ucQ92dO_m9T9joH0FjVV/category/lacteos-huevos-y-refrigerados/yoghurt.json?page=2&categories=lacteos-huevos-y-refrigerados&categories=yoghurt,2026-02-20T18:40:39
75864,Yoghurt Gold nueces y cranberry 165 g Yoghurt Soprole gold con trozos de nueces y fruta cranberry pote 165 g,Soprole,1 un,Kg,790,790,,False,,$4.788 x Kg,$4.788 x Kg,https://www.unimarc.cl/yoghurt-gold-soprole-165-nuez-cranberry/p,https://unimarc.vtexassets.com/arquivos/ids/214172/000000000401650006-UN-01.jpg?v=637562652302800000,Bebidas vegetales,Yoghurt,https://www.unimarc.cl/category/lacteos-huevos-y-refrigerados/yoghurt,https://www.unimarc.cl/_next/data/0ucQ92dO_m9T9joH0FjVV/category/lacteos-huevos-y-refrigerados/yoghurt.json?page=2&categories=lacteos-huevos-y-refrigerados&categories=yoghurt,2026-02-20T18:40:39
7148,Pack Yogu Yogu Loncoleche mora 6 un de 200 ml,Yogu Yogu,1 un,litro,2890,3540,2890,True,Ahorras $650,$2.408 x litro,$2.950 x litro,https://www.unimarc.cl/yoghurt-yogu-yogu-caja-200-cc-mora-6-un/p,https://unimarc.vtexassets.com/arquivos/ids/227542/000000000400055004-DIS-01.jpg?v=637909191794270000,Bebidas vegetales,Yoghurt,https://www.unimarc.cl/category/lacteos-huevos-y-refrigerados/yoghurt,https://www.unimarc.cl/_next/data/0ucQ92dO_m9T9joH0FjVV/category/lacteos-huevos-y-refrigerados/yoghurt.json?page=2&categories=lacteos-huevos-y-refrigerados&categories=yoghurt,2026-02-20T18:40:39
7386,Yoghurt Colun mora bolsa 1 Kg,Colun,1 un,Kg,1990,1990,,False,,$1.990 x Kg,$1.990 x Kg,https://www.unimarc.cl/yoghurt-colun-bolsa-1-lt-mora/p,https://unimarc.vtexassets.com/arquivos/ids/182644/401792001.jpg?v=636843002169430000,Bebidas vegetales,Yoghurt,https://www.unimarc.cl/category/lacteos-huevos-y-refrigerados/yoghurt,https://www.unimarc.cl/_next/data/0ucQ92dO_m9T9joH0FjVV/category/lacteos-huevos-y-refrigerados/yoghurt.json?page=2&categories=lacteos-huevos-y-refrigerados&categories=yoghurt,2026-02-20T18:40:39
59429,Yoghurt Loncoleche protein natural endulzado 140 g,Loncoleche,1 un,Kg,730,730,,False,,$5.214 x Kg,$5.214 x Kg,https://www.unimarc.cl/yog-protein-lonco-140-natural-endulzado/p,https://unimarc.vtexassets.com/arquivos/ids/237993/000000000638426001-UN-01.jpg?v=638452446968330000,Bebidas vegetales,Yoghurt,https://www.unimarc.cl/category/lacteos-huevos-y-refrigerados/yoghurt,https://www.unimarc.cl/_next/data/0ucQ92dO_m9T9joH0FjVV/category/lacteos-huevos-y-refrigerados/yoghurt.json?page=2&categories=lacteos-huevos-y-refrigerados&categories=yoghurt,2026-02-20T18:40:39
14293,Yoghurt Calán semidescremado chirimoya 110 g,Calan,1 un,Kg,280,280,,False,,$2.545 x Kg,$2.545 x Kg,https://www.unimarc.cl/yogur-semides-chirimoy-cars-calan-110-gr/p,https://unimarc.vtexassets.com/arquivos/ids/192866/000000000401693001.jpg?v=637211920579330000,Bebidas vegetales,Yoghurt,https://www.unimarc.cl/category/lacteos-huevos-y-refrigerados/yoghurt,https://www.unimarc.cl/_next/data/0ucQ92dO_m9T9joH0FjVV/category/lacteos-huevos-y-refrigerados/yoghurt.json?page=2&categories=lacteos-huevos-y-refrigerados&categories=yoghurt,2026-02-20T18:40:39
85601,Pack yoghurt colun light 12un 120g,Colun,1 un,Kg,3490,3850,3490,True,Ahorras $360,$2.327 x Kg,$2.567 x Kg,https://www.unimarc.cl/yoghurt-light-pack-colun-12-x-120-gr/p,https://unimarc.vtexassets.com/arquivos/ids/235841/000000000000666189-UN-01.jpg?v=638330788601830000,Bebidas vegetales,Yoghurt,https://www.unimarc.cl/category/lacteos-huevos-y-refrigerados/yoghurt,https://www.unimarc.cl/_next/data/0ucQ92dO_m9T9joH0FjVV/category/lacteos-huevos-y-refrigerados/yoghurt.json?page=2&categories=lacteos-huevos-y-refrigerados&categories=yoghurt,2026-02-20T18:40:39
91786,Bebida láctea Surlat sin lactosa manzana 4 un de 80 ml,Surlat,1 un,litro,1000,1290,1000,True,Ahorras $290,$3.125 x litro,$4.031 x litro,https://www.unimarc.cl/beb-lac-prob-s-l-surlat-4x80ml-manzana/p,https://unimarc.vtexassets.com/arquivos/ids/249907/000000000667634002-UN-01.jpg?v=638865458001470000,Bebidas vegetales,Yoghurt,https://www.unimarc.cl/category/lacteos-huevos-y-refrigerados/yoghurt,https://www.unimarc.cl/_next/data/0ucQ92dO_m9T9joH0FjVV/category/lacteos-huevos-y-refrigerados/yoghurt.json?page=2&categories=lacteos-huevos-y-refrigerados&categories=yoghurt,2026-02-20T18:40:39
91070,Yoghurt Gold frutos secos miel 165 g,Soprole,1 un,Kg,790,790,,False,,$4.788 x Kg,$4.788 x Kg,https://www.unimarc.cl/yog-gold-soprole-165g-frutos-secos-miel/p,https://unimarc.vtexassets.com/arquivos/ids/247485/000000000401650008-UN-01.jpg?v=638775643065030000,Bebidas vegetales,Yoghurt,https://www.unimarc.cl/category/lacteos-huevos-y-refrigerados/yoghurt,https://www.unimarc.cl/_next/data/0ucQ92dO_m9T9joH0FjVV/category/lacteos-huevos-y-refrigerados/yoghurt.json?page=2&categories=lacteos-huevos-y-refrigerados&categories=yoghurt,2026-02-20T18:40:39
96487,Yoghurt Goodnes magnesio frutilla 140 gr,Nestle,1 un,litro,590,590,,False,,$4.214 x litro,$4.214 x litro,https://www.unimarc.cl/yoghurt-goodnes-mag-nestle-140-frutilla/p,https://unimarc.vtexassets.com/arquivos/ids/255306/000000000694952001-UN-01.jpg?v=639041749004030000,Bebidas vegetales,Yoghurt,https://www.unimarc.cl/category/lacteos-huevos-y-refrigerados/yoghurt,https://www.unimarc.cl/_next/data/0ucQ92dO_m9T9joH0FjVV/category/lacteos-huevos-y-refrigerados/yoghurt.json?page=2&categories=lacteos-huevos-y-refrigerados&categories=yoghurt,2026-02-20T18:40:39
96552,Yoghurt Goodnes magnesio natural 140 gr,Nestle,1 un,litro,590,590,,False,,$4.214 x litro,$4.214 x litro,https://www.unimarc.cl/yoghurt-goodnes-mag-nestle-140g-natural/p,https://unimarc.vtexassets.com/arquivos/ids/255808/000000000694952002-UN-01.jpg?v=639050492433830000,Bebidas vegetales,Yoghurt,https://www.unimarc.cl/category/lacteos-huevos-y-refrigerados/yoghurt,https://www.unimarc.cl/_next/data/0ucQ92dO_m9T9joH0FjVV/category/lacteos-huevos-y-refrigerados/yoghurt.json?page=2&categories=lacteos-huevos-y-refrigerados&categories=yoghurt,2026-02-20T18:40:39
91255,Yogurt griego Oikos choco crunch 142 g,Oikos,1 un,Kg,965,1150,965,True,Ahorras $185,$6.796 x Kg,$8.099 x Kg,https://www.unimarc.cl/yogurt-oikos-danone-142gr-choco-crunch/p,https://unimarc.vtexassets.com/arquivos/ids/248065/000000000673810001-UN-01.jpg?v=638799783234430000,Bebidas vegetales,Yoghurt,https://www.unimarc.cl/category/lacteos-huevos-y-refrigerados/yoghurt,https://www.unimarc.cl/_next/data/0ucQ92dO_m9T9joH0FjVV/category/lacteos-huevos-y-refrigerados/yoghurt.json?page=2&categories=lacteos-huevos-y-refrigerados&categories=yoghurt,2026-02-20T18:40:39
96303,Yoghurt Batifrut trozos damasco 165 gr,Soprole,1 un,Kg,690,690,,False,,$4.182 x Kg,$4.182 x Kg,https://www.unimarc.cl/yog-batifrut-soprole-165g-damasco/p,https://unimarc.vtexassets.com/arquivos/ids/254679/000000000400452009-UN-01.jpg?v=639029686927170000,Bebidas vegetales,Yoghurt,https://www.unimarc.cl/category/lacteos-huevos-y-refrigerados/yoghurt,https://www.unimarc.cl/_next/data/0ucQ92dO_m9T9joH0FjVV/category/lacteos-huevos-y-refrigerados/yoghurt.json?page=2&categories=lacteos-huevos-y-refrigerados&categories=yoghurt,2026-02-20T18:40:39
84918,Yoghurt batido Colun light sin azúcar vainilla 120 g,Colun,1 un,Kg,370,370,,False,,$3.083 x Kg,$3.083 x Kg,https://www.unimarc.cl/yog-light-sin-azuc-colun-120g-vainilla/p,https://unimarc.vtexassets.com/arquivos/ids/235031/000000000665559003-UN-01.jpg?v=638265195496100000,Bebidas vegetales,Yoghurt,https://www.unimarc.cl/category/lacteos-huevos-y-refrigerados/yoghurt,https://www.unimarc.cl/_next/data/0ucQ92dO_m9T9joH0FjVV/category/lacteos-huevos-y-refrigerados/yoghurt.json?page=2&categories=lacteos-huevos-y-refrigerados&categories=yoghurt,2026-02-20T18:40:39
92065,Yoghurt batido Yoghito frutilla tetra mini 6 un de 75 g,Soprole,1 un,Kg,1650,1980,1650,True,Ahorras $330,$3.667 x Kg,$4.400 x Kg,https://www.unimarc.cl/yoghito-mini-tetra-soprole-75g-frutilla/p,https://unimarc.vtexassets.com/arquivos/ids/250713/000000000684869001-DIS-01.jpg?v=638906291123430000,Bebidas vegetales,Yoghurt,https://www.unimarc.cl/category/lacteos-huevos-y-refrigerados/yoghurt,https://www.unimarc.cl/_next/data/0ucQ92dO_m9T9joH0FjVV/category/lacteos-huevos-y-refrigerados/yoghurt.json?page=2&categories=lacteos-huevos-y-refrigerados&categories=yoghurt,2026-02-20T18:40:39
11758,Pack Bebida láctea Chamyto manzana 12 un de 80 ml,Nestle,1 un,litro,4000,4900,4000,True,Ahorras $900,$4.167 x litro,$5.104 x litro,https://www.unimarc.cl/chamyto-prob-bot-mp12x80-ml-manzana/p,https://unimarc.vtexassets.com/arquivos/ids/229245/000000000755136002-UN-01.jpg?v=637993071349030000,Bebidas vegetales,Yoghurt,https://www.unimarc.cl/category/lacteos-huevos-y-refrigerados/yoghurt,https://www.unimarc.cl/_next/data/0ucQ92dO_m9T9joH0FjVV/category/lacteos-huevos-y-refrigerados/yoghurt.json?page=2&categories=lacteos-huevos-y-refrigerados&categories=yoghurt,2026-02-20T18:40:39
84917,Yoghurt batido Colun light sin azúcar chirimoya 120 g,Colun,1 un,Kg,370,370,,False,,$3.083 x Kg,$3.083 x Kg,https://www.unimarc.cl/yog-light-sin-azuc-colun-120g-chirimoya/p,https://unimarc.vtexassets.com/arquivos/ids/235032/000000000665559002-UN-01.jpg?v=638265197512530000,Bebidas vegetales,Yoghurt,https://www.unimarc.cl/category/lacteos-huevos-y-refrigerados/yoghurt,https://www.unimarc.cl/_next/data/0ucQ92dO_m9T9joH0FjVV/category/lacteos-huevos-y-refrigerados/yoghurt.json?page=2&categories=lacteos-huevos-y-refrigerados&categories=yoghurt,2026-02-20T18:40:39
87678,Yoghurt Colun origen frutilla bolsa 900 g,Colun,1 un,Kg,2000,2150,2000,True,Ahorras $150,$2.222 x Kg,$2.389 x Kg,https://www.unimarc.cl/yoghurt-origen-bolsa-colun-900-frutilla/p,https://unimarc.vtexassets.com/arquivos/ids/242989/000000000669498002-UN-01.jpg?v=638569922670700000,Bebidas vegetales,Yoghurt,https://www.unimarc.cl/category/lacteos-huevos-y-refrigerados/yoghurt,https://www.unimarc.cl/_next/data/0ucQ92dO_m9T9joH0FjVV/category/lacteos-huevos-y-refrigerados/yoghurt.json?page=2&categories=lacteos-huevos-y-refrigerados&categories=yoghurt,2026-02-20T18:40:39
53706,Probiótico Soprole Uno frutilla cajitas 12 un de 80 ml Pack probiótico defensas Soprole Uno sabor frutilla con bombilla 12 un de 80 ml,Uno,1 un,litro,3590,4190,3590,True,Ahorras $600,$3.740 x litro,$4.365 x litro,https://www.unimarc.cl/yog-tetra-12-pack-uno-80ml-frutilla/p,https://unimarc.vtexassets.com/arquivos/ids/222704/000000000635113001-UN-01.jpg?v=637762409802000000,Bebidas vegetales,Yoghurt,https://www.unimarc.cl/category/lacteos-huevos-y-refrigerados/yoghurt,https://www.unimarc.cl/_next/data/0ucQ92dO_m9T9joH0FjVV/category/lacteos-huevos-y-refrigerados/yoghurt.json?page=2&categories=lacteos-huevos-y-refrigerados&categories=yoghurt,2026-02-20T18:40:39
83198,Kefir Soprole berries 1 L Kefir Soprole sabor berries 1 L,Soprole,1 un,litro,2590,2590,,False,,$2.590 x litro,$2.590 x litro,https://www.unimarc.cl/kefir-soprole-1lt-berries/p,https://unimarc.vtexassets.com/arquivos/ids/231025/000000000662962003-UN-01.jpg?v=638053256605430000,Bebidas vegetales,Yoghurt,https://www.unimarc.cl/category/lacteos-huevos-y-refrigerados/yoghurt,https://www.unimarc.cl/_next/data/0ucQ92dO_m9T9joH0FjVV/category/lacteos-huevos-y-refrigerados/yoghurt.json?page=2&categories=lacteos-huevos-y-refrigerados&categories=yoghurt,2026-02-20T18:40:39
87527,Yoghurt goodnes protein natural endulzado 140 g,Nestle,1 un,Kg,640,640,,False,,$4.571 x Kg,$4.571 x Kg,https://www.unimarc.cl/yog-goodnes-prot-nestle-140-natural-end/p,https://unimarc.vtexassets.com/arquivos/ids/240186/000000000668880001-UN-01.jpg?v=638538126732400000,Bebidas vegetales,Yoghurt,https://www.unimarc.cl/category/lacteos-huevos-y-refrigerados/yoghurt,https://www.unimarc.cl/_next/data/0ucQ92dO_m9T9joH0FjVV/category/lacteos-huevos-y-refrigerados/yoghurt.json?page=2&categories=lacteos-huevos-y-refrigerados&categories=yoghurt,2026-02-20T18:40:39
55708,Yoghurt griego Danone Oikos natural 110 g,Oikos,1 un,Kg,400,400,,False,,$3.636 x Kg,$3.636 x Kg,https://www.unimarc.cl/yogur-griego-110-gr-natural/p,https://unimarc.vtexassets.com/arquivos/ids/232091/636646002.jpg?v=638113058838200000,Bebidas vegetales,Yoghurt,https://www.unimarc.cl/category/lacteos-huevos-y-refrigerados/yoghurt,https://www.unimarc.cl/_next/data/0ucQ92dO_m9T9joH0FjVV/category/lacteos-huevos-y-refrigerados/yoghurt.json?page=2&categories=lacteos-huevos-y-refrigerados&categories=yoghurt,2026-02-20T18:40:39
90420,Yoghurt griego Danone Oikos nuts caramel crunch 142 g,Oikos,1 un,Kg,965,1090,965,True,Ahorras $125,$6.796 x Kg,$7.676 x Kg,https://www.unimarc.cl/yogurt-oikos-danone-142gr-nuts-caramel/p,https://unimarc.vtexassets.com/arquivos/ids/246363/000000000673961001-UN-01.jpg?v=638726467106930000,Bebidas vegetales,Yoghurt,https://www.unimarc.cl/category/lacteos-huevos-y-refrigerados/yoghurt,https://www.unimarc.cl/_next/data/0ucQ92dO_m9T9joH0FjVV/category/lacteos-huevos-y-refrigerados/yoghurt.json?page=2&categories=lacteos-huevos-y-refrigerados&categories=yoghurt,2026-02-20T18:40:39
83297,Yogurt batido Yogu Yogu mora 6 un de 115 ml,Watts,1 un,litro,2000,2340,2000,True,Ahorras $340,$2.899 x litro,$3.391 x litro,https://www.unimarc.cl/yog-yoguyogu-tetra-watts-115ml-mora/p,https://unimarc.vtexassets.com/arquivos/ids/250860/000000000662021001-DIS-01.jpg?v=638912357460700000,Bebidas vegetales,Yoghurt,https://www.unimarc.cl/category/lacteos-huevos-y-refrigerados/yoghurt,https://www.unimarc.cl/_next/data/0ucQ92dO_m9T9joH0FjVV/category/lacteos-huevos-y-refrigerados/yoghurt.json?page=2&categories=lacteos-huevos-y-refrigerados&categories=yoghurt,2026-02-20T18:40:39
7150,Pack Yogu Yogu Loncoleche frutilla 6 un de 200 ml,Yogu Yogu,1 un,litro,2890,3540,2890,True,Ahorras $650,$2.408 x litro,$2.950 x litro,https://www.unimarc.cl/yoghurt-yogu-yogu-caja-200-cc-frutilla-6-un/p,https://unimarc.vtexassets.com/arquivos/ids/227541/000000000400055005-DIS-01.jpg?v=637909130006400000,Bebidas vegetales,Yoghurt,https://www.unimarc.cl/category/lacteos-huevos-y-refrigerados/yoghurt,https://www.unimarc.cl/_next/data/0ucQ92dO_m9T9joH0FjVV/category/lacteos-huevos-y-refrigerados/yoghurt.json?page=2&categories=lacteos-huevos-y-refrigerados&categories=yoghurt,2026-02-20T18:40:39
82482,Kefir Quillayes sin endulzante natural 4 un de 80 ml,Quillayes,1 un,litro,2000,2290,2000,True,Ahorras $290,$6.250 x litro,$7.156 x litro,https://www.unimarc.cl/kefir-s-end-quillayes-4x80ml-natural/p,https://unimarc.vtexassets.com/arquivos/ids/229973/000000000661799001-UN-01.jpg?v=638022311264030000,Bebidas vegetales,Yoghurt,https://www.unimarc.cl/category/lacteos-huevos-y-refrigerados/yoghurt,https://www.unimarc.cl/_next/data/0ucQ92dO_m9T9joH0FjVV/category/lacteos-huevos-y-refrigerados/yoghurt.json?page=2&categories=lacteos-huevos-y-refrigerados&categories=yoghurt,2026-02-20T18:40:39
92067,Yoghurt batido Yoghito vainilla tetra mini 6 un de 75 g,Soprole,1 un,Kg,1650,1980,1650,True,Ahorras $330,$3.667 x Kg,$4.400 x Kg,https://www.unimarc.cl/yoghito-mini-tetra-soprole-75g-vainilla/p,https://unimarc.vtexassets.com/arquivos/ids/250714/000000000684869002-DIS-01.jpg?v=638906291558830000,Bebidas vegetales,Yoghurt,https://www.unimarc.cl/category/lacteos-huevos-y-refrigerados/yoghurt,https://www.unimarc.cl/_next/data/0ucQ92dO_m9T9joH0FjVV/category/lacteos-huevos-y-refrigerados/yoghurt.json?page=2&categories=lacteos-huevos-y-refrigerados&categories=yoghurt,2026-02-20T18:40:39
1706,Probiótico Soprole Uno frutilla 18 un de 80 ml Pack probiótico defensas Soprole Uno sabor frutilla 18 un de 80 ml,Uno,1 un,litro,5890,6490,5890,True,Ahorras $600,$4.090 x litro,$4.507 x litro,https://www.unimarc.cl/pack-beb-uno-soprole-multisabor-18x80ml/p,https://unimarc.vtexassets.com/arquivos/ids/233892/000000000000965839-UN-01.jpg?v=638218340768700000,Bebidas vegetales,Yoghurt,https://www.unimarc.cl/category/lacteos-huevos-y-refrigerados/yoghurt,https://www.unimarc.cl/_next/data/0ucQ92dO_m9T9joH0FjVV/category/lacteos-huevos-y-refrigerados/yoghurt.json?page=2&categories=lacteos-huevos-y-refrigerados&categories=yoghurt,2026-02-20T18:40:39
53704,Probiótico Soprole Uno frutilla cajitas 6 un de 80 ml Pack probiótico defensas Soprole Uno sabor frutilla con bombilla 6 un de 80 ml,Uno,1 un,litro,1950,2150,1950,True,Ahorras $200,$4.063 x litro,$4.479 x litro,https://www.unimarc.cl/yog-tetra-pack-6-uno-80-ml-frutilla/p,https://unimarc.vtexassets.com/arquivos/ids/222700/000000000635102001-UN-01.jpg?v=637762407813300000,Bebidas vegetales,Yoghurt,https://www.unimarc.cl/category/lacteos-huevos-y-refrigerados/yoghurt,https://www.unimarc.cl/_next/data/0ucQ92dO_m9T9joH0FjVV/category/lacteos-huevos-y-refrigerados/yoghurt.json?page=2&categories=lacteos-huevos-y-refrigerados&categories=yoghurt,2026-02-20T18:40:39
68560,Yoghurt Soprole 1+1 pote 155 g,Soprole,1 un,Kg,540,540,,False,,$3.484 x Kg,$3.484 x Kg,https://www.unimarc.cl/yoghurt-del-1-1-natural-soprole-155-gr/p,https://unimarc.vtexassets.com/arquivos/ids/222660/000000000000645442-UN-01.jpg?v=637762376282900000,Bebidas vegetales,Yoghurt,https://www.unimarc.cl/category/lacteos-huevos-y-refrigerados/yoghurt,https://www.unimarc.cl/_next/data/0ucQ92dO_m9T9joH0FjVV/category/lacteos-huevos-y-refrigerados/yoghurt.json?page=2&categories=lacteos-huevos-y-refrigerados&categories=yoghurt,2026-02-20T18:40:39
84789,Yoghurt Colun light sabor frutilla bolsa 900 g,Colun,1 un,Kg,1790,1890,1790,True,Ahorras $100,$1.989 x Kg,$2.100 x Kg,https://www.unimarc.cl/yoghurt-light-colun-900gr-frutilla/p,https://unimarc.vtexassets.com/arquivos/ids/234661/000000000665557001-UN-01.jpg?v=638249432550200000,Bebidas vegetales,Yoghurt,https://www.unimarc.cl/category/lacteos-huevos-y-refrigerados/yoghurt,https://www.unimarc.cl/_next/data/0ucQ92dO_m9T9joH0FjVV/category/lacteos-huevos-y-refrigerados/yoghurt.json?page=2&categories=lacteos-huevos-y-refrigerados&categories=yoghurt,2026-02-20T18:40:39
84790,Yoghurt Colun light vainilla bolsa 900 g,Colun,1 un,Kg,1790,1890,1790,True,Ahorras $100,$1.989 x Kg,$2.100 x Kg,https://www.unimarc.cl/yoghurt-light-colun-900gr-vainilla/p,https://unimarc.vtexassets.com/arquivos/ids/234673/000000000665557002-UN-01.jpg?v=638252007434600000,Bebidas vegetales,Yoghurt,https://www.unimarc.cl/category/lacteos-huevos-y-refrigerados/yoghurt,https://www.unimarc.cl/_next/data/0ucQ92dO_m9T9joH0FjVV/category/lacteos-huevos-y-refrigerados/yoghurt.json?page=2&categories=lacteos-huevos-y-refrigerados&categories=yoghurt,2026-02-20T18:40:39
83299,Yogurt batido Yogu Yogu frutilla 6 un de 115 ml,Watts,1 un,litro,2000,2340,2000,True,Ahorras $340,$2.899 x litro,$3.391 x litro,https://www.unimarc.cl/yog-yoguyogu-tetra-watts-115ml-frutilla/p,https://unimarc.vtexassets.com/arquivos/ids/250861/000000000662021002-DIS-01.jpg?v=638912358904100000,Bebidas vegetales,Yoghurt,https://www.unimarc.cl/category/lacteos-huevos-y-refrigerados/yoghurt,https://www.unimarc.cl/_next/data/0ucQ92dO_m9T9joH0FjVV/category/lacteos-huevos-y-refrigerados/yoghurt.json?page=2&categories=lacteos-huevos-y-refrigerados&categories=yoghurt,2026-02-20T18:40:39
1769,Yoghurt con cereal Soprole 1+1 zucaritas 140 g Yoghurt con cereal Soprole 1+1 zucaritas pote 140 g,Soprole,1 un,Kg,750,750,,False,,$5.357 x Kg,$5.357 x Kg,https://www.unimarc.cl/yoghurt-cereal-1-1-zucaritas-soprole-140-g/p,https://unimarc.vtexassets.com/arquivos/ids/222690/000000000401652001-UN-01.jpg?v=638321946550970000,Bebidas vegetales,Yoghurt,https://www.unimarc.cl/category/lacteos-huevos-y-refrigerados/yoghurt,https://www.unimarc.cl/_next/data/0ucQ92dO_m9T9joH0FjVV/category/lacteos-huevos-y-refrigerados/yoghurt.json?page=2&categories=lacteos-huevos-y-refrigerados&categories=yoghurt,2026-02-20T18:40:39
402,Yoghurt batido Soprole natural 155 g Yoghurt batido Soprole sabor natural pote 155 g,Soprole,1 un,Kg,490,490,,False,,$3.161 x Kg,$3.161 x Kg,https://www.unimarc.cl/yoghurt-soprole-natural-155-g/p,https://unimarc.vtexassets.com/arquivos/ids/178448/000000000000052483-UN.jpg?v=636710554910130000,Bebidas vegetales,Yoghurt,https://www.unimarc.cl/category/lacteos-huevos-y-refrigerados/yoghurt,https://www.unimarc.cl/_next/data/0ucQ92dO_m9T9joH0FjVV/category/lacteos-huevos-y-refrigerados/yoghurt.json?page=2&categories=lacteos-huevos-y-refrigerados&categories=yoghurt,2026-02-20T18:40:39
12302,Pack Yogu Yogu loncoleche chirimoya 6 un de 200 ml,Yogu Yogu,1 un,litro,2890,3540,2890,True,Ahorras $650,$2.408 x litro,$2.950 x litro,https://www.unimarc.cl/yogu-yogu-chirimoya-200-cc-pack-6-u/p,https://unimarc.vtexassets.com/arquivos/ids/233759/000000000000516543-DIS-01.jpg?v=638210612860100000,Bebidas vegetales,Yoghurt,https://www.unimarc.cl/category/lacteos-huevos-y-refrigerados/yoghurt,https://www.unimarc.cl/_next/data/0ucQ92dO_m9T9joH0FjVV/category/lacteos-huevos-y-refrigerados/yoghurt.json?page=2&categories=lacteos-huevos-y-refrigerados&categories=yoghurt,2026-02-20T18:40:39
14349,Pack Minishot probíotico Calán frutilla 6 un de 90 ml,Calan,1 un,Kg,2000,2490,2000,True,Ahorras $490,$3.704 x Kg,$4.611 x Kg,https://www.unimarc.cl/minishot-con-probiotico-calan-frutilla/p,https://unimarc.vtexassets.com/arquivos/ids/193205/000000000803642001-UN-01.jpg?v=637217812501730000,Bebidas vegetales,Yoghurt,https://www.unimarc.cl/category/lacteos-huevos-y-refrigerados/yoghurt,https://www.unimarc.cl/_next/data/0ucQ92dO_m9T9joH0FjVV/category/lacteos-huevos-y-refrigerados/yoghurt.json?page=2&categories=lacteos-huevos-y-refrigerados&categories=yoghurt,2026-02-20T18:40:39
65348,Yoghurt Soprole proteína chirimoya 155 g Yoghurt Soprole Protein+ sabor chirimoya pote 155 g,Soprole,1 un,Kg,730,730,,False,,$4.710 x Kg,$4.710 x Kg,https://www.unimarc.cl/yog-protein-soprole-155-gr-chirimoya/p,https://unimarc.vtexassets.com/arquivos/ids/223235/000000000634207006-UN-01.jpg?v=637781067239770000,Bebidas vegetales,Yoghurt,https://www.unimarc.cl/category/lacteos-huevos-y-refrigerados/yoghurt,https://www.unimarc.cl/_next/data/0ucQ92dO_m9T9joH0FjVV/category/lacteos-huevos-y-refrigerados/yoghurt.json?page=2&categories=lacteos-huevos-y-refrigerados&categories=yoghurt,2026-02-20T18:40:39
87525,Pack Yoghurt batido Los Alerces surtido 12 un de 125 g,Los Alerces,1 un,Kg,2590,3060,2590,True,Ahorras $470,$1.799 x Kg,$2.125 x Kg,https://www.unimarc.cl/pack-yoghurt-sabores-los-alerces-12x200g/p,https://unimarc.vtexassets.com/arquivos/ids/249017/000000000000669142-UN-01.jpg?v=638838763380030000,Bebidas vegetales,Yoghurt,https://www.unimarc.cl/category/lacteos-huevos-y-refrigerados/yoghurt,https://www.unimarc.cl/_next/data/0ucQ92dO_m9T9joH0FjVV/category/lacteos-huevos-y-refrigerados/yoghurt.json?page=2&categories=lacteos-huevos-y-refrigerados&categories=yoghurt,2026-02-20T18:40:39
75430,Yoghurt con cereal Soprole 1+1 mini cookies 140 g Yoghurt Soprole 1+1 con mini galletas pote 140 g,Soprole,1 un,Kg,750,750,,False,,$5.357 x Kg,$5.357 x Kg,https://www.unimarc.cl/yoghurt-1-1-min-cookies-c-c-soprole-140g/p,https://unimarc.vtexassets.com/arquivos/ids/222662/000000000000650060-UN-01.jpg?v=637762377548430000,Bebidas vegetales,Yoghurt,https://www.unimarc.cl/category/lacteos-huevos-y-refrigerados/yoghurt,https://www.unimarc.cl/_next/data/0ucQ92dO_m9T9joH0FjVV/category/lacteos-huevos-y-refrigerados/yoghurt.json?page=2&categories=lacteos-huevos-y-refrigerados&categories=yoghurt,2026-02-20T18:40:39
82483,Kefir Quillayes sin endulzante naranja pomelo 4 un de 80 ml,Quillayes,1 un,litro,2000,2290,2000,True,Ahorras $290,$6.250 x litro,$7.156 x litro,https://www.unimarc.cl/kefir-s-end-quillayes-4x-naranja-pomelo/p,https://unimarc.vtexassets.com/arquivos/ids/229974/000000000661799002-UN-01.jpg?v=638022311891530000,Bebidas vegetales,Yoghurt,https://www.unimarc.cl/category/lacteos-huevos-y-refrigerados/yoghurt,https://www.unimarc.cl/_next/data/0ucQ92dO_m9T9joH0FjVV/category/lacteos-huevos-y-refrigerados/yoghurt.json?page=2&categories=lacteos-huevos-y-refrigerados&categories=yoghurt,2026-02-20T18:40:39
7398,Yoghurt Colun frutilla 125 g,Colun,1 un,Kg,290,290,,False,,$2.320 x Kg,$2.320 x Kg,https://www.unimarc.cl/yoghurt-batido-colun-125-gr-frutilla/p,https://unimarc.vtexassets.com/arquivos/ids/229613/000000000401795002-UN-01.jpg?v=638000754822870000,Bebidas vegetales,Batido,https://www.unimarc.cl/category/lacteos-huevos-y-refrigerados/yoghurt/batido,https://www.unimarc.cl/_next/data/0ucQ92dO_m9T9joH0FjVV/category/lacteos-huevos-y-refrigerados/yoghurt/batido.json?categories=lacteos-huevos-y-refrigerados&categories=yoghurt&categories=batido,2026-02-20T18:40:50
7400,Yoghurt Colun vainilla 125 g,Colun,1 un,Kg,290,290,,False,,$2.320 x Kg,$2.320 x Kg,https://www.unimarc.cl/yoghurt-batido-colun-125-gr-vainilla/p,https://unimarc.vtexassets.com/arquivos/ids/229615/000000000401795004-UN-01.jpg?v=638000756546500000,Bebidas vegetales,Batido,https://www.unimarc.cl/category/lacteos-huevos-y-refrigerados/yoghurt/batido,https://www.unimarc.cl/_next/data/0ucQ92dO_m9T9joH0FjVV/category/lacteos-huevos-y-refrigerados/yoghurt/batido.json?categories=lacteos-huevos-y-refrigerados&categories=yoghurt&categories=batido,2026-02-20T18:40:50
15097,Yoghurt Colun piña 125 g,Colun,1 un,Kg,290,290,,False,,$2.320 x Kg,$2.320 x Kg,https://www.unimarc.cl/yoghurt-batido-colun-125-gr-pina/p,https://unimarc.vtexassets.com/arquivos/ids/229618/000000000401795008-UN-01.jpg?v=638000759946030000,Bebidas vegetales,Batido,https://www.unimarc.cl/category/lacteos-huevos-y-refrigerados/yoghurt/batido,https://www.unimarc.cl/_next/data/0ucQ92dO_m9T9joH0FjVV/category/lacteos-huevos-y-refrigerados/yoghurt/batido.json?categories=lacteos-huevos-y-refrigerados&categories=yoghurt&categories=batido,2026-02-20T18:40:50
7402,Yoghurt Colun mora 125 g,Colun,1 un,Kg,290,290,,False,,$2.320 x Kg,$2.320 x Kg,https://www.unimarc.cl/yoghurt-batido-colun-125-gr-mora/p,https://unimarc.vtexassets.com/arquivos/ids/229616/000000000401795006-UN-01.jpg?v=638000758350730000,Bebidas vegetales,Batido,https://www.unimarc.cl/category/lacteos-huevos-y-refrigerados/yoghurt/batido,https://www.unimarc.cl/_next/data/0ucQ92dO_m9T9joH0FjVV/category/lacteos-huevos-y-refrigerados/yoghurt/batido.json?categories=lacteos-huevos-y-refrigerados&categories=yoghurt&categories=batido,2026-02-20T18:40:50
84909,Yoghurt origen Colun natural 120 g,Colun,1 un,Kg,390,390,,False,,$3.250 x Kg,$3.250 x Kg,https://www.unimarc.cl/yoghurt-origen-colun-120gr-natural/p,https://unimarc.vtexassets.com/arquivos/ids/234997/000000000665556001-UN-01.jpg?v=638264280252270000,Bebidas vegetales,Batido,https://www.unimarc.cl/category/lacteos-huevos-y-refrigerados/yoghurt/batido,https://www.unimarc.cl/_next/data/0ucQ92dO_m9T9joH0FjVV/category/lacteos-huevos-y-refrigerados/yoghurt/batido.json?categories=lacteos-huevos-y-refrigerados&categories=yoghurt&categories=batido,2026-02-20T18:40:50
1751,Yoghurt batido Yoghito frutilla 120 g Yoghurt batido Soprole Yoghito sabor frutilla pote 120 g,Soprole,1 un,Kg,310,310,,False,,$2.583 x Kg,$2.583 x Kg,https://www.unimarc.cl/yoghurt-soprole-batido-frutilla-120-g/p,https://unimarc.vtexassets.com/arquivos/ids/222673/000000000400453001-UN-01.jpg?v=637762383319200000,Bebidas vegetales,Batido,https://www.unimarc.cl/category/lacteos-huevos-y-refrigerados/yoghurt/batido,https://www.unimarc.cl/_next/data/0ucQ92dO_m9T9joH0FjVV/category/lacteos-huevos-y-refrigerados/yoghurt/batido.json?categories=lacteos-huevos-y-refrigerados&categories=yoghurt&categories=batido,2026-02-20T18:40:50
7399,Yoghurt Colun frambuesa 125 g,Colun,1 un,Kg,290,290,,False,,$2.320 x Kg,$2.320 x Kg,https://www.unimarc.cl/yoghurt-batido-colun-125-gr-frambuesa/p,https://unimarc.vtexassets.com/arquivos/ids/229614/000000000401795003-UN-01.jpg?v=638000755723430000,Bebidas vegetales,Batido,https://www.unimarc.cl/category/lacteos-huevos-y-refrigerados/yoghurt/batido,https://www.unimarc.cl/_next/data/0ucQ92dO_m9T9joH0FjVV/category/lacteos-huevos-y-refrigerados/yoghurt/batido.json?categories=lacteos-huevos-y-refrigerados&categories=yoghurt&categories=batido,2026-02-20T18:40:50
1327,Pack Yoghurt Colun surtido 12 un de 125 g,Colun,1 un,Kg,3190,3590,3190,True,Ahorras $400,$2.127 x Kg,$2.393 x Kg,https://www.unimarc.cl/yoghurt-colun-surtido-pack-12-u-125-g/p,https://unimarc.vtexassets.com/arquivos/ids/190926/frontal-16135.jpg?v=637146141372670000,Bebidas vegetales,Batido,https://www.unimarc.cl/category/lacteos-huevos-y-refrigerados/yoghurt/batido,https://www.unimarc.cl/_next/data/0ucQ92dO_m9T9joH0FjVV/category/lacteos-huevos-y-refrigerados/yoghurt/batido.json?categories=lacteos-huevos-y-refrigerados&categories=yoghurt&categories=batido,2026-02-20T18:40:50
11616,Yoghurt batido Yoghito plátano 120 g Yoghurt batido Soprole Yoghito sabor plátano pote 120 g,Soprole,1 un,Kg,310,310,,False,,$2.583 x Kg,$2.583 x Kg,https://www.unimarc.cl/yoghurt-batido-soprole-120-gr-platano/p,https://unimarc.vtexassets.com/arquivos/ids/222680/000000000400453004-UN-01.jpg?v=637762391173400000,Bebidas vegetales,Batido,https://www.unimarc.cl/category/lacteos-huevos-y-refrigerados/yoghurt/batido,https://www.unimarc.cl/_next/data/0ucQ92dO_m9T9joH0FjVV/category/lacteos-huevos-y-refrigerados/yoghurt/batido.json?categories=lacteos-huevos-y-refrigerados&categories=yoghurt&categories=batido,2026-02-20T18:40:50
75440,Pack yoghurt batido Yoghito Soprole frutilla tetra 6 un de 115 g,Soprole,1 un,Kg,1950,2640,1950,True,Ahorras $690,$2.826 x Kg,$3.826 x Kg,https://www.unimarc.cl/yoghito-tetra-soprole-6x115g-frutilla/p,https://unimarc.vtexassets.com/arquivos/ids/222706/000000000650059001-DIS-01.jpg?v=637762411170200000,Bebidas vegetales,Batido,https://www.unimarc.cl/category/lacteos-huevos-y-refrigerados/yoghurt/batido,https://www.unimarc.cl/_next/data/0ucQ92dO_m9T9joH0FjVV/category/lacteos-huevos-y-refrigerados/yoghurt/batido.json?categories=lacteos-huevos-y-refrigerados&categories=yoghurt&categories=batido,2026-02-20T18:40:50
84910,Yoghurt Colun origen sabor frutilla pote 120 g,Colun,1 un,Kg,390,390,,False,,$3.250 x Kg,$3.250 x Kg,https://www.unimarc.cl/yoghurt-origen-colun-120gr-frutilla/p,https://unimarc.vtexassets.com/arquivos/ids/235142/000000000665556002-UN-01.jpg?v=638271214895000000,Bebidas vegetales,Batido,https://www.unimarc.cl/category/lacteos-huevos-y-refrigerados/yoghurt/batido,https://www.unimarc.cl/_next/data/0ucQ92dO_m9T9joH0FjVV/category/lacteos-huevos-y-refrigerados/yoghurt/batido.json?categories=lacteos-huevos-y-refrigerados&categories=yoghurt&categories=batido,2026-02-20T18:40:50
7303,Yoghurt batido Yoghito vainilla 120 g Yoghurt batido Soprole Yoghito sabor vainilla pote 120 g,Soprole,1 un,Kg,310,310,,False,,$2.583 x Kg,$2.583 x Kg,https://www.unimarc.cl/yoghurt-batido-soprole-120-gr-vainilla/p,https://unimarc.vtexassets.com/arquivos/ids/222678/000000000400453003-UN-01.jpg?v=637762390474170000,Bebidas vegetales,Batido,https://www.unimarc.cl/category/lacteos-huevos-y-refrigerados/yoghurt/batido,https://www.unimarc.cl/_next/data/0ucQ92dO_m9T9joH0FjVV/category/lacteos-huevos-y-refrigerados/yoghurt/batido.json?categories=lacteos-huevos-y-refrigerados&categories=yoghurt&categories=batido,2026-02-20T18:40:50
9392,Pack Yoghurt Nestlé tradicional12 un de 115 g,Nestle,1 un,Kg,2590,3290,2590,True,Ahorras $700,$1.877 x Kg,$2.384 x Kg,https://www.unimarc.cl/yog-batido-nestle-mp-12x115-tradicional/p,https://unimarc.vtexassets.com/arquivos/ids/229221/000000000631821002-UN-01.jpg?v=637993043795770000,Bebidas vegetales,Batido,https://www.unimarc.cl/category/lacteos-huevos-y-refrigerados/yoghurt/batido,https://www.unimarc.cl/_next/data/0ucQ92dO_m9T9joH0FjVV/category/lacteos-huevos-y-refrigerados/yoghurt/batido.json?categories=lacteos-huevos-y-refrigerados&categories=yoghurt&categories=batido,2026-02-20T18:40:50
7302,Yoghurt batido Yoghito damasco 120 g Yoghurt batido Soprole Yoghito sabor damasco pote 120 g,Soprole,1 un,Kg,310,310,,False,,$2.583 x Kg,$2.583 x Kg,https://www.unimarc.cl/yoghurt-batido-soprole-120-gr-damasco/p,https://unimarc.vtexassets.com/arquivos/ids/222675/000000000400453002-UN-01.jpg?v=637762384906600000,Bebidas vegetales,Batido,https://www.unimarc.cl/category/lacteos-huevos-y-refrigerados/yoghurt/batido,https://www.unimarc.cl/_next/data/0ucQ92dO_m9T9joH0FjVV/category/lacteos-huevos-y-refrigerados/yoghurt/batido.json?categories=lacteos-huevos-y-refrigerados&categories=yoghurt&categories=batido,2026-02-20T18:40:50
9391,Pack Yoghurt batido Nestlé berries 12 un de 115 g,Nestle,1 un,Kg,2590,3290,2590,True,Ahorras $700,$1.877 x Kg,$2.384 x Kg,https://www.unimarc.cl/yog-batido-nestle-mp-12x115g-berries/p,https://unimarc.vtexassets.com/arquivos/ids/229219/000000000631821001-UN-01.jpg?v=637993042943670000,Bebidas vegetales,Batido,https://www.unimarc.cl/category/lacteos-huevos-y-refrigerados/yoghurt/batido,https://www.unimarc.cl/_next/data/0ucQ92dO_m9T9joH0FjVV/category/lacteos-huevos-y-refrigerados/yoghurt/batido.json?categories=lacteos-huevos-y-refrigerados&categories=yoghurt&categories=batido,2026-02-20T18:40:50
92063,Yoghurt batido Yoghito frambuesa tetra 6 un de 115 g,Soprole,1 un,Kg,1950,2640,1950,True,Ahorras $690,$2.826 x Kg,$3.826 x Kg,https://www.unimarc.cl/yoghito-tetra-soprole-115g-frambuesa/p,https://unimarc.vtexassets.com/arquivos/ids/250580/000000000650059004-DIS-01.jpg?v=638902678514800000,Bebidas vegetales,Batido,https://www.unimarc.cl/category/lacteos-huevos-y-refrigerados/yoghurt/batido,https://www.unimarc.cl/_next/data/0ucQ92dO_m9T9joH0FjVV/category/lacteos-huevos-y-refrigerados/yoghurt/batido.json?categories=lacteos-huevos-y-refrigerados&categories=yoghurt&categories=batido,2026-02-20T18:40:50
87672,Yoghurt Colun origen chirimoya 120 g,Colun,1 un,Kg,390,390,,False,,$3.250 x Kg,$3.250 x Kg,https://www.unimarc.cl/yoghurt-origen-colun-120gr-chirimoya/p,https://unimarc.vtexassets.com/arquivos/ids/242974/000000000665556004-UN-01.jpg?v=638569922625400000,Bebidas vegetales,Batido,https://www.unimarc.cl/category/lacteos-huevos-y-refrigerados/yoghurt/batido,https://www.unimarc.cl/_next/data/0ucQ92dO_m9T9joH0FjVV/category/lacteos-huevos-y-refrigerados/yoghurt/batido.json?categories=lacteos-huevos-y-refrigerados&categories=yoghurt&categories=batido,2026-02-20T18:40:50
86826,Yoghurt batido Yoghito mora 120 g,Soprole,1 un,Kg,310,310,,False,,$2.583 x Kg,$2.583 x Kg,https://www.unimarc.cl/yoghurt-batido-soprole-120-gr-mora/p,https://unimarc.vtexassets.com/arquivos/ids/237752/000000000400453006-UN-01.jpg?v=638439577357300000,Bebidas vegetales,Batido,https://www.unimarc.cl/category/lacteos-huevos-y-refrigerados/yoghurt/batido,https://www.unimarc.cl/_next/data/0ucQ92dO_m9T9joH0FjVV/category/lacteos-huevos-y-refrigerados/yoghurt/batido.json?categories=lacteos-huevos-y-refrigerados&categories=yoghurt&categories=batido,2026-02-20T18:40:50
75441,Pack yoghurt batido Yoghito Soprole vainilla tetra 6 un de 115 g,Soprole,1 un,Kg,1950,2640,1950,True,Ahorras $690,$2.826 x Kg,$3.826 x Kg,https://www.unimarc.cl/yoghito-tetra-soprole-6x115g-vainilla/p,https://unimarc.vtexassets.com/arquivos/ids/222708/000000000650059002-DIS-01.jpg?v=637762412195700000,Bebidas vegetales,Batido,https://www.unimarc.cl/category/lacteos-huevos-y-refrigerados/yoghurt/batido,https://www.unimarc.cl/_next/data/0ucQ92dO_m9T9joH0FjVV/category/lacteos-huevos-y-refrigerados/yoghurt/batido.json?categories=lacteos-huevos-y-refrigerados&categories=yoghurt&categories=batido,2026-02-20T18:40:50
84916,Yoghurt batido Colun light sin azúcar frutilla 120 g,Colun,1 un,Kg,370,370,,False,,$3.083 x Kg,$3.083 x Kg,https://www.unimarc.cl/yog-light-sin-azuc-colun-120g-frutilla/p,https://unimarc.vtexassets.com/arquivos/ids/235030/000000000665559001-UN-01.jpg?v=638265193689300000,Bebidas vegetales,Batido,https://www.unimarc.cl/category/lacteos-huevos-y-refrigerados/yoghurt/batido,https://www.unimarc.cl/_next/data/0ucQ92dO_m9T9joH0FjVV/category/lacteos-huevos-y-refrigerados/yoghurt/batido.json?categories=lacteos-huevos-y-refrigerados&categories=yoghurt&categories=batido,2026-02-20T18:40:50
92061,Yoghurt batido Yoghito damasco tetra 6 un de 115 g,Soprole,1 un,Kg,1950,2640,1950,True,Ahorras $690,$2.826 x Kg,$3.826 x Kg,https://www.unimarc.cl/yoghito-tetra-soprole-115g-damasco/p,https://unimarc.vtexassets.com/arquivos/ids/250579/000000000650059003-DIS-01.jpg?v=638902678511500000,Bebidas vegetales,Batido,https://www.unimarc.cl/category/lacteos-huevos-y-refrigerados/yoghurt/batido,https://www.unimarc.cl/_next/data/0ucQ92dO_m9T9joH0FjVV/category/lacteos-huevos-y-refrigerados/yoghurt/batido.json?categories=lacteos-huevos-y-refrigerados&categories=yoghurt&categories=batido,2026-02-20T18:40:50
9393,Yoghurt batido Nestlé frutilla 115 g,Nestle,1 un,Kg,290,290,,False,,$2.522 x Kg,$2.522 x Kg,https://www.unimarc.cl/yog-batido-nestle-115-gr-frutilla/p,https://unimarc.vtexassets.com/arquivos/ids/229223/000000000631822001-UN-01.jpg?v=637993044795170000,Bebidas vegetales,Batido,https://www.unimarc.cl/category/lacteos-huevos-y-refrigerados/yoghurt/batido,https://www.unimarc.cl/_next/data/0ucQ92dO_m9T9joH0FjVV/category/lacteos-huevos-y-refrigerados/yoghurt/batido.json?categories=lacteos-huevos-y-refrigerados&categories=yoghurt&categories=batido,2026-02-20T18:40:50
9395,Yoghurt batido Nestlé damasco 115 g,Nestle,1 un,Kg,290,290,,False,,$2.522 x Kg,$2.522 x Kg,https://www.unimarc.cl/yog-batido-nestle-115-gr-damasco/p,https://unimarc.vtexassets.com/arquivos/ids/229227/000000000631822003-UN-01.jpg?v=637993046650270000,Bebidas vegetales,Batido,https://www.unimarc.cl/category/lacteos-huevos-y-refrigerados/yoghurt/batido,https://www.unimarc.cl/_next/data/0ucQ92dO_m9T9joH0FjVV/category/lacteos-huevos-y-refrigerados/yoghurt/batido.json?categories=lacteos-huevos-y-refrigerados&categories=yoghurt&categories=batido,2026-02-20T18:40:50
9394,Yoghurt batido Nestlé vainilla 115 g,Nestle,1 un,Kg,290,290,,False,,$2.522 x Kg,$2.522 x Kg,https://www.unimarc.cl/yog-batido-nestle-115-gr-vainilla/p,https://unimarc.vtexassets.com/arquivos/ids/229225/000000000631822002-UN-01.jpg?v=637993045726500000,Bebidas vegetales,Batido,https://www.unimarc.cl/category/lacteos-huevos-y-refrigerados/yoghurt/batido,https://www.unimarc.cl/_next/data/0ucQ92dO_m9T9joH0FjVV/category/lacteos-huevos-y-refrigerados/yoghurt/batido.json?categories=lacteos-huevos-y-refrigerados&categories=yoghurt&categories=batido,2026-02-20T18:40:50
12867,Yoghurt Calán semidescremada frutilla 110 g,Calan,1 un,Kg,290,290,,False,,$2.636 x Kg,$2.636 x Kg,https://www.unimarc.cl/yogur-semides-frutilla-cars-calan-110-gr/p,https://unimarc.vtexassets.com/arquivos/ids/192868/000000000401693004.jpg?v=637211926250100000,Bebidas vegetales,Batido,https://www.unimarc.cl/category/lacteos-huevos-y-refrigerados/yoghurt/batido,https://www.unimarc.cl/_next/data/0ucQ92dO_m9T9joH0FjVV/category/lacteos-huevos-y-refrigerados/yoghurt/batido.json?categories=lacteos-huevos-y-refrigerados&categories=yoghurt&categories=batido,2026-02-20T18:40:50
12899,Yoghurt Calán semidescremada vainilla 110 g,Calan,1 un,Kg,280,280,,False,,$2.545 x Kg,$2.545 x Kg,https://www.unimarc.cl/yogur-semides-vainilla-cars-calan-110-gr/p,https://unimarc.vtexassets.com/arquivos/ids/192869/000000000401693005.jpg?v=637211926951400000,Bebidas vegetales,Batido,https://www.unimarc.cl/category/lacteos-huevos-y-refrigerados/yoghurt/batido,https://www.unimarc.cl/_next/data/0ucQ92dO_m9T9joH0FjVV/category/lacteos-huevos-y-refrigerados/yoghurt/batido.json?categories=lacteos-huevos-y-refrigerados&categories=yoghurt&categories=batido,2026-02-20T18:40:50
7148,Pack Yogu Yogu Loncoleche mora 6 un de 200 ml,Yogu Yogu,1 un,litro,2890,3540,2890,True,Ahorras $650,$2.408 x litro,$2.950 x litro,https://www.unimarc.cl/yoghurt-yogu-yogu-caja-200-cc-mora-6-un/p,https://unimarc.vtexassets.com/arquivos/ids/227542/000000000400055004-DIS-01.jpg?v=637909191794270000,Bebidas vegetales,Batido,https://www.unimarc.cl/category/lacteos-huevos-y-refrigerados/yoghurt/batido,https://www.unimarc.cl/_next/data/0ucQ92dO_m9T9joH0FjVV/category/lacteos-huevos-y-refrigerados/yoghurt/batido.json?categories=lacteos-huevos-y-refrigerados&categories=yoghurt&categories=batido,2026-02-20T18:40:50
14293,Yoghurt Calán semidescremado chirimoya 110 g,Calan,1 un,Kg,280,280,,False,,$2.545 x Kg,$2.545 x Kg,https://www.unimarc.cl/yogur-semides-chirimoy-cars-calan-110-gr/p,https://unimarc.vtexassets.com/arquivos/ids/192866/000000000401693001.jpg?v=637211920579330000,Bebidas vegetales,Batido,https://www.unimarc.cl/category/lacteos-huevos-y-refrigerados/yoghurt/batido,https://www.unimarc.cl/_next/data/0ucQ92dO_m9T9joH0FjVV/category/lacteos-huevos-y-refrigerados/yoghurt/batido.json?categories=lacteos-huevos-y-refrigerados&categories=yoghurt&categories=batido,2026-02-20T18:40:50
85601,Pack yoghurt colun light 12un 120g,Colun,1 un,Kg,3490,3850,3490,True,Ahorras $360,$2.327 x Kg,$2.567 x Kg,https://www.unimarc.cl/yoghurt-light-pack-colun-12-x-120-gr/p,https://unimarc.vtexassets.com/arquivos/ids/235841/000000000000666189-UN-01.jpg?v=638330788601830000,Bebidas vegetales,Batido,https://www.unimarc.cl/category/lacteos-huevos-y-refrigerados/yoghurt/batido,https://www.unimarc.cl/_next/data/0ucQ92dO_m9T9joH0FjVV/category/lacteos-huevos-y-refrigerados/yoghurt/batido.json?categories=lacteos-huevos-y-refrigerados&categories=yoghurt&categories=batido,2026-02-20T18:40:50
84918,Yoghurt batido Colun light sin azúcar vainilla 120 g,Colun,1 un,Kg,370,370,,False,,$3.083 x Kg,$3.083 x Kg,https://www.unimarc.cl/yog-light-sin-azuc-colun-120g-vainilla/p,https://unimarc.vtexassets.com/arquivos/ids/235031/000000000665559003-UN-01.jpg?v=638265195496100000,Bebidas vegetales,Batido,https://www.unimarc.cl/category/lacteos-huevos-y-refrigerados/yoghurt/batido,https://www.unimarc.cl/_next/data/0ucQ92dO_m9T9joH0FjVV/category/lacteos-huevos-y-refrigerados/yoghurt/batido.json?categories=lacteos-huevos-y-refrigerados&categories=yoghurt&categories=batido,2026-02-20T18:40:50
92065,Yoghurt batido Yoghito frutilla tetra mini 6 un de 75 g,Soprole,1 un,Kg,1650,1980,1650,True,Ahorras $330,$3.667 x Kg,$4.400 x Kg,https://www.unimarc.cl/yoghito-mini-tetra-soprole-75g-frutilla/p,https://unimarc.vtexassets.com/arquivos/ids/250713/000000000684869001-DIS-01.jpg?v=638906291123430000,Bebidas vegetales,Batido,https://www.unimarc.cl/category/lacteos-huevos-y-refrigerados/yoghurt/batido,https://www.unimarc.cl/_next/data/0ucQ92dO_m9T9joH0FjVV/category/lacteos-huevos-y-refrigerados/yoghurt/batido.json?categories=lacteos-huevos-y-refrigerados&categories=yoghurt&categories=batido,2026-02-20T18:40:50
84917,Yoghurt batido Colun light sin azúcar chirimoya 120 g,Colun,1 un,Kg,370,370,,False,,$3.083 x Kg,$3.083 x Kg,https://www.unimarc.cl/yog-light-sin-azuc-colun-120g-chirimoya/p,https://unimarc.vtexassets.com/arquivos/ids/235032/000000000665559002-UN-01.jpg?v=638265197512530000,Bebidas vegetales,Batido,https://www.unimarc.cl/category/lacteos-huevos-y-refrigerados/yoghurt/batido,https://www.unimarc.cl/_next/data/0ucQ92dO_m9T9joH0FjVV/category/lacteos-huevos-y-refrigerados/yoghurt/batido.json?categories=lacteos-huevos-y-refrigerados&categories=yoghurt&categories=batido,2026-02-20T18:40:50
83297,Yogurt batido Yogu Yogu mora 6 un de 115 ml,Watts,1 un,litro,2000,2340,2000,True,Ahorras $340,$2.899 x litro,$3.391 x litro,https://www.unimarc.cl/yog-yoguyogu-tetra-watts-115ml-mora/p,https://unimarc.vtexassets.com/arquivos/ids/250860/000000000662021001-DIS-01.jpg?v=638912357460700000,Bebidas vegetales,Batido,https://www.unimarc.cl/category/lacteos-huevos-y-refrigerados/yoghurt/batido,https://www.unimarc.cl/_next/data/0ucQ92dO_m9T9joH0FjVV/category/lacteos-huevos-y-refrigerados/yoghurt/batido.json?categories=lacteos-huevos-y-refrigerados&categories=yoghurt&categories=batido,2026-02-20T18:40:50
7150,Pack Yogu Yogu Loncoleche frutilla 6 un de 200 ml,Yogu Yogu,1 un,litro,2890,3540,2890,True,Ahorras $650,$2.408 x litro,$2.950 x litro,https://www.unimarc.cl/yoghurt-yogu-yogu-caja-200-cc-frutilla-6-un/p,https://unimarc.vtexassets.com/arquivos/ids/227541/000000000400055005-DIS-01.jpg?v=637909130006400000,Bebidas vegetales,Batido,https://www.unimarc.cl/category/lacteos-huevos-y-refrigerados/yoghurt/batido,https://www.unimarc.cl/_next/data/0ucQ92dO_m9T9joH0FjVV/category/lacteos-huevos-y-refrigerados/yoghurt/batido.json?categories=lacteos-huevos-y-refrigerados&categories=yoghurt&categories=batido,2026-02-20T18:40:50
92067,Yoghurt batido Yoghito vainilla tetra mini 6 un de 75 g,Soprole,1 un,Kg,1650,1980,1650,True,Ahorras $330,$3.667 x Kg,$4.400 x Kg,https://www.unimarc.cl/yoghito-mini-tetra-soprole-75g-vainilla/p,https://unimarc.vtexassets.com/arquivos/ids/250714/000000000684869002-DIS-01.jpg?v=638906291558830000,Bebidas vegetales,Batido,https://www.unimarc.cl/category/lacteos-huevos-y-refrigerados/yoghurt/batido,https://www.unimarc.cl/_next/data/0ucQ92dO_m9T9joH0FjVV/category/lacteos-huevos-y-refrigerados/yoghurt/batido.json?categories=lacteos-huevos-y-refrigerados&categories=yoghurt&categories=batido,2026-02-20T18:40:50
68560,Yoghurt Soprole 1+1 pote 155 g,Soprole,1 un,Kg,540,540,,False,,$3.484 x Kg,$3.484 x Kg,https://www.unimarc.cl/yoghurt-del-1-1-natural-soprole-155-gr/p,https://unimarc.vtexassets.com/arquivos/ids/222660/000000000000645442-UN-01.jpg?v=637762376282900000,Bebidas vegetales,Batido,https://www.unimarc.cl/category/lacteos-huevos-y-refrigerados/yoghurt/batido,https://www.unimarc.cl/_next/data/0ucQ92dO_m9T9joH0FjVV/category/lacteos-huevos-y-refrigerados/yoghurt/batido.json?categories=lacteos-huevos-y-refrigerados&categories=yoghurt&categories=batido,2026-02-20T18:40:50
83299,Yogurt batido Yogu Yogu frutilla 6 un de 115 ml,Watts,1 un,litro,2000,2340,2000,True,Ahorras $340,$2.899 x litro,$3.391 x litro,https://www.unimarc.cl/yog-yoguyogu-tetra-watts-115ml-frutilla/p,https://unimarc.vtexassets.com/arquivos/ids/250861/000000000662021002-DIS-01.jpg?v=638912358904100000,Bebidas vegetales,Batido,https://www.unimarc.cl/category/lacteos-huevos-y-refrigerados/yoghurt/batido,https://www.unimarc.cl/_next/data/0ucQ92dO_m9T9joH0FjVV/category/lacteos-huevos-y-refrigerados/yoghurt/batido.json?categories=lacteos-huevos-y-refrigerados&categories=yoghurt&categories=batido,2026-02-20T18:40:50
402,Yoghurt batido Soprole natural 155 g Yoghurt batido Soprole sabor natural pote 155 g,Soprole,1 un,Kg,490,490,,False,,$3.161 x Kg,$3.161 x Kg,https://www.unimarc.cl/yoghurt-soprole-natural-155-g/p,https://unimarc.vtexassets.com/arquivos/ids/178448/000000000000052483-UN.jpg?v=636710554910130000,Bebidas vegetales,Batido,https://www.unimarc.cl/category/lacteos-huevos-y-refrigerados/yoghurt/batido,https://www.unimarc.cl/_next/data/0ucQ92dO_m9T9joH0FjVV/category/lacteos-huevos-y-refrigerados/yoghurt/batido.json?categories=lacteos-huevos-y-refrigerados&categories=yoghurt&categories=batido,2026-02-20T18:40:50
12302,Pack Yogu Yogu loncoleche chirimoya 6 un de 200 ml,Yogu Yogu,1 un,litro,2890,3540,2890,True,Ahorras $650,$2.408 x litro,$2.950 x litro,https://www.unimarc.cl/yogu-yogu-chirimoya-200-cc-pack-6-u/p,https://unimarc.vtexassets.com/arquivos/ids/233759/000000000000516543-DIS-01.jpg?v=638210612860100000,Bebidas vegetales,Batido,https://www.unimarc.cl/category/lacteos-huevos-y-refrigerados/yoghurt/batido,https://www.unimarc.cl/_next/data/0ucQ92dO_m9T9joH0FjVV/category/lacteos-huevos-y-refrigerados/yoghurt/batido.json?categories=lacteos-huevos-y-refrigerados&categories=yoghurt&categories=batido,2026-02-20T18:40:50
87525,Pack Yoghurt batido Los Alerces surtido 12 un de 125 g,Los Alerces,1 un,Kg,2590,3060,2590,True,Ahorras $470,$1.799 x Kg,$2.125 x Kg,https://www.unimarc.cl/pack-yoghurt-sabores-los-alerces-12x200g/p,https://unimarc.vtexassets.com/arquivos/ids/249017/000000000000669142-UN-01.jpg?v=638838763380030000,Bebidas vegetales,Batido,https://www.unimarc.cl/category/lacteos-huevos-y-refrigerados/yoghurt/batido,https://www.unimarc.cl/_next/data/0ucQ92dO_m9T9joH0FjVV/category/lacteos-huevos-y-refrigerados/yoghurt/batido.json?categories=lacteos-huevos-y-refrigerados&categories=yoghurt&categories=batido,2026-02-20T18:40:50
69400,Yoghurt batido Colun natural no endulzado sin lactosa 120 g,Colun,1 un,Kg,460,460,,False,,$3.833 x Kg,$3.833 x Kg,https://www.unimarc.cl/yoghurt-natural-no-endulzado-colun-120g/p,https://unimarc.vtexassets.com/arquivos/ids/242871/000000000000645166-UN-01.jpg?v=638563896803370000,Bebidas vegetales,Batido,https://www.unimarc.cl/category/lacteos-huevos-y-refrigerados/yoghurt/batido,https://www.unimarc.cl/_next/data/0ucQ92dO_m9T9joH0FjVV/category/lacteos-huevos-y-refrigerados/yoghurt/batido.json?categories=lacteos-huevos-y-refrigerados&categories=yoghurt&categories=batido,2026-02-20T18:40:50
85928,Yoghurt batido Colun light frambuesa 120 g,Colun,1 un,Kg,370,370,,False,,$3.083 x Kg,$3.083 x Kg,https://www.unimarc.cl/yoghurt-light-colun-120gr-frambuesa/p,https://unimarc.vtexassets.com/arquivos/ids/236164/000000000666191003-UN-01.jpg?v=638338623293000000,Bebidas vegetales,Batido,https://www.unimarc.cl/category/lacteos-huevos-y-refrigerados/yoghurt/batido,https://www.unimarc.cl/_next/data/0ucQ92dO_m9T9joH0FjVV/category/lacteos-huevos-y-refrigerados/yoghurt/batido.json?categories=lacteos-huevos-y-refrigerados&categories=yoghurt&categories=batido,2026-02-20T18:40:50
11761,Yoghurt batido Soprole Zerolacto sin lactosa frutilla pote 120 g,Soprole,1 un,Kg,390,390,,False,,$3.250 x Kg,$3.250 x Kg,https://www.unimarc.cl/yoghurt-batido-zero-lacto-sopr-frutilla-2/p,https://unimarc.vtexassets.com/arquivos/ids/233343/000000000775907001-UN-01.jpg?v=638198668128630000,Bebidas vegetales,Batido,https://www.unimarc.cl/category/lacteos-huevos-y-refrigerados/yoghurt/batido,https://www.unimarc.cl/_next/data/0ucQ92dO_m9T9joH0FjVV/category/lacteos-huevos-y-refrigerados/yoghurt/batido.json?categories=lacteos-huevos-y-refrigerados&categories=yoghurt&categories=batido,2026-02-20T18:40:50
90991,Yoghurt batido Soprole natural 3 ingredientes 155 g,Soprole,1 un,Kg,390,390,,False,,$3.250 x Kg,$3.250 x Kg,https://www.unimarc.cl/yoghurt-natural-3-ingredie-soprole-155gr/p,https://unimarc.vtexassets.com/arquivos/ids/254423/000000000000674932-UN-01.jpg?v=639016836378200000,Bebidas vegetales,Batido,https://www.unimarc.cl/category/lacteos-huevos-y-refrigerados/yoghurt/batido,https://www.unimarc.cl/_next/data/0ucQ92dO_m9T9joH0FjVV/category/lacteos-huevos-y-refrigerados/yoghurt/batido.json?categories=lacteos-huevos-y-refrigerados&categories=yoghurt&categories=batido,2026-02-20T18:40:50
11762,Yoghurt sin lactosa Soprole vainilla 120 g Yoghurt batido sin lactosa Soprole Zerolacto sabor vainilla pote 120 g,Soprole,1 un,Kg,390,390,,False,,$3.250 x Kg,$3.250 x Kg,https://www.unimarc.cl/yoghurt-batido-zero-lacto-sopr-vainilla-2/p,https://unimarc.vtexassets.com/arquivos/ids/233345/000000000775907002-UN-01.jpg?v=638198669876830000,Bebidas vegetales,Batido,https://www.unimarc.cl/category/lacteos-huevos-y-refrigerados/yoghurt/batido,https://www.unimarc.cl/_next/data/0ucQ92dO_m9T9joH0FjVV/category/lacteos-huevos-y-refrigerados/yoghurt/batido.json?categories=lacteos-huevos-y-refrigerados&categories=yoghurt&categories=batido,2026-02-20T18:40:50
85929,Yoghurt batido Colun light mora 120 g,Colun,1 un,Kg,370,370,,False,,$3.083 x Kg,$3.083 x Kg,https://www.unimarc.cl/yoghurt-light-colun-120gr-mora/p,https://unimarc.vtexassets.com/arquivos/ids/236165/000000000666191004-UN-01.jpg?v=638338623295800000,Bebidas vegetales,Batido,https://www.unimarc.cl/category/lacteos-huevos-y-refrigerados/yoghurt/batido,https://www.unimarc.cl/_next/data/0ucQ92dO_m9T9joH0FjVV/category/lacteos-huevos-y-refrigerados/yoghurt/batido.json?categories=lacteos-huevos-y-refrigerados&categories=yoghurt&categories=batido,2026-02-20T18:40:50
7627,Yoghurt Soprole sin azúcar frutilla 120 g Yoghurt Soprole sin azúcar frutilla pote 120 g,Soprole,1 un,Kg,360,360,,False,,$3.000 x Kg,$3.000 x Kg,https://www.unimarc.cl/yoghurt-light-soprole-120-gr-frutilla/p,https://unimarc.vtexassets.com/arquivos/ids/247729/000000000836323002-UN-01.jpg.jpg?v=638792204414900000,Bebidas vegetales,Batido,https://www.unimarc.cl/category/lacteos-huevos-y-refrigerados/yoghurt/batido,https://www.unimarc.cl/_next/data/0ucQ92dO_m9T9joH0FjVV/category/lacteos-huevos-y-refrigerados/yoghurt/batido.json?categories=lacteos-huevos-y-refrigerados&categories=yoghurt&categories=batido,2026-02-20T18:40:50
85603,Yoghurt light colun vainilla 120g,Colun,1 un,Kg,370,370,,False,,$3.083 x Kg,$3.083 x Kg,https://www.unimarc.cl/yoghurt-light-colun-120gr-vainilla/p,https://unimarc.vtexassets.com/arquivos/ids/236138/000000000666191005-UN-01.jpg?v=638338607328800000,Bebidas vegetales,Batido,https://www.unimarc.cl/category/lacteos-huevos-y-refrigerados/yoghurt/batido,https://www.unimarc.cl/_next/data/0ucQ92dO_m9T9joH0FjVV/category/lacteos-huevos-y-refrigerados/yoghurt/batido.json?categories=lacteos-huevos-y-refrigerados&categories=yoghurt&categories=batido,2026-02-20T18:40:50
41671,Yoghurt batido Soprole surtido 12 un de 120 g Pack Yoghurt Soprole batido surtido 12 un de 120 g,Soprole,1 un,Kg,3450,3450,,False,,$2.396 x Kg,$2.396 x Kg,https://www.unimarc.cl/pack-yoghurt-batido-soprole-12x120-gr/p,https://unimarc.vtexassets.com/arquivos/ids/222655/000000000000632888-UN-01.jpg?v=637762373510800000,Bebidas vegetales,Batido,https://www.unimarc.cl/category/lacteos-huevos-y-refrigerados/yoghurt/batido,https://www.unimarc.cl/_next/data/0ucQ92dO_m9T9joH0FjVV/category/lacteos-huevos-y-refrigerados/yoghurt/batido.json?categories=lacteos-huevos-y-refrigerados&categories=yoghurt&categories=batido,2026-02-20T18:40:50
984,Pack Yoghurt Calán surtido 12 un de 110 g,Calan,1 un,Kg,2990,2990,,False,,$2.265 x Kg,$2.265 x Kg,https://www.unimarc.cl/yoghurt-calan-surtido-pack-12-u-cars-x-110-g/p,https://unimarc.vtexassets.com/arquivos/ids/227467/000000000000346775-UN-01.jpg?v=637908344285800000,Bebidas vegetales,Batido,https://www.unimarc.cl/category/lacteos-huevos-y-refrigerados/yoghurt/batido,https://www.unimarc.cl/_next/data/0ucQ92dO_m9T9joH0FjVV/category/lacteos-huevos-y-refrigerados/yoghurt/batido.json?categories=lacteos-huevos-y-refrigerados&categories=yoghurt&categories=batido,2026-02-20T18:40:50
7629,Yoghurt Soprole sin azúcar vainilla 120 g Yoghurt Soprole sin azúcar vainilla pote 120 g,Soprole,1 un,Kg,360,360,,False,,$3.000 x Kg,$3.000 x Kg,https://www.unimarc.cl/yoghurt-light-soprole-120-gr-vainilla/p,https://unimarc.vtexassets.com/arquivos/ids/247730/000000000836323004-UN-01.jpg.jpg?v=638792205403070000,Bebidas vegetales,Batido,https://www.unimarc.cl/category/lacteos-huevos-y-refrigerados/yoghurt/batido,https://www.unimarc.cl/_next/data/0ucQ92dO_m9T9joH0FjVV/category/lacteos-huevos-y-refrigerados/yoghurt/batido.json?page=2&categories=lacteos-huevos-y-refrigerados&categories=yoghurt&categories=batido,2026-02-20T18:40:54
11763,Yoghurt sin lactosa Soprole chirimoya 120 g Yoghurt batido Soprole Zerolacto sin lactosa sabor chirimoya pote 120 g,Soprole,1 un,Kg,390,390,,False,,$3.250 x Kg,$3.250 x Kg,https://www.unimarc.cl/yoghurt-batido-zero-lacto-sop-chirimoya/p,https://unimarc.vtexassets.com/arquivos/ids/233347/000000000775907003-UN-01.jpg?v=638198671185330000,Bebidas vegetales,Batido,https://www.unimarc.cl/category/lacteos-huevos-y-refrigerados/yoghurt/batido,https://www.unimarc.cl/_next/data/0ucQ92dO_m9T9joH0FjVV/category/lacteos-huevos-y-refrigerados/yoghurt/batido.json?page=2&categories=lacteos-huevos-y-refrigerados&categories=yoghurt&categories=batido,2026-02-20T18:40:54
7347,Yoghurt batido Soprole chirimoya 165 g Yoghurt batido Soprole sabor chirimoya pote 165 g,Soprole,1 un,Kg,560,560,,False,,$3.394 x Kg,$3.394 x Kg,https://www.unimarc.cl/yoghurt-batido-soprole-165-gr-chirimoya/p,https://unimarc.vtexassets.com/arquivos/ids/190477/000000000401672002-UN-01.jpg?v=637133918597570000,Bebidas vegetales,Batido,https://www.unimarc.cl/category/lacteos-huevos-y-refrigerados/yoghurt/batido,https://www.unimarc.cl/_next/data/0ucQ92dO_m9T9joH0FjVV/category/lacteos-huevos-y-refrigerados/yoghurt/batido.json?page=2&categories=lacteos-huevos-y-refrigerados&categories=yoghurt&categories=batido,2026-02-20T18:40:54
85629,Yoghurt light colun frutilla 120g,Colun,1 un,Kg,370,370,,False,,$3.083 x Kg,$3.083 x Kg,https://www.unimarc.cl/yoghurt-light-colun-120gr-frutilla/p,https://unimarc.vtexassets.com/arquivos/ids/236137/000000000666191001-UN-01.jpg?v=638338607321030000,Bebidas vegetales,Batido,https://www.unimarc.cl/category/lacteos-huevos-y-refrigerados/yoghurt/batido,https://www.unimarc.cl/_next/data/0ucQ92dO_m9T9joH0FjVV/category/lacteos-huevos-y-refrigerados/yoghurt/batido.json?page=2&categories=lacteos-huevos-y-refrigerados&categories=yoghurt&categories=batido,2026-02-20T18:40:54
91254,Yogurt griego Oikos miel 110 g,Oikos,1 un,Kg,400,400,,False,,$3.636 x Kg,$3.636 x Kg,https://www.unimarc.cl/yoghurt-griego-oikos-110gr-miel/p,https://unimarc.vtexassets.com/arquivos/ids/248060/000000000636646006-UN-01.jpg?v=638799783220730000,Bebidas vegetales,Batido,https://www.unimarc.cl/category/lacteos-huevos-y-refrigerados/yoghurt/batido,https://www.unimarc.cl/_next/data/0ucQ92dO_m9T9joH0FjVV/category/lacteos-huevos-y-refrigerados/yoghurt/batido.json?page=2&categories=lacteos-huevos-y-refrigerados&categories=yoghurt&categories=batido,2026-02-20T18:40:54
75428,Yoghurt batido Yoghito Soprole vainilla tetra 115 g,Soprole,1 un,Kg,440,440,,False,,$3.826 x Kg,$3.826 x Kg,https://www.unimarc.cl/yoghito-tetra-soprole-115g-vainilla/p,https://unimarc.vtexassets.com/arquivos/ids/215967/000000000650059002-UN-01.jpg?v=637584218447270000,Bebidas vegetales,Batido,https://www.unimarc.cl/category/lacteos-huevos-y-refrigerados/yoghurt/batido,https://www.unimarc.cl/_next/data/0ucQ92dO_m9T9joH0FjVV/category/lacteos-huevos-y-refrigerados/yoghurt/batido.json?page=2&categories=lacteos-huevos-y-refrigerados&categories=yoghurt&categories=batido,2026-02-20T18:40:54
89243,Yoghurt batido Soprole con avena 155 g,Soprole,1 un,Kg,550,550,,False,,$3.548 x Kg,$3.548 x Kg,https://www.unimarc.cl/yoghurt-con-avena-soprole-155-gr/p,https://unimarc.vtexassets.com/arquivos/ids/244853/000000000000671609-UN-01.jpg?v=638653808562330000,Bebidas vegetales,Batido,https://www.unimarc.cl/category/lacteos-huevos-y-refrigerados/yoghurt/batido,https://www.unimarc.cl/_next/data/0ucQ92dO_m9T9joH0FjVV/category/lacteos-huevos-y-refrigerados/yoghurt/batido.json?page=2&categories=lacteos-huevos-y-refrigerados&categories=yoghurt&categories=batido,2026-02-20T18:40:54
7346,Yoghurt batido Soprole frutilla 165 g Yoghurt batido Soprole sabor frutilla pote 165 g,Soprole,1 un,Kg,560,560,,False,,$3.394 x Kg,$3.394 x Kg,https://www.unimarc.cl/yoghurt-batido-soprole-165-gr-frutilla/p,https://unimarc.vtexassets.com/arquivos/ids/190476/000000000401672001-UN-01.jpg?v=637133917804830000,Bebidas vegetales,Batido,https://www.unimarc.cl/category/lacteos-huevos-y-refrigerados/yoghurt/batido,https://www.unimarc.cl/_next/data/0ucQ92dO_m9T9joH0FjVV/category/lacteos-huevos-y-refrigerados/yoghurt/batido.json?page=2&categories=lacteos-huevos-y-refrigerados&categories=yoghurt&categories=batido,2026-02-20T18:40:54
86392,Yoghurt batido Colun light sin lactosa frutilla 120 g,Colun,1 un,Kg,390,390,,False,,$3.250 x Kg,$3.250 x Kg,https://www.unimarc.cl/yog-light-s-lac-colun-120gr-frutilla/p,https://unimarc.vtexassets.com/arquivos/ids/239503/000000000666190001-UN-01.jpg?v=638512304391270000,Bebidas vegetales,Batido,https://www.unimarc.cl/category/lacteos-huevos-y-refrigerados/yoghurt/batido,https://www.unimarc.cl/_next/data/0ucQ92dO_m9T9joH0FjVV/category/lacteos-huevos-y-refrigerados/yoghurt/batido.json?page=2&categories=lacteos-huevos-y-refrigerados&categories=yoghurt&categories=batido,2026-02-20T18:40:54
85927,Yoghurt batido Colun light sin lactosa chirimoya 120 g,Colun,1 un,Kg,390,390,,False,,$3.250 x Kg,$3.250 x Kg,https://www.unimarc.cl/yog-light-s-lac-colun-120gr-chirimoya/p,https://unimarc.vtexassets.com/arquivos/ids/236163/000000000666190003-UN-01.jpg?v=638338623289230000,Bebidas vegetales,Batido,https://www.unimarc.cl/category/lacteos-huevos-y-refrigerados/yoghurt/batido,https://www.unimarc.cl/_next/data/0ucQ92dO_m9T9joH0FjVV/category/lacteos-huevos-y-refrigerados/yoghurt/batido.json?page=2&categories=lacteos-huevos-y-refrigerados&categories=yoghurt&categories=batido,2026-02-20T18:40:54
895,Yoghurt Pucará casero natural 210 g,Pucara,1 un,Kg,1690,1690,,False,,$8.048 x Kg,$8.048 x Kg,https://www.unimarc.cl/yoghurt-casero-natural-pucara-210-g/p,https://unimarc.vtexassets.com/arquivos/ids/183350/000000000000218460-UN.jpg?v=636874761498000000,Bebidas vegetales,Batido,https://www.unimarc.cl/category/lacteos-huevos-y-refrigerados/yoghurt/batido,https://www.unimarc.cl/_next/data/0ucQ92dO_m9T9joH0FjVV/category/lacteos-huevos-y-refrigerados/yoghurt/batido.json?page=2&categories=lacteos-huevos-y-refrigerados&categories=yoghurt&categories=batido,2026-02-20T18:40:54
1774,Yoghurt batido Soprole vainilla 165 g Yoghurt batido Soprole sabor vainilla pote 165 g,Soprole,1 un,Kg,560,560,,False,,$3.394 x Kg,$3.394 x Kg,https://www.unimarc.cl/yoghurt-soprole-vainilla-165-g/p,https://unimarc.vtexassets.com/arquivos/ids/190478/000000000401672005-UN-01.jpg?v=637133922193870000,Bebidas vegetales,Batido,https://www.unimarc.cl/category/lacteos-huevos-y-refrigerados/yoghurt/batido,https://www.unimarc.cl/_next/data/0ucQ92dO_m9T9joH0FjVV/category/lacteos-huevos-y-refrigerados/yoghurt/batido.json?page=2&categories=lacteos-huevos-y-refrigerados&categories=yoghurt&categories=batido,2026-02-20T18:40:54
63969,Yoghurt Soprole sin azúcar vainilla 155 g Yoghurt Soprole sin azúcar vainilla pote 155 g,Soprole,1 un,Kg,660,660,,False,,$4.258 x Kg,$4.258 x Kg,https://www.unimarc.cl/yoghurt-light-soprole-155-gr-vainilla/p,https://unimarc.vtexassets.com/arquivos/ids/247727/000000000640402002-UN-01.jpg.jpg?v=638792199515370000,Bebidas vegetales,Batido,https://www.unimarc.cl/category/lacteos-huevos-y-refrigerados/yoghurt/batido,https://www.unimarc.cl/_next/data/0ucQ92dO_m9T9joH0FjVV/category/lacteos-huevos-y-refrigerados/yoghurt/batido.json?page=2&categories=lacteos-huevos-y-refrigerados&categories=yoghurt&categories=batido,2026-02-20T18:40:54
75427,Yoghurt batido Yoghito Soprole frutilla tetra 115 g,Soprole,1 un,Kg,440,440,,False,,$3.826 x Kg,$3.826 x Kg,https://www.unimarc.cl/yoghito-tetra-soprole-115g-frutilla/p,https://unimarc.vtexassets.com/arquivos/ids/215954/000000000650059001-UN-01.jpg?v=637584155755270000,Bebidas vegetales,Batido,https://www.unimarc.cl/category/lacteos-huevos-y-refrigerados/yoghurt/batido,https://www.unimarc.cl/_next/data/0ucQ92dO_m9T9joH0FjVV/category/lacteos-huevos-y-refrigerados/yoghurt/batido.json?page=2&categories=lacteos-huevos-y-refrigerados&categories=yoghurt&categories=batido,2026-02-20T18:40:54
92064,Yoghurt batido Yoghito frambuesa tetra 115 g,Soprole,1 un,Kg,440,440,,False,,$3.826 x Kg,$3.826 x Kg,https://www.unimarc.cl/yoghito-tetra-soprole-115g-frambuesa-2/p,https://unimarc.vtexassets.com/arquivos/ids/250712/000000000650059004-UN-01.jpg?v=638906288967600000,Bebidas vegetales,Batido,https://www.unimarc.cl/category/lacteos-huevos-y-refrigerados/yoghurt/batido,https://www.unimarc.cl/_next/data/0ucQ92dO_m9T9joH0FjVV/category/lacteos-huevos-y-refrigerados/yoghurt/batido.json?page=2&categories=lacteos-huevos-y-refrigerados&categories=yoghurt&categories=batido,2026-02-20T18:40:54
86134,Yoghurt batido Colun light sin lactosa vainilla 120 g,Colun,1 un,Kg,390,390,,False,,$3.250 x Kg,$3.250 x Kg,https://www.unimarc.cl/yog-light-s-lac-colun-120gr-vainilla/p,https://unimarc.vtexassets.com/arquivos/ids/239504/000000000666190002-UN-01.jpg?v=638512304393600000,Bebidas vegetales,Batido,https://www.unimarc.cl/category/lacteos-huevos-y-refrigerados/yoghurt/batido,https://www.unimarc.cl/_next/data/0ucQ92dO_m9T9joH0FjVV/category/lacteos-huevos-y-refrigerados/yoghurt/batido.json?page=2&categories=lacteos-huevos-y-refrigerados&categories=yoghurt&categories=batido,2026-02-20T18:40:54
92062,Yoghurt batido Yoghito damasco tetra 115 g,Soprole,1 un,Kg,440,440,,False,,$3.826 x Kg,$3.826 x Kg,https://www.unimarc.cl/yoghito-tetra-soprole-115g-damasco-2/p,https://unimarc.vtexassets.com/arquivos/ids/250711/000000000650059003-UN-01.jpg?v=638906288441430000,Bebidas vegetales,Batido,https://www.unimarc.cl/category/lacteos-huevos-y-refrigerados/yoghurt/batido,https://www.unimarc.cl/_next/data/0ucQ92dO_m9T9joH0FjVV/category/lacteos-huevos-y-refrigerados/yoghurt/batido.json?page=2&categories=lacteos-huevos-y-refrigerados&categories=yoghurt&categories=batido,2026-02-20T18:40:54
63968,Yoghurt Soprole sin azúcar frutilla 155 g Yoghurt Soprole sin azúcar frutilla pote155 g,Soprole,1 un,Kg,660,660,,False,,$4.258 x Kg,$4.258 x Kg,https://www.unimarc.cl/yoghurt-light-soprole-155-gr-frutilla/p,https://unimarc.vtexassets.com/arquivos/ids/247726/000000000640402001-UN-01.jpg.jpg?v=638792199336230000,Bebidas vegetales,Batido,https://www.unimarc.cl/category/lacteos-huevos-y-refrigerados/yoghurt/batido,https://www.unimarc.cl/_next/data/0ucQ92dO_m9T9joH0FjVV/category/lacteos-huevos-y-refrigerados/yoghurt/batido.json?page=2&categories=lacteos-huevos-y-refrigerados&categories=yoghurt&categories=batido,2026-02-20T18:40:54
75766,Yoghurt clásico Artisan natural 360 g,Artisan,1 un,Kg,2550,2550,,False,,$7.083 x Kg,$7.083 x Kg,https://www.unimarc.cl/yogurt-clasico-artisan-360-gr-natural/p,https://unimarc.vtexassets.com/arquivos/ids/221098/000000000649271001-UN-01.jpg?v=637703404305600000,Bebidas vegetales,Batido,https://www.unimarc.cl/category/lacteos-huevos-y-refrigerados/yoghurt/batido,https://www.unimarc.cl/_next/data/0ucQ92dO_m9T9joH0FjVV/category/lacteos-huevos-y-refrigerados/yoghurt/batido.json?page=2&categories=lacteos-huevos-y-refrigerados&categories=yoghurt&categories=batido,2026-02-20T18:40:54
59593,Yoghurt Soprole proteína trozos frutilla 155 g Yoghurt Soprole Protein+ frutilla con trozos de fruta pote 155 g,Soprole,1 un,Kg,790,790,,False,,$5.097 x Kg,$5.097 x Kg,https://www.unimarc.cl/yog-protein-troz-soprole-155gr-frutilla/p,https://unimarc.vtexassets.com/arquivos/ids/223236/000000000638544001-UN-01.jpg?v=637781067974370000,Bebidas vegetales,Proteína,https://www.unimarc.cl/category/lacteos-huevos-y-refrigerados/yoghurt/proteina,https://www.unimarc.cl/_next/data/0ucQ92dO_m9T9joH0FjVV/category/lacteos-huevos-y-refrigerados/yoghurt/proteina.json?categories=lacteos-huevos-y-refrigerados&categories=yoghurt&categories=proteina,2026-02-20T18:41:03
83194,Yoghurt Soprole proteína frutos secos 155 g Yoghurt Soprole protein+ frutos secos pote 155 g,Soprole,1 un,Kg,790,790,,False,,$5.097 x Kg,$5.097 x Kg,https://www.unimarc.cl/yog-protein-soprole-155gr-frutos-secos/p,https://unimarc.vtexassets.com/arquivos/ids/231027/000000000662961001-UN-01.jpg?v=638053265474370000,Bebidas vegetales,Proteína,https://www.unimarc.cl/category/lacteos-huevos-y-refrigerados/yoghurt/proteina,https://www.unimarc.cl/_next/data/0ucQ92dO_m9T9joH0FjVV/category/lacteos-huevos-y-refrigerados/yoghurt/proteina.json?categories=lacteos-huevos-y-refrigerados&categories=yoghurt&categories=proteina,2026-02-20T18:41:03
89472,Yoghurt Colun protein plus sin azúcar frutilla 150 g,Colun,1 un,Kg,750,750,,False,,$5.000 x Kg,$5.000 x Kg,https://www.unimarc.cl/yog-protein-plus-s-a-colun-150-frutilla/p,https://unimarc.vtexassets.com/arquivos/ids/245353/000000000672331001-UN-01.jpg?v=638670373216770000,Bebidas vegetales,Proteína,https://www.unimarc.cl/category/lacteos-huevos-y-refrigerados/yoghurt/proteina,https://www.unimarc.cl/_next/data/0ucQ92dO_m9T9joH0FjVV/category/lacteos-huevos-y-refrigerados/yoghurt/proteina.json?categories=lacteos-huevos-y-refrigerados&categories=yoghurt&categories=proteina,2026-02-20T18:41:03
68722,Yoghurt Colun protein plus sin lactosa frutilla plátano 150 g,Colun,1 un,Kg,690,690,,False,,$4.600 x Kg,$4.600 x Kg,https://www.unimarc.cl/yog-protein-plus-colun-frutilla-platano-2/p,https://unimarc.vtexassets.com/arquivos/ids/229626/000000000645713001-UN-01.jpg?v=638000770121470000,Bebidas vegetales,Proteína,https://www.unimarc.cl/category/lacteos-huevos-y-refrigerados/yoghurt/proteina,https://www.unimarc.cl/_next/data/0ucQ92dO_m9T9joH0FjVV/category/lacteos-huevos-y-refrigerados/yoghurt/proteina.json?categories=lacteos-huevos-y-refrigerados&categories=yoghurt&categories=proteina,2026-02-20T18:41:03
79208,Yoghurt griego Quillayes protein natural pote 800 g,Quillayes,1 un,Kg,4890,4890,,False,,$6.113 x Kg,$6.113 x Kg,https://www.unimarc.cl/yog-grie-prot-n-e-quillay-800g-natural/p,https://unimarc.vtexassets.com/arquivos/ids/245874/000000000653191001-UN-01.jpg?v=638695465840570000,Bebidas vegetales,Proteína,https://www.unimarc.cl/category/lacteos-huevos-y-refrigerados/yoghurt/proteina,https://www.unimarc.cl/_next/data/0ucQ92dO_m9T9joH0FjVV/category/lacteos-huevos-y-refrigerados/yoghurt/proteina.json?categories=lacteos-huevos-y-refrigerados&categories=yoghurt&categories=proteina,2026-02-20T18:41:03
72571,Yoghurt Soprole proteína trozos mango maracuyá 155 g Yoghurt Soprole Protein+ mango maracuyá con trozos de fruta pote 155 g,Soprole,1 un,Kg,790,790,,False,,$5.097 x Kg,$5.097 x Kg,https://www.unimarc.cl/yog-protein-tro-sop-155g-mango-maracuya/p,https://unimarc.vtexassets.com/arquivos/ids/223238/000000000638544004-UN-01.jpg?v=637781072448400000,Bebidas vegetales,Proteína,https://www.unimarc.cl/category/lacteos-huevos-y-refrigerados/yoghurt/proteina,https://www.unimarc.cl/_next/data/0ucQ92dO_m9T9joH0FjVV/category/lacteos-huevos-y-refrigerados/yoghurt/proteina.json?categories=lacteos-huevos-y-refrigerados&categories=yoghurt&categories=proteina,2026-02-20T18:41:03
89473,Yoghurt Colun protein plus sin azúcar chirimoya 150 g,Colun,1 un,Kg,750,750,,False,,$5.000 x Kg,$5.000 x Kg,https://www.unimarc.cl/yog-protein-plus-s-a-colun-15-chirimoya/p,https://unimarc.vtexassets.com/arquivos/ids/245354/000000000672331002-UN-01.jpg?v=638670373535630000,Bebidas vegetales,Proteína,https://www.unimarc.cl/category/lacteos-huevos-y-refrigerados/yoghurt/proteina,https://www.unimarc.cl/_next/data/0ucQ92dO_m9T9joH0FjVV/category/lacteos-huevos-y-refrigerados/yoghurt/proteina.json?categories=lacteos-huevos-y-refrigerados&categories=yoghurt&categories=proteina,2026-02-20T18:41:03
90996,Yoghurt Soprole protein trozo arándano y frutilla 155 g,Soprole,1 un,Kg,790,790,,False,,$5.097 x Kg,$5.097 x Kg,https://www.unimarc.cl/yog-protein-tro-sop-155g-arandano-fruti/p,https://unimarc.vtexassets.com/arquivos/ids/247294/000000000638544005-UN-01.jpg.jpg?v=638768077496970000,Bebidas vegetales,Proteína,https://www.unimarc.cl/category/lacteos-huevos-y-refrigerados/yoghurt/proteina,https://www.unimarc.cl/_next/data/0ucQ92dO_m9T9joH0FjVV/category/lacteos-huevos-y-refrigerados/yoghurt/proteina.json?categories=lacteos-huevos-y-refrigerados&categories=yoghurt&categories=proteina,2026-02-20T18:41:03
89474,Yoghurt Colun protein plus sin azúcar natural 150 g,Colun,1 un,Kg,750,750,,False,,$5.000 x Kg,$5.000 x Kg,https://www.unimarc.cl/yog-protein-plus-s-a-colun-150g-natural/p,https://unimarc.vtexassets.com/arquivos/ids/245355/000000000672331003-UN-01.jpg?v=638670374577970000,Bebidas vegetales,Proteína,https://www.unimarc.cl/category/lacteos-huevos-y-refrigerados/yoghurt/proteina,https://www.unimarc.cl/_next/data/0ucQ92dO_m9T9joH0FjVV/category/lacteos-huevos-y-refrigerados/yoghurt/proteina.json?categories=lacteos-huevos-y-refrigerados&categories=yoghurt&categories=proteina,2026-02-20T18:41:03
41643,Yoghurt Soprole proteína natural 155 g Yoghurt Soprole Protein+ natural endulzado pote 155 g,Soprole,1 un,Kg,730,730,,False,,$4.710 x Kg,$4.710 x Kg,https://www.unimarc.cl/yog-protein-soprole-natural-endulzado/p,https://unimarc.vtexassets.com/arquivos/ids/223232/000000000634207002-UN-01.jpg?v=637781065115330000,Bebidas vegetales,Proteína,https://www.unimarc.cl/category/lacteos-huevos-y-refrigerados/yoghurt/proteina,https://www.unimarc.cl/_next/data/0ucQ92dO_m9T9joH0FjVV/category/lacteos-huevos-y-refrigerados/yoghurt/proteina.json?categories=lacteos-huevos-y-refrigerados&categories=yoghurt&categories=proteina,2026-02-20T18:41:03
41642,Yoghurt Soprole proteína frutilla 155 g Yoghurt Soprole Protein+ sabor frutilla pote 155 g,Soprole,1 un,Kg,730,730,,False,,$4.710 x Kg,$4.710 x Kg,https://www.unimarc.cl/yog-protein-soprole-155-gr-frutilla/p,https://unimarc.vtexassets.com/arquivos/ids/223231/000000000634207001-UN-01.jpg?v=637781064315800000,Bebidas vegetales,Proteína,https://www.unimarc.cl/category/lacteos-huevos-y-refrigerados/yoghurt/proteina,https://www.unimarc.cl/_next/data/0ucQ92dO_m9T9joH0FjVV/category/lacteos-huevos-y-refrigerados/yoghurt/proteina.json?categories=lacteos-huevos-y-refrigerados&categories=yoghurt&categories=proteina,2026-02-20T18:41:03
83195,Yoghurt Soprole proteína trozos kiwi plátano manzana 155 g Yoghurt Soprole protein+ kiwi plátano manzana pote 155 g,Soprole,1 un,Kg,790,790,,False,,$5.097 x Kg,$5.097 x Kg,https://www.unimarc.cl/yog-protein-soprole-155-kiwi-plat-manz/p,https://unimarc.vtexassets.com/arquivos/ids/231028/000000000662961002-UN-01.jpg?v=638053268947300000,Bebidas vegetales,Proteína,https://www.unimarc.cl/category/lacteos-huevos-y-refrigerados/yoghurt/proteina,https://www.unimarc.cl/_next/data/0ucQ92dO_m9T9joH0FjVV/category/lacteos-huevos-y-refrigerados/yoghurt/proteina.json?categories=lacteos-huevos-y-refrigerados&categories=yoghurt&categories=proteina,2026-02-20T18:41:03
68724,Yoghurt Colun protein plus sin lactosa vainilla 150 g,Colun,1 un,Kg,690,690,,False,,$4.600 x Kg,$4.600 x Kg,https://www.unimarc.cl/yog-protein-plus-colun-150g-vainilla-2/p,https://unimarc.vtexassets.com/arquivos/ids/229627/000000000645713002-UN-01.jpg?v=638000771023400000,Bebidas vegetales,Proteína,https://www.unimarc.cl/category/lacteos-huevos-y-refrigerados/yoghurt/proteina,https://www.unimarc.cl/_next/data/0ucQ92dO_m9T9joH0FjVV/category/lacteos-huevos-y-refrigerados/yoghurt/proteina.json?categories=lacteos-huevos-y-refrigerados&categories=yoghurt&categories=proteina,2026-02-20T18:41:03
68726,Yoghurt Colun protein plus sin lactosa frutilla 150 g,Colun,1 un,Kg,690,690,,False,,$4.600 x Kg,$4.600 x Kg,https://www.unimarc.cl/yog-protein-plus-colun-150g-frutilla-2/p,https://unimarc.vtexassets.com/arquivos/ids/229628/000000000645713003-UN-01.jpg?v=638000771929200000,Bebidas vegetales,Proteína,https://www.unimarc.cl/category/lacteos-huevos-y-refrigerados/yoghurt/proteina,https://www.unimarc.cl/_next/data/0ucQ92dO_m9T9joH0FjVV/category/lacteos-huevos-y-refrigerados/yoghurt/proteina.json?categories=lacteos-huevos-y-refrigerados&categories=yoghurt&categories=proteina,2026-02-20T18:41:03
87529,Yoghurt goodnes protein frutilla 140 g,Nestle,1 un,Kg,640,640,,False,,$4.571 x Kg,$4.571 x Kg,https://www.unimarc.cl/yog-goodnes-prot-nestle-140-gr-frutilla/p,https://unimarc.vtexassets.com/arquivos/ids/250500/000000000668880003-UN-01.jpg?v=638900941694870000,Bebidas vegetales,Proteína,https://www.unimarc.cl/category/lacteos-huevos-y-refrigerados/yoghurt/proteina,https://www.unimarc.cl/_next/data/0ucQ92dO_m9T9joH0FjVV/category/lacteos-huevos-y-refrigerados/yoghurt/proteina.json?categories=lacteos-huevos-y-refrigerados&categories=yoghurt&categories=proteina,2026-02-20T18:41:03
89237,Yoghurt Soprole protein con avena 155 g,Soprole,1 un,Kg,800,800,,False,,$5.161 x Kg,$5.161 x Kg,https://www.unimarc.cl/yoghurt-protein-avena-soprole-155-gr/p,https://unimarc.vtexassets.com/arquivos/ids/244684/000000000000671608-UN-01.jpg?v=638645146617500000,Bebidas vegetales,Proteína,https://www.unimarc.cl/category/lacteos-huevos-y-refrigerados/yoghurt/proteina,https://www.unimarc.cl/_next/data/0ucQ92dO_m9T9joH0FjVV/category/lacteos-huevos-y-refrigerados/yoghurt/proteina.json?categories=lacteos-huevos-y-refrigerados&categories=yoghurt&categories=proteina,2026-02-20T18:41:03
59429,Yoghurt Loncoleche protein natural endulzado 140 g,Loncoleche,1 un,Kg,730,730,,False,,$5.214 x Kg,$5.214 x Kg,https://www.unimarc.cl/yog-protein-lonco-140-natural-endulzado/p,https://unimarc.vtexassets.com/arquivos/ids/237993/000000000638426001-UN-01.jpg?v=638452446968330000,Bebidas vegetales,Proteína,https://www.unimarc.cl/category/lacteos-huevos-y-refrigerados/yoghurt/proteina,https://www.unimarc.cl/_next/data/0ucQ92dO_m9T9joH0FjVV/category/lacteos-huevos-y-refrigerados/yoghurt/proteina.json?categories=lacteos-huevos-y-refrigerados&categories=yoghurt&categories=proteina,2026-02-20T18:41:03
87527,Yoghurt goodnes protein natural endulzado 140 g,Nestle,1 un,Kg,640,640,,False,,$4.571 x Kg,$4.571 x Kg,https://www.unimarc.cl/yog-goodnes-prot-nestle-140-natural-end/p,https://unimarc.vtexassets.com/arquivos/ids/240186/000000000668880001-UN-01.jpg?v=638538126732400000,Bebidas vegetales,Proteína,https://www.unimarc.cl/category/lacteos-huevos-y-refrigerados/yoghurt/proteina,https://www.unimarc.cl/_next/data/0ucQ92dO_m9T9joH0FjVV/category/lacteos-huevos-y-refrigerados/yoghurt/proteina.json?categories=lacteos-huevos-y-refrigerados&categories=yoghurt&categories=proteina,2026-02-20T18:41:03
65348,Yoghurt Soprole proteína chirimoya 155 g Yoghurt Soprole Protein+ sabor chirimoya pote 155 g,Soprole,1 un,Kg,730,730,,False,,$4.710 x Kg,$4.710 x Kg,https://www.unimarc.cl/yog-protein-soprole-155-gr-chirimoya/p,https://unimarc.vtexassets.com/arquivos/ids/223235/000000000634207006-UN-01.jpg?v=637781067239770000,Bebidas vegetales,Proteína,https://www.unimarc.cl/category/lacteos-huevos-y-refrigerados/yoghurt/proteina,https://www.unimarc.cl/_next/data/0ucQ92dO_m9T9joH0FjVV/category/lacteos-huevos-y-refrigerados/yoghurt/proteina.json?categories=lacteos-huevos-y-refrigerados&categories=yoghurt&categories=proteina,2026-02-20T18:41:03
92073,Yoghurt Loncoleche full pro proteína natural 150 g,Loncoleche,1 un,Kg,1190,1190,,False,,$7.933 x Kg,$7.933 x Kg,https://www.unimarc.cl/yog-full-pro-protein-lonco-150g-natural/p,https://unimarc.vtexassets.com/arquivos/ids/250698/000000000683598001-UN-01.jpg?v=638906258860870000,Bebidas vegetales,Proteína,https://www.unimarc.cl/category/lacteos-huevos-y-refrigerados/yoghurt/proteina,https://www.unimarc.cl/_next/data/0ucQ92dO_m9T9joH0FjVV/category/lacteos-huevos-y-refrigerados/yoghurt/proteina.json?categories=lacteos-huevos-y-refrigerados&categories=yoghurt&categories=proteina,2026-02-20T18:41:03
87528,Yoghurt goodnes protein chirimoya 140 g,Nestle,1 un,Kg,640,640,,False,,$4.571 x Kg,$4.571 x Kg,https://www.unimarc.cl/yog-goodnes-prot-nestle-140-g-chirimoya/p,https://unimarc.vtexassets.com/arquivos/ids/240187/000000000668880002-UN-01.jpg?v=638538126735030000,Bebidas vegetales,Proteína,https://www.unimarc.cl/category/lacteos-huevos-y-refrigerados/yoghurt/proteina,https://www.unimarc.cl/_next/data/0ucQ92dO_m9T9joH0FjVV/category/lacteos-huevos-y-refrigerados/yoghurt/proteina.json?categories=lacteos-huevos-y-refrigerados&categories=yoghurt&categories=proteina,2026-02-20T18:41:03
65347,Yoghurt Soprole proteína vainilla 155 g Yoghurt Soprole Protein+ sabor vainilla pote 155 g,Soprole,1 un,Kg,730,730,,False,,$4.710 x Kg,$4.710 x Kg,https://www.unimarc.cl/yog-protein-soprole-155-gr-vainilla/p,https://unimarc.vtexassets.com/arquivos/ids/223234/000000000634207005-UN-01.jpg?v=637781066389300000,Bebidas vegetales,Proteína,https://www.unimarc.cl/category/lacteos-huevos-y-refrigerados/yoghurt/proteina,https://www.unimarc.cl/_next/data/0ucQ92dO_m9T9joH0FjVV/category/lacteos-huevos-y-refrigerados/yoghurt/proteina.json?categories=lacteos-huevos-y-refrigerados&categories=yoghurt&categories=proteina,2026-02-20T18:41:03
59430,Yoghurt Loncoleche protein frutilla 140 g,Loncoleche,1 un,Kg,730,730,,False,,$5.214 x Kg,$5.214 x Kg,https://www.unimarc.cl/yog-protein-lonco-140g-frutilla/p,https://unimarc.vtexassets.com/arquivos/ids/238079/000000000638426002-UN-01.jpg?v=638463625085200000,Bebidas vegetales,Proteína,https://www.unimarc.cl/category/lacteos-huevos-y-refrigerados/yoghurt/proteina,https://www.unimarc.cl/_next/data/0ucQ92dO_m9T9joH0FjVV/category/lacteos-huevos-y-refrigerados/yoghurt/proteina.json?categories=lacteos-huevos-y-refrigerados&categories=yoghurt&categories=proteina,2026-02-20T18:41:03
92074,Yoghurt Loncoleche full pro proteína frutilla 150 g,Loncoleche,1 un,Kg,1190,1190,,False,,$7.933 x Kg,$7.933 x Kg,https://www.unimarc.cl/yog-full-pro-protein-lonco-150g-frutill/p,https://unimarc.vtexassets.com/arquivos/ids/250699/000000000683598002-UN-01.jpg?v=638906258862730000,Bebidas vegetales,Proteína,https://www.unimarc.cl/category/lacteos-huevos-y-refrigerados/yoghurt/proteina,https://www.unimarc.cl/_next/data/0ucQ92dO_m9T9joH0FjVV/category/lacteos-huevos-y-refrigerados/yoghurt/proteina.json?categories=lacteos-huevos-y-refrigerados&categories=yoghurt&categories=proteina,2026-02-20T18:41:03
55362,Yoghurt Soprole proteína maracuyá 155 g Yoghurt Soprole Protein+ maracuyá pote 155 g,Soprole,1 un,Kg,730,730,,False,,$4.710 x Kg,$4.710 x Kg,https://www.unimarc.cl/yog-protein-soprole-155-gr-maracuya/p,https://unimarc.vtexassets.com/arquivos/ids/223233/000000000634207003-UN-01.jpg?v=637781065781370000,Bebidas vegetales,Proteína,https://www.unimarc.cl/category/lacteos-huevos-y-refrigerados/yoghurt/proteina,https://www.unimarc.cl/_next/data/0ucQ92dO_m9T9joH0FjVV/category/lacteos-huevos-y-refrigerados/yoghurt/proteina.json?categories=lacteos-huevos-y-refrigerados&categories=yoghurt&categories=proteina,2026-02-20T18:41:03
64101,Yoghurt Loncoleche protein arándano 140 g,Loncoleche,1 un,Kg,730,730,,False,,$5.214 x Kg,$5.214 x Kg,https://www.unimarc.cl/yog-protein-loncol-140g-arandano/p,https://unimarc.vtexassets.com/arquivos/ids/238081/000000000638426004-UN-01.jpg?v=638463628013100000,Bebidas vegetales,Proteína,https://www.unimarc.cl/category/lacteos-huevos-y-refrigerados/yoghurt/proteina,https://www.unimarc.cl/_next/data/0ucQ92dO_m9T9joH0FjVV/category/lacteos-huevos-y-refrigerados/yoghurt/proteina.json?categories=lacteos-huevos-y-refrigerados&categories=yoghurt&categories=proteina,2026-02-20T18:41:03
64100,Yoghurt Loncoleche protein vainilla 140 g,Loncoleche,1 un,Kg,730,730,,False,,$5.214 x Kg,$5.214 x Kg,https://www.unimarc.cl/yog-protein-loncol-140g-vainilla/p,https://unimarc.vtexassets.com/arquivos/ids/238080/000000000638426003-UN-01.jpg?v=638463626776470000,Bebidas vegetales,Proteína,https://www.unimarc.cl/category/lacteos-huevos-y-refrigerados/yoghurt/proteina,https://www.unimarc.cl/_next/data/0ucQ92dO_m9T9joH0FjVV/category/lacteos-huevos-y-refrigerados/yoghurt/proteina.json?categories=lacteos-huevos-y-refrigerados&categories=yoghurt&categories=proteina,2026-02-20T18:41:03
80874,Yoghurt Soprole proteína frutos secos 150 g Yoghurt Soprole protein+ con frutos secos pote 150 g,Soprole,1 un,Kg,830,830,,False,,$5.533 x Kg,$5.533 x Kg,https://www.unimarc.cl/yog-prot-c-c-soprole-150g-frutos-secos/p,https://unimarc.vtexassets.com/arquivos/ids/224213/000000000650353002-UN-01.jpg?v=637807021800470000,Bebidas vegetales,Proteína,https://www.unimarc.cl/category/lacteos-huevos-y-refrigerados/yoghurt/proteina,https://www.unimarc.cl/_next/data/0ucQ92dO_m9T9joH0FjVV/category/lacteos-huevos-y-refrigerados/yoghurt/proteina.json?categories=lacteos-huevos-y-refrigerados&categories=yoghurt&categories=proteina,2026-02-20T18:41:03
90280,Yoghurt protein Soprole con granola berries 150 g,Soprole,1 un,Kg,830,830,,False,,$5.533 x Kg,$5.533 x Kg,https://www.unimarc.cl/yog-prot-c-c-soprole-150g-granola-berri/p,https://unimarc.vtexassets.com/arquivos/ids/253718/000000000650353004-UN-01.jpg?v=639002202284800000,Bebidas vegetales,Proteína,https://www.unimarc.cl/category/lacteos-huevos-y-refrigerados/yoghurt/proteina,https://www.unimarc.cl/_next/data/0ucQ92dO_m9T9joH0FjVV/category/lacteos-huevos-y-refrigerados/yoghurt/proteina.json?categories=lacteos-huevos-y-refrigerados&categories=yoghurt&categories=proteina,2026-02-20T18:41:03
70779,Yoghurt Loncoleche Protein trozo mango maracuyá 140 g,Loncoleche,1 un,Kg,800,800,,False,,$5.714 x Kg,$5.714 x Kg,https://www.unimarc.cl/yog-protein-troz-loncol-mango-maracuya/p,https://unimarc.vtexassets.com/arquivos/ids/195557/000000000646144002-UN-01.jpg?v=637262058074970000,Bebidas vegetales,Proteína,https://www.unimarc.cl/category/lacteos-huevos-y-refrigerados/yoghurt/proteina,https://www.unimarc.cl/_next/data/0ucQ92dO_m9T9joH0FjVV/category/lacteos-huevos-y-refrigerados/yoghurt/proteina.json?categories=lacteos-huevos-y-refrigerados&categories=yoghurt&categories=proteina,2026-02-20T18:41:03
92035,Yoghurt Loncoleche protein trozos frutilla 140 g,Loncoleche,1 un,Kg,800,800,,False,,$5.714 x Kg,$5.714 x Kg,https://www.unimarc.cl/yog-protein-troz-loncol-140g-frutilla/p,https://unimarc.vtexassets.com/arquivos/ids/250689/000000000646144003-UN-01.jpg?v=638906258832600000,Bebidas vegetales,Proteína,https://www.unimarc.cl/category/lacteos-huevos-y-refrigerados/yoghurt/proteina,https://www.unimarc.cl/_next/data/0ucQ92dO_m9T9joH0FjVV/category/lacteos-huevos-y-refrigerados/yoghurt/proteina.json?categories=lacteos-huevos-y-refrigerados&categories=yoghurt&categories=proteina,2026-02-20T18:41:03
6189,Yoghurt griego Danone Oikos natural no endulzado 150 g,Oikos,1 un,Kg,580,580,,False,,$3.867 x Kg,$3.867 x Kg,https://www.unimarc.cl/yoghurt-griego-danone-natural-sin-azucar-150g-2/p,https://unimarc.vtexassets.com/arquivos/ids/232089/659714.jpg?v=638113047397370000,Bebidas vegetales,Trozos y especiales,https://www.unimarc.cl/category/lacteos-huevos-y-refrigerados/yoghurt/trozos-y-especiales,https://www.unimarc.cl/_next/data/0ucQ92dO_m9T9joH0FjVV/category/lacteos-huevos-y-refrigerados/yoghurt/trozos-y-especiales.json?categories=lacteos-huevos-y-refrigerados&categories=yoghurt&categories=trozos-y-especiales,2026-02-20T18:41:13
7340,Yoghurt Gold tradicional 165 g Yoghurt Soprole Gold con trozos de frutos secos y fruta pote 165 g,Soprole,1 un,Kg,790,790,,False,,$4.788 x Kg,$4.788 x Kg,https://www.unimarc.cl/yoghurt-soprole-gold-165-g-frutos-secos/p,https://unimarc.vtexassets.com/arquivos/ids/214136/000000000401650001-UN-01.jpg?v=637562596605600000,Bebidas vegetales,Trozos y especiales,https://www.unimarc.cl/category/lacteos-huevos-y-refrigerados/yoghurt/trozos-y-especiales,https://www.unimarc.cl/_next/data/0ucQ92dO_m9T9joH0FjVV/category/lacteos-huevos-y-refrigerados/yoghurt/trozos-y-especiales.json?categories=lacteos-huevos-y-refrigerados&categories=yoghurt&categories=trozos-y-especiales,2026-02-20T18:41:13
7301,Yoghurt Batifrut trozos frutilla 165 g Yoghurt Soprole Batifrut sabor frutilla con trozos de fruta pote 165 g,Soprole,1 un,Kg,690,690,,False,,$4.182 x Kg,$4.182 x Kg,https://www.unimarc.cl/yoghurt-soprole-batifrut-165-g-frutilla/p,https://unimarc.vtexassets.com/arquivos/ids/246499/000000000400452005-UN-01.png?v=638739373850100000,Bebidas vegetales,Trozos y especiales,https://www.unimarc.cl/category/lacteos-huevos-y-refrigerados/yoghurt/trozos-y-especiales,https://www.unimarc.cl/_next/data/0ucQ92dO_m9T9joH0FjVV/category/lacteos-huevos-y-refrigerados/yoghurt/trozos-y-especiales.json?categories=lacteos-huevos-y-refrigerados&categories=yoghurt&categories=trozos-y-especiales,2026-02-20T18:41:13
7341,Yoghurt Gold chocolate y almendras 165 g Yoghurt Soprole Gold chocolate y almendras 165 g,Soprole,1 un,Kg,790,790,,False,,$4.788 x Kg,$4.788 x Kg,https://www.unimarc.cl/yoghurt-soprole-gold-165-g-chocolate-almendras/p,https://unimarc.vtexassets.com/arquivos/ids/214137/000000000401650002-UN-01.jpg?v=637562598080970000,Bebidas vegetales,Trozos y especiales,https://www.unimarc.cl/category/lacteos-huevos-y-refrigerados/yoghurt/trozos-y-especiales,https://www.unimarc.cl/_next/data/0ucQ92dO_m9T9joH0FjVV/category/lacteos-huevos-y-refrigerados/yoghurt/trozos-y-especiales.json?categories=lacteos-huevos-y-refrigerados&categories=yoghurt&categories=trozos-y-especiales,2026-02-20T18:41:13
7300,Yoghurt Batifrut trozos durazno 165 g Yoghurt Soprole Batifrut sabor durazno con trozos de fruta pote 165 g,Soprole,1 un,Kg,690,690,,False,,$4.182 x Kg,$4.182 x Kg,https://www.unimarc.cl/yoghurt-soprole-batifrut-165-gr-durazno/p,https://unimarc.vtexassets.com/arquivos/ids/246498/000000000400452004-UN-01.png?v=638739373441000000,Bebidas vegetales,Trozos y especiales,https://www.unimarc.cl/category/lacteos-huevos-y-refrigerados/yoghurt/trozos-y-especiales,https://www.unimarc.cl/_next/data/0ucQ92dO_m9T9joH0FjVV/category/lacteos-huevos-y-refrigerados/yoghurt/trozos-y-especiales.json?categories=lacteos-huevos-y-refrigerados&categories=yoghurt&categories=trozos-y-especiales,2026-02-20T18:41:13
7299,Yoghurt Batifrut trozos piña 165 g Yoghurt Soprole Batifrut sabor piña con trozos de fruta pote 165 g,Soprole,1 un,Kg,690,690,,False,,$4.182 x Kg,$4.182 x Kg,https://www.unimarc.cl/yoghurt-soprole-batifrut-165-gr-pina/p,https://unimarc.vtexassets.com/arquivos/ids/246497/000000000400452003-UN-01.png?v=638739368120230000,Bebidas vegetales,Trozos y especiales,https://www.unimarc.cl/category/lacteos-huevos-y-refrigerados/yoghurt/trozos-y-especiales,https://www.unimarc.cl/_next/data/0ucQ92dO_m9T9joH0FjVV/category/lacteos-huevos-y-refrigerados/yoghurt/trozos-y-especiales.json?categories=lacteos-huevos-y-refrigerados&categories=yoghurt&categories=trozos-y-especiales,2026-02-20T18:41:13
89786,Yoghurt Batifrut trozos papaya 165 g,Soprole,1 un,Kg,690,690,,False,,$4.182 x Kg,$4.182 x Kg,https://www.unimarc.cl/yog-batifrut-trozo-soprole-165g-papaya/p,https://unimarc.vtexassets.com/arquivos/ids/245213/000000000672196002-UN-01.jpg?v=638669284541930000,Bebidas vegetales,Trozos y especiales,https://www.unimarc.cl/category/lacteos-huevos-y-refrigerados/yoghurt/trozos-y-especiales,https://www.unimarc.cl/_next/data/0ucQ92dO_m9T9joH0FjVV/category/lacteos-huevos-y-refrigerados/yoghurt/trozos-y-especiales.json?categories=lacteos-huevos-y-refrigerados&categories=yoghurt&categories=trozos-y-especiales,2026-02-20T18:41:13
75864,Yoghurt Gold nueces y cranberry 165 g Yoghurt Soprole gold con trozos de nueces y fruta cranberry pote 165 g,Soprole,1 un,Kg,790,790,,False,,$4.788 x Kg,$4.788 x Kg,https://www.unimarc.cl/yoghurt-gold-soprole-165-nuez-cranberry/p,https://unimarc.vtexassets.com/arquivos/ids/214172/000000000401650006-UN-01.jpg?v=637562652302800000,Bebidas vegetales,Trozos y especiales,https://www.unimarc.cl/category/lacteos-huevos-y-refrigerados/yoghurt/trozos-y-especiales,https://www.unimarc.cl/_next/data/0ucQ92dO_m9T9joH0FjVV/category/lacteos-huevos-y-refrigerados/yoghurt/trozos-y-especiales.json?categories=lacteos-huevos-y-refrigerados&categories=yoghurt&categories=trozos-y-especiales,2026-02-20T18:41:13
91070,Yoghurt Gold frutos secos miel 165 g,Soprole,1 un,Kg,790,790,,False,,$4.788 x Kg,$4.788 x Kg,https://www.unimarc.cl/yog-gold-soprole-165g-frutos-secos-miel/p,https://unimarc.vtexassets.com/arquivos/ids/247485/000000000401650008-UN-01.jpg?v=638775643065030000,Bebidas vegetales,Trozos y especiales,https://www.unimarc.cl/category/lacteos-huevos-y-refrigerados/yoghurt/trozos-y-especiales,https://www.unimarc.cl/_next/data/0ucQ92dO_m9T9joH0FjVV/category/lacteos-huevos-y-refrigerados/yoghurt/trozos-y-especiales.json?categories=lacteos-huevos-y-refrigerados&categories=yoghurt&categories=trozos-y-especiales,2026-02-20T18:41:13
91255,Yogurt griego Oikos choco crunch 142 g,Oikos,1 un,Kg,965,1150,965,True,Ahorras $185,$6.796 x Kg,$8.099 x Kg,https://www.unimarc.cl/yogurt-oikos-danone-142gr-choco-crunch/p,https://unimarc.vtexassets.com/arquivos/ids/248065/000000000673810001-UN-01.jpg?v=638799783234430000,Bebidas vegetales,Trozos y especiales,https://www.unimarc.cl/category/lacteos-huevos-y-refrigerados/yoghurt/trozos-y-especiales,https://www.unimarc.cl/_next/data/0ucQ92dO_m9T9joH0FjVV/category/lacteos-huevos-y-refrigerados/yoghurt/trozos-y-especiales.json?categories=lacteos-huevos-y-refrigerados&categories=yoghurt&categories=trozos-y-especiales,2026-02-20T18:41:13
96303,Yoghurt Batifrut trozos damasco 165 gr,Soprole,1 un,Kg,690,690,,False,,$4.182 x Kg,$4.182 x Kg,https://www.unimarc.cl/yog-batifrut-soprole-165g-damasco/p,https://unimarc.vtexassets.com/arquivos/ids/254679/000000000400452009-UN-01.jpg?v=639029686927170000,Bebidas vegetales,Trozos y especiales,https://www.unimarc.cl/category/lacteos-huevos-y-refrigerados/yoghurt/trozos-y-especiales,https://www.unimarc.cl/_next/data/0ucQ92dO_m9T9joH0FjVV/category/lacteos-huevos-y-refrigerados/yoghurt/trozos-y-especiales.json?categories=lacteos-huevos-y-refrigerados&categories=yoghurt&categories=trozos-y-especiales,2026-02-20T18:41:13
55708,Yoghurt griego Danone Oikos natural 110 g,Oikos,1 un,Kg,400,400,,False,,$3.636 x Kg,$3.636 x Kg,https://www.unimarc.cl/yogur-griego-110-gr-natural/p,https://unimarc.vtexassets.com/arquivos/ids/232091/636646002.jpg?v=638113058838200000,Bebidas vegetales,Trozos y especiales,https://www.unimarc.cl/category/lacteos-huevos-y-refrigerados/yoghurt/trozos-y-especiales,https://www.unimarc.cl/_next/data/0ucQ92dO_m9T9joH0FjVV/category/lacteos-huevos-y-refrigerados/yoghurt/trozos-y-especiales.json?categories=lacteos-huevos-y-refrigerados&categories=yoghurt&categories=trozos-y-especiales,2026-02-20T18:41:13
90420,Yoghurt griego Danone Oikos nuts caramel crunch 142 g,Oikos,1 un,Kg,965,1090,965,True,Ahorras $125,$6.796 x Kg,$7.676 x Kg,https://www.unimarc.cl/yogurt-oikos-danone-142gr-nuts-caramel/p,https://unimarc.vtexassets.com/arquivos/ids/246363/000000000673961001-UN-01.jpg?v=638726467106930000,Bebidas vegetales,Trozos y especiales,https://www.unimarc.cl/category/lacteos-huevos-y-refrigerados/yoghurt/trozos-y-especiales,https://www.unimarc.cl/_next/data/0ucQ92dO_m9T9joH0FjVV/category/lacteos-huevos-y-refrigerados/yoghurt/trozos-y-especiales.json?categories=lacteos-huevos-y-refrigerados&categories=yoghurt&categories=trozos-y-especiales,2026-02-20T18:41:13
82482,Kefir Quillayes sin endulzante natural 4 un de 80 ml,Quillayes,1 un,litro,2000,2290,2000,True,Ahorras $290,$6.250 x litro,$7.156 x litro,https://www.unimarc.cl/kefir-s-end-quillayes-4x80ml-natural/p,https://unimarc.vtexassets.com/arquivos/ids/229973/000000000661799001-UN-01.jpg?v=638022311264030000,Bebidas vegetales,Trozos y especiales,https://www.unimarc.cl/category/lacteos-huevos-y-refrigerados/yoghurt/trozos-y-especiales,https://www.unimarc.cl/_next/data/0ucQ92dO_m9T9joH0FjVV/category/lacteos-huevos-y-refrigerados/yoghurt/trozos-y-especiales.json?categories=lacteos-huevos-y-refrigerados&categories=yoghurt&categories=trozos-y-especiales,2026-02-20T18:41:13
82483,Kefir Quillayes sin endulzante naranja pomelo 4 un de 80 ml,Quillayes,1 un,litro,2000,2290,2000,True,Ahorras $290,$6.250 x litro,$7.156 x litro,https://www.unimarc.cl/kefir-s-end-quillayes-4x-naranja-pomelo/p,https://unimarc.vtexassets.com/arquivos/ids/229974/000000000661799002-UN-01.jpg?v=638022311891530000,Bebidas vegetales,Trozos y especiales,https://www.unimarc.cl/category/lacteos-huevos-y-refrigerados/yoghurt/trozos-y-especiales,https://www.unimarc.cl/_next/data/0ucQ92dO_m9T9joH0FjVV/category/lacteos-huevos-y-refrigerados/yoghurt/trozos-y-especiales.json?categories=lacteos-huevos-y-refrigerados&categories=yoghurt&categories=trozos-y-especiales,2026-02-20T18:41:13
5541,Yoghurt griego Danone Oikos trozos frutilla 110 g,Oikos,1 un,Kg,620,620,,False,,$5.636 x Kg,$5.636 x Kg,https://www.unimarc.cl/yoghurt-griego-danone-trozo-frutilla-110-g-2/p,https://unimarc.vtexassets.com/arquivos/ids/243572/000000000000570257-UN-01.jpg?v=638597624673900000,Bebidas vegetales,Trozos y especiales,https://www.unimarc.cl/category/lacteos-huevos-y-refrigerados/yoghurt/trozos-y-especiales,https://www.unimarc.cl/_next/data/0ucQ92dO_m9T9joH0FjVV/category/lacteos-huevos-y-refrigerados/yoghurt/trozos-y-especiales.json?categories=lacteos-huevos-y-refrigerados&categories=yoghurt&categories=trozos-y-especiales,2026-02-20T18:41:13
61851,Yoghurt Soprole sin azúcar trozos frutos secos 155 g Yoghurt Soprole sin azúcar frutos secos con trozos pote 155 g,Soprole,1 un,Kg,710,710,,False,,$4.581 x Kg,$4.581 x Kg,https://www.unimarc.cl/yoghurt-light-tro-soprole-frutos-secos/p,https://unimarc.vtexassets.com/arquivos/ids/247725/000000000625426004-UN-01.jpg.jpg?v=638792183346770000,Bebidas vegetales,Trozos y especiales,https://www.unimarc.cl/category/lacteos-huevos-y-refrigerados/yoghurt/trozos-y-especiales,https://www.unimarc.cl/_next/data/0ucQ92dO_m9T9joH0FjVV/category/lacteos-huevos-y-refrigerados/yoghurt/trozos-y-especiales.json?categories=lacteos-huevos-y-refrigerados&categories=yoghurt&categories=trozos-y-especiales,2026-02-20T18:41:13
12748,Yoghurt griego Danone Oikos colchón de fruta frutilla 150 g,Oikos,1 un,Kg,780,780,,False,,$5.200 x Kg,$5.200 x Kg,https://www.unimarc.cl/yogur-col-frut-griego-dano-150-frutilla/p,https://unimarc.vtexassets.com/arquivos/ids/232095/802977004.jpg?v=638113080565000000,Bebidas vegetales,Trozos y especiales,https://www.unimarc.cl/category/lacteos-huevos-y-refrigerados/yoghurt/trozos-y-especiales,https://www.unimarc.cl/_next/data/0ucQ92dO_m9T9joH0FjVV/category/lacteos-huevos-y-refrigerados/yoghurt/trozos-y-especiales.json?categories=lacteos-huevos-y-refrigerados&categories=yoghurt&categories=trozos-y-especiales,2026-02-20T18:41:13
12821,Yoghurt Soprole sin azúcar trozos frutilla 155 g Yoghurt Soprole sin azúcar frutilla con trozos de fruta pote 155 g,Soprole,1 un,Kg,710,710,,False,,$4.581 x Kg,$4.581 x Kg,https://www.unimarc.cl/yoghurt-light-troz-sopro-155g-frutilla/p,https://unimarc.vtexassets.com/arquivos/ids/247721/000000000625426001-UN-01.jpg.jpg?v=638792178341470000,Bebidas vegetales,Trozos y especiales,https://www.unimarc.cl/category/lacteos-huevos-y-refrigerados/yoghurt/trozos-y-especiales,https://www.unimarc.cl/_next/data/0ucQ92dO_m9T9joH0FjVV/category/lacteos-huevos-y-refrigerados/yoghurt/trozos-y-especiales.json?categories=lacteos-huevos-y-refrigerados&categories=yoghurt&categories=trozos-y-especiales,2026-02-20T18:41:13
5545,Yoghurt griego Danone Oikos trozos papaya 110 g,Oikos,1 un,Kg,620,620,,False,,$5.636 x Kg,$5.636 x Kg,https://www.unimarc.cl/yoghurt-griego-danone-trozos-papaya-110g-2/p,https://unimarc.vtexassets.com/arquivos/ids/243574/000000000000570260-UN-01.jpg?v=638597625524000000,Bebidas vegetales,Trozos y especiales,https://www.unimarc.cl/category/lacteos-huevos-y-refrigerados/yoghurt/trozos-y-especiales,https://www.unimarc.cl/_next/data/0ucQ92dO_m9T9joH0FjVV/category/lacteos-huevos-y-refrigerados/yoghurt/trozos-y-especiales.json?categories=lacteos-huevos-y-refrigerados&categories=yoghurt&categories=trozos-y-especiales,2026-02-20T18:41:13
86610,Yoghurt natural Quillayes kefir pote 400 g,Quillayes,1 un,Kg,1990,1990,,False,,$4.975 x Kg,$4.975 x Kg,https://www.unimarc.cl/yoghurt-nat-pote-kefir-quillayes-400gr/p,https://unimarc.vtexassets.com/arquivos/ids/237322/000000000000667353-UN-01.jpg?v=638404111152830000,Bebidas vegetales,Trozos y especiales,https://www.unimarc.cl/category/lacteos-huevos-y-refrigerados/yoghurt/trozos-y-especiales,https://www.unimarc.cl/_next/data/0ucQ92dO_m9T9joH0FjVV/category/lacteos-huevos-y-refrigerados/yoghurt/trozos-y-especiales.json?categories=lacteos-huevos-y-refrigerados&categories=yoghurt&categories=trozos-y-especiales,2026-02-20T18:41:13
13406,Yoghurt griego Danone Oikos colchón de fruta frutos del bosque 150 g,Oikos,1 un,Kg,780,780,,False,,$5.200 x Kg,$5.200 x Kg,https://www.unimarc.cl/yogur-col-frut-griego-frutos-del-bosque-2/p,https://unimarc.vtexassets.com/arquivos/ids/232092/802977001.jpg?v=638113070773870000,Bebidas vegetales,Trozos y especiales,https://www.unimarc.cl/category/lacteos-huevos-y-refrigerados/yoghurt/trozos-y-especiales,https://www.unimarc.cl/_next/data/0ucQ92dO_m9T9joH0FjVV/category/lacteos-huevos-y-refrigerados/yoghurt/trozos-y-especiales.json?categories=lacteos-huevos-y-refrigerados&categories=yoghurt&categories=trozos-y-especiales,2026-02-20T18:41:13
5543,Yoghurt griego Danone Oikos trozos durazno 110 g,Oikos,1 un,Kg,620,620,,False,,$5.636 x Kg,$5.636 x Kg,https://www.unimarc.cl/yoghurt-griego-danone-trozos-durazno-110-g-2/p,https://unimarc.vtexassets.com/arquivos/ids/243573/000000000000570258-UN-01.jpg?v=638597625093600000,Bebidas vegetales,Trozos y especiales,https://www.unimarc.cl/category/lacteos-huevos-y-refrigerados/yoghurt/trozos-y-especiales,https://www.unimarc.cl/_next/data/0ucQ92dO_m9T9joH0FjVV/category/lacteos-huevos-y-refrigerados/yoghurt/trozos-y-especiales.json?categories=lacteos-huevos-y-refrigerados&categories=yoghurt&categories=trozos-y-especiales,2026-02-20T18:41:13
85034,Yoghurt sin lactosa Loncoleche trozos berries 140 g,Loncoleche,1 un,Kg,610,610,,False,,$4.357 x Kg,$4.357 x Kg,https://www.unimarc.cl/yog-s-lact-trozos-lonco-140g-berries/p,https://unimarc.vtexassets.com/arquivos/ids/235234/000000000665904003-UN-01.jpg?v=638315321208300000,Bebidas vegetales,Trozos y especiales,https://www.unimarc.cl/category/lacteos-huevos-y-refrigerados/yoghurt/trozos-y-especiales,https://www.unimarc.cl/_next/data/0ucQ92dO_m9T9joH0FjVV/category/lacteos-huevos-y-refrigerados/yoghurt/trozos-y-especiales.json?categories=lacteos-huevos-y-refrigerados&categories=yoghurt&categories=trozos-y-especiales,2026-02-20T18:41:13
14326,Yoghurt Soprole sin azúcar trozos chía arándano 155 g Yoghurt Soprole sin azúcar chía arándano con trozos de fruta pote 155 g,Soprole,1 un,Kg,710,710,,False,,$4.581 x Kg,$4.581 x Kg,https://www.unimarc.cl/yoghurt-light-troz-sopro-155g-chia-aran/p,https://unimarc.vtexassets.com/arquivos/ids/247724/000000000625426003-UN-01.jpg.jpg?v=638792183034970000,Bebidas vegetales,Trozos y especiales,https://www.unimarc.cl/category/lacteos-huevos-y-refrigerados/yoghurt/trozos-y-especiales,https://www.unimarc.cl/_next/data/0ucQ92dO_m9T9joH0FjVV/category/lacteos-huevos-y-refrigerados/yoghurt/trozos-y-especiales.json?categories=lacteos-huevos-y-refrigerados&categories=yoghurt&categories=trozos-y-especiales,2026-02-20T18:41:13
93097,Yoghurt Kefir Soprole batido natural 120 g,Soprole,1 un,Kg,420,420,,False,,$3.500 x Kg,$3.500 x Kg,https://www.unimarc.cl/yog-batido-kefir-soprole-120gr-natural/p,https://unimarc.vtexassets.com/arquivos/ids/251791/000000000684878002-UN-01.jpg?v=638947747899600000,Bebidas vegetales,Trozos y especiales,https://www.unimarc.cl/category/lacteos-huevos-y-refrigerados/yoghurt/trozos-y-especiales,https://www.unimarc.cl/_next/data/0ucQ92dO_m9T9joH0FjVV/category/lacteos-huevos-y-refrigerados/yoghurt/trozos-y-especiales.json?categories=lacteos-huevos-y-refrigerados&categories=yoghurt&categories=trozos-y-especiales,2026-02-20T18:41:13
7643,Yoghurt Griego Quillayes sin lactosa berries 110 g,Quillayes,1 un,Kg,620,620,,False,,$5.636 x Kg,$5.636 x Kg,https://www.unimarc.cl/yoghurt-s-lactosa-griego-110gr-berries/p,https://unimarc.vtexassets.com/arquivos/ids/245877/000000000942367001-UN-01.jpg?v=638695478674130000,Bebidas vegetales,Trozos y especiales,https://www.unimarc.cl/category/lacteos-huevos-y-refrigerados/yoghurt/trozos-y-especiales,https://www.unimarc.cl/_next/data/0ucQ92dO_m9T9joH0FjVV/category/lacteos-huevos-y-refrigerados/yoghurt/trozos-y-especiales.json?categories=lacteos-huevos-y-refrigerados&categories=yoghurt&categories=trozos-y-especiales,2026-02-20T18:41:13
87331,Yoghurt griego Nestle natural sin endulzar 120 g,Nestle,1 un,Kg,470,470,,False,,$3.917 x Kg,$3.917 x Kg,https://www.unimarc.cl/yoghurt-griego-nat-sin-end-nestle-120gr/p,https://unimarc.vtexassets.com/arquivos/ids/239484/000000000000668514-UN-01.jpg?v=638512289006670000,Bebidas vegetales,Trozos y especiales,https://www.unimarc.cl/category/lacteos-huevos-y-refrigerados/yoghurt/trozos-y-especiales,https://www.unimarc.cl/_next/data/0ucQ92dO_m9T9joH0FjVV/category/lacteos-huevos-y-refrigerados/yoghurt/trozos-y-especiales.json?categories=lacteos-huevos-y-refrigerados&categories=yoghurt&categories=trozos-y-especiales,2026-02-20T18:41:13
85033,Yoghurt sin lactosa Loncoleche trozos durazno 140 g,Loncoleche,1 un,Kg,610,610,,False,,$4.357 x Kg,$4.357 x Kg,https://www.unimarc.cl/yog-s-lact-trozos-lonco-140g-durazno/p,https://unimarc.vtexassets.com/arquivos/ids/235232/000000000665904002-UN-01.jpg?v=638321946582900000,Bebidas vegetales,Trozos y especiales,https://www.unimarc.cl/category/lacteos-huevos-y-refrigerados/yoghurt/trozos-y-especiales,https://www.unimarc.cl/_next/data/0ucQ92dO_m9T9joH0FjVV/category/lacteos-huevos-y-refrigerados/yoghurt/trozos-y-especiales.json?categories=lacteos-huevos-y-refrigerados&categories=yoghurt&categories=trozos-y-especiales,2026-02-20T18:41:13
12774,Yoghurt Soprole sin azúcar trozos papaya 155 g Yoghurt Soprole sin azúcar trozo de fruta papaya pote 155 g,Soprole,1 un,Kg,710,710,,False,,$4.581 x Kg,$4.581 x Kg,https://www.unimarc.cl/yoghurt-light-troz-sopro-155g-papaya/p,https://unimarc.vtexassets.com/arquivos/ids/247723/000000000625426002-UN-01.jpg.jpg?v=638792182690900000,Bebidas vegetales,Trozos y especiales,https://www.unimarc.cl/category/lacteos-huevos-y-refrigerados/yoghurt/trozos-y-especiales,https://www.unimarc.cl/_next/data/0ucQ92dO_m9T9joH0FjVV/category/lacteos-huevos-y-refrigerados/yoghurt/trozos-y-especiales.json?categories=lacteos-huevos-y-refrigerados&categories=yoghurt&categories=trozos-y-especiales,2026-02-20T18:41:13
90421,Yoghurt Loncoleche protein granola 142 g,Loncoleche,1 un,Kg,1250,1250,,False,,$8.803 x Kg,$8.803 x Kg,https://www.unimarc.cl/yogurt-protein-lonco-142gr-granola/p,https://unimarc.vtexassets.com/arquivos/ids/246359/000000000674058001-UN-01.jpg?v=638726388366530000,Bebidas vegetales,Trozos y especiales,https://www.unimarc.cl/category/lacteos-huevos-y-refrigerados/yoghurt/trozos-y-especiales,https://www.unimarc.cl/_next/data/0ucQ92dO_m9T9joH0FjVV/category/lacteos-huevos-y-refrigerados/yoghurt/trozos-y-especiales.json?categories=lacteos-huevos-y-refrigerados&categories=yoghurt&categories=trozos-y-especiales,2026-02-20T18:41:13
14348,Yoghurt griego Danone Oikos colchón de fruta papaya 150 g,Oikos,1 un,Kg,780,780,,False,,$5.200 x Kg,$5.200 x Kg,https://www.unimarc.cl/yogur-col-frut-griego-dano-150g-papaya/p,https://unimarc.vtexassets.com/arquivos/ids/232094/802977003.jpg?v=638113079472800000,Bebidas vegetales,Trozos y especiales,https://www.unimarc.cl/category/lacteos-huevos-y-refrigerados/yoghurt/trozos-y-especiales,https://www.unimarc.cl/_next/data/0ucQ92dO_m9T9joH0FjVV/category/lacteos-huevos-y-refrigerados/yoghurt/trozos-y-especiales.json?categories=lacteos-huevos-y-refrigerados&categories=yoghurt&categories=trozos-y-especiales,2026-02-20T18:41:13
85032,Yoghurt sin lactosa Loncoleche trozos papaya 140 g,Loncoleche,1 un,Kg,610,610,,False,,$4.357 x Kg,$4.357 x Kg,https://www.unimarc.cl/yog-s-lact-trozos-lonco-140g-papaya/p,https://unimarc.vtexassets.com/arquivos/ids/235233/000000000665904001-UN-01.jpg?v=638435188889530000,Bebidas vegetales,Trozos y especiales,https://www.unimarc.cl/category/lacteos-huevos-y-refrigerados/yoghurt/trozos-y-especiales,https://www.unimarc.cl/_next/data/0ucQ92dO_m9T9joH0FjVV/category/lacteos-huevos-y-refrigerados/yoghurt/trozos-y-especiales.json?categories=lacteos-huevos-y-refrigerados&categories=yoghurt&categories=trozos-y-especiales,2026-02-20T18:41:13
55707,Yoghurt griego Danone Oikos frutilla 110 g,Oikos,1 un,Kg,400,400,,False,,$3.636 x Kg,$3.636 x Kg,https://www.unimarc.cl/yogur-griego-110-gr-frutilla/p,https://unimarc.vtexassets.com/arquivos/ids/232090/636646001.jpg?v=638113057644400000,Bebidas vegetales,Trozos y especiales,https://www.unimarc.cl/category/lacteos-huevos-y-refrigerados/yoghurt/trozos-y-especiales,https://www.unimarc.cl/_next/data/0ucQ92dO_m9T9joH0FjVV/category/lacteos-huevos-y-refrigerados/yoghurt/trozos-y-especiales.json?categories=lacteos-huevos-y-refrigerados&categories=yoghurt&categories=trozos-y-especiales,2026-02-20T18:41:13
92059,Yoghurt trozo Soprole Kefir frutilla 120 g,Soprole,1 un,Kg,480,480,,False,,$4.000 x Kg,$4.000 x Kg,https://www.unimarc.cl/yog-kefir-troz-soprole-120g-frutilla/p,https://unimarc.vtexassets.com/arquivos/ids/250709/000000000684877001-UN-01.jpg?v=638906287033170000,Bebidas vegetales,Trozos y especiales,https://www.unimarc.cl/category/lacteos-huevos-y-refrigerados/yoghurt/trozos-y-especiales,https://www.unimarc.cl/_next/data/0ucQ92dO_m9T9joH0FjVV/category/lacteos-huevos-y-refrigerados/yoghurt/trozos-y-especiales.json?categories=lacteos-huevos-y-refrigerados&categories=yoghurt&categories=trozos-y-especiales,2026-02-20T18:41:13
87378,Yoghurt Soprole sin azúcar trozo frutos del bosque 155 g,Soprole,1 un,Kg,710,710,,False,,$4.581 x Kg,$4.581 x Kg,https://www.unimarc.cl/yogh-s-azu-tro-soprole-155g-frutos-bos/p,https://unimarc.vtexassets.com/arquivos/ids/247722/000000000625426005-UN-01.jpg.jpg?v=638792181206570000,Bebidas vegetales,Trozos y especiales,https://www.unimarc.cl/category/lacteos-huevos-y-refrigerados/yoghurt/trozos-y-especiales,https://www.unimarc.cl/_next/data/0ucQ92dO_m9T9joH0FjVV/category/lacteos-huevos-y-refrigerados/yoghurt/trozos-y-especiales.json?categories=lacteos-huevos-y-refrigerados&categories=yoghurt&categories=trozos-y-especiales,2026-02-20T18:41:13
7644,Yoghurt Griego Quillayes sin lactosa papaya 110 g,Quillayes,1 un,Kg,620,620,,False,,$5.636 x Kg,$5.636 x Kg,https://www.unimarc.cl/yoghurt-s-lactosa-griego-110gr-papaya/p,https://unimarc.vtexassets.com/arquivos/ids/245878/000000000942367002-UN-01.jpg?v=638695502114900000,Bebidas vegetales,Trozos y especiales,https://www.unimarc.cl/category/lacteos-huevos-y-refrigerados/yoghurt/trozos-y-especiales,https://www.unimarc.cl/_next/data/0ucQ92dO_m9T9joH0FjVV/category/lacteos-huevos-y-refrigerados/yoghurt/trozos-y-especiales.json?categories=lacteos-huevos-y-refrigerados&categories=yoghurt&categories=trozos-y-especiales,2026-02-20T18:41:13
93096,Yoghurt Kefir Soprole trozo piña 120 g,Soprole,1 un,Kg,480,480,,False,,$4.000 x Kg,$4.000 x Kg,https://www.unimarc.cl/yog-kefir-troz-soprole-120g-pina/p,https://unimarc.vtexassets.com/arquivos/ids/251790/000000000684877002-UN-01.jpg?v=638947747897100000,Bebidas vegetales,Trozos y especiales,https://www.unimarc.cl/category/lacteos-huevos-y-refrigerados/yoghurt/trozos-y-especiales,https://www.unimarc.cl/_next/data/0ucQ92dO_m9T9joH0FjVV/category/lacteos-huevos-y-refrigerados/yoghurt/trozos-y-especiales.json?categories=lacteos-huevos-y-refrigerados&categories=yoghurt&categories=trozos-y-especiales,2026-02-20T18:41:13
75767,Yoghurt griego Artisan natural 360 g,Artisan,1 un,Kg,2590,2590,,False,,$7.194 x Kg,$7.194 x Kg,https://www.unimarc.cl/yogurt-griego-artisan-360-gr-natural/p,https://unimarc.vtexassets.com/arquivos/ids/210827/000000000649272001-UN-01.jpg?v=637516075169800000,Bebidas vegetales,Trozos y especiales,https://www.unimarc.cl/category/lacteos-huevos-y-refrigerados/yoghurt/trozos-y-especiales,https://www.unimarc.cl/_next/data/0ucQ92dO_m9T9joH0FjVV/category/lacteos-huevos-y-refrigerados/yoghurt/trozos-y-especiales.json?categories=lacteos-huevos-y-refrigerados&categories=yoghurt&categories=trozos-y-especiales,2026-02-20T18:41:13
58707,Yoghurt sin lactosa Soprole trozos frutos secos 155 g Yoghurt sin lactosa Soprole zerolacto trozos frutos secos pote 155 g,Soprole,1 un,Kg,700,700,,False,,$4.516 x Kg,$4.516 x Kg,https://www.unimarc.cl/yoghurt-zer-lac-sopro-155g-frutos-secos/p,https://unimarc.vtexassets.com/arquivos/ids/233134/000000000638340001-UN-01.jpg?v=638191710450300000,Bebidas vegetales,Trozos y especiales,https://www.unimarc.cl/category/lacteos-huevos-y-refrigerados/yoghurt/trozos-y-especiales,https://www.unimarc.cl/_next/data/0ucQ92dO_m9T9joH0FjVV/category/lacteos-huevos-y-refrigerados/yoghurt/trozos-y-especiales.json?categories=lacteos-huevos-y-refrigerados&categories=yoghurt&categories=trozos-y-especiales,2026-02-20T18:41:13
91251,Yogurt griego Oikos miel granola crunch 142 g,Oikos,1 un,Kg,1190,1190,,False,,$8.380 x Kg,$8.380 x Kg,https://www.unimarc.cl/yogurt-griego-miel-granola-oikos-142gr/p,https://unimarc.vtexassets.com/arquivos/ids/248051/000000000000675010-UN-01.jpg?v=638799783199370000,Bebidas vegetales,Trozos y especiales,https://www.unimarc.cl/category/lacteos-huevos-y-refrigerados/yoghurt/trozos-y-especiales,https://www.unimarc.cl/_next/data/0ucQ92dO_m9T9joH0FjVV/category/lacteos-huevos-y-refrigerados/yoghurt/trozos-y-especiales.json?categories=lacteos-huevos-y-refrigerados&categories=yoghurt&categories=trozos-y-especiales,2026-02-20T18:41:13
91252,Yogurt griego Oikos colchón de miel 150 g,Oikos,1 un,Kg,760,760,,False,,$5.067 x Kg,$5.067 x Kg,https://www.unimarc.cl/yogurt-griego-colchon-miel-oikos-150gr/p,https://unimarc.vtexassets.com/arquivos/ids/248052/000000000000675027-UN-01.jpg?v=638799783201870000,Bebidas vegetales,Trozos y especiales,https://www.unimarc.cl/category/lacteos-huevos-y-refrigerados/yoghurt/trozos-y-especiales,https://www.unimarc.cl/_next/data/0ucQ92dO_m9T9joH0FjVV/category/lacteos-huevos-y-refrigerados/yoghurt/trozos-y-especiales.json?categories=lacteos-huevos-y-refrigerados&categories=yoghurt&categories=trozos-y-especiales,2026-02-20T18:41:13
58712,Yoghurt sin lactosa Soprole trozos frutilla 155 g Yoghurt sin lactosa Soprole Zerolacto frutilla con trozos de fruta pote 155 g,Soprole,1 un,Kg,700,700,,False,,$4.516 x Kg,$4.516 x Kg,https://www.unimarc.cl/yoghurt-zer-lac-tro-sopro-155g-frutilla/p,https://unimarc.vtexassets.com/arquivos/ids/233340/000000000638343001-UN-01.jpg?v=638198666560730000,Bebidas vegetales,Trozos y especiales,https://www.unimarc.cl/category/lacteos-huevos-y-refrigerados/yoghurt/trozos-y-especiales,https://www.unimarc.cl/_next/data/0ucQ92dO_m9T9joH0FjVV/category/lacteos-huevos-y-refrigerados/yoghurt/trozos-y-especiales.json?categories=lacteos-huevos-y-refrigerados&categories=yoghurt&categories=trozos-y-especiales,2026-02-20T18:41:13
13800,Yoghurt Pucará casero con mermelada de mora 230 g,Pucara,1 un,Kg,1690,1690,,False,,$7.348 x Kg,$7.348 x Kg,https://www.unimarc.cl/yoghurt-casero-c-merm-mora-pucara-230gr/p,https://unimarc.vtexassets.com/arquivos/ids/172878/000000000000218459-UN-01.jpg?v=636615665494770000,Bebidas vegetales,Trozos y especiales,https://www.unimarc.cl/category/lacteos-huevos-y-refrigerados/yoghurt/trozos-y-especiales,https://www.unimarc.cl/_next/data/0ucQ92dO_m9T9joH0FjVV/category/lacteos-huevos-y-refrigerados/yoghurt/trozos-y-especiales.json?categories=lacteos-huevos-y-refrigerados&categories=yoghurt&categories=trozos-y-especiales,2026-02-20T18:41:13
13799,Yoghurt casero Pucara con mermelada de frambuesa frasco 230 g,Pucara,1 un,Kg,1690,1690,,False,,$7.348 x Kg,$7.348 x Kg,https://www.unimarc.cl/yoghurt-casero-c-merm-fram-pucara-230-gr/p,https://unimarc.vtexassets.com/arquivos/ids/172880/000000000000218458-UN-01.jpg?v=636615666073130000,Bebidas vegetales,Trozos y especiales,https://www.unimarc.cl/category/lacteos-huevos-y-refrigerados/yoghurt/trozos-y-especiales,https://www.unimarc.cl/_next/data/0ucQ92dO_m9T9joH0FjVV/category/lacteos-huevos-y-refrigerados/yoghurt/trozos-y-especiales.json?categories=lacteos-huevos-y-refrigerados&categories=yoghurt&categories=trozos-y-especiales,2026-02-20T18:41:13
1737,Chiquitín Nestlé frutilla 45 g,Nestle,1 un,Kg,360,360,,False,,$8.000 x Kg,$8.000 x Kg,https://www.unimarc.cl/chiquitin-nestle-frutilla-45-g/p,https://unimarc.vtexassets.com/arquivos/ids/229199/000000000400214003-UN-01.jpg?v=637993025824230000,Bebidas vegetales,Con cereal e infantiles,https://www.unimarc.cl/category/lacteos-huevos-y-refrigerados/yoghurt/con-cereal-e-infantiles,https://www.unimarc.cl/_next/data/0ucQ92dO_m9T9joH0FjVV/category/lacteos-huevos-y-refrigerados/yoghurt/con-cereal-e-infantiles.json?categories=lacteos-huevos-y-refrigerados&categories=yoghurt&categories=con-cereal-e-infantiles,2026-02-20T18:41:20
5594,Yoghurt con cereal Soprole 1+1 zucaritas y chocokrispis 5 un de 140 g Pack Yoghurt Soprole 1+1 con cereales 3 un zucaritas y 2 un chocokrispis,Soprole,1 un,Kg,3650,3650,,False,,$4.867 x Kg,$4.867 x Kg,https://www.unimarc.cl/yoghurt-pack-1-1/p,https://unimarc.vtexassets.com/arquivos/ids/222647/000000000000575109-UN-01.jpg?v=637762344656830000,Bebidas vegetales,Con cereal e infantiles,https://www.unimarc.cl/category/lacteos-huevos-y-refrigerados/yoghurt/con-cereal-e-infantiles,https://www.unimarc.cl/_next/data/0ucQ92dO_m9T9joH0FjVV/category/lacteos-huevos-y-refrigerados/yoghurt/con-cereal-e-infantiles.json?categories=lacteos-huevos-y-refrigerados&categories=yoghurt&categories=con-cereal-e-infantiles,2026-02-20T18:41:20
7570,Yoghurt+cereal Mix Nestlé milo con cuchara 142 g,Nestle,1 un,Kg,710,710,,False,,$5.000 x Kg,$5.000 x Kg,https://www.unimarc.cl/yog-cereal-c-cuchara-nestle-142-g-milo/p,https://unimarc.vtexassets.com/arquivos/ids/229215/000000000554622005-UN-01.jpg?v=637993038696130000,Bebidas vegetales,Con cereal e infantiles,https://www.unimarc.cl/category/lacteos-huevos-y-refrigerados/yoghurt/con-cereal-e-infantiles,https://www.unimarc.cl/_next/data/0ucQ92dO_m9T9joH0FjVV/category/lacteos-huevos-y-refrigerados/yoghurt/con-cereal-e-infantiles.json?categories=lacteos-huevos-y-refrigerados&categories=yoghurt&categories=con-cereal-e-infantiles,2026-02-20T18:41:20
7569,Yoghurt+cereal Nestlé Chocapic con cuchara 142 g,Nestle,1 un,Kg,710,710,,False,,$5.000 x Kg,$5.000 x Kg,https://www.unimarc.cl/yog-cereal-c-cuchara-nestle-1-chocapic/p,https://unimarc.vtexassets.com/arquivos/ids/229213/000000000554622003-UN-01.jpg?v=637993037808500000,Bebidas vegetales,Con cereal e infantiles,https://www.unimarc.cl/category/lacteos-huevos-y-refrigerados/yoghurt/con-cereal-e-infantiles,https://www.unimarc.cl/_next/data/0ucQ92dO_m9T9joH0FjVV/category/lacteos-huevos-y-refrigerados/yoghurt/con-cereal-e-infantiles.json?categories=lacteos-huevos-y-refrigerados&categories=yoghurt&categories=con-cereal-e-infantiles,2026-02-20T18:41:20
1769,Yoghurt con cereal Soprole 1+1 zucaritas 140 g Yoghurt con cereal Soprole 1+1 zucaritas pote 140 g,Soprole,1 un,Kg,750,750,,False,,$5.357 x Kg,$5.357 x Kg,https://www.unimarc.cl/yoghurt-cereal-1-1-zucaritas-soprole-140-g/p,https://unimarc.vtexassets.com/arquivos/ids/222690/000000000401652001-UN-01.jpg?v=638321946550970000,Bebidas vegetales,Con cereal e infantiles,https://www.unimarc.cl/category/lacteos-huevos-y-refrigerados/yoghurt/con-cereal-e-infantiles,https://www.unimarc.cl/_next/data/0ucQ92dO_m9T9joH0FjVV/category/lacteos-huevos-y-refrigerados/yoghurt/con-cereal-e-infantiles.json?categories=lacteos-huevos-y-refrigerados&categories=yoghurt&categories=con-cereal-e-infantiles,2026-02-20T18:41:20
75430,Yoghurt con cereal Soprole 1+1 mini cookies 140 g Yoghurt Soprole 1+1 con mini galletas pote 140 g,Soprole,1 un,Kg,750,750,,False,,$5.357 x Kg,$5.357 x Kg,https://www.unimarc.cl/yoghurt-1-1-min-cookies-c-c-soprole-140g/p,https://unimarc.vtexassets.com/arquivos/ids/222662/000000000000650060-UN-01.jpg?v=637762377548430000,Bebidas vegetales,Con cereal e infantiles,https://www.unimarc.cl/category/lacteos-huevos-y-refrigerados/yoghurt/con-cereal-e-infantiles,https://www.unimarc.cl/_next/data/0ucQ92dO_m9T9joH0FjVV/category/lacteos-huevos-y-refrigerados/yoghurt/con-cereal-e-infantiles.json?categories=lacteos-huevos-y-refrigerados&categories=yoghurt&categories=con-cereal-e-infantiles,2026-02-20T18:41:20
11623,Yoghurt con cereal Soprole 1+1 choco krispis 140 g Yoghurt con cereal Soprole 1+1 choco krispis pote 140 g,Soprole,1 un,Kg,750,750,,False,,$5.357 x Kg,$5.357 x Kg,https://www.unimarc.cl/yoghurt-1-1-para-llevar-sopro-chocolate/p,https://unimarc.vtexassets.com/arquivos/ids/222692/000000000401652002-UN-01.jpg?v=638321946559800000,Bebidas vegetales,Con cereal e infantiles,https://www.unimarc.cl/category/lacteos-huevos-y-refrigerados/yoghurt/con-cereal-e-infantiles,https://www.unimarc.cl/_next/data/0ucQ92dO_m9T9joH0FjVV/category/lacteos-huevos-y-refrigerados/yoghurt/con-cereal-e-infantiles.json?categories=lacteos-huevos-y-refrigerados&categories=yoghurt&categories=con-cereal-e-infantiles,2026-02-20T18:41:20
1824,Pack yoghurt+cereal Mix Nestlé chocapic+zucosos 5 un de 142 g,Nestle,1 un,Kg,3450,3450,,False,,$4.859 x Kg,$4.859 x Kg,https://www.unimarc.cl/yoghurt-cereal-zucosos-con-cuchara-142-g-pack-5-u/p,https://unimarc.vtexassets.com/arquivos/ids/229239/000000000697296001-UN-01.jpg?v=637993068555130000,Bebidas vegetales,Con cereal e infantiles,https://www.unimarc.cl/category/lacteos-huevos-y-refrigerados/yoghurt/con-cereal-e-infantiles,https://www.unimarc.cl/_next/data/0ucQ92dO_m9T9joH0FjVV/category/lacteos-huevos-y-refrigerados/yoghurt/con-cereal-e-infantiles.json?categories=lacteos-huevos-y-refrigerados&categories=yoghurt&categories=con-cereal-e-infantiles,2026-02-20T18:41:20
86967,Yoghurt con cereal Soprole 1+1 sin lactosa zucaritas 140 g,Soprole,1 un,Kg,750,750,,False,,$5.357 x Kg,$5.357 x Kg,https://www.unimarc.cl/yogurt-1-1-zerola-zucaritas-soprole-140g/p,https://unimarc.vtexassets.com/arquivos/ids/238414/000000000000668100-UN-01.jpg?v=638471528854630000,Bebidas vegetales,Con cereal e infantiles,https://www.unimarc.cl/category/lacteos-huevos-y-refrigerados/yoghurt/con-cereal-e-infantiles,https://www.unimarc.cl/_next/data/0ucQ92dO_m9T9joH0FjVV/category/lacteos-huevos-y-refrigerados/yoghurt/con-cereal-e-infantiles.json?categories=lacteos-huevos-y-refrigerados&categories=yoghurt&categories=con-cereal-e-infantiles,2026-02-20T18:41:20
86968,Yoghurt con cereal Soprole 1+1 sin lactosa chocokrispis 140 g,Soprole,1 un,Kg,750,750,,False,,$5.357 x Kg,$5.357 x Kg,https://www.unimarc.cl/yogurt-1-1-zerola-chocokris-soprole-140g/p,https://unimarc.vtexassets.com/arquivos/ids/238415/000000000000668101-UN-01.jpg?v=638471528859270000,Bebidas vegetales,Con cereal e infantiles,https://www.unimarc.cl/category/lacteos-huevos-y-refrigerados/yoghurt/con-cereal-e-infantiles,https://www.unimarc.cl/_next/data/0ucQ92dO_m9T9joH0FjVV/category/lacteos-huevos-y-refrigerados/yoghurt/con-cereal-e-infantiles.json?categories=lacteos-huevos-y-refrigerados&categories=yoghurt&categories=con-cereal-e-infantiles,2026-02-20T18:41:20
84734,Pack bebida láctea chamyto Nestlé frutilla 18 un de 80 ml,Nestle,1 un,litro,5000,6550,5000,True,Ahorras $1.550,$3.472 x litro,$4.549 x litro,https://www.unimarc.cl/beb-lac-chamyto-nestle-18x80ml-frutilla/p,https://unimarc.vtexassets.com/arquivos/ids/234215/000000000665410001-UN-01.jpg?v=638236449731530000,Bebidas vegetales,Probióticos y funcionales,https://www.unimarc.cl/category/lacteos-huevos-y-refrigerados/yoghurt/probioticos-y-funcionales,https://www.unimarc.cl/_next/data/0ucQ92dO_m9T9joH0FjVV/category/lacteos-huevos-y-refrigerados/yoghurt/probioticos-y-funcionales.json?categories=lacteos-huevos-y-refrigerados&categories=yoghurt&categories=probioticos-y-funcionales,2026-02-20T18:41:30
91785,Bebida láctea Surlat sin lactosa frutilla 4 un de 80 ml,Surlat,1 un,litro,1000,1290,1000,True,Ahorras $290,$3.125 x litro,$4.031 x litro,https://www.unimarc.cl/beb-lac-prob-s-l-surlat-4x80ml-frutilla/p,https://unimarc.vtexassets.com/arquivos/ids/249906/000000000667634001-UN-01.jpg?v=638865457998800000,Bebidas vegetales,Probióticos y funcionales,https://www.unimarc.cl/category/lacteos-huevos-y-refrigerados/yoghurt/probioticos-y-funcionales,https://www.unimarc.cl/_next/data/0ucQ92dO_m9T9joH0FjVV/category/lacteos-huevos-y-refrigerados/yoghurt/probioticos-y-funcionales.json?categories=lacteos-huevos-y-refrigerados&categories=yoghurt&categories=probioticos-y-funcionales,2026-02-20T18:41:30
53705,Probiótico Soprole Uno multifruta cajitas 6 un de 80 ml Pack probiótico defensas Soprole Uno sabor multifruta con bombilla 6 un de 80 ml,Uno,1 un,litro,1950,2150,1950,True,Ahorras $200,$4.063 x litro,$4.479 x litro,https://www.unimarc.cl/yog-tetra-pack-6-uno-80-ml-multifruta/p,https://unimarc.vtexassets.com/arquivos/ids/222702/000000000635102002-UN-01.jpg?v=637762408838630000,Bebidas vegetales,Probióticos y funcionales,https://www.unimarc.cl/category/lacteos-huevos-y-refrigerados/yoghurt/probioticos-y-funcionales,https://www.unimarc.cl/_next/data/0ucQ92dO_m9T9joH0FjVV/category/lacteos-huevos-y-refrigerados/yoghurt/probioticos-y-funcionales.json?categories=lacteos-huevos-y-refrigerados&categories=yoghurt&categories=probioticos-y-funcionales,2026-02-20T18:41:30
91786,Bebida láctea Surlat sin lactosa manzana 4 un de 80 ml,Surlat,1 un,litro,1000,1290,1000,True,Ahorras $290,$3.125 x litro,$4.031 x litro,https://www.unimarc.cl/beb-lac-prob-s-l-surlat-4x80ml-manzana/p,https://unimarc.vtexassets.com/arquivos/ids/249907/000000000667634002-UN-01.jpg?v=638865458001470000,Bebidas vegetales,Probióticos y funcionales,https://www.unimarc.cl/category/lacteos-huevos-y-refrigerados/yoghurt/probioticos-y-funcionales,https://www.unimarc.cl/_next/data/0ucQ92dO_m9T9joH0FjVV/category/lacteos-huevos-y-refrigerados/yoghurt/probioticos-y-funcionales.json?categories=lacteos-huevos-y-refrigerados&categories=yoghurt&categories=probioticos-y-funcionales,2026-02-20T18:41:30
96487,Yoghurt Goodnes magnesio frutilla 140 gr,Nestle,1 un,litro,590,590,,False,,$4.214 x litro,$4.214 x litro,https://www.unimarc.cl/yoghurt-goodnes-mag-nestle-140-frutilla/p,https://unimarc.vtexassets.com/arquivos/ids/255306/000000000694952001-UN-01.jpg?v=639041749004030000,Bebidas vegetales,Probióticos y funcionales,https://www.unimarc.cl/category/lacteos-huevos-y-refrigerados/yoghurt/probioticos-y-funcionales,https://www.unimarc.cl/_next/data/0ucQ92dO_m9T9joH0FjVV/category/lacteos-huevos-y-refrigerados/yoghurt/probioticos-y-funcionales.json?categories=lacteos-huevos-y-refrigerados&categories=yoghurt&categories=probioticos-y-funcionales,2026-02-20T18:41:30
96552,Yoghurt Goodnes magnesio natural 140 gr,Nestle,1 un,litro,590,590,,False,,$4.214 x litro,$4.214 x litro,https://www.unimarc.cl/yoghurt-goodnes-mag-nestle-140g-natural/p,https://unimarc.vtexassets.com/arquivos/ids/255808/000000000694952002-UN-01.jpg?v=639050492433830000,Bebidas vegetales,Probióticos y funcionales,https://www.unimarc.cl/category/lacteos-huevos-y-refrigerados/yoghurt/probioticos-y-funcionales,https://www.unimarc.cl/_next/data/0ucQ92dO_m9T9joH0FjVV/category/lacteos-huevos-y-refrigerados/yoghurt/probioticos-y-funcionales.json?categories=lacteos-huevos-y-refrigerados&categories=yoghurt&categories=probioticos-y-funcionales,2026-02-20T18:41:30
11758,Pack Bebida láctea Chamyto manzana 12 un de 80 ml,Nestle,1 un,litro,4000,4900,4000,True,Ahorras $900,$4.167 x litro,$5.104 x litro,https://www.unimarc.cl/chamyto-prob-bot-mp12x80-ml-manzana/p,https://unimarc.vtexassets.com/arquivos/ids/229245/000000000755136002-UN-01.jpg?v=637993071349030000,Bebidas vegetales,Probióticos y funcionales,https://www.unimarc.cl/category/lacteos-huevos-y-refrigerados/yoghurt/probioticos-y-funcionales,https://www.unimarc.cl/_next/data/0ucQ92dO_m9T9joH0FjVV/category/lacteos-huevos-y-refrigerados/yoghurt/probioticos-y-funcionales.json?categories=lacteos-huevos-y-refrigerados&categories=yoghurt&categories=probioticos-y-funcionales,2026-02-20T18:41:30
53706,Probiótico Soprole Uno frutilla cajitas 12 un de 80 ml Pack probiótico defensas Soprole Uno sabor frutilla con bombilla 12 un de 80 ml,Uno,1 un,litro,3590,4190,3590,True,Ahorras $600,$3.740 x litro,$4.365 x litro,https://www.unimarc.cl/yog-tetra-12-pack-uno-80ml-frutilla/p,https://unimarc.vtexassets.com/arquivos/ids/222704/000000000635113001-UN-01.jpg?v=637762409802000000,Bebidas vegetales,Probióticos y funcionales,https://www.unimarc.cl/category/lacteos-huevos-y-refrigerados/yoghurt/probioticos-y-funcionales,https://www.unimarc.cl/_next/data/0ucQ92dO_m9T9joH0FjVV/category/lacteos-huevos-y-refrigerados/yoghurt/probioticos-y-funcionales.json?categories=lacteos-huevos-y-refrigerados&categories=yoghurt&categories=probioticos-y-funcionales,2026-02-20T18:41:30
83198,Kefir Soprole berries 1 L Kefir Soprole sabor berries 1 L,Soprole,1 un,litro,2590,2590,,False,,$2.590 x litro,$2.590 x litro,https://www.unimarc.cl/kefir-soprole-1lt-berries/p,https://unimarc.vtexassets.com/arquivos/ids/231025/000000000662962003-UN-01.jpg?v=638053256605430000,Bebidas vegetales,Probióticos y funcionales,https://www.unimarc.cl/category/lacteos-huevos-y-refrigerados/yoghurt/probioticos-y-funcionales,https://www.unimarc.cl/_next/data/0ucQ92dO_m9T9joH0FjVV/category/lacteos-huevos-y-refrigerados/yoghurt/probioticos-y-funcionales.json?categories=lacteos-huevos-y-refrigerados&categories=yoghurt&categories=probioticos-y-funcionales,2026-02-20T18:41:30
1706,Probiótico Soprole Uno frutilla 18 un de 80 ml Pack probiótico defensas Soprole Uno sabor frutilla 18 un de 80 ml,Uno,1 un,litro,5890,6490,5890,True,Ahorras $600,$4.090 x litro,$4.507 x litro,https://www.unimarc.cl/pack-beb-uno-soprole-multisabor-18x80ml/p,https://unimarc.vtexassets.com/arquivos/ids/233892/000000000000965839-UN-01.jpg?v=638218340768700000,Bebidas vegetales,Probióticos y funcionales,https://www.unimarc.cl/category/lacteos-huevos-y-refrigerados/yoghurt/probioticos-y-funcionales,https://www.unimarc.cl/_next/data/0ucQ92dO_m9T9joH0FjVV/category/lacteos-huevos-y-refrigerados/yoghurt/probioticos-y-funcionales.json?categories=lacteos-huevos-y-refrigerados&categories=yoghurt&categories=probioticos-y-funcionales,2026-02-20T18:41:30
53704,Probiótico Soprole Uno frutilla cajitas 6 un de 80 ml Pack probiótico defensas Soprole Uno sabor frutilla con bombilla 6 un de 80 ml,Uno,1 un,litro,1950,2150,1950,True,Ahorras $200,$4.063 x litro,$4.479 x litro,https://www.unimarc.cl/yog-tetra-pack-6-uno-80-ml-frutilla/p,https://unimarc.vtexassets.com/arquivos/ids/222700/000000000635102001-UN-01.jpg?v=637762407813300000,Bebidas vegetales,Probióticos y funcionales,https://www.unimarc.cl/category/lacteos-huevos-y-refrigerados/yoghurt/probioticos-y-funcionales,https://www.unimarc.cl/_next/data/0ucQ92dO_m9T9joH0FjVV/category/lacteos-huevos-y-refrigerados/yoghurt/probioticos-y-funcionales.json?categories=lacteos-huevos-y-refrigerados&categories=yoghurt&categories=probioticos-y-funcionales,2026-02-20T18:41:30
14349,Pack Minishot probíotico Calán frutilla 6 un de 90 ml,Calan,1 un,Kg,2000,2490,2000,True,Ahorras $490,$3.704 x Kg,$4.611 x Kg,https://www.unimarc.cl/minishot-con-probiotico-calan-frutilla/p,https://unimarc.vtexassets.com/arquivos/ids/193205/000000000803642001-UN-01.jpg?v=637217812501730000,Bebidas vegetales,Probióticos y funcionales,https://www.unimarc.cl/category/lacteos-huevos-y-refrigerados/yoghurt/probioticos-y-funcionales,https://www.unimarc.cl/_next/data/0ucQ92dO_m9T9joH0FjVV/category/lacteos-huevos-y-refrigerados/yoghurt/probioticos-y-funcionales.json?categories=lacteos-huevos-y-refrigerados&categories=yoghurt&categories=probioticos-y-funcionales,2026-02-20T18:41:30
40296,Pack Minishot probiótico Calán multifruta 6 un de 90 ml,Calan,1 un,Kg,2000,2490,2000,True,Ahorras $490,$3.704 x Kg,$4.611 x Kg,https://www.unimarc.cl/minishot-con-probiotico-cala-multifruta/p,https://unimarc.vtexassets.com/arquivos/ids/193204/000000000803642004-UN-01.jpg?v=637217811866070000,Bebidas vegetales,Probióticos y funcionales,https://www.unimarc.cl/category/lacteos-huevos-y-refrigerados/yoghurt/probioticos-y-funcionales,https://www.unimarc.cl/_next/data/0ucQ92dO_m9T9joH0FjVV/category/lacteos-huevos-y-refrigerados/yoghurt/probioticos-y-funcionales.json?categories=lacteos-huevos-y-refrigerados&categories=yoghurt&categories=probioticos-y-funcionales,2026-02-20T18:41:30
5691,Probiótico Soprole Uno multifruta 6 un de 80 ml Pack probiótico defensas Soprole Uno sabor multifruta 6 un de 90 ml,Uno,1 un,litro,1900,2150,1900,True,Ahorras $250,$3.958 x litro,$4.479 x litro,https://www.unimarc.cl/pack-be-lactea-multifr-uno-al-dia-6x80ml/p,https://unimarc.vtexassets.com/arquivos/ids/233887/000000000000597719-UN-01.jpg?v=638218333298930000,Bebidas vegetales,Probióticos y funcionales,https://www.unimarc.cl/category/lacteos-huevos-y-refrigerados/yoghurt/probioticos-y-funcionales,https://www.unimarc.cl/_next/data/0ucQ92dO_m9T9joH0FjVV/category/lacteos-huevos-y-refrigerados/yoghurt/probioticos-y-funcionales.json?categories=lacteos-huevos-y-refrigerados&categories=yoghurt&categories=probioticos-y-funcionales,2026-02-20T18:41:30
93571,Probiótico Calan Minions frutilla 12 un de 108 ml,Calan,1 un,litro,4690,5520,4690,True,Ahorras $830,$3.619 x litro,$4.259 x litro,https://www.unimarc.cl/probiotico-minions-calan-108ml-frutilla/p,https://unimarc.vtexassets.com/arquivos/ids/252920/000000000691017001-DIS-01.jpg?v=638984702580330000,Bebidas vegetales,Probióticos y funcionales,https://www.unimarc.cl/category/lacteos-huevos-y-refrigerados/yoghurt/probioticos-y-funcionales,https://www.unimarc.cl/_next/data/0ucQ92dO_m9T9joH0FjVV/category/lacteos-huevos-y-refrigerados/yoghurt/probioticos-y-funcionales.json?categories=lacteos-huevos-y-refrigerados&categories=yoghurt&categories=probioticos-y-funcionales,2026-02-20T18:41:30
89112,Probiótico Soprole Uno vitamina C frutilla 6 un de 80 ml,Soprole,1 un,mililitros,2150,2390,2150,True,Ahorras $240,$4.479 x mililitros,$4.979 x mililitros,https://www.unimarc.cl/pack-probiotic-uno-vit-c-6x80m-frutilla/p,https://unimarc.vtexassets.com/arquivos/ids/244244/000000000671163001-UN-01.jpg?v=638640048334400000,Bebidas vegetales,Probióticos y funcionales,https://www.unimarc.cl/category/lacteos-huevos-y-refrigerados/yoghurt/probioticos-y-funcionales,https://www.unimarc.cl/_next/data/0ucQ92dO_m9T9joH0FjVV/category/lacteos-huevos-y-refrigerados/yoghurt/probioticos-y-funcionales.json?categories=lacteos-huevos-y-refrigerados&categories=yoghurt&categories=probioticos-y-funcionales,2026-02-20T18:41:30
84913,Yoghurt kefir Colun natural pote 120 g,Colun,1 un,Kg,460,460,,False,,$3.833 x Kg,$3.833 x Kg,https://www.unimarc.cl/yoghurt-kefir-colun-120gr-natural/p,https://unimarc.vtexassets.com/arquivos/ids/235141/000000000665558001-UN-01.png?v=638271202191000000,Bebidas vegetales,Probióticos y funcionales,https://www.unimarc.cl/category/lacteos-huevos-y-refrigerados/yoghurt/probioticos-y-funcionales,https://www.unimarc.cl/_next/data/0ucQ92dO_m9T9joH0FjVV/category/lacteos-huevos-y-refrigerados/yoghurt/probioticos-y-funcionales.json?categories=lacteos-huevos-y-refrigerados&categories=yoghurt&categories=probioticos-y-funcionales,2026-02-20T18:41:30
14133,Probiótico Soprole Uno multifruta 12 un de 80 ml Pack probiótico defensas Soprole Uno sabor multifruta 12 un de 80 ml,Uno,1 un,Kg,4190,4190,,False,,$4.365 x Kg,$4.365 x Kg,https://www.unimarc.cl/pack-beb-uno-soprole-multifrut-12x80ml/p,https://unimarc.vtexassets.com/arquivos/ids/233891/000000000000687136-UN-01.jpg?v=638218339953970000,Bebidas vegetales,Probióticos y funcionales,https://www.unimarc.cl/category/lacteos-huevos-y-refrigerados/yoghurt/probioticos-y-funcionales,https://www.unimarc.cl/_next/data/0ucQ92dO_m9T9joH0FjVV/category/lacteos-huevos-y-refrigerados/yoghurt/probioticos-y-funcionales.json?categories=lacteos-huevos-y-refrigerados&categories=yoghurt&categories=probioticos-y-funcionales,2026-02-20T18:41:30
84914,Yoghurt kefir Colun frutilla pote 120 g,Colun,1 un,Kg,460,460,,False,,$3.833 x Kg,$3.833 x Kg,https://www.unimarc.cl/yoghurt-kefir-colun-120gr-frutilla/p,https://unimarc.vtexassets.com/arquivos/ids/235218/000000000665558002-UN-01.jpg?v=638272827920700000,Bebidas vegetales,Probióticos y funcionales,https://www.unimarc.cl/category/lacteos-huevos-y-refrigerados/yoghurt/probioticos-y-funcionales,https://www.unimarc.cl/_next/data/0ucQ92dO_m9T9joH0FjVV/category/lacteos-huevos-y-refrigerados/yoghurt/probioticos-y-funcionales.json?categories=lacteos-huevos-y-refrigerados&categories=yoghurt&categories=probioticos-y-funcionales,2026-02-20T18:41:30
77705,Yoghurt Goodnes probióticos sabor frutilla pote 140 g,Nestle,1 un,Kg,550,550,,False,,$3.929 x Kg,$3.929 x Kg,https://www.unimarc.cl/yogurt-goodnes-nestle-140gr-frutilla/p,https://unimarc.vtexassets.com/arquivos/ids/245393/000000000651951002-UN-01.jpg?v=638675386126200000,Bebidas vegetales,Probióticos y funcionales,https://www.unimarc.cl/category/lacteos-huevos-y-refrigerados/yoghurt/probioticos-y-funcionales,https://www.unimarc.cl/_next/data/0ucQ92dO_m9T9joH0FjVV/category/lacteos-huevos-y-refrigerados/yoghurt/probioticos-y-funcionales.json?categories=lacteos-huevos-y-refrigerados&categories=yoghurt&categories=probioticos-y-funcionales,2026-02-20T18:41:30
83196,Kefir Soprole natural 1 L Kefir Soprole sabor natural 1 L,Soprole,1 un,litro,2590,2590,,False,,$2.590 x litro,$2.590 x litro,https://www.unimarc.cl/kefir-soprole-1lt-natural/p,https://unimarc.vtexassets.com/arquivos/ids/231026/000000000662962001-UN-01.jpg?v=638053260322230000,Bebidas vegetales,Probióticos y funcionales,https://www.unimarc.cl/category/lacteos-huevos-y-refrigerados/yoghurt/probioticos-y-funcionales,https://www.unimarc.cl/_next/data/0ucQ92dO_m9T9joH0FjVV/category/lacteos-huevos-y-refrigerados/yoghurt/probioticos-y-funcionales.json?categories=lacteos-huevos-y-refrigerados&categories=yoghurt&categories=probioticos-y-funcionales,2026-02-20T18:41:30
77704,Yoghurt Goodnes probióticos natural endulzado pote 140 g,Nestle,1 un,Kg,550,550,,False,,$3.929 x Kg,$3.929 x Kg,https://www.unimarc.cl/yogurt-goodnes-nestle-140gr-natural/p,https://unimarc.vtexassets.com/arquivos/ids/245392/000000000651951001-UN-01.jpg?v=638675385574400000,Bebidas vegetales,Probióticos y funcionales,https://www.unimarc.cl/category/lacteos-huevos-y-refrigerados/yoghurt/probioticos-y-funcionales,https://www.unimarc.cl/_next/data/0ucQ92dO_m9T9joH0FjVV/category/lacteos-huevos-y-refrigerados/yoghurt/probioticos-y-funcionales.json?categories=lacteos-huevos-y-refrigerados&categories=yoghurt&categories=probioticos-y-funcionales,2026-02-20T18:41:30
77706,Yoghurt Goodnes probióticos sabor vainilla pote 140 g,Nestle,1 un,Kg,550,550,,False,,$3.929 x Kg,$3.929 x Kg,https://www.unimarc.cl/yogurt-goodnes-nestle-140gr-vainilla/p,https://unimarc.vtexassets.com/arquivos/ids/245394/000000000651951003-UN-01.jpg?v=638675387070800000,Bebidas vegetales,Probióticos y funcionales,https://www.unimarc.cl/category/lacteos-huevos-y-refrigerados/yoghurt/probioticos-y-funcionales,https://www.unimarc.cl/_next/data/0ucQ92dO_m9T9joH0FjVV/category/lacteos-huevos-y-refrigerados/yoghurt/probioticos-y-funcionales.json?categories=lacteos-huevos-y-refrigerados&categories=yoghurt&categories=probioticos-y-funcionales,2026-02-20T18:41:30
86472,Yoghurt sin lactosa Soprole chocolate y almendras 155 g,Soprole,1 un,Kg,700,700,,False,,$4.516 x Kg,$4.516 x Kg,https://www.unimarc.cl/soprole-zerolacto-choco-almendras-155g/p,https://unimarc.vtexassets.com/arquivos/ids/236928/000000000000667591-UN-01.jpg?v=638392224053000000,Bebidas vegetales,Probióticos y funcionales,https://www.unimarc.cl/category/lacteos-huevos-y-refrigerados/yoghurt/probioticos-y-funcionales,https://www.unimarc.cl/_next/data/0ucQ92dO_m9T9joH0FjVV/category/lacteos-huevos-y-refrigerados/yoghurt/probioticos-y-funcionales.json?categories=lacteos-huevos-y-refrigerados&categories=yoghurt&categories=probioticos-y-funcionales,2026-02-20T18:41:30
7200,Pack Bebida láctea Chamyto frutilla 6 un de 80 ml,Nestle,1 un,litro,2690,2690,,False,,$5.604 x litro,$5.604 x litro,https://www.unimarc.cl/bebida-lactea-chamyto-frutilla-pack-6u-80-ml-2/p,https://unimarc.vtexassets.com/arquivos/ids/229197/000000000400172004-DIS-01.jpg?v=637993023432170000,Bebidas vegetales,Probióticos y funcionales,https://www.unimarc.cl/category/lacteos-huevos-y-refrigerados/yoghurt/probioticos-y-funcionales,https://www.unimarc.cl/_next/data/0ucQ92dO_m9T9joH0FjVV/category/lacteos-huevos-y-refrigerados/yoghurt/probioticos-y-funcionales.json?categories=lacteos-huevos-y-refrigerados&categories=yoghurt&categories=probioticos-y-funcionales,2026-02-20T18:41:30
1445,Probiótico Soprole Uno frutilla 12 un de 80 ml Pack probiótico defensas Soprole Uno sabor frutilla 12 un de 80 ml,Uno,1 un,Kg,4190,4190,,False,,$4.365 x Kg,$4.365 x Kg,https://www.unimarc.cl/pack-beb-uno-soprole-frutilla-12x80ml/p,https://unimarc.vtexassets.com/arquivos/ids/233890/000000000000687135-UN-01.jpg?v=638218339105270000,Bebidas vegetales,Probióticos y funcionales,https://www.unimarc.cl/category/lacteos-huevos-y-refrigerados/yoghurt/probioticos-y-funcionales,https://www.unimarc.cl/_next/data/0ucQ92dO_m9T9joH0FjVV/category/lacteos-huevos-y-refrigerados/yoghurt/probioticos-y-funcionales.json?categories=lacteos-huevos-y-refrigerados&categories=yoghurt&categories=probioticos-y-funcionales,2026-02-20T18:41:30
7197,Pack Bebida láctea Chamyto frambuesa 6 un de 80 ml,Nestle,1 un,litro,2690,2690,,False,,$5.604 x litro,$5.604 x litro,https://www.unimarc.cl/yoghurt-liquido-chamyto-80-ml-frambuesa-2/p,https://unimarc.vtexassets.com/arquivos/ids/229195/000000000400172002-DIS-01.jpg?v=637993021608400000,Bebidas vegetales,Probióticos y funcionales,https://www.unimarc.cl/category/lacteos-huevos-y-refrigerados/yoghurt/probioticos-y-funcionales,https://www.unimarc.cl/_next/data/0ucQ92dO_m9T9joH0FjVV/category/lacteos-huevos-y-refrigerados/yoghurt/probioticos-y-funcionales.json?categories=lacteos-huevos-y-refrigerados&categories=yoghurt&categories=probioticos-y-funcionales,2026-02-20T18:41:30
12587,Pack Bebida láctea Chamyto manzana 6 un de 80 ml,Nestle,1 un,litro,2690,2690,,False,,$5.604 x litro,$5.604 x litro,https://www.unimarc.cl/yoghurt-liquido-chamyto-80-ml-manzana-pack-6-un/p,https://unimarc.vtexassets.com/arquivos/ids/229196/000000000400172003-DIS-01.jpg?v=637993022171270000,Bebidas vegetales,Probióticos y funcionales,https://www.unimarc.cl/category/lacteos-huevos-y-refrigerados/yoghurt/probioticos-y-funcionales,https://www.unimarc.cl/_next/data/0ucQ92dO_m9T9joH0FjVV/category/lacteos-huevos-y-refrigerados/yoghurt/probioticos-y-funcionales.json?categories=lacteos-huevos-y-refrigerados&categories=yoghurt&categories=probioticos-y-funcionales,2026-02-20T18:41:30
87677,Yoghurt Colun origen natural bolsa 900 g,Colun,1 un,Kg,2000,2150,2000,True,Ahorras $150,$2.222 x Kg,$2.389 x Kg,https://www.unimarc.cl/yoghurt-origen-bolsa-colun-900g-natural/p,https://unimarc.vtexassets.com/arquivos/ids/242988/000000000669498001-UN-01.jpg?v=638569922667230000,Bebidas vegetales,Formato familiar,https://www.unimarc.cl/category/lacteos-huevos-y-refrigerados/yoghurt/formato-familiar,https://www.unimarc.cl/_next/data/0ucQ92dO_m9T9joH0FjVV/category/lacteos-huevos-y-refrigerados/yoghurt/formato-familiar.json?categories=lacteos-huevos-y-refrigerados&categories=yoghurt&categories=formato-familiar,2026-02-20T18:41:39
89204,Yoghurt Calán sabores surtidos 8 un de 90 g,Calan,1 un,Kg,1590,1590,,False,,$2.208 x Kg,$2.208 x Kg,https://www.unimarc.cl/pack-yogurt-sabores-calan-8-x-90-gr/p,https://unimarc.vtexassets.com/arquivos/ids/246419/000000000000668002-DIS-01.jpg?v=638731701081900000,Bebidas vegetales,Formato familiar,https://www.unimarc.cl/category/lacteos-huevos-y-refrigerados/yoghurt/formato-familiar,https://www.unimarc.cl/_next/data/0ucQ92dO_m9T9joH0FjVV/category/lacteos-huevos-y-refrigerados/yoghurt/formato-familiar.json?categories=lacteos-huevos-y-refrigerados&categories=yoghurt&categories=formato-familiar,2026-02-20T18:41:39
7388,Yoghurt Colun frutilla bolsa 1 Kg,Colun,1 un,Kg,1990,1990,,False,,$1.990 x Kg,$1.990 x Kg,https://www.unimarc.cl/yoghurt-colun-bolsa-1-lt-frutilla/p,https://unimarc.vtexassets.com/arquivos/ids/182646/401792003.jpg?v=636843003350130000,Bebidas vegetales,Formato familiar,https://www.unimarc.cl/category/lacteos-huevos-y-refrigerados/yoghurt/formato-familiar,https://www.unimarc.cl/_next/data/0ucQ92dO_m9T9joH0FjVV/category/lacteos-huevos-y-refrigerados/yoghurt/formato-familiar.json?categories=lacteos-huevos-y-refrigerados&categories=yoghurt&categories=formato-familiar,2026-02-20T18:41:39
1791,Yoghurt Colun vainilla bolsa 1 Kg,Colun,1 un,Kg,1990,1990,,False,,$1.990 x Kg,$1.990 x Kg,https://www.unimarc.cl/yoghurt-colun-vainilla-bolsa-1-kg/p,https://unimarc.vtexassets.com/arquivos/ids/182649/401792007.jpg?v=636843005509530000,Bebidas vegetales,Formato familiar,https://www.unimarc.cl/category/lacteos-huevos-y-refrigerados/yoghurt/formato-familiar,https://www.unimarc.cl/_next/data/0ucQ92dO_m9T9joH0FjVV/category/lacteos-huevos-y-refrigerados/yoghurt/formato-familiar.json?categories=lacteos-huevos-y-refrigerados&categories=yoghurt&categories=formato-familiar,2026-02-20T18:41:39
7386,Yoghurt Colun mora bolsa 1 Kg,Colun,1 un,Kg,1990,1990,,False,,$1.990 x Kg,$1.990 x Kg,https://www.unimarc.cl/yoghurt-colun-bolsa-1-lt-mora/p,https://unimarc.vtexassets.com/arquivos/ids/182644/401792001.jpg?v=636843002169430000,Bebidas vegetales,Formato familiar,https://www.unimarc.cl/category/lacteos-huevos-y-refrigerados/yoghurt/formato-familiar,https://www.unimarc.cl/_next/data/0ucQ92dO_m9T9joH0FjVV/category/lacteos-huevos-y-refrigerados/yoghurt/formato-familiar.json?categories=lacteos-huevos-y-refrigerados&categories=yoghurt&categories=formato-familiar,2026-02-20T18:41:39
87678,Yoghurt Colun origen frutilla bolsa 900 g,Colun,1 un,Kg,2000,2150,2000,True,Ahorras $150,$2.222 x Kg,$2.389 x Kg,https://www.unimarc.cl/yoghurt-origen-bolsa-colun-900-frutilla/p,https://unimarc.vtexassets.com/arquivos/ids/242989/000000000669498002-UN-01.jpg?v=638569922670700000,Bebidas vegetales,Formato familiar,https://www.unimarc.cl/category/lacteos-huevos-y-refrigerados/yoghurt/formato-familiar,https://www.unimarc.cl/_next/data/0ucQ92dO_m9T9joH0FjVV/category/lacteos-huevos-y-refrigerados/yoghurt/formato-familiar.json?categories=lacteos-huevos-y-refrigerados&categories=yoghurt&categories=formato-familiar,2026-02-20T18:41:39
84789,Yoghurt Colun light sabor frutilla bolsa 900 g,Colun,1 un,Kg,1790,1890,1790,True,Ahorras $100,$1.989 x Kg,$2.100 x Kg,https://www.unimarc.cl/yoghurt-light-colun-900gr-frutilla/p,https://unimarc.vtexassets.com/arquivos/ids/234661/000000000665557001-UN-01.jpg?v=638249432550200000,Bebidas vegetales,Formato familiar,https://www.unimarc.cl/category/lacteos-huevos-y-refrigerados/yoghurt/formato-familiar,https://www.unimarc.cl/_next/data/0ucQ92dO_m9T9joH0FjVV/category/lacteos-huevos-y-refrigerados/yoghurt/formato-familiar.json?categories=lacteos-huevos-y-refrigerados&categories=yoghurt&categories=formato-familiar,2026-02-20T18:41:39
84790,Yoghurt Colun light vainilla bolsa 900 g,Colun,1 un,Kg,1790,1890,1790,True,Ahorras $100,$1.989 x Kg,$2.100 x Kg,https://www.unimarc.cl/yoghurt-light-colun-900gr-vainilla/p,https://unimarc.vtexassets.com/arquivos/ids/234673/000000000665557002-UN-01.jpg?v=638252007434600000,Bebidas vegetales,Formato familiar,https://www.unimarc.cl/category/lacteos-huevos-y-refrigerados/yoghurt/formato-familiar,https://www.unimarc.cl/_next/data/0ucQ92dO_m9T9joH0FjVV/category/lacteos-huevos-y-refrigerados/yoghurt/formato-familiar.json?categories=lacteos-huevos-y-refrigerados&categories=yoghurt&categories=formato-familiar,2026-02-20T18:41:39
83430,Yoghurt Soprole 1+1 natural botella 1 Kg Yoghurt shake Soprole 1+1 sabor natural botella 1 Kg,Soprole,1 un,Kg,2690,2690,,False,,$2.690 x Kg,$2.690 x Kg,https://www.unimarc.cl/yoghurt-botella-shake-1-1-soprole-1kg/p,https://unimarc.vtexassets.com/arquivos/ids/232415/000000000000663284-UN-01.jpg?v=638167577207130000,Bebidas vegetales,Formato familiar,https://www.unimarc.cl/category/lacteos-huevos-y-refrigerados/yoghurt/formato-familiar,https://www.unimarc.cl/_next/data/0ucQ92dO_m9T9joH0FjVV/category/lacteos-huevos-y-refrigerados/yoghurt/formato-familiar.json?categories=lacteos-huevos-y-refrigerados&categories=yoghurt&categories=formato-familiar,2026-02-20T18:41:39
1819,Yoghurt Danone light natural bolsa 900 g,Danone,1 un,Kg,1990,1990,,False,,$2.211 x Kg,$2.211 x Kg,https://www.unimarc.cl/yoghurt-light-danone-bolsa-900gr-natural/p,https://unimarc.vtexassets.com/arquivos/ids/245396/000000000606945002-UN-01.jpg?v=638675397926130000,Bebidas vegetales,Formato familiar,https://www.unimarc.cl/category/lacteos-huevos-y-refrigerados/yoghurt/formato-familiar,https://www.unimarc.cl/_next/data/0ucQ92dO_m9T9joH0FjVV/category/lacteos-huevos-y-refrigerados/yoghurt/formato-familiar.json?categories=lacteos-huevos-y-refrigerados&categories=yoghurt&categories=formato-familiar,2026-02-20T18:41:39
74511,Yoghurt griego Quillayes triple 0 trozos berries 800 g,Quillayes,1 un,Kg,4190,4190,,False,,$5.238 x Kg,$5.238 x Kg,https://www.unimarc.cl/yog-grieg-troz-berries3x0-quillayes-800g/p,https://unimarc.vtexassets.com/arquivos/ids/246344/000000000000649018-UN-01.jpg?v=638724745007100000,Bebidas vegetales,Formato familiar,https://www.unimarc.cl/category/lacteos-huevos-y-refrigerados/yoghurt/formato-familiar,https://www.unimarc.cl/_next/data/0ucQ92dO_m9T9joH0FjVV/category/lacteos-huevos-y-refrigerados/yoghurt/formato-familiar.json?categories=lacteos-huevos-y-refrigerados&categories=yoghurt&categories=formato-familiar,2026-02-20T18:41:39
966,Yoghurt Calán frutilla bolsa 1 Kg,Calan,1 un,Kg,1850,1850,,False,,$1.850 x Kg,$1.850 x Kg,https://www.unimarc.cl/yoghurt-calan-frutilla-bolsa-1-kg/p,https://unimarc.vtexassets.com/arquivos/ids/227462/000000000000339630-UN-01.jpg?v=637908290849670000,Bebidas vegetales,Formato familiar,https://www.unimarc.cl/category/lacteos-huevos-y-refrigerados/yoghurt/formato-familiar,https://www.unimarc.cl/_next/data/0ucQ92dO_m9T9joH0FjVV/category/lacteos-huevos-y-refrigerados/yoghurt/formato-familiar.json?categories=lacteos-huevos-y-refrigerados&categories=yoghurt&categories=formato-familiar,2026-02-20T18:41:39
5019,Yoghurt Calán chirimoya bolsa 1 Kg,Calan,1 un,Kg,1850,1850,,False,,$1.850 x Kg,$1.850 x Kg,https://www.unimarc.cl/yoghurt-calan-chirimoya-bolsa-1-kg/p,https://unimarc.vtexassets.com/arquivos/ids/192852/000000000000339632.jpg?v=637211910231400000,Bebidas vegetales,Formato familiar,https://www.unimarc.cl/category/lacteos-huevos-y-refrigerados/yoghurt/formato-familiar,https://www.unimarc.cl/_next/data/0ucQ92dO_m9T9joH0FjVV/category/lacteos-huevos-y-refrigerados/yoghurt/formato-familiar.json?categories=lacteos-huevos-y-refrigerados&categories=yoghurt&categories=formato-familiar,2026-02-20T18:41:39
92060,Yoghurt batido Soprole Kefir berries 120 g,Soprole,1 un,Kg,420,420,,False,,$3.500 x Kg,$3.500 x Kg,https://www.unimarc.cl/yog-batido-kefir-soprole-120gr-berries/p,https://unimarc.vtexassets.com/arquivos/ids/250710/000000000684878001-UN-01.jpg?v=638906287567800000,Bebidas vegetales,Formato familiar,https://www.unimarc.cl/category/lacteos-huevos-y-refrigerados/yoghurt/formato-familiar,https://www.unimarc.cl/_next/data/0ucQ92dO_m9T9joH0FjVV/category/lacteos-huevos-y-refrigerados/yoghurt/formato-familiar.json?categories=lacteos-huevos-y-refrigerados&categories=yoghurt&categories=formato-familiar,2026-02-20T18:41:39
60632,Yoghurt Quillayes natural 0% pote 800 g,Quillayes,1 un,Kg,3790,3790,,False,,$4.738 x Kg,$4.738 x Kg,https://www.unimarc.cl/yoghurt-0-natural-quillayes-800-gr/p,https://unimarc.vtexassets.com/arquivos/ids/245870/000000000000639095-UN-01.jpg?v=638695460096130000,Bebidas vegetales,Formato familiar,https://www.unimarc.cl/category/lacteos-huevos-y-refrigerados/yoghurt/formato-familiar,https://www.unimarc.cl/_next/data/0ucQ92dO_m9T9joH0FjVV/category/lacteos-huevos-y-refrigerados/yoghurt/formato-familiar.json?categories=lacteos-huevos-y-refrigerados&categories=yoghurt&categories=formato-familiar,2026-02-20T18:41:39
1770,Yoghurt batido Soprole frutilla bolsa 1 Kg Yoghurt batido Soprole sabor frutilla bolsa 1 Kg,Soprole,1 un,Kg,1990,1990,,False,,$1.990 x Kg,$1.990 x Kg,https://www.unimarc.cl/yoghurt-soprole-frutilla-bolsa-1-kg/p,https://unimarc.vtexassets.com/arquivos/ids/222694/000000000401657001-UN-01.jpg?v=637762404736900000,Bebidas vegetales,Formato familiar,https://www.unimarc.cl/category/lacteos-huevos-y-refrigerados/yoghurt/formato-familiar,https://www.unimarc.cl/_next/data/0ucQ92dO_m9T9joH0FjVV/category/lacteos-huevos-y-refrigerados/yoghurt/formato-familiar.json?categories=lacteos-huevos-y-refrigerados&categories=yoghurt&categories=formato-familiar,2026-02-20T18:41:39
14306,Yoghurt Danone light frutilla bolsa 900 g,Danone,1 un,Kg,1990,1990,,False,,$2.211 x Kg,$2.211 x Kg,https://www.unimarc.cl/yoghurt-bol-light-danone-900gr-frutilla/p,https://unimarc.vtexassets.com/arquivos/ids/245395/000000000606945001-UN-01.jpg?v=638675392679900000,Bebidas vegetales,Formato familiar,https://www.unimarc.cl/category/lacteos-huevos-y-refrigerados/yoghurt/formato-familiar,https://www.unimarc.cl/_next/data/0ucQ92dO_m9T9joH0FjVV/category/lacteos-huevos-y-refrigerados/yoghurt/formato-familiar.json?categories=lacteos-huevos-y-refrigerados&categories=yoghurt&categories=formato-familiar,2026-02-20T18:41:39
1771,Yoghurt batido Soprole vainilla bolsa 1 Kg Yoghurt batido Soprole sabor vainilla bolsa 1 Kg,Soprole,1 un,Kg,1990,1990,,False,,$1.990 x Kg,$1.990 x Kg,https://www.unimarc.cl/yoghurt-soprole-vainilla-bolsa-1-kg/p,https://unimarc.vtexassets.com/arquivos/ids/222696/000000000401657003-UN-01.jpg?v=637762405601400000,Bebidas vegetales,Formato familiar,https://www.unimarc.cl/category/lacteos-huevos-y-refrigerados/yoghurt/formato-familiar,https://www.unimarc.cl/_next/data/0ucQ92dO_m9T9joH0FjVV/category/lacteos-huevos-y-refrigerados/yoghurt/formato-familiar.json?categories=lacteos-huevos-y-refrigerados&categories=yoghurt&categories=formato-familiar,2026-02-20T18:41:39
1752,Yoghurt batido Soprole frutilla botella 1 L Yoghurt batido Soprole sabor frutilla botella 1 L,Soprole,1 un,Kg,2590,2590,,False,,$2.590 x Kg,$2.590 x Kg,https://www.unimarc.cl/yoghurt-soprole-frutilla-botella-1-l/p,https://unimarc.vtexassets.com/arquivos/ids/222684/000000000400454001-UN-01.jpg?v=637762396605400000,Bebidas vegetales,Formato familiar,https://www.unimarc.cl/category/lacteos-huevos-y-refrigerados/yoghurt/formato-familiar,https://www.unimarc.cl/_next/data/0ucQ92dO_m9T9joH0FjVV/category/lacteos-huevos-y-refrigerados/yoghurt/formato-familiar.json?categories=lacteos-huevos-y-refrigerados&categories=yoghurt&categories=formato-familiar,2026-02-20T18:41:39
60641,Yoghurt Quillayes trozos berries pote 800 g,Quillayes,1 un,Kg,3950,3950,,False,,$4.938 x Kg,$4.938 x Kg,https://www.unimarc.cl/yoghurt-trozos-quillayes-800-gr-berries/p,https://unimarc.vtexassets.com/arquivos/ids/245872/000000000639094002-UN-01.jpg?v=638695462915330000,Bebidas vegetales,Formato familiar,https://www.unimarc.cl/category/lacteos-huevos-y-refrigerados/yoghurt/formato-familiar,https://www.unimarc.cl/_next/data/0ucQ92dO_m9T9joH0FjVV/category/lacteos-huevos-y-refrigerados/yoghurt/formato-familiar.json?categories=lacteos-huevos-y-refrigerados&categories=yoghurt&categories=formato-familiar,2026-02-20T18:41:39
81068,Yoghurt batido sin lactosa Soprole frutilla bolsa 1 Kg Yoghurt batido sin lactosa Soprole Zerolacto sabor frutilla bolsa 1 Kg,Soprole,1 un,Kg,2190,2190,,False,,$2.190 x Kg,$2.190 x Kg,https://www.unimarc.cl/yog-zerolacto-bols-soprole-1k-frutilla/p,https://unimarc.vtexassets.com/arquivos/ids/233341/000000000655794001-UN-01.jpg?v=638198667089430000,Bebidas vegetales,Formato familiar,https://www.unimarc.cl/category/lacteos-huevos-y-refrigerados/yoghurt/formato-familiar,https://www.unimarc.cl/_next/data/0ucQ92dO_m9T9joH0FjVV/category/lacteos-huevos-y-refrigerados/yoghurt/formato-familiar.json?categories=lacteos-huevos-y-refrigerados&categories=yoghurt&categories=formato-familiar,2026-02-20T18:41:39
81069,Yoghurt batido sin lactosa Soprole chirimoya bolsa 1 Kg Yoghurt batido sin lactosa Soprole Zerolacto sabor chirimoya bolsa 1 Kg,Soprole,1 un,Kg,2190,2190,,False,,$2.190 x Kg,$2.190 x Kg,https://www.unimarc.cl/yog-zerolacto-bols-soprole-1k-chirimoya/p,https://unimarc.vtexassets.com/arquivos/ids/233342/000000000655794002-UN-01.jpg?v=638198667588700000,Bebidas vegetales,Formato familiar,https://www.unimarc.cl/category/lacteos-huevos-y-refrigerados/yoghurt/formato-familiar,https://www.unimarc.cl/_next/data/0ucQ92dO_m9T9joH0FjVV/category/lacteos-huevos-y-refrigerados/yoghurt/formato-familiar.json?categories=lacteos-huevos-y-refrigerados&categories=yoghurt&categories=formato-familiar,2026-02-20T18:41:39
90463,Yoghurt batido Yogu Yogu sabor mora botella 900 g,Yogu Yogu,1 un,Kg,2490,2490,,False,,$2.767 x Kg,$2.767 x Kg,https://www.unimarc.cl/yoghurt-botella-yogu-yogu-900g-mora/p,https://unimarc.vtexassets.com/arquivos/ids/250862/000000000673768001-UN-01.jpg?v=638912359722300000,Bebidas vegetales,Formato familiar,https://www.unimarc.cl/category/lacteos-huevos-y-refrigerados/yoghurt/formato-familiar,https://www.unimarc.cl/_next/data/0ucQ92dO_m9T9joH0FjVV/category/lacteos-huevos-y-refrigerados/yoghurt/formato-familiar.json?categories=lacteos-huevos-y-refrigerados&categories=yoghurt&categories=formato-familiar,2026-02-20T18:41:39
92069,Yoghurt batido Soprole frutilla sin azúcar bolsa 800 g,Soprole,1 un,Kg,1790,1790,,False,,$2.238 x Kg,$2.238 x Kg,https://www.unimarc.cl/yog-bat-s-a-soprole-bolsa-800g-frutilla/p,https://unimarc.vtexassets.com/arquivos/ids/250582/000000000684870001-UN-01.jpg?v=638902678519600000,Bebidas vegetales,Formato familiar,https://www.unimarc.cl/category/lacteos-huevos-y-refrigerados/yoghurt/formato-familiar,https://www.unimarc.cl/_next/data/0ucQ92dO_m9T9joH0FjVV/category/lacteos-huevos-y-refrigerados/yoghurt/formato-familiar.json?categories=lacteos-huevos-y-refrigerados&categories=yoghurt&categories=formato-familiar,2026-02-20T18:41:39
85184,Yoghurt Colun light sin lactosa chirimoya 900g,Colun,1 un,Kg,2190,2190,,False,,$2.433 x Kg,$2.433 x Kg,https://www.unimarc.cl/yoghurt-light-s-la-colun-900g-chirimoya/p,https://unimarc.vtexassets.com/arquivos/ids/235410/000000000665773002-UN-01.jpg?v=638294555868500000,Bebidas vegetales,Formato familiar,https://www.unimarc.cl/category/lacteos-huevos-y-refrigerados/yoghurt/formato-familiar,https://www.unimarc.cl/_next/data/0ucQ92dO_m9T9joH0FjVV/category/lacteos-huevos-y-refrigerados/yoghurt/formato-familiar.json?categories=lacteos-huevos-y-refrigerados&categories=yoghurt&categories=formato-familiar,2026-02-20T18:41:39
1754,Yoghurt batido Soprole vainilla botella 1 L Yoghurt batido Soprole sabor vainilla botella 1 Kg,Soprole,1 un,Kg,2590,2590,,False,,$2.590 x Kg,$2.590 x Kg,https://www.unimarc.cl/yoghurt-soprole-vainilla-botella-1-l/p,https://unimarc.vtexassets.com/arquivos/ids/222688/000000000400454003-UN-01.jpg?v=637762399276900000,Bebidas vegetales,Formato familiar,https://www.unimarc.cl/category/lacteos-huevos-y-refrigerados/yoghurt/formato-familiar,https://www.unimarc.cl/_next/data/0ucQ92dO_m9T9joH0FjVV/category/lacteos-huevos-y-refrigerados/yoghurt/formato-familiar.json?categories=lacteos-huevos-y-refrigerados&categories=yoghurt&categories=formato-familiar,2026-02-20T18:41:39
92070,Yoghurt batido Soprole vainilla sin azúcar bolsa 800 g,Soprole,1 un,Kg,1790,1790,,False,,$2.238 x Kg,$2.238 x Kg,https://www.unimarc.cl/yog-bat-s-a-soprole-bolsa-800g-vainilla/p,https://unimarc.vtexassets.com/arquivos/ids/250583/000000000684870002-UN-01.jpg?v=638902678521630000,Bebidas vegetales,Formato familiar,https://www.unimarc.cl/category/lacteos-huevos-y-refrigerados/yoghurt/formato-familiar,https://www.unimarc.cl/_next/data/0ucQ92dO_m9T9joH0FjVV/category/lacteos-huevos-y-refrigerados/yoghurt/formato-familiar.json?categories=lacteos-huevos-y-refrigerados&categories=yoghurt&categories=formato-familiar,2026-02-20T18:41:39
7390,Yoghurt Colun damasco bolsa 1 Kg,Colun,1 un,Kg,1990,1990,,False,,$1.990 x Kg,$1.990 x Kg,https://www.unimarc.cl/yoghurt-colun-bolsa-1-lt-damasco/p,https://unimarc.vtexassets.com/arquivos/ids/182650/401792008.jpg?v=636843006141530000,Bebidas vegetales,Formato familiar,https://www.unimarc.cl/category/lacteos-huevos-y-refrigerados/yoghurt/formato-familiar,https://www.unimarc.cl/_next/data/0ucQ92dO_m9T9joH0FjVV/category/lacteos-huevos-y-refrigerados/yoghurt/formato-familiar.json?categories=lacteos-huevos-y-refrigerados&categories=yoghurt&categories=formato-familiar,2026-02-20T18:41:39
38378,Yoghurt Loncoleche sin lactosa frutilla bolsa 900 g,Loncoleche,1 un,Kg,2350,2350,,False,,$2.611 x Kg,$2.611 x Kg,https://www.unimarc.cl/yog-bolsa-s-lact-loncoleche-fruti-900-gr/p,https://unimarc.vtexassets.com/arquivos/ids/235768/000000000000687437-UN-01.jpg?v=638315325719730000,Bebidas vegetales,Formato familiar,https://www.unimarc.cl/category/lacteos-huevos-y-refrigerados/yoghurt/formato-familiar,https://www.unimarc.cl/_next/data/0ucQ92dO_m9T9joH0FjVV/category/lacteos-huevos-y-refrigerados/yoghurt/formato-familiar.json?categories=lacteos-huevos-y-refrigerados&categories=yoghurt&categories=formato-familiar,2026-02-20T18:41:39
38377,Yoghurt Loncoleche sin lactosa chirimoya bolsa 900 g,Loncoleche,1 un,Kg,2350,2350,,False,,$2.611 x Kg,$2.611 x Kg,https://www.unimarc.cl/yog-bolsa-s-lact-loncoleche-chiri-900-gr/p,https://unimarc.vtexassets.com/arquivos/ids/235767/000000000000687436-UN-01.jpg?v=638315325715970000,Bebidas vegetales,Formato familiar,https://www.unimarc.cl/category/lacteos-huevos-y-refrigerados/yoghurt/formato-familiar,https://www.unimarc.cl/_next/data/0ucQ92dO_m9T9joH0FjVV/category/lacteos-huevos-y-refrigerados/yoghurt/formato-familiar.json?categories=lacteos-huevos-y-refrigerados&categories=yoghurt&categories=formato-familiar,2026-02-20T18:41:39
7389,Yoghurt Colun frambuesa bolsa 1 Kg,Colun,1 un,Kg,1990,1990,,False,,$1.990 x Kg,$1.990 x Kg,https://www.unimarc.cl/yoghurt-colun-bolsa-1-lt-frambuesa/p,https://unimarc.vtexassets.com/arquivos/ids/182647/401792004.jpg?v=636843004045600000,Bebidas vegetales,Formato familiar,https://www.unimarc.cl/category/lacteos-huevos-y-refrigerados/yoghurt/formato-familiar,https://www.unimarc.cl/_next/data/0ucQ92dO_m9T9joH0FjVV/category/lacteos-huevos-y-refrigerados/yoghurt/formato-familiar.json?categories=lacteos-huevos-y-refrigerados&categories=yoghurt&categories=formato-familiar,2026-02-20T18:41:39
90464,Yoghurt batido Yogu Yogu sabor frutilla botella 900 g,Yogu Yogu,1 un,Kg,2490,2490,,False,,$2.767 x Kg,$2.767 x Kg,https://www.unimarc.cl/yoghurt-botella-yogu-yogu-900g-frutilla/p,https://unimarc.vtexassets.com/arquivos/ids/250863/000000000673768002-UN-01.jpg?v=638912360676930000,Bebidas vegetales,Formato familiar,https://www.unimarc.cl/category/lacteos-huevos-y-refrigerados/yoghurt/formato-familiar,https://www.unimarc.cl/_next/data/0ucQ92dO_m9T9joH0FjVV/category/lacteos-huevos-y-refrigerados/yoghurt/formato-familiar.json?categories=lacteos-huevos-y-refrigerados&categories=yoghurt&categories=formato-familiar,2026-02-20T18:41:39
407,Mantequilla Soprole con sal 250 g Mantequilla Soprole con sal pan 250 g,Soprole,1 un,Kg,3250,3250,,False,,$13.000 x Kg,$13.000 x Kg,https://www.unimarc.cl/mantequilla-soprole-con-sal-pan-250-g/p,https://unimarc.vtexassets.com/arquivos/ids/214474/000000000000052651-UN-01.jpg?v=638429070292600000,Bebidas vegetales,Mantequillas,https://www.unimarc.cl/category/lacteos-huevos-y-refrigerados/mantequillas,https://www.unimarc.cl/_next/data/0ucQ92dO_m9T9joH0FjVV/category/lacteos-huevos-y-refrigerados/mantequillas.json?categories=lacteos-huevos-y-refrigerados&categories=mantequillas,2026-02-20T18:41:49
410,Mantequilla Colun con sal pan 250 g,Colun,1 un,Kg,2890,3350,2890,True,Ahorras $460,$11.560 x Kg,$13.400 x Kg,https://www.unimarc.cl/mantequilla-colun-con-sal-pan-250-g/p,https://unimarc.vtexassets.com/arquivos/ids/190777/000000000000052658-UN-01.jpg?v=637142660895130000,Bebidas vegetales,Mantequillas,https://www.unimarc.cl/category/lacteos-huevos-y-refrigerados/mantequillas,https://www.unimarc.cl/_next/data/0ucQ92dO_m9T9joH0FjVV/category/lacteos-huevos-y-refrigerados/mantequillas.json?categories=lacteos-huevos-y-refrigerados&categories=mantequillas,2026-02-20T18:41:49
90317,Mantequilla Parcelas de Valdivia 200 g,Las Parcelas De Valdivia,1 un,Kg,2000,2880,2000,True,Ahorras $880,$10.000 x Kg,$14.400 x Kg,https://www.unimarc.cl/mantequilla-l-parcelas-de-valdivia-200gr/p,https://unimarc.vtexassets.com/arquivos/ids/246223/000000000000673606-UN-01.jpg?v=638717646110430000,Bebidas vegetales,Mantequillas,https://www.unimarc.cl/category/lacteos-huevos-y-refrigerados/mantequillas,https://www.unimarc.cl/_next/data/0ucQ92dO_m9T9joH0FjVV/category/lacteos-huevos-y-refrigerados/mantequillas.json?categories=lacteos-huevos-y-refrigerados&categories=mantequillas,2026-02-20T18:41:49
612,Margarina Soprole mix con mantequilla pote 500 g Margarina Soprole mix mantequilla pote 500 g,Soprole,1 un,Kg,3150,3950,3150,True,Ahorras $800,$6.300 x Kg,$7.900 x Kg,https://www.unimarc.cl/margarina-soprole-mix-mantequilla-pote-500-g/p,https://unimarc.vtexassets.com/arquivos/ids/250024/000000000000168251-UN-01.jpg?v=638883588750400000,Bebidas vegetales,Mantequillas,https://www.unimarc.cl/category/lacteos-huevos-y-refrigerados/mantequillas,https://www.unimarc.cl/_next/data/0ucQ92dO_m9T9joH0FjVV/category/lacteos-huevos-y-refrigerados/mantequillas.json?categories=lacteos-huevos-y-refrigerados&categories=mantequillas,2026-02-20T18:41:49
3792,Margarina Deline pote 500 g,Deline,1 un,Kg,1890,1890,,False,,$3.780 x Kg,$3.780 x Kg,https://www.unimarc.cl/margarina-deline-sadia-500-grs/p,https://unimarc.vtexassets.com/arquivos/ids/224251/000000000000141870-UN-01.jpg?v=637807203983000000,Bebidas vegetales,Mantequillas,https://www.unimarc.cl/category/lacteos-huevos-y-refrigerados/mantequillas,https://www.unimarc.cl/_next/data/0ucQ92dO_m9T9joH0FjVV/category/lacteos-huevos-y-refrigerados/mantequillas.json?categories=lacteos-huevos-y-refrigerados&categories=mantequillas,2026-02-20T18:41:49
3652,Margarina Qualy cremosa pote 500 g,Qualy,1 un,Kg,2690,2690,,False,,$5.380 x Kg,$5.380 x Kg,https://www.unimarc.cl/margarina-qualy-sadia-500-grs/p,https://unimarc.vtexassets.com/arquivos/ids/224254/000000000000125621-UN-01.jpg?v=637807208745000000,Bebidas vegetales,Mantequillas,https://www.unimarc.cl/category/lacteos-huevos-y-refrigerados/mantequillas,https://www.unimarc.cl/_next/data/0ucQ92dO_m9T9joH0FjVV/category/lacteos-huevos-y-refrigerados/mantequillas.json?categories=lacteos-huevos-y-refrigerados&categories=mantequillas,2026-02-20T18:41:49
408,Mantequilla Soprole con sal 125 g Mantequilla Soprole con sal pan 125 g,Soprole,1 un,Kg,1590,1790,1590,True,Ahorras $200,$12.720 x Kg,$14.320 x Kg,https://www.unimarc.cl/mantequilla-soprole-con-sal-pan-125-g/p,https://unimarc.vtexassets.com/arquivos/ids/249014/000000000000052652-UN-01.jpg?v=638838673608800000,Bebidas vegetales,Mantequillas,https://www.unimarc.cl/category/lacteos-huevos-y-refrigerados/mantequillas,https://www.unimarc.cl/_next/data/0ucQ92dO_m9T9joH0FjVV/category/lacteos-huevos-y-refrigerados/mantequillas.json?categories=lacteos-huevos-y-refrigerados&categories=mantequillas,2026-02-20T18:41:49
406,Mantequilla Soprole sin sal 250 g Mantequilla Soprole sin sal pan 250 g,Soprole,1 un,Kg,3120,3490,3120,True,Ahorras $370,$12.480 x Kg,$13.960 x Kg,https://www.unimarc.cl/mantequilla-sin-sal-soprole-pan-250-grs/p,https://unimarc.vtexassets.com/arquivos/ids/233729/000000000000052650-UN-01.jpg?v=638429070282230000,Bebidas vegetales,Mantequillas,https://www.unimarc.cl/category/lacteos-huevos-y-refrigerados/mantequillas,https://www.unimarc.cl/_next/data/0ucQ92dO_m9T9joH0FjVV/category/lacteos-huevos-y-refrigerados/mantequillas.json?categories=lacteos-huevos-y-refrigerados&categories=mantequillas,2026-02-20T18:41:49
752,Mantequilla Colun untable con sal pote 200 g,Colun,1 un,Kg,3190,3580,3190,True,Ahorras $390,$15.950 x Kg,$17.900 x Kg,https://www.unimarc.cl/mantequilla-colun-untable-con-sal-pote-200-g/p,https://unimarc.vtexassets.com/arquivos/ids/190922/000000000000182565-UN-01-5994.jpg?v=637146138453930000,Bebidas vegetales,Mantequillas,https://www.unimarc.cl/category/lacteos-huevos-y-refrigerados/mantequillas,https://www.unimarc.cl/_next/data/0ucQ92dO_m9T9joH0FjVV/category/lacteos-huevos-y-refrigerados/mantequillas.json?categories=lacteos-huevos-y-refrigerados&categories=mantequillas,2026-02-20T18:41:49
459,Mantequilla Fundo Los Alerces con sal pan 250 g,Fundo Los Alerces,1 un,Kg,2790,3090,2790,True,Ahorras $300,$11.160 x Kg,$12.360 x Kg,https://www.unimarc.cl/mantequilla-fundo-los-alerces-pan-250-g/p,https://unimarc.vtexassets.com/arquivos/ids/163006/000000000000062470-UN-01.jpg?v=636518976336430000,Bebidas vegetales,Mantequillas,https://www.unimarc.cl/category/lacteos-huevos-y-refrigerados/mantequillas,https://www.unimarc.cl/_next/data/0ucQ92dO_m9T9joH0FjVV/category/lacteos-huevos-y-refrigerados/mantequillas.json?categories=lacteos-huevos-y-refrigerados&categories=mantequillas,2026-02-20T18:41:49
15526,Margarina Pamperita bolsa 900 g,Pamperita,1 un,Kg,3190,3540,3190,True,Ahorras $350,$3.544 x Kg,$3.933 x Kg,https://www.unimarc.cl/margarina-pamperita-bolsa-1-kg/p,https://unimarc.vtexassets.com/arquivos/ids/243721/000000000000118792-UN-01.jpg?v=638599478947970000,Bebidas vegetales,Mantequillas,https://www.unimarc.cl/category/lacteos-huevos-y-refrigerados/mantequillas,https://www.unimarc.cl/_next/data/0ucQ92dO_m9T9joH0FjVV/category/lacteos-huevos-y-refrigerados/mantequillas.json?categories=lacteos-huevos-y-refrigerados&categories=mantequillas,2026-02-20T18:41:49
84289,Mantequilla Surlat con sal 200 g,Surlat,1 un,Kg,2000,2590,2000,True,Ahorras $590,$10.000 x Kg,$12.950 x Kg,https://www.unimarc.cl/mantequilla-con-sal-surlat-200gr/p,https://unimarc.vtexassets.com/arquivos/ids/233000/000000000000664069-UN-01.jpg?v=638181213707400000,Bebidas vegetales,Mantequillas,https://www.unimarc.cl/category/lacteos-huevos-y-refrigerados/mantequillas,https://www.unimarc.cl/_next/data/0ucQ92dO_m9T9joH0FjVV/category/lacteos-huevos-y-refrigerados/mantequillas.json?categories=lacteos-huevos-y-refrigerados&categories=mantequillas,2026-02-20T18:41:49
411,Mantequilla Colun con sal pan 125 g,Colun,1 un,Kg,1850,1850,,False,,$14.800 x Kg,$14.800 x Kg,https://www.unimarc.cl/mantequilla-colun-con-sal-pan-125-g/p,https://unimarc.vtexassets.com/arquivos/ids/190907/000000000000052659-UN-01-3096.jpg?v=637145454481030000,Bebidas vegetales,Mantequillas,https://www.unimarc.cl/category/lacteos-huevos-y-refrigerados/mantequillas,https://www.unimarc.cl/_next/data/0ucQ92dO_m9T9joH0FjVV/category/lacteos-huevos-y-refrigerados/mantequillas.json?categories=lacteos-huevos-y-refrigerados&categories=mantequillas,2026-02-20T18:41:49
87597,Mantequilla Los Peumos con sal 250 g,Los Peumos,1 un,Kg,2790,2790,,False,,$11.160 x Kg,$11.160 x Kg,https://www.unimarc.cl/mantequilla-con-sal-los-peumos-250-gr/p,https://unimarc.vtexassets.com/arquivos/ids/242929/000000000000669377-UN-01.jpg?v=638566718401300000,Bebidas vegetales,Mantequillas,https://www.unimarc.cl/category/lacteos-huevos-y-refrigerados/mantequillas,https://www.unimarc.cl/_next/data/0ucQ92dO_m9T9joH0FjVV/category/lacteos-huevos-y-refrigerados/mantequillas.json?categories=lacteos-huevos-y-refrigerados&categories=mantequillas,2026-02-20T18:41:49
17033,Margarina Next Soprole light 250 g Margarina light Soprole Next pan 250 g,Next,1 un,Kg,1290,1550,1290,True,Ahorras $260,$5.160 x Kg,$6.200 x Kg,https://www.unimarc.cl/margarina-next-soprole-pan-250-g/p,https://unimarc.vtexassets.com/arquivos/ids/233730/000000000000156195-UN-01.jpg?v=638210534848530000,Bebidas vegetales,Mantequillas,https://www.unimarc.cl/category/lacteos-huevos-y-refrigerados/mantequillas,https://www.unimarc.cl/_next/data/0ucQ92dO_m9T9joH0FjVV/category/lacteos-huevos-y-refrigerados/mantequillas.json?categories=lacteos-huevos-y-refrigerados&categories=mantequillas,2026-02-20T18:41:49
409,Mantequilla Calo con sal pan 250 g,Calo,1 un,Kg,2990,2990,,False,,$11.960 x Kg,$11.960 x Kg,https://www.unimarc.cl/mantequilla-calo-con-sal-pan-250-g/p,https://unimarc.vtexassets.com/arquivos/ids/196587/000000000000052656-UN-01.jpg?v=637273634168100000,Bebidas vegetales,Mantequillas,https://www.unimarc.cl/category/lacteos-huevos-y-refrigerados/mantequillas,https://www.unimarc.cl/_next/data/0ucQ92dO_m9T9joH0FjVV/category/lacteos-huevos-y-refrigerados/mantequillas.json?categories=lacteos-huevos-y-refrigerados&categories=mantequillas,2026-02-20T18:41:49
73183,Margarina Calo mix pote 350 g,Calo,1 un,Kg,2000,2410,2000,True,Ahorras $410,$5.714 x Kg,$6.886 x Kg,https://www.unimarc.cl/margarina-mix-calo-350-gr/p,https://unimarc.vtexassets.com/arquivos/ids/237779/000000000000645453-UN-01.jpg?v=638439577214900000,Bebidas vegetales,Mantequillas,https://www.unimarc.cl/category/lacteos-huevos-y-refrigerados/mantequillas,https://www.unimarc.cl/_next/data/0ucQ92dO_m9T9joH0FjVV/category/lacteos-huevos-y-refrigerados/mantequillas.json?categories=lacteos-huevos-y-refrigerados&categories=mantequillas,2026-02-20T18:41:49
93317,Margarina mix Soprole 200Gr,Soprole,1 un,Kg,1590,1790,1590,True,Ahorras $200,$7.950 x Kg,$8.950 x Kg,https://www.unimarc.cl/margarina-mix-soprole-200gr/p,https://unimarc.vtexassets.com/arquivos/ids/252247/000000000000690106-UN-01.jpg?v=638966690491330000,Bebidas vegetales,Mantequillas,https://www.unimarc.cl/category/lacteos-huevos-y-refrigerados/mantequillas,https://www.unimarc.cl/_next/data/0ucQ92dO_m9T9joH0FjVV/category/lacteos-huevos-y-refrigerados/mantequillas.json?categories=lacteos-huevos-y-refrigerados&categories=mantequillas,2026-02-20T18:41:49
91984,Margarina Sureña pote 250 g,Sureña,1 un,Kg,1650,1850,1650,True,Ahorras $200,$6.600 x Kg,$7.400 x Kg,https://www.unimarc.cl/margarina-surena-pote-250gr/p,https://unimarc.vtexassets.com/arquivos/ids/250683/000000000000681920-UN-01.jpg?v=638906258815570000,Bebidas vegetales,Mantequillas,https://www.unimarc.cl/category/lacteos-huevos-y-refrigerados/mantequillas,https://www.unimarc.cl/_next/data/0ucQ92dO_m9T9joH0FjVV/category/lacteos-huevos-y-refrigerados/mantequillas.json?categories=lacteos-huevos-y-refrigerados&categories=mantequillas,2026-02-20T18:41:49
74360,Margarina Qualy 1Kg,Qualy,1 un,Kg,5350,5350,,False,,$5.350 x Kg,$5.350 x Kg,https://www.unimarc.cl/margarina-qualy-1kg/p,https://unimarc.vtexassets.com/arquivos/ids/219998/000000000000647970-UN-01.jpg?v=637673395961100000,Bebidas vegetales,Mantequillas,https://www.unimarc.cl/category/lacteos-huevos-y-refrigerados/mantequillas,https://www.unimarc.cl/_next/data/0ucQ92dO_m9T9joH0FjVV/category/lacteos-huevos-y-refrigerados/mantequillas.json?categories=lacteos-huevos-y-refrigerados&categories=mantequillas,2026-02-20T18:41:49
3502,Margarina Soprole 250 g Margarina Soprole pan 250 g,Soprole,1 un,Kg,1490,1490,,False,,$5.960 x Kg,$5.960 x Kg,https://www.unimarc.cl/margarina-soprole-pan-250-grs/p,https://unimarc.vtexassets.com/arquivos/ids/233728/000000000000052614-UN-01.jpg?v=638210533328970000,Bebidas vegetales,Mantequillas,https://www.unimarc.cl/category/lacteos-huevos-y-refrigerados/mantequillas,https://www.unimarc.cl/_next/data/0ucQ92dO_m9T9joH0FjVV/category/lacteos-huevos-y-refrigerados/mantequillas.json?categories=lacteos-huevos-y-refrigerados&categories=mantequillas,2026-02-20T18:41:49
4002,Margarina Soprole pote 500 g,Soprole,1 un,Kg,2790,2790,,False,,$5.580 x Kg,$5.580 x Kg,https://www.unimarc.cl/margarina-soprole-pote-500-gr/p,https://unimarc.vtexassets.com/arquivos/ids/233731/000000000000163875-UN-01.jpg?v=638210535342800000,Bebidas vegetales,Mantequillas,https://www.unimarc.cl/category/lacteos-huevos-y-refrigerados/mantequillas,https://www.unimarc.cl/_next/data/0ucQ92dO_m9T9joH0FjVV/category/lacteos-huevos-y-refrigerados/mantequillas.json?categories=lacteos-huevos-y-refrigerados&categories=mantequillas,2026-02-20T18:41:49
3507,Margarina Sureña con mantequilla pote 450 g,Sureña,1 un,Kg,3150,3150,,False,,$7.000 x Kg,$7.000 x Kg,https://www.unimarc.cl/margarina-surena-pote-500-grs/p,https://unimarc.vtexassets.com/arquivos/ids/244727/000000000000052634-UN-01.jpg?v=638647739072800000,Bebidas vegetales,Mantequillas,https://www.unimarc.cl/category/lacteos-huevos-y-refrigerados/mantequillas,https://www.unimarc.cl/_next/data/0ucQ92dO_m9T9joH0FjVV/category/lacteos-huevos-y-refrigerados/mantequillas.json?categories=lacteos-huevos-y-refrigerados&categories=mantequillas,2026-02-20T18:41:49
5695,Margarina Calo con leche pote 450 g,Calo,1 un,Kg,2390,2390,,False,,$5.311 x Kg,$5.311 x Kg,https://www.unimarc.cl/margarina-calo-pote-500-gr/p,https://unimarc.vtexassets.com/arquivos/ids/227478/000000000000597758-UN-01.jpg?v=637908381897870000,Bebidas vegetales,Mantequillas,https://www.unimarc.cl/category/lacteos-huevos-y-refrigerados/mantequillas,https://www.unimarc.cl/_next/data/0ucQ92dO_m9T9joH0FjVV/category/lacteos-huevos-y-refrigerados/mantequillas.json?categories=lacteos-huevos-y-refrigerados&categories=mantequillas,2026-02-20T18:41:49
90855,Mantequilla Surlat sin lactosa 200 g,Surlat,1 un,Kg,2890,2890,,False,,$14.450 x Kg,$14.450 x Kg,https://www.unimarc.cl/mantequilla-sin-lactosa-surlat-200gr/p,https://unimarc.vtexassets.com/arquivos/ids/246776/000000000000674594-UN-01.jpg.jpg?v=638750516006370000,Bebidas vegetales,Mantequillas,https://www.unimarc.cl/category/lacteos-huevos-y-refrigerados/mantequillas,https://www.unimarc.cl/_next/data/0ucQ92dO_m9T9joH0FjVV/category/lacteos-huevos-y-refrigerados/mantequillas.json?categories=lacteos-huevos-y-refrigerados&categories=mantequillas,2026-02-20T18:41:49
13990,Mantequilla Calo untable pote 350 g,Calo,1 un,Kg,5390,5390,,False,,$15.400 x Kg,$15.400 x Kg,https://www.unimarc.cl/mantequilla-untable-pote-calo-350-gr/p,https://unimarc.vtexassets.com/arquivos/ids/237769/000000000000616492-UN-01.jpg?v=638439577129600000,Bebidas vegetales,Mantequillas,https://www.unimarc.cl/category/lacteos-huevos-y-refrigerados/mantequillas,https://www.unimarc.cl/_next/data/0ucQ92dO_m9T9joH0FjVV/category/lacteos-huevos-y-refrigerados/mantequillas.json?categories=lacteos-huevos-y-refrigerados&categories=mantequillas,2026-02-20T18:41:49
91709,Mantequilla Las Parcelas de Valdivia pote 200 g,Las Parcelas De Valdivia,1 un,Kg,3690,3690,,False,,$18.450 x Kg,$18.450 x Kg,https://www.unimarc.cl/mantequilla-las-parcelas-vald-pote-200gr/p,https://unimarc.vtexassets.com/arquivos/ids/249770/000000000000679498-UN-01.jpg?v=638859701712900000,Bebidas vegetales,Mantequillas,https://www.unimarc.cl/category/lacteos-huevos-y-refrigerados/mantequillas,https://www.unimarc.cl/_next/data/0ucQ92dO_m9T9joH0FjVV/category/lacteos-huevos-y-refrigerados/mantequillas.json?categories=lacteos-huevos-y-refrigerados&categories=mantequillas,2026-02-20T18:41:49
415,Manteca Astra pan 200 g,Astra,1 un,Kg,2250,2250,,False,,$11.250 x Kg,$11.250 x Kg,https://www.unimarc.cl/manteca-astra-200-g/p,https://unimarc.vtexassets.com/arquivos/ids/196343/000000000000052674-UN-01.jpg?v=637270031474000000,Bebidas vegetales,Mantequillas,https://www.unimarc.cl/category/lacteos-huevos-y-refrigerados/mantequillas,https://www.unimarc.cl/_next/data/0ucQ92dO_m9T9joH0FjVV/category/lacteos-huevos-y-refrigerados/mantequillas.json?categories=lacteos-huevos-y-refrigerados&categories=mantequillas,2026-02-20T18:41:49
1530,Mantequilla Soprole con sal de mar 250 g Mantequilla Soprole con sal de mar pan 250 g,Soprole,1 un,Kg,3690,3690,,False,,$14.760 x Kg,$14.760 x Kg,https://www.unimarc.cl/mantequilla-soprole-con-sal-de-mar-250-g/p,https://unimarc.vtexassets.com/arquivos/ids/216441/000000000000755300-UN-01.jpg?v=638429070432370000,Bebidas vegetales,Mantequillas,https://www.unimarc.cl/category/lacteos-huevos-y-refrigerados/mantequillas,https://www.unimarc.cl/_next/data/0ucQ92dO_m9T9joH0FjVV/category/lacteos-huevos-y-refrigerados/mantequillas.json?categories=lacteos-huevos-y-refrigerados&categories=mantequillas,2026-02-20T18:41:49
11390,Margarina Sureña mix pote 450 g,Sureña,1 un,Kg,3690,3690,,False,,$8.200 x Kg,$8.200 x Kg,https://www.unimarc.cl/margarina-mix-surena-pote-500-gr/p,https://unimarc.vtexassets.com/arquivos/ids/244729/000000000000625825-UN-01.jpg?v=638647739730700000,Bebidas vegetales,Mantequillas,https://www.unimarc.cl/category/lacteos-huevos-y-refrigerados/mantequillas,https://www.unimarc.cl/_next/data/0ucQ92dO_m9T9joH0FjVV/category/lacteos-huevos-y-refrigerados/mantequillas.json?categories=lacteos-huevos-y-refrigerados&categories=mantequillas,2026-02-20T18:41:49
87594,Margarina Soprole con toques de mantequilla pote 500 g,Soprole,1 un,Kg,3150,3150,,False,,$6.300 x Kg,$6.300 x Kg,https://www.unimarc.cl/margarina-c-toques-de-mant-soprole-500-g/p,https://unimarc.vtexassets.com/arquivos/ids/242666/000000000000669073-UN-01.jpg?v=638556235991230000,Bebidas vegetales,Mantequillas,https://www.unimarc.cl/category/lacteos-huevos-y-refrigerados/mantequillas,https://www.unimarc.cl/_next/data/0ucQ92dO_m9T9joH0FjVV/category/lacteos-huevos-y-refrigerados/mantequillas.json?categories=lacteos-huevos-y-refrigerados&categories=mantequillas,2026-02-20T18:41:49
10840,Margarina Sureña pote 900 g,Sureña,1 un,Kg,5990,5990,,False,,$6.656 x Kg,$6.656 x Kg,https://www.unimarc.cl/margarina-surena-pote-1-kg/p,https://unimarc.vtexassets.com/arquivos/ids/244728/000000000000118791-UN-01.jpg?v=638647739403970000,Bebidas vegetales,Mantequillas,https://www.unimarc.cl/category/lacteos-huevos-y-refrigerados/mantequillas,https://www.unimarc.cl/_next/data/0ucQ92dO_m9T9joH0FjVV/category/lacteos-huevos-y-refrigerados/mantequillas.json?categories=lacteos-huevos-y-refrigerados&categories=mantequillas,2026-02-20T18:41:49
4100,Margarina Next Soprole light pote 500 g Margarina light Soprole Next pote 500 g,Next,1 un,Kg,2990,2990,,False,,$5.980 x Kg,$5.980 x Kg,https://www.unimarc.cl/margarina-next-pote-microondeable-500-gr/p,https://unimarc.vtexassets.com/arquivos/ids/214131/000000000000172308-UN-01.jpg?v=637562586506600000,Bebidas vegetales,Mantequillas,https://www.unimarc.cl/category/lacteos-huevos-y-refrigerados/mantequillas,https://www.unimarc.cl/_next/data/0ucQ92dO_m9T9joH0FjVV/category/lacteos-huevos-y-refrigerados/mantequillas.json?categories=lacteos-huevos-y-refrigerados&categories=mantequillas,2026-02-20T18:41:49
91069,Mantequilla con sal Quillayes 200 g,Quillayes,1 un,Kg,2950,2950,,False,,$14.750 x Kg,$14.750 x Kg,https://www.unimarc.cl/mantequilla-con-sal-quillayes-200gr/p,https://unimarc.vtexassets.com/arquivos/ids/247515/000000000000674592-UN-01.jpg?v=638778948261800000,Bebidas vegetales,Mantequillas,https://www.unimarc.cl/category/lacteos-huevos-y-refrigerados/mantequillas,https://www.unimarc.cl/_next/data/0ucQ92dO_m9T9joH0FjVV/category/lacteos-huevos-y-refrigerados/mantequillas.json?categories=lacteos-huevos-y-refrigerados&categories=mantequillas,2026-02-20T18:41:49
413,Mantequilla Colun sin sal pan 250 g,Colun,1 un,Kg,3790,3790,,False,,$15.160 x Kg,$15.160 x Kg,https://www.unimarc.cl/mantequilla-colun-sin-sal-pan-250-g/p,https://unimarc.vtexassets.com/arquivos/ids/190908/frontal-3098.jpg?v=637145454482770000,Bebidas vegetales,Mantequillas,https://www.unimarc.cl/category/lacteos-huevos-y-refrigerados/mantequillas,https://www.unimarc.cl/_next/data/0ucQ92dO_m9T9joH0FjVV/category/lacteos-huevos-y-refrigerados/mantequillas.json?categories=lacteos-huevos-y-refrigerados&categories=mantequillas,2026-02-20T18:41:49
1257,Mantequilla untable Soprole pote 200 g Mantequilla Soprole untable pote 200 g,Soprole,1 un,Kg,4350,4350,,False,,$21.750 x Kg,$21.750 x Kg,https://www.unimarc.cl/mantequilla-soprole-untable-con-sal-pote-200-g/p,https://unimarc.vtexassets.com/arquivos/ids/248117/000000000000607460-UN-01.jpg.jpg?v=638804345470000000,Bebidas vegetales,Mantequillas,https://www.unimarc.cl/category/lacteos-huevos-y-refrigerados/mantequillas,https://www.unimarc.cl/_next/data/0ucQ92dO_m9T9joH0FjVV/category/lacteos-huevos-y-refrigerados/mantequillas.json?categories=lacteos-huevos-y-refrigerados&categories=mantequillas,2026-02-20T18:41:49
68501,Mantequilla de campo Kumey 250 g,Kumey,1 un,Kg,3490,3490,,False,,$13.960 x Kg,$13.960 x Kg,https://www.unimarc.cl/mantequilla-de-campo-kumey-250-gr/p,https://unimarc.vtexassets.com/arquivos/ids/245122/000000000000562130-UN-01.jpg?v=638666084695230000,Bebidas vegetales,Mantequillas,https://www.unimarc.cl/category/lacteos-huevos-y-refrigerados/mantequillas,https://www.unimarc.cl/_next/data/0ucQ92dO_m9T9joH0FjVV/category/lacteos-huevos-y-refrigerados/mantequillas.json?categories=lacteos-huevos-y-refrigerados&categories=mantequillas,2026-02-20T18:41:49
67996,Manteca Panadera Rancherita 1 Kg,Rancherita,1 un,Kg,4990,4990,,False,,$4.990 x Kg,$4.990 x Kg,https://www.unimarc.cl/manteca-panadera-rancherita-1-kg/p,https://unimarc.vtexassets.com/arquivos/ids/211155/000000000000532226-UN-01.jpg?v=637523116091870000,Bebidas vegetales,Mantequillas,https://www.unimarc.cl/category/lacteos-huevos-y-refrigerados/mantequillas,https://www.unimarc.cl/_next/data/0ucQ92dO_m9T9joH0FjVV/category/lacteos-huevos-y-refrigerados/mantequillas.json?categories=lacteos-huevos-y-refrigerados&categories=mantequillas,2026-02-20T18:41:49
6321,Margarina Loncoleche sin lactosa pote 500 g,Loncoleche,1 un,Kg,3390,3390,,False,,$6.780 x Kg,$6.780 x Kg,https://www.unimarc.cl/margarina-sin-lactosa-loncoleche-500-gr/p,https://unimarc.vtexassets.com/arquivos/ids/247123/000000000000704223-UN-01.jpg.jpg?v=638763451595100000,Bebidas vegetales,Mantequillas,https://www.unimarc.cl/category/lacteos-huevos-y-refrigerados/mantequillas,https://www.unimarc.cl/_next/data/0ucQ92dO_m9T9joH0FjVV/category/lacteos-huevos-y-refrigerados/mantequillas.json?categories=lacteos-huevos-y-refrigerados&categories=mantequillas,2026-02-20T18:41:49
5694,Margarina Calo light pote 450 g,Calo,1 un,Kg,2150,2150,,False,,$4.778 x Kg,$4.778 x Kg,https://www.unimarc.cl/margarina-light-pote-calo-500-gr/p,https://unimarc.vtexassets.com/arquivos/ids/227473/000000000000597755-UN-01.jpg?v=637908373820030000,Bebidas vegetales,Mantequillas,https://www.unimarc.cl/category/lacteos-huevos-y-refrigerados/mantequillas,https://www.unimarc.cl/_next/data/0ucQ92dO_m9T9joH0FjVV/category/lacteos-huevos-y-refrigerados/mantequillas.json?categories=lacteos-huevos-y-refrigerados&categories=mantequillas,2026-02-20T18:41:49
10873,Manteca Crucina pan 400 g,Crucina,1 un,Kg,2990,2990,,False,,$7.475 x Kg,$7.475 x Kg,https://www.unimarc.cl/manteca-crucina-pan-400-grs/p,https://unimarc.vtexassets.com/arquivos/ids/196505/000000000000162943-UN-01.jpg?v=637273462574800000,Bebidas vegetales,Mantequillas,https://www.unimarc.cl/category/lacteos-huevos-y-refrigerados/mantequillas,https://www.unimarc.cl/_next/data/0ucQ92dO_m9T9joH0FjVV/category/lacteos-huevos-y-refrigerados/mantequillas.json?categories=lacteos-huevos-y-refrigerados&categories=mantequillas,2026-02-20T18:41:49
64952,Mantequilla Soprole receta de campo 250 g Mantequilla Soprole receta de campo pan 250 g,Soprole,1 un,Kg,3390,3390,,False,,$13.560 x Kg,$13.560 x Kg,https://www.unimarc.cl/mantequilla-receta-campo-soprole-250-gr/p,https://unimarc.vtexassets.com/arquivos/ids/233733/000000000000640687-UN-01.jpg?v=638210538178130000,Bebidas vegetales,Mantequillas,https://www.unimarc.cl/category/lacteos-huevos-y-refrigerados/mantequillas,https://www.unimarc.cl/_next/data/0ucQ92dO_m9T9joH0FjVV/category/lacteos-huevos-y-refrigerados/mantequillas.json?categories=lacteos-huevos-y-refrigerados&categories=mantequillas,2026-02-20T18:41:49
34692,Manteca delicias Soprole 1 Kg,Soprole,1 un,Kg,6950,6950,,False,,$6.950 x Kg,$6.950 x Kg,https://www.unimarc.cl/manteca-delicias-soprole-1-kg/p,https://unimarc.vtexassets.com/arquivos/ids/183388/000000000000248190-UN.jpg?v=636874932877200000,Bebidas vegetales,Mantequillas,https://www.unimarc.cl/category/lacteos-huevos-y-refrigerados/mantequillas,https://www.unimarc.cl/_next/data/0ucQ92dO_m9T9joH0FjVV/category/lacteos-huevos-y-refrigerados/mantequillas.json?categories=lacteos-huevos-y-refrigerados&categories=mantequillas,2026-02-20T18:41:49
13994,Mantequilla sin lactosa Quillayes 200 gr,Quillayes,1 un,Kg,3990,3990,,False,,$19.950 x Kg,$19.950 x Kg,https://www.unimarc.cl/mantequilla-s-lactosa-quillayes-200-gr/p,https://unimarc.vtexassets.com/arquivos/ids/192052/000000000000616828-UN-01.jpg?v=637178963335200000,Bebidas vegetales,Mantequillas,https://www.unimarc.cl/category/lacteos-huevos-y-refrigerados/mantequillas,https://www.unimarc.cl/_next/data/0ucQ92dO_m9T9joH0FjVV/category/lacteos-huevos-y-refrigerados/mantequillas.json?categories=lacteos-huevos-y-refrigerados&categories=mantequillas,2026-02-20T18:41:49
96425,Mantequilla untable Soprole pote 320 gr,Soprole,1 un,Kg,6190,6190,,False,,$19.344 x Kg,$19.344 x Kg,https://www.unimarc.cl/mantequilla-pote-untable-soprole-320-gr/p,https://unimarc.vtexassets.com/arquivos/ids/254829/000000000000694937-UN-01.jpg?v=639033878002030000,Bebidas vegetales,Mantequillas,https://www.unimarc.cl/category/lacteos-huevos-y-refrigerados/mantequillas,https://www.unimarc.cl/_next/data/0ucQ92dO_m9T9joH0FjVV/category/lacteos-huevos-y-refrigerados/mantequillas.json?categories=lacteos-huevos-y-refrigerados&categories=mantequillas,2026-02-20T18:41:49
10837,Margarina Sureña light pote 450 g,Sureña,1 un,Kg,2890,2890,,False,,$6.422 x Kg,$6.422 x Kg,https://www.unimarc.cl/margarina-diet-surena-pote-500-gr/p,https://unimarc.vtexassets.com/arquivos/ids/244726/000000000000052631-UN-01.jpg?v=638647738653930000,Bebidas vegetales,Mantequillas,https://www.unimarc.cl/category/lacteos-huevos-y-refrigerados/mantequillas,https://www.unimarc.cl/_next/data/0ucQ92dO_m9T9joH0FjVV/category/lacteos-huevos-y-refrigerados/mantequillas.json?categories=lacteos-huevos-y-refrigerados&categories=mantequillas,2026-02-20T18:41:49
1399,Mantequilla Loncoleche con aceite de canola pote 250 g,Loncoleche,1 un,Kg,4290,4290,,False,,$17.160 x Kg,$17.160 x Kg,https://www.unimarc.cl/mantequilla-loncoleche-sin-colesterol-pote-250-g/p,https://unimarc.vtexassets.com/arquivos/ids/237770/000000000000630237-UN-01.jpg?v=638439577137670000,Bebidas vegetales,Mantequillas,https://www.unimarc.cl/category/lacteos-huevos-y-refrigerados/mantequillas,https://www.unimarc.cl/_next/data/0ucQ92dO_m9T9joH0FjVV/category/lacteos-huevos-y-refrigerados/mantequillas.json?categories=lacteos-huevos-y-refrigerados&categories=mantequillas,2026-02-20T18:41:49
92305,Margarina Qualy sabor choclo pote 500 g,Qualy,1 un,Kg,2790,2790,,False,,$5.580 x Kg,$5.580 x Kg,https://www.unimarc.cl/margarina-sabor-choclo-qualy-500gr/p,https://unimarc.vtexassets.com/arquivos/ids/251290/000000000000686359-UN-01.jpg?v=638929580372700000,Bebidas vegetales,Mantequillas,https://www.unimarc.cl/category/lacteos-huevos-y-refrigerados/mantequillas,https://www.unimarc.cl/_next/data/0ucQ92dO_m9T9joH0FjVV/category/lacteos-huevos-y-refrigerados/mantequillas.json?categories=lacteos-huevos-y-refrigerados&categories=mantequillas,2026-02-20T18:41:49
3511,Mantequilla Calo con sal pan 125 g,Calo,1 un,Kg,1850,1850,,False,,$14.800 x Kg,$14.800 x Kg,https://www.unimarc.cl/mantequilla-pan-calo-125-gr/p,https://unimarc.vtexassets.com/arquivos/ids/196586/000000000000052657-UN-01.jpg?v=637273633257900000,Bebidas vegetales,Mantequillas,https://www.unimarc.cl/category/lacteos-huevos-y-refrigerados/mantequillas,https://www.unimarc.cl/_next/data/0ucQ92dO_m9T9joH0FjVV/category/lacteos-huevos-y-refrigerados/mantequillas.json?categories=lacteos-huevos-y-refrigerados&categories=mantequillas,2026-02-20T18:41:49
86869,Margarina Los Peumos pote 500 g,Los Peumos,1 un,Kg,2590,2590,,False,,$5.180 x Kg,$5.180 x Kg,https://www.unimarc.cl/margarina-light-pote-los-peumos-500-gr/p,https://unimarc.vtexassets.com/arquivos/ids/237972/000000000000667900-UN-01.jpg?v=638453341379300000,Bebidas vegetales,Mantequillas,https://www.unimarc.cl/category/lacteos-huevos-y-refrigerados/mantequillas,https://www.unimarc.cl/_next/data/0ucQ92dO_m9T9joH0FjVV/category/lacteos-huevos-y-refrigerados/mantequillas.json?categories=lacteos-huevos-y-refrigerados&categories=mantequillas,2026-02-20T18:41:49
91799,Mantequilla clarificada Ambar Ghee 210 g,Ambar Ghee,1 un,Kg,6490,6490,,False,,$30.905 x Kg,$30.905 x Kg,https://www.unimarc.cl/mantequilla-clarificada-ambar-ghee-210gr/p,https://unimarc.vtexassets.com/arquivos/ids/251914/000000000000679142-UN-01.jpg?v=638948633686430000,Bebidas vegetales,Mantequillas,https://www.unimarc.cl/category/lacteos-huevos-y-refrigerados/mantequillas,https://www.unimarc.cl/_next/data/0ucQ92dO_m9T9joH0FjVV/category/lacteos-huevos-y-refrigerados/mantequillas.json?page=2&categories=lacteos-huevos-y-refrigerados&categories=mantequillas,2026-02-20T18:41:52
94033,Margarina Qualy sabor mantequilla pote 500 gr,Qualy,1 un,Kg,3190,3190,,False,,$6.380 x Kg,$6.380 x Kg,https://www.unimarc.cl/margarina-sabor-mantequilla-qualy-500gr/p,https://unimarc.vtexassets.com/arquivos/ids/254349/000000000000694080-UN-01.jpg?v=639016580530270000,Bebidas vegetales,Mantequillas,https://www.unimarc.cl/category/lacteos-huevos-y-refrigerados/mantequillas,https://www.unimarc.cl/_next/data/0ucQ92dO_m9T9joH0FjVV/category/lacteos-huevos-y-refrigerados/mantequillas.json?page=2&categories=lacteos-huevos-y-refrigerados&categories=mantequillas,2026-02-20T18:41:52
77702,Margarina mix Sureña 200 g,Sureña,1 un,Kg,2190,2190,,False,,$10.950 x Kg,$10.950 x Kg,https://www.unimarc.cl/margarina-surena-mix-200gr/p,https://unimarc.vtexassets.com/arquivos/ids/221103/000000000000651766-UN-01.jpg?v=638409417604870000,Bebidas vegetales,Mantequillas,https://www.unimarc.cl/category/lacteos-huevos-y-refrigerados/mantequillas,https://www.unimarc.cl/_next/data/0ucQ92dO_m9T9joH0FjVV/category/lacteos-huevos-y-refrigerados/mantequillas.json?page=2&categories=lacteos-huevos-y-refrigerados&categories=mantequillas,2026-02-20T18:41:52
12865,Mantequilla Loncoleche sin colesterol pan 250 g,Loncoleche,1 un,Kg,4190,4190,,False,,$16.760 x Kg,$16.760 x Kg,https://www.unimarc.cl/mantequilla-lonco-s-colesterol-pan-250-g/p,https://unimarc.vtexassets.com/arquivos/ids/196556/000000000000630238-UN-01.jpg?v=637273576756100000,Bebidas vegetales,Mantequillas,https://www.unimarc.cl/category/lacteos-huevos-y-refrigerados/mantequillas,https://www.unimarc.cl/_next/data/0ucQ92dO_m9T9joH0FjVV/category/lacteos-huevos-y-refrigerados/mantequillas.json?page=2&categories=lacteos-huevos-y-refrigerados&categories=mantequillas,2026-02-20T18:41:52
73434,Mantequilla President con sal pan 200 g,President,1 un,Kg,2990,2990,,False,,$14.950 x Kg,$14.950 x Kg,https://www.unimarc.cl/mantequilla-c-sal-president-200-gr/p,https://unimarc.vtexassets.com/arquivos/ids/215729/000000000000647745-UN-01.jpg?v=637582393526500000,Bebidas vegetales,Mantequillas,https://www.unimarc.cl/category/lacteos-huevos-y-refrigerados/mantequillas,https://www.unimarc.cl/_next/data/0ucQ92dO_m9T9joH0FjVV/category/lacteos-huevos-y-refrigerados/mantequillas.json?page=2&categories=lacteos-huevos-y-refrigerados&categories=mantequillas,2026-02-20T18:41:52
72115,Mantequilla Lanalhue pan 250 g,Lanalhue,1 un,Kg,2790,2790,,False,,$11.160 x Kg,$11.160 x Kg,https://www.unimarc.cl/mantequilla-pan-lanalhue-250-gr/p,https://unimarc.vtexassets.com/arquivos/ids/234311/000000000000634929-UN-01.jpg?v=638243404356130000,Bebidas vegetales,Mantequillas,https://www.unimarc.cl/category/lacteos-huevos-y-refrigerados/mantequillas,https://www.unimarc.cl/_next/data/0ucQ92dO_m9T9joH0FjVV/category/lacteos-huevos-y-refrigerados/mantequillas.json?page=2&categories=lacteos-huevos-y-refrigerados&categories=mantequillas,2026-02-20T18:41:52
91536,Mantequilla Quillayes ghee pote 225 g,Quillayes,1 un,Kg,7190,7190,,False,,$31.956 x Kg,$31.956 x Kg,https://www.unimarc.cl/mantequilla-ghee-quillayes-pote-225gr/p,https://unimarc.vtexassets.com/arquivos/ids/249048/000000000000676371-UN-01.jpg?v=638840406609200000,Bebidas vegetales,Mantequillas,https://www.unimarc.cl/category/lacteos-huevos-y-refrigerados/mantequillas,https://www.unimarc.cl/_next/data/0ucQ92dO_m9T9joH0FjVV/category/lacteos-huevos-y-refrigerados/mantequillas.json?page=2&categories=lacteos-huevos-y-refrigerados&categories=mantequillas,2026-02-20T18:41:52
65069,Margarina tradicional Qualy 250 g,Qualy,1 un,Kg,1790,1790,,False,,$7.160 x Kg,$7.160 x Kg,https://www.unimarc.cl/margarina-tradicional-qualy-250-gr/p,https://unimarc.vtexassets.com/arquivos/ids/225930/000000000000641099-UN-01.jpg?v=637859000828600000,Bebidas vegetales,Mantequillas,https://www.unimarc.cl/category/lacteos-huevos-y-refrigerados/mantequillas,https://www.unimarc.cl/_next/data/0ucQ92dO_m9T9joH0FjVV/category/lacteos-huevos-y-refrigerados/mantequillas.json?page=2&categories=lacteos-huevos-y-refrigerados&categories=mantequillas,2026-02-20T18:41:52
407,Mantequilla Soprole con sal 250 g Mantequilla Soprole con sal pan 250 g,Soprole,1 un,Kg,3250,3250,,False,,$13.000 x Kg,$13.000 x Kg,https://www.unimarc.cl/mantequilla-soprole-con-sal-pan-250-g/p,https://unimarc.vtexassets.com/arquivos/ids/214474/000000000000052651-UN-01.jpg?v=638429070292600000,Bebidas vegetales,Mantequilla,https://www.unimarc.cl/category/lacteos-huevos-y-refrigerados/mantequillas/mantequilla,https://www.unimarc.cl/_next/data/0ucQ92dO_m9T9joH0FjVV/category/lacteos-huevos-y-refrigerados/mantequillas/mantequilla.json?categories=lacteos-huevos-y-refrigerados&categories=mantequillas&categories=mantequilla,2026-02-20T18:42:02
410,Mantequilla Colun con sal pan 250 g,Colun,1 un,Kg,2890,3350,2890,True,Ahorras $460,$11.560 x Kg,$13.400 x Kg,https://www.unimarc.cl/mantequilla-colun-con-sal-pan-250-g/p,https://unimarc.vtexassets.com/arquivos/ids/190777/000000000000052658-UN-01.jpg?v=637142660895130000,Bebidas vegetales,Mantequilla,https://www.unimarc.cl/category/lacteos-huevos-y-refrigerados/mantequillas/mantequilla,https://www.unimarc.cl/_next/data/0ucQ92dO_m9T9joH0FjVV/category/lacteos-huevos-y-refrigerados/mantequillas/mantequilla.json?categories=lacteos-huevos-y-refrigerados&categories=mantequillas&categories=mantequilla,2026-02-20T18:42:02
90317,Mantequilla Parcelas de Valdivia 200 g,Las Parcelas De Valdivia,1 un,Kg,2000,2880,2000,True,Ahorras $880,$10.000 x Kg,$14.400 x Kg,https://www.unimarc.cl/mantequilla-l-parcelas-de-valdivia-200gr/p,https://unimarc.vtexassets.com/arquivos/ids/246223/000000000000673606-UN-01.jpg?v=638717646110430000,Bebidas vegetales,Mantequilla,https://www.unimarc.cl/category/lacteos-huevos-y-refrigerados/mantequillas/mantequilla,https://www.unimarc.cl/_next/data/0ucQ92dO_m9T9joH0FjVV/category/lacteos-huevos-y-refrigerados/mantequillas/mantequilla.json?categories=lacteos-huevos-y-refrigerados&categories=mantequillas&categories=mantequilla,2026-02-20T18:42:02
408,Mantequilla Soprole con sal 125 g Mantequilla Soprole con sal pan 125 g,Soprole,1 un,Kg,1590,1790,1590,True,Ahorras $200,$12.720 x Kg,$14.320 x Kg,https://www.unimarc.cl/mantequilla-soprole-con-sal-pan-125-g/p,https://unimarc.vtexassets.com/arquivos/ids/249014/000000000000052652-UN-01.jpg?v=638838673608800000,Bebidas vegetales,Mantequilla,https://www.unimarc.cl/category/lacteos-huevos-y-refrigerados/mantequillas/mantequilla,https://www.unimarc.cl/_next/data/0ucQ92dO_m9T9joH0FjVV/category/lacteos-huevos-y-refrigerados/mantequillas/mantequilla.json?categories=lacteos-huevos-y-refrigerados&categories=mantequillas&categories=mantequilla,2026-02-20T18:42:02
406,Mantequilla Soprole sin sal 250 g Mantequilla Soprole sin sal pan 250 g,Soprole,1 un,Kg,3120,3490,3120,True,Ahorras $370,$12.480 x Kg,$13.960 x Kg,https://www.unimarc.cl/mantequilla-sin-sal-soprole-pan-250-grs/p,https://unimarc.vtexassets.com/arquivos/ids/233729/000000000000052650-UN-01.jpg?v=638429070282230000,Bebidas vegetales,Mantequilla,https://www.unimarc.cl/category/lacteos-huevos-y-refrigerados/mantequillas/mantequilla,https://www.unimarc.cl/_next/data/0ucQ92dO_m9T9joH0FjVV/category/lacteos-huevos-y-refrigerados/mantequillas/mantequilla.json?categories=lacteos-huevos-y-refrigerados&categories=mantequillas&categories=mantequilla,2026-02-20T18:42:02
752,Mantequilla Colun untable con sal pote 200 g,Colun,1 un,Kg,3190,3580,3190,True,Ahorras $390,$15.950 x Kg,$17.900 x Kg,https://www.unimarc.cl/mantequilla-colun-untable-con-sal-pote-200-g/p,https://unimarc.vtexassets.com/arquivos/ids/190922/000000000000182565-UN-01-5994.jpg?v=637146138453930000,Bebidas vegetales,Mantequilla,https://www.unimarc.cl/category/lacteos-huevos-y-refrigerados/mantequillas/mantequilla,https://www.unimarc.cl/_next/data/0ucQ92dO_m9T9joH0FjVV/category/lacteos-huevos-y-refrigerados/mantequillas/mantequilla.json?categories=lacteos-huevos-y-refrigerados&categories=mantequillas&categories=mantequilla,2026-02-20T18:42:02
459,Mantequilla Fundo Los Alerces con sal pan 250 g,Fundo Los Alerces,1 un,Kg,2790,3090,2790,True,Ahorras $300,$11.160 x Kg,$12.360 x Kg,https://www.unimarc.cl/mantequilla-fundo-los-alerces-pan-250-g/p,https://unimarc.vtexassets.com/arquivos/ids/163006/000000000000062470-UN-01.jpg?v=636518976336430000,Bebidas vegetales,Mantequilla,https://www.unimarc.cl/category/lacteos-huevos-y-refrigerados/mantequillas/mantequilla,https://www.unimarc.cl/_next/data/0ucQ92dO_m9T9joH0FjVV/category/lacteos-huevos-y-refrigerados/mantequillas/mantequilla.json?categories=lacteos-huevos-y-refrigerados&categories=mantequillas&categories=mantequilla,2026-02-20T18:42:02
84289,Mantequilla Surlat con sal 200 g,Surlat,1 un,Kg,2000,2590,2000,True,Ahorras $590,$10.000 x Kg,$12.950 x Kg,https://www.unimarc.cl/mantequilla-con-sal-surlat-200gr/p,https://unimarc.vtexassets.com/arquivos/ids/233000/000000000000664069-UN-01.jpg?v=638181213707400000,Bebidas vegetales,Mantequilla,https://www.unimarc.cl/category/lacteos-huevos-y-refrigerados/mantequillas/mantequilla,https://www.unimarc.cl/_next/data/0ucQ92dO_m9T9joH0FjVV/category/lacteos-huevos-y-refrigerados/mantequillas/mantequilla.json?categories=lacteos-huevos-y-refrigerados&categories=mantequillas&categories=mantequilla,2026-02-20T18:42:02
411,Mantequilla Colun con sal pan 125 g,Colun,1 un,Kg,1850,1850,,False,,$14.800 x Kg,$14.800 x Kg,https://www.unimarc.cl/mantequilla-colun-con-sal-pan-125-g/p,https://unimarc.vtexassets.com/arquivos/ids/190907/000000000000052659-UN-01-3096.jpg?v=637145454481030000,Bebidas vegetales,Mantequilla,https://www.unimarc.cl/category/lacteos-huevos-y-refrigerados/mantequillas/mantequilla,https://www.unimarc.cl/_next/data/0ucQ92dO_m9T9joH0FjVV/category/lacteos-huevos-y-refrigerados/mantequillas/mantequilla.json?categories=lacteos-huevos-y-refrigerados&categories=mantequillas&categories=mantequilla,2026-02-20T18:42:02
87597,Mantequilla Los Peumos con sal 250 g,Los Peumos,1 un,Kg,2790,2790,,False,,$11.160 x Kg,$11.160 x Kg,https://www.unimarc.cl/mantequilla-con-sal-los-peumos-250-gr/p,https://unimarc.vtexassets.com/arquivos/ids/242929/000000000000669377-UN-01.jpg?v=638566718401300000,Bebidas vegetales,Mantequilla,https://www.unimarc.cl/category/lacteos-huevos-y-refrigerados/mantequillas/mantequilla,https://www.unimarc.cl/_next/data/0ucQ92dO_m9T9joH0FjVV/category/lacteos-huevos-y-refrigerados/mantequillas/mantequilla.json?categories=lacteos-huevos-y-refrigerados&categories=mantequillas&categories=mantequilla,2026-02-20T18:42:02
409,Mantequilla Calo con sal pan 250 g,Calo,1 un,Kg,2990,2990,,False,,$11.960 x Kg,$11.960 x Kg,https://www.unimarc.cl/mantequilla-calo-con-sal-pan-250-g/p,https://unimarc.vtexassets.com/arquivos/ids/196587/000000000000052656-UN-01.jpg?v=637273634168100000,Bebidas vegetales,Mantequilla,https://www.unimarc.cl/category/lacteos-huevos-y-refrigerados/mantequillas/mantequilla,https://www.unimarc.cl/_next/data/0ucQ92dO_m9T9joH0FjVV/category/lacteos-huevos-y-refrigerados/mantequillas/mantequilla.json?categories=lacteos-huevos-y-refrigerados&categories=mantequillas&categories=mantequilla,2026-02-20T18:42:02
90855,Mantequilla Surlat sin lactosa 200 g,Surlat,1 un,Kg,2890,2890,,False,,$14.450 x Kg,$14.450 x Kg,https://www.unimarc.cl/mantequilla-sin-lactosa-surlat-200gr/p,https://unimarc.vtexassets.com/arquivos/ids/246776/000000000000674594-UN-01.jpg.jpg?v=638750516006370000,Bebidas vegetales,Mantequilla,https://www.unimarc.cl/category/lacteos-huevos-y-refrigerados/mantequillas/mantequilla,https://www.unimarc.cl/_next/data/0ucQ92dO_m9T9joH0FjVV/category/lacteos-huevos-y-refrigerados/mantequillas/mantequilla.json?categories=lacteos-huevos-y-refrigerados&categories=mantequillas&categories=mantequilla,2026-02-20T18:42:02
13990,Mantequilla Calo untable pote 350 g,Calo,1 un,Kg,5390,5390,,False,,$15.400 x Kg,$15.400 x Kg,https://www.unimarc.cl/mantequilla-untable-pote-calo-350-gr/p,https://unimarc.vtexassets.com/arquivos/ids/237769/000000000000616492-UN-01.jpg?v=638439577129600000,Bebidas vegetales,Mantequilla,https://www.unimarc.cl/category/lacteos-huevos-y-refrigerados/mantequillas/mantequilla,https://www.unimarc.cl/_next/data/0ucQ92dO_m9T9joH0FjVV/category/lacteos-huevos-y-refrigerados/mantequillas/mantequilla.json?categories=lacteos-huevos-y-refrigerados&categories=mantequillas&categories=mantequilla,2026-02-20T18:42:02
91709,Mantequilla Las Parcelas de Valdivia pote 200 g,Las Parcelas De Valdivia,1 un,Kg,3690,3690,,False,,$18.450 x Kg,$18.450 x Kg,https://www.unimarc.cl/mantequilla-las-parcelas-vald-pote-200gr/p,https://unimarc.vtexassets.com/arquivos/ids/249770/000000000000679498-UN-01.jpg?v=638859701712900000,Bebidas vegetales,Mantequilla,https://www.unimarc.cl/category/lacteos-huevos-y-refrigerados/mantequillas/mantequilla,https://www.unimarc.cl/_next/data/0ucQ92dO_m9T9joH0FjVV/category/lacteos-huevos-y-refrigerados/mantequillas/mantequilla.json?categories=lacteos-huevos-y-refrigerados&categories=mantequillas&categories=mantequilla,2026-02-20T18:42:02
1530,Mantequilla Soprole con sal de mar 250 g Mantequilla Soprole con sal de mar pan 250 g,Soprole,1 un,Kg,3690,3690,,False,,$14.760 x Kg,$14.760 x Kg,https://www.unimarc.cl/mantequilla-soprole-con-sal-de-mar-250-g/p,https://unimarc.vtexassets.com/arquivos/ids/216441/000000000000755300-UN-01.jpg?v=638429070432370000,Bebidas vegetales,Mantequilla,https://www.unimarc.cl/category/lacteos-huevos-y-refrigerados/mantequillas/mantequilla,https://www.unimarc.cl/_next/data/0ucQ92dO_m9T9joH0FjVV/category/lacteos-huevos-y-refrigerados/mantequillas/mantequilla.json?categories=lacteos-huevos-y-refrigerados&categories=mantequillas&categories=mantequilla,2026-02-20T18:42:02
91069,Mantequilla con sal Quillayes 200 g,Quillayes,1 un,Kg,2950,2950,,False,,$14.750 x Kg,$14.750 x Kg,https://www.unimarc.cl/mantequilla-con-sal-quillayes-200gr/p,https://unimarc.vtexassets.com/arquivos/ids/247515/000000000000674592-UN-01.jpg?v=638778948261800000,Bebidas vegetales,Mantequilla,https://www.unimarc.cl/category/lacteos-huevos-y-refrigerados/mantequillas/mantequilla,https://www.unimarc.cl/_next/data/0ucQ92dO_m9T9joH0FjVV/category/lacteos-huevos-y-refrigerados/mantequillas/mantequilla.json?categories=lacteos-huevos-y-refrigerados&categories=mantequillas&categories=mantequilla,2026-02-20T18:42:02
413,Mantequilla Colun sin sal pan 250 g,Colun,1 un,Kg,3790,3790,,False,,$15.160 x Kg,$15.160 x Kg,https://www.unimarc.cl/mantequilla-colun-sin-sal-pan-250-g/p,https://unimarc.vtexassets.com/arquivos/ids/190908/frontal-3098.jpg?v=637145454482770000,Bebidas vegetales,Mantequilla,https://www.unimarc.cl/category/lacteos-huevos-y-refrigerados/mantequillas/mantequilla,https://www.unimarc.cl/_next/data/0ucQ92dO_m9T9joH0FjVV/category/lacteos-huevos-y-refrigerados/mantequillas/mantequilla.json?categories=lacteos-huevos-y-refrigerados&categories=mantequillas&categories=mantequilla,2026-02-20T18:42:02
1257,Mantequilla untable Soprole pote 200 g Mantequilla Soprole untable pote 200 g,Soprole,1 un,Kg,4350,4350,,False,,$21.750 x Kg,$21.750 x Kg,https://www.unimarc.cl/mantequilla-soprole-untable-con-sal-pote-200-g/p,https://unimarc.vtexassets.com/arquivos/ids/248117/000000000000607460-UN-01.jpg.jpg?v=638804345470000000,Bebidas vegetales,Mantequilla,https://www.unimarc.cl/category/lacteos-huevos-y-refrigerados/mantequillas/mantequilla,https://www.unimarc.cl/_next/data/0ucQ92dO_m9T9joH0FjVV/category/lacteos-huevos-y-refrigerados/mantequillas/mantequilla.json?categories=lacteos-huevos-y-refrigerados&categories=mantequillas&categories=mantequilla,2026-02-20T18:42:02
68501,Mantequilla de campo Kumey 250 g,Kumey,1 un,Kg,3490,3490,,False,,$13.960 x Kg,$13.960 x Kg,https://www.unimarc.cl/mantequilla-de-campo-kumey-250-gr/p,https://unimarc.vtexassets.com/arquivos/ids/245122/000000000000562130-UN-01.jpg?v=638666084695230000,Bebidas vegetales,Mantequilla,https://www.unimarc.cl/category/lacteos-huevos-y-refrigerados/mantequillas/mantequilla,https://www.unimarc.cl/_next/data/0ucQ92dO_m9T9joH0FjVV/category/lacteos-huevos-y-refrigerados/mantequillas/mantequilla.json?categories=lacteos-huevos-y-refrigerados&categories=mantequillas&categories=mantequilla,2026-02-20T18:42:02
64952,Mantequilla Soprole receta de campo 250 g Mantequilla Soprole receta de campo pan 250 g,Soprole,1 un,Kg,3390,3390,,False,,$13.560 x Kg,$13.560 x Kg,https://www.unimarc.cl/mantequilla-receta-campo-soprole-250-gr/p,https://unimarc.vtexassets.com/arquivos/ids/233733/000000000000640687-UN-01.jpg?v=638210538178130000,Bebidas vegetales,Mantequilla,https://www.unimarc.cl/category/lacteos-huevos-y-refrigerados/mantequillas/mantequilla,https://www.unimarc.cl/_next/data/0ucQ92dO_m9T9joH0FjVV/category/lacteos-huevos-y-refrigerados/mantequillas/mantequilla.json?categories=lacteos-huevos-y-refrigerados&categories=mantequillas&categories=mantequilla,2026-02-20T18:42:02
13994,Mantequilla sin lactosa Quillayes 200 gr,Quillayes,1 un,Kg,3990,3990,,False,,$19.950 x Kg,$19.950 x Kg,https://www.unimarc.cl/mantequilla-s-lactosa-quillayes-200-gr/p,https://unimarc.vtexassets.com/arquivos/ids/192052/000000000000616828-UN-01.jpg?v=637178963335200000,Bebidas vegetales,Mantequilla,https://www.unimarc.cl/category/lacteos-huevos-y-refrigerados/mantequillas/mantequilla,https://www.unimarc.cl/_next/data/0ucQ92dO_m9T9joH0FjVV/category/lacteos-huevos-y-refrigerados/mantequillas/mantequilla.json?categories=lacteos-huevos-y-refrigerados&categories=mantequillas&categories=mantequilla,2026-02-20T18:42:02
96425,Mantequilla untable Soprole pote 320 gr,Soprole,1 un,Kg,6190,6190,,False,,$19.344 x Kg,$19.344 x Kg,https://www.unimarc.cl/mantequilla-pote-untable-soprole-320-gr/p,https://unimarc.vtexassets.com/arquivos/ids/254829/000000000000694937-UN-01.jpg?v=639033878002030000,Bebidas vegetales,Mantequilla,https://www.unimarc.cl/category/lacteos-huevos-y-refrigerados/mantequillas/mantequilla,https://www.unimarc.cl/_next/data/0ucQ92dO_m9T9joH0FjVV/category/lacteos-huevos-y-refrigerados/mantequillas/mantequilla.json?categories=lacteos-huevos-y-refrigerados&categories=mantequillas&categories=mantequilla,2026-02-20T18:42:02
1399,Mantequilla Loncoleche con aceite de canola pote 250 g,Loncoleche,1 un,Kg,4290,4290,,False,,$17.160 x Kg,$17.160 x Kg,https://www.unimarc.cl/mantequilla-loncoleche-sin-colesterol-pote-250-g/p,https://unimarc.vtexassets.com/arquivos/ids/237770/000000000000630237-UN-01.jpg?v=638439577137670000,Bebidas vegetales,Mantequilla,https://www.unimarc.cl/category/lacteos-huevos-y-refrigerados/mantequillas/mantequilla,https://www.unimarc.cl/_next/data/0ucQ92dO_m9T9joH0FjVV/category/lacteos-huevos-y-refrigerados/mantequillas/mantequilla.json?categories=lacteos-huevos-y-refrigerados&categories=mantequillas&categories=mantequilla,2026-02-20T18:42:02
3511,Mantequilla Calo con sal pan 125 g,Calo,1 un,Kg,1850,1850,,False,,$14.800 x Kg,$14.800 x Kg,https://www.unimarc.cl/mantequilla-pan-calo-125-gr/p,https://unimarc.vtexassets.com/arquivos/ids/196586/000000000000052657-UN-01.jpg?v=637273633257900000,Bebidas vegetales,Mantequilla,https://www.unimarc.cl/category/lacteos-huevos-y-refrigerados/mantequillas/mantequilla,https://www.unimarc.cl/_next/data/0ucQ92dO_m9T9joH0FjVV/category/lacteos-huevos-y-refrigerados/mantequillas/mantequilla.json?categories=lacteos-huevos-y-refrigerados&categories=mantequillas&categories=mantequilla,2026-02-20T18:42:02
91799,Mantequilla clarificada Ambar Ghee 210 g,Ambar Ghee,1 un,Kg,6490,6490,,False,,$30.905 x Kg,$30.905 x Kg,https://www.unimarc.cl/mantequilla-clarificada-ambar-ghee-210gr/p,https://unimarc.vtexassets.com/arquivos/ids/251914/000000000000679142-UN-01.jpg?v=638948633686430000,Bebidas vegetales,Mantequilla,https://www.unimarc.cl/category/lacteos-huevos-y-refrigerados/mantequillas/mantequilla,https://www.unimarc.cl/_next/data/0ucQ92dO_m9T9joH0FjVV/category/lacteos-huevos-y-refrigerados/mantequillas/mantequilla.json?categories=lacteos-huevos-y-refrigerados&categories=mantequillas&categories=mantequilla,2026-02-20T18:42:02
12865,Mantequilla Loncoleche sin colesterol pan 250 g,Loncoleche,1 un,Kg,4190,4190,,False,,$16.760 x Kg,$16.760 x Kg,https://www.unimarc.cl/mantequilla-lonco-s-colesterol-pan-250-g/p,https://unimarc.vtexassets.com/arquivos/ids/196556/000000000000630238-UN-01.jpg?v=637273576756100000,Bebidas vegetales,Mantequilla,https://www.unimarc.cl/category/lacteos-huevos-y-refrigerados/mantequillas/mantequilla,https://www.unimarc.cl/_next/data/0ucQ92dO_m9T9joH0FjVV/category/lacteos-huevos-y-refrigerados/mantequillas/mantequilla.json?categories=lacteos-huevos-y-refrigerados&categories=mantequillas&categories=mantequilla,2026-02-20T18:42:02
73434,Mantequilla President con sal pan 200 g,President,1 un,Kg,2990,2990,,False,,$14.950 x Kg,$14.950 x Kg,https://www.unimarc.cl/mantequilla-c-sal-president-200-gr/p,https://unimarc.vtexassets.com/arquivos/ids/215729/000000000000647745-UN-01.jpg?v=637582393526500000,Bebidas vegetales,Mantequilla,https://www.unimarc.cl/category/lacteos-huevos-y-refrigerados/mantequillas/mantequilla,https://www.unimarc.cl/_next/data/0ucQ92dO_m9T9joH0FjVV/category/lacteos-huevos-y-refrigerados/mantequillas/mantequilla.json?categories=lacteos-huevos-y-refrigerados&categories=mantequillas&categories=mantequilla,2026-02-20T18:42:02
72115,Mantequilla Lanalhue pan 250 g,Lanalhue,1 un,Kg,2790,2790,,False,,$11.160 x Kg,$11.160 x Kg,https://www.unimarc.cl/mantequilla-pan-lanalhue-250-gr/p,https://unimarc.vtexassets.com/arquivos/ids/234311/000000000000634929-UN-01.jpg?v=638243404356130000,Bebidas vegetales,Mantequilla,https://www.unimarc.cl/category/lacteos-huevos-y-refrigerados/mantequillas/mantequilla,https://www.unimarc.cl/_next/data/0ucQ92dO_m9T9joH0FjVV/category/lacteos-huevos-y-refrigerados/mantequillas/mantequilla.json?categories=lacteos-huevos-y-refrigerados&categories=mantequillas&categories=mantequilla,2026-02-20T18:42:02
91536,Mantequilla Quillayes ghee pote 225 g,Quillayes,1 un,Kg,7190,7190,,False,,$31.956 x Kg,$31.956 x Kg,https://www.unimarc.cl/mantequilla-ghee-quillayes-pote-225gr/p,https://unimarc.vtexassets.com/arquivos/ids/249048/000000000000676371-UN-01.jpg?v=638840406609200000,Bebidas vegetales,Mantequilla,https://www.unimarc.cl/category/lacteos-huevos-y-refrigerados/mantequillas/mantequilla,https://www.unimarc.cl/_next/data/0ucQ92dO_m9T9joH0FjVV/category/lacteos-huevos-y-refrigerados/mantequillas/mantequilla.json?categories=lacteos-huevos-y-refrigerados&categories=mantequillas&categories=mantequilla,2026-02-20T18:42:02
612,Margarina Soprole mix con mantequilla pote 500 g Margarina Soprole mix mantequilla pote 500 g,Soprole,1 un,Kg,3150,3950,3150,True,Ahorras $800,$6.300 x Kg,$7.900 x Kg,https://www.unimarc.cl/margarina-soprole-mix-mantequilla-pote-500-g/p,https://unimarc.vtexassets.com/arquivos/ids/250024/000000000000168251-UN-01.jpg?v=638883588750400000,Bebidas vegetales,Margarina y manteca,https://www.unimarc.cl/category/lacteos-huevos-y-refrigerados/mantequillas/margarina-y-manteca,https://www.unimarc.cl/_next/data/0ucQ92dO_m9T9joH0FjVV/category/lacteos-huevos-y-refrigerados/mantequillas/margarina-y-manteca.json?categories=lacteos-huevos-y-refrigerados&categories=mantequillas&categories=margarina-y-manteca,2026-02-20T18:42:12
3792,Margarina Deline pote 500 g,Deline,1 un,Kg,1890,1890,,False,,$3.780 x Kg,$3.780 x Kg,https://www.unimarc.cl/margarina-deline-sadia-500-grs/p,https://unimarc.vtexassets.com/arquivos/ids/224251/000000000000141870-UN-01.jpg?v=637807203983000000,Bebidas vegetales,Margarina y manteca,https://www.unimarc.cl/category/lacteos-huevos-y-refrigerados/mantequillas/margarina-y-manteca,https://www.unimarc.cl/_next/data/0ucQ92dO_m9T9joH0FjVV/category/lacteos-huevos-y-refrigerados/mantequillas/margarina-y-manteca.json?categories=lacteos-huevos-y-refrigerados&categories=mantequillas&categories=margarina-y-manteca,2026-02-20T18:42:12
3652,Margarina Qualy cremosa pote 500 g,Qualy,1 un,Kg,2690,2690,,False,,$5.380 x Kg,$5.380 x Kg,https://www.unimarc.cl/margarina-qualy-sadia-500-grs/p,https://unimarc.vtexassets.com/arquivos/ids/224254/000000000000125621-UN-01.jpg?v=637807208745000000,Bebidas vegetales,Margarina y manteca,https://www.unimarc.cl/category/lacteos-huevos-y-refrigerados/mantequillas/margarina-y-manteca,https://www.unimarc.cl/_next/data/0ucQ92dO_m9T9joH0FjVV/category/lacteos-huevos-y-refrigerados/mantequillas/margarina-y-manteca.json?categories=lacteos-huevos-y-refrigerados&categories=mantequillas&categories=margarina-y-manteca,2026-02-20T18:42:12
15526,Margarina Pamperita bolsa 900 g,Pamperita,1 un,Kg,3190,3540,3190,True,Ahorras $350,$3.544 x Kg,$3.933 x Kg,https://www.unimarc.cl/margarina-pamperita-bolsa-1-kg/p,https://unimarc.vtexassets.com/arquivos/ids/243721/000000000000118792-UN-01.jpg?v=638599478947970000,Bebidas vegetales,Margarina y manteca,https://www.unimarc.cl/category/lacteos-huevos-y-refrigerados/mantequillas/margarina-y-manteca,https://www.unimarc.cl/_next/data/0ucQ92dO_m9T9joH0FjVV/category/lacteos-huevos-y-refrigerados/mantequillas/margarina-y-manteca.json?categories=lacteos-huevos-y-refrigerados&categories=mantequillas&categories=margarina-y-manteca,2026-02-20T18:42:12
17033,Margarina Next Soprole light 250 g Margarina light Soprole Next pan 250 g,Next,1 un,Kg,1290,1550,1290,True,Ahorras $260,$5.160 x Kg,$6.200 x Kg,https://www.unimarc.cl/margarina-next-soprole-pan-250-g/p,https://unimarc.vtexassets.com/arquivos/ids/233730/000000000000156195-UN-01.jpg?v=638210534848530000,Bebidas vegetales,Margarina y manteca,https://www.unimarc.cl/category/lacteos-huevos-y-refrigerados/mantequillas/margarina-y-manteca,https://www.unimarc.cl/_next/data/0ucQ92dO_m9T9joH0FjVV/category/lacteos-huevos-y-refrigerados/mantequillas/margarina-y-manteca.json?categories=lacteos-huevos-y-refrigerados&categories=mantequillas&categories=margarina-y-manteca,2026-02-20T18:42:12
73183,Margarina Calo mix pote 350 g,Calo,1 un,Kg,2000,2410,2000,True,Ahorras $410,$5.714 x Kg,$6.886 x Kg,https://www.unimarc.cl/margarina-mix-calo-350-gr/p,https://unimarc.vtexassets.com/arquivos/ids/237779/000000000000645453-UN-01.jpg?v=638439577214900000,Bebidas vegetales,Margarina y manteca,https://www.unimarc.cl/category/lacteos-huevos-y-refrigerados/mantequillas/margarina-y-manteca,https://www.unimarc.cl/_next/data/0ucQ92dO_m9T9joH0FjVV/category/lacteos-huevos-y-refrigerados/mantequillas/margarina-y-manteca.json?categories=lacteos-huevos-y-refrigerados&categories=mantequillas&categories=margarina-y-manteca,2026-02-20T18:42:12
93317,Margarina mix Soprole 200Gr,Soprole,1 un,Kg,1590,1790,1590,True,Ahorras $200,$7.950 x Kg,$8.950 x Kg,https://www.unimarc.cl/margarina-mix-soprole-200gr/p,https://unimarc.vtexassets.com/arquivos/ids/252247/000000000000690106-UN-01.jpg?v=638966690491330000,Bebidas vegetales,Margarina y manteca,https://www.unimarc.cl/category/lacteos-huevos-y-refrigerados/mantequillas/margarina-y-manteca,https://www.unimarc.cl/_next/data/0ucQ92dO_m9T9joH0FjVV/category/lacteos-huevos-y-refrigerados/mantequillas/margarina-y-manteca.json?categories=lacteos-huevos-y-refrigerados&categories=mantequillas&categories=margarina-y-manteca,2026-02-20T18:42:12
91984,Margarina Sureña pote 250 g,Sureña,1 un,Kg,1650,1850,1650,True,Ahorras $200,$6.600 x Kg,$7.400 x Kg,https://www.unimarc.cl/margarina-surena-pote-250gr/p,https://unimarc.vtexassets.com/arquivos/ids/250683/000000000000681920-UN-01.jpg?v=638906258815570000,Bebidas vegetales,Margarina y manteca,https://www.unimarc.cl/category/lacteos-huevos-y-refrigerados/mantequillas/margarina-y-manteca,https://www.unimarc.cl/_next/data/0ucQ92dO_m9T9joH0FjVV/category/lacteos-huevos-y-refrigerados/mantequillas/margarina-y-manteca.json?categories=lacteos-huevos-y-refrigerados&categories=mantequillas&categories=margarina-y-manteca,2026-02-20T18:42:12
74360,Margarina Qualy 1Kg,Qualy,1 un,Kg,5350,5350,,False,,$5.350 x Kg,$5.350 x Kg,https://www.unimarc.cl/margarina-qualy-1kg/p,https://unimarc.vtexassets.com/arquivos/ids/219998/000000000000647970-UN-01.jpg?v=637673395961100000,Bebidas vegetales,Margarina y manteca,https://www.unimarc.cl/category/lacteos-huevos-y-refrigerados/mantequillas/margarina-y-manteca,https://www.unimarc.cl/_next/data/0ucQ92dO_m9T9joH0FjVV/category/lacteos-huevos-y-refrigerados/mantequillas/margarina-y-manteca.json?categories=lacteos-huevos-y-refrigerados&categories=mantequillas&categories=margarina-y-manteca,2026-02-20T18:42:12
3502,Margarina Soprole 250 g Margarina Soprole pan 250 g,Soprole,1 un,Kg,1490,1490,,False,,$5.960 x Kg,$5.960 x Kg,https://www.unimarc.cl/margarina-soprole-pan-250-grs/p,https://unimarc.vtexassets.com/arquivos/ids/233728/000000000000052614-UN-01.jpg?v=638210533328970000,Bebidas vegetales,Margarina y manteca,https://www.unimarc.cl/category/lacteos-huevos-y-refrigerados/mantequillas/margarina-y-manteca,https://www.unimarc.cl/_next/data/0ucQ92dO_m9T9joH0FjVV/category/lacteos-huevos-y-refrigerados/mantequillas/margarina-y-manteca.json?categories=lacteos-huevos-y-refrigerados&categories=mantequillas&categories=margarina-y-manteca,2026-02-20T18:42:12
4002,Margarina Soprole pote 500 g,Soprole,1 un,Kg,2790,2790,,False,,$5.580 x Kg,$5.580 x Kg,https://www.unimarc.cl/margarina-soprole-pote-500-gr/p,https://unimarc.vtexassets.com/arquivos/ids/233731/000000000000163875-UN-01.jpg?v=638210535342800000,Bebidas vegetales,Margarina y manteca,https://www.unimarc.cl/category/lacteos-huevos-y-refrigerados/mantequillas/margarina-y-manteca,https://www.unimarc.cl/_next/data/0ucQ92dO_m9T9joH0FjVV/category/lacteos-huevos-y-refrigerados/mantequillas/margarina-y-manteca.json?categories=lacteos-huevos-y-refrigerados&categories=mantequillas&categories=margarina-y-manteca,2026-02-20T18:42:12
3507,Margarina Sureña con mantequilla pote 450 g,Sureña,1 un,Kg,3150,3150,,False,,$7.000 x Kg,$7.000 x Kg,https://www.unimarc.cl/margarina-surena-pote-500-grs/p,https://unimarc.vtexassets.com/arquivos/ids/244727/000000000000052634-UN-01.jpg?v=638647739072800000,Bebidas vegetales,Margarina y manteca,https://www.unimarc.cl/category/lacteos-huevos-y-refrigerados/mantequillas/margarina-y-manteca,https://www.unimarc.cl/_next/data/0ucQ92dO_m9T9joH0FjVV/category/lacteos-huevos-y-refrigerados/mantequillas/margarina-y-manteca.json?categories=lacteos-huevos-y-refrigerados&categories=mantequillas&categories=margarina-y-manteca,2026-02-20T18:42:12
5695,Margarina Calo con leche pote 450 g,Calo,1 un,Kg,2390,2390,,False,,$5.311 x Kg,$5.311 x Kg,https://www.unimarc.cl/margarina-calo-pote-500-gr/p,https://unimarc.vtexassets.com/arquivos/ids/227478/000000000000597758-UN-01.jpg?v=637908381897870000,Bebidas vegetales,Margarina y manteca,https://www.unimarc.cl/category/lacteos-huevos-y-refrigerados/mantequillas/margarina-y-manteca,https://www.unimarc.cl/_next/data/0ucQ92dO_m9T9joH0FjVV/category/lacteos-huevos-y-refrigerados/mantequillas/margarina-y-manteca.json?categories=lacteos-huevos-y-refrigerados&categories=mantequillas&categories=margarina-y-manteca,2026-02-20T18:42:12
415,Manteca Astra pan 200 g,Astra,1 un,Kg,2250,2250,,False,,$11.250 x Kg,$11.250 x Kg,https://www.unimarc.cl/manteca-astra-200-g/p,https://unimarc.vtexassets.com/arquivos/ids/196343/000000000000052674-UN-01.jpg?v=637270031474000000,Bebidas vegetales,Margarina y manteca,https://www.unimarc.cl/category/lacteos-huevos-y-refrigerados/mantequillas/margarina-y-manteca,https://www.unimarc.cl/_next/data/0ucQ92dO_m9T9joH0FjVV/category/lacteos-huevos-y-refrigerados/mantequillas/margarina-y-manteca.json?categories=lacteos-huevos-y-refrigerados&categories=mantequillas&categories=margarina-y-manteca,2026-02-20T18:42:12
11390,Margarina Sureña mix pote 450 g,Sureña,1 un,Kg,3690,3690,,False,,$8.200 x Kg,$8.200 x Kg,https://www.unimarc.cl/margarina-mix-surena-pote-500-gr/p,https://unimarc.vtexassets.com/arquivos/ids/244729/000000000000625825-UN-01.jpg?v=638647739730700000,Bebidas vegetales,Margarina y manteca,https://www.unimarc.cl/category/lacteos-huevos-y-refrigerados/mantequillas/margarina-y-manteca,https://www.unimarc.cl/_next/data/0ucQ92dO_m9T9joH0FjVV/category/lacteos-huevos-y-refrigerados/mantequillas/margarina-y-manteca.json?categories=lacteos-huevos-y-refrigerados&categories=mantequillas&categories=margarina-y-manteca,2026-02-20T18:42:12
87594,Margarina Soprole con toques de mantequilla pote 500 g,Soprole,1 un,Kg,3150,3150,,False,,$6.300 x Kg,$6.300 x Kg,https://www.unimarc.cl/margarina-c-toques-de-mant-soprole-500-g/p,https://unimarc.vtexassets.com/arquivos/ids/242666/000000000000669073-UN-01.jpg?v=638556235991230000,Bebidas vegetales,Margarina y manteca,https://www.unimarc.cl/category/lacteos-huevos-y-refrigerados/mantequillas/margarina-y-manteca,https://www.unimarc.cl/_next/data/0ucQ92dO_m9T9joH0FjVV/category/lacteos-huevos-y-refrigerados/mantequillas/margarina-y-manteca.json?categories=lacteos-huevos-y-refrigerados&categories=mantequillas&categories=margarina-y-manteca,2026-02-20T18:42:12
10840,Margarina Sureña pote 900 g,Sureña,1 un,Kg,5990,5990,,False,,$6.656 x Kg,$6.656 x Kg,https://www.unimarc.cl/margarina-surena-pote-1-kg/p,https://unimarc.vtexassets.com/arquivos/ids/244728/000000000000118791-UN-01.jpg?v=638647739403970000,Bebidas vegetales,Margarina y manteca,https://www.unimarc.cl/category/lacteos-huevos-y-refrigerados/mantequillas/margarina-y-manteca,https://www.unimarc.cl/_next/data/0ucQ92dO_m9T9joH0FjVV/category/lacteos-huevos-y-refrigerados/mantequillas/margarina-y-manteca.json?categories=lacteos-huevos-y-refrigerados&categories=mantequillas&categories=margarina-y-manteca,2026-02-20T18:42:12
4100,Margarina Next Soprole light pote 500 g Margarina light Soprole Next pote 500 g,Next,1 un,Kg,2990,2990,,False,,$5.980 x Kg,$5.980 x Kg,https://www.unimarc.cl/margarina-next-pote-microondeable-500-gr/p,https://unimarc.vtexassets.com/arquivos/ids/214131/000000000000172308-UN-01.jpg?v=637562586506600000,Bebidas vegetales,Margarina y manteca,https://www.unimarc.cl/category/lacteos-huevos-y-refrigerados/mantequillas/margarina-y-manteca,https://www.unimarc.cl/_next/data/0ucQ92dO_m9T9joH0FjVV/category/lacteos-huevos-y-refrigerados/mantequillas/margarina-y-manteca.json?categories=lacteos-huevos-y-refrigerados&categories=mantequillas&categories=margarina-y-manteca,2026-02-20T18:42:12
67996,Manteca Panadera Rancherita 1 Kg,Rancherita,1 un,Kg,4990,4990,,False,,$4.990 x Kg,$4.990 x Kg,https://www.unimarc.cl/manteca-panadera-rancherita-1-kg/p,https://unimarc.vtexassets.com/arquivos/ids/211155/000000000000532226-UN-01.jpg?v=637523116091870000,Bebidas vegetales,Margarina y manteca,https://www.unimarc.cl/category/lacteos-huevos-y-refrigerados/mantequillas/margarina-y-manteca,https://www.unimarc.cl/_next/data/0ucQ92dO_m9T9joH0FjVV/category/lacteos-huevos-y-refrigerados/mantequillas/margarina-y-manteca.json?categories=lacteos-huevos-y-refrigerados&categories=mantequillas&categories=margarina-y-manteca,2026-02-20T18:42:12
6321,Margarina Loncoleche sin lactosa pote 500 g,Loncoleche,1 un,Kg,3390,3390,,False,,$6.780 x Kg,$6.780 x Kg,https://www.unimarc.cl/margarina-sin-lactosa-loncoleche-500-gr/p,https://unimarc.vtexassets.com/arquivos/ids/247123/000000000000704223-UN-01.jpg.jpg?v=638763451595100000,Bebidas vegetales,Margarina y manteca,https://www.unimarc.cl/category/lacteos-huevos-y-refrigerados/mantequillas/margarina-y-manteca,https://www.unimarc.cl/_next/data/0ucQ92dO_m9T9joH0FjVV/category/lacteos-huevos-y-refrigerados/mantequillas/margarina-y-manteca.json?categories=lacteos-huevos-y-refrigerados&categories=mantequillas&categories=margarina-y-manteca,2026-02-20T18:42:12
5694,Margarina Calo light pote 450 g,Calo,1 un,Kg,2150,2150,,False,,$4.778 x Kg,$4.778 x Kg,https://www.unimarc.cl/margarina-light-pote-calo-500-gr/p,https://unimarc.vtexassets.com/arquivos/ids/227473/000000000000597755-UN-01.jpg?v=637908373820030000,Bebidas vegetales,Margarina y manteca,https://www.unimarc.cl/category/lacteos-huevos-y-refrigerados/mantequillas/margarina-y-manteca,https://www.unimarc.cl/_next/data/0ucQ92dO_m9T9joH0FjVV/category/lacteos-huevos-y-refrigerados/mantequillas/margarina-y-manteca.json?categories=lacteos-huevos-y-refrigerados&categories=mantequillas&categories=margarina-y-manteca,2026-02-20T18:42:12
10873,Manteca Crucina pan 400 g,Crucina,1 un,Kg,2990,2990,,False,,$7.475 x Kg,$7.475 x Kg,https://www.unimarc.cl/manteca-crucina-pan-400-grs/p,https://unimarc.vtexassets.com/arquivos/ids/196505/000000000000162943-UN-01.jpg?v=637273462574800000,Bebidas vegetales,Margarina y manteca,https://www.unimarc.cl/category/lacteos-huevos-y-refrigerados/mantequillas/margarina-y-manteca,https://www.unimarc.cl/_next/data/0ucQ92dO_m9T9joH0FjVV/category/lacteos-huevos-y-refrigerados/mantequillas/margarina-y-manteca.json?categories=lacteos-huevos-y-refrigerados&categories=mantequillas&categories=margarina-y-manteca,2026-02-20T18:42:12
34692,Manteca delicias Soprole 1 Kg,Soprole,1 un,Kg,6950,6950,,False,,$6.950 x Kg,$6.950 x Kg,https://www.unimarc.cl/manteca-delicias-soprole-1-kg/p,https://unimarc.vtexassets.com/arquivos/ids/183388/000000000000248190-UN.jpg?v=636874932877200000,Bebidas vegetales,Margarina y manteca,https://www.unimarc.cl/category/lacteos-huevos-y-refrigerados/mantequillas/margarina-y-manteca,https://www.unimarc.cl/_next/data/0ucQ92dO_m9T9joH0FjVV/category/lacteos-huevos-y-refrigerados/mantequillas/margarina-y-manteca.json?categories=lacteos-huevos-y-refrigerados&categories=mantequillas&categories=margarina-y-manteca,2026-02-20T18:42:12
10837,Margarina Sureña light pote 450 g,Sureña,1 un,Kg,2890,2890,,False,,$6.422 x Kg,$6.422 x Kg,https://www.unimarc.cl/margarina-diet-surena-pote-500-gr/p,https://unimarc.vtexassets.com/arquivos/ids/244726/000000000000052631-UN-01.jpg?v=638647738653930000,Bebidas vegetales,Margarina y manteca,https://www.unimarc.cl/category/lacteos-huevos-y-refrigerados/mantequillas/margarina-y-manteca,https://www.unimarc.cl/_next/data/0ucQ92dO_m9T9joH0FjVV/category/lacteos-huevos-y-refrigerados/mantequillas/margarina-y-manteca.json?categories=lacteos-huevos-y-refrigerados&categories=mantequillas&categories=margarina-y-manteca,2026-02-20T18:42:12
92305,Margarina Qualy sabor choclo pote 500 g,Qualy,1 un,Kg,2790,2790,,False,,$5.580 x Kg,$5.580 x Kg,https://www.unimarc.cl/margarina-sabor-choclo-qualy-500gr/p,https://unimarc.vtexassets.com/arquivos/ids/251290/000000000000686359-UN-01.jpg?v=638929580372700000,Bebidas vegetales,Margarina y manteca,https://www.unimarc.cl/category/lacteos-huevos-y-refrigerados/mantequillas/margarina-y-manteca,https://www.unimarc.cl/_next/data/0ucQ92dO_m9T9joH0FjVV/category/lacteos-huevos-y-refrigerados/mantequillas/margarina-y-manteca.json?categories=lacteos-huevos-y-refrigerados&categories=mantequillas&categories=margarina-y-manteca,2026-02-20T18:42:12
86869,Margarina Los Peumos pote 500 g,Los Peumos,1 un,Kg,2590,2590,,False,,$5.180 x Kg,$5.180 x Kg,https://www.unimarc.cl/margarina-light-pote-los-peumos-500-gr/p,https://unimarc.vtexassets.com/arquivos/ids/237972/000000000000667900-UN-01.jpg?v=638453341379300000,Bebidas vegetales,Margarina y manteca,https://www.unimarc.cl/category/lacteos-huevos-y-refrigerados/mantequillas/margarina-y-manteca,https://www.unimarc.cl/_next/data/0ucQ92dO_m9T9joH0FjVV/category/lacteos-huevos-y-refrigerados/mantequillas/margarina-y-manteca.json?categories=lacteos-huevos-y-refrigerados&categories=mantequillas&categories=margarina-y-manteca,2026-02-20T18:42:12
94033,Margarina Qualy sabor mantequilla pote 500 gr,Qualy,1 un,Kg,3190,3190,,False,,$6.380 x Kg,$6.380 x Kg,https://www.unimarc.cl/margarina-sabor-mantequilla-qualy-500gr/p,https://unimarc.vtexassets.com/arquivos/ids/254349/000000000000694080-UN-01.jpg?v=639016580530270000,Bebidas vegetales,Margarina y manteca,https://www.unimarc.cl/category/lacteos-huevos-y-refrigerados/mantequillas/margarina-y-manteca,https://www.unimarc.cl/_next/data/0ucQ92dO_m9T9joH0FjVV/category/lacteos-huevos-y-refrigerados/mantequillas/margarina-y-manteca.json?categories=lacteos-huevos-y-refrigerados&categories=mantequillas&categories=margarina-y-manteca,2026-02-20T18:42:12
77702,Margarina mix Sureña 200 g,Sureña,1 un,Kg,2190,2190,,False,,$10.950 x Kg,$10.950 x Kg,https://www.unimarc.cl/margarina-surena-mix-200gr/p,https://unimarc.vtexassets.com/arquivos/ids/221103/000000000000651766-UN-01.jpg?v=638409417604870000,Bebidas vegetales,Margarina y manteca,https://www.unimarc.cl/category/lacteos-huevos-y-refrigerados/mantequillas/margarina-y-manteca,https://www.unimarc.cl/_next/data/0ucQ92dO_m9T9joH0FjVV/category/lacteos-huevos-y-refrigerados/mantequillas/margarina-y-manteca.json?categories=lacteos-huevos-y-refrigerados&categories=mantequillas&categories=margarina-y-manteca,2026-02-20T18:42:12
65069,Margarina tradicional Qualy 250 g,Qualy,1 un,Kg,1790,1790,,False,,$7.160 x Kg,$7.160 x Kg,https://www.unimarc.cl/margarina-tradicional-qualy-250-gr/p,https://unimarc.vtexassets.com/arquivos/ids/225930/000000000000641099-UN-01.jpg?v=637859000828600000,Bebidas vegetales,Margarina y manteca,https://www.unimarc.cl/category/lacteos-huevos-y-refrigerados/mantequillas/margarina-y-manteca,https://www.unimarc.cl/_next/data/0ucQ92dO_m9T9joH0FjVV/category/lacteos-huevos-y-refrigerados/mantequillas/margarina-y-manteca.json?categories=lacteos-huevos-y-refrigerados&categories=mantequillas&categories=margarina-y-manteca,2026-02-20T18:42:12
76450,Huevos Nuestra Cocina color grande 30 un,Nuestra Cocina,1 un,unidad,8650,8650,,False,,$288 x unidad,$288 x unidad,https://www.unimarc.cl/huevo-grande-color-nuestra-cocina-30-un/p,https://unimarc.vtexassets.com/arquivos/ids/220821/000000000000651138-UN-01.jpg?v=637696479797870000,Bebidas vegetales,Huevos,https://www.unimarc.cl/category/lacteos-huevos-y-refrigerados/huevos,https://www.unimarc.cl/_next/data/0ucQ92dO_m9T9joH0FjVV/category/lacteos-huevos-y-refrigerados/huevos.json?categories=lacteos-huevos-y-refrigerados&categories=huevos,2026-02-20T18:42:21
77500,Huevos Nuestra Cocina grande color 12 un,Nuestra Cocina,1 un,unidad,3990,3990,,False,,$333 x unidad,$333 x unidad,https://www.unimarc.cl/huevo-grande-color-nuestra-cocina-12-un/p,https://unimarc.vtexassets.com/arquivos/ids/219261/000000000000650807-UN-01.jpg?v=637656123095730000,Bebidas vegetales,Huevos,https://www.unimarc.cl/category/lacteos-huevos-y-refrigerados/huevos,https://www.unimarc.cl/_next/data/0ucQ92dO_m9T9joH0FjVV/category/lacteos-huevos-y-refrigerados/huevos.json?categories=lacteos-huevos-y-refrigerados&categories=huevos,2026-02-20T18:42:21
728,Huevos extra blanco grande Cintazul 20 un,Cintazul,1 un,unidad,6650,7450,6650,True,Ahorras $800,$333 x unidad,$373 x unidad,https://www.unimarc.cl/huevos-cintazul-extra-blanco-grande-20-u/p,https://unimarc.vtexassets.com/arquivos/ids/228727/000000000000180992-UN-01.jpg?v=637973841006270000,Bebidas vegetales,Huevos,https://www.unimarc.cl/category/lacteos-huevos-y-refrigerados/huevos,https://www.unimarc.cl/_next/data/0ucQ92dO_m9T9joH0FjVV/category/lacteos-huevos-y-refrigerados/huevos.json?categories=lacteos-huevos-y-refrigerados&categories=huevos,2026-02-20T18:42:21
76484,Huevos Nuestra Cocina blanco extra 20 un,Nuestra Cocina,1 un,unidad,6850,6850,,False,,$343 x unidad,$343 x unidad,https://www.unimarc.cl/huevo-extra-blanco-nuestra-cocina-20-un/p,https://unimarc.vtexassets.com/arquivos/ids/216178/000000000000650811-UN-01.jpg?v=637588503240900000,Bebidas vegetales,Huevos,https://www.unimarc.cl/category/lacteos-huevos-y-refrigerados/huevos,https://www.unimarc.cl/_next/data/0ucQ92dO_m9T9joH0FjVV/category/lacteos-huevos-y-refrigerados/huevos.json?categories=lacteos-huevos-y-refrigerados&categories=huevos,2026-02-20T18:42:21
76483,Huevos Nuestra Cocina blanco mediano 30 un,Nuestra Cocina,1 un,unidad,8190,8190,,False,,$273 x unidad,$273 x unidad,https://www.unimarc.cl/huevo-mediano-blanco-nuestra-cocina-30un/p,https://unimarc.vtexassets.com/arquivos/ids/216179/000000000000650810-UN-01.jpg?v=637588504149400000,Bebidas vegetales,Huevos,https://www.unimarc.cl/category/lacteos-huevos-y-refrigerados/huevos,https://www.unimarc.cl/_next/data/0ucQ92dO_m9T9joH0FjVV/category/lacteos-huevos-y-refrigerados/huevos.json?categories=lacteos-huevos-y-refrigerados&categories=huevos,2026-02-20T18:42:21
17417,Huevos blanco grande Cintazul 30 un,Cintazul,1 un,unidad,8590,9990,8590,True,Ahorras $1.400,$286 x unidad,$333 x unidad,https://www.unimarc.cl/huevos-cintazul-blanco-grande-bandeja-30-u/p,https://unimarc.vtexassets.com/arquivos/ids/175620/000000000000180991-UN.jpg?v=636657107419100000,Bebidas vegetales,Huevos,https://www.unimarc.cl/category/lacteos-huevos-y-refrigerados/huevos,https://www.unimarc.cl/_next/data/0ucQ92dO_m9T9joH0FjVV/category/lacteos-huevos-y-refrigerados/huevos.json?categories=lacteos-huevos-y-refrigerados&categories=huevos,2026-02-20T18:42:21
58977,Huevos mediano color La Granja 18 un,La Granja,1 un,unidad,5490,5490,,False,,$305 x unidad,$305 x unidad,https://www.unimarc.cl/huevo-mediano-color-la-granja-18-un/p,https://unimarc.vtexassets.com/arquivos/ids/197095/000000000000638304-UN-01.jpg?v=637279523795400000,Bebidas vegetales,Huevos,https://www.unimarc.cl/category/lacteos-huevos-y-refrigerados/huevos,https://www.unimarc.cl/_next/data/0ucQ92dO_m9T9joH0FjVV/category/lacteos-huevos-y-refrigerados/huevos.json?categories=lacteos-huevos-y-refrigerados&categories=huevos,2026-02-20T18:42:21
265,Huevos extra blanco grande Cintazul 12 un,Cintazul,1 un,unidad,3700,4490,3700,True,Ahorras $790,$308 x unidad,$374 x unidad,https://www.unimarc.cl/huevos-cintazul-extra-blanco-grande-12-u/p,https://unimarc.vtexassets.com/arquivos/ids/201645/000000000000035521-UN-01.jpg?v=637362439078870000,Bebidas vegetales,Huevos,https://www.unimarc.cl/category/lacteos-huevos-y-refrigerados/huevos,https://www.unimarc.cl/_next/data/0ucQ92dO_m9T9joH0FjVV/category/lacteos-huevos-y-refrigerados/huevos.json?categories=lacteos-huevos-y-refrigerados&categories=huevos,2026-02-20T18:42:21
44298,Huevos La Herradura primera color 30 un,La Herradura,1 un,unidad,8850,9490,8850,True,Ahorras $640,$295 x unidad,$316 x unidad,https://www.unimarc.cl/huevo-primera-color-la-herradura-30-un/p,https://unimarc.vtexassets.com/arquivos/ids/221959/000000000000327519-UN-01.jpg?v=637734580857500000,Bebidas vegetales,Huevos,https://www.unimarc.cl/category/lacteos-huevos-y-refrigerados/huevos,https://www.unimarc.cl/_next/data/0ucQ92dO_m9T9joH0FjVV/category/lacteos-huevos-y-refrigerados/huevos.json?categories=lacteos-huevos-y-refrigerados&categories=huevos,2026-02-20T18:42:21
264,Huevos grande blanco Yemita 12 un,Yemita,1 un,unidad,3690,3990,3690,True,Ahorras $300,$308 x unidad,$333 x unidad,https://www.unimarc.cl/huevos-yemita-grande-blanco-12-u/p,https://unimarc.vtexassets.com/arquivos/ids/197091/000000000000035512-UN-01.jpg?v=637279512727530000,Bebidas vegetales,Huevos,https://www.unimarc.cl/category/lacteos-huevos-y-refrigerados/huevos,https://www.unimarc.cl/_next/data/0ucQ92dO_m9T9joH0FjVV/category/lacteos-huevos-y-refrigerados/huevos.json?categories=lacteos-huevos-y-refrigerados&categories=huevos,2026-02-20T18:42:21
77501,Huevos Nuestra Cocina blanco grande 12 un,Nuestra Cocina,1 un,unidad,3790,3790,,False,,$316 x unidad,$316 x unidad,https://www.unimarc.cl/huevo-grande-blanco-nuestra-cocina-12-un/p,https://unimarc.vtexassets.com/arquivos/ids/220728/000000000000650808-UN-01.jpg?v=637692338374500000,Bebidas vegetales,Huevos,https://www.unimarc.cl/category/lacteos-huevos-y-refrigerados/huevos,https://www.unimarc.cl/_next/data/0ucQ92dO_m9T9joH0FjVV/category/lacteos-huevos-y-refrigerados/huevos.json?categories=lacteos-huevos-y-refrigerados&categories=huevos,2026-02-20T18:42:21
71721,Huevo Coliumo grande blanco 12 un,Coliumo,1 un,unidad,3850,4370,3850,True,Ahorras $520,$321 x unidad,$364 x unidad,https://www.unimarc.cl/huevo-primera-blanco-coliumo-12-un/p,https://unimarc.vtexassets.com/arquivos/ids/255700/000000000000218521-UN-01.jpg?v=639045421846700000,Bebidas vegetales,Huevos,https://www.unimarc.cl/category/lacteos-huevos-y-refrigerados/huevos,https://www.unimarc.cl/_next/data/0ucQ92dO_m9T9joH0FjVV/category/lacteos-huevos-y-refrigerados/huevos.json?categories=lacteos-huevos-y-refrigerados&categories=huevos,2026-02-20T18:42:21
267,Huevos grande color Cintazul 12 un,Cintazul,1 un,unidad,3470,4350,3470,True,Ahorras $880,$289 x unidad,$363 x unidad,https://www.unimarc.cl/huevo-grande-color-cintazul-12-und/p,https://unimarc.vtexassets.com/arquivos/ids/162548/35524.jpg?v=636498850266730000,Bebidas vegetales,Huevos,https://www.unimarc.cl/category/lacteos-huevos-y-refrigerados/huevos,https://www.unimarc.cl/_next/data/0ucQ92dO_m9T9joH0FjVV/category/lacteos-huevos-y-refrigerados/huevos.json?categories=lacteos-huevos-y-refrigerados&categories=huevos,2026-02-20T18:42:21
44294,Huevos Santa Elvira grande color 12 un,Santa Elvira,1 un,unidad,4190,4390,4190,True,Ahorras $200,$349 x unidad,$366 x unidad,https://www.unimarc.cl/huevo-grande-color-santa-elvira-12-un/p,https://unimarc.vtexassets.com/arquivos/ids/221955/000000000000327503-UN-01.jpg?v=637734510298130000,Bebidas vegetales,Huevos,https://www.unimarc.cl/category/lacteos-huevos-y-refrigerados/huevos,https://www.unimarc.cl/_next/data/0ucQ92dO_m9T9joH0FjVV/category/lacteos-huevos-y-refrigerados/huevos.json?categories=lacteos-huevos-y-refrigerados&categories=huevos,2026-02-20T18:42:21
1643,Huevo grande color La Granja 12 un,La Granja,1 un,unidad,4890,4990,4890,True,Ahorras $100,$408 x unidad,$416 x unidad,https://www.unimarc.cl/huevo-grande-color-la-granja-12-un/p,https://unimarc.vtexassets.com/arquivos/ids/197092/000000000000893518-UN-01.jpg?v=637279516858300000,Bebidas vegetales,Huevos,https://www.unimarc.cl/category/lacteos-huevos-y-refrigerados/huevos,https://www.unimarc.cl/_next/data/0ucQ92dO_m9T9joH0FjVV/category/lacteos-huevos-y-refrigerados/huevos.json?categories=lacteos-huevos-y-refrigerados&categories=huevos,2026-02-20T18:42:21
1644,Huevo grande color La Granja 6 un,La Granja,1 un,unidad,2770,2990,2770,True,Ahorras $220,$462 x unidad,$498 x unidad,https://www.unimarc.cl/huevo-grande-color-la-granja-6-un/p,https://unimarc.vtexassets.com/arquivos/ids/197097/000000000000893519-UN-01.jpg?v=637279536046570000,Bebidas vegetales,Huevos,https://www.unimarc.cl/category/lacteos-huevos-y-refrigerados/huevos,https://www.unimarc.cl/_next/data/0ucQ92dO_m9T9joH0FjVV/category/lacteos-huevos-y-refrigerados/huevos.json?categories=lacteos-huevos-y-refrigerados&categories=huevos,2026-02-20T18:42:21
83406,Huevo Yemita extra blanco 18 un,Yemita,1 un,unidad,6450,7190,6450,True,Ahorras $740,$358 x unidad,$399 x unidad,https://www.unimarc.cl/huevo-extra-blanco-yemita-18un/p,https://unimarc.vtexassets.com/arquivos/ids/231806/000000000000663249-UN-01.jpg?v=638086061488230000,Bebidas vegetales,Huevos,https://www.unimarc.cl/category/lacteos-huevos-y-refrigerados/huevos,https://www.unimarc.cl/_next/data/0ucQ92dO_m9T9joH0FjVV/category/lacteos-huevos-y-refrigerados/huevos.json?categories=lacteos-huevos-y-refrigerados&categories=huevos,2026-02-20T18:42:21
266,Huevos blanco grande Cintazul 12 un,Cintazul,1 un,unidad,3950,4390,3950,True,Ahorras $440,$329 x unidad,$366 x unidad,https://www.unimarc.cl/huevos-cintazul-blanco-grande-12-u/p,https://unimarc.vtexassets.com/arquivos/ids/254929/000000000000035522-UN-01.jpg?v=639034196893530000,Bebidas vegetales,Huevos,https://www.unimarc.cl/category/lacteos-huevos-y-refrigerados/huevos,https://www.unimarc.cl/_next/data/0ucQ92dO_m9T9joH0FjVV/category/lacteos-huevos-y-refrigerados/huevos.json?categories=lacteos-huevos-y-refrigerados&categories=huevos,2026-02-20T18:42:21
40737,Huevo de campo Ecoterra gallina libre 12 un,Ecoterra,1 un,unidad,6400,7050,6400,True,Ahorras $650,$533 x unidad,$588 x unidad,https://www.unimarc.cl/ecohuevos-ecoterra-12-un/p,https://unimarc.vtexassets.com/arquivos/ids/193996/000000000000611633-UN-01.jpg?v=637230070314970000,Bebidas vegetales,Huevos,https://www.unimarc.cl/category/lacteos-huevos-y-refrigerados/huevos,https://www.unimarc.cl/_next/data/0ucQ92dO_m9T9joH0FjVV/category/lacteos-huevos-y-refrigerados/huevos.json?categories=lacteos-huevos-y-refrigerados&categories=huevos,2026-02-20T18:42:21
71722,Huevo Coliumo grande color 30 un,Coliumo,1 un,unidad,9690,9690,,False,,$323 x unidad,$323 x unidad,https://www.unimarc.cl/huevo-grande-color-coliumo-30-un/p,https://unimarc.vtexassets.com/arquivos/ids/255701/000000000000218535-UN-01.jpg?v=639045422433200000,Bebidas vegetales,Huevos,https://www.unimarc.cl/category/lacteos-huevos-y-refrigerados/huevos,https://www.unimarc.cl/_next/data/0ucQ92dO_m9T9joH0FjVV/category/lacteos-huevos-y-refrigerados/huevos.json?categories=lacteos-huevos-y-refrigerados&categories=huevos,2026-02-20T18:42:21
43983,Huevo color Santa Elvira grande bandeja 30 un,Santa Elvira,1 un,unidad,8940,9490,8940,True,Ahorras $550,$298 x unidad,$316 x unidad,https://www.unimarc.cl/huevo-grande-color-sta-elvira-30-un/p,https://unimarc.vtexassets.com/arquivos/ids/221700/000000000000253879-UN-01.jpg?v=637728555478100000,Bebidas vegetales,Huevos,https://www.unimarc.cl/category/lacteos-huevos-y-refrigerados/huevos,https://www.unimarc.cl/_next/data/0ucQ92dO_m9T9joH0FjVV/category/lacteos-huevos-y-refrigerados/huevos.json?categories=lacteos-huevos-y-refrigerados&categories=huevos,2026-02-20T18:42:21
75007,Huevo de campo Ecoterra gallina libre 18 un,Ecoterra,1 un,unidad,9590,10550,9590,True,Ahorras $960,$533 x unidad,$586 x unidad,https://www.unimarc.cl/huevo-campo-gallina-libre-ecoterra-18un/p,https://unimarc.vtexassets.com/arquivos/ids/211117/000000000000649673-UN-01.jpg?v=637522771608900000,Bebidas vegetales,Huevos,https://www.unimarc.cl/category/lacteos-huevos-y-refrigerados/huevos,https://www.unimarc.cl/_next/data/0ucQ92dO_m9T9joH0FjVV/category/lacteos-huevos-y-refrigerados/huevos.json?categories=lacteos-huevos-y-refrigerados&categories=huevos,2026-02-20T18:42:21
44297,Huevos La Herradura grande color 6 un,La Herradura,1 un,unidad,2250,2390,2250,True,Ahorras $140,$375 x unidad,$398 x unidad,https://www.unimarc.cl/huevo-grande-color-la-herradura-6-un/p,https://unimarc.vtexassets.com/arquivos/ids/221958/000000000000327518-UN-01.jpg?v=637734578082070000,Bebidas vegetales,Huevos,https://www.unimarc.cl/category/lacteos-huevos-y-refrigerados/huevos,https://www.unimarc.cl/_next/data/0ucQ92dO_m9T9joH0FjVV/category/lacteos-huevos-y-refrigerados/huevos.json?categories=lacteos-huevos-y-refrigerados&categories=huevos,2026-02-20T18:42:21
44296,Huevos La Herradura grande color 12 un,La Herradura,1 un,unidad,4110,4390,4110,True,Ahorras $280,$343 x unidad,$366 x unidad,https://www.unimarc.cl/huevo-grande-color-la-herradura-12-un/p,https://unimarc.vtexassets.com/arquivos/ids/221957/000000000000327517-UN-01.jpg?v=637734524856770000,Bebidas vegetales,Huevos,https://www.unimarc.cl/category/lacteos-huevos-y-refrigerados/huevos,https://www.unimarc.cl/_next/data/0ucQ92dO_m9T9joH0FjVV/category/lacteos-huevos-y-refrigerados/huevos.json?categories=lacteos-huevos-y-refrigerados&categories=huevos,2026-02-20T18:42:21
82403,Huevo mediano color Santa Marta 30 un,Santa Marta,1 un,unidad,8990,8990,,False,,$300 x unidad,$300 x unidad,https://www.unimarc.cl/huevo-mediano-color-santa-marta-30un/p,https://unimarc.vtexassets.com/arquivos/ids/229951/000000000000661927-UN-01.jpg?v=638022114526200000,Bebidas vegetales,Huevos,https://www.unimarc.cl/category/lacteos-huevos-y-refrigerados/huevos,https://www.unimarc.cl/_next/data/0ucQ92dO_m9T9joH0FjVV/category/lacteos-huevos-y-refrigerados/huevos.json?categories=lacteos-huevos-y-refrigerados&categories=huevos,2026-02-20T18:42:21
82404,Huevo mediano blanco Santa Marta 30 un,Santa Marta,1 un,unidad,8890,8890,,False,,$296 x unidad,$296 x unidad,https://www.unimarc.cl/huevo-mediano-blanco-santa-marta-30un/p,https://unimarc.vtexassets.com/arquivos/ids/229952/000000000000661928-UN-01.jpg?v=638022115012230000,Bebidas vegetales,Huevos,https://www.unimarc.cl/category/lacteos-huevos-y-refrigerados/huevos,https://www.unimarc.cl/_next/data/0ucQ92dO_m9T9joH0FjVV/category/lacteos-huevos-y-refrigerados/huevos.json?categories=lacteos-huevos-y-refrigerados&categories=huevos,2026-02-20T18:42:21
71720,Huevo Coliumo extra color 12 un,Coliumo,1 un,unidad,4350,4350,,False,,$363 x unidad,$363 x unidad,https://www.unimarc.cl/huevo-extra-color-coliumo-12-un/p,https://unimarc.vtexassets.com/arquivos/ids/255699/000000000000218518-UN-01.jpg?v=639045421243500000,Bebidas vegetales,Huevos,https://www.unimarc.cl/category/lacteos-huevos-y-refrigerados/huevos,https://www.unimarc.cl/_next/data/0ucQ92dO_m9T9joH0FjVV/category/lacteos-huevos-y-refrigerados/huevos.json?categories=lacteos-huevos-y-refrigerados&categories=huevos,2026-02-20T18:42:21
13695,Huevo de codorniz Don Guillermo bandeja 24 un,Don Guillermo,1 un,unidad,2890,2890,,False,,$120 x unidad,$120 x unidad,https://www.unimarc.cl/huevos-codorniz-don-guillermo-24-un/p,https://unimarc.vtexassets.com/arquivos/ids/183344/000000000000035561-UN.jpg?v=636873901162200000,Bebidas vegetales,Huevos,https://www.unimarc.cl/category/lacteos-huevos-y-refrigerados/huevos,https://www.unimarc.cl/_next/data/0ucQ92dO_m9T9joH0FjVV/category/lacteos-huevos-y-refrigerados/huevos.json?categories=lacteos-huevos-y-refrigerados&categories=huevos,2026-02-20T18:42:21
76448,Huevos Nuestra Cocina color grande 6 un,Nuestra Cocina,1 un,unidad,2150,2150,,False,,$358 x unidad,$358 x unidad,https://www.unimarc.cl/huevo-grande-color-nuestra-cocina-6-un/p,https://unimarc.vtexassets.com/arquivos/ids/224163/000000000000651136-UN-01.jpg?v=637805521153470000,Bebidas vegetales,Huevos,https://www.unimarc.cl/category/lacteos-huevos-y-refrigerados/huevos,https://www.unimarc.cl/_next/data/0ucQ92dO_m9T9joH0FjVV/category/lacteos-huevos-y-refrigerados/huevos.json?categories=lacteos-huevos-y-refrigerados&categories=huevos,2026-02-20T18:42:21
80001,Huevos blanco Nuestra Cocina grande bandeja 6 un,Nuestra Cocina,1 un,unidad,1990,1990,,False,,$332 x unidad,$332 x unidad,https://www.unimarc.cl/huevo-grande-blanco-nuestra-cocina-6-un/p,https://unimarc.vtexassets.com/arquivos/ids/221919/000000000000650809-UN-01.jpg?v=637733718299200000,Bebidas vegetales,Huevos,https://www.unimarc.cl/category/lacteos-huevos-y-refrigerados/huevos,https://www.unimarc.cl/_next/data/0ucQ92dO_m9T9joH0FjVV/category/lacteos-huevos-y-refrigerados/huevos.json?categories=lacteos-huevos-y-refrigerados&categories=huevos,2026-02-20T18:42:21
3790,Huevos medianos blancos Yemita 30 un,Yemita,1 un,unidad,8990,8990,,False,,$300 x unidad,$300 x unidad,https://www.unimarc.cl/huevo-med-blco-o-color-yemita-30-un/p,https://unimarc.vtexassets.com/arquivos/ids/197098/000000000000141802-UN-01.jpg?v=637279537946070000,Bebidas vegetales,Huevos,https://www.unimarc.cl/category/lacteos-huevos-y-refrigerados/huevos,https://www.unimarc.cl/_next/data/0ucQ92dO_m9T9joH0FjVV/category/lacteos-huevos-y-refrigerados/huevos.json?categories=lacteos-huevos-y-refrigerados&categories=huevos,2026-02-20T18:42:21
78237,Huevos gallina libre Nuestra Cocina 12 un,Nuestra Cocina,1 un,unidad,4590,4590,,False,,$383 x unidad,$383 x unidad,https://www.unimarc.cl/huevo-gallina-libre-nuestra-cocina-12un/p,https://unimarc.vtexassets.com/arquivos/ids/220002/000000000000650833-UN-01.jpg?v=637673468370130000,Bebidas vegetales,Huevos,https://www.unimarc.cl/category/lacteos-huevos-y-refrigerados/huevos,https://www.unimarc.cl/_next/data/0ucQ92dO_m9T9joH0FjVV/category/lacteos-huevos-y-refrigerados/huevos.json?categories=lacteos-huevos-y-refrigerados&categories=huevos,2026-02-20T18:42:21
77204,Huevos gallina libre Santa Elvira con omega 3 bandeja 12 un,Santa Elvira,1 un,unidad,5990,5990,,False,,$499 x unidad,$499 x unidad,https://www.unimarc.cl/huevo-c-omega-3-gall-f-santa-elvira-12un/p,https://unimarc.vtexassets.com/arquivos/ids/221920/000000000000632605-UN-01.jpg?v=637733721245900000,Bebidas vegetales,Huevos,https://www.unimarc.cl/category/lacteos-huevos-y-refrigerados/huevos,https://www.unimarc.cl/_next/data/0ucQ92dO_m9T9joH0FjVV/category/lacteos-huevos-y-refrigerados/huevos.json?categories=lacteos-huevos-y-refrigerados&categories=huevos,2026-02-20T18:42:21
82451,Huevo extra color Santa Marta 20 un,Santa Marta,1 un,unidad,7390,7390,,False,,$370 x unidad,$370 x unidad,https://www.unimarc.cl/huevo-extra-color-santa-marta-20-un/p,https://unimarc.vtexassets.com/arquivos/ids/229956/000000000000661878-UN-01.jpg?v=638022117267430000,Bebidas vegetales,Huevos,https://www.unimarc.cl/category/lacteos-huevos-y-refrigerados/huevos,https://www.unimarc.cl/_next/data/0ucQ92dO_m9T9joH0FjVV/category/lacteos-huevos-y-refrigerados/huevos.json?categories=lacteos-huevos-y-refrigerados&categories=huevos,2026-02-20T18:42:21
263,Huevos extra blanco Yemita 12 un,Yemita,1 un,unidad,4150,4150,,False,,$346 x unidad,$346 x unidad,https://www.unimarc.cl/huevos-yemita-extra-blanco-12-u/p,https://unimarc.vtexassets.com/arquivos/ids/197093/000000000000035511-UN-01.jpg?v=637279519855200000,Bebidas vegetales,Huevos,https://www.unimarc.cl/category/lacteos-huevos-y-refrigerados/huevos,https://www.unimarc.cl/_next/data/0ucQ92dO_m9T9joH0FjVV/category/lacteos-huevos-y-refrigerados/huevos.json?categories=lacteos-huevos-y-refrigerados&categories=huevos,2026-02-20T18:42:21
79204,Huevos campo gallina libre Ecoterra bandeja 30 un,Ecoterra,1 un,unidad,13250,13250,,False,,$442 x unidad,$442 x unidad,https://www.unimarc.cl/huevo-campo-gallina-libre-ecoterra-30-un/p,https://unimarc.vtexassets.com/arquivos/ids/221905/000000000000653163-UN-01.jpg?v=637733644198430000,Bebidas vegetales,Huevos,https://www.unimarc.cl/category/lacteos-huevos-y-refrigerados/huevos,https://www.unimarc.cl/_next/data/0ucQ92dO_m9T9joH0FjVV/category/lacteos-huevos-y-refrigerados/huevos.json?categories=lacteos-huevos-y-refrigerados&categories=huevos,2026-02-20T18:42:21
39682,Huevos Santa Marta extra color 12 un,Santa Marta,1 un,unidad,4490,4490,,False,,$374 x unidad,$374 x unidad,https://www.unimarc.cl/huevo-extra-color-santa-marta-12-un/p,https://unimarc.vtexassets.com/arquivos/ids/220497/000000000000978754-UN-01.jpg?v=637685535230500000,Bebidas vegetales,Huevos,https://www.unimarc.cl/category/lacteos-huevos-y-refrigerados/huevos,https://www.unimarc.cl/_next/data/0ucQ92dO_m9T9joH0FjVV/category/lacteos-huevos-y-refrigerados/huevos.json?categories=lacteos-huevos-y-refrigerados&categories=huevos,2026-02-20T18:42:21
76139,Huevos Cintazul gallina libre 12 un,Cintazul,1 un,unidad,4990,4990,,False,,$416 x unidad,$416 x unidad,https://www.unimarc.cl/huevo-gallina-libre-cintazul-12-un/p,https://unimarc.vtexassets.com/arquivos/ids/214511/000000000000650598-UN-01.jpg?v=637568608933200000,Bebidas vegetales,Huevos,https://www.unimarc.cl/category/lacteos-huevos-y-refrigerados/huevos,https://www.unimarc.cl/_next/data/0ucQ92dO_m9T9joH0FjVV/category/lacteos-huevos-y-refrigerados/huevos.json?categories=lacteos-huevos-y-refrigerados&categories=huevos,2026-02-20T18:42:21
79316,Huevo color Avicola San Antonio bandeja 30 un,Avicola San Antonio,1 un,unidad,9490,9490,,False,,$316 x unidad,$316 x unidad,https://www.unimarc.cl/huevo-color-san-antonio-30-un/p,https://unimarc.vtexassets.com/arquivos/ids/226176/000000000000652956-UN-01.jpg?v=637871860821600000,Bebidas vegetales,Huevos,https://www.unimarc.cl/category/lacteos-huevos-y-refrigerados/huevos,https://www.unimarc.cl/_next/data/0ucQ92dO_m9T9joH0FjVV/category/lacteos-huevos-y-refrigerados/huevos.json?categories=lacteos-huevos-y-refrigerados&categories=huevos,2026-02-20T18:42:21
518,Huevos diet Omega 3 12 un,Omega 3,1 un,unidad,3990,3990,,False,,$333 x unidad,$333 x unidad,https://www.unimarc.cl/huevos-diet-omega-3-12-un/p,https://unimarc.vtexassets.com/arquivos/ids/211119/000000000000138426-UN-01.jpg?v=637522791290100000,Bebidas vegetales,Huevos,https://www.unimarc.cl/category/lacteos-huevos-y-refrigerados/huevos,https://www.unimarc.cl/_next/data/0ucQ92dO_m9T9joH0FjVV/category/lacteos-huevos-y-refrigerados/huevos.json?categories=lacteos-huevos-y-refrigerados&categories=huevos,2026-02-20T18:42:21
9875,Huevo grande color Huevos de Talca 12 un,Huevos De Talca,1 un,unidad,4890,4890,,False,,$408 x unidad,$408 x unidad,https://www.unimarc.cl/huevo-grande-color-de-talca-pulpa-12-u/p,https://unimarc.vtexassets.com/arquivos/ids/230069/000000000000057192-UN-01.jpg?v=638023828283500000,Bebidas vegetales,Huevos,https://www.unimarc.cl/category/lacteos-huevos-y-refrigerados/huevos,https://www.unimarc.cl/_next/data/0ucQ92dO_m9T9joH0FjVV/category/lacteos-huevos-y-refrigerados/huevos.json?categories=lacteos-huevos-y-refrigerados&categories=huevos,2026-02-20T18:42:21
13694,Huevo grande blanco Yemita 6 un,Yemita,1 un,unidad,2250,2250,,False,,$375 x unidad,$375 x unidad,https://www.unimarc.cl/huevo-grande-blanco-yemita-6-un/p,https://unimarc.vtexassets.com/arquivos/ids/197096/000000000000035517-UN-01.jpg?v=637279533703100000,Bebidas vegetales,Huevos,https://www.unimarc.cl/category/lacteos-huevos-y-refrigerados/huevos,https://www.unimarc.cl/_next/data/0ucQ92dO_m9T9joH0FjVV/category/lacteos-huevos-y-refrigerados/huevos.json?categories=lacteos-huevos-y-refrigerados&categories=huevos,2026-02-20T18:42:21
73523,Huevos mediano color Omega 3 bandeja 30 un,Omega 3,1 un,unidad,9850,9850,,False,,$328 x unidad,$328 x unidad,https://www.unimarc.cl/huevos-medianos-omega3-30-un/p,https://unimarc.vtexassets.com/arquivos/ids/205188/000000000000648117-UN-01.jpg?v=637413371838870000,Bebidas vegetales,Huevos,https://www.unimarc.cl/category/lacteos-huevos-y-refrigerados/huevos,https://www.unimarc.cl/_next/data/0ucQ92dO_m9T9joH0FjVV/category/lacteos-huevos-y-refrigerados/huevos.json?categories=lacteos-huevos-y-refrigerados&categories=huevos,2026-02-20T18:42:21
6087,Huevos blanco grande Santa Marta 12 un,Santa Marta,1 un,unidad,4390,4390,,False,,$366 x unidad,$366 x unidad,https://www.unimarc.cl/huevos-grande-blanco-santa-marta-12-un/p,https://unimarc.vtexassets.com/arquivos/ids/164349/huevos-grande-blanco-santa-marta-12-un.jpg?v=636523186240630000,Bebidas vegetales,Huevos,https://www.unimarc.cl/category/lacteos-huevos-y-refrigerados/huevos,https://www.unimarc.cl/_next/data/0ucQ92dO_m9T9joH0FjVV/category/lacteos-huevos-y-refrigerados/huevos.json?categories=lacteos-huevos-y-refrigerados&categories=huevos,2026-02-20T18:42:21
9859,Huevos blanco grande Cintazul 6 un,Cintazul,1 un,unidad,2590,2590,,False,,$432 x unidad,$432 x unidad,https://www.unimarc.cl/huevo-grande-blanco-cintazul-6-u/p,https://unimarc.vtexassets.com/arquivos/ids/228728/000000000000035525-UN-01.jpg?v=637973841668500000,Bebidas vegetales,Huevos,https://www.unimarc.cl/category/lacteos-huevos-y-refrigerados/huevos,https://www.unimarc.cl/_next/data/0ucQ92dO_m9T9joH0FjVV/category/lacteos-huevos-y-refrigerados/huevos.json?categories=lacteos-huevos-y-refrigerados&categories=huevos,2026-02-20T18:42:21
79337,Huevo color Avicola San Antonio bandeja 12 un,Avicola San Antonio,1 un,unidad,4390,4390,,False,,$366 x unidad,$366 x unidad,https://www.unimarc.cl/huevo-color-avicola-san-antonio-12-un/p,https://unimarc.vtexassets.com/arquivos/ids/226177/000000000000653077-UN-01.jpg?v=637871864487270000,Bebidas vegetales,Huevos,https://www.unimarc.cl/category/lacteos-huevos-y-refrigerados/huevos,https://www.unimarc.cl/_next/data/0ucQ92dO_m9T9joH0FjVV/category/lacteos-huevos-y-refrigerados/huevos.json?categories=lacteos-huevos-y-refrigerados&categories=huevos,2026-02-20T18:42:21
91491,Huevo grande blanco San Antonio 30Un,Avicola San Antonio,1 un,unidad,9190,9190,,False,,$306 x unidad,$306 x unidad,https://www.unimarc.cl/huevo-grande-blanco-san-antonio-30un/p,https://unimarc.vtexassets.com/arquivos/ids/252167/000000000000677050-UN-01.jpg?v=638956893439800000,Bebidas vegetales,Huevos,https://www.unimarc.cl/category/lacteos-huevos-y-refrigerados/huevos,https://www.unimarc.cl/_next/data/0ucQ92dO_m9T9joH0FjVV/category/lacteos-huevos-y-refrigerados/huevos.json?categories=lacteos-huevos-y-refrigerados&categories=huevos,2026-02-20T18:42:21
18504,Huevos grande color Yemita 12 un,Yemita,1 un,unidad,3850,4290,3850,True,Ahorras $440,$321 x unidad,$358 x unidad,https://www.unimarc.cl/huevos-yemita-grande-color-12-u/p,https://unimarc.vtexassets.com/arquivos/ids/197099/000000000000344339-UN-01.jpg?v=637279540320830000,Bebidas vegetales,Huevos,https://www.unimarc.cl/category/lacteos-huevos-y-refrigerados/huevos,https://www.unimarc.cl/_next/data/0ucQ92dO_m9T9joH0FjVV/category/lacteos-huevos-y-refrigerados/huevos.json?categories=lacteos-huevos-y-refrigerados&categories=huevos,2026-02-20T18:42:21
73521,Huevos grande Omega 3 bandeja 6 un,Omega 3,1 un,unidad,2650,2650,,False,,$442 x unidad,$442 x unidad,https://www.unimarc.cl/huevos-grandes-omega3-6-un/p,https://unimarc.vtexassets.com/arquivos/ids/204842/000000000000648115-UN-01.jpg?v=637408053340330000,Bebidas vegetales,Huevos,https://www.unimarc.cl/category/lacteos-huevos-y-refrigerados/huevos,https://www.unimarc.cl/_next/data/0ucQ92dO_m9T9joH0FjVV/category/lacteos-huevos-y-refrigerados/huevos.json?categories=lacteos-huevos-y-refrigerados&categories=huevos,2026-02-20T18:42:21
76450,Huevos Nuestra Cocina color grande 30 un,Nuestra Cocina,1 un,unidad,8650,8650,,False,,$288 x unidad,$288 x unidad,https://www.unimarc.cl/huevo-grande-color-nuestra-cocina-30-un/p,https://unimarc.vtexassets.com/arquivos/ids/220821/000000000000651138-UN-01.jpg?v=637696479797870000,Bebidas vegetales,Huevos gallina,https://www.unimarc.cl/category/lacteos-huevos-y-refrigerados/huevos/huevos-gallina,https://www.unimarc.cl/_next/data/0ucQ92dO_m9T9joH0FjVV/category/lacteos-huevos-y-refrigerados/huevos/huevos-gallina.json?categories=lacteos-huevos-y-refrigerados&categories=huevos&categories=huevos-gallina,2026-02-20T18:42:32
77500,Huevos Nuestra Cocina grande color 12 un,Nuestra Cocina,1 un,unidad,3990,3990,,False,,$333 x unidad,$333 x unidad,https://www.unimarc.cl/huevo-grande-color-nuestra-cocina-12-un/p,https://unimarc.vtexassets.com/arquivos/ids/219261/000000000000650807-UN-01.jpg?v=637656123095730000,Bebidas vegetales,Huevos gallina,https://www.unimarc.cl/category/lacteos-huevos-y-refrigerados/huevos/huevos-gallina,https://www.unimarc.cl/_next/data/0ucQ92dO_m9T9joH0FjVV/category/lacteos-huevos-y-refrigerados/huevos/huevos-gallina.json?categories=lacteos-huevos-y-refrigerados&categories=huevos&categories=huevos-gallina,2026-02-20T18:42:32
728,Huevos extra blanco grande Cintazul 20 un,Cintazul,1 un,unidad,6650,7450,6650,True,Ahorras $800,$333 x unidad,$373 x unidad,https://www.unimarc.cl/huevos-cintazul-extra-blanco-grande-20-u/p,https://unimarc.vtexassets.com/arquivos/ids/228727/000000000000180992-UN-01.jpg?v=637973841006270000,Bebidas vegetales,Huevos gallina,https://www.unimarc.cl/category/lacteos-huevos-y-refrigerados/huevos/huevos-gallina,https://www.unimarc.cl/_next/data/0ucQ92dO_m9T9joH0FjVV/category/lacteos-huevos-y-refrigerados/huevos/huevos-gallina.json?categories=lacteos-huevos-y-refrigerados&categories=huevos&categories=huevos-gallina,2026-02-20T18:42:32
76484,Huevos Nuestra Cocina blanco extra 20 un,Nuestra Cocina,1 un,unidad,6850,6850,,False,,$343 x unidad,$343 x unidad,https://www.unimarc.cl/huevo-extra-blanco-nuestra-cocina-20-un/p,https://unimarc.vtexassets.com/arquivos/ids/216178/000000000000650811-UN-01.jpg?v=637588503240900000,Bebidas vegetales,Huevos gallina,https://www.unimarc.cl/category/lacteos-huevos-y-refrigerados/huevos/huevos-gallina,https://www.unimarc.cl/_next/data/0ucQ92dO_m9T9joH0FjVV/category/lacteos-huevos-y-refrigerados/huevos/huevos-gallina.json?categories=lacteos-huevos-y-refrigerados&categories=huevos&categories=huevos-gallina,2026-02-20T18:42:32
76483,Huevos Nuestra Cocina blanco mediano 30 un,Nuestra Cocina,1 un,unidad,8190,8190,,False,,$273 x unidad,$273 x unidad,https://www.unimarc.cl/huevo-mediano-blanco-nuestra-cocina-30un/p,https://unimarc.vtexassets.com/arquivos/ids/216179/000000000000650810-UN-01.jpg?v=637588504149400000,Bebidas vegetales,Huevos gallina,https://www.unimarc.cl/category/lacteos-huevos-y-refrigerados/huevos/huevos-gallina,https://www.unimarc.cl/_next/data/0ucQ92dO_m9T9joH0FjVV/category/lacteos-huevos-y-refrigerados/huevos/huevos-gallina.json?categories=lacteos-huevos-y-refrigerados&categories=huevos&categories=huevos-gallina,2026-02-20T18:42:32
17417,Huevos blanco grande Cintazul 30 un,Cintazul,1 un,unidad,8590,9990,8590,True,Ahorras $1.400,$286 x unidad,$333 x unidad,https://www.unimarc.cl/huevos-cintazul-blanco-grande-bandeja-30-u/p,https://unimarc.vtexassets.com/arquivos/ids/175620/000000000000180991-UN.jpg?v=636657107419100000,Bebidas vegetales,Huevos gallina,https://www.unimarc.cl/category/lacteos-huevos-y-refrigerados/huevos/huevos-gallina,https://www.unimarc.cl/_next/data/0ucQ92dO_m9T9joH0FjVV/category/lacteos-huevos-y-refrigerados/huevos/huevos-gallina.json?categories=lacteos-huevos-y-refrigerados&categories=huevos&categories=huevos-gallina,2026-02-20T18:42:32
58977,Huevos mediano color La Granja 18 un,La Granja,1 un,unidad,5490,5490,,False,,$305 x unidad,$305 x unidad,https://www.unimarc.cl/huevo-mediano-color-la-granja-18-un/p,https://unimarc.vtexassets.com/arquivos/ids/197095/000000000000638304-UN-01.jpg?v=637279523795400000,Bebidas vegetales,Huevos gallina,https://www.unimarc.cl/category/lacteos-huevos-y-refrigerados/huevos/huevos-gallina,https://www.unimarc.cl/_next/data/0ucQ92dO_m9T9joH0FjVV/category/lacteos-huevos-y-refrigerados/huevos/huevos-gallina.json?categories=lacteos-huevos-y-refrigerados&categories=huevos&categories=huevos-gallina,2026-02-20T18:42:32
265,Huevos extra blanco grande Cintazul 12 un,Cintazul,1 un,unidad,3700,4490,3700,True,Ahorras $790,$308 x unidad,$374 x unidad,https://www.unimarc.cl/huevos-cintazul-extra-blanco-grande-12-u/p,https://unimarc.vtexassets.com/arquivos/ids/201645/000000000000035521-UN-01.jpg?v=637362439078870000,Bebidas vegetales,Huevos gallina,https://www.unimarc.cl/category/lacteos-huevos-y-refrigerados/huevos/huevos-gallina,https://www.unimarc.cl/_next/data/0ucQ92dO_m9T9joH0FjVV/category/lacteos-huevos-y-refrigerados/huevos/huevos-gallina.json?categories=lacteos-huevos-y-refrigerados&categories=huevos&categories=huevos-gallina,2026-02-20T18:42:32
44298,Huevos La Herradura primera color 30 un,La Herradura,1 un,unidad,8850,9490,8850,True,Ahorras $640,$295 x unidad,$316 x unidad,https://www.unimarc.cl/huevo-primera-color-la-herradura-30-un/p,https://unimarc.vtexassets.com/arquivos/ids/221959/000000000000327519-UN-01.jpg?v=637734580857500000,Bebidas vegetales,Huevos gallina,https://www.unimarc.cl/category/lacteos-huevos-y-refrigerados/huevos/huevos-gallina,https://www.unimarc.cl/_next/data/0ucQ92dO_m9T9joH0FjVV/category/lacteos-huevos-y-refrigerados/huevos/huevos-gallina.json?categories=lacteos-huevos-y-refrigerados&categories=huevos&categories=huevos-gallina,2026-02-20T18:42:32
264,Huevos grande blanco Yemita 12 un,Yemita,1 un,unidad,3690,3990,3690,True,Ahorras $300,$308 x unidad,$333 x unidad,https://www.unimarc.cl/huevos-yemita-grande-blanco-12-u/p,https://unimarc.vtexassets.com/arquivos/ids/197091/000000000000035512-UN-01.jpg?v=637279512727530000,Bebidas vegetales,Huevos gallina,https://www.unimarc.cl/category/lacteos-huevos-y-refrigerados/huevos/huevos-gallina,https://www.unimarc.cl/_next/data/0ucQ92dO_m9T9joH0FjVV/category/lacteos-huevos-y-refrigerados/huevos/huevos-gallina.json?categories=lacteos-huevos-y-refrigerados&categories=huevos&categories=huevos-gallina,2026-02-20T18:42:32
77501,Huevos Nuestra Cocina blanco grande 12 un,Nuestra Cocina,1 un,unidad,3790,3790,,False,,$316 x unidad,$316 x unidad,https://www.unimarc.cl/huevo-grande-blanco-nuestra-cocina-12-un/p,https://unimarc.vtexassets.com/arquivos/ids/220728/000000000000650808-UN-01.jpg?v=637692338374500000,Bebidas vegetales,Huevos gallina,https://www.unimarc.cl/category/lacteos-huevos-y-refrigerados/huevos/huevos-gallina,https://www.unimarc.cl/_next/data/0ucQ92dO_m9T9joH0FjVV/category/lacteos-huevos-y-refrigerados/huevos/huevos-gallina.json?categories=lacteos-huevos-y-refrigerados&categories=huevos&categories=huevos-gallina,2026-02-20T18:42:32
71721,Huevo Coliumo grande blanco 12 un,Coliumo,1 un,unidad,3850,4370,3850,True,Ahorras $520,$321 x unidad,$364 x unidad,https://www.unimarc.cl/huevo-primera-blanco-coliumo-12-un/p,https://unimarc.vtexassets.com/arquivos/ids/255700/000000000000218521-UN-01.jpg?v=639045421846700000,Bebidas vegetales,Huevos gallina,https://www.unimarc.cl/category/lacteos-huevos-y-refrigerados/huevos/huevos-gallina,https://www.unimarc.cl/_next/data/0ucQ92dO_m9T9joH0FjVV/category/lacteos-huevos-y-refrigerados/huevos/huevos-gallina.json?categories=lacteos-huevos-y-refrigerados&categories=huevos&categories=huevos-gallina,2026-02-20T18:42:32
267,Huevos grande color Cintazul 12 un,Cintazul,1 un,unidad,3470,4350,3470,True,Ahorras $880,$289 x unidad,$363 x unidad,https://www.unimarc.cl/huevo-grande-color-cintazul-12-und/p,https://unimarc.vtexassets.com/arquivos/ids/162548/35524.jpg?v=636498850266730000,Bebidas vegetales,Huevos gallina,https://www.unimarc.cl/category/lacteos-huevos-y-refrigerados/huevos/huevos-gallina,https://www.unimarc.cl/_next/data/0ucQ92dO_m9T9joH0FjVV/category/lacteos-huevos-y-refrigerados/huevos/huevos-gallina.json?categories=lacteos-huevos-y-refrigerados&categories=huevos&categories=huevos-gallina,2026-02-20T18:42:32
44294,Huevos Santa Elvira grande color 12 un,Santa Elvira,1 un,unidad,4190,4390,4190,True,Ahorras $200,$349 x unidad,$366 x unidad,https://www.unimarc.cl/huevo-grande-color-santa-elvira-12-un/p,https://unimarc.vtexassets.com/arquivos/ids/221955/000000000000327503-UN-01.jpg?v=637734510298130000,Bebidas vegetales,Huevos gallina,https://www.unimarc.cl/category/lacteos-huevos-y-refrigerados/huevos/huevos-gallina,https://www.unimarc.cl/_next/data/0ucQ92dO_m9T9joH0FjVV/category/lacteos-huevos-y-refrigerados/huevos/huevos-gallina.json?categories=lacteos-huevos-y-refrigerados&categories=huevos&categories=huevos-gallina,2026-02-20T18:42:32
1643,Huevo grande color La Granja 12 un,La Granja,1 un,unidad,4890,4990,4890,True,Ahorras $100,$408 x unidad,$416 x unidad,https://www.unimarc.cl/huevo-grande-color-la-granja-12-un/p,https://unimarc.vtexassets.com/arquivos/ids/197092/000000000000893518-UN-01.jpg?v=637279516858300000,Bebidas vegetales,Huevos gallina,https://www.unimarc.cl/category/lacteos-huevos-y-refrigerados/huevos/huevos-gallina,https://www.unimarc.cl/_next/data/0ucQ92dO_m9T9joH0FjVV/category/lacteos-huevos-y-refrigerados/huevos/huevos-gallina.json?categories=lacteos-huevos-y-refrigerados&categories=huevos&categories=huevos-gallina,2026-02-20T18:42:32
1644,Huevo grande color La Granja 6 un,La Granja,1 un,unidad,2770,2990,2770,True,Ahorras $220,$462 x unidad,$498 x unidad,https://www.unimarc.cl/huevo-grande-color-la-granja-6-un/p,https://unimarc.vtexassets.com/arquivos/ids/197097/000000000000893519-UN-01.jpg?v=637279536046570000,Bebidas vegetales,Huevos gallina,https://www.unimarc.cl/category/lacteos-huevos-y-refrigerados/huevos/huevos-gallina,https://www.unimarc.cl/_next/data/0ucQ92dO_m9T9joH0FjVV/category/lacteos-huevos-y-refrigerados/huevos/huevos-gallina.json?categories=lacteos-huevos-y-refrigerados&categories=huevos&categories=huevos-gallina,2026-02-20T18:42:32
83406,Huevo Yemita extra blanco 18 un,Yemita,1 un,unidad,6450,7190,6450,True,Ahorras $740,$358 x unidad,$399 x unidad,https://www.unimarc.cl/huevo-extra-blanco-yemita-18un/p,https://unimarc.vtexassets.com/arquivos/ids/231806/000000000000663249-UN-01.jpg?v=638086061488230000,Bebidas vegetales,Huevos gallina,https://www.unimarc.cl/category/lacteos-huevos-y-refrigerados/huevos/huevos-gallina,https://www.unimarc.cl/_next/data/0ucQ92dO_m9T9joH0FjVV/category/lacteos-huevos-y-refrigerados/huevos/huevos-gallina.json?categories=lacteos-huevos-y-refrigerados&categories=huevos&categories=huevos-gallina,2026-02-20T18:42:32
266,Huevos blanco grande Cintazul 12 un,Cintazul,1 un,unidad,3950,4390,3950,True,Ahorras $440,$329 x unidad,$366 x unidad,https://www.unimarc.cl/huevos-cintazul-blanco-grande-12-u/p,https://unimarc.vtexassets.com/arquivos/ids/254929/000000000000035522-UN-01.jpg?v=639034196893530000,Bebidas vegetales,Huevos gallina,https://www.unimarc.cl/category/lacteos-huevos-y-refrigerados/huevos/huevos-gallina,https://www.unimarc.cl/_next/data/0ucQ92dO_m9T9joH0FjVV/category/lacteos-huevos-y-refrigerados/huevos/huevos-gallina.json?categories=lacteos-huevos-y-refrigerados&categories=huevos&categories=huevos-gallina,2026-02-20T18:42:32
40737,Huevo de campo Ecoterra gallina libre 12 un,Ecoterra,1 un,unidad,6400,7050,6400,True,Ahorras $650,$533 x unidad,$588 x unidad,https://www.unimarc.cl/ecohuevos-ecoterra-12-un/p,https://unimarc.vtexassets.com/arquivos/ids/193996/000000000000611633-UN-01.jpg?v=637230070314970000,Bebidas vegetales,Huevos gallina,https://www.unimarc.cl/category/lacteos-huevos-y-refrigerados/huevos/huevos-gallina,https://www.unimarc.cl/_next/data/0ucQ92dO_m9T9joH0FjVV/category/lacteos-huevos-y-refrigerados/huevos/huevos-gallina.json?categories=lacteos-huevos-y-refrigerados&categories=huevos&categories=huevos-gallina,2026-02-20T18:42:32
71722,Huevo Coliumo grande color 30 un,Coliumo,1 un,unidad,9690,9690,,False,,$323 x unidad,$323 x unidad,https://www.unimarc.cl/huevo-grande-color-coliumo-30-un/p,https://unimarc.vtexassets.com/arquivos/ids/255701/000000000000218535-UN-01.jpg?v=639045422433200000,Bebidas vegetales,Huevos gallina,https://www.unimarc.cl/category/lacteos-huevos-y-refrigerados/huevos/huevos-gallina,https://www.unimarc.cl/_next/data/0ucQ92dO_m9T9joH0FjVV/category/lacteos-huevos-y-refrigerados/huevos/huevos-gallina.json?categories=lacteos-huevos-y-refrigerados&categories=huevos&categories=huevos-gallina,2026-02-20T18:42:32
43983,Huevo color Santa Elvira grande bandeja 30 un,Santa Elvira,1 un,unidad,8940,9490,8940,True,Ahorras $550,$298 x unidad,$316 x unidad,https://www.unimarc.cl/huevo-grande-color-sta-elvira-30-un/p,https://unimarc.vtexassets.com/arquivos/ids/221700/000000000000253879-UN-01.jpg?v=637728555478100000,Bebidas vegetales,Huevos gallina,https://www.unimarc.cl/category/lacteos-huevos-y-refrigerados/huevos/huevos-gallina,https://www.unimarc.cl/_next/data/0ucQ92dO_m9T9joH0FjVV/category/lacteos-huevos-y-refrigerados/huevos/huevos-gallina.json?categories=lacteos-huevos-y-refrigerados&categories=huevos&categories=huevos-gallina,2026-02-20T18:42:32
75007,Huevo de campo Ecoterra gallina libre 18 un,Ecoterra,1 un,unidad,9590,10550,9590,True,Ahorras $960,$533 x unidad,$586 x unidad,https://www.unimarc.cl/huevo-campo-gallina-libre-ecoterra-18un/p,https://unimarc.vtexassets.com/arquivos/ids/211117/000000000000649673-UN-01.jpg?v=637522771608900000,Bebidas vegetales,Huevos gallina,https://www.unimarc.cl/category/lacteos-huevos-y-refrigerados/huevos/huevos-gallina,https://www.unimarc.cl/_next/data/0ucQ92dO_m9T9joH0FjVV/category/lacteos-huevos-y-refrigerados/huevos/huevos-gallina.json?categories=lacteos-huevos-y-refrigerados&categories=huevos&categories=huevos-gallina,2026-02-20T18:42:32
44297,Huevos La Herradura grande color 6 un,La Herradura,1 un,unidad,2250,2390,2250,True,Ahorras $140,$375 x unidad,$398 x unidad,https://www.unimarc.cl/huevo-grande-color-la-herradura-6-un/p,https://unimarc.vtexassets.com/arquivos/ids/221958/000000000000327518-UN-01.jpg?v=637734578082070000,Bebidas vegetales,Huevos gallina,https://www.unimarc.cl/category/lacteos-huevos-y-refrigerados/huevos/huevos-gallina,https://www.unimarc.cl/_next/data/0ucQ92dO_m9T9joH0FjVV/category/lacteos-huevos-y-refrigerados/huevos/huevos-gallina.json?categories=lacteos-huevos-y-refrigerados&categories=huevos&categories=huevos-gallina,2026-02-20T18:42:32
44296,Huevos La Herradura grande color 12 un,La Herradura,1 un,unidad,4110,4390,4110,True,Ahorras $280,$343 x unidad,$366 x unidad,https://www.unimarc.cl/huevo-grande-color-la-herradura-12-un/p,https://unimarc.vtexassets.com/arquivos/ids/221957/000000000000327517-UN-01.jpg?v=637734524856770000,Bebidas vegetales,Huevos gallina,https://www.unimarc.cl/category/lacteos-huevos-y-refrigerados/huevos/huevos-gallina,https://www.unimarc.cl/_next/data/0ucQ92dO_m9T9joH0FjVV/category/lacteos-huevos-y-refrigerados/huevos/huevos-gallina.json?categories=lacteos-huevos-y-refrigerados&categories=huevos&categories=huevos-gallina,2026-02-20T18:42:32
82403,Huevo mediano color Santa Marta 30 un,Santa Marta,1 un,unidad,8990,8990,,False,,$300 x unidad,$300 x unidad,https://www.unimarc.cl/huevo-mediano-color-santa-marta-30un/p,https://unimarc.vtexassets.com/arquivos/ids/229951/000000000000661927-UN-01.jpg?v=638022114526200000,Bebidas vegetales,Huevos gallina,https://www.unimarc.cl/category/lacteos-huevos-y-refrigerados/huevos/huevos-gallina,https://www.unimarc.cl/_next/data/0ucQ92dO_m9T9joH0FjVV/category/lacteos-huevos-y-refrigerados/huevos/huevos-gallina.json?categories=lacteos-huevos-y-refrigerados&categories=huevos&categories=huevos-gallina,2026-02-20T18:42:32
82404,Huevo mediano blanco Santa Marta 30 un,Santa Marta,1 un,unidad,8890,8890,,False,,$296 x unidad,$296 x unidad,https://www.unimarc.cl/huevo-mediano-blanco-santa-marta-30un/p,https://unimarc.vtexassets.com/arquivos/ids/229952/000000000000661928-UN-01.jpg?v=638022115012230000,Bebidas vegetales,Huevos gallina,https://www.unimarc.cl/category/lacteos-huevos-y-refrigerados/huevos/huevos-gallina,https://www.unimarc.cl/_next/data/0ucQ92dO_m9T9joH0FjVV/category/lacteos-huevos-y-refrigerados/huevos/huevos-gallina.json?categories=lacteos-huevos-y-refrigerados&categories=huevos&categories=huevos-gallina,2026-02-20T18:42:32
71720,Huevo Coliumo extra color 12 un,Coliumo,1 un,unidad,4350,4350,,False,,$363 x unidad,$363 x unidad,https://www.unimarc.cl/huevo-extra-color-coliumo-12-un/p,https://unimarc.vtexassets.com/arquivos/ids/255699/000000000000218518-UN-01.jpg?v=639045421243500000,Bebidas vegetales,Huevos gallina,https://www.unimarc.cl/category/lacteos-huevos-y-refrigerados/huevos/huevos-gallina,https://www.unimarc.cl/_next/data/0ucQ92dO_m9T9joH0FjVV/category/lacteos-huevos-y-refrigerados/huevos/huevos-gallina.json?categories=lacteos-huevos-y-refrigerados&categories=huevos&categories=huevos-gallina,2026-02-20T18:42:32
76448,Huevos Nuestra Cocina color grande 6 un,Nuestra Cocina,1 un,unidad,2150,2150,,False,,$358 x unidad,$358 x unidad,https://www.unimarc.cl/huevo-grande-color-nuestra-cocina-6-un/p,https://unimarc.vtexassets.com/arquivos/ids/224163/000000000000651136-UN-01.jpg?v=637805521153470000,Bebidas vegetales,Huevos gallina,https://www.unimarc.cl/category/lacteos-huevos-y-refrigerados/huevos/huevos-gallina,https://www.unimarc.cl/_next/data/0ucQ92dO_m9T9joH0FjVV/category/lacteos-huevos-y-refrigerados/huevos/huevos-gallina.json?categories=lacteos-huevos-y-refrigerados&categories=huevos&categories=huevos-gallina,2026-02-20T18:42:32
80001,Huevos blanco Nuestra Cocina grande bandeja 6 un,Nuestra Cocina,1 un,unidad,1990,1990,,False,,$332 x unidad,$332 x unidad,https://www.unimarc.cl/huevo-grande-blanco-nuestra-cocina-6-un/p,https://unimarc.vtexassets.com/arquivos/ids/221919/000000000000650809-UN-01.jpg?v=637733718299200000,Bebidas vegetales,Huevos gallina,https://www.unimarc.cl/category/lacteos-huevos-y-refrigerados/huevos/huevos-gallina,https://www.unimarc.cl/_next/data/0ucQ92dO_m9T9joH0FjVV/category/lacteos-huevos-y-refrigerados/huevos/huevos-gallina.json?categories=lacteos-huevos-y-refrigerados&categories=huevos&categories=huevos-gallina,2026-02-20T18:42:32
3790,Huevos medianos blancos Yemita 30 un,Yemita,1 un,unidad,8990,8990,,False,,$300 x unidad,$300 x unidad,https://www.unimarc.cl/huevo-med-blco-o-color-yemita-30-un/p,https://unimarc.vtexassets.com/arquivos/ids/197098/000000000000141802-UN-01.jpg?v=637279537946070000,Bebidas vegetales,Huevos gallina,https://www.unimarc.cl/category/lacteos-huevos-y-refrigerados/huevos/huevos-gallina,https://www.unimarc.cl/_next/data/0ucQ92dO_m9T9joH0FjVV/category/lacteos-huevos-y-refrigerados/huevos/huevos-gallina.json?categories=lacteos-huevos-y-refrigerados&categories=huevos&categories=huevos-gallina,2026-02-20T18:42:32
78237,Huevos gallina libre Nuestra Cocina 12 un,Nuestra Cocina,1 un,unidad,4590,4590,,False,,$383 x unidad,$383 x unidad,https://www.unimarc.cl/huevo-gallina-libre-nuestra-cocina-12un/p,https://unimarc.vtexassets.com/arquivos/ids/220002/000000000000650833-UN-01.jpg?v=637673468370130000,Bebidas vegetales,Huevos gallina,https://www.unimarc.cl/category/lacteos-huevos-y-refrigerados/huevos/huevos-gallina,https://www.unimarc.cl/_next/data/0ucQ92dO_m9T9joH0FjVV/category/lacteos-huevos-y-refrigerados/huevos/huevos-gallina.json?categories=lacteos-huevos-y-refrigerados&categories=huevos&categories=huevos-gallina,2026-02-20T18:42:32
77204,Huevos gallina libre Santa Elvira con omega 3 bandeja 12 un,Santa Elvira,1 un,unidad,5990,5990,,False,,$499 x unidad,$499 x unidad,https://www.unimarc.cl/huevo-c-omega-3-gall-f-santa-elvira-12un/p,https://unimarc.vtexassets.com/arquivos/ids/221920/000000000000632605-UN-01.jpg?v=637733721245900000,Bebidas vegetales,Huevos gallina,https://www.unimarc.cl/category/lacteos-huevos-y-refrigerados/huevos/huevos-gallina,https://www.unimarc.cl/_next/data/0ucQ92dO_m9T9joH0FjVV/category/lacteos-huevos-y-refrigerados/huevos/huevos-gallina.json?categories=lacteos-huevos-y-refrigerados&categories=huevos&categories=huevos-gallina,2026-02-20T18:42:32
82451,Huevo extra color Santa Marta 20 un,Santa Marta,1 un,unidad,7390,7390,,False,,$370 x unidad,$370 x unidad,https://www.unimarc.cl/huevo-extra-color-santa-marta-20-un/p,https://unimarc.vtexassets.com/arquivos/ids/229956/000000000000661878-UN-01.jpg?v=638022117267430000,Bebidas vegetales,Huevos gallina,https://www.unimarc.cl/category/lacteos-huevos-y-refrigerados/huevos/huevos-gallina,https://www.unimarc.cl/_next/data/0ucQ92dO_m9T9joH0FjVV/category/lacteos-huevos-y-refrigerados/huevos/huevos-gallina.json?categories=lacteos-huevos-y-refrigerados&categories=huevos&categories=huevos-gallina,2026-02-20T18:42:32
263,Huevos extra blanco Yemita 12 un,Yemita,1 un,unidad,4150,4150,,False,,$346 x unidad,$346 x unidad,https://www.unimarc.cl/huevos-yemita-extra-blanco-12-u/p,https://unimarc.vtexassets.com/arquivos/ids/197093/000000000000035511-UN-01.jpg?v=637279519855200000,Bebidas vegetales,Huevos gallina,https://www.unimarc.cl/category/lacteos-huevos-y-refrigerados/huevos/huevos-gallina,https://www.unimarc.cl/_next/data/0ucQ92dO_m9T9joH0FjVV/category/lacteos-huevos-y-refrigerados/huevos/huevos-gallina.json?categories=lacteos-huevos-y-refrigerados&categories=huevos&categories=huevos-gallina,2026-02-20T18:42:32
79204,Huevos campo gallina libre Ecoterra bandeja 30 un,Ecoterra,1 un,unidad,13250,13250,,False,,$442 x unidad,$442 x unidad,https://www.unimarc.cl/huevo-campo-gallina-libre-ecoterra-30-un/p,https://unimarc.vtexassets.com/arquivos/ids/221905/000000000000653163-UN-01.jpg?v=637733644198430000,Bebidas vegetales,Huevos gallina,https://www.unimarc.cl/category/lacteos-huevos-y-refrigerados/huevos/huevos-gallina,https://www.unimarc.cl/_next/data/0ucQ92dO_m9T9joH0FjVV/category/lacteos-huevos-y-refrigerados/huevos/huevos-gallina.json?categories=lacteos-huevos-y-refrigerados&categories=huevos&categories=huevos-gallina,2026-02-20T18:42:32
39682,Huevos Santa Marta extra color 12 un,Santa Marta,1 un,unidad,4490,4490,,False,,$374 x unidad,$374 x unidad,https://www.unimarc.cl/huevo-extra-color-santa-marta-12-un/p,https://unimarc.vtexassets.com/arquivos/ids/220497/000000000000978754-UN-01.jpg?v=637685535230500000,Bebidas vegetales,Huevos gallina,https://www.unimarc.cl/category/lacteos-huevos-y-refrigerados/huevos/huevos-gallina,https://www.unimarc.cl/_next/data/0ucQ92dO_m9T9joH0FjVV/category/lacteos-huevos-y-refrigerados/huevos/huevos-gallina.json?categories=lacteos-huevos-y-refrigerados&categories=huevos&categories=huevos-gallina,2026-02-20T18:42:32
76139,Huevos Cintazul gallina libre 12 un,Cintazul,1 un,unidad,4990,4990,,False,,$416 x unidad,$416 x unidad,https://www.unimarc.cl/huevo-gallina-libre-cintazul-12-un/p,https://unimarc.vtexassets.com/arquivos/ids/214511/000000000000650598-UN-01.jpg?v=637568608933200000,Bebidas vegetales,Huevos gallina,https://www.unimarc.cl/category/lacteos-huevos-y-refrigerados/huevos/huevos-gallina,https://www.unimarc.cl/_next/data/0ucQ92dO_m9T9joH0FjVV/category/lacteos-huevos-y-refrigerados/huevos/huevos-gallina.json?categories=lacteos-huevos-y-refrigerados&categories=huevos&categories=huevos-gallina,2026-02-20T18:42:32
79316,Huevo color Avicola San Antonio bandeja 30 un,Avicola San Antonio,1 un,unidad,9490,9490,,False,,$316 x unidad,$316 x unidad,https://www.unimarc.cl/huevo-color-san-antonio-30-un/p,https://unimarc.vtexassets.com/arquivos/ids/226176/000000000000652956-UN-01.jpg?v=637871860821600000,Bebidas vegetales,Huevos gallina,https://www.unimarc.cl/category/lacteos-huevos-y-refrigerados/huevos/huevos-gallina,https://www.unimarc.cl/_next/data/0ucQ92dO_m9T9joH0FjVV/category/lacteos-huevos-y-refrigerados/huevos/huevos-gallina.json?categories=lacteos-huevos-y-refrigerados&categories=huevos&categories=huevos-gallina,2026-02-20T18:42:32
518,Huevos diet Omega 3 12 un,Omega 3,1 un,unidad,3990,3990,,False,,$333 x unidad,$333 x unidad,https://www.unimarc.cl/huevos-diet-omega-3-12-un/p,https://unimarc.vtexassets.com/arquivos/ids/211119/000000000000138426-UN-01.jpg?v=637522791290100000,Bebidas vegetales,Huevos gallina,https://www.unimarc.cl/category/lacteos-huevos-y-refrigerados/huevos/huevos-gallina,https://www.unimarc.cl/_next/data/0ucQ92dO_m9T9joH0FjVV/category/lacteos-huevos-y-refrigerados/huevos/huevos-gallina.json?categories=lacteos-huevos-y-refrigerados&categories=huevos&categories=huevos-gallina,2026-02-20T18:42:32
9875,Huevo grande color Huevos de Talca 12 un,Huevos De Talca,1 un,unidad,4890,4890,,False,,$408 x unidad,$408 x unidad,https://www.unimarc.cl/huevo-grande-color-de-talca-pulpa-12-u/p,https://unimarc.vtexassets.com/arquivos/ids/230069/000000000000057192-UN-01.jpg?v=638023828283500000,Bebidas vegetales,Huevos gallina,https://www.unimarc.cl/category/lacteos-huevos-y-refrigerados/huevos/huevos-gallina,https://www.unimarc.cl/_next/data/0ucQ92dO_m9T9joH0FjVV/category/lacteos-huevos-y-refrigerados/huevos/huevos-gallina.json?categories=lacteos-huevos-y-refrigerados&categories=huevos&categories=huevos-gallina,2026-02-20T18:42:32
13694,Huevo grande blanco Yemita 6 un,Yemita,1 un,unidad,2250,2250,,False,,$375 x unidad,$375 x unidad,https://www.unimarc.cl/huevo-grande-blanco-yemita-6-un/p,https://unimarc.vtexassets.com/arquivos/ids/197096/000000000000035517-UN-01.jpg?v=637279533703100000,Bebidas vegetales,Huevos gallina,https://www.unimarc.cl/category/lacteos-huevos-y-refrigerados/huevos/huevos-gallina,https://www.unimarc.cl/_next/data/0ucQ92dO_m9T9joH0FjVV/category/lacteos-huevos-y-refrigerados/huevos/huevos-gallina.json?categories=lacteos-huevos-y-refrigerados&categories=huevos&categories=huevos-gallina,2026-02-20T18:42:32
73523,Huevos mediano color Omega 3 bandeja 30 un,Omega 3,1 un,unidad,9850,9850,,False,,$328 x unidad,$328 x unidad,https://www.unimarc.cl/huevos-medianos-omega3-30-un/p,https://unimarc.vtexassets.com/arquivos/ids/205188/000000000000648117-UN-01.jpg?v=637413371838870000,Bebidas vegetales,Huevos gallina,https://www.unimarc.cl/category/lacteos-huevos-y-refrigerados/huevos/huevos-gallina,https://www.unimarc.cl/_next/data/0ucQ92dO_m9T9joH0FjVV/category/lacteos-huevos-y-refrigerados/huevos/huevos-gallina.json?categories=lacteos-huevos-y-refrigerados&categories=huevos&categories=huevos-gallina,2026-02-20T18:42:32
6087,Huevos blanco grande Santa Marta 12 un,Santa Marta,1 un,unidad,4390,4390,,False,,$366 x unidad,$366 x unidad,https://www.unimarc.cl/huevos-grande-blanco-santa-marta-12-un/p,https://unimarc.vtexassets.com/arquivos/ids/164349/huevos-grande-blanco-santa-marta-12-un.jpg?v=636523186240630000,Bebidas vegetales,Huevos gallina,https://www.unimarc.cl/category/lacteos-huevos-y-refrigerados/huevos/huevos-gallina,https://www.unimarc.cl/_next/data/0ucQ92dO_m9T9joH0FjVV/category/lacteos-huevos-y-refrigerados/huevos/huevos-gallina.json?categories=lacteos-huevos-y-refrigerados&categories=huevos&categories=huevos-gallina,2026-02-20T18:42:32
9859,Huevos blanco grande Cintazul 6 un,Cintazul,1 un,unidad,2590,2590,,False,,$432 x unidad,$432 x unidad,https://www.unimarc.cl/huevo-grande-blanco-cintazul-6-u/p,https://unimarc.vtexassets.com/arquivos/ids/228728/000000000000035525-UN-01.jpg?v=637973841668500000,Bebidas vegetales,Huevos gallina,https://www.unimarc.cl/category/lacteos-huevos-y-refrigerados/huevos/huevos-gallina,https://www.unimarc.cl/_next/data/0ucQ92dO_m9T9joH0FjVV/category/lacteos-huevos-y-refrigerados/huevos/huevos-gallina.json?categories=lacteos-huevos-y-refrigerados&categories=huevos&categories=huevos-gallina,2026-02-20T18:42:32
79337,Huevo color Avicola San Antonio bandeja 12 un,Avicola San Antonio,1 un,unidad,4390,4390,,False,,$366 x unidad,$366 x unidad,https://www.unimarc.cl/huevo-color-avicola-san-antonio-12-un/p,https://unimarc.vtexassets.com/arquivos/ids/226177/000000000000653077-UN-01.jpg?v=637871864487270000,Bebidas vegetales,Huevos gallina,https://www.unimarc.cl/category/lacteos-huevos-y-refrigerados/huevos/huevos-gallina,https://www.unimarc.cl/_next/data/0ucQ92dO_m9T9joH0FjVV/category/lacteos-huevos-y-refrigerados/huevos/huevos-gallina.json?categories=lacteos-huevos-y-refrigerados&categories=huevos&categories=huevos-gallina,2026-02-20T18:42:32
91491,Huevo grande blanco San Antonio 30Un,Avicola San Antonio,1 un,unidad,9190,9190,,False,,$306 x unidad,$306 x unidad,https://www.unimarc.cl/huevo-grande-blanco-san-antonio-30un/p,https://unimarc.vtexassets.com/arquivos/ids/252167/000000000000677050-UN-01.jpg?v=638956893439800000,Bebidas vegetales,Huevos gallina,https://www.unimarc.cl/category/lacteos-huevos-y-refrigerados/huevos/huevos-gallina,https://www.unimarc.cl/_next/data/0ucQ92dO_m9T9joH0FjVV/category/lacteos-huevos-y-refrigerados/huevos/huevos-gallina.json?categories=lacteos-huevos-y-refrigerados&categories=huevos&categories=huevos-gallina,2026-02-20T18:42:32
18504,Huevos grande color Yemita 12 un,Yemita,1 un,unidad,3850,4290,3850,True,Ahorras $440,$321 x unidad,$358 x unidad,https://www.unimarc.cl/huevos-yemita-grande-color-12-u/p,https://unimarc.vtexassets.com/arquivos/ids/197099/000000000000344339-UN-01.jpg?v=637279540320830000,Bebidas vegetales,Huevos gallina,https://www.unimarc.cl/category/lacteos-huevos-y-refrigerados/huevos/huevos-gallina,https://www.unimarc.cl/_next/data/0ucQ92dO_m9T9joH0FjVV/category/lacteos-huevos-y-refrigerados/huevos/huevos-gallina.json?categories=lacteos-huevos-y-refrigerados&categories=huevos&categories=huevos-gallina,2026-02-20T18:42:32
73521,Huevos grande Omega 3 bandeja 6 un,Omega 3,1 un,unidad,2650,2650,,False,,$442 x unidad,$442 x unidad,https://www.unimarc.cl/huevos-grandes-omega3-6-un/p,https://unimarc.vtexassets.com/arquivos/ids/204842/000000000000648115-UN-01.jpg?v=637408053340330000,Bebidas vegetales,Huevos gallina,https://www.unimarc.cl/category/lacteos-huevos-y-refrigerados/huevos/huevos-gallina,https://www.unimarc.cl/_next/data/0ucQ92dO_m9T9joH0FjVV/category/lacteos-huevos-y-refrigerados/huevos/huevos-gallina.json?categories=lacteos-huevos-y-refrigerados&categories=huevos&categories=huevos-gallina,2026-02-20T18:42:32
13695,Huevo de codorniz Don Guillermo bandeja 24 un,Don Guillermo,1 un,unidad,2890,2890,,False,,$120 x unidad,$120 x unidad,https://www.unimarc.cl/huevos-codorniz-don-guillermo-24-un/p,https://unimarc.vtexassets.com/arquivos/ids/183344/000000000000035561-UN.jpg?v=636873901162200000,Bebidas vegetales,Huevos especiales,https://www.unimarc.cl/category/lacteos-huevos-y-refrigerados/huevos/huevos-especiales,https://www.unimarc.cl/_next/data/0ucQ92dO_m9T9joH0FjVV/category/lacteos-huevos-y-refrigerados/huevos/huevos-especiales.json?categories=lacteos-huevos-y-refrigerados&categories=huevos&categories=huevos-especiales,2026-02-20T18:42:40
7306,Postre manjarate Soprole original 80 g Postre Soprole manjarate pote 80 g,Manjarate,1 un,Kg,588,770,588,True,Ahorras $182,$7.350 x Kg,$9.625 x Kg,https://www.unimarc.cl/manjarate-tradicional-soprole-80-g-2/p,https://unimarc.vtexassets.com/arquivos/ids/237612/000000000400456003-UN-01.jpg?v=638433487924000000,Bebidas vegetales,Postres,https://www.unimarc.cl/category/lacteos-huevos-y-refrigerados/postres,https://www.unimarc.cl/_next/data/0ucQ92dO_m9T9joH0FjVV/category/lacteos-huevos-y-refrigerados/postres.json?categories=lacteos-huevos-y-refrigerados&categories=postres,2026-02-20T18:42:48
91675,Postre Chandelle Nestlé crema chocolate 120 g,Chandelle,1 un,Kg,790,790,,False,,$6.583 x Kg,$6.583 x Kg,https://www.unimarc.cl/postre-crema-chandelle-120gr-chocolate/p,https://unimarc.vtexassets.com/arquivos/ids/249228/000000000679856001-UN-01.jpg?v=638850743483270000,Bebidas vegetales,Postres,https://www.unimarc.cl/category/lacteos-huevos-y-refrigerados/postres,https://www.unimarc.cl/_next/data/0ucQ92dO_m9T9joH0FjVV/category/lacteos-huevos-y-refrigerados/postres.json?categories=lacteos-huevos-y-refrigerados&categories=postres,2026-02-20T18:42:48
5006,Jalea frambuesa Soprole 110 g Jalea Soprole sabor frambuesa pote 110 g,Soprole,1 un,Kg,290,290,,False,,$2.636 x Kg,$2.636 x Kg,https://www.unimarc.cl/jalea-soprole-frambuesa-110-gr/p,https://unimarc.vtexassets.com/arquivos/ids/222266/000000000000338467-UN-01.jpg?v=637751152445400000,Bebidas vegetales,Postres,https://www.unimarc.cl/category/lacteos-huevos-y-refrigerados/postres,https://www.unimarc.cl/_next/data/0ucQ92dO_m9T9joH0FjVV/category/lacteos-huevos-y-refrigerados/postres.json?categories=lacteos-huevos-y-refrigerados&categories=postres,2026-02-20T18:42:48
11723,Flan Soprole zero lacto sabor caramelo pote 110 g,Soprole,1 un,Kg,316,490,316,True,Ahorras $174,$2.873 x Kg,$4.455 x Kg,https://www.unimarc.cl/flan-zero-lacto-soprole-120-gr-caramelo/p,https://unimarc.vtexassets.com/arquivos/ids/244760/000000000625427002-UN-01.jpg?v=638651116775100000,Bebidas vegetales,Postres,https://www.unimarc.cl/category/lacteos-huevos-y-refrigerados/postres,https://www.unimarc.cl/_next/data/0ucQ92dO_m9T9joH0FjVV/category/lacteos-huevos-y-refrigerados/postres.json?categories=lacteos-huevos-y-refrigerados&categories=postres,2026-02-20T18:42:48
5007,-Jalea Soprole sabor guinda pote 110 g,Soprole,1 un,Kg,290,290,,False,,$2.636 x Kg,$2.636 x Kg,https://www.unimarc.cl/jalea-soprole-guinda-110-gr/p,https://unimarc.vtexassets.com/arquivos/ids/222269/000000000000338468-UN-01.jpg?v=637751156783900000,Bebidas vegetales,Postres,https://www.unimarc.cl/category/lacteos-huevos-y-refrigerados/postres,https://www.unimarc.cl/_next/data/0ucQ92dO_m9T9joH0FjVV/category/lacteos-huevos-y-refrigerados/postres.json?categories=lacteos-huevos-y-refrigerados&categories=postres,2026-02-20T18:42:48
11722,Flan Soprole zero lacto sabor vainilla pote 110 g,Soprole,1 un,Kg,316,490,316,True,Ahorras $174,$2.873 x Kg,$4.455 x Kg,https://www.unimarc.cl/flan-zero-lacto-soprole-120-gr-vainilla/p,https://unimarc.vtexassets.com/arquivos/ids/244758/000000000625427001-UN-01.jpg?v=638651116409830000,Bebidas vegetales,Postres,https://www.unimarc.cl/category/lacteos-huevos-y-refrigerados/postres,https://www.unimarc.cl/_next/data/0ucQ92dO_m9T9joH0FjVV/category/lacteos-huevos-y-refrigerados/postres.json?categories=lacteos-huevos-y-refrigerados&categories=postres,2026-02-20T18:42:48
7380,Jalea Colun frambuesa pote 100 g,Colun,1 un,Kg,320,320,,False,,$3.200 x Kg,$3.200 x Kg,https://www.unimarc.cl/jalea-colun-100-gr-frambuesa/p,https://unimarc.vtexassets.com/arquivos/ids/163236/jalea-colun-100-gr-frambuesa.jpg?v=636523093157270000,Bebidas vegetales,Postres,https://www.unimarc.cl/category/lacteos-huevos-y-refrigerados/postres,https://www.unimarc.cl/_next/data/0ucQ92dO_m9T9joH0FjVV/category/lacteos-huevos-y-refrigerados/postres.json?categories=lacteos-huevos-y-refrigerados&categories=postres,2026-02-20T18:42:48
5009,Jalea piña Soprole 110 g Jalea Soprole sabor piña pote 110 g,Soprole,1 un,Kg,290,290,,False,,$2.636 x Kg,$2.636 x Kg,https://www.unimarc.cl/jalea-soprole-pina-110-gr/p,https://unimarc.vtexassets.com/arquivos/ids/222267/000000000000338470-UN-01.jpg?v=637751153758000000,Bebidas vegetales,Postres,https://www.unimarc.cl/category/lacteos-huevos-y-refrigerados/postres,https://www.unimarc.cl/_next/data/0ucQ92dO_m9T9joH0FjVV/category/lacteos-huevos-y-refrigerados/postres.json?categories=lacteos-huevos-y-refrigerados&categories=postres,2026-02-20T18:42:48
85109,Postre del Sur Colun sabor chocolate 110 g,Colun,1 un,Kg,650,650,,False,,$5.909 x Kg,$5.909 x Kg,https://www.unimarc.cl/post-del-sur-colun-110g-chocolate/p,https://unimarc.vtexassets.com/arquivos/ids/235331/000000000665903001-UN-01.jpg?v=638445516439330000,Bebidas vegetales,Postres,https://www.unimarc.cl/category/lacteos-huevos-y-refrigerados/postres,https://www.unimarc.cl/_next/data/0ucQ92dO_m9T9joH0FjVV/category/lacteos-huevos-y-refrigerados/postres.json?categories=lacteos-huevos-y-refrigerados&categories=postres,2026-02-20T18:42:48
91676,Postre Chandelle Nestlé crema manjar 120 g,Chandelle,1 un,Kg,790,790,,False,,$6.583 x Kg,$6.583 x Kg,https://www.unimarc.cl/postre-crema-chandelle-120gr-manjar/p,https://unimarc.vtexassets.com/arquivos/ids/249229/000000000679856002-UN-01.jpg?v=638850743672000000,Bebidas vegetales,Postres,https://www.unimarc.cl/category/lacteos-huevos-y-refrigerados/postres,https://www.unimarc.cl/_next/data/0ucQ92dO_m9T9joH0FjVV/category/lacteos-huevos-y-refrigerados/postres.json?categories=lacteos-huevos-y-refrigerados&categories=postres,2026-02-20T18:42:48
92055,Postre sémola Soprole caramelo sin lactosa 140 g,Soprole,1 un,Kg,688,850,688,True,Ahorras $162,$4.914 x Kg,$6.071 x Kg,https://www.unimarc.cl/semola-caramelo-zero-lacto-soprole-140gr/p,https://unimarc.vtexassets.com/arquivos/ids/250578/000000000000684868-UN-01.jpg?v=638902678509130000,Bebidas vegetales,Postres,https://www.unimarc.cl/category/lacteos-huevos-y-refrigerados/postres,https://www.unimarc.cl/_next/data/0ucQ92dO_m9T9joH0FjVV/category/lacteos-huevos-y-refrigerados/postres.json?categories=lacteos-huevos-y-refrigerados&categories=postres,2026-02-20T18:42:48
5004,Flan Soprole vainilla con salsa de caramelo pote 110 g,Soprole,1 un,Kg,390,390,,False,,$3.545 x Kg,$3.545 x Kg,https://www.unimarc.cl/flan-soprole-vainilla-120-gr/p,https://unimarc.vtexassets.com/arquivos/ids/244757/000000000000338227-UN-01.jpg?v=638651116038600000,Bebidas vegetales,Postres,https://www.unimarc.cl/category/lacteos-huevos-y-refrigerados/postres,https://www.unimarc.cl/_next/data/0ucQ92dO_m9T9joH0FjVV/category/lacteos-huevos-y-refrigerados/postres.json?categories=lacteos-huevos-y-refrigerados&categories=postres,2026-02-20T18:42:48
32342,Jalea Colún guinda 100 g,Colun,1 un,Kg,320,320,,False,,$3.200 x Kg,$3.200 x Kg,https://www.unimarc.cl/jalea-colun-guinda-100-g/p,https://unimarc.vtexassets.com/arquivos/ids/219869/000000000401780004-UN-01.jpg?v=637671324278700000,Bebidas vegetales,Postres,https://www.unimarc.cl/category/lacteos-huevos-y-refrigerados/postres,https://www.unimarc.cl/_next/data/0ucQ92dO_m9T9joH0FjVV/category/lacteos-huevos-y-refrigerados/postres.json?categories=lacteos-huevos-y-refrigerados&categories=postres,2026-02-20T18:42:48
5003,Flan Soprole sabor caramelo con salsa de caramelo pote 110 g,Soprole,1 un,Kg,390,390,,False,,$3.545 x Kg,$3.545 x Kg,https://www.unimarc.cl/flan-soprole-caramelo-120-gr/p,https://unimarc.vtexassets.com/arquivos/ids/244756/000000000000338226-UN-01.jpg?v=638651115694030000,Bebidas vegetales,Postres,https://www.unimarc.cl/category/lacteos-huevos-y-refrigerados/postres,https://www.unimarc.cl/_next/data/0ucQ92dO_m9T9joH0FjVV/category/lacteos-huevos-y-refrigerados/postres.json?categories=lacteos-huevos-y-refrigerados&categories=postres,2026-02-20T18:42:48
7381,Jalea Colun limón pote 100 g,Colun,1 un,Kg,320,320,,False,,$3.200 x Kg,$3.200 x Kg,https://www.unimarc.cl/jalea-colun-100-gr-limon/p,https://unimarc.vtexassets.com/arquivos/ids/163235/jalea-colun-100-gr-limon.jpg?v=636523093150430000,Bebidas vegetales,Postres,https://www.unimarc.cl/category/lacteos-huevos-y-refrigerados/postres,https://www.unimarc.cl/_next/data/0ucQ92dO_m9T9joH0FjVV/category/lacteos-huevos-y-refrigerados/postres.json?categories=lacteos-huevos-y-refrigerados&categories=postres,2026-02-20T18:42:48
6470,Compota Vivo Mifrut manzana 90 g,Vivo,1 un,Kg,550,550,,False,,$6.111 x Kg,$6.111 x Kg,https://www.unimarc.cl/compota-de-manzana-mifrut-vivo-90-g-2/p,https://unimarc.vtexassets.com/arquivos/ids/247137/000000000000759336-UN-01.jpg.jpg?v=638766190266100000,Bebidas vegetales,Postres,https://www.unimarc.cl/category/lacteos-huevos-y-refrigerados/postres,https://www.unimarc.cl/_next/data/0ucQ92dO_m9T9joH0FjVV/category/lacteos-huevos-y-refrigerados/postres.json?categories=lacteos-huevos-y-refrigerados&categories=postres,2026-02-20T18:42:48
85110,Postre del Sur Colun sabor manjar 110 g,Colun,1 un,Kg,650,650,,False,,$5.909 x Kg,$5.909 x Kg,https://www.unimarc.cl/post-del-sur-colun-110g-manjar/p,https://unimarc.vtexassets.com/arquivos/ids/235332/000000000665903002-UN-01.jpg?v=638445516446700000,Bebidas vegetales,Postres,https://www.unimarc.cl/category/lacteos-huevos-y-refrigerados/postres,https://www.unimarc.cl/_next/data/0ucQ92dO_m9T9joH0FjVV/category/lacteos-huevos-y-refrigerados/postres.json?categories=lacteos-huevos-y-refrigerados&categories=postres,2026-02-20T18:42:48
81865,Compota Watt's manzana pouch 90 g,Watts,1 un,Kg,490,490,,False,,$5.444 x Kg,$5.444 x Kg,https://www.unimarc.cl/compota-pouch-watts-90gr-manzana/p,https://unimarc.vtexassets.com/arquivos/ids/251950/000000000655583001-UN-01.jpg?v=638985713012830000,Bebidas vegetales,Postres,https://www.unimarc.cl/category/lacteos-huevos-y-refrigerados/postres,https://www.unimarc.cl/_next/data/0ucQ92dO_m9T9joH0FjVV/category/lacteos-huevos-y-refrigerados/postres.json?categories=lacteos-huevos-y-refrigerados&categories=postres,2026-02-20T18:42:48
5010,Postre sémola Soprole caramelo 140 g Postre sémola con leche Soprole salsa caramelo pote 140 g,Soprole,1 un,Kg,700,700,,False,,$5.000 x Kg,$5.000 x Kg,https://www.unimarc.cl/semola-soprole-c-salsa-de-caramelo-140-g/p,https://unimarc.vtexassets.com/arquivos/ids/247718/000000000000338471-UN-01.jpg.jpg?v=638792175011270000,Bebidas vegetales,Postres,https://www.unimarc.cl/category/lacteos-huevos-y-refrigerados/postres,https://www.unimarc.cl/_next/data/0ucQ92dO_m9T9joH0FjVV/category/lacteos-huevos-y-refrigerados/postres.json?categories=lacteos-huevos-y-refrigerados&categories=postres,2026-02-20T18:42:48
81868,Compota Watt's multifruta pouch 90 g,Watts,1 un,Kg,490,490,,False,,$5.444 x Kg,$5.444 x Kg,https://www.unimarc.cl/compota-pouch-watts-90gr-multifruta/p,https://unimarc.vtexassets.com/arquivos/ids/251956/000000000655583004-UN-01.jpg?v=638985714537130000,Bebidas vegetales,Postres,https://www.unimarc.cl/category/lacteos-huevos-y-refrigerados/postres,https://www.unimarc.cl/_next/data/0ucQ92dO_m9T9joH0FjVV/category/lacteos-huevos-y-refrigerados/postres.json?categories=lacteos-huevos-y-refrigerados&categories=postres,2026-02-20T18:42:48
6472,Compota Vivo Mifrut pera 90 g,Vivo,1 un,Kg,550,550,,False,,$6.111 x Kg,$6.111 x Kg,https://www.unimarc.cl/compota-de-pera-mifrut-vivo-90-g-2/p,https://unimarc.vtexassets.com/arquivos/ids/247138/000000000000759337-UN-01.jpg.jpg?v=638766191168070000,Bebidas vegetales,Postres,https://www.unimarc.cl/category/lacteos-huevos-y-refrigerados/postres,https://www.unimarc.cl/_next/data/0ucQ92dO_m9T9joH0FjVV/category/lacteos-huevos-y-refrigerados/postres.json?categories=lacteos-huevos-y-refrigerados&categories=postres,2026-02-20T18:42:48
56910,Compota Vivo Mifrut plátano 90 g,Vivo,1 un,Kg,560,560,,False,,$6.222 x Kg,$6.222 x Kg,https://www.unimarc.cl/compota-mifrut-platano-vivo-90-gr/p,https://unimarc.vtexassets.com/arquivos/ids/247135/000000000000637787-UN-01.jpg.jpg?v=638766188386530000,Bebidas vegetales,Postres,https://www.unimarc.cl/category/lacteos-huevos-y-refrigerados/postres,https://www.unimarc.cl/_next/data/0ucQ92dO_m9T9joH0FjVV/category/lacteos-huevos-y-refrigerados/postres.json?categories=lacteos-huevos-y-refrigerados&categories=postres,2026-02-20T18:42:48
81866,Compota Watt's pera pouch 90 g,Watts,1 un,Kg,490,490,,False,,$5.444 x Kg,$5.444 x Kg,https://www.unimarc.cl/compota-pouch-watts-90gr-pera/p,https://unimarc.vtexassets.com/arquivos/ids/251952/000000000655583002-UN-01.jpg?v=638985713498930000,Bebidas vegetales,Postres,https://www.unimarc.cl/category/lacteos-huevos-y-refrigerados/postres,https://www.unimarc.cl/_next/data/0ucQ92dO_m9T9joH0FjVV/category/lacteos-huevos-y-refrigerados/postres.json?categories=lacteos-huevos-y-refrigerados&categories=postres,2026-02-20T18:42:48
85111,Postre del Sur Colun sabor chocolate blanco 110 g,Colun,1 un,Kg,650,650,,False,,$5.909 x Kg,$5.909 x Kg,https://www.unimarc.cl/post-del-sur-colun-110g-choc-blanco/p,https://unimarc.vtexassets.com/arquivos/ids/235333/000000000665903003-UN-01.jpg?v=638445516454700000,Bebidas vegetales,Postres,https://www.unimarc.cl/category/lacteos-huevos-y-refrigerados/postres,https://www.unimarc.cl/_next/data/0ucQ92dO_m9T9joH0FjVV/category/lacteos-huevos-y-refrigerados/postres.json?categories=lacteos-huevos-y-refrigerados&categories=postres,2026-02-20T18:42:48
79669,Compota Nuestra Cocina pera y manzana 90 g,Nuestra Cocina,1 un,Kg,450,450,,False,,$5.000 x Kg,$5.000 x Kg,https://www.unimarc.cl/compota-nuestra-cocina-90g-manz-pera/p,https://unimarc.vtexassets.com/arquivos/ids/224509/000000000652707003-UN-01.jpg?v=638887889504800000,Bebidas vegetales,Postres,https://www.unimarc.cl/category/lacteos-huevos-y-refrigerados/postres,https://www.unimarc.cl/_next/data/0ucQ92dO_m9T9joH0FjVV/category/lacteos-huevos-y-refrigerados/postres.json?categories=lacteos-huevos-y-refrigerados&categories=postres,2026-02-20T18:42:48
5012,Postre sémola Soprole frambuesa 140 g Postre sémola con leche Soprole salsa frambuesa pote 140 g,Soprole,1 un,Kg,700,700,,False,,$5.000 x Kg,$5.000 x Kg,https://www.unimarc.cl/semola-soprole-c-salsa-de-framb-140-gr/p,https://unimarc.vtexassets.com/arquivos/ids/247720/000000000000338573-UN-01.jpg.jpg?v=638792176717400000,Bebidas vegetales,Postres,https://www.unimarc.cl/category/lacteos-huevos-y-refrigerados/postres,https://www.unimarc.cl/_next/data/0ucQ92dO_m9T9joH0FjVV/category/lacteos-huevos-y-refrigerados/postres.json?categories=lacteos-huevos-y-refrigerados&categories=postres,2026-02-20T18:42:48
6240,Postre Gold pannacotta frambuesa 120 g Postre panna cotta Soprole gold salsa frambuesa pote 120 g,Soprole,1 un,Kg,790,790,,False,,$6.583 x Kg,$6.583 x Kg,https://www.unimarc.cl/postre-panna-cotta-frambuesa-sopro-120g/p,https://unimarc.vtexassets.com/arquivos/ids/213986/000000000000677023-UN-01.jpg?v=638416324781570000,Bebidas vegetales,Postres,https://www.unimarc.cl/category/lacteos-huevos-y-refrigerados/postres,https://www.unimarc.cl/_next/data/0ucQ92dO_m9T9joH0FjVV/category/lacteos-huevos-y-refrigerados/postres.json?categories=lacteos-huevos-y-refrigerados&categories=postres,2026-02-20T18:42:48
89238,Flan Soprole sabor chocolate con salsa de caramelo pote 110 g,Soprole,1 un,Kg,390,390,,False,,$3.545 x Kg,$3.545 x Kg,https://www.unimarc.cl/flan-sabor-chocolate-soprole-110-gr/p,https://unimarc.vtexassets.com/arquivos/ids/244857/000000000000671635-UN-01.jpg?v=638653810800030000,Bebidas vegetales,Postres,https://www.unimarc.cl/category/lacteos-huevos-y-refrigerados/postres,https://www.unimarc.cl/_next/data/0ucQ92dO_m9T9joH0FjVV/category/lacteos-huevos-y-refrigerados/postres.json?categories=lacteos-huevos-y-refrigerados&categories=postres,2026-02-20T18:42:48
91677,Postre Chandelle Nestlé crema lúcuma 120 g,Chandelle,1 un,Kg,790,790,,False,,$6.583 x Kg,$6.583 x Kg,https://www.unimarc.cl/postre-crema-chandelle-120gr-lucuma/p,https://unimarc.vtexassets.com/arquivos/ids/249230/000000000679856003-UN-01.jpg?v=638850747703330000,Bebidas vegetales,Postres,https://www.unimarc.cl/category/lacteos-huevos-y-refrigerados/postres,https://www.unimarc.cl/_next/data/0ucQ92dO_m9T9joH0FjVV/category/lacteos-huevos-y-refrigerados/postres.json?categories=lacteos-huevos-y-refrigerados&categories=postres,2026-02-20T18:42:48
91734,Postre Chandelle Nestlé crema irlandesa 120 g,Chandelle,1 un,Kg,790,790,,False,,$6.583 x Kg,$6.583 x Kg,https://www.unimarc.cl/postre-crema-chandelle-120gr-cre-irland/p,https://unimarc.vtexassets.com/arquivos/ids/249915/000000000679856004-UN-01.jpg?v=638865617584530000,Bebidas vegetales,Postres,https://www.unimarc.cl/category/lacteos-huevos-y-refrigerados/postres,https://www.unimarc.cl/_next/data/0ucQ92dO_m9T9joH0FjVV/category/lacteos-huevos-y-refrigerados/postres.json?categories=lacteos-huevos-y-refrigerados&categories=postres,2026-02-20T18:42:48
11613,Jalea Nestlé frambuesa pote 110 g,Nestle,1 un,Kg,390,390,,False,,$3.545 x Kg,$3.545 x Kg,https://www.unimarc.cl/jalea-nestle-110gr-frambuesa/p,https://unimarc.vtexassets.com/arquivos/ids/229210/000000000400278001-UN-01.jpg?v=637993034488200000,Bebidas vegetales,Postres,https://www.unimarc.cl/category/lacteos-huevos-y-refrigerados/postres,https://www.unimarc.cl/_next/data/0ucQ92dO_m9T9joH0FjVV/category/lacteos-huevos-y-refrigerados/postres.json?categories=lacteos-huevos-y-refrigerados&categories=postres,2026-02-20T18:42:48
6239,Postre Gold creme caramel 120 g Postre Soprole gold creme caramel pote 120 g,Soprole,1 un,Kg,790,790,,False,,$6.583 x Kg,$6.583 x Kg,https://www.unimarc.cl/postre-crema-soprole-caramelo-120-gr/p,https://unimarc.vtexassets.com/arquivos/ids/213984/000000000000677022-UN-01.jpg?v=638416324769170000,Bebidas vegetales,Postres,https://www.unimarc.cl/category/lacteos-huevos-y-refrigerados/postres,https://www.unimarc.cl/_next/data/0ucQ92dO_m9T9joH0FjVV/category/lacteos-huevos-y-refrigerados/postres.json?categories=lacteos-huevos-y-refrigerados&categories=postres,2026-02-20T18:42:48
91910,Compota Nuestra Cocina manzana plátano 90 g,Nuestra Cocina,1 un,Kg,460,460,,False,,$5.111 x Kg,$5.111 x Kg,https://www.unimarc.cl/compota-manz-platano-nuestra-cocina-90gr/p,https://unimarc.vtexassets.com/arquivos/ids/250246/000000000000681710-UN-01.jpg?v=638890496124300000,Bebidas vegetales,Postres,https://www.unimarc.cl/category/lacteos-huevos-y-refrigerados/postres,https://www.unimarc.cl/_next/data/0ucQ92dO_m9T9joH0FjVV/category/lacteos-huevos-y-refrigerados/postres.json?categories=lacteos-huevos-y-refrigerados&categories=postres,2026-02-20T18:42:48
11614,Jalea Nestlé naranja pote 110 g,Nestle,1 un,Kg,390,390,,False,,$3.545 x Kg,$3.545 x Kg,https://www.unimarc.cl/jalea-nestle-110gr-naranja/p,https://unimarc.vtexassets.com/arquivos/ids/229207/000000000400278003-UN-01.jpg?v=637993031696670000,Bebidas vegetales,Postres,https://www.unimarc.cl/category/lacteos-huevos-y-refrigerados/postres,https://www.unimarc.cl/_next/data/0ucQ92dO_m9T9joH0FjVV/category/lacteos-huevos-y-refrigerados/postres.json?categories=lacteos-huevos-y-refrigerados&categories=postres,2026-02-20T18:42:48
91735,Postre Chandelle Nestlé crema piña colada 120 g,Chandelle,1 un,Kg,790,790,,False,,$6.583 x Kg,$6.583 x Kg,https://www.unimarc.cl/postre-crema-chandelle-120gr-pina-colad/p,https://unimarc.vtexassets.com/arquivos/ids/249916/000000000679856005-UN-01.jpg?v=638865618546870000,Bebidas vegetales,Postres,https://www.unimarc.cl/category/lacteos-huevos-y-refrigerados/postres,https://www.unimarc.cl/_next/data/0ucQ92dO_m9T9joH0FjVV/category/lacteos-huevos-y-refrigerados/postres.json?categories=lacteos-huevos-y-refrigerados&categories=postres,2026-02-20T18:42:48
6468,Compota Vivo Mifrut durazno 90 g,Vivo,1 un,Kg,560,560,,False,,$6.222 x Kg,$6.222 x Kg,https://www.unimarc.cl/compota-de-durazno-mifrut-vivo-90-g-2/p,https://unimarc.vtexassets.com/arquivos/ids/247136/000000000000759335-UN-01.jpg.jpg?v=638766189387830000,Bebidas vegetales,Postres,https://www.unimarc.cl/category/lacteos-huevos-y-refrigerados/postres,https://www.unimarc.cl/_next/data/0ucQ92dO_m9T9joH0FjVV/category/lacteos-huevos-y-refrigerados/postres.json?categories=lacteos-huevos-y-refrigerados&categories=postres,2026-02-20T18:42:48
81867,Compota Watt's durazno con manzana pouch 90 g,Watts,1 un,Kg,490,490,,False,,$5.444 x Kg,$5.444 x Kg,https://www.unimarc.cl/compota-pouch-watts-90gr-durazno/p,https://unimarc.vtexassets.com/arquivos/ids/251954/000000000655583003-UN-01.jpg?v=638985713942200000,Bebidas vegetales,Postres,https://www.unimarc.cl/category/lacteos-huevos-y-refrigerados/postres,https://www.unimarc.cl/_next/data/0ucQ92dO_m9T9joH0FjVV/category/lacteos-huevos-y-refrigerados/postres.json?categories=lacteos-huevos-y-refrigerados&categories=postres,2026-02-20T18:42:48
7243,Jalea Nestlé piña pote 110 g,Nestle,1 un,Kg,390,390,,False,,$3.545 x Kg,$3.545 x Kg,https://www.unimarc.cl/jalea-nestle-110gr-pina/p,https://unimarc.vtexassets.com/arquivos/ids/229209/000000000400278005-UN-01.jpg?v=637993033260400000,Bebidas vegetales,Postres,https://www.unimarc.cl/category/lacteos-huevos-y-refrigerados/postres,https://www.unimarc.cl/_next/data/0ucQ92dO_m9T9joH0FjVV/category/lacteos-huevos-y-refrigerados/postres.json?categories=lacteos-huevos-y-refrigerados&categories=postres,2026-02-20T18:42:48
11199,Jalea Pouch Ambrosoli frambuesa Squeeze 100 g,Ambrosoli,1 un,Kg,740,740,,False,,$7.400 x Kg,$7.400 x Kg,https://www.unimarc.cl/jalea-pouch-frambuesa-ambrosoli-100-gr/p,https://unimarc.vtexassets.com/arquivos/ids/190559/000000000000614807-UN-01.jpg?v=637135749694000000,Bebidas vegetales,Postres,https://www.unimarc.cl/category/lacteos-huevos-y-refrigerados/postres,https://www.unimarc.cl/_next/data/0ucQ92dO_m9T9joH0FjVV/category/lacteos-huevos-y-refrigerados/postres.json?categories=lacteos-huevos-y-refrigerados&categories=postres,2026-02-20T18:42:48
11618,Postre manjarate Soprole black 80 g Postre Soprole manjarate black pote 80 g,Manjarate,1 un,Kg,588,770,588,True,Ahorras $182,$7.350 x Kg,$9.625 x Kg,https://www.unimarc.cl/manjarate-soprole-80-gr-black-2/p,https://unimarc.vtexassets.com/arquivos/ids/213958/000000000400456002-UN-01.jpg?v=638416324819770000,Bebidas vegetales,Postres,https://www.unimarc.cl/category/lacteos-huevos-y-refrigerados/postres,https://www.unimarc.cl/_next/data/0ucQ92dO_m9T9joH0FjVV/category/lacteos-huevos-y-refrigerados/postres.json?categories=lacteos-huevos-y-refrigerados&categories=postres,2026-02-20T18:42:48
79667,Compota Nuestra Cocina manzana 90 g,Nuestra Cocina,1 un,Kg,450,450,,False,,$5.000 x Kg,$5.000 x Kg,https://www.unimarc.cl/compota-nuestra-cocina-90g-manzana/p,https://unimarc.vtexassets.com/arquivos/ids/221660/000000000652707001-UN-01.jpg?v=638887889499500000,Bebidas vegetales,Postres,https://www.unimarc.cl/category/lacteos-huevos-y-refrigerados/postres,https://www.unimarc.cl/_next/data/0ucQ92dO_m9T9joH0FjVV/category/lacteos-huevos-y-refrigerados/postres.json?categories=lacteos-huevos-y-refrigerados&categories=postres,2026-02-20T18:42:48
11615,Jalea Nestlé guinda pote 110 g,Nestle,1 un,Kg,390,390,,False,,$3.545 x Kg,$3.545 x Kg,https://www.unimarc.cl/jalea-nestle-110gr-guinda/p,https://unimarc.vtexassets.com/arquivos/ids/229208/000000000400278004-UN-01.jpg?v=637993032631470000,Bebidas vegetales,Postres,https://www.unimarc.cl/category/lacteos-huevos-y-refrigerados/postres,https://www.unimarc.cl/_next/data/0ucQ92dO_m9T9joH0FjVV/category/lacteos-huevos-y-refrigerados/postres.json?categories=lacteos-huevos-y-refrigerados&categories=postres,2026-02-20T18:42:48
5011,Postre sémola Soprole damasco 140 g Postre sémola con leche Soprole salsa damasco pote 140 g,Soprole,1 un,Kg,700,700,,False,,$5.000 x Kg,$5.000 x Kg,https://www.unimarc.cl/semola-soprole-c-salsa-de-damasco-140-gr/p,https://unimarc.vtexassets.com/arquivos/ids/247719/000000000000338472-UN-01.jpg.jpg?v=638792175867170000,Bebidas vegetales,Postres,https://www.unimarc.cl/category/lacteos-huevos-y-refrigerados/postres,https://www.unimarc.cl/_next/data/0ucQ92dO_m9T9joH0FjVV/category/lacteos-huevos-y-refrigerados/postres.json?categories=lacteos-huevos-y-refrigerados&categories=postres,2026-02-20T18:42:48
86489,Compota orgánica my way manzana zapallo italiano espinaca frutilla 90g,My Way,1 un,Kg,1090,1090,,False,,$12.111 x Kg,$12.111 x Kg,https://www.unimarc.cl/compota-org-my-way-90-man-zap-i-esp-fru/p,https://unimarc.vtexassets.com/arquivos/ids/237013/000000000663951003-UN-01.jpg?v=638393054206630000,Bebidas vegetales,Postres,https://www.unimarc.cl/category/lacteos-huevos-y-refrigerados/postres,https://www.unimarc.cl/_next/data/0ucQ92dO_m9T9joH0FjVV/category/lacteos-huevos-y-refrigerados/postres.json?categories=lacteos-huevos-y-refrigerados&categories=postres,2026-02-20T18:42:48
11200,Jalea Pouch Ambrosoli piña Squeeze 100 g,Ambrosoli,1 un,Kg,740,740,,False,,$7.400 x Kg,$7.400 x Kg,https://www.unimarc.cl/jalea-pouch-pina-ambrosoli-100-gr/p,https://unimarc.vtexassets.com/arquivos/ids/190560/000000000000614808-UN-01.jpg?v=637135750563630000,Bebidas vegetales,Postres,https://www.unimarc.cl/category/lacteos-huevos-y-refrigerados/postres,https://www.unimarc.cl/_next/data/0ucQ92dO_m9T9joH0FjVV/category/lacteos-huevos-y-refrigerados/postres.json?categories=lacteos-huevos-y-refrigerados&categories=postres,2026-02-20T18:42:48
86488,Compóta orgánica my way manzana durazno quínoa 90g,My Way,1 un,Kg,1090,1090,,False,,$12.111 x Kg,$12.111 x Kg,https://www.unimarc.cl/compota-org-my-way-90g-manz-duraz-quin/p,https://unimarc.vtexassets.com/arquivos/ids/237012/000000000663951002-UN-01.jpg?v=638393054204430000,Bebidas vegetales,Postres,https://www.unimarc.cl/category/lacteos-huevos-y-refrigerados/postres,https://www.unimarc.cl/_next/data/0ucQ92dO_m9T9joH0FjVV/category/lacteos-huevos-y-refrigerados/postres.json?categories=lacteos-huevos-y-refrigerados&categories=postres,2026-02-20T18:42:48
89805,Jalea slupea Ambrosoli flipy 100 g,Ambrosoli,1 un,Kg,740,740,,False,,$7.400 x Kg,$7.400 x Kg,https://www.unimarc.cl/jalea-slupea-ambrosoli-100-gr-flipy/p,https://unimarc.vtexassets.com/arquivos/ids/245669/000000000671944002-UN-01.jpg?v=638682462884930000,Bebidas vegetales,Postres,https://www.unimarc.cl/category/lacteos-huevos-y-refrigerados/postres,https://www.unimarc.cl/_next/data/0ucQ92dO_m9T9joH0FjVV/category/lacteos-huevos-y-refrigerados/postres.json?categories=lacteos-huevos-y-refrigerados&categories=postres,2026-02-20T18:42:48
89804,Jalea slupea Ambrosoli loop 100 g,Ambrosoli,1 un,Kg,740,740,,False,,$7.400 x Kg,$7.400 x Kg,https://www.unimarc.cl/jalea-slupea-ambrosoli-100-gr-loop/p,https://unimarc.vtexassets.com/arquivos/ids/245668/000000000671944001-UN-01.jpg?v=638682462881670000,Bebidas vegetales,Postres,https://www.unimarc.cl/category/lacteos-huevos-y-refrigerados/postres,https://www.unimarc.cl/_next/data/0ucQ92dO_m9T9joH0FjVV/category/lacteos-huevos-y-refrigerados/postres.json?categories=lacteos-huevos-y-refrigerados&categories=postres,2026-02-20T18:42:48
19384,Pack chiquitín Nestlé 12 un de 45 g,Nestle,1 un,Kg,3190,3990,3190,True,Ahorras $800,$5.907 x Kg,$7.389 x Kg,https://www.unimarc.cl/chiquitin-nestle-sabores-12-u-x-45-g/p,https://unimarc.vtexassets.com/arquivos/ids/229184/000000000000545611-UN-01.jpg?v=637993012471300000,Bebidas vegetales,Postres,https://www.unimarc.cl/category/lacteos-huevos-y-refrigerados/postres,https://www.unimarc.cl/_next/data/0ucQ92dO_m9T9joH0FjVV/category/lacteos-huevos-y-refrigerados/postres.json?categories=lacteos-huevos-y-refrigerados&categories=postres,2026-02-20T18:42:48
72268,Postre manjarate 3D Soprole 100 g Postre Soprole manjarate 3D pote 100 g,Manjarate,1 un,Kg,588,770,588,True,Ahorras $182,$5.880 x Kg,$7.700 x Kg,https://www.unimarc.cl/manjarate-3d-soprole-100-gr/p,https://unimarc.vtexassets.com/arquivos/ids/249979/000000000000646934-UN-01.jpg?v=638877552583600000,Bebidas vegetales,Postres,https://www.unimarc.cl/category/lacteos-huevos-y-refrigerados/postres,https://www.unimarc.cl/_next/data/0ucQ92dO_m9T9joH0FjVV/category/lacteos-huevos-y-refrigerados/postres.json?categories=lacteos-huevos-y-refrigerados&categories=postres,2026-02-20T18:42:48
93229,Jalea Soprole sin azúcar frambuesa 4 un de 110 g,Soprole,1 un,Kg,1390,1600,1390,True,Ahorras $210,$3.159 x Kg,$3.636 x Kg,https://www.unimarc.cl/jalea-sin-azuc-soprole-110gr-frambuesa-2/p,https://unimarc.vtexassets.com/arquivos/ids/251792/000000000688158001-DIS-01.jpg?v=638947747902400000,Bebidas vegetales,Postres,https://www.unimarc.cl/category/lacteos-huevos-y-refrigerados/postres,https://www.unimarc.cl/_next/data/0ucQ92dO_m9T9joH0FjVV/category/lacteos-huevos-y-refrigerados/postres.json?page=2&categories=lacteos-huevos-y-refrigerados&categories=postres,2026-02-20T18:42:52
92054,Arroz con leche Soprole sin lactosa 130 g,Soprole,1 un,Kg,600,750,600,True,Ahorras $150,$4.615 x Kg,$5.769 x Kg,https://www.unimarc.cl/arroz-c-leche-zero-lacto-soprole-130gr/p,https://unimarc.vtexassets.com/arquivos/ids/250708/000000000000684867-UN.jpg?v=638906283159900000,Bebidas vegetales,Postres,https://www.unimarc.cl/category/lacteos-huevos-y-refrigerados/postres,https://www.unimarc.cl/_next/data/0ucQ92dO_m9T9joH0FjVV/category/lacteos-huevos-y-refrigerados/postres.json?page=2&categories=lacteos-huevos-y-refrigerados&categories=postres,2026-02-20T18:42:52
93230,Jalea Soprole sin azúcar limón 4 un de 110 g,Soprole,1 un,Kg,1390,1600,1390,True,Ahorras $210,$3.159 x Kg,$3.636 x Kg,https://www.unimarc.cl/jalea-sin-azuc-soprole-110gr-limon-2/p,https://unimarc.vtexassets.com/arquivos/ids/251793/000000000688158002-DIS-01.jpg?v=638956892271230000,Bebidas vegetales,Postres,https://www.unimarc.cl/category/lacteos-huevos-y-refrigerados/postres,https://www.unimarc.cl/_next/data/0ucQ92dO_m9T9joH0FjVV/category/lacteos-huevos-y-refrigerados/postres.json?page=2&categories=lacteos-huevos-y-refrigerados&categories=postres,2026-02-20T18:42:52
85926,Postre soprole manjarate zero lacto 80 g,Soprole,1 un,Kg,685,840,685,True,Ahorras $155,$8.563 x Kg,$10.500 x Kg,https://www.unimarc.cl/manjarate-zero-lacto-soprole-80gr/p,https://unimarc.vtexassets.com/arquivos/ids/236452/000000000000666505-UN-01.jpg?v=638349870766430000,Bebidas vegetales,Postres,https://www.unimarc.cl/category/lacteos-huevos-y-refrigerados/postres,https://www.unimarc.cl/_next/data/0ucQ92dO_m9T9joH0FjVV/category/lacteos-huevos-y-refrigerados/postres.json?page=2&categories=lacteos-huevos-y-refrigerados&categories=postres,2026-02-20T18:42:52
15426,Puré de Frutas orgánico Ama frambuesa Squeeze 90 g,Ama,1 un,Kg,1090,1290,1090,True,Ahorras $200,$12.111 x Kg,$14.333 x Kg,https://www.unimarc.cl/pure-de-fruta-organico-ama-90-frambuesa/p,https://unimarc.vtexassets.com/arquivos/ids/222374/000000000630333002-UN-01.jpg?v=637752582257230000,Bebidas vegetales,Postres,https://www.unimarc.cl/category/lacteos-huevos-y-refrigerados/postres,https://www.unimarc.cl/_next/data/0ucQ92dO_m9T9joH0FjVV/category/lacteos-huevos-y-refrigerados/postres.json?page=2&categories=lacteos-huevos-y-refrigerados&categories=postres,2026-02-20T18:42:52
15427,Puré de frutas orgánico Ama manzana Squeeze 90 g,Ama,1 un,Kg,1090,1290,1090,True,Ahorras $200,$12.111 x Kg,$14.333 x Kg,https://www.unimarc.cl/pure-de-fruta-organico-ama-90-g-manzana/p,https://unimarc.vtexassets.com/arquivos/ids/228636/000000000630333001-UN-01.jpg?v=637967894702770000,Bebidas vegetales,Postres,https://www.unimarc.cl/category/lacteos-huevos-y-refrigerados/postres,https://www.unimarc.cl/_next/data/0ucQ92dO_m9T9joH0FjVV/category/lacteos-huevos-y-refrigerados/postres.json?page=2&categories=lacteos-huevos-y-refrigerados&categories=postres,2026-02-20T18:42:52
15424,Puré de Frutas orgánico Ama mango Squeeze 90 g,Ama,1 un,Kg,1090,1290,1090,True,Ahorras $200,$12.111 x Kg,$14.333 x Kg,https://www.unimarc.cl/pure-de-fruta-organico-ama-90-gr-mango/p,https://unimarc.vtexassets.com/arquivos/ids/222376/000000000630333003-UN-01.jpg?v=637752582979600000,Bebidas vegetales,Postres,https://www.unimarc.cl/category/lacteos-huevos-y-refrigerados/postres,https://www.unimarc.cl/_next/data/0ucQ92dO_m9T9joH0FjVV/category/lacteos-huevos-y-refrigerados/postres.json?page=2&categories=lacteos-huevos-y-refrigerados&categories=postres,2026-02-20T18:42:52
14338,Puré de Frutas orgánico Ama manzana plátano y mango Squeeze 90 g.,Ama,1 un,Kg,1090,1290,1090,True,Ahorras $200,$12.111 x Kg,$14.333 x Kg,https://www.unimarc.cl/pure-de-fruta-org-manzana-platano-mango/p,https://unimarc.vtexassets.com/arquivos/ids/228635/000000000630333004-UN-01.jpg?v=637967893118700000,Bebidas vegetales,Postres,https://www.unimarc.cl/category/lacteos-huevos-y-refrigerados/postres,https://www.unimarc.cl/_next/data/0ucQ92dO_m9T9joH0FjVV/category/lacteos-huevos-y-refrigerados/postres.json?page=2&categories=lacteos-huevos-y-refrigerados&categories=postres,2026-02-20T18:42:52
12512,Gelatina Dila frambuesa 250 g,Dila,1 un,Kg,930,1130,930,True,Ahorras $200,$3.720 x Kg,$4.520 x Kg,https://www.unimarc.cl/gelatina-frambuesa-dila-250-gr/p,https://unimarc.vtexassets.com/arquivos/ids/252674/000000000000563815-UN-01.jpg?v=638977765818030000,Bebidas vegetales,Postres,https://www.unimarc.cl/category/lacteos-huevos-y-refrigerados/postres,https://www.unimarc.cl/_next/data/0ucQ92dO_m9T9joH0FjVV/category/lacteos-huevos-y-refrigerados/postres.json?page=2&categories=lacteos-huevos-y-refrigerados&categories=postres,2026-02-20T18:42:52
78131,Puré de fruta orgánico Ama manzana betarraga arándano 90 g,Ama,1 un,Kg,1090,1290,1090,True,Ahorras $200,$12.111 x Kg,$14.333 x Kg,https://www.unimarc.cl/pure-fruta-org-ama-90g-manz-betar-arand/p,https://unimarc.vtexassets.com/arquivos/ids/222380/000000000651991001-UN-01.jpg?v=637752585455830000,Bebidas vegetales,Postres,https://www.unimarc.cl/category/lacteos-huevos-y-refrigerados/postres,https://www.unimarc.cl/_next/data/0ucQ92dO_m9T9joH0FjVV/category/lacteos-huevos-y-refrigerados/postres.json?page=2&categories=lacteos-huevos-y-refrigerados&categories=postres,2026-02-20T18:42:52
91105,Jalea Uno Soprole sabor frambuesa 4 un de 110 g,Soprole,1 un,Kg,1490,1750,1490,True,Ahorras $260,$3.386 x Kg,$3.977 x Kg,https://www.unimarc.cl/pack-jalea-uno-soprole-4x110g-frambuesa/p,https://unimarc.vtexassets.com/arquivos/ids/247446/000000000675274002-DIS-01.jpg.jpg?v=638774854909700000,Bebidas vegetales,Postres,https://www.unimarc.cl/category/lacteos-huevos-y-refrigerados/postres,https://www.unimarc.cl/_next/data/0ucQ92dO_m9T9joH0FjVV/category/lacteos-huevos-y-refrigerados/postres.json?page=2&categories=lacteos-huevos-y-refrigerados&categories=postres,2026-02-20T18:42:52
89806,Compota Vivo orgánico durazno plátano y arándano 90 g,Vivo,1 un,Kg,880,970,880,True,Ahorras $90,$9.778 x Kg,$10.778 x Kg,https://www.unimarc.cl/compota-org-vivo-90gr-duraz-plat-arand/p,https://unimarc.vtexassets.com/arquivos/ids/245797/000000000672070001-UN-01.jpg?v=638690279907670000,Bebidas vegetales,Postres,https://www.unimarc.cl/category/lacteos-huevos-y-refrigerados/postres,https://www.unimarc.cl/_next/data/0ucQ92dO_m9T9joH0FjVV/category/lacteos-huevos-y-refrigerados/postres.json?page=2&categories=lacteos-huevos-y-refrigerados&categories=postres,2026-02-20T18:42:52
89808,Compota Vivo orgánico manzana mango y plátano 90 g,Vivo,1 un,Kg,880,970,880,True,Ahorras $90,$9.778 x Kg,$10.778 x Kg,https://www.unimarc.cl/compota-org-vivo-90gr-manz-mango-plat/p,https://unimarc.vtexassets.com/arquivos/ids/245799/000000000672070003-UN-01.jpg?v=638690279913130000,Bebidas vegetales,Postres,https://www.unimarc.cl/category/lacteos-huevos-y-refrigerados/postres,https://www.unimarc.cl/_next/data/0ucQ92dO_m9T9joH0FjVV/category/lacteos-huevos-y-refrigerados/postres.json?page=2&categories=lacteos-huevos-y-refrigerados&categories=postres,2026-02-20T18:42:52
92076,Postre Oikos cheescake berries 132 g,Oikos,1 un,Kg,1200,1250,1200,True,Ahorras $50,$9.091 x Kg,$9.470 x Kg,https://www.unimarc.cl/postre-oikos-132gr-cheescake-berries/p,https://unimarc.vtexassets.com/arquivos/ids/250701/000000000683599002-UN-01.jpg?v=638911275003070000,Bebidas vegetales,Postres,https://www.unimarc.cl/category/lacteos-huevos-y-refrigerados/postres,https://www.unimarc.cl/_next/data/0ucQ92dO_m9T9joH0FjVV/category/lacteos-huevos-y-refrigerados/postres.json?page=2&categories=lacteos-huevos-y-refrigerados&categories=postres,2026-02-20T18:42:52
78132,Puré de fruta orgánico Ama pera kiwi espinaca 90 g,Ama,1 un,Kg,1090,1290,1090,True,Ahorras $200,$12.111 x Kg,$14.333 x Kg,https://www.unimarc.cl/pure-fruta-org-ama-90gr-pera-kiwi-espin/p,https://unimarc.vtexassets.com/arquivos/ids/224234/000000000651991002-UN-01.jpg?v=637807179056170000,Bebidas vegetales,Postres,https://www.unimarc.cl/category/lacteos-huevos-y-refrigerados/postres,https://www.unimarc.cl/_next/data/0ucQ92dO_m9T9joH0FjVV/category/lacteos-huevos-y-refrigerados/postres.json?page=2&categories=lacteos-huevos-y-refrigerados&categories=postres,2026-02-20T18:42:52
91104,Jalea Uno Soprole sabor piña 4 un de 110 g,Soprole,1 un,Kg,1490,1750,1490,True,Ahorras $260,$3.386 x Kg,$3.977 x Kg,https://www.unimarc.cl/pack-jalea-uno-soprole-4x110g-pina/p,https://unimarc.vtexassets.com/arquivos/ids/247445/000000000675274001-DIS-01.jpg.jpg?v=638774854711330000,Bebidas vegetales,Postres,https://www.unimarc.cl/category/lacteos-huevos-y-refrigerados/postres,https://www.unimarc.cl/_next/data/0ucQ92dO_m9T9joH0FjVV/category/lacteos-huevos-y-refrigerados/postres.json?page=2&categories=lacteos-huevos-y-refrigerados&categories=postres,2026-02-20T18:42:52
89807,Compota Vivo orgánico manzana pera 90 g,Vivo,1 un,Kg,880,970,880,True,Ahorras $90,$9.778 x Kg,$10.778 x Kg,https://www.unimarc.cl/compota-org-vivo-90gr-manzana-pera/p,https://unimarc.vtexassets.com/arquivos/ids/245798/000000000672070002-UN-01.jpg?v=638690279910630000,Bebidas vegetales,Postres,https://www.unimarc.cl/category/lacteos-huevos-y-refrigerados/postres,https://www.unimarc.cl/_next/data/0ucQ92dO_m9T9joH0FjVV/category/lacteos-huevos-y-refrigerados/postres.json?page=2&categories=lacteos-huevos-y-refrigerados&categories=postres,2026-02-20T18:42:52
92075,Postre Oikos pie de limón 132 g,Oikos,1 un,Kg,1200,1250,1200,True,Ahorras $50,$9.091 x Kg,$9.470 x Kg,https://www.unimarc.cl/postre-oikos-132gr-pie-de-limon/p,https://unimarc.vtexassets.com/arquivos/ids/250700/000000000683599001-UN-01.jpg?v=638906258865970000,Bebidas vegetales,Postres,https://www.unimarc.cl/category/lacteos-huevos-y-refrigerados/postres,https://www.unimarc.cl/_next/data/0ucQ92dO_m9T9joH0FjVV/category/lacteos-huevos-y-refrigerados/postres.json?page=2&categories=lacteos-huevos-y-refrigerados&categories=postres,2026-02-20T18:42:52
96405,Jalea Vivo pouch colágeno sabor berries 100 gr,Vivo,1 un,Kg,890,990,890,True,Ahorras $100,$8.900 x Kg,$9.900 x Kg,https://www.unimarc.cl/jalea-pouch-colageno-berries-vivo-100-gr/p,https://unimarc.vtexassets.com/arquivos/ids/254834/000000000000695630-UN-01.jpg?v=639033878015630000,Bebidas vegetales,Postres,https://www.unimarc.cl/category/lacteos-huevos-y-refrigerados/postres,https://www.unimarc.cl/_next/data/0ucQ92dO_m9T9joH0FjVV/category/lacteos-huevos-y-refrigerados/postres.json?page=2&categories=lacteos-huevos-y-refrigerados&categories=postres,2026-02-20T18:42:52
89470,Postre Goodnes protein caramelo 115 g,Nestle,1 un,Kg,860,860,,False,,$7.478 x Kg,$7.478 x Kg,https://www.unimarc.cl/postre-goodnes-protein-115g-caramelo/p,https://unimarc.vtexassets.com/arquivos/ids/250505/000000000672285001-UN-01.jpg?v=638900943708100000,Bebidas vegetales,Postres,https://www.unimarc.cl/category/lacteos-huevos-y-refrigerados/postres,https://www.unimarc.cl/_next/data/0ucQ92dO_m9T9joH0FjVV/category/lacteos-huevos-y-refrigerados/postres.json?page=2&categories=lacteos-huevos-y-refrigerados&categories=postres,2026-02-20T18:42:52
3495,Postre leche asada Postres de la abuela 120 g Postre leche asada Soprole Postres de la Abuela pote 120 g,Soprole,1 un,Kg,690,690,,False,,$5.750 x Kg,$5.750 x Kg,https://www.unimarc.cl/leche-asada-soprole-120-gr/p,https://unimarc.vtexassets.com/arquivos/ids/248758/000000000000052501-UN-01.jpg.jpg?v=638828454185530000,Bebidas vegetales,Postres,https://www.unimarc.cl/category/lacteos-huevos-y-refrigerados/postres,https://www.unimarc.cl/_next/data/0ucQ92dO_m9T9joH0FjVV/category/lacteos-huevos-y-refrigerados/postres.json?page=2&categories=lacteos-huevos-y-refrigerados&categories=postres,2026-02-20T18:42:52
96271,Compota Vivo orgánica zapallo manzana y pera 90 gr,Vivo,1 un,Kg,920,970,920,True,Ahorras $50,$10.222 x Kg,$10.778 x Kg,https://www.unimarc.cl/compota-org-vivo-90gr-zapallo-manz-pera/p,https://unimarc.vtexassets.com/arquivos/ids/254680/000000000696340001-UN-01.jpg?v=639029687127530000,Bebidas vegetales,Postres,https://www.unimarc.cl/category/lacteos-huevos-y-refrigerados/postres,https://www.unimarc.cl/_next/data/0ucQ92dO_m9T9joH0FjVV/category/lacteos-huevos-y-refrigerados/postres.json?page=2&categories=lacteos-huevos-y-refrigerados&categories=postres,2026-02-20T18:42:52
96272,Compota Vivo orgánica zapallo manzana y plátano 90 gr,Vivo,1 un,Kg,920,970,920,True,Ahorras $50,$10.222 x Kg,$10.778 x Kg,https://www.unimarc.cl/compota-org-vivo-90gr-zapallo-manz-plat/p,https://unimarc.vtexassets.com/arquivos/ids/254681/000000000696340002-UN-01.jpg?v=639029687253630000,Bebidas vegetales,Postres,https://www.unimarc.cl/category/lacteos-huevos-y-refrigerados/postres,https://www.unimarc.cl/_next/data/0ucQ92dO_m9T9joH0FjVV/category/lacteos-huevos-y-refrigerados/postres.json?page=2&categories=lacteos-huevos-y-refrigerados&categories=postres,2026-02-20T18:42:52
89471,Postre Goodnes protein chocolate 115 g,Nestle,1 un,Kg,860,860,,False,,$7.478 x Kg,$7.478 x Kg,https://www.unimarc.cl/postre-goodnes-protein-115g-chocolate/p,https://unimarc.vtexassets.com/arquivos/ids/245352/000000000672285002-UN-01.jpg?v=638670372770800000,Bebidas vegetales,Postres,https://www.unimarc.cl/category/lacteos-huevos-y-refrigerados/postres,https://www.unimarc.cl/_next/data/0ucQ92dO_m9T9joH0FjVV/category/lacteos-huevos-y-refrigerados/postres.json?page=2&categories=lacteos-huevos-y-refrigerados&categories=postres,2026-02-20T18:42:52
90418,Pack jalea Loncoleche protein guinda 4 un de 100 g,Loncoleche,1 un,Kg,2960,2960,,False,,$7.400 x Kg,$7.400 x Kg,https://www.unimarc.cl/pack-jalea-protein-lonco-4x100gr-guinda/p,https://unimarc.vtexassets.com/arquivos/ids/246361/000000000673900001-DIS-01.jpg?v=638726399793500000,Bebidas vegetales,Postres,https://www.unimarc.cl/category/lacteos-huevos-y-refrigerados/postres,https://www.unimarc.cl/_next/data/0ucQ92dO_m9T9joH0FjVV/category/lacteos-huevos-y-refrigerados/postres.json?page=2&categories=lacteos-huevos-y-refrigerados&categories=postres,2026-02-20T18:42:52
92071,Postre snack Soprole protein sabor chocolate 130 g,Soprole,1 un,Kg,850,850,,False,,$6.538 x Kg,$6.538 x Kg,https://www.unimarc.cl/postr-snack-prot-soprol-130g-chocolate/p,https://unimarc.vtexassets.com/arquivos/ids/250715/000000000684876001-UN-01.jpg?v=638906301776370000,Bebidas vegetales,Postres,https://www.unimarc.cl/category/lacteos-huevos-y-refrigerados/postres,https://www.unimarc.cl/_next/data/0ucQ92dO_m9T9joH0FjVV/category/lacteos-huevos-y-refrigerados/postres.json?page=2&categories=lacteos-huevos-y-refrigerados&categories=postres,2026-02-20T18:42:52
5074,Flan Colun vainilla pote 100 g,Colun,1 un,Kg,390,390,,False,,$3.900 x Kg,$3.900 x Kg,https://www.unimarc.cl/flan-colun-vainilla-100-gr/p,https://unimarc.vtexassets.com/arquivos/ids/166243/flan-colun-vainilla-100-gr.jpg?v=636543154844700000,Bebidas vegetales,Postres,https://www.unimarc.cl/category/lacteos-huevos-y-refrigerados/postres,https://www.unimarc.cl/_next/data/0ucQ92dO_m9T9joH0FjVV/category/lacteos-huevos-y-refrigerados/postres.json?page=2&categories=lacteos-huevos-y-refrigerados&categories=postres,2026-02-20T18:42:52
3499,Postre Nestlé leche asada pote 120 g,Nestle,1 un,Kg,670,670,,False,,$5.583 x Kg,$5.583 x Kg,https://www.unimarc.cl/leche-asada-la-lechera-120-gr/p,https://unimarc.vtexassets.com/arquivos/ids/230609/000000000000052575-UN-01.jpg?v=638042022470530000,Bebidas vegetales,Postres,https://www.unimarc.cl/category/lacteos-huevos-y-refrigerados/postres,https://www.unimarc.cl/_next/data/0ucQ92dO_m9T9joH0FjVV/category/lacteos-huevos-y-refrigerados/postres.json?page=2&categories=lacteos-huevos-y-refrigerados&categories=postres,2026-02-20T18:42:52
11705,Compota Vivo Fruta mango maracuyá 120 g,Vivo,1 un,Kg,990,990,,False,,$8.250 x Kg,$8.250 x Kg,https://www.unimarc.cl/compota-vivo-120-gr-mango-maracuya/p,https://unimarc.vtexassets.com/arquivos/ids/193402/000000000622865002-UN-01.jpg?v=637219492963170000,Bebidas vegetales,Postres,https://www.unimarc.cl/category/lacteos-huevos-y-refrigerados/postres,https://www.unimarc.cl/_next/data/0ucQ92dO_m9T9joH0FjVV/category/lacteos-huevos-y-refrigerados/postres.json?page=2&categories=lacteos-huevos-y-refrigerados&categories=postres,2026-02-20T18:42:52
87681,Postre sémola Nestlé caramelo 130 g,Nestle,1 un,Kg,670,670,,False,,$5.154 x Kg,$5.154 x Kg,https://www.unimarc.cl/semola-nestle-130-gr-caramelo/p,https://unimarc.vtexassets.com/arquivos/ids/243478/000000000669505001-UN-01.jpg?v=638584687931130000,Bebidas vegetales,Postres,https://www.unimarc.cl/category/lacteos-huevos-y-refrigerados/postres,https://www.unimarc.cl/_next/data/0ucQ92dO_m9T9joH0FjVV/category/lacteos-huevos-y-refrigerados/postres.json?page=2&categories=lacteos-huevos-y-refrigerados&categories=postres,2026-02-20T18:42:52
10983,Postre arroz con leche Soprole 130 g Postre arroz con leche Soprole sabor canela pote 130 g,Soprole,1 un,Kg,740,740,,False,,$5.692 x Kg,$5.692 x Kg,https://www.unimarc.cl/arroz-c-leche-soprole-130-gr/p,https://unimarc.vtexassets.com/arquivos/ids/247717/000000000000338229-UN-01.jpg.jpg?v=638792174122530000,Bebidas vegetales,Postres,https://www.unimarc.cl/category/lacteos-huevos-y-refrigerados/postres,https://www.unimarc.cl/_next/data/0ucQ92dO_m9T9joH0FjVV/category/lacteos-huevos-y-refrigerados/postres.json?page=2&categories=lacteos-huevos-y-refrigerados&categories=postres,2026-02-20T18:42:52
7194,Compota Nestlé manzana pote 120 g,Nestle,1 un,Kg,510,510,,False,,$4.250 x Kg,$4.250 x Kg,https://www.unimarc.cl/compota-nestle-120-gr-manzana/p,https://unimarc.vtexassets.com/arquivos/ids/230636/000000000400167001-UN-01.jpg?v=638042063614430000,Bebidas vegetales,Postres,https://www.unimarc.cl/category/lacteos-huevos-y-refrigerados/postres,https://www.unimarc.cl/_next/data/0ucQ92dO_m9T9joH0FjVV/category/lacteos-huevos-y-refrigerados/postres.json?page=2&categories=lacteos-huevos-y-refrigerados&categories=postres,2026-02-20T18:42:52
7617,Pack Jalea Regimel frambuesa pote 4 un de 100 g,Regimel,1 un,Kg,2080,2080,,False,,$5.200 x Kg,$5.200 x Kg,https://www.unimarc.cl/jalea-regimel-frambuesa-100-g-4-u/p,https://unimarc.vtexassets.com/arquivos/ids/242948/000000000704149004-DIS-01.jpg?v=638569129728470000,Bebidas vegetales,Postres,https://www.unimarc.cl/category/lacteos-huevos-y-refrigerados/postres,https://www.unimarc.cl/_next/data/0ucQ92dO_m9T9joH0FjVV/category/lacteos-huevos-y-refrigerados/postres.json?page=2&categories=lacteos-huevos-y-refrigerados&categories=postres,2026-02-20T18:42:52
90419,Pack jalea Loncoleche protein piña 4 un de 100 g,Loncoleche,1 un,Kg,2960,2960,,False,,$7.400 x Kg,$7.400 x Kg,https://www.unimarc.cl/pack-jalea-protein-lonco-4x100gr-pina/p,https://unimarc.vtexassets.com/arquivos/ids/246360/000000000673900002-DIS-01.jpg?v=638726397021500000,Bebidas vegetales,Postres,https://www.unimarc.cl/category/lacteos-huevos-y-refrigerados/postres,https://www.unimarc.cl/_next/data/0ucQ92dO_m9T9joH0FjVV/category/lacteos-huevos-y-refrigerados/postres.json?page=2&categories=lacteos-huevos-y-refrigerados&categories=postres,2026-02-20T18:42:52
61097,Postre Trencito Nestlé mousse de chocolate 70 g,Trencito,1 un,Kg,700,700,,False,,$10.000 x Kg,$10.000 x Kg,https://www.unimarc.cl/postre-trencito-70-gr/p,https://unimarc.vtexassets.com/arquivos/ids/218216/000000000000639552-UN-01.jpg?v=637630997877570000,Bebidas vegetales,Postres,https://www.unimarc.cl/category/lacteos-huevos-y-refrigerados/postres,https://www.unimarc.cl/_next/data/0ucQ92dO_m9T9joH0FjVV/category/lacteos-huevos-y-refrigerados/postres.json?page=2&categories=lacteos-huevos-y-refrigerados&categories=postres,2026-02-20T18:42:52
92072,Postre snack Soprole protein sabor caramelo 130 g,Soprole,1 un,Kg,850,850,,False,,$6.538 x Kg,$6.538 x Kg,https://www.unimarc.cl/postr-snack-prot-soprol-130g-caramelo/p,https://unimarc.vtexassets.com/arquivos/ids/250716/000000000684876002-UN-01.jpg?v=638906303692130000,Bebidas vegetales,Postres,https://www.unimarc.cl/category/lacteos-huevos-y-refrigerados/postres,https://www.unimarc.cl/_next/data/0ucQ92dO_m9T9joH0FjVV/category/lacteos-huevos-y-refrigerados/postres.json?page=2&categories=lacteos-huevos-y-refrigerados&categories=postres,2026-02-20T18:42:52
5076,Flan Colun manjar pote 100 g,Colun,1 un,Kg,390,390,,False,,$3.900 x Kg,$3.900 x Kg,https://www.unimarc.cl/flan-colun-manjar-100-gr/p,https://unimarc.vtexassets.com/arquivos/ids/166646/flan-colun-manjar-100-gr.jpg?v=636543168522870000,Bebidas vegetales,Postres,https://www.unimarc.cl/category/lacteos-huevos-y-refrigerados/postres,https://www.unimarc.cl/_next/data/0ucQ92dO_m9T9joH0FjVV/category/lacteos-huevos-y-refrigerados/postres.json?page=2&categories=lacteos-huevos-y-refrigerados&categories=postres,2026-02-20T18:42:52
7613,Pack Jalea Regimel arándano pote 4 un de 100 g,Regimel,1 un,Kg,2080,2080,,False,,$5.200 x Kg,$5.200 x Kg,https://www.unimarc.cl/jalea-regimel-arandano-100-g-4-u/p,https://unimarc.vtexassets.com/arquivos/ids/242946/000000000704149002-DIS-01.jpg?v=638569128678970000,Bebidas vegetales,Postres,https://www.unimarc.cl/category/lacteos-huevos-y-refrigerados/postres,https://www.unimarc.cl/_next/data/0ucQ92dO_m9T9joH0FjVV/category/lacteos-huevos-y-refrigerados/postres.json?page=2&categories=lacteos-huevos-y-refrigerados&categories=postres,2026-02-20T18:42:52
87682,Postre sémola Nestlé frambuesa 130 g,Nestle,1 un,Kg,670,670,,False,,$5.154 x Kg,$5.154 x Kg,https://www.unimarc.cl/semola-nestle-130-gr-frambuesa/p,https://unimarc.vtexassets.com/arquivos/ids/243479/000000000669505002-UN-01.jpg?v=638584688603600000,Bebidas vegetales,Postres,https://www.unimarc.cl/category/lacteos-huevos-y-refrigerados/postres,https://www.unimarc.cl/_next/data/0ucQ92dO_m9T9joH0FjVV/category/lacteos-huevos-y-refrigerados/postres.json?page=2&categories=lacteos-huevos-y-refrigerados&categories=postres,2026-02-20T18:42:52
7195,Compota Nestlé pera pote 120 g,Nestle,1 un,Kg,510,510,,False,,$4.250 x Kg,$4.250 x Kg,https://www.unimarc.cl/compota-nestle-120-gr-pera/p,https://unimarc.vtexassets.com/arquivos/ids/230641/000000000400167003-UN-01.jpg?v=638042074446600000,Bebidas vegetales,Postres,https://www.unimarc.cl/category/lacteos-huevos-y-refrigerados/postres,https://www.unimarc.cl/_next/data/0ucQ92dO_m9T9joH0FjVV/category/lacteos-huevos-y-refrigerados/postres.json?page=2&categories=lacteos-huevos-y-refrigerados&categories=postres,2026-02-20T18:42:52
87676,Jalea Nuestra Cocina naranja 100 g,Nuestra Cocina,1 un,Kg,300,300,,False,,$3.000 x Kg,$3.000 x Kg,https://www.unimarc.cl/jalea-nuestra-cocina-100-gr-naranja/p,https://unimarc.vtexassets.com/arquivos/ids/242937/000000000669463004-UN-01.jpg?v=638887889566270000,Bebidas vegetales,Postres,https://www.unimarc.cl/category/lacteos-huevos-y-refrigerados/postres,https://www.unimarc.cl/_next/data/0ucQ92dO_m9T9joH0FjVV/category/lacteos-huevos-y-refrigerados/postres.json?page=2&categories=lacteos-huevos-y-refrigerados&categories=postres,2026-02-20T18:42:52
92231,Postre tiramisú Dolce Italia pote 80 g,Dolce Italia,1 un,Kg,1990,1990,,False,,$24.875 x Kg,$24.875 x Kg,https://www.unimarc.cl/postre-tiramisu-dolce-italia-80gr/p,https://unimarc.vtexassets.com/arquivos/ids/251248/000000000000685655-UN-01.jpg?v=638925250519130000,Bebidas vegetales,Postres,https://www.unimarc.cl/category/lacteos-huevos-y-refrigerados/postres,https://www.unimarc.cl/_next/data/0ucQ92dO_m9T9joH0FjVV/category/lacteos-huevos-y-refrigerados/postres.json?page=2&categories=lacteos-huevos-y-refrigerados&categories=postres,2026-02-20T18:42:52
13871,Mote con huesillo Dila pote 400 g,Dila,1 un,Kg,1990,1990,,False,,$4.975 x Kg,$4.975 x Kg,https://www.unimarc.cl/mote-con-huesillo-dila-400-gr/p,https://unimarc.vtexassets.com/arquivos/ids/252672/000000000000563814-UN-01.jpg?v=638977762103330000,Bebidas vegetales,Postres,https://www.unimarc.cl/category/lacteos-huevos-y-refrigerados/postres,https://www.unimarc.cl/_next/data/0ucQ92dO_m9T9joH0FjVV/category/lacteos-huevos-y-refrigerados/postres.json?page=2&categories=lacteos-huevos-y-refrigerados&categories=postres,2026-02-20T18:42:52
87675,Jalea Nuestra Cocina guinda 100 g,Nuestra Cocina,1 un,Kg,300,300,,False,,$3.000 x Kg,$3.000 x Kg,https://www.unimarc.cl/jalea-nuestra-cocina-100-gr-guinda/p,https://unimarc.vtexassets.com/arquivos/ids/242938/000000000669463003-UN-01.jpg?v=638887889560330000,Bebidas vegetales,Postres,https://www.unimarc.cl/category/lacteos-huevos-y-refrigerados/postres,https://www.unimarc.cl/_next/data/0ucQ92dO_m9T9joH0FjVV/category/lacteos-huevos-y-refrigerados/postres.json?page=2&categories=lacteos-huevos-y-refrigerados&categories=postres,2026-02-20T18:42:52
11704,Compota Vivo Fruta frambuesa cranberry 120 g,Vivo,1 un,Kg,990,990,,False,,$8.250 x Kg,$8.250 x Kg,https://www.unimarc.cl/compota-vivo-120-gr-frambuesa-cranberry/p,https://unimarc.vtexassets.com/arquivos/ids/193400/000000000622865001-UN-01.jpg?v=637219491358830000,Bebidas vegetales,Postres,https://www.unimarc.cl/category/lacteos-huevos-y-refrigerados/postres,https://www.unimarc.cl/_next/data/0ucQ92dO_m9T9joH0FjVV/category/lacteos-huevos-y-refrigerados/postres.json?page=2&categories=lacteos-huevos-y-refrigerados&categories=postres,2026-02-20T18:42:52
77703,Postre Sahne Nuss mousse de chocolate pote 100 g,Nestle,1 un,Kg,810,810,,False,,$8.100 x Kg,$8.100 x Kg,https://www.unimarc.cl/mousse-sahne-nuss-100gr/p,https://unimarc.vtexassets.com/arquivos/ids/229188/000000000000651950-UN-01.jpg?v=637993016066570000,Bebidas vegetales,Postres,https://www.unimarc.cl/category/lacteos-huevos-y-refrigerados/postres,https://www.unimarc.cl/_next/data/0ucQ92dO_m9T9joH0FjVV/category/lacteos-huevos-y-refrigerados/postres.json?page=2&categories=lacteos-huevos-y-refrigerados&categories=postres,2026-02-20T18:42:52
1597,Pack Compotas Vivo Mifrut manzana y pera 5 un de 90 g,Vivo,1 un,Kg,2890,2890,,False,,$6.422 x Kg,$6.422 x Kg,https://www.unimarc.cl/pack-compotas-mifrut-3-manzana-y-2-peras-90-g/p,https://unimarc.vtexassets.com/arquivos/ids/193368/000000000000832485-UN-01.jpg?v=637218947688570000,Bebidas vegetales,Postres,https://www.unimarc.cl/category/lacteos-huevos-y-refrigerados/postres,https://www.unimarc.cl/_next/data/0ucQ92dO_m9T9joH0FjVV/category/lacteos-huevos-y-refrigerados/postres.json?page=2&categories=lacteos-huevos-y-refrigerados&categories=postres,2026-02-20T18:42:52
87673,Jalea Nuestra Cocina limón 100 g,Nuestra Cocina,1 un,Kg,300,300,,False,,$3.000 x Kg,$3.000 x Kg,https://www.unimarc.cl/jalea-nuestra-cocina-100-gr-limon/p,https://unimarc.vtexassets.com/arquivos/ids/242940/000000000669463001-UN-01.jpg?v=638887901758070000,Bebidas vegetales,Postres,https://www.unimarc.cl/category/lacteos-huevos-y-refrigerados/postres,https://www.unimarc.cl/_next/data/0ucQ92dO_m9T9joH0FjVV/category/lacteos-huevos-y-refrigerados/postres.json?page=2&categories=lacteos-huevos-y-refrigerados&categories=postres,2026-02-20T18:42:52
91679,Postre Chandelle Nestlé sin lactosa manjar 120 g,Chandelle,1 un,Kg,870,870,,False,,$7.250 x Kg,$7.250 x Kg,https://www.unimarc.cl/postre-s-lact-chandelle-120gr-manjar/p,https://unimarc.vtexassets.com/arquivos/ids/249232/000000000679894002-UN-01.jpg?v=638850754353270000,Bebidas vegetales,Postres,https://www.unimarc.cl/category/lacteos-huevos-y-refrigerados/postres,https://www.unimarc.cl/_next/data/0ucQ92dO_m9T9joH0FjVV/category/lacteos-huevos-y-refrigerados/postres.json?page=2&categories=lacteos-huevos-y-refrigerados&categories=postres,2026-02-20T18:42:52
56934,Compota Vivo Veggie naranja y zanahoria 120 g,Vivo,1 un,Kg,990,990,,False,,$8.250 x Kg,$8.250 x Kg,https://www.unimarc.cl/compota-fruta-veggies-naranja-zanahoria/p,https://unimarc.vtexassets.com/arquivos/ids/193432/000000000637788001-UN-01.jpg?v=637219512423770000,Bebidas vegetales,Postres,https://www.unimarc.cl/category/lacteos-huevos-y-refrigerados/postres,https://www.unimarc.cl/_next/data/0ucQ92dO_m9T9joH0FjVV/category/lacteos-huevos-y-refrigerados/postres.json?page=2&categories=lacteos-huevos-y-refrigerados&categories=postres,2026-02-20T18:42:52
6470,Compota Vivo Mifrut manzana 90 g,Vivo,1 un,Kg,550,550,,False,,$6.111 x Kg,$6.111 x Kg,https://www.unimarc.cl/compota-de-manzana-mifrut-vivo-90-g-2/p,https://unimarc.vtexassets.com/arquivos/ids/247137/000000000000759336-UN-01.jpg.jpg?v=638766190266100000,Bebidas vegetales,Compotas,https://www.unimarc.cl/category/lacteos-huevos-y-refrigerados/postres/compotas,https://www.unimarc.cl/_next/data/0ucQ92dO_m9T9joH0FjVV/category/lacteos-huevos-y-refrigerados/postres/compotas.json?categories=lacteos-huevos-y-refrigerados&categories=postres&categories=compotas,2026-02-20T18:43:00
81865,Compota Watt's manzana pouch 90 g,Watts,1 un,Kg,490,490,,False,,$5.444 x Kg,$5.444 x Kg,https://www.unimarc.cl/compota-pouch-watts-90gr-manzana/p,https://unimarc.vtexassets.com/arquivos/ids/251950/000000000655583001-UN-01.jpg?v=638985713012830000,Bebidas vegetales,Compotas,https://www.unimarc.cl/category/lacteos-huevos-y-refrigerados/postres/compotas,https://www.unimarc.cl/_next/data/0ucQ92dO_m9T9joH0FjVV/category/lacteos-huevos-y-refrigerados/postres/compotas.json?categories=lacteos-huevos-y-refrigerados&categories=postres&categories=compotas,2026-02-20T18:43:00
81868,Compota Watt's multifruta pouch 90 g,Watts,1 un,Kg,490,490,,False,,$5.444 x Kg,$5.444 x Kg,https://www.unimarc.cl/compota-pouch-watts-90gr-multifruta/p,https://unimarc.vtexassets.com/arquivos/ids/251956/000000000655583004-UN-01.jpg?v=638985714537130000,Bebidas vegetales,Compotas,https://www.unimarc.cl/category/lacteos-huevos-y-refrigerados/postres/compotas,https://www.unimarc.cl/_next/data/0ucQ92dO_m9T9joH0FjVV/category/lacteos-huevos-y-refrigerados/postres/compotas.json?categories=lacteos-huevos-y-refrigerados&categories=postres&categories=compotas,2026-02-20T18:43:00
6472,Compota Vivo Mifrut pera 90 g,Vivo,1 un,Kg,550,550,,False,,$6.111 x Kg,$6.111 x Kg,https://www.unimarc.cl/compota-de-pera-mifrut-vivo-90-g-2/p,https://unimarc.vtexassets.com/arquivos/ids/247138/000000000000759337-UN-01.jpg.jpg?v=638766191168070000,Bebidas vegetales,Compotas,https://www.unimarc.cl/category/lacteos-huevos-y-refrigerados/postres/compotas,https://www.unimarc.cl/_next/data/0ucQ92dO_m9T9joH0FjVV/category/lacteos-huevos-y-refrigerados/postres/compotas.json?categories=lacteos-huevos-y-refrigerados&categories=postres&categories=compotas,2026-02-20T18:43:00
56910,Compota Vivo Mifrut plátano 90 g,Vivo,1 un,Kg,560,560,,False,,$6.222 x Kg,$6.222 x Kg,https://www.unimarc.cl/compota-mifrut-platano-vivo-90-gr/p,https://unimarc.vtexassets.com/arquivos/ids/247135/000000000000637787-UN-01.jpg.jpg?v=638766188386530000,Bebidas vegetales,Compotas,https://www.unimarc.cl/category/lacteos-huevos-y-refrigerados/postres/compotas,https://www.unimarc.cl/_next/data/0ucQ92dO_m9T9joH0FjVV/category/lacteos-huevos-y-refrigerados/postres/compotas.json?categories=lacteos-huevos-y-refrigerados&categories=postres&categories=compotas,2026-02-20T18:43:00
81866,Compota Watt's pera pouch 90 g,Watts,1 un,Kg,490,490,,False,,$5.444 x Kg,$5.444 x Kg,https://www.unimarc.cl/compota-pouch-watts-90gr-pera/p,https://unimarc.vtexassets.com/arquivos/ids/251952/000000000655583002-UN-01.jpg?v=638985713498930000,Bebidas vegetales,Compotas,https://www.unimarc.cl/category/lacteos-huevos-y-refrigerados/postres/compotas,https://www.unimarc.cl/_next/data/0ucQ92dO_m9T9joH0FjVV/category/lacteos-huevos-y-refrigerados/postres/compotas.json?categories=lacteos-huevos-y-refrigerados&categories=postres&categories=compotas,2026-02-20T18:43:00
79669,Compota Nuestra Cocina pera y manzana 90 g,Nuestra Cocina,1 un,Kg,450,450,,False,,$5.000 x Kg,$5.000 x Kg,https://www.unimarc.cl/compota-nuestra-cocina-90g-manz-pera/p,https://unimarc.vtexassets.com/arquivos/ids/224509/000000000652707003-UN-01.jpg?v=638887889504800000,Bebidas vegetales,Compotas,https://www.unimarc.cl/category/lacteos-huevos-y-refrigerados/postres/compotas,https://www.unimarc.cl/_next/data/0ucQ92dO_m9T9joH0FjVV/category/lacteos-huevos-y-refrigerados/postres/compotas.json?categories=lacteos-huevos-y-refrigerados&categories=postres&categories=compotas,2026-02-20T18:43:00
91910,Compota Nuestra Cocina manzana plátano 90 g,Nuestra Cocina,1 un,Kg,460,460,,False,,$5.111 x Kg,$5.111 x Kg,https://www.unimarc.cl/compota-manz-platano-nuestra-cocina-90gr/p,https://unimarc.vtexassets.com/arquivos/ids/250246/000000000000681710-UN-01.jpg?v=638890496124300000,Bebidas vegetales,Compotas,https://www.unimarc.cl/category/lacteos-huevos-y-refrigerados/postres/compotas,https://www.unimarc.cl/_next/data/0ucQ92dO_m9T9joH0FjVV/category/lacteos-huevos-y-refrigerados/postres/compotas.json?categories=lacteos-huevos-y-refrigerados&categories=postres&categories=compotas,2026-02-20T18:43:00
6468,Compota Vivo Mifrut durazno 90 g,Vivo,1 un,Kg,560,560,,False,,$6.222 x Kg,$6.222 x Kg,https://www.unimarc.cl/compota-de-durazno-mifrut-vivo-90-g-2/p,https://unimarc.vtexassets.com/arquivos/ids/247136/000000000000759335-UN-01.jpg.jpg?v=638766189387830000,Bebidas vegetales,Compotas,https://www.unimarc.cl/category/lacteos-huevos-y-refrigerados/postres/compotas,https://www.unimarc.cl/_next/data/0ucQ92dO_m9T9joH0FjVV/category/lacteos-huevos-y-refrigerados/postres/compotas.json?categories=lacteos-huevos-y-refrigerados&categories=postres&categories=compotas,2026-02-20T18:43:00
81867,Compota Watt's durazno con manzana pouch 90 g,Watts,1 un,Kg,490,490,,False,,$5.444 x Kg,$5.444 x Kg,https://www.unimarc.cl/compota-pouch-watts-90gr-durazno/p,https://unimarc.vtexassets.com/arquivos/ids/251954/000000000655583003-UN-01.jpg?v=638985713942200000,Bebidas vegetales,Compotas,https://www.unimarc.cl/category/lacteos-huevos-y-refrigerados/postres/compotas,https://www.unimarc.cl/_next/data/0ucQ92dO_m9T9joH0FjVV/category/lacteos-huevos-y-refrigerados/postres/compotas.json?categories=lacteos-huevos-y-refrigerados&categories=postres&categories=compotas,2026-02-20T18:43:00
79667,Compota Nuestra Cocina manzana 90 g,Nuestra Cocina,1 un,Kg,450,450,,False,,$5.000 x Kg,$5.000 x Kg,https://www.unimarc.cl/compota-nuestra-cocina-90g-manzana/p,https://unimarc.vtexassets.com/arquivos/ids/221660/000000000652707001-UN-01.jpg?v=638887889499500000,Bebidas vegetales,Compotas,https://www.unimarc.cl/category/lacteos-huevos-y-refrigerados/postres/compotas,https://www.unimarc.cl/_next/data/0ucQ92dO_m9T9joH0FjVV/category/lacteos-huevos-y-refrigerados/postres/compotas.json?categories=lacteos-huevos-y-refrigerados&categories=postres&categories=compotas,2026-02-20T18:43:00
86489,Compota orgánica my way manzana zapallo italiano espinaca frutilla 90g,My Way,1 un,Kg,1090,1090,,False,,$12.111 x Kg,$12.111 x Kg,https://www.unimarc.cl/compota-org-my-way-90-man-zap-i-esp-fru/p,https://unimarc.vtexassets.com/arquivos/ids/237013/000000000663951003-UN-01.jpg?v=638393054206630000,Bebidas vegetales,Compotas,https://www.unimarc.cl/category/lacteos-huevos-y-refrigerados/postres/compotas,https://www.unimarc.cl/_next/data/0ucQ92dO_m9T9joH0FjVV/category/lacteos-huevos-y-refrigerados/postres/compotas.json?categories=lacteos-huevos-y-refrigerados&categories=postres&categories=compotas,2026-02-20T18:43:00
86488,Compóta orgánica my way manzana durazno quínoa 90g,My Way,1 un,Kg,1090,1090,,False,,$12.111 x Kg,$12.111 x Kg,https://www.unimarc.cl/compota-org-my-way-90g-manz-duraz-quin/p,https://unimarc.vtexassets.com/arquivos/ids/237012/000000000663951002-UN-01.jpg?v=638393054204430000,Bebidas vegetales,Compotas,https://www.unimarc.cl/category/lacteos-huevos-y-refrigerados/postres/compotas,https://www.unimarc.cl/_next/data/0ucQ92dO_m9T9joH0FjVV/category/lacteos-huevos-y-refrigerados/postres/compotas.json?categories=lacteos-huevos-y-refrigerados&categories=postres&categories=compotas,2026-02-20T18:43:00
15426,Puré de Frutas orgánico Ama frambuesa Squeeze 90 g,Ama,1 un,Kg,1090,1290,1090,True,Ahorras $200,$12.111 x Kg,$14.333 x Kg,https://www.unimarc.cl/pure-de-fruta-organico-ama-90-frambuesa/p,https://unimarc.vtexassets.com/arquivos/ids/222374/000000000630333002-UN-01.jpg?v=637752582257230000,Bebidas vegetales,Compotas,https://www.unimarc.cl/category/lacteos-huevos-y-refrigerados/postres/compotas,https://www.unimarc.cl/_next/data/0ucQ92dO_m9T9joH0FjVV/category/lacteos-huevos-y-refrigerados/postres/compotas.json?categories=lacteos-huevos-y-refrigerados&categories=postres&categories=compotas,2026-02-20T18:43:00
15427,Puré de frutas orgánico Ama manzana Squeeze 90 g,Ama,1 un,Kg,1090,1290,1090,True,Ahorras $200,$12.111 x Kg,$14.333 x Kg,https://www.unimarc.cl/pure-de-fruta-organico-ama-90-g-manzana/p,https://unimarc.vtexassets.com/arquivos/ids/228636/000000000630333001-UN-01.jpg?v=637967894702770000,Bebidas vegetales,Compotas,https://www.unimarc.cl/category/lacteos-huevos-y-refrigerados/postres/compotas,https://www.unimarc.cl/_next/data/0ucQ92dO_m9T9joH0FjVV/category/lacteos-huevos-y-refrigerados/postres/compotas.json?categories=lacteos-huevos-y-refrigerados&categories=postres&categories=compotas,2026-02-20T18:43:00
15424,Puré de Frutas orgánico Ama mango Squeeze 90 g,Ama,1 un,Kg,1090,1290,1090,True,Ahorras $200,$12.111 x Kg,$14.333 x Kg,https://www.unimarc.cl/pure-de-fruta-organico-ama-90-gr-mango/p,https://unimarc.vtexassets.com/arquivos/ids/222376/000000000630333003-UN-01.jpg?v=637752582979600000,Bebidas vegetales,Compotas,https://www.unimarc.cl/category/lacteos-huevos-y-refrigerados/postres/compotas,https://www.unimarc.cl/_next/data/0ucQ92dO_m9T9joH0FjVV/category/lacteos-huevos-y-refrigerados/postres/compotas.json?categories=lacteos-huevos-y-refrigerados&categories=postres&categories=compotas,2026-02-20T18:43:00
14338,Puré de Frutas orgánico Ama manzana plátano y mango Squeeze 90 g.,Ama,1 un,Kg,1090,1290,1090,True,Ahorras $200,$12.111 x Kg,$14.333 x Kg,https://www.unimarc.cl/pure-de-fruta-org-manzana-platano-mango/p,https://unimarc.vtexassets.com/arquivos/ids/228635/000000000630333004-UN-01.jpg?v=637967893118700000,Bebidas vegetales,Compotas,https://www.unimarc.cl/category/lacteos-huevos-y-refrigerados/postres/compotas,https://www.unimarc.cl/_next/data/0ucQ92dO_m9T9joH0FjVV/category/lacteos-huevos-y-refrigerados/postres/compotas.json?categories=lacteos-huevos-y-refrigerados&categories=postres&categories=compotas,2026-02-20T18:43:00
78131,Puré de fruta orgánico Ama manzana betarraga arándano 90 g,Ama,1 un,Kg,1090,1290,1090,True,Ahorras $200,$12.111 x Kg,$14.333 x Kg,https://www.unimarc.cl/pure-fruta-org-ama-90g-manz-betar-arand/p,https://unimarc.vtexassets.com/arquivos/ids/222380/000000000651991001-UN-01.jpg?v=637752585455830000,Bebidas vegetales,Compotas,https://www.unimarc.cl/category/lacteos-huevos-y-refrigerados/postres/compotas,https://www.unimarc.cl/_next/data/0ucQ92dO_m9T9joH0FjVV/category/lacteos-huevos-y-refrigerados/postres/compotas.json?categories=lacteos-huevos-y-refrigerados&categories=postres&categories=compotas,2026-02-20T18:43:00
89806,Compota Vivo orgánico durazno plátano y arándano 90 g,Vivo,1 un,Kg,880,970,880,True,Ahorras $90,$9.778 x Kg,$10.778 x Kg,https://www.unimarc.cl/compota-org-vivo-90gr-duraz-plat-arand/p,https://unimarc.vtexassets.com/arquivos/ids/245797/000000000672070001-UN-01.jpg?v=638690279907670000,Bebidas vegetales,Compotas,https://www.unimarc.cl/category/lacteos-huevos-y-refrigerados/postres/compotas,https://www.unimarc.cl/_next/data/0ucQ92dO_m9T9joH0FjVV/category/lacteos-huevos-y-refrigerados/postres/compotas.json?categories=lacteos-huevos-y-refrigerados&categories=postres&categories=compotas,2026-02-20T18:43:00
89808,Compota Vivo orgánico manzana mango y plátano 90 g,Vivo,1 un,Kg,880,970,880,True,Ahorras $90,$9.778 x Kg,$10.778 x Kg,https://www.unimarc.cl/compota-org-vivo-90gr-manz-mango-plat/p,https://unimarc.vtexassets.com/arquivos/ids/245799/000000000672070003-UN-01.jpg?v=638690279913130000,Bebidas vegetales,Compotas,https://www.unimarc.cl/category/lacteos-huevos-y-refrigerados/postres/compotas,https://www.unimarc.cl/_next/data/0ucQ92dO_m9T9joH0FjVV/category/lacteos-huevos-y-refrigerados/postres/compotas.json?categories=lacteos-huevos-y-refrigerados&categories=postres&categories=compotas,2026-02-20T18:43:00
78132,Puré de fruta orgánico Ama pera kiwi espinaca 90 g,Ama,1 un,Kg,1090,1290,1090,True,Ahorras $200,$12.111 x Kg,$14.333 x Kg,https://www.unimarc.cl/pure-fruta-org-ama-90gr-pera-kiwi-espin/p,https://unimarc.vtexassets.com/arquivos/ids/224234/000000000651991002-UN-01.jpg?v=637807179056170000,Bebidas vegetales,Compotas,https://www.unimarc.cl/category/lacteos-huevos-y-refrigerados/postres/compotas,https://www.unimarc.cl/_next/data/0ucQ92dO_m9T9joH0FjVV/category/lacteos-huevos-y-refrigerados/postres/compotas.json?categories=lacteos-huevos-y-refrigerados&categories=postres&categories=compotas,2026-02-20T18:43:00
89807,Compota Vivo orgánico manzana pera 90 g,Vivo,1 un,Kg,880,970,880,True,Ahorras $90,$9.778 x Kg,$10.778 x Kg,https://www.unimarc.cl/compota-org-vivo-90gr-manzana-pera/p,https://unimarc.vtexassets.com/arquivos/ids/245798/000000000672070002-UN-01.jpg?v=638690279910630000,Bebidas vegetales,Compotas,https://www.unimarc.cl/category/lacteos-huevos-y-refrigerados/postres/compotas,https://www.unimarc.cl/_next/data/0ucQ92dO_m9T9joH0FjVV/category/lacteos-huevos-y-refrigerados/postres/compotas.json?categories=lacteos-huevos-y-refrigerados&categories=postres&categories=compotas,2026-02-20T18:43:00
96271,Compota Vivo orgánica zapallo manzana y pera 90 gr,Vivo,1 un,Kg,920,970,920,True,Ahorras $50,$10.222 x Kg,$10.778 x Kg,https://www.unimarc.cl/compota-org-vivo-90gr-zapallo-manz-pera/p,https://unimarc.vtexassets.com/arquivos/ids/254680/000000000696340001-UN-01.jpg?v=639029687127530000,Bebidas vegetales,Compotas,https://www.unimarc.cl/category/lacteos-huevos-y-refrigerados/postres/compotas,https://www.unimarc.cl/_next/data/0ucQ92dO_m9T9joH0FjVV/category/lacteos-huevos-y-refrigerados/postres/compotas.json?categories=lacteos-huevos-y-refrigerados&categories=postres&categories=compotas,2026-02-20T18:43:00
96272,Compota Vivo orgánica zapallo manzana y plátano 90 gr,Vivo,1 un,Kg,920,970,920,True,Ahorras $50,$10.222 x Kg,$10.778 x Kg,https://www.unimarc.cl/compota-org-vivo-90gr-zapallo-manz-plat/p,https://unimarc.vtexassets.com/arquivos/ids/254681/000000000696340002-UN-01.jpg?v=639029687253630000,Bebidas vegetales,Compotas,https://www.unimarc.cl/category/lacteos-huevos-y-refrigerados/postres/compotas,https://www.unimarc.cl/_next/data/0ucQ92dO_m9T9joH0FjVV/category/lacteos-huevos-y-refrigerados/postres/compotas.json?categories=lacteos-huevos-y-refrigerados&categories=postres&categories=compotas,2026-02-20T18:43:00
11705,Compota Vivo Fruta mango maracuyá 120 g,Vivo,1 un,Kg,990,990,,False,,$8.250 x Kg,$8.250 x Kg,https://www.unimarc.cl/compota-vivo-120-gr-mango-maracuya/p,https://unimarc.vtexassets.com/arquivos/ids/193402/000000000622865002-UN-01.jpg?v=637219492963170000,Bebidas vegetales,Compotas,https://www.unimarc.cl/category/lacteos-huevos-y-refrigerados/postres/compotas,https://www.unimarc.cl/_next/data/0ucQ92dO_m9T9joH0FjVV/category/lacteos-huevos-y-refrigerados/postres/compotas.json?categories=lacteos-huevos-y-refrigerados&categories=postres&categories=compotas,2026-02-20T18:43:00
7194,Compota Nestlé manzana pote 120 g,Nestle,1 un,Kg,510,510,,False,,$4.250 x Kg,$4.250 x Kg,https://www.unimarc.cl/compota-nestle-120-gr-manzana/p,https://unimarc.vtexassets.com/arquivos/ids/230636/000000000400167001-UN-01.jpg?v=638042063614430000,Bebidas vegetales,Compotas,https://www.unimarc.cl/category/lacteos-huevos-y-refrigerados/postres/compotas,https://www.unimarc.cl/_next/data/0ucQ92dO_m9T9joH0FjVV/category/lacteos-huevos-y-refrigerados/postres/compotas.json?categories=lacteos-huevos-y-refrigerados&categories=postres&categories=compotas,2026-02-20T18:43:00
7195,Compota Nestlé pera pote 120 g,Nestle,1 un,Kg,510,510,,False,,$4.250 x Kg,$4.250 x Kg,https://www.unimarc.cl/compota-nestle-120-gr-pera/p,https://unimarc.vtexassets.com/arquivos/ids/230641/000000000400167003-UN-01.jpg?v=638042074446600000,Bebidas vegetales,Compotas,https://www.unimarc.cl/category/lacteos-huevos-y-refrigerados/postres/compotas,https://www.unimarc.cl/_next/data/0ucQ92dO_m9T9joH0FjVV/category/lacteos-huevos-y-refrigerados/postres/compotas.json?categories=lacteos-huevos-y-refrigerados&categories=postres&categories=compotas,2026-02-20T18:43:00
11704,Compota Vivo Fruta frambuesa cranberry 120 g,Vivo,1 un,Kg,990,990,,False,,$8.250 x Kg,$8.250 x Kg,https://www.unimarc.cl/compota-vivo-120-gr-frambuesa-cranberry/p,https://unimarc.vtexassets.com/arquivos/ids/193400/000000000622865001-UN-01.jpg?v=637219491358830000,Bebidas vegetales,Compotas,https://www.unimarc.cl/category/lacteos-huevos-y-refrigerados/postres/compotas,https://www.unimarc.cl/_next/data/0ucQ92dO_m9T9joH0FjVV/category/lacteos-huevos-y-refrigerados/postres/compotas.json?categories=lacteos-huevos-y-refrigerados&categories=postres&categories=compotas,2026-02-20T18:43:00
1597,Pack Compotas Vivo Mifrut manzana y pera 5 un de 90 g,Vivo,1 un,Kg,2890,2890,,False,,$6.422 x Kg,$6.422 x Kg,https://www.unimarc.cl/pack-compotas-mifrut-3-manzana-y-2-peras-90-g/p,https://unimarc.vtexassets.com/arquivos/ids/193368/000000000000832485-UN-01.jpg?v=637218947688570000,Bebidas vegetales,Compotas,https://www.unimarc.cl/category/lacteos-huevos-y-refrigerados/postres/compotas,https://www.unimarc.cl/_next/data/0ucQ92dO_m9T9joH0FjVV/category/lacteos-huevos-y-refrigerados/postres/compotas.json?categories=lacteos-huevos-y-refrigerados&categories=postres&categories=compotas,2026-02-20T18:43:00
56934,Compota Vivo Veggie naranja y zanahoria 120 g,Vivo,1 un,Kg,990,990,,False,,$8.250 x Kg,$8.250 x Kg,https://www.unimarc.cl/compota-fruta-veggies-naranja-zanahoria/p,https://unimarc.vtexassets.com/arquivos/ids/193432/000000000637788001-UN-01.jpg?v=637219512423770000,Bebidas vegetales,Compotas,https://www.unimarc.cl/category/lacteos-huevos-y-refrigerados/postres/compotas,https://www.unimarc.cl/_next/data/0ucQ92dO_m9T9joH0FjVV/category/lacteos-huevos-y-refrigerados/postres/compotas.json?categories=lacteos-huevos-y-refrigerados&categories=postres&categories=compotas,2026-02-20T18:43:00
56935,Compota Vivo Veggie pera manzana y espinaca 120 g,Vivo,1 un,Kg,990,990,,False,,$8.250 x Kg,$8.250 x Kg,https://www.unimarc.cl/compota-fruta-veggies-vivo-pera-manzana/p,https://unimarc.vtexassets.com/arquivos/ids/193433/000000000637788002-UN-01.jpg?v=637219512891130000,Bebidas vegetales,Compotas,https://www.unimarc.cl/category/lacteos-huevos-y-refrigerados/postres/compotas,https://www.unimarc.cl/_next/data/0ucQ92dO_m9T9joH0FjVV/category/lacteos-huevos-y-refrigerados/postres/compotas.json?categories=lacteos-huevos-y-refrigerados&categories=postres&categories=compotas,2026-02-20T18:43:00
96274,Compota Vivo break avena yoghurt berries y plátano 90 gr,Vivo,1 un,Kg,790,920,790,True,Ahorras $130,$8.778 x Kg,$10.222 x Kg,https://www.unimarc.cl/compota-break-vivo-90g-yog-berries-plat/p,https://unimarc.vtexassets.com/arquivos/ids/254683/000000000696481002-UN-01.jpg?v=639029688306500000,Bebidas vegetales,Compotas,https://www.unimarc.cl/category/lacteos-huevos-y-refrigerados/postres/compotas,https://www.unimarc.cl/_next/data/0ucQ92dO_m9T9joH0FjVV/category/lacteos-huevos-y-refrigerados/postres/compotas.json?categories=lacteos-huevos-y-refrigerados&categories=postres&categories=compotas,2026-02-20T18:43:00
96273,Compota Vivo break avena yoghurt naranja y plátano 90 gr,Vivo,1 un,Kg,790,920,790,True,Ahorras $130,$8.778 x Kg,$10.222 x Kg,https://www.unimarc.cl/compota-break-vivo-90gr-yog-nja-plat/p,https://unimarc.vtexassets.com/arquivos/ids/254682/000000000696481001-UN-01.jpg?v=639029688187800000,Bebidas vegetales,Compotas,https://www.unimarc.cl/category/lacteos-huevos-y-refrigerados/postres/compotas,https://www.unimarc.cl/_next/data/0ucQ92dO_m9T9joH0FjVV/category/lacteos-huevos-y-refrigerados/postres/compotas.json?categories=lacteos-huevos-y-refrigerados&categories=postres&categories=compotas,2026-02-20T18:43:00
5006,Jalea frambuesa Soprole 110 g Jalea Soprole sabor frambuesa pote 110 g,Soprole,1 un,Kg,290,290,,False,,$2.636 x Kg,$2.636 x Kg,https://www.unimarc.cl/jalea-soprole-frambuesa-110-gr/p,https://unimarc.vtexassets.com/arquivos/ids/222266/000000000000338467-UN-01.jpg?v=637751152445400000,Bebidas vegetales,Jaleas,https://www.unimarc.cl/category/lacteos-huevos-y-refrigerados/postres/jaleas,https://www.unimarc.cl/_next/data/0ucQ92dO_m9T9joH0FjVV/category/lacteos-huevos-y-refrigerados/postres/jaleas.json?categories=lacteos-huevos-y-refrigerados&categories=postres&categories=jaleas,2026-02-20T18:43:10
5007,-Jalea Soprole sabor guinda pote 110 g,Soprole,1 un,Kg,290,290,,False,,$2.636 x Kg,$2.636 x Kg,https://www.unimarc.cl/jalea-soprole-guinda-110-gr/p,https://unimarc.vtexassets.com/arquivos/ids/222269/000000000000338468-UN-01.jpg?v=637751156783900000,Bebidas vegetales,Jaleas,https://www.unimarc.cl/category/lacteos-huevos-y-refrigerados/postres/jaleas,https://www.unimarc.cl/_next/data/0ucQ92dO_m9T9joH0FjVV/category/lacteos-huevos-y-refrigerados/postres/jaleas.json?categories=lacteos-huevos-y-refrigerados&categories=postres&categories=jaleas,2026-02-20T18:43:10
7380,Jalea Colun frambuesa pote 100 g,Colun,1 un,Kg,320,320,,False,,$3.200 x Kg,$3.200 x Kg,https://www.unimarc.cl/jalea-colun-100-gr-frambuesa/p,https://unimarc.vtexassets.com/arquivos/ids/163236/jalea-colun-100-gr-frambuesa.jpg?v=636523093157270000,Bebidas vegetales,Jaleas,https://www.unimarc.cl/category/lacteos-huevos-y-refrigerados/postres/jaleas,https://www.unimarc.cl/_next/data/0ucQ92dO_m9T9joH0FjVV/category/lacteos-huevos-y-refrigerados/postres/jaleas.json?categories=lacteos-huevos-y-refrigerados&categories=postres&categories=jaleas,2026-02-20T18:43:10
5009,Jalea piña Soprole 110 g Jalea Soprole sabor piña pote 110 g,Soprole,1 un,Kg,290,290,,False,,$2.636 x Kg,$2.636 x Kg,https://www.unimarc.cl/jalea-soprole-pina-110-gr/p,https://unimarc.vtexassets.com/arquivos/ids/222267/000000000000338470-UN-01.jpg?v=637751153758000000,Bebidas vegetales,Jaleas,https://www.unimarc.cl/category/lacteos-huevos-y-refrigerados/postres/jaleas,https://www.unimarc.cl/_next/data/0ucQ92dO_m9T9joH0FjVV/category/lacteos-huevos-y-refrigerados/postres/jaleas.json?categories=lacteos-huevos-y-refrigerados&categories=postres&categories=jaleas,2026-02-20T18:43:10
32342,Jalea Colún guinda 100 g,Colun,1 un,Kg,320,320,,False,,$3.200 x Kg,$3.200 x Kg,https://www.unimarc.cl/jalea-colun-guinda-100-g/p,https://unimarc.vtexassets.com/arquivos/ids/219869/000000000401780004-UN-01.jpg?v=637671324278700000,Bebidas vegetales,Jaleas,https://www.unimarc.cl/category/lacteos-huevos-y-refrigerados/postres/jaleas,https://www.unimarc.cl/_next/data/0ucQ92dO_m9T9joH0FjVV/category/lacteos-huevos-y-refrigerados/postres/jaleas.json?categories=lacteos-huevos-y-refrigerados&categories=postres&categories=jaleas,2026-02-20T18:43:10
7381,Jalea Colun limón pote 100 g,Colun,1 un,Kg,320,320,,False,,$3.200 x Kg,$3.200 x Kg,https://www.unimarc.cl/jalea-colun-100-gr-limon/p,https://unimarc.vtexassets.com/arquivos/ids/163235/jalea-colun-100-gr-limon.jpg?v=636523093150430000,Bebidas vegetales,Jaleas,https://www.unimarc.cl/category/lacteos-huevos-y-refrigerados/postres/jaleas,https://www.unimarc.cl/_next/data/0ucQ92dO_m9T9joH0FjVV/category/lacteos-huevos-y-refrigerados/postres/jaleas.json?categories=lacteos-huevos-y-refrigerados&categories=postres&categories=jaleas,2026-02-20T18:43:10
11613,Jalea Nestlé frambuesa pote 110 g,Nestle,1 un,Kg,390,390,,False,,$3.545 x Kg,$3.545 x Kg,https://www.unimarc.cl/jalea-nestle-110gr-frambuesa/p,https://unimarc.vtexassets.com/arquivos/ids/229210/000000000400278001-UN-01.jpg?v=637993034488200000,Bebidas vegetales,Jaleas,https://www.unimarc.cl/category/lacteos-huevos-y-refrigerados/postres/jaleas,https://www.unimarc.cl/_next/data/0ucQ92dO_m9T9joH0FjVV/category/lacteos-huevos-y-refrigerados/postres/jaleas.json?categories=lacteos-huevos-y-refrigerados&categories=postres&categories=jaleas,2026-02-20T18:43:10
11614,Jalea Nestlé naranja pote 110 g,Nestle,1 un,Kg,390,390,,False,,$3.545 x Kg,$3.545 x Kg,https://www.unimarc.cl/jalea-nestle-110gr-naranja/p,https://unimarc.vtexassets.com/arquivos/ids/229207/000000000400278003-UN-01.jpg?v=637993031696670000,Bebidas vegetales,Jaleas,https://www.unimarc.cl/category/lacteos-huevos-y-refrigerados/postres/jaleas,https://www.unimarc.cl/_next/data/0ucQ92dO_m9T9joH0FjVV/category/lacteos-huevos-y-refrigerados/postres/jaleas.json?categories=lacteos-huevos-y-refrigerados&categories=postres&categories=jaleas,2026-02-20T18:43:10
7243,Jalea Nestlé piña pote 110 g,Nestle,1 un,Kg,390,390,,False,,$3.545 x Kg,$3.545 x Kg,https://www.unimarc.cl/jalea-nestle-110gr-pina/p,https://unimarc.vtexassets.com/arquivos/ids/229209/000000000400278005-UN-01.jpg?v=637993033260400000,Bebidas vegetales,Jaleas,https://www.unimarc.cl/category/lacteos-huevos-y-refrigerados/postres/jaleas,https://www.unimarc.cl/_next/data/0ucQ92dO_m9T9joH0FjVV/category/lacteos-huevos-y-refrigerados/postres/jaleas.json?categories=lacteos-huevos-y-refrigerados&categories=postres&categories=jaleas,2026-02-20T18:43:10
11199,Jalea Pouch Ambrosoli frambuesa Squeeze 100 g,Ambrosoli,1 un,Kg,740,740,,False,,$7.400 x Kg,$7.400 x Kg,https://www.unimarc.cl/jalea-pouch-frambuesa-ambrosoli-100-gr/p,https://unimarc.vtexassets.com/arquivos/ids/190559/000000000000614807-UN-01.jpg?v=637135749694000000,Bebidas vegetales,Jaleas,https://www.unimarc.cl/category/lacteos-huevos-y-refrigerados/postres/jaleas,https://www.unimarc.cl/_next/data/0ucQ92dO_m9T9joH0FjVV/category/lacteos-huevos-y-refrigerados/postres/jaleas.json?categories=lacteos-huevos-y-refrigerados&categories=postres&categories=jaleas,2026-02-20T18:43:10
11615,Jalea Nestlé guinda pote 110 g,Nestle,1 un,Kg,390,390,,False,,$3.545 x Kg,$3.545 x Kg,https://www.unimarc.cl/jalea-nestle-110gr-guinda/p,https://unimarc.vtexassets.com/arquivos/ids/229208/000000000400278004-UN-01.jpg?v=637993032631470000,Bebidas vegetales,Jaleas,https://www.unimarc.cl/category/lacteos-huevos-y-refrigerados/postres/jaleas,https://www.unimarc.cl/_next/data/0ucQ92dO_m9T9joH0FjVV/category/lacteos-huevos-y-refrigerados/postres/jaleas.json?categories=lacteos-huevos-y-refrigerados&categories=postres&categories=jaleas,2026-02-20T18:43:10
11200,Jalea Pouch Ambrosoli piña Squeeze 100 g,Ambrosoli,1 un,Kg,740,740,,False,,$7.400 x Kg,$7.400 x Kg,https://www.unimarc.cl/jalea-pouch-pina-ambrosoli-100-gr/p,https://unimarc.vtexassets.com/arquivos/ids/190560/000000000000614808-UN-01.jpg?v=637135750563630000,Bebidas vegetales,Jaleas,https://www.unimarc.cl/category/lacteos-huevos-y-refrigerados/postres/jaleas,https://www.unimarc.cl/_next/data/0ucQ92dO_m9T9joH0FjVV/category/lacteos-huevos-y-refrigerados/postres/jaleas.json?categories=lacteos-huevos-y-refrigerados&categories=postres&categories=jaleas,2026-02-20T18:43:10
89805,Jalea slupea Ambrosoli flipy 100 g,Ambrosoli,1 un,Kg,740,740,,False,,$7.400 x Kg,$7.400 x Kg,https://www.unimarc.cl/jalea-slupea-ambrosoli-100-gr-flipy/p,https://unimarc.vtexassets.com/arquivos/ids/245669/000000000671944002-UN-01.jpg?v=638682462884930000,Bebidas vegetales,Jaleas,https://www.unimarc.cl/category/lacteos-huevos-y-refrigerados/postres/jaleas,https://www.unimarc.cl/_next/data/0ucQ92dO_m9T9joH0FjVV/category/lacteos-huevos-y-refrigerados/postres/jaleas.json?categories=lacteos-huevos-y-refrigerados&categories=postres&categories=jaleas,2026-02-20T18:43:10
89804,Jalea slupea Ambrosoli loop 100 g,Ambrosoli,1 un,Kg,740,740,,False,,$7.400 x Kg,$7.400 x Kg,https://www.unimarc.cl/jalea-slupea-ambrosoli-100-gr-loop/p,https://unimarc.vtexassets.com/arquivos/ids/245668/000000000671944001-UN-01.jpg?v=638682462881670000,Bebidas vegetales,Jaleas,https://www.unimarc.cl/category/lacteos-huevos-y-refrigerados/postres/jaleas,https://www.unimarc.cl/_next/data/0ucQ92dO_m9T9joH0FjVV/category/lacteos-huevos-y-refrigerados/postres/jaleas.json?categories=lacteos-huevos-y-refrigerados&categories=postres&categories=jaleas,2026-02-20T18:43:10
93229,Jalea Soprole sin azúcar frambuesa 4 un de 110 g,Soprole,1 un,Kg,1390,1600,1390,True,Ahorras $210,$3.159 x Kg,$3.636 x Kg,https://www.unimarc.cl/jalea-sin-azuc-soprole-110gr-frambuesa-2/p,https://unimarc.vtexassets.com/arquivos/ids/251792/000000000688158001-DIS-01.jpg?v=638947747902400000,Bebidas vegetales,Jaleas,https://www.unimarc.cl/category/lacteos-huevos-y-refrigerados/postres/jaleas,https://www.unimarc.cl/_next/data/0ucQ92dO_m9T9joH0FjVV/category/lacteos-huevos-y-refrigerados/postres/jaleas.json?categories=lacteos-huevos-y-refrigerados&categories=postres&categories=jaleas,2026-02-20T18:43:10
93230,Jalea Soprole sin azúcar limón 4 un de 110 g,Soprole,1 un,Kg,1390,1600,1390,True,Ahorras $210,$3.159 x Kg,$3.636 x Kg,https://www.unimarc.cl/jalea-sin-azuc-soprole-110gr-limon-2/p,https://unimarc.vtexassets.com/arquivos/ids/251793/000000000688158002-DIS-01.jpg?v=638956892271230000,Bebidas vegetales,Jaleas,https://www.unimarc.cl/category/lacteos-huevos-y-refrigerados/postres/jaleas,https://www.unimarc.cl/_next/data/0ucQ92dO_m9T9joH0FjVV/category/lacteos-huevos-y-refrigerados/postres/jaleas.json?categories=lacteos-huevos-y-refrigerados&categories=postres&categories=jaleas,2026-02-20T18:43:10
12512,Gelatina Dila frambuesa 250 g,Dila,1 un,Kg,930,1130,930,True,Ahorras $200,$3.720 x Kg,$4.520 x Kg,https://www.unimarc.cl/gelatina-frambuesa-dila-250-gr/p,https://unimarc.vtexassets.com/arquivos/ids/252674/000000000000563815-UN-01.jpg?v=638977765818030000,Bebidas vegetales,Jaleas,https://www.unimarc.cl/category/lacteos-huevos-y-refrigerados/postres/jaleas,https://www.unimarc.cl/_next/data/0ucQ92dO_m9T9joH0FjVV/category/lacteos-huevos-y-refrigerados/postres/jaleas.json?categories=lacteos-huevos-y-refrigerados&categories=postres&categories=jaleas,2026-02-20T18:43:10
91105,Jalea Uno Soprole sabor frambuesa 4 un de 110 g,Soprole,1 un,Kg,1490,1750,1490,True,Ahorras $260,$3.386 x Kg,$3.977 x Kg,https://www.unimarc.cl/pack-jalea-uno-soprole-4x110g-frambuesa/p,https://unimarc.vtexassets.com/arquivos/ids/247446/000000000675274002-DIS-01.jpg.jpg?v=638774854909700000,Bebidas vegetales,Jaleas,https://www.unimarc.cl/category/lacteos-huevos-y-refrigerados/postres/jaleas,https://www.unimarc.cl/_next/data/0ucQ92dO_m9T9joH0FjVV/category/lacteos-huevos-y-refrigerados/postres/jaleas.json?categories=lacteos-huevos-y-refrigerados&categories=postres&categories=jaleas,2026-02-20T18:43:10
91104,Jalea Uno Soprole sabor piña 4 un de 110 g,Soprole,1 un,Kg,1490,1750,1490,True,Ahorras $260,$3.386 x Kg,$3.977 x Kg,https://www.unimarc.cl/pack-jalea-uno-soprole-4x110g-pina/p,https://unimarc.vtexassets.com/arquivos/ids/247445/000000000675274001-DIS-01.jpg.jpg?v=638774854711330000,Bebidas vegetales,Jaleas,https://www.unimarc.cl/category/lacteos-huevos-y-refrigerados/postres/jaleas,https://www.unimarc.cl/_next/data/0ucQ92dO_m9T9joH0FjVV/category/lacteos-huevos-y-refrigerados/postres/jaleas.json?categories=lacteos-huevos-y-refrigerados&categories=postres&categories=jaleas,2026-02-20T18:43:10
96405,Jalea Vivo pouch colágeno sabor berries 100 gr,Vivo,1 un,Kg,890,990,890,True,Ahorras $100,$8.900 x Kg,$9.900 x Kg,https://www.unimarc.cl/jalea-pouch-colageno-berries-vivo-100-gr/p,https://unimarc.vtexassets.com/arquivos/ids/254834/000000000000695630-UN-01.jpg?v=639033878015630000,Bebidas vegetales,Jaleas,https://www.unimarc.cl/category/lacteos-huevos-y-refrigerados/postres/jaleas,https://www.unimarc.cl/_next/data/0ucQ92dO_m9T9joH0FjVV/category/lacteos-huevos-y-refrigerados/postres/jaleas.json?categories=lacteos-huevos-y-refrigerados&categories=postres&categories=jaleas,2026-02-20T18:43:10
90418,Pack jalea Loncoleche protein guinda 4 un de 100 g,Loncoleche,1 un,Kg,2960,2960,,False,,$7.400 x Kg,$7.400 x Kg,https://www.unimarc.cl/pack-jalea-protein-lonco-4x100gr-guinda/p,https://unimarc.vtexassets.com/arquivos/ids/246361/000000000673900001-DIS-01.jpg?v=638726399793500000,Bebidas vegetales,Jaleas,https://www.unimarc.cl/category/lacteos-huevos-y-refrigerados/postres/jaleas,https://www.unimarc.cl/_next/data/0ucQ92dO_m9T9joH0FjVV/category/lacteos-huevos-y-refrigerados/postres/jaleas.json?categories=lacteos-huevos-y-refrigerados&categories=postres&categories=jaleas,2026-02-20T18:43:10
7617,Pack Jalea Regimel frambuesa pote 4 un de 100 g,Regimel,1 un,Kg,2080,2080,,False,,$5.200 x Kg,$5.200 x Kg,https://www.unimarc.cl/jalea-regimel-frambuesa-100-g-4-u/p,https://unimarc.vtexassets.com/arquivos/ids/242948/000000000704149004-DIS-01.jpg?v=638569129728470000,Bebidas vegetales,Jaleas,https://www.unimarc.cl/category/lacteos-huevos-y-refrigerados/postres/jaleas,https://www.unimarc.cl/_next/data/0ucQ92dO_m9T9joH0FjVV/category/lacteos-huevos-y-refrigerados/postres/jaleas.json?categories=lacteos-huevos-y-refrigerados&categories=postres&categories=jaleas,2026-02-20T18:43:10
90419,Pack jalea Loncoleche protein piña 4 un de 100 g,Loncoleche,1 un,Kg,2960,2960,,False,,$7.400 x Kg,$7.400 x Kg,https://www.unimarc.cl/pack-jalea-protein-lonco-4x100gr-pina/p,https://unimarc.vtexassets.com/arquivos/ids/246360/000000000673900002-DIS-01.jpg?v=638726397021500000,Bebidas vegetales,Jaleas,https://www.unimarc.cl/category/lacteos-huevos-y-refrigerados/postres/jaleas,https://www.unimarc.cl/_next/data/0ucQ92dO_m9T9joH0FjVV/category/lacteos-huevos-y-refrigerados/postres/jaleas.json?categories=lacteos-huevos-y-refrigerados&categories=postres&categories=jaleas,2026-02-20T18:43:10
7613,Pack Jalea Regimel arándano pote 4 un de 100 g,Regimel,1 un,Kg,2080,2080,,False,,$5.200 x Kg,$5.200 x Kg,https://www.unimarc.cl/jalea-regimel-arandano-100-g-4-u/p,https://unimarc.vtexassets.com/arquivos/ids/242946/000000000704149002-DIS-01.jpg?v=638569128678970000,Bebidas vegetales,Jaleas,https://www.unimarc.cl/category/lacteos-huevos-y-refrigerados/postres/jaleas,https://www.unimarc.cl/_next/data/0ucQ92dO_m9T9joH0FjVV/category/lacteos-huevos-y-refrigerados/postres/jaleas.json?categories=lacteos-huevos-y-refrigerados&categories=postres&categories=jaleas,2026-02-20T18:43:10
87676,Jalea Nuestra Cocina naranja 100 g,Nuestra Cocina,1 un,Kg,300,300,,False,,$3.000 x Kg,$3.000 x Kg,https://www.unimarc.cl/jalea-nuestra-cocina-100-gr-naranja/p,https://unimarc.vtexassets.com/arquivos/ids/242937/000000000669463004-UN-01.jpg?v=638887889566270000,Bebidas vegetales,Jaleas,https://www.unimarc.cl/category/lacteos-huevos-y-refrigerados/postres/jaleas,https://www.unimarc.cl/_next/data/0ucQ92dO_m9T9joH0FjVV/category/lacteos-huevos-y-refrigerados/postres/jaleas.json?categories=lacteos-huevos-y-refrigerados&categories=postres&categories=jaleas,2026-02-20T18:43:10
87675,Jalea Nuestra Cocina guinda 100 g,Nuestra Cocina,1 un,Kg,300,300,,False,,$3.000 x Kg,$3.000 x Kg,https://www.unimarc.cl/jalea-nuestra-cocina-100-gr-guinda/p,https://unimarc.vtexassets.com/arquivos/ids/242938/000000000669463003-UN-01.jpg?v=638887889560330000,Bebidas vegetales,Jaleas,https://www.unimarc.cl/category/lacteos-huevos-y-refrigerados/postres/jaleas,https://www.unimarc.cl/_next/data/0ucQ92dO_m9T9joH0FjVV/category/lacteos-huevos-y-refrigerados/postres/jaleas.json?categories=lacteos-huevos-y-refrigerados&categories=postres&categories=jaleas,2026-02-20T18:43:10
87673,Jalea Nuestra Cocina limón 100 g,Nuestra Cocina,1 un,Kg,300,300,,False,,$3.000 x Kg,$3.000 x Kg,https://www.unimarc.cl/jalea-nuestra-cocina-100-gr-limon/p,https://unimarc.vtexassets.com/arquivos/ids/242940/000000000669463001-UN-01.jpg?v=638887901758070000,Bebidas vegetales,Jaleas,https://www.unimarc.cl/category/lacteos-huevos-y-refrigerados/postres/jaleas,https://www.unimarc.cl/_next/data/0ucQ92dO_m9T9joH0FjVV/category/lacteos-huevos-y-refrigerados/postres/jaleas.json?categories=lacteos-huevos-y-refrigerados&categories=postres&categories=jaleas,2026-02-20T18:43:10
87674,Jalea Nuestra Cocina frambuesa 100 g,Nuestra Cocina,1 un,Kg,300,300,,False,,$3.000 x Kg,$3.000 x Kg,https://www.unimarc.cl/jalea-nuestra-cocina-100-gr-frambuesa/p,https://unimarc.vtexassets.com/arquivos/ids/242939/000000000669463002-UN-01.jpg?v=638887889554570000,Bebidas vegetales,Jaleas,https://www.unimarc.cl/category/lacteos-huevos-y-refrigerados/postres/jaleas,https://www.unimarc.cl/_next/data/0ucQ92dO_m9T9joH0FjVV/category/lacteos-huevos-y-refrigerados/postres/jaleas.json?categories=lacteos-huevos-y-refrigerados&categories=postres&categories=jaleas,2026-02-20T18:43:10
91759,Pack Jalea Regimel naranja 4 un de 100 g,Regimel,1 un,Kg,2080,2080,,False,,$5.200 x Kg,$5.200 x Kg,https://www.unimarc.cl/jalea-regimel-100-gr-naranja/p,https://unimarc.vtexassets.com/arquivos/ids/249875/000000000704149006-DIS-01.jpg?v=638872400244530000,Bebidas vegetales,Jaleas,https://www.unimarc.cl/category/lacteos-huevos-y-refrigerados/postres/jaleas,https://www.unimarc.cl/_next/data/0ucQ92dO_m9T9joH0FjVV/category/lacteos-huevos-y-refrigerados/postres/jaleas.json?categories=lacteos-huevos-y-refrigerados&categories=postres&categories=jaleas,2026-02-20T18:43:10
70953,Jalea Ambrosoli slupea naranja pouch 100 g,Ambrosoli,1 un,Kg,750,750,,False,,$7.500 x Kg,$7.500 x Kg,https://www.unimarc.cl/jalea-slupea-ambrosoli-100-gr-naranja/p,https://unimarc.vtexassets.com/arquivos/ids/230785/000000000646149001-UN-01.jpg?v=638048050364930000,Bebidas vegetales,Jaleas,https://www.unimarc.cl/category/lacteos-huevos-y-refrigerados/postres/jaleas,https://www.unimarc.cl/_next/data/0ucQ92dO_m9T9joH0FjVV/category/lacteos-huevos-y-refrigerados/postres/jaleas.json?categories=lacteos-huevos-y-refrigerados&categories=postres&categories=jaleas,2026-02-20T18:43:10
96404,Jalea Vivo pouch colágeno sabor naranja 100 gr,Vivo,1 un,Kg,890,990,890,True,Ahorras $100,$8.900 x Kg,$9.900 x Kg,https://www.unimarc.cl/jalea-pouch-colageno-naranja-vivo-100-gr/p,https://unimarc.vtexassets.com/arquivos/ids/254833/000000000000695629-UN-01.jpg?v=639033878013600000,Bebidas vegetales,Jaleas,https://www.unimarc.cl/category/lacteos-huevos-y-refrigerados/postres/jaleas,https://www.unimarc.cl/_next/data/0ucQ92dO_m9T9joH0FjVV/category/lacteos-huevos-y-refrigerados/postres/jaleas.json?categories=lacteos-huevos-y-refrigerados&categories=postres&categories=jaleas,2026-02-20T18:43:10
11723,Flan Soprole zero lacto sabor caramelo pote 110 g,Soprole,1 un,Kg,316,490,316,True,Ahorras $174,$2.873 x Kg,$4.455 x Kg,https://www.unimarc.cl/flan-zero-lacto-soprole-120-gr-caramelo/p,https://unimarc.vtexassets.com/arquivos/ids/244760/000000000625427002-UN-01.jpg?v=638651116775100000,Bebidas vegetales,Flanes,https://www.unimarc.cl/category/lacteos-huevos-y-refrigerados/postres/flanes,https://www.unimarc.cl/_next/data/0ucQ92dO_m9T9joH0FjVV/category/lacteos-huevos-y-refrigerados/postres/flanes.json?categories=lacteos-huevos-y-refrigerados&categories=postres&categories=flanes,2026-02-20T18:43:17
11722,Flan Soprole zero lacto sabor vainilla pote 110 g,Soprole,1 un,Kg,316,490,316,True,Ahorras $174,$2.873 x Kg,$4.455 x Kg,https://www.unimarc.cl/flan-zero-lacto-soprole-120-gr-vainilla/p,https://unimarc.vtexassets.com/arquivos/ids/244758/000000000625427001-UN-01.jpg?v=638651116409830000,Bebidas vegetales,Flanes,https://www.unimarc.cl/category/lacteos-huevos-y-refrigerados/postres/flanes,https://www.unimarc.cl/_next/data/0ucQ92dO_m9T9joH0FjVV/category/lacteos-huevos-y-refrigerados/postres/flanes.json?categories=lacteos-huevos-y-refrigerados&categories=postres&categories=flanes,2026-02-20T18:43:17
5004,Flan Soprole vainilla con salsa de caramelo pote 110 g,Soprole,1 un,Kg,390,390,,False,,$3.545 x Kg,$3.545 x Kg,https://www.unimarc.cl/flan-soprole-vainilla-120-gr/p,https://unimarc.vtexassets.com/arquivos/ids/244757/000000000000338227-UN-01.jpg?v=638651116038600000,Bebidas vegetales,Flanes,https://www.unimarc.cl/category/lacteos-huevos-y-refrigerados/postres/flanes,https://www.unimarc.cl/_next/data/0ucQ92dO_m9T9joH0FjVV/category/lacteos-huevos-y-refrigerados/postres/flanes.json?categories=lacteos-huevos-y-refrigerados&categories=postres&categories=flanes,2026-02-20T18:43:17
5003,Flan Soprole sabor caramelo con salsa de caramelo pote 110 g,Soprole,1 un,Kg,390,390,,False,,$3.545 x Kg,$3.545 x Kg,https://www.unimarc.cl/flan-soprole-caramelo-120-gr/p,https://unimarc.vtexassets.com/arquivos/ids/244756/000000000000338226-UN-01.jpg?v=638651115694030000,Bebidas vegetales,Flanes,https://www.unimarc.cl/category/lacteos-huevos-y-refrigerados/postres/flanes,https://www.unimarc.cl/_next/data/0ucQ92dO_m9T9joH0FjVV/category/lacteos-huevos-y-refrigerados/postres/flanes.json?categories=lacteos-huevos-y-refrigerados&categories=postres&categories=flanes,2026-02-20T18:43:17
89238,Flan Soprole sabor chocolate con salsa de caramelo pote 110 g,Soprole,1 un,Kg,390,390,,False,,$3.545 x Kg,$3.545 x Kg,https://www.unimarc.cl/flan-sabor-chocolate-soprole-110-gr/p,https://unimarc.vtexassets.com/arquivos/ids/244857/000000000000671635-UN-01.jpg?v=638653810800030000,Bebidas vegetales,Flanes,https://www.unimarc.cl/category/lacteos-huevos-y-refrigerados/postres/flanes,https://www.unimarc.cl/_next/data/0ucQ92dO_m9T9joH0FjVV/category/lacteos-huevos-y-refrigerados/postres/flanes.json?categories=lacteos-huevos-y-refrigerados&categories=postres&categories=flanes,2026-02-20T18:43:17
5074,Flan Colun vainilla pote 100 g,Colun,1 un,Kg,390,390,,False,,$3.900 x Kg,$3.900 x Kg,https://www.unimarc.cl/flan-colun-vainilla-100-gr/p,https://unimarc.vtexassets.com/arquivos/ids/166243/flan-colun-vainilla-100-gr.jpg?v=636543154844700000,Bebidas vegetales,Flanes,https://www.unimarc.cl/category/lacteos-huevos-y-refrigerados/postres/flanes,https://www.unimarc.cl/_next/data/0ucQ92dO_m9T9joH0FjVV/category/lacteos-huevos-y-refrigerados/postres/flanes.json?categories=lacteos-huevos-y-refrigerados&categories=postres&categories=flanes,2026-02-20T18:43:17
5076,Flan Colun manjar pote 100 g,Colun,1 un,Kg,390,390,,False,,$3.900 x Kg,$3.900 x Kg,https://www.unimarc.cl/flan-colun-manjar-100-gr/p,https://unimarc.vtexassets.com/arquivos/ids/166646/flan-colun-manjar-100-gr.jpg?v=636543168522870000,Bebidas vegetales,Flanes,https://www.unimarc.cl/category/lacteos-huevos-y-refrigerados/postres/flanes,https://www.unimarc.cl/_next/data/0ucQ92dO_m9T9joH0FjVV/category/lacteos-huevos-y-refrigerados/postres/flanes.json?categories=lacteos-huevos-y-refrigerados&categories=postres&categories=flanes,2026-02-20T18:43:17
7191,Flan Nestlé caramelo pote 110 g,Nestle,1 un,Kg,400,400,,False,,$3.636 x Kg,$3.636 x Kg,https://www.unimarc.cl/flan-nestle-110-gr-caramelo/p,https://unimarc.vtexassets.com/arquivos/ids/229191/000000000400161001-UN-01.jpg?v=637993017737430000,Bebidas vegetales,Flanes,https://www.unimarc.cl/category/lacteos-huevos-y-refrigerados/postres/flanes,https://www.unimarc.cl/_next/data/0ucQ92dO_m9T9joH0FjVV/category/lacteos-huevos-y-refrigerados/postres/flanes.json?categories=lacteos-huevos-y-refrigerados&categories=postres&categories=flanes,2026-02-20T18:43:17
13872,Flan De Vainilla Dila pote 250 g,Dila,1 un,Kg,1490,1490,,False,,$5.960 x Kg,$5.960 x Kg,https://www.unimarc.cl/flan-de-vainilla-dila-250-gr/p,https://unimarc.vtexassets.com/arquivos/ids/252675/000000000000563816-UN-01.jpg?v=638977772324600000,Bebidas vegetales,Flanes,https://www.unimarc.cl/category/lacteos-huevos-y-refrigerados/postres/flanes,https://www.unimarc.cl/_next/data/0ucQ92dO_m9T9joH0FjVV/category/lacteos-huevos-y-refrigerados/postres/flanes.json?categories=lacteos-huevos-y-refrigerados&categories=postres&categories=flanes,2026-02-20T18:43:17
7192,Flan Nestlé vainilla pote 110 g,Nestle,1 un,Kg,400,400,,False,,$3.636 x Kg,$3.636 x Kg,https://www.unimarc.cl/flan-nestle-110-gr-vainilla/p,https://unimarc.vtexassets.com/arquivos/ids/229192/000000000400161002-UN-01.jpg?v=637993018264830000,Bebidas vegetales,Flanes,https://www.unimarc.cl/category/lacteos-huevos-y-refrigerados/postres/flanes,https://www.unimarc.cl/_next/data/0ucQ92dO_m9T9joH0FjVV/category/lacteos-huevos-y-refrigerados/postres/flanes.json?categories=lacteos-huevos-y-refrigerados&categories=postres&categories=flanes,2026-02-20T18:43:17
92054,Arroz con leche Soprole sin lactosa 130 g,Soprole,1 un,Kg,600,750,600,True,Ahorras $150,$4.615 x Kg,$5.769 x Kg,https://www.unimarc.cl/arroz-c-leche-zero-lacto-soprole-130gr/p,https://unimarc.vtexassets.com/arquivos/ids/250708/000000000000684867-UN.jpg?v=638906283159900000,Bebidas vegetales,Leche asada y arroz con leche,https://www.unimarc.cl/category/lacteos-huevos-y-refrigerados/postres/leche-asada-y-arroz-con-leche,https://www.unimarc.cl/_next/data/0ucQ92dO_m9T9joH0FjVV/category/lacteos-huevos-y-refrigerados/postres/leche-asada-y-arroz-con-leche.json?categories=lacteos-huevos-y-refrigerados&categories=postres&categories=leche-asada-y-arroz-con-leche,2026-02-20T18:43:24
3495,Postre leche asada Postres de la abuela 120 g Postre leche asada Soprole Postres de la Abuela pote 120 g,Soprole,1 un,Kg,690,690,,False,,$5.750 x Kg,$5.750 x Kg,https://www.unimarc.cl/leche-asada-soprole-120-gr/p,https://unimarc.vtexassets.com/arquivos/ids/248758/000000000000052501-UN-01.jpg.jpg?v=638828454185530000,Bebidas vegetales,Leche asada y arroz con leche,https://www.unimarc.cl/category/lacteos-huevos-y-refrigerados/postres/leche-asada-y-arroz-con-leche,https://www.unimarc.cl/_next/data/0ucQ92dO_m9T9joH0FjVV/category/lacteos-huevos-y-refrigerados/postres/leche-asada-y-arroz-con-leche.json?categories=lacteos-huevos-y-refrigerados&categories=postres&categories=leche-asada-y-arroz-con-leche,2026-02-20T18:43:24
3499,Postre Nestlé leche asada pote 120 g,Nestle,1 un,Kg,670,670,,False,,$5.583 x Kg,$5.583 x Kg,https://www.unimarc.cl/leche-asada-la-lechera-120-gr/p,https://unimarc.vtexassets.com/arquivos/ids/230609/000000000000052575-UN-01.jpg?v=638042022470530000,Bebidas vegetales,Leche asada y arroz con leche,https://www.unimarc.cl/category/lacteos-huevos-y-refrigerados/postres/leche-asada-y-arroz-con-leche,https://www.unimarc.cl/_next/data/0ucQ92dO_m9T9joH0FjVV/category/lacteos-huevos-y-refrigerados/postres/leche-asada-y-arroz-con-leche.json?categories=lacteos-huevos-y-refrigerados&categories=postres&categories=leche-asada-y-arroz-con-leche,2026-02-20T18:43:24
10983,Postre arroz con leche Soprole 130 g Postre arroz con leche Soprole sabor canela pote 130 g,Soprole,1 un,Kg,740,740,,False,,$5.692 x Kg,$5.692 x Kg,https://www.unimarc.cl/arroz-c-leche-soprole-130-gr/p,https://unimarc.vtexassets.com/arquivos/ids/247717/000000000000338229-UN-01.jpg.jpg?v=638792174122530000,Bebidas vegetales,Leche asada y arroz con leche,https://www.unimarc.cl/category/lacteos-huevos-y-refrigerados/postres/leche-asada-y-arroz-con-leche,https://www.unimarc.cl/_next/data/0ucQ92dO_m9T9joH0FjVV/category/lacteos-huevos-y-refrigerados/postres/leche-asada-y-arroz-con-leche.json?categories=lacteos-huevos-y-refrigerados&categories=postres&categories=leche-asada-y-arroz-con-leche,2026-02-20T18:43:24
12070,Arroz con leche Dila pote 250 g,Dila,1 un,Kg,1490,1490,,False,,$5.960 x Kg,$5.960 x Kg,https://www.unimarc.cl/arroz-c-leche-dila-250-gr/p,https://unimarc.vtexassets.com/arquivos/ids/252676/000000000000563822-UN-01.jpg?v=638977773520430000,Bebidas vegetales,Leche asada y arroz con leche,https://www.unimarc.cl/category/lacteos-huevos-y-refrigerados/postres/leche-asada-y-arroz-con-leche,https://www.unimarc.cl/_next/data/0ucQ92dO_m9T9joH0FjVV/category/lacteos-huevos-y-refrigerados/postres/leche-asada-y-arroz-con-leche.json?categories=lacteos-huevos-y-refrigerados&categories=postres&categories=leche-asada-y-arroz-con-leche,2026-02-20T18:43:24
92055,Postre sémola Soprole caramelo sin lactosa 140 g,Soprole,1 un,Kg,688,850,688,True,Ahorras $162,$4.914 x Kg,$6.071 x Kg,https://www.unimarc.cl/semola-caramelo-zero-lacto-soprole-140gr/p,https://unimarc.vtexassets.com/arquivos/ids/250578/000000000000684868-UN-01.jpg?v=638902678509130000,Bebidas vegetales,Sémolas,https://www.unimarc.cl/category/lacteos-huevos-y-refrigerados/postres/semolas,https://www.unimarc.cl/_next/data/0ucQ92dO_m9T9joH0FjVV/category/lacteos-huevos-y-refrigerados/postres/semolas.json?categories=lacteos-huevos-y-refrigerados&categories=postres&categories=semolas,2026-02-20T18:43:32
5010,Postre sémola Soprole caramelo 140 g Postre sémola con leche Soprole salsa caramelo pote 140 g,Soprole,1 un,Kg,700,700,,False,,$5.000 x Kg,$5.000 x Kg,https://www.unimarc.cl/semola-soprole-c-salsa-de-caramelo-140-g/p,https://unimarc.vtexassets.com/arquivos/ids/247718/000000000000338471-UN-01.jpg.jpg?v=638792175011270000,Bebidas vegetales,Sémolas,https://www.unimarc.cl/category/lacteos-huevos-y-refrigerados/postres/semolas,https://www.unimarc.cl/_next/data/0ucQ92dO_m9T9joH0FjVV/category/lacteos-huevos-y-refrigerados/postres/semolas.json?categories=lacteos-huevos-y-refrigerados&categories=postres&categories=semolas,2026-02-20T18:43:32
5012,Postre sémola Soprole frambuesa 140 g Postre sémola con leche Soprole salsa frambuesa pote 140 g,Soprole,1 un,Kg,700,700,,False,,$5.000 x Kg,$5.000 x Kg,https://www.unimarc.cl/semola-soprole-c-salsa-de-framb-140-gr/p,https://unimarc.vtexassets.com/arquivos/ids/247720/000000000000338573-UN-01.jpg.jpg?v=638792176717400000,Bebidas vegetales,Sémolas,https://www.unimarc.cl/category/lacteos-huevos-y-refrigerados/postres/semolas,https://www.unimarc.cl/_next/data/0ucQ92dO_m9T9joH0FjVV/category/lacteos-huevos-y-refrigerados/postres/semolas.json?categories=lacteos-huevos-y-refrigerados&categories=postres&categories=semolas,2026-02-20T18:43:32
5011,Postre sémola Soprole damasco 140 g Postre sémola con leche Soprole salsa damasco pote 140 g,Soprole,1 un,Kg,700,700,,False,,$5.000 x Kg,$5.000 x Kg,https://www.unimarc.cl/semola-soprole-c-salsa-de-damasco-140-gr/p,https://unimarc.vtexassets.com/arquivos/ids/247719/000000000000338472-UN-01.jpg.jpg?v=638792175867170000,Bebidas vegetales,Sémolas,https://www.unimarc.cl/category/lacteos-huevos-y-refrigerados/postres/semolas,https://www.unimarc.cl/_next/data/0ucQ92dO_m9T9joH0FjVV/category/lacteos-huevos-y-refrigerados/postres/semolas.json?categories=lacteos-huevos-y-refrigerados&categories=postres&categories=semolas,2026-02-20T18:43:32
87681,Postre sémola Nestlé caramelo 130 g,Nestle,1 un,Kg,670,670,,False,,$5.154 x Kg,$5.154 x Kg,https://www.unimarc.cl/semola-nestle-130-gr-caramelo/p,https://unimarc.vtexassets.com/arquivos/ids/243478/000000000669505001-UN-01.jpg?v=638584687931130000,Bebidas vegetales,Sémolas,https://www.unimarc.cl/category/lacteos-huevos-y-refrigerados/postres/semolas,https://www.unimarc.cl/_next/data/0ucQ92dO_m9T9joH0FjVV/category/lacteos-huevos-y-refrigerados/postres/semolas.json?categories=lacteos-huevos-y-refrigerados&categories=postres&categories=semolas,2026-02-20T18:43:32
87682,Postre sémola Nestlé frambuesa 130 g,Nestle,1 un,Kg,670,670,,False,,$5.154 x Kg,$5.154 x Kg,https://www.unimarc.cl/semola-nestle-130-gr-frambuesa/p,https://unimarc.vtexassets.com/arquivos/ids/243479/000000000669505002-UN-01.jpg?v=638584688603600000,Bebidas vegetales,Sémolas,https://www.unimarc.cl/category/lacteos-huevos-y-refrigerados/postres/semolas,https://www.unimarc.cl/_next/data/0ucQ92dO_m9T9joH0FjVV/category/lacteos-huevos-y-refrigerados/postres/semolas.json?categories=lacteos-huevos-y-refrigerados&categories=postres&categories=semolas,2026-02-20T18:43:32
12071,Sémola con leche Dila pote 250 g,Dila,1 un,Kg,1490,1490,,False,,$5.960 x Kg,$5.960 x Kg,https://www.unimarc.cl/semola-c-leche-dila-250-gr/p,https://unimarc.vtexassets.com/arquivos/ids/252677/000000000000563823-UN-01.jpg?v=638977774952070000,Bebidas vegetales,Sémolas,https://www.unimarc.cl/category/lacteos-huevos-y-refrigerados/postres/semolas,https://www.unimarc.cl/_next/data/0ucQ92dO_m9T9joH0FjVV/category/lacteos-huevos-y-refrigerados/postres/semolas.json?categories=lacteos-huevos-y-refrigerados&categories=postres&categories=semolas,2026-02-20T18:43:32
7306,Postre manjarate Soprole original 80 g Postre Soprole manjarate pote 80 g,Manjarate,1 un,Kg,588,770,588,True,Ahorras $182,$7.350 x Kg,$9.625 x Kg,https://www.unimarc.cl/manjarate-tradicional-soprole-80-g-2/p,https://unimarc.vtexassets.com/arquivos/ids/237612/000000000400456003-UN-01.jpg?v=638433487924000000,Bebidas vegetales,Postres especiales,https://www.unimarc.cl/category/lacteos-huevos-y-refrigerados/postres/postres-especiales,https://www.unimarc.cl/_next/data/0ucQ92dO_m9T9joH0FjVV/category/lacteos-huevos-y-refrigerados/postres/postres-especiales.json?categories=lacteos-huevos-y-refrigerados&categories=postres&categories=postres-especiales,2026-02-20T18:43:41
91675,Postre Chandelle Nestlé crema chocolate 120 g,Chandelle,1 un,Kg,790,790,,False,,$6.583 x Kg,$6.583 x Kg,https://www.unimarc.cl/postre-crema-chandelle-120gr-chocolate/p,https://unimarc.vtexassets.com/arquivos/ids/249228/000000000679856001-UN-01.jpg?v=638850743483270000,Bebidas vegetales,Postres especiales,https://www.unimarc.cl/category/lacteos-huevos-y-refrigerados/postres/postres-especiales,https://www.unimarc.cl/_next/data/0ucQ92dO_m9T9joH0FjVV/category/lacteos-huevos-y-refrigerados/postres/postres-especiales.json?categories=lacteos-huevos-y-refrigerados&categories=postres&categories=postres-especiales,2026-02-20T18:43:41
85109,Postre del Sur Colun sabor chocolate 110 g,Colun,1 un,Kg,650,650,,False,,$5.909 x Kg,$5.909 x Kg,https://www.unimarc.cl/post-del-sur-colun-110g-chocolate/p,https://unimarc.vtexassets.com/arquivos/ids/235331/000000000665903001-UN-01.jpg?v=638445516439330000,Bebidas vegetales,Postres especiales,https://www.unimarc.cl/category/lacteos-huevos-y-refrigerados/postres/postres-especiales,https://www.unimarc.cl/_next/data/0ucQ92dO_m9T9joH0FjVV/category/lacteos-huevos-y-refrigerados/postres/postres-especiales.json?categories=lacteos-huevos-y-refrigerados&categories=postres&categories=postres-especiales,2026-02-20T18:43:41
91676,Postre Chandelle Nestlé crema manjar 120 g,Chandelle,1 un,Kg,790,790,,False,,$6.583 x Kg,$6.583 x Kg,https://www.unimarc.cl/postre-crema-chandelle-120gr-manjar/p,https://unimarc.vtexassets.com/arquivos/ids/249229/000000000679856002-UN-01.jpg?v=638850743672000000,Bebidas vegetales,Postres especiales,https://www.unimarc.cl/category/lacteos-huevos-y-refrigerados/postres/postres-especiales,https://www.unimarc.cl/_next/data/0ucQ92dO_m9T9joH0FjVV/category/lacteos-huevos-y-refrigerados/postres/postres-especiales.json?categories=lacteos-huevos-y-refrigerados&categories=postres&categories=postres-especiales,2026-02-20T18:43:41
85110,Postre del Sur Colun sabor manjar 110 g,Colun,1 un,Kg,650,650,,False,,$5.909 x Kg,$5.909 x Kg,https://www.unimarc.cl/post-del-sur-colun-110g-manjar/p,https://unimarc.vtexassets.com/arquivos/ids/235332/000000000665903002-UN-01.jpg?v=638445516446700000,Bebidas vegetales,Postres especiales,https://www.unimarc.cl/category/lacteos-huevos-y-refrigerados/postres/postres-especiales,https://www.unimarc.cl/_next/data/0ucQ92dO_m9T9joH0FjVV/category/lacteos-huevos-y-refrigerados/postres/postres-especiales.json?categories=lacteos-huevos-y-refrigerados&categories=postres&categories=postres-especiales,2026-02-20T18:43:41
85111,Postre del Sur Colun sabor chocolate blanco 110 g,Colun,1 un,Kg,650,650,,False,,$5.909 x Kg,$5.909 x Kg,https://www.unimarc.cl/post-del-sur-colun-110g-choc-blanco/p,https://unimarc.vtexassets.com/arquivos/ids/235333/000000000665903003-UN-01.jpg?v=638445516454700000,Bebidas vegetales,Postres especiales,https://www.unimarc.cl/category/lacteos-huevos-y-refrigerados/postres/postres-especiales,https://www.unimarc.cl/_next/data/0ucQ92dO_m9T9joH0FjVV/category/lacteos-huevos-y-refrigerados/postres/postres-especiales.json?categories=lacteos-huevos-y-refrigerados&categories=postres&categories=postres-especiales,2026-02-20T18:43:41
6240,Postre Gold pannacotta frambuesa 120 g Postre panna cotta Soprole gold salsa frambuesa pote 120 g,Soprole,1 un,Kg,790,790,,False,,$6.583 x Kg,$6.583 x Kg,https://www.unimarc.cl/postre-panna-cotta-frambuesa-sopro-120g/p,https://unimarc.vtexassets.com/arquivos/ids/213986/000000000000677023-UN-01.jpg?v=638416324781570000,Bebidas vegetales,Postres especiales,https://www.unimarc.cl/category/lacteos-huevos-y-refrigerados/postres/postres-especiales,https://www.unimarc.cl/_next/data/0ucQ92dO_m9T9joH0FjVV/category/lacteos-huevos-y-refrigerados/postres/postres-especiales.json?categories=lacteos-huevos-y-refrigerados&categories=postres&categories=postres-especiales,2026-02-20T18:43:41
91677,Postre Chandelle Nestlé crema lúcuma 120 g,Chandelle,1 un,Kg,790,790,,False,,$6.583 x Kg,$6.583 x Kg,https://www.unimarc.cl/postre-crema-chandelle-120gr-lucuma/p,https://unimarc.vtexassets.com/arquivos/ids/249230/000000000679856003-UN-01.jpg?v=638850747703330000,Bebidas vegetales,Postres especiales,https://www.unimarc.cl/category/lacteos-huevos-y-refrigerados/postres/postres-especiales,https://www.unimarc.cl/_next/data/0ucQ92dO_m9T9joH0FjVV/category/lacteos-huevos-y-refrigerados/postres/postres-especiales.json?categories=lacteos-huevos-y-refrigerados&categories=postres&categories=postres-especiales,2026-02-20T18:43:41
91734,Postre Chandelle Nestlé crema irlandesa 120 g,Chandelle,1 un,Kg,790,790,,False,,$6.583 x Kg,$6.583 x Kg,https://www.unimarc.cl/postre-crema-chandelle-120gr-cre-irland/p,https://unimarc.vtexassets.com/arquivos/ids/249915/000000000679856004-UN-01.jpg?v=638865617584530000,Bebidas vegetales,Postres especiales,https://www.unimarc.cl/category/lacteos-huevos-y-refrigerados/postres/postres-especiales,https://www.unimarc.cl/_next/data/0ucQ92dO_m9T9joH0FjVV/category/lacteos-huevos-y-refrigerados/postres/postres-especiales.json?categories=lacteos-huevos-y-refrigerados&categories=postres&categories=postres-especiales,2026-02-20T18:43:41
6239,Postre Gold creme caramel 120 g Postre Soprole gold creme caramel pote 120 g,Soprole,1 un,Kg,790,790,,False,,$6.583 x Kg,$6.583 x Kg,https://www.unimarc.cl/postre-crema-soprole-caramelo-120-gr/p,https://unimarc.vtexassets.com/arquivos/ids/213984/000000000000677022-UN-01.jpg?v=638416324769170000,Bebidas vegetales,Postres especiales,https://www.unimarc.cl/category/lacteos-huevos-y-refrigerados/postres/postres-especiales,https://www.unimarc.cl/_next/data/0ucQ92dO_m9T9joH0FjVV/category/lacteos-huevos-y-refrigerados/postres/postres-especiales.json?categories=lacteos-huevos-y-refrigerados&categories=postres&categories=postres-especiales,2026-02-20T18:43:41
91735,Postre Chandelle Nestlé crema piña colada 120 g,Chandelle,1 un,Kg,790,790,,False,,$6.583 x Kg,$6.583 x Kg,https://www.unimarc.cl/postre-crema-chandelle-120gr-pina-colad/p,https://unimarc.vtexassets.com/arquivos/ids/249916/000000000679856005-UN-01.jpg?v=638865618546870000,Bebidas vegetales,Postres especiales,https://www.unimarc.cl/category/lacteos-huevos-y-refrigerados/postres/postres-especiales,https://www.unimarc.cl/_next/data/0ucQ92dO_m9T9joH0FjVV/category/lacteos-huevos-y-refrigerados/postres/postres-especiales.json?categories=lacteos-huevos-y-refrigerados&categories=postres&categories=postres-especiales,2026-02-20T18:43:41
11618,Postre manjarate Soprole black 80 g Postre Soprole manjarate black pote 80 g,Manjarate,1 un,Kg,588,770,588,True,Ahorras $182,$7.350 x Kg,$9.625 x Kg,https://www.unimarc.cl/manjarate-soprole-80-gr-black-2/p,https://unimarc.vtexassets.com/arquivos/ids/213958/000000000400456002-UN-01.jpg?v=638416324819770000,Bebidas vegetales,Postres especiales,https://www.unimarc.cl/category/lacteos-huevos-y-refrigerados/postres/postres-especiales,https://www.unimarc.cl/_next/data/0ucQ92dO_m9T9joH0FjVV/category/lacteos-huevos-y-refrigerados/postres/postres-especiales.json?categories=lacteos-huevos-y-refrigerados&categories=postres&categories=postres-especiales,2026-02-20T18:43:41
19384,Pack chiquitín Nestlé 12 un de 45 g,Nestle,1 un,Kg,3190,3990,3190,True,Ahorras $800,$5.907 x Kg,$7.389 x Kg,https://www.unimarc.cl/chiquitin-nestle-sabores-12-u-x-45-g/p,https://unimarc.vtexassets.com/arquivos/ids/229184/000000000000545611-UN-01.jpg?v=637993012471300000,Bebidas vegetales,Postres especiales,https://www.unimarc.cl/category/lacteos-huevos-y-refrigerados/postres/postres-especiales,https://www.unimarc.cl/_next/data/0ucQ92dO_m9T9joH0FjVV/category/lacteos-huevos-y-refrigerados/postres/postres-especiales.json?categories=lacteos-huevos-y-refrigerados&categories=postres&categories=postres-especiales,2026-02-20T18:43:41
72268,Postre manjarate 3D Soprole 100 g Postre Soprole manjarate 3D pote 100 g,Manjarate,1 un,Kg,588,770,588,True,Ahorras $182,$5.880 x Kg,$7.700 x Kg,https://www.unimarc.cl/manjarate-3d-soprole-100-gr/p,https://unimarc.vtexassets.com/arquivos/ids/249979/000000000000646934-UN-01.jpg?v=638877552583600000,Bebidas vegetales,Postres especiales,https://www.unimarc.cl/category/lacteos-huevos-y-refrigerados/postres/postres-especiales,https://www.unimarc.cl/_next/data/0ucQ92dO_m9T9joH0FjVV/category/lacteos-huevos-y-refrigerados/postres/postres-especiales.json?categories=lacteos-huevos-y-refrigerados&categories=postres&categories=postres-especiales,2026-02-20T18:43:41
85926,Postre soprole manjarate zero lacto 80 g,Soprole,1 un,Kg,685,840,685,True,Ahorras $155,$8.563 x Kg,$10.500 x Kg,https://www.unimarc.cl/manjarate-zero-lacto-soprole-80gr/p,https://unimarc.vtexassets.com/arquivos/ids/236452/000000000000666505-UN-01.jpg?v=638349870766430000,Bebidas vegetales,Postres especiales,https://www.unimarc.cl/category/lacteos-huevos-y-refrigerados/postres/postres-especiales,https://www.unimarc.cl/_next/data/0ucQ92dO_m9T9joH0FjVV/category/lacteos-huevos-y-refrigerados/postres/postres-especiales.json?categories=lacteos-huevos-y-refrigerados&categories=postres&categories=postres-especiales,2026-02-20T18:43:41
92076,Postre Oikos cheescake berries 132 g,Oikos,1 un,Kg,1200,1250,1200,True,Ahorras $50,$9.091 x Kg,$9.470 x Kg,https://www.unimarc.cl/postre-oikos-132gr-cheescake-berries/p,https://unimarc.vtexassets.com/arquivos/ids/250701/000000000683599002-UN-01.jpg?v=638911275003070000,Bebidas vegetales,Postres especiales,https://www.unimarc.cl/category/lacteos-huevos-y-refrigerados/postres/postres-especiales,https://www.unimarc.cl/_next/data/0ucQ92dO_m9T9joH0FjVV/category/lacteos-huevos-y-refrigerados/postres/postres-especiales.json?categories=lacteos-huevos-y-refrigerados&categories=postres&categories=postres-especiales,2026-02-20T18:43:41
92075,Postre Oikos pie de limón 132 g,Oikos,1 un,Kg,1200,1250,1200,True,Ahorras $50,$9.091 x Kg,$9.470 x Kg,https://www.unimarc.cl/postre-oikos-132gr-pie-de-limon/p,https://unimarc.vtexassets.com/arquivos/ids/250700/000000000683599001-UN-01.jpg?v=638906258865970000,Bebidas vegetales,Postres especiales,https://www.unimarc.cl/category/lacteos-huevos-y-refrigerados/postres/postres-especiales,https://www.unimarc.cl/_next/data/0ucQ92dO_m9T9joH0FjVV/category/lacteos-huevos-y-refrigerados/postres/postres-especiales.json?categories=lacteos-huevos-y-refrigerados&categories=postres&categories=postres-especiales,2026-02-20T18:43:41
89470,Postre Goodnes protein caramelo 115 g,Nestle,1 un,Kg,860,860,,False,,$7.478 x Kg,$7.478 x Kg,https://www.unimarc.cl/postre-goodnes-protein-115g-caramelo/p,https://unimarc.vtexassets.com/arquivos/ids/250505/000000000672285001-UN-01.jpg?v=638900943708100000,Bebidas vegetales,Postres especiales,https://www.unimarc.cl/category/lacteos-huevos-y-refrigerados/postres/postres-especiales,https://www.unimarc.cl/_next/data/0ucQ92dO_m9T9joH0FjVV/category/lacteos-huevos-y-refrigerados/postres/postres-especiales.json?categories=lacteos-huevos-y-refrigerados&categories=postres&categories=postres-especiales,2026-02-20T18:43:41
89471,Postre Goodnes protein chocolate 115 g,Nestle,1 un,Kg,860,860,,False,,$7.478 x Kg,$7.478 x Kg,https://www.unimarc.cl/postre-goodnes-protein-115g-chocolate/p,https://unimarc.vtexassets.com/arquivos/ids/245352/000000000672285002-UN-01.jpg?v=638670372770800000,Bebidas vegetales,Postres especiales,https://www.unimarc.cl/category/lacteos-huevos-y-refrigerados/postres/postres-especiales,https://www.unimarc.cl/_next/data/0ucQ92dO_m9T9joH0FjVV/category/lacteos-huevos-y-refrigerados/postres/postres-especiales.json?categories=lacteos-huevos-y-refrigerados&categories=postres&categories=postres-especiales,2026-02-20T18:43:41
92071,Postre snack Soprole protein sabor chocolate 130 g,Soprole,1 un,Kg,850,850,,False,,$6.538 x Kg,$6.538 x Kg,https://www.unimarc.cl/postr-snack-prot-soprol-130g-chocolate/p,https://unimarc.vtexassets.com/arquivos/ids/250715/000000000684876001-UN-01.jpg?v=638906301776370000,Bebidas vegetales,Postres especiales,https://www.unimarc.cl/category/lacteos-huevos-y-refrigerados/postres/postres-especiales,https://www.unimarc.cl/_next/data/0ucQ92dO_m9T9joH0FjVV/category/lacteos-huevos-y-refrigerados/postres/postres-especiales.json?categories=lacteos-huevos-y-refrigerados&categories=postres&categories=postres-especiales,2026-02-20T18:43:41
61097,Postre Trencito Nestlé mousse de chocolate 70 g,Trencito,1 un,Kg,700,700,,False,,$10.000 x Kg,$10.000 x Kg,https://www.unimarc.cl/postre-trencito-70-gr/p,https://unimarc.vtexassets.com/arquivos/ids/218216/000000000000639552-UN-01.jpg?v=637630997877570000,Bebidas vegetales,Postres especiales,https://www.unimarc.cl/category/lacteos-huevos-y-refrigerados/postres/postres-especiales,https://www.unimarc.cl/_next/data/0ucQ92dO_m9T9joH0FjVV/category/lacteos-huevos-y-refrigerados/postres/postres-especiales.json?categories=lacteos-huevos-y-refrigerados&categories=postres&categories=postres-especiales,2026-02-20T18:43:41
92072,Postre snack Soprole protein sabor caramelo 130 g,Soprole,1 un,Kg,850,850,,False,,$6.538 x Kg,$6.538 x Kg,https://www.unimarc.cl/postr-snack-prot-soprol-130g-caramelo/p,https://unimarc.vtexassets.com/arquivos/ids/250716/000000000684876002-UN-01.jpg?v=638906303692130000,Bebidas vegetales,Postres especiales,https://www.unimarc.cl/category/lacteos-huevos-y-refrigerados/postres/postres-especiales,https://www.unimarc.cl/_next/data/0ucQ92dO_m9T9joH0FjVV/category/lacteos-huevos-y-refrigerados/postres/postres-especiales.json?categories=lacteos-huevos-y-refrigerados&categories=postres&categories=postres-especiales,2026-02-20T18:43:41
92231,Postre tiramisú Dolce Italia pote 80 g,Dolce Italia,1 un,Kg,1990,1990,,False,,$24.875 x Kg,$24.875 x Kg,https://www.unimarc.cl/postre-tiramisu-dolce-italia-80gr/p,https://unimarc.vtexassets.com/arquivos/ids/251248/000000000000685655-UN-01.jpg?v=638925250519130000,Bebidas vegetales,Postres especiales,https://www.unimarc.cl/category/lacteos-huevos-y-refrigerados/postres/postres-especiales,https://www.unimarc.cl/_next/data/0ucQ92dO_m9T9joH0FjVV/category/lacteos-huevos-y-refrigerados/postres/postres-especiales.json?categories=lacteos-huevos-y-refrigerados&categories=postres&categories=postres-especiales,2026-02-20T18:43:41
13871,Mote con huesillo Dila pote 400 g,Dila,1 un,Kg,1990,1990,,False,,$4.975 x Kg,$4.975 x Kg,https://www.unimarc.cl/mote-con-huesillo-dila-400-gr/p,https://unimarc.vtexassets.com/arquivos/ids/252672/000000000000563814-UN-01.jpg?v=638977762103330000,Bebidas vegetales,Postres especiales,https://www.unimarc.cl/category/lacteos-huevos-y-refrigerados/postres/postres-especiales,https://www.unimarc.cl/_next/data/0ucQ92dO_m9T9joH0FjVV/category/lacteos-huevos-y-refrigerados/postres/postres-especiales.json?categories=lacteos-huevos-y-refrigerados&categories=postres&categories=postres-especiales,2026-02-20T18:43:41
77703,Postre Sahne Nuss mousse de chocolate pote 100 g,Nestle,1 un,Kg,810,810,,False,,$8.100 x Kg,$8.100 x Kg,https://www.unimarc.cl/mousse-sahne-nuss-100gr/p,https://unimarc.vtexassets.com/arquivos/ids/229188/000000000000651950-UN-01.jpg?v=637993016066570000,Bebidas vegetales,Postres especiales,https://www.unimarc.cl/category/lacteos-huevos-y-refrigerados/postres/postres-especiales,https://www.unimarc.cl/_next/data/0ucQ92dO_m9T9joH0FjVV/category/lacteos-huevos-y-refrigerados/postres/postres-especiales.json?categories=lacteos-huevos-y-refrigerados&categories=postres&categories=postres-especiales,2026-02-20T18:43:41
91679,Postre Chandelle Nestlé sin lactosa manjar 120 g,Chandelle,1 un,Kg,870,870,,False,,$7.250 x Kg,$7.250 x Kg,https://www.unimarc.cl/postre-s-lact-chandelle-120gr-manjar/p,https://unimarc.vtexassets.com/arquivos/ids/249232/000000000679894002-UN-01.jpg?v=638850754353270000,Bebidas vegetales,Postres especiales,https://www.unimarc.cl/category/lacteos-huevos-y-refrigerados/postres/postres-especiales,https://www.unimarc.cl/_next/data/0ucQ92dO_m9T9joH0FjVV/category/lacteos-huevos-y-refrigerados/postres/postres-especiales.json?categories=lacteos-huevos-y-refrigerados&categories=postres&categories=postres-especiales,2026-02-20T18:43:41
91678,Postre Chandelle Nestlé sin lactosa chocolate 120 g,Chandelle,1 un,Kg,870,870,,False,,$7.250 x Kg,$7.250 x Kg,https://www.unimarc.cl/postre-s-lact-chandelle-120gr-chocolate/p,https://unimarc.vtexassets.com/arquivos/ids/249231/000000000679894001-UN-01.jpg?v=638850751689200000,Bebidas vegetales,Postres especiales,https://www.unimarc.cl/category/lacteos-huevos-y-refrigerados/postres/postres-especiales,https://www.unimarc.cl/_next/data/0ucQ92dO_m9T9joH0FjVV/category/lacteos-huevos-y-refrigerados/postres/postres-especiales.json?categories=lacteos-huevos-y-refrigerados&categories=postres&categories=postres-especiales,2026-02-20T18:43:41
92232,Postre tartufo Dolce Italia pote 90 g,Dolce Italia,1 un,Kg,1990,1990,,False,,$22.111 x Kg,$22.111 x Kg,https://www.unimarc.cl/postre-tartufo-dolce-italia-90g/p,https://unimarc.vtexassets.com/arquivos/ids/251249/000000000000685656-UN-01.jpg?v=638925254289500000,Bebidas vegetales,Postres especiales,https://www.unimarc.cl/category/lacteos-huevos-y-refrigerados/postres/postres-especiales,https://www.unimarc.cl/_next/data/0ucQ92dO_m9T9joH0FjVV/category/lacteos-huevos-y-refrigerados/postres/postres-especiales.json?categories=lacteos-huevos-y-refrigerados&categories=postres&categories=postres-especiales,2026-02-20T18:43:41
96647,Postre Goodnes protein vainilla 115 gr,Nestle,1 un,Kg,860,860,,False,,$7.478 x Kg,$7.478 x Kg,https://www.unimarc.cl/postre-protein-vainilla-goodnes-115gr/p,https://unimarc.vtexassets.com/arquivos/ids/255910/000000000000697065-UN-01.jpg?v=639053852777670000,Bebidas vegetales,Postres especiales,https://www.unimarc.cl/category/lacteos-huevos-y-refrigerados/postres/postres-especiales,https://www.unimarc.cl/_next/data/0ucQ92dO_m9T9joH0FjVV/category/lacteos-huevos-y-refrigerados/postres/postres-especiales.json?categories=lacteos-huevos-y-refrigerados&categories=postres&categories=postres-especiales,2026-02-20T18:43:41
91308,Postre maracuyá Galletería Laura 1 un,Galleteria Laura,1 un,Kg,20990,20990,,False,,$20.990 x Kg,$20.990 x Kg,https://www.unimarc.cl/postre-maracuya-galleteria-laura-un/p,https://unimarc.vtexassets.com/arquivos/ids/249932/000000000000674950-UN-01.jpg?v=638872402755730000,Bebidas vegetales,Postres especiales,https://www.unimarc.cl/category/lacteos-huevos-y-refrigerados/postres/postres-especiales,https://www.unimarc.cl/_next/data/0ucQ92dO_m9T9joH0FjVV/category/lacteos-huevos-y-refrigerados/postres/postres-especiales.json?categories=lacteos-huevos-y-refrigerados&categories=postres&categories=postres-especiales,2026-02-20T18:43:41
91309,Postre tres leches con frambuesa Galletería Laura 1 un,Galleteria Laura,1 un,Kg,20990,20990,,False,,$20.990 x Kg,$20.990 x Kg,https://www.unimarc.cl/postre-frambuesa-galleteria-laura-un/p,https://unimarc.vtexassets.com/arquivos/ids/249933/000000000000674961-UN-01.jpg?v=638872402758870000,Bebidas vegetales,Postres especiales,https://www.unimarc.cl/category/lacteos-huevos-y-refrigerados/postres/postres-especiales,https://www.unimarc.cl/_next/data/0ucQ92dO_m9T9joH0FjVV/category/lacteos-huevos-y-refrigerados/postres/postres-especiales.json?categories=lacteos-huevos-y-refrigerados&categories=postres&categories=postres-especiales,2026-02-20T18:43:41
91307,Postre tres leches Galletería Laura 1 un,Galleteria Laura,1 un,Kg,20990,20990,,False,,$16.146 x Kg,$16.146 x Kg,https://www.unimarc.cl/postre-tres-leches-galleteria-laura-un/p,https://unimarc.vtexassets.com/arquivos/ids/249931/000000000000674949-UN-01.jpg?v=638872402752930000,Bebidas vegetales,Postres especiales,https://www.unimarc.cl/category/lacteos-huevos-y-refrigerados/postres/postres-especiales,https://www.unimarc.cl/_next/data/0ucQ92dO_m9T9joH0FjVV/category/lacteos-huevos-y-refrigerados/postres/postres-especiales.json?categories=lacteos-huevos-y-refrigerados&categories=postres&categories=postres-especiales,2026-02-20T18:43:41
96611,Bebida vegetal Orasi barista avena 500 ml,Orasi,1 un,litro,1990,1990,,False,,$3.980 x litro,$3.980 x litro,https://www.unimarc.cl/bebida-veg-barista-avena-orasi-500ml/p,https://unimarc.vtexassets.com/arquivos/ids/255908/000000000000696084-UN-01.jpg?v=639053852772970000,Bebidas vegetales,Bebidas vegetales,https://www.unimarc.cl/category/lacteos-huevos-y-refrigerados/bebidas-vegetales,https://www.unimarc.cl/_next/data/0ucQ92dO_m9T9joH0FjVV/category/lacteos-huevos-y-refrigerados/bebidas-vegetales.json?categories=lacteos-huevos-y-refrigerados&categories=bebidas-vegetales,2026-02-20T18:43:51
1259,Bebida de arroz Orasí 1 L,Orasi,1 un,litro,2390,3780,2390,True,Ahorras $1.390,$2.390 x litro,$3.780 x litro,https://www.unimarc.cl/bebida-vegetal-arroz-orasi-1-lt/p,https://unimarc.vtexassets.com/arquivos/ids/232291/000000000000607689-UN-01.jpg?v=638144044209900000,Bebidas vegetales,Bebidas vegetales,https://www.unimarc.cl/category/lacteos-huevos-y-refrigerados/bebidas-vegetales,https://www.unimarc.cl/_next/data/0ucQ92dO_m9T9joH0FjVV/category/lacteos-huevos-y-refrigerados/bebidas-vegetales.json?categories=lacteos-huevos-y-refrigerados&categories=bebidas-vegetales,2026-02-20T18:43:51
83201,Bebida vegetal Vilay wilk original 1 L,Vilay,1 un,litro,2190,2520,2190,True,Ahorras $330,$2.190 x litro,$2.520 x litro,https://www.unimarc.cl/bebida-vegetal-wilk-vilay-1lt-original/p,https://unimarc.vtexassets.com/arquivos/ids/231980/000000000662514001-UN-01.jpg?v=638103355879530000,Bebidas vegetales,Bebidas vegetales,https://www.unimarc.cl/category/lacteos-huevos-y-refrigerados/bebidas-vegetales,https://www.unimarc.cl/_next/data/0ucQ92dO_m9T9joH0FjVV/category/lacteos-huevos-y-refrigerados/bebidas-vegetales.json?categories=lacteos-huevos-y-refrigerados&categories=bebidas-vegetales,2026-02-20T18:43:51
83202,Bebida vegetal Vilay wilk chocolate 1 L,Vilay,1 un,litro,2190,2520,2190,True,Ahorras $330,$2.190 x litro,$2.520 x litro,https://www.unimarc.cl/bebida-vegetal-wilk-vilay-1lt-chocolate/p,https://unimarc.vtexassets.com/arquivos/ids/231981/000000000662514002-UN-01.jpg?v=638103360822300000,Bebidas vegetales,Bebidas vegetales,https://www.unimarc.cl/category/lacteos-huevos-y-refrigerados/bebidas-vegetales,https://www.unimarc.cl/_next/data/0ucQ92dO_m9T9joH0FjVV/category/lacteos-huevos-y-refrigerados/bebidas-vegetales.json?categories=lacteos-huevos-y-refrigerados&categories=bebidas-vegetales,2026-02-20T18:43:51
91648,Bebida vegetal Loncoleche almendra 1 L,Loncoleche,1 un,litro,2890,2890,,False,,$2.890 x litro,$2.890 x litro,https://www.unimarc.cl/bebida-veg-almendra-loncoleche-1l-2/p,https://unimarc.vtexassets.com/arquivos/ids/250189/000000000000678401-UN-01.jpg?v=638888122893200000,Bebidas vegetales,Bebidas vegetales,https://www.unimarc.cl/category/lacteos-huevos-y-refrigerados/bebidas-vegetales,https://www.unimarc.cl/_next/data/0ucQ92dO_m9T9joH0FjVV/category/lacteos-huevos-y-refrigerados/bebidas-vegetales.json?categories=lacteos-huevos-y-refrigerados&categories=bebidas-vegetales,2026-02-20T18:43:51
83204,Bebida vegetal Vilay wilk capuccino caramel 330 ml,Vilay,1 un,litro,1330,1550,1330,True,Ahorras $220,$4.030 x litro,$4.697 x litro,https://www.unimarc.cl/beb-veg-wilk-vilay-330ml-caramel-capuc/p,https://unimarc.vtexassets.com/arquivos/ids/231983/000000000662526002-UN-01.jpg?v=638103369324070000,Bebidas vegetales,Bebidas vegetales,https://www.unimarc.cl/category/lacteos-huevos-y-refrigerados/bebidas-vegetales,https://www.unimarc.cl/_next/data/0ucQ92dO_m9T9joH0FjVV/category/lacteos-huevos-y-refrigerados/bebidas-vegetales.json?categories=lacteos-huevos-y-refrigerados&categories=bebidas-vegetales,2026-02-20T18:43:51
83203,Bebida vegetal Vilay wilk capuccino vainilla 330 ml,Vilay,1 un,litro,1330,1550,1330,True,Ahorras $220,$4.030 x litro,$4.697 x litro,https://www.unimarc.cl/beb-veg-wilk-vilay-330ml-capuc-vai-fran/p,https://unimarc.vtexassets.com/arquivos/ids/231982/000000000662526001-UN-01.jpg?v=638103362197300000,Bebidas vegetales,Bebidas vegetales,https://www.unimarc.cl/category/lacteos-huevos-y-refrigerados/bebidas-vegetales,https://www.unimarc.cl/_next/data/0ucQ92dO_m9T9joH0FjVV/category/lacteos-huevos-y-refrigerados/bebidas-vegetales.json?categories=lacteos-huevos-y-refrigerados&categories=bebidas-vegetales,2026-02-20T18:43:51
83205,Bebida vegetal Vilay wilk té chai 330 ml,Vilay,1 un,litro,1330,1550,1330,True,Ahorras $220,$4.030 x litro,$4.697 x litro,https://www.unimarc.cl/beb-veg-wilk-vilay-330ml-te-chai/p,https://unimarc.vtexassets.com/arquivos/ids/231984/000000000662526003-UN-01.jpg?v=638103374141470000,Bebidas vegetales,Bebidas vegetales,https://www.unimarc.cl/category/lacteos-huevos-y-refrigerados/bebidas-vegetales,https://www.unimarc.cl/_next/data/0ucQ92dO_m9T9joH0FjVV/category/lacteos-huevos-y-refrigerados/bebidas-vegetales.json?categories=lacteos-huevos-y-refrigerados&categories=bebidas-vegetales,2026-02-20T18:43:51
70105,Bebida de almendra Vilay sin azúcar 1 L,Vilay,1 un,litro,2450,2450,,False,,$2.450 x litro,$2.450 x litro,https://www.unimarc.cl/bebida-de-almendra-vilay-1-l-sin-azucar/p,https://unimarc.vtexassets.com/arquivos/ids/231978/000000000645337003-UN-01.jpg?v=638103348869270000,Bebidas vegetales,Bebidas vegetales,https://www.unimarc.cl/category/lacteos-huevos-y-refrigerados/bebidas-vegetales,https://www.unimarc.cl/_next/data/0ucQ92dO_m9T9joH0FjVV/category/lacteos-huevos-y-refrigerados/bebidas-vegetales.json?categories=lacteos-huevos-y-refrigerados&categories=bebidas-vegetales,2026-02-20T18:43:51
70106,Bebida de coco Vilay sin azúcar 1 L,Vilay,1 un,litro,2450,2450,,False,,$2.450 x litro,$2.450 x litro,https://www.unimarc.cl/bebida-de-coco-vilay-1-lt-sin-azucar/p,https://unimarc.vtexassets.com/arquivos/ids/231973/000000000645335001-UN-01.jpg?v=638103337969330000,Bebidas vegetales,Bebidas vegetales,https://www.unimarc.cl/category/lacteos-huevos-y-refrigerados/bebidas-vegetales,https://www.unimarc.cl/_next/data/0ucQ92dO_m9T9joH0FjVV/category/lacteos-huevos-y-refrigerados/bebidas-vegetales.json?categories=lacteos-huevos-y-refrigerados&categories=bebidas-vegetales,2026-02-20T18:43:51
1258,Bebida de soya Orasí 1 L,Orasi,1 un,litro,3590,3590,,False,,$3.590 x litro,$3.590 x litro,https://www.unimarc.cl/bebida-vegetal-soya-orasi-1-lt/p,https://unimarc.vtexassets.com/arquivos/ids/232290/000000000000607679-UN-01.jpg?v=638144043159930000,Bebidas vegetales,Bebidas vegetales,https://www.unimarc.cl/category/lacteos-huevos-y-refrigerados/bebidas-vegetales,https://www.unimarc.cl/_next/data/0ucQ92dO_m9T9joH0FjVV/category/lacteos-huevos-y-refrigerados/bebidas-vegetales.json?categories=lacteos-huevos-y-refrigerados&categories=bebidas-vegetales,2026-02-20T18:43:51
66827,Bebida vegetal Not Milk plain low fat 1 L,Not Milk,1 un,litro,2690,2690,,False,,$2.690 x litro,$2.690 x litro,https://www.unimarc.cl/bebida-vegetal-not-milk-plain-1-lt/p,https://unimarc.vtexassets.com/arquivos/ids/245837/000000000000641348-UN-01.jpg?v=638694470993970000,Bebidas vegetales,Bebidas vegetales,https://www.unimarc.cl/category/lacteos-huevos-y-refrigerados/bebidas-vegetales,https://www.unimarc.cl/_next/data/0ucQ92dO_m9T9joH0FjVV/category/lacteos-huevos-y-refrigerados/bebidas-vegetales.json?categories=lacteos-huevos-y-refrigerados&categories=bebidas-vegetales,2026-02-20T18:43:51
83252,Bebida vegetal barista Orasí almendra 1 L,Orasi,1 un,litro,5950,5950,,False,,$5.950 x litro,$5.950 x litro,https://www.unimarc.cl/bebida-veg-barista-almendra-orasi-1-lt/p,https://unimarc.vtexassets.com/arquivos/ids/232294/000000000000648065-UN-01.jpg?v=638144054745670000,Bebidas vegetales,Bebidas vegetales,https://www.unimarc.cl/category/lacteos-huevos-y-refrigerados/bebidas-vegetales,https://www.unimarc.cl/_next/data/0ucQ92dO_m9T9joH0FjVV/category/lacteos-huevos-y-refrigerados/bebidas-vegetales.json?categories=lacteos-huevos-y-refrigerados&categories=bebidas-vegetales,2026-02-20T18:43:51
75681,Bebida vegetal Not Milk original 1 L,Not Milk,1 un,litro,2690,2690,,False,,$2.690 x litro,$2.690 x litro,https://www.unimarc.cl/bebida-vegetal-not-milk-blanca-orig-1lt/p,https://unimarc.vtexassets.com/arquivos/ids/245838/000000000000650246-UN-01.jpg?v=638694471604070000,Bebidas vegetales,Bebidas vegetales,https://www.unimarc.cl/category/lacteos-huevos-y-refrigerados/bebidas-vegetales,https://www.unimarc.cl/_next/data/0ucQ92dO_m9T9joH0FjVV/category/lacteos-huevos-y-refrigerados/bebidas-vegetales.json?categories=lacteos-huevos-y-refrigerados&categories=bebidas-vegetales,2026-02-20T18:43:51
84705,Bebida vegetal Not Milk zero sugar 1 L,Not Milk,1 un,litro,2690,2690,,False,,$2.690 x litro,$2.690 x litro,https://www.unimarc.cl/bebida-base-vegetal-zero-notmilk-1lt/p,https://unimarc.vtexassets.com/arquivos/ids/245845/000000000000665419-UN-01.jpg?v=638694478636070000,Bebidas vegetales,Bebidas vegetales,https://www.unimarc.cl/category/lacteos-huevos-y-refrigerados/bebidas-vegetales,https://www.unimarc.cl/_next/data/0ucQ92dO_m9T9joH0FjVV/category/lacteos-huevos-y-refrigerados/bebidas-vegetales.json?categories=lacteos-huevos-y-refrigerados&categories=bebidas-vegetales,2026-02-20T18:43:51
70104,Bebida de almendra Vilay original 1 L,Vilay,1 un,litro,2450,2450,,False,,$2.450 x litro,$2.450 x litro,https://www.unimarc.cl/bebida-de-almendra-vilay-1-lt-original/p,https://unimarc.vtexassets.com/arquivos/ids/231977/000000000645337002-UN-01.jpg?v=638103348046200000,Bebidas vegetales,Bebidas vegetales,https://www.unimarc.cl/category/lacteos-huevos-y-refrigerados/bebidas-vegetales,https://www.unimarc.cl/_next/data/0ucQ92dO_m9T9joH0FjVV/category/lacteos-huevos-y-refrigerados/bebidas-vegetales.json?categories=lacteos-huevos-y-refrigerados&categories=bebidas-vegetales,2026-02-20T18:43:51
91921,Bebida vegetal Not Milk super simple avena 1 L,Not Milk,1 un,litro,2850,2850,,False,,$2.850 x litro,$2.850 x litro,https://www.unimarc.cl/bebida-vegetal-simple-avena-not-milk-1lt/p,https://unimarc.vtexassets.com/arquivos/ids/250348/000000000000682457-UN-01.jpg?v=638899215263530000,Bebidas vegetales,Bebidas vegetales,https://www.unimarc.cl/category/lacteos-huevos-y-refrigerados/bebidas-vegetales,https://www.unimarc.cl/_next/data/0ucQ92dO_m9T9joH0FjVV/category/lacteos-huevos-y-refrigerados/bebidas-vegetales.json?categories=lacteos-huevos-y-refrigerados&categories=bebidas-vegetales,2026-02-20T18:43:51
70108,Bebida de almendra Vilay vainilla 1 L,Vilay,1 un,litro,2450,2450,,False,,$2.450 x litro,$2.450 x litro,https://www.unimarc.cl/bebida-de-almendra-vilay-1-lt-vainilla/p,https://unimarc.vtexassets.com/arquivos/ids/231976/000000000645337001-UN-01.jpg?v=638103347317300000,Bebidas vegetales,Bebidas vegetales,https://www.unimarc.cl/category/lacteos-huevos-y-refrigerados/bebidas-vegetales,https://www.unimarc.cl/_next/data/0ucQ92dO_m9T9joH0FjVV/category/lacteos-huevos-y-refrigerados/bebidas-vegetales.json?categories=lacteos-huevos-y-refrigerados&categories=bebidas-vegetales,2026-02-20T18:43:51
91653,Bebida vegetal Loncoleche avena chocolate 1 L,Loncoleche,1 un,litro,2890,2890,,False,,$2.890 x litro,$2.890 x litro,https://www.unimarc.cl/alim-veg-loncoleche-1l/p,https://unimarc.vtexassets.com/arquivos/ids/249919/000000000650026003-UN-01.jpg?v=638866372730000000,Bebidas vegetales,Bebidas vegetales,https://www.unimarc.cl/category/lacteos-huevos-y-refrigerados/bebidas-vegetales,https://www.unimarc.cl/_next/data/0ucQ92dO_m9T9joH0FjVV/category/lacteos-huevos-y-refrigerados/bebidas-vegetales.json?categories=lacteos-huevos-y-refrigerados&categories=bebidas-vegetales,2026-02-20T18:43:51
70107,Bebida de arroz Vilay chocolate 1 L,Vilay,1 un,litro,2450,2450,,False,,$2.450 x litro,$2.450 x litro,https://www.unimarc.cl/bebida-de-arroz-vilay-1-lt-chocolate/p,https://unimarc.vtexassets.com/arquivos/ids/231975/000000000645336002-UN-01.jpg?v=638103346822470000,Bebidas vegetales,Bebidas vegetales,https://www.unimarc.cl/category/lacteos-huevos-y-refrigerados/bebidas-vegetales,https://www.unimarc.cl/_next/data/0ucQ92dO_m9T9joH0FjVV/category/lacteos-huevos-y-refrigerados/bebidas-vegetales.json?categories=lacteos-huevos-y-refrigerados&categories=bebidas-vegetales,2026-02-20T18:43:51
75406,Bebida vegetal Loncoleche avena chocolate 1 L,Loncoleche,1 un,litro,2890,2890,,False,,$2.890 x litro,$2.890 x litro,https://www.unimarc.cl/alim-veg-loncoleche-1l-avena/p,https://unimarc.vtexassets.com/arquivos/ids/227501/000000000650026001-UN-01.jpg?v=637909061460200000,Bebidas vegetales,Bebidas vegetales,https://www.unimarc.cl/category/lacteos-huevos-y-refrigerados/bebidas-vegetales,https://www.unimarc.cl/_next/data/0ucQ92dO_m9T9joH0FjVV/category/lacteos-huevos-y-refrigerados/bebidas-vegetales.json?categories=lacteos-huevos-y-refrigerados&categories=bebidas-vegetales,2026-02-20T18:43:51
70093,Bebida de almendra Vilay chocolate 1 L,Vilay,1 un,litro,2450,2450,,False,,$2.450 x litro,$2.450 x litro,https://www.unimarc.cl/bebida-de-almendra-vilay-1-lt-chocolate/p,https://unimarc.vtexassets.com/arquivos/ids/231979/000000000645337004-UN-01.jpg?v=638103349570830000,Bebidas vegetales,Bebidas vegetales,https://www.unimarc.cl/category/lacteos-huevos-y-refrigerados/bebidas-vegetales,https://www.unimarc.cl/_next/data/0ucQ92dO_m9T9joH0FjVV/category/lacteos-huevos-y-refrigerados/bebidas-vegetales.json?categories=lacteos-huevos-y-refrigerados&categories=bebidas-vegetales,2026-02-20T18:43:51
66828,Bebida vegetal Not Milk chocolate 1 L,Not Milk,1 un,litro,2950,2950,,False,,$2.950 x litro,$2.950 x litro,https://www.unimarc.cl/bebida-vegetal-not-milk-chocolate-1-lt/p,https://unimarc.vtexassets.com/arquivos/ids/254539/000000000000641349-UN-01.jpg?v=639026352754670000,Bebidas vegetales,Bebidas vegetales,https://www.unimarc.cl/category/lacteos-huevos-y-refrigerados/bebidas-vegetales,https://www.unimarc.cl/_next/data/0ucQ92dO_m9T9joH0FjVV/category/lacteos-huevos-y-refrigerados/bebidas-vegetales.json?categories=lacteos-huevos-y-refrigerados&categories=bebidas-vegetales,2026-02-20T18:43:51
70103,Bebida de almendras Vilay original 200 ml,Vilay,1 un,litro,890,890,,False,,$4.450 x litro,$4.450 x litro,https://www.unimarc.cl/bebida-de-almendra-vilay-200-m-original/p,https://unimarc.vtexassets.com/arquivos/ids/233229/000000000645334002-UN-01.jpg?v=638194196216130000,Bebidas vegetales,Bebidas vegetales,https://www.unimarc.cl/category/lacteos-huevos-y-refrigerados/bebidas-vegetales,https://www.unimarc.cl/_next/data/0ucQ92dO_m9T9joH0FjVV/category/lacteos-huevos-y-refrigerados/bebidas-vegetales.json?categories=lacteos-huevos-y-refrigerados&categories=bebidas-vegetales,2026-02-20T18:43:51
70092,Bebida de arroz Vilay original 1 L,Vilay,1 un,litro,2450,2450,,False,,$2.450 x litro,$2.450 x litro,https://www.unimarc.cl/bebida-de-arroz-vilay-1-lt-original/p,https://unimarc.vtexassets.com/arquivos/ids/231974/000000000645336001-UN-01.jpg?v=638103340935230000,Bebidas vegetales,Bebidas vegetales,https://www.unimarc.cl/category/lacteos-huevos-y-refrigerados/bebidas-vegetales,https://www.unimarc.cl/_next/data/0ucQ92dO_m9T9joH0FjVV/category/lacteos-huevos-y-refrigerados/bebidas-vegetales.json?categories=lacteos-huevos-y-refrigerados&categories=bebidas-vegetales,2026-02-20T18:43:51
84753,Not shake chocolate proteína notco 250 ml,Not Milk,1 un,litro,1790,1790,,False,,$7.160 x litro,$7.160 x litro,https://www.unimarc.cl/beb-vegetal-notmilk-250ml-chocolate/p,https://unimarc.vtexassets.com/arquivos/ids/245861/000000000665372001-UN-01.jpg?v=638694504383800000,Bebidas vegetales,Bebidas vegetales,https://www.unimarc.cl/category/lacteos-huevos-y-refrigerados/bebidas-vegetales,https://www.unimarc.cl/_next/data/0ucQ92dO_m9T9joH0FjVV/category/lacteos-huevos-y-refrigerados/bebidas-vegetales.json?categories=lacteos-huevos-y-refrigerados&categories=bebidas-vegetales,2026-02-20T18:43:51
70102,Bebida de arroz Vilay chocolate 200 ml,Vilay,1 un,litro,890,890,,False,,$4.450 x litro,$4.450 x litro,https://www.unimarc.cl/bebida-de-arroz-vilay-200-ml-chocolate/p,https://unimarc.vtexassets.com/arquivos/ids/233230/000000000645333001-UN-01.jpg?v=638194197085830000,Bebidas vegetales,Bebidas vegetales,https://www.unimarc.cl/category/lacteos-huevos-y-refrigerados/bebidas-vegetales,https://www.unimarc.cl/_next/data/0ucQ92dO_m9T9joH0FjVV/category/lacteos-huevos-y-refrigerados/bebidas-vegetales.json?categories=lacteos-huevos-y-refrigerados&categories=bebidas-vegetales,2026-02-20T18:43:51
96610,Bebida vegetal Orasi barista soya 500 ml,Orasi,1 un,litro,1990,1990,,False,,$3.980 x litro,$3.980 x litro,https://www.unimarc.cl/bebida-veg-barista-soya-orasi-500ml/p,https://unimarc.vtexassets.com/arquivos/ids/255907/000000000000696083-UN-01.jpg?v=639053852770530000,Bebidas vegetales,Bebidas vegetales,https://www.unimarc.cl/category/lacteos-huevos-y-refrigerados/bebidas-vegetales,https://www.unimarc.cl/_next/data/0ucQ92dO_m9T9joH0FjVV/category/lacteos-huevos-y-refrigerados/bebidas-vegetales.json?categories=lacteos-huevos-y-refrigerados&categories=bebidas-vegetales,2026-02-20T18:43:51
70090,Bebida de coco Vilay original 1 L,Vilay,1 un,litro,2450,2450,,False,,$2.450 x litro,$2.450 x litro,https://www.unimarc.cl/bebida-de-coco-vilay-1-lt-original/p,https://unimarc.vtexassets.com/arquivos/ids/194749/000000000645335002-UN-01.jpg?v=637249964500930000,Bebidas vegetales,Bebidas vegetales,https://www.unimarc.cl/category/lacteos-huevos-y-refrigerados/bebidas-vegetales,https://www.unimarc.cl/_next/data/0ucQ92dO_m9T9joH0FjVV/category/lacteos-huevos-y-refrigerados/bebidas-vegetales.json?categories=lacteos-huevos-y-refrigerados&categories=bebidas-vegetales,2026-02-20T18:43:51
96609,Bebida vegetal de almendras Orasí 1 L,Orasi,1 un,litro,3290,3290,,False,,$3 x litro,$3 x litro,https://www.unimarc.cl/bebida-de-almendra-orasi-1-lt/p,https://unimarc.vtexassets.com/arquivos/ids/256062/000000000000695614-UN-01.jpg?v=639065276870330000,Bebidas vegetales,Bebidas vegetales,https://www.unimarc.cl/category/lacteos-huevos-y-refrigerados/bebidas-vegetales,https://www.unimarc.cl/_next/data/0ucQ92dO_m9T9joH0FjVV/category/lacteos-huevos-y-refrigerados/bebidas-vegetales.json?categories=lacteos-huevos-y-refrigerados&categories=bebidas-vegetales,2026-02-20T18:43:51
