sku;name;brand;net_content;unit;price;list_price;discount_price;in_offer;saving_text;ppum;ppum_list_price;detail_url;image_url;group_name;category_name;category_url;source_next_data_url;extracted_at
1741;Helado Savory cassata brick 1 L;Savory;1 un;litro;2890;3690;2890;True;Ahorras $800;$2.890 x litro;$3.690 x litro;https://www.unimarc.cl/helado-savory-casata-brick-trisabor-1-l/p;https://unimarc.vtexassets.com/arquivos/ids/210354/000000000400273002-UN-01.jpg?v=637503946414300000;Hielo, helados y postres;Helados cremosos;https://www.unimarc.cl/category/congelados/hielo-helados-y-postres/helados-cremosos;https://www.unimarc.cl/_next/data/0ucQ92dO_m9T9joH0FjVV/category/congelados/hielo-helados-y-postres/helados-cremosos.json?categories=congelados&categories=hielo-helados-y-postres&categories=helados-cremosos;2026-03-09T19:16:43
7242;Helado Savory chocolate suizo cassata 1 L;Savory;1 un;litro;2890;3690;2890;True;Ahorras $800;$2.890 x litro;$3.690 x litro;https://www.unimarc.cl/helado-savory-especial-chocolate-suizo/p;https://unimarc.vtexassets.com/arquivos/ids/210397/000000000400275013-UN-01.jpg?v=637504040978930000;Hielo, helados y postres;Helados cremosos;https://www.unimarc.cl/category/congelados/hielo-helados-y-postres/helados-cremosos;https://www.unimarc.cl/_next/data/0ucQ92dO_m9T9joH0FjVV/category/congelados/hielo-helados-y-postres/helados-cremosos.json?categories=congelados&categories=hielo-helados-y-postres&categories=helados-cremosos;2026-03-09T19:16:43
74824;Helado Savory chocolate suizo y frutos del bosque 1 L;Savory;1 un;litro;2890;3690;2890;True;Ahorras $800;$2.890 x litro;$3.690 x litro;https://www.unimarc.cl/helado-savory-1-lt-frutos-choco-suizo/p;https://unimarc.vtexassets.com/arquivos/ids/210345/000000000400273011-UN-01.jpg?v=637503937193800000;Hielo, helados y postres;Helados cremosos;https://www.unimarc.cl/category/congelados/hielo-helados-y-postres/helados-cremosos;https://www.unimarc.cl/_next/data/0ucQ92dO_m9T9joH0FjVV/category/congelados/hielo-helados-y-postres/helados-cremosos.json?categories=congelados&categories=hielo-helados-y-postres&categories=helados-cremosos;2026-03-09T19:16:43
7241;Helado Savory pasas al ron cassata 1 L;Savory;1 un;litro;2890;3690;2890;True;Ahorras $800;$2.890 x litro;$3.690 x litro;https://www.unimarc.cl/helado-savory-especial-1-lt-pasas-ron/p;https://unimarc.vtexassets.com/arquivos/ids/210366/000000000400275012-UN-01.jpg?v=637503960677530000;Hielo, helados y postres;Helados cremosos;https://www.unimarc.cl/category/congelados/hielo-helados-y-postres/helados-cremosos;https://www.unimarc.cl/_next/data/0ucQ92dO_m9T9joH0FjVV/category/congelados/hielo-helados-y-postres/helados-cremosos.json?categories=congelados&categories=hielo-helados-y-postres&categories=helados-cremosos;2026-03-09T19:16:43
7240;Helado Savory chirimoya alegre cassata 1 L;Savory;1 un;litro;2890;3690;2890;True;Ahorras $800;$2.890 x litro;$3.690 x litro;https://www.unimarc.cl/helado-savory-especial-chirimoya-alegre/p;https://unimarc.vtexassets.com/arquivos/ids/210357/000000000400275011-UN-01.jpg?v=637503949433630000;Hielo, helados y postres;Helados cremosos;https://www.unimarc.cl/category/congelados/hielo-helados-y-postres/helados-cremosos;https://www.unimarc.cl/_next/data/0ucQ92dO_m9T9joH0FjVV/category/congelados/hielo-helados-y-postres/helados-cremosos.json?categories=congelados&categories=hielo-helados-y-postres&categories=helados-cremosos;2026-03-09T19:16:43
1742;Helado Savory vainilla 1 L;Savory;1 un;litro;2890;3690;2890;True;Ahorras $800;$2.890 x litro;$3.690 x litro;https://www.unimarc.cl/helado-savory-vainilla-1-l/p;https://unimarc.vtexassets.com/arquivos/ids/210375/000000000400273003-UN-01.jpg?v=637503968438130000;Hielo, helados y postres;Helados cremosos;https://www.unimarc.cl/category/congelados/hielo-helados-y-postres/helados-cremosos;https://www.unimarc.cl/_next/data/0ucQ92dO_m9T9joH0FjVV/category/congelados/hielo-helados-y-postres/helados-cremosos.json?categories=congelados&categories=hielo-helados-y-postres&categories=helados-cremosos;2026-03-09T19:16:43
86417;Helado Chamonix chocolate, manjar y flan vainilla 2.5 L;Chamonix;1 un;litro;4690;5790;4690;True;Ahorras $1.100;$1.876 x litro;$2.316 x litro;https://www.unimarc.cl/hel-chamonix-2-5l-choco-manj-flan-vaini/p;https://unimarc.vtexassets.com/arquivos/ids/236932/000000000661883006-UN-01.jpg?v=638392224062900000;Hielo, helados y postres;Helados cremosos;https://www.unimarc.cl/category/congelados/hielo-helados-y-postres/helados-cremosos;https://www.unimarc.cl/_next/data/0ucQ92dO_m9T9joH0FjVV/category/congelados/hielo-helados-y-postres/helados-cremosos.json?categories=congelados&categories=hielo-helados-y-postres&categories=helados-cremosos;2026-03-09T19:16:43
1744;Helado Savory tres leches cassata 1 L;Savory;1 un;litro;2890;3690;2890;True;Ahorras $800;$2.890 x litro;$3.690 x litro;https://www.unimarc.cl/helado-savory-tres-leches-1-l/p;https://unimarc.vtexassets.com/arquivos/ids/210379/000000000400275001-UN-01.jpg?v=637503972225300000;Hielo, helados y postres;Helados cremosos;https://www.unimarc.cl/category/congelados/hielo-helados-y-postres/helados-cremosos;https://www.unimarc.cl/_next/data/0ucQ92dO_m9T9joH0FjVV/category/congelados/hielo-helados-y-postres/helados-cremosos.json?categories=congelados&categories=hielo-helados-y-postres&categories=helados-cremosos;2026-03-09T19:16:43
82052;Helado Chamonix edición limitada piña 2.5 L;Chamonix;1 un;litro;4690;5790;4690;True;Ahorras $1.100;$1.876 x litro;$2.316 x litro;https://www.unimarc.cl/helado-edic-ltda-chamonix-2-5l-pina/p;https://unimarc.vtexassets.com/arquivos/ids/231570/000000000655896002-UN-01.jpg?v=638072776232670000;Hielo, helados y postres;Helados cremosos;https://www.unimarc.cl/category/congelados/hielo-helados-y-postres/helados-cremosos;https://www.unimarc.cl/_next/data/0ucQ92dO_m9T9joH0FjVV/category/congelados/hielo-helados-y-postres/helados-cremosos.json?categories=congelados&categories=hielo-helados-y-postres&categories=helados-cremosos;2026-03-09T19:16:43
81332;Helado Chamonix trisabor 2.5 L;Chamonix;1 un;litro;4690;5790;4690;True;Ahorras $1.100;$1.876 x litro;$2.316 x litro;https://www.unimarc.cl/helado-edic-ltda-chamonix-2-5l-trisabor/p;https://unimarc.vtexassets.com/arquivos/ids/230646/000000000655896001-UN-01.jpg?v=638042079475370000;Hielo, helados y postres;Helados cremosos;https://www.unimarc.cl/category/congelados/hielo-helados-y-postres/helados-cremosos;https://www.unimarc.cl/_next/data/0ucQ92dO_m9T9joH0FjVV/category/congelados/hielo-helados-y-postres/helados-cremosos.json?categories=congelados&categories=hielo-helados-y-postres&categories=helados-cremosos;2026-03-09T19:16:43
82614;Helado Savory banana split 1 L;Savory;1 un;litro;2890;3690;2890;True;Ahorras $800;$2.890 x litro;$3.690 x litro;https://www.unimarc.cl/helado-savory-1-lt-banana-split/p;https://unimarc.vtexassets.com/arquivos/ids/229587/000000000400273012-UN-01.jpg?v=638000596317700000;Hielo, helados y postres;Helados cremosos;https://www.unimarc.cl/category/congelados/hielo-helados-y-postres/helados-cremosos;https://www.unimarc.cl/_next/data/0ucQ92dO_m9T9joH0FjVV/category/congelados/hielo-helados-y-postres/helados-cremosos.json?categories=congelados&categories=hielo-helados-y-postres&categories=helados-cremosos;2026-03-09T19:16:43
86416;Helado Chamonix tres leches chocolate 2.5 L;Chamonix;1 un;litro;4690;5790;4690;True;Ahorras $1.100;$1.876 x litro;$2.316 x litro;https://www.unimarc.cl/hel-chamonix-2-5l-3-leches-chocolate/p;https://unimarc.vtexassets.com/arquivos/ids/236931/000000000661883005-UN-01.jpg?v=638392224060400000;Hielo, helados y postres;Helados cremosos;https://www.unimarc.cl/category/congelados/hielo-helados-y-postres/helados-cremosos;https://www.unimarc.cl/_next/data/0ucQ92dO_m9T9joH0FjVV/category/congelados/hielo-helados-y-postres/helados-cremosos.json?categories=congelados&categories=hielo-helados-y-postres&categories=helados-cremosos;2026-03-09T19:16:43
12835;Helado Panda trisabor chips 2.5 L;Panda;1 un;litro;4690;5490;4690;True;Ahorras $800;$1.876 x litro;$2.196 x litro;https://www.unimarc.cl/helado-panda-2-5-lt-trisabor-chips/p;https://unimarc.vtexassets.com/arquivos/ids/255064/000000000544382003-UN-01.jpg?v=639039081412500000;Hielo, helados y postres;Helados cremosos;https://www.unimarc.cl/category/congelados/hielo-helados-y-postres/helados-cremosos;https://www.unimarc.cl/_next/data/0ucQ92dO_m9T9joH0FjVV/category/congelados/hielo-helados-y-postres/helados-cremosos.json?categories=congelados&categories=hielo-helados-y-postres&categories=helados-cremosos;2026-03-09T19:16:43
11650;Helado Trendy sabor chocolate Suizo-Frutos del Bosque 2.5 L;Trendy;1 un;litro;5990;5990;;False;;$2.396 x litro;$2.396 x litro;https://www.unimarc.cl/helado-t-chocolate-suizo-frutos-del-bos/p;https://unimarc.vtexassets.com/arquivos/ids/255066/000000000401805003-UN-01.jpg?v=639039082321600000;Hielo, helados y postres;Helados cremosos;https://www.unimarc.cl/category/congelados/hielo-helados-y-postres/helados-cremosos;https://www.unimarc.cl/_next/data/0ucQ92dO_m9T9joH0FjVV/category/congelados/hielo-helados-y-postres/helados-cremosos.json?categories=congelados&categories=hielo-helados-y-postres&categories=helados-cremosos;2026-03-09T19:16:43
89348;Helado Savory sin azúcar frambuesa a la crema 1 L;Savory;1 un;litro;4590;5690;4590;True;Ahorras $1.100;$4.590 x litro;$5.690 x litro;https://www.unimarc.cl/helado-0-azucar-savory-1lt-frambuesa/p;https://unimarc.vtexassets.com/arquivos/ids/244782/000000000668342003-UN-01.jpg?v=638652158864730000;Hielo, helados y postres;Helados cremosos;https://www.unimarc.cl/category/congelados/hielo-helados-y-postres/helados-cremosos;https://www.unimarc.cl/_next/data/0ucQ92dO_m9T9joH0FjVV/category/congelados/hielo-helados-y-postres/helados-cremosos.json?categories=congelados&categories=hielo-helados-y-postres&categories=helados-cremosos;2026-03-09T19:16:43
89349;Helado Mega Savory trío frambuesa pote 450 ml;Savory;1 un;litro;4000;5090;4000;True;Ahorras $1.090;$8.889 x litro;$11.311 x litro;https://www.unimarc.cl/hel-mega-trio-savory-450ml-frambuesa/p;https://unimarc.vtexassets.com/arquivos/ids/244791/000000000671862001-UN-01.jpg?v=638652158895900000;Hielo, helados y postres;Helados cremosos;https://www.unimarc.cl/category/congelados/hielo-helados-y-postres/helados-cremosos;https://www.unimarc.cl/_next/data/0ucQ92dO_m9T9joH0FjVV/category/congelados/hielo-helados-y-postres/helados-cremosos.json?categories=congelados&categories=hielo-helados-y-postres&categories=helados-cremosos;2026-03-09T19:16:43
56048;Helado Sahne-nuss Nestlé 900 ml;Nestle;1 un;litro;5190;6190;5190;True;Ahorras $1.000;$5.767 x litro;$6.878 x litro;https://www.unimarc.cl/helado-cremeria-savory-900-m-sahne-nuss/p;https://unimarc.vtexassets.com/arquivos/ids/198357/000000000636928002-UN-01.jpg?v=637291658063230000;Hielo, helados y postres;Helados cremosos;https://www.unimarc.cl/category/congelados/hielo-helados-y-postres/helados-cremosos;https://www.unimarc.cl/_next/data/0ucQ92dO_m9T9joH0FjVV/category/congelados/hielo-helados-y-postres/helados-cremosos.json?categories=congelados&categories=hielo-helados-y-postres&categories=helados-cremosos;2026-03-09T19:16:43
83296;Postre helado San Francisco 0% azúcar cafe latte 680 g;San Francisco;1 un;Kg;5850;6550;5850;True;Ahorras $700;$8.603 x Kg;$9.632 x Kg;https://www.unimarc.cl/postre-hel-0-azu-s-franc-1l-cafe-latte/p;https://unimarc.vtexassets.com/arquivos/ids/247334/000000000663076001-UN-01.jpg.jpg?v=638772952122970000;Hielo, helados y postres;Helados cremosos;https://www.unimarc.cl/category/congelados/hielo-helados-y-postres/helados-cremosos;https://www.unimarc.cl/_next/data/0ucQ92dO_m9T9joH0FjVV/category/congelados/hielo-helados-y-postres/helados-cremosos.json?categories=congelados&categories=hielo-helados-y-postres&categories=helados-cremosos;2026-03-09T19:16:43
12773;Helado Panda trisabor 2.5 L;Panda;1 un;litro;4690;5490;4690;True;Ahorras $800;$1.876 x litro;$2.196 x litro;https://www.unimarc.cl/helado-panda-2-5-lt-trisabor/p;https://unimarc.vtexassets.com/arquivos/ids/255060/000000000544382001-UN-01.jpg?v=639039077998970000;Hielo, helados y postres;Helados cremosos;https://www.unimarc.cl/category/congelados/hielo-helados-y-postres/helados-cremosos;https://www.unimarc.cl/_next/data/0ucQ92dO_m9T9joH0FjVV/category/congelados/hielo-helados-y-postres/helados-cremosos.json?categories=congelados&categories=hielo-helados-y-postres&categories=helados-cremosos;2026-03-09T19:16:43
89350;Helado Mega Savory trío tres chocolate pote 450 ml;Savory;1 un;litro;4000;5090;4000;True;Ahorras $1.090;$8.889 x litro;$11.311 x litro;https://www.unimarc.cl/hel-mega-trio-savory-450ml-3-chocolates/p;https://unimarc.vtexassets.com/arquivos/ids/244792/000000000671862002-UN-01.jpg?v=638652158898700000;Hielo, helados y postres;Helados cremosos;https://www.unimarc.cl/category/congelados/hielo-helados-y-postres/helados-cremosos;https://www.unimarc.cl/_next/data/0ucQ92dO_m9T9joH0FjVV/category/congelados/hielo-helados-y-postres/helados-cremosos.json?categories=congelados&categories=hielo-helados-y-postres&categories=helados-cremosos;2026-03-09T19:16:43
91433;Helado Trendy suspiros crema frambuesa 1 L;Trendy;1 un;litro;4090;5790;4090;True;Ahorras $1.700;$4.090 x litro;$5.790 x litro;https://www.unimarc.cl/h-suspiros-trendy-1lt-crema-frambuesa/p;https://unimarc.vtexassets.com/arquivos/ids/248666/000000000675467002-UN-01.jpg?v=638822475061400000;Hielo, helados y postres;Helados cremosos;https://www.unimarc.cl/category/congelados/hielo-helados-y-postres/helados-cremosos;https://www.unimarc.cl/_next/data/0ucQ92dO_m9T9joH0FjVV/category/congelados/hielo-helados-y-postres/helados-cremosos.json?categories=congelados&categories=hielo-helados-y-postres&categories=helados-cremosos;2026-03-09T19:16:43
89351;Helado Mega Savory trío dulce de leche pote 450 ml;Savory;1 un;litro;4000;5090;4000;True;Ahorras $1.090;$8.889 x litro;$11.311 x litro;https://www.unimarc.cl/hel-mega-trio-savory-450ml-dulce-leche/p;https://unimarc.vtexassets.com/arquivos/ids/244793/000000000671862003-UN-01.jpg?v=638652158901070000;Hielo, helados y postres;Helados cremosos;https://www.unimarc.cl/category/congelados/hielo-helados-y-postres/helados-cremosos;https://www.unimarc.cl/_next/data/0ucQ92dO_m9T9joH0FjVV/category/congelados/hielo-helados-y-postres/helados-cremosos.json?categories=congelados&categories=hielo-helados-y-postres&categories=helados-cremosos;2026-03-09T19:16:43
91432;Helado Trendy suspiros tres leche 1 L;Trendy;1 un;litro;4090;5790;4090;True;Ahorras $1.700;$4.090 x litro;$5.790 x litro;https://www.unimarc.cl/h-suspiros-trendy-1lt-tres-leches/p;https://unimarc.vtexassets.com/arquivos/ids/248665/000000000675467001-UN-01.jpg?v=638822475059370000;Hielo, helados y postres;Helados cremosos;https://www.unimarc.cl/category/congelados/hielo-helados-y-postres/helados-cremosos;https://www.unimarc.cl/_next/data/0ucQ92dO_m9T9joH0FjVV/category/congelados/hielo-helados-y-postres/helados-cremosos.json?categories=congelados&categories=hielo-helados-y-postres&categories=helados-cremosos;2026-03-09T19:16:43
91434;Helado Trendy suspiros sabor suspiro limeño 1 L;Trendy;1 un;litro;4090;5790;4090;True;Ahorras $1.700;$4.090 x litro;$5.790 x litro;https://www.unimarc.cl/h-suspiros-trendy-1lt-suspiro-limeno/p;https://unimarc.vtexassets.com/arquivos/ids/248667/000000000675467003-UN-01.jpg?v=638822475063730000;Hielo, helados y postres;Helados cremosos;https://www.unimarc.cl/category/congelados/hielo-helados-y-postres/helados-cremosos;https://www.unimarc.cl/_next/data/0ucQ92dO_m9T9joH0FjVV/category/congelados/hielo-helados-y-postres/helados-cremosos.json?categories=congelados&categories=hielo-helados-y-postres&categories=helados-cremosos;2026-03-09T19:16:43
89834;Helado Bresler chocolate, lúcuma y manjar 1.8 L;Bresler;1 un;litro;4890;5750;4890;True;Ahorras $860;$2.717 x litro;$3.194 x litro;https://www.unimarc.cl/helado-bresler-1-8-lt-choc-luc-manj/p;https://unimarc.vtexassets.com/arquivos/ids/253973/000000000672691001-UN-01.jpg?v=639009016053000000;Hielo, helados y postres;Helados cremosos;https://www.unimarc.cl/category/congelados/hielo-helados-y-postres/helados-cremosos;https://www.unimarc.cl/_next/data/0ucQ92dO_m9T9joH0FjVV/category/congelados/hielo-helados-y-postres/helados-cremosos.json?categories=congelados&categories=hielo-helados-y-postres&categories=helados-cremosos;2026-03-09T19:16:43
89837;Helado Bresler sabor vainilla 1.8 L;Bresler;1 un;litro;5190;5750;5190;True;Ahorras $560;$2.883 x litro;$3.194 x litro;https://www.unimarc.cl/helado-bresler-1-8-lt-vainilla/p;https://unimarc.vtexassets.com/arquivos/ids/253979/000000000672691004-UN-01.jpg?v=639009017921470000;Hielo, helados y postres;Helados cremosos;https://www.unimarc.cl/category/congelados/hielo-helados-y-postres/helados-cremosos;https://www.unimarc.cl/_next/data/0ucQ92dO_m9T9joH0FjVV/category/congelados/hielo-helados-y-postres/helados-cremosos.json?categories=congelados&categories=hielo-helados-y-postres&categories=helados-cremosos;2026-03-09T19:16:43
90502;Helado Bresler cremissimo costa rama 900 ml;Bresler;1 un;litro;6290;6290;;False;;$6.989 x litro;$6.989 x litro;https://www.unimarc.cl/helado-cremis-bresler-900ml-costa-rama/p;https://unimarc.vtexassets.com/arquivos/ids/253966/000000000673631002-UN-01.jpg?v=639009008063870000;Hielo, helados y postres;Helados cremosos;https://www.unimarc.cl/category/congelados/hielo-helados-y-postres/helados-cremosos;https://www.unimarc.cl/_next/data/0ucQ92dO_m9T9joH0FjVV/category/congelados/hielo-helados-y-postres/helados-cremosos.json?categories=congelados&categories=hielo-helados-y-postres&categories=helados-cremosos;2026-03-09T19:16:43
82619;Helado Savory chocolate lúcuma 1 L;Savory;1 un;litro;3690;3690;;False;;$3.690 x litro;$3.690 x litro;https://www.unimarc.cl/helado-savory-1-lt-chocolate-lucuma/p;https://unimarc.vtexassets.com/arquivos/ids/229588/000000000400273013-UN-01.jpg?v=638000597434970000;Hielo, helados y postres;Helados cremosos;https://www.unimarc.cl/category/congelados/hielo-helados-y-postres/helados-cremosos;https://www.unimarc.cl/_next/data/0ucQ92dO_m9T9joH0FjVV/category/congelados/hielo-helados-y-postres/helados-cremosos.json?categories=congelados&categories=hielo-helados-y-postres&categories=helados-cremosos;2026-03-09T19:16:43
11648;Helado Trendy sabor tiramisú-tres leches-chocolate chips 2.5 L;Trendy;1 un;litro;5990;5990;;False;;$2.396 x litro;$2.396 x litro;https://www.unimarc.cl/helado-trendy-tiramisu-tres-leches-y-chips-2-5l/p;https://unimarc.vtexassets.com/arquivos/ids/255068/000000000401805001-UN-01.jpg?v=639039083190900000;Hielo, helados y postres;Helados cremosos;https://www.unimarc.cl/category/congelados/hielo-helados-y-postres/helados-cremosos;https://www.unimarc.cl/_next/data/0ucQ92dO_m9T9joH0FjVV/category/congelados/hielo-helados-y-postres/helados-cremosos.json?categories=congelados&categories=hielo-helados-y-postres&categories=helados-cremosos;2026-03-09T19:16:43
5844;Helado Bresler chocolate 1 L;Bresler;1 un;litro;3450;3450;;False;;$3.450 x litro;$3.450 x litro;https://www.unimarc.cl/helado-chocolate-bresler-1-lt/p;https://unimarc.vtexassets.com/arquivos/ids/253989/000000000000607682-UN-01.jpg?v=639009026903800000;Hielo, helados y postres;Helados cremosos;https://www.unimarc.cl/category/congelados/hielo-helados-y-postres/helados-cremosos;https://www.unimarc.cl/_next/data/0ucQ92dO_m9T9joH0FjVV/category/congelados/hielo-helados-y-postres/helados-cremosos.json?categories=congelados&categories=hielo-helados-y-postres&categories=helados-cremosos;2026-03-09T19:16:43
5843;Helado Bresler cassata chocolate frutilla y vainilla 1 L;Bresler;1 un;litro;3450;3450;;False;;$3.450 x litro;$3.450 x litro;https://www.unimarc.cl/helado-trisabor-bresler-1-lt/p;https://unimarc.vtexassets.com/arquivos/ids/253988/000000000000607681-UN-01.jpg?v=639009026340530000;Hielo, helados y postres;Helados cremosos;https://www.unimarc.cl/category/congelados/hielo-helados-y-postres/helados-cremosos;https://www.unimarc.cl/_next/data/0ucQ92dO_m9T9joH0FjVV/category/congelados/hielo-helados-y-postres/helados-cremosos.json?categories=congelados&categories=hielo-helados-y-postres&categories=helados-cremosos;2026-03-09T19:16:43
78948;Helado Trendy brownie vainilla 2.5 L;Trendy;1 un;litro;5990;5990;;False;;$2.396 x litro;$2.396 x litro;https://www.unimarc.cl/helado-trendy-2-5-lt-brownie-vainilla/p;https://unimarc.vtexassets.com/arquivos/ids/255070/000000000652873001-UN-01.jpg?v=639039083878170000;Hielo, helados y postres;Helados cremosos;https://www.unimarc.cl/category/congelados/hielo-helados-y-postres/helados-cremosos;https://www.unimarc.cl/_next/data/0ucQ92dO_m9T9joH0FjVV/category/congelados/hielo-helados-y-postres/helados-cremosos.json?categories=congelados&categories=hielo-helados-y-postres&categories=helados-cremosos;2026-03-09T19:16:43
12942;Helado Trendy lúcuma nuez vainilla con salsa manjar 2.5 L;Trendy;1 un;litro;5990;5990;;False;;$2.396 x litro;$2.396 x litro;https://www.unimarc.cl/helado-trendy-2-5lt-lucuma-nuez/p;https://unimarc.vtexassets.com/arquivos/ids/255072/000000000401805004-UN-01.jpg?v=639039084374600000;Hielo, helados y postres;Helados cremosos;https://www.unimarc.cl/category/congelados/hielo-helados-y-postres/helados-cremosos;https://www.unimarc.cl/_next/data/0ucQ92dO_m9T9joH0FjVV/category/congelados/hielo-helados-y-postres/helados-cremosos.json?categories=congelados&categories=hielo-helados-y-postres&categories=helados-cremosos;2026-03-09T19:16:43
11649;Helado Trendy sabor leche asada-suspiro limeño-arroz con leche 2.5 L;Trendy;1 un;litro;5990;5990;;False;;$2.396 x litro;$2.396 x litro;https://www.unimarc.cl/helado-trend-suspiro-limeno-leche-asada/p;https://unimarc.vtexassets.com/arquivos/ids/255074/000000000401805002-UN-01.jpg?v=639039085050230000;Hielo, helados y postres;Helados cremosos;https://www.unimarc.cl/category/congelados/hielo-helados-y-postres/helados-cremosos;https://www.unimarc.cl/_next/data/0ucQ92dO_m9T9joH0FjVV/category/congelados/hielo-helados-y-postres/helados-cremosos.json?categories=congelados&categories=hielo-helados-y-postres&categories=helados-cremosos;2026-03-09T19:16:43
1263;Bombón helado Chomp Savory frambuesa a la crema 225 ml;Savory;1 un;litro;4290;4290;;False;;$19.067 x litro;$19.067 x litro;https://www.unimarc.cl/helado-chomp-frambuesa-savory-225-ml/p;https://unimarc.vtexassets.com/arquivos/ids/229577/000000000000608227-UN-01.jpg?v=638000567032200000;Hielo, helados y postres;Helados cremosos;https://www.unimarc.cl/category/congelados/hielo-helados-y-postres/helados-cremosos;https://www.unimarc.cl/_next/data/0ucQ92dO_m9T9joH0FjVV/category/congelados/hielo-helados-y-postres/helados-cremosos.json?categories=congelados&categories=hielo-helados-y-postres&categories=helados-cremosos;2026-03-09T19:16:43
1264;Bombón helado Sahne Nuss chocolate 225 ml;Savory;1 un;litro;4290;4290;;False;;$19.067 x litro;$19.067 x litro;https://www.unimarc.cl/helado-chomp-sahne-nuss-savory-225-ml/p;https://unimarc.vtexassets.com/arquivos/ids/229579/000000000000608228-UN-01.jpg?v=638000568498330000;Hielo, helados y postres;Helados cremosos;https://www.unimarc.cl/category/congelados/hielo-helados-y-postres/helados-cremosos;https://www.unimarc.cl/_next/data/0ucQ92dO_m9T9joH0FjVV/category/congelados/hielo-helados-y-postres/helados-cremosos.json?categories=congelados&categories=hielo-helados-y-postres&categories=helados-cremosos;2026-03-09T19:16:43
74191;Helado Trendy oreo 1 L;Trendy;1 un;litro;5990;5990;;False;;$5.990 x litro;$5.990 x litro;https://www.unimarc.cl/helado-oreo-trendy-1-lt/p;https://unimarc.vtexassets.com/arquivos/ids/246787/000000000000648785-UN-01.jpg.jpg?v=638750539592700000;Hielo, helados y postres;Helados cremosos;https://www.unimarc.cl/category/congelados/hielo-helados-y-postres/helados-cremosos;https://www.unimarc.cl/_next/data/0ucQ92dO_m9T9joH0FjVV/category/congelados/hielo-helados-y-postres/helados-cremosos.json?categories=congelados&categories=hielo-helados-y-postres&categories=helados-cremosos;2026-03-09T19:16:43
90501;Helado Bresler cremissimo almendrado 900 ml;Bresler;1 un;litro;6290;6290;;False;;$6.989 x litro;$6.989 x litro;https://www.unimarc.cl/helado-cremis-bresler-900ml-almendrado/p;https://unimarc.vtexassets.com/arquivos/ids/253965/000000000673631001-UN-01.jpg?v=639009007073130000;Hielo, helados y postres;Helados cremosos;https://www.unimarc.cl/category/congelados/hielo-helados-y-postres/helados-cremosos;https://www.unimarc.cl/_next/data/0ucQ92dO_m9T9joH0FjVV/category/congelados/hielo-helados-y-postres/helados-cremosos.json?categories=congelados&categories=hielo-helados-y-postres&categories=helados-cremosos;2026-03-09T19:16:43
55222;Postre helado Magnum chocolate almendra 900 ml;Magnum;1 un;litro;7590;7590;;False;;$8.433 x litro;$8.433 x litro;https://www.unimarc.cl/postre-helado-magnum-900-choc-almendra/p;https://unimarc.vtexassets.com/arquivos/ids/253991/000000000400555015-UN-01.jpg?v=639009027960970000;Hielo, helados y postres;Helados cremosos;https://www.unimarc.cl/category/congelados/hielo-helados-y-postres/helados-cremosos;https://www.unimarc.cl/_next/data/0ucQ92dO_m9T9joH0FjVV/category/congelados/hielo-helados-y-postres/helados-cremosos.json?categories=congelados&categories=hielo-helados-y-postres&categories=helados-cremosos;2026-03-09T19:16:43
83289;Helado tento cookies and cream 1.4 L;Tento;1 un;litro;6990;6990;;False;;$4.993 x litro;$4.993 x litro;https://www.unimarc.cl/helado-tento-1-4-lt-cookies-cream/p;https://unimarc.vtexassets.com/arquivos/ids/231800/000000000662940004-UN-01.jpg?v=638086033108670000;Hielo, helados y postres;Helados cremosos;https://www.unimarc.cl/category/congelados/hielo-helados-y-postres/helados-cremosos;https://www.unimarc.cl/_next/data/0ucQ92dO_m9T9joH0FjVV/category/congelados/hielo-helados-y-postres/helados-cremosos.json?categories=congelados&categories=hielo-helados-y-postres&categories=helados-cremosos;2026-03-09T19:16:43
5845;Helado Bresler vainilla 1 L;Bresler;1 un;litro;3450;3450;;False;;$3.450 x litro;$3.450 x litro;https://www.unimarc.cl/helado-vainilla-bresler-1-lt/p;https://unimarc.vtexassets.com/arquivos/ids/253990/000000000000607683-UN-01.jpg?v=639009027390930000;Hielo, helados y postres;Helados cremosos;https://www.unimarc.cl/category/congelados/hielo-helados-y-postres/helados-cremosos;https://www.unimarc.cl/_next/data/0ucQ92dO_m9T9joH0FjVV/category/congelados/hielo-helados-y-postres/helados-cremosos.json?categories=congelados&categories=hielo-helados-y-postres&categories=helados-cremosos;2026-03-09T19:16:43
89433;Helado Savory piña colada 1 L;Savory;1 un;litro;3690;3690;;False;;$3.690 x litro;$3.690 x litro;https://www.unimarc.cl/helado-savory-1lt-pina-colada/p;https://unimarc.vtexassets.com/arquivos/ids/245081/000000000400273014-UN-01.jpg?v=638663476448100000;Hielo, helados y postres;Helados cremosos;https://www.unimarc.cl/category/congelados/hielo-helados-y-postres/helados-cremosos;https://www.unimarc.cl/_next/data/0ucQ92dO_m9T9joH0FjVV/category/congelados/hielo-helados-y-postres/helados-cremosos.json?categories=congelados&categories=hielo-helados-y-postres&categories=helados-cremosos;2026-03-09T19:16:43
90504;Helado Bresler cremissimo orly berries 900 ml;Bresler;1 un;litro;6290;6290;;False;;$6.989 x litro;$6.989 x litro;https://www.unimarc.cl/helado-cremis-bresler-900m-orly-berries/p;https://unimarc.vtexassets.com/arquivos/ids/253972/000000000673631004-UN-01.jpg?v=639009015387670000;Hielo, helados y postres;Helados cremosos;https://www.unimarc.cl/category/congelados/hielo-helados-y-postres/helados-cremosos;https://www.unimarc.cl/_next/data/0ucQ92dO_m9T9joH0FjVV/category/congelados/hielo-helados-y-postres/helados-cremosos.json?categories=congelados&categories=hielo-helados-y-postres&categories=helados-cremosos;2026-03-09T19:16:43
90503;Helado Bresler cremissimo mecano 900 ml;Bresler;1 un;litro;6290;6290;;False;;$6.989 x litro;$6.989 x litro;https://www.unimarc.cl/helado-cremis-bresler-900ml-mecano/p;https://unimarc.vtexassets.com/arquivos/ids/253971/000000000673631003-UN-01.jpg?v=639009014850430000;Hielo, helados y postres;Helados cremosos;https://www.unimarc.cl/category/congelados/hielo-helados-y-postres/helados-cremosos;https://www.unimarc.cl/_next/data/0ucQ92dO_m9T9joH0FjVV/category/congelados/hielo-helados-y-postres/helados-cremosos.json?categories=congelados&categories=hielo-helados-y-postres&categories=helados-cremosos;2026-03-09T19:16:43
50392;Helado Yogen Fruz berries 800 ml;Yogen Fruz;1 un;litro;6990;6990;;False;;$8.738 x litro;$8.738 x litro;https://www.unimarc.cl/helado-yogen-fruz-800g-berries/p;https://unimarc.vtexassets.com/arquivos/ids/182376/000000000630698003-UN.jpg?v=636828117346200000;Hielo, helados y postres;Helados cremosos;https://www.unimarc.cl/category/congelados/hielo-helados-y-postres/helados-cremosos;https://www.unimarc.cl/_next/data/0ucQ92dO_m9T9joH0FjVV/category/congelados/hielo-helados-y-postres/helados-cremosos.json?categories=congelados&categories=hielo-helados-y-postres&categories=helados-cremosos;2026-03-09T19:16:43
83284;Helado tento creamy berries 1.4 L;Tento;1 un;litro;6990;6990;;False;;$4.993 x litro;$4.993 x litro;https://www.unimarc.cl/helado-tento-1-4-lt-creamy-berries/p;https://unimarc.vtexassets.com/arquivos/ids/231801/000000000662939001-UN-01.jpg?v=638086046526700000;Hielo, helados y postres;Helados cremosos;https://www.unimarc.cl/category/congelados/hielo-helados-y-postres/helados-cremosos;https://www.unimarc.cl/_next/data/0ucQ92dO_m9T9joH0FjVV/category/congelados/hielo-helados-y-postres/helados-cremosos.json?categories=congelados&categories=hielo-helados-y-postres&categories=helados-cremosos;2026-03-09T19:16:43
83288;Helado tento creamy vainilla 1.4 L;Tento;1 un;litro;6990;6990;;False;;$4.993 x litro;$4.993 x litro;https://www.unimarc.cl/helado-tento-1-4-lt-creamy-vanilla/p;https://unimarc.vtexassets.com/arquivos/ids/231803/000000000662940003-UN-01.jpg?v=638086048953700000;Hielo, helados y postres;Helados cremosos;https://www.unimarc.cl/category/congelados/hielo-helados-y-postres/helados-cremosos;https://www.unimarc.cl/_next/data/0ucQ92dO_m9T9joH0FjVV/category/congelados/hielo-helados-y-postres/helados-cremosos.json?categories=congelados&categories=hielo-helados-y-postres&categories=helados-cremosos;2026-03-09T19:16:43
83286;Helado tento creamy caramel 1.4 L;Tento;1 un;litro;6990;6990;;False;;$4.993 x litro;$4.993 x litro;https://www.unimarc.cl/helado-tento-1-4-lt-creamy-caramel/p;https://unimarc.vtexassets.com/arquivos/ids/231802/000000000662940001-UN-01.jpg?v=638086047766800000;Hielo, helados y postres;Helados cremosos;https://www.unimarc.cl/category/congelados/hielo-helados-y-postres/helados-cremosos;https://www.unimarc.cl/_next/data/0ucQ92dO_m9T9joH0FjVV/category/congelados/hielo-helados-y-postres/helados-cremosos.json?categories=congelados&categories=hielo-helados-y-postres&categories=helados-cremosos;2026-03-09T19:16:43
50390;Helado Yogen Fruz frambuesa 800 ml;Yogen Fruz;1 un;litro;6990;6990;;False;;$8.738 x litro;$8.738 x litro;https://www.unimarc.cl/helado-yogen-fruz-800g-frambuesa/p;https://unimarc.vtexassets.com/arquivos/ids/182378/000000000630698001-UN.jpg?v=636828164817030000;Hielo, helados y postres;Helados cremosos;https://www.unimarc.cl/category/congelados/hielo-helados-y-postres/helados-cremosos;https://www.unimarc.cl/_next/data/0ucQ92dO_m9T9joH0FjVV/category/congelados/hielo-helados-y-postres/helados-cremosos.json?categories=congelados&categories=hielo-helados-y-postres&categories=helados-cremosos;2026-03-09T19:16:43
55220;Postre helado Magnum blanco frambuesa 900 ml;Magnum;1 un;litro;7590;7590;;False;;$8.433 x litro;$8.433 x litro;https://www.unimarc.cl/postre-helado-magnum-9-blanco-frambuesa/p;https://unimarc.vtexassets.com/arquivos/ids/253987/000000000400555013-UN-01.jpg?v=639009025350100000;Hielo, helados y postres;Helados cremosos;https://www.unimarc.cl/category/congelados/hielo-helados-y-postres/helados-cremosos;https://www.unimarc.cl/_next/data/0ucQ92dO_m9T9joH0FjVV/category/congelados/hielo-helados-y-postres/helados-cremosos.json?categories=congelados&categories=hielo-helados-y-postres&categories=helados-cremosos;2026-03-09T19:16:43
74190;Helado Trendy milka 1 L;Trendy;1 un;litro;5990;5990;;False;;$5.990 x litro;$5.990 x litro;https://www.unimarc.cl/helado-milka-trendy-1-lt/p;https://unimarc.vtexassets.com/arquivos/ids/246788/000000000000648784-UN-01.jpg.jpg?v=638750539903200000;Hielo, helados y postres;Helados cremosos;https://www.unimarc.cl/category/congelados/hielo-helados-y-postres/helados-cremosos;https://www.unimarc.cl/_next/data/0ucQ92dO_m9T9joH0FjVV/category/congelados/hielo-helados-y-postres/helados-cremosos.json?page=2&categories=congelados&categories=hielo-helados-y-postres&categories=helados-cremosos;2026-03-09T19:16:50
91038;Helado Freddo tableta dulce de leche 300 g;Freddo;1 un;Kg;9990;9990;;False;;$33.300 x Kg;$33.300 x Kg;https://www.unimarc.cl/hel-tableta-freddo-300g-dulce-de-leche-2/p;https://unimarc.vtexassets.com/arquivos/ids/247460/000000000674982002-UN-01.jpg.jpg?v=638775639868030000;Hielo, helados y postres;Helados cremosos;https://www.unimarc.cl/category/congelados/hielo-helados-y-postres/helados-cremosos;https://www.unimarc.cl/_next/data/0ucQ92dO_m9T9joH0FjVV/category/congelados/hielo-helados-y-postres/helados-cremosos.json?page=2&categories=congelados&categories=hielo-helados-y-postres&categories=helados-cremosos;2026-03-09T19:16:50
50393;Helado Yogen Fruz chocolate naranja 800 ml;Yogen Fruz;1 un;litro;6990;6990;;False;;$8.738 x litro;$8.738 x litro;https://www.unimarc.cl/helado-yogen-fruz-800g-chocolate-nara/p;https://unimarc.vtexassets.com/arquivos/ids/182375/000000000630698004-UN.jpg?v=636828116282430000;Hielo, helados y postres;Helados cremosos;https://www.unimarc.cl/category/congelados/hielo-helados-y-postres/helados-cremosos;https://www.unimarc.cl/_next/data/0ucQ92dO_m9T9joH0FjVV/category/congelados/hielo-helados-y-postres/helados-cremosos.json?page=2&categories=congelados&categories=hielo-helados-y-postres&categories=helados-cremosos;2026-03-09T19:16:50
89835;Helado Bresler sabor chocolate 1.8 L;Bresler;1 un;litro;4890;5750;4890;True;Ahorras $860;$2.717 x litro;$3.194 x litro;https://www.unimarc.cl/helado-bresler-1-8-lt-chocolate/p;https://unimarc.vtexassets.com/arquivos/ids/253975/000000000672691002-UN-01.jpg?v=639009016825100000;Hielo, helados y postres;Helados cremosos;https://www.unimarc.cl/category/congelados/hielo-helados-y-postres/helados-cremosos;https://www.unimarc.cl/_next/data/0ucQ92dO_m9T9joH0FjVV/category/congelados/hielo-helados-y-postres/helados-cremosos.json?page=2&categories=congelados&categories=hielo-helados-y-postres&categories=helados-cremosos;2026-03-09T19:16:50
89836;Helado Bresler chocolate, frutilla y vainilla 1.8 L;Bresler;1 un;litro;5190;5750;5190;True;Ahorras $560;$2.883 x litro;$3.194 x litro;https://www.unimarc.cl/helado-bresler-1-8-lt-choc-frut-vain/p;https://unimarc.vtexassets.com/arquivos/ids/253977/000000000672691003-UN-01.jpg?v=639009017435630000;Hielo, helados y postres;Helados cremosos;https://www.unimarc.cl/category/congelados/hielo-helados-y-postres/helados-cremosos;https://www.unimarc.cl/_next/data/0ucQ92dO_m9T9joH0FjVV/category/congelados/hielo-helados-y-postres/helados-cremosos.json?page=2&categories=congelados&categories=hielo-helados-y-postres&categories=helados-cremosos;2026-03-09T19:16:50
93941;Helado sabor cookies and cream Freddo 320gr;Freddo;1 un;Kg;7690;7690;;False;;$24.031 x Kg;$24.031 x Kg;https://www.unimarc.cl/helado-freddo-cookies-cream-320gr/p;https://unimarc.vtexassets.com/arquivos/ids/254067/000000000000688007-UN-01.jpg?v=639013961223730000;Hielo, helados y postres;Helados cremosos;https://www.unimarc.cl/category/congelados/hielo-helados-y-postres/helados-cremosos;https://www.unimarc.cl/_next/data/0ucQ92dO_m9T9joH0FjVV/category/congelados/hielo-helados-y-postres/helados-cremosos.json?page=2&categories=congelados&categories=hielo-helados-y-postres&categories=helados-cremosos;2026-03-09T19:16:50
91037;Helado Freddo tableta crema americana 300 g;Freddo;1 un;Kg;9990;9990;;False;;$33.300 x Kg;$33.300 x Kg;https://www.unimarc.cl/hel-tableta-freddo-300g-crema-americana-2/p;https://unimarc.vtexassets.com/arquivos/ids/247498/000000000674982001-UN-01.jpg?v=638775643094100000;Hielo, helados y postres;Helados cremosos;https://www.unimarc.cl/category/congelados/hielo-helados-y-postres/helados-cremosos;https://www.unimarc.cl/_next/data/0ucQ92dO_m9T9joH0FjVV/category/congelados/hielo-helados-y-postres/helados-cremosos.json?page=2&categories=congelados&categories=hielo-helados-y-postres&categories=helados-cremosos;2026-03-09T19:16:50
96792;Helado clásico de chocolate Magnum 90ml;Magnum;1 un;litro;2500;2500;;False;;$27.778 x litro;$27.778 x litro;https://www.unimarc.cl/helado-clasico-magnum-90ml/p;https://unimarc.vtexassets.com/arquivos/ids/256332/000000000000698821-UN-01.jpg?v=639077695464170000;Hielo, helados y postres;Helados cremosos;https://www.unimarc.cl/category/congelados/hielo-helados-y-postres/helados-cremosos;https://www.unimarc.cl/_next/data/0ucQ92dO_m9T9joH0FjVV/category/congelados/hielo-helados-y-postres/helados-cremosos.json?page=2&categories=congelados&categories=hielo-helados-y-postres&categories=helados-cremosos;2026-03-09T19:16:50
96793;Helado de cookies y cream Magnum 90ml;Magnum;1 un;litro;2500;2500;;False;;$27.778 x litro;$27.778 x litro;https://www.unimarc.cl/helado-cookies-cream-magnum-90ml/p;https://unimarc.vtexassets.com/arquivos/ids/256333/000000000000698822-UN-01.jpg?v=639077695468370000;Hielo, helados y postres;Helados cremosos;https://www.unimarc.cl/category/congelados/hielo-helados-y-postres/helados-cremosos;https://www.unimarc.cl/_next/data/0ucQ92dO_m9T9joH0FjVV/category/congelados/hielo-helados-y-postres/helados-cremosos.json?page=2&categories=congelados&categories=hielo-helados-y-postres&categories=helados-cremosos;2026-03-09T19:16:50
96790;Helado de almendras Magnum 90ml;Magnum;1 un;litro;2500;2500;;False;;$27.778 x litro;$27.778 x litro;https://www.unimarc.cl/helado-almendras-magnum-90ml/p;https://unimarc.vtexassets.com/arquivos/ids/256331/000000000000698780-UN-01.jpg?v=639077695459600000;Hielo, helados y postres;Helados cremosos;https://www.unimarc.cl/category/congelados/hielo-helados-y-postres/helados-cremosos;https://www.unimarc.cl/_next/data/0ucQ92dO_m9T9joH0FjVV/category/congelados/hielo-helados-y-postres/helados-cremosos.json?page=2&categories=congelados&categories=hielo-helados-y-postres&categories=helados-cremosos;2026-03-09T19:16:50
96789;Helado cup rolls Bresler 170ml;Bresler;1 un;litro;1800;1800;;False;;$10.588 x litro;$10.588 x litro;https://www.unimarc.cl/helado-cup-rolls-bresler-170ml/p;https://unimarc.vtexassets.com/arquivos/ids/256330/000000000000698779-UN-01.jpg?v=639077695454930000;Hielo, helados y postres;Helados cremosos;https://www.unimarc.cl/category/congelados/hielo-helados-y-postres/helados-cremosos;https://www.unimarc.cl/_next/data/0ucQ92dO_m9T9joH0FjVV/category/congelados/hielo-helados-y-postres/helados-cremosos.json?page=2&categories=congelados&categories=hielo-helados-y-postres&categories=helados-cremosos;2026-03-09T19:16:50
79981;Pack helado de agua Centella Savory sabores caja 21 un;Savory;1 un;unidad;4590;4590;;False;;$219 x unidad;$219 x unidad;https://www.unimarc.cl/helado-mp-centella-sabores-21-und/p;https://unimarc.vtexassets.com/arquivos/ids/228948/000000000000653573-UN-01.jpg?v=637977290533730000;Hielo, helados y postres;Pack helados individuales;https://www.unimarc.cl/category/congelados/hielo-helados-y-postres/pack-helados-individuales;https://www.unimarc.cl/_next/data/0ucQ92dO_m9T9joH0FjVV/category/congelados/hielo-helados-y-postres/pack-helados-individuales.json?categories=congelados&categories=hielo-helados-y-postres&categories=pack-helados-individuales;2026-03-09T19:17:06
1349;Pack Helado Mega mini paleta frambuesa 5 un de 60 ml;Savory;1 un;unidad;5690;5690;;False;;$1.138 x unidad;$1.138 x unidad;https://www.unimarc.cl/helado-multip-pal-mini-savory-5u-framb/p;https://unimarc.vtexassets.com/arquivos/ids/228944/000000000000615223-UN-01.jpg?v=637977288844870000;Hielo, helados y postres;Pack helados individuales;https://www.unimarc.cl/category/congelados/hielo-helados-y-postres/pack-helados-individuales;https://www.unimarc.cl/_next/data/0ucQ92dO_m9T9joH0FjVV/category/congelados/hielo-helados-y-postres/pack-helados-individuales.json?categories=congelados&categories=hielo-helados-y-postres&categories=pack-helados-individuales;2026-03-09T19:17:06
75328;Pack paleta helado Frugelé Bresler frambuesa naranja piña 18 un;Bresler;1 un;unidad;5790;6450;5790;True;Ahorras $660;$322 x unidad;$358 x unidad;https://www.unimarc.cl/helado-mp-frugele-18un-fram-nar-pin/p;https://unimarc.vtexassets.com/arquivos/ids/253959/000000000649960001-UN-01.jpg?v=639009004474470000;Hielo, helados y postres;Pack helados individuales;https://www.unimarc.cl/category/congelados/hielo-helados-y-postres/pack-helados-individuales;https://www.unimarc.cl/_next/data/0ucQ92dO_m9T9joH0FjVV/category/congelados/hielo-helados-y-postres/pack-helados-individuales.json?categories=congelados&categories=hielo-helados-y-postres&categories=pack-helados-individuales;2026-03-09T19:17:06
89424;Pack helado Mega mini almendras 5 un;Savory;1 un;litro;5790;5790;;False;;$19.300 x litro;$19.300 x litro;https://www.unimarc.cl/helado-mp-mini-mega-savory-5un-almendra/p;https://unimarc.vtexassets.com/arquivos/ids/245078/000000000000672014-UN-01.jpg?v=638663476425730000;Hielo, helados y postres;Pack helados individuales;https://www.unimarc.cl/category/congelados/hielo-helados-y-postres/pack-helados-individuales;https://www.unimarc.cl/_next/data/0ucQ92dO_m9T9joH0FjVV/category/congelados/hielo-helados-y-postres/pack-helados-individuales.json?categories=congelados&categories=hielo-helados-y-postres&categories=pack-helados-individuales;2026-03-09T19:17:06
93950;Pack helado de agua Trendy sabores 21 un de 54 gr;Trendy;1 un;Kg;4690;5290;4690;True;Ahorras $600;$4.136 x Kg;$4.665 x Kg;https://www.unimarc.cl/helado-mp-sabores-trendy-21-x-54-gr/p;https://unimarc.vtexassets.com/arquivos/ids/254437/000000000000694258-UN-01.jpg?v=639017410499800000;Hielo, helados y postres;Pack helados individuales;https://www.unimarc.cl/category/congelados/hielo-helados-y-postres/pack-helados-individuales;https://www.unimarc.cl/_next/data/0ucQ92dO_m9T9joH0FjVV/category/congelados/hielo-helados-y-postres/pack-helados-individuales.json?categories=congelados&categories=hielo-helados-y-postres&categories=pack-helados-individuales;2026-03-09T19:17:06
96640;Helado de agua Bresler mini frugelé frambuesa 3 un de 50 ml;Bresler;1 un;litro;1000;1450;1000;True;Ahorras $450;$6.667 x litro;$9.667 x litro;https://www.unimarc.cl/bresler-mpk-mini-frugele-fram-3x50ml/p;https://unimarc.vtexassets.com/arquivos/ids/256018/000000000000698682-UN-01.jpg?v=639064145617200000;Hielo, helados y postres;Pack helados individuales;https://www.unimarc.cl/category/congelados/hielo-helados-y-postres/pack-helados-individuales;https://www.unimarc.cl/_next/data/0ucQ92dO_m9T9joH0FjVV/category/congelados/hielo-helados-y-postres/pack-helados-individuales.json?categories=congelados&categories=hielo-helados-y-postres&categories=pack-helados-individuales;2026-03-09T19:17:06
89432;Pack helado Trendy trozo sandía 6 un;Trendy;1 un;litro;3490;4090;3490;True;Ahorras $600;$11.186 x litro;$13.109 x litro;https://www.unimarc.cl/helado-mp-trozo-sandia-trendy-6un/p;https://unimarc.vtexassets.com/arquivos/ids/245096/000000000000672036-UN-01.jpg?v=638663482786030000;Hielo, helados y postres;Pack helados individuales;https://www.unimarc.cl/category/congelados/hielo-helados-y-postres/pack-helados-individuales;https://www.unimarc.cl/_next/data/0ucQ92dO_m9T9joH0FjVV/category/congelados/hielo-helados-y-postres/pack-helados-individuales.json?categories=congelados&categories=hielo-helados-y-postres&categories=pack-helados-individuales;2026-03-09T19:17:06
89431;Pack helado Trendy mini milka 5 un;Trendy;1 un;litro;4990;5690;4990;True;Ahorras $700;$20.792 x litro;$23.708 x litro;https://www.unimarc.cl/helado-mp-mini-milka-trendy-5un/p;https://unimarc.vtexassets.com/arquivos/ids/245095/000000000000672035-UN-01.jpg?v=638663482783570000;Hielo, helados y postres;Pack helados individuales;https://www.unimarc.cl/category/congelados/hielo-helados-y-postres/pack-helados-individuales;https://www.unimarc.cl/_next/data/0ucQ92dO_m9T9joH0FjVV/category/congelados/hielo-helados-y-postres/pack-helados-individuales.json?categories=congelados&categories=hielo-helados-y-postres&categories=pack-helados-individuales;2026-03-09T19:17:06
89430;Pack helado Trendy mini oreo 5 un;Trendy;1 un;litro;4990;5690;4990;True;Ahorras $700;$21.234 x litro;$24.213 x litro;https://www.unimarc.cl/helado-mp-mini-oreo-trendy-5un/p;https://unimarc.vtexassets.com/arquivos/ids/245094/000000000000672034-UN-01.jpg?v=638663482780630000;Hielo, helados y postres;Pack helados individuales;https://www.unimarc.cl/category/congelados/hielo-helados-y-postres/pack-helados-individuales;https://www.unimarc.cl/_next/data/0ucQ92dO_m9T9joH0FjVV/category/congelados/hielo-helados-y-postres/pack-helados-individuales.json?categories=congelados&categories=hielo-helados-y-postres&categories=pack-helados-individuales;2026-03-09T19:17:06
89346;Pack helados paleta Savory trululú 10 un;Savory;1 un;litro;4690;4690;;False;;$9.380 x litro;$9.380 x litro;https://www.unimarc.cl/helado-mp-trululu-savory-10-un/p;https://unimarc.vtexassets.com/arquivos/ids/244776/000000000000671861-UN-01.jpg?v=638652158847670000;Hielo, helados y postres;Pack helados individuales;https://www.unimarc.cl/category/congelados/hielo-helados-y-postres/pack-helados-individuales;https://www.unimarc.cl/_next/data/0ucQ92dO_m9T9joH0FjVV/category/congelados/hielo-helados-y-postres/pack-helados-individuales.json?categories=congelados&categories=hielo-helados-y-postres&categories=pack-helados-individuales;2026-03-09T19:17:06
57088;Pack Helado Savory Kriko mini 6 un de 50 ml;Savory;1 un;unidad;4650;4650;;False;;$775 x unidad;$775 x unidad;https://www.unimarc.cl/helado-multip-mini-kriko-savory-6-un/p;https://unimarc.vtexassets.com/arquivos/ids/198360/000000000000637784-UN-01.jpg?v=637291671465230000;Hielo, helados y postres;Pack helados individuales;https://www.unimarc.cl/category/congelados/hielo-helados-y-postres/pack-helados-individuales;https://www.unimarc.cl/_next/data/0ucQ92dO_m9T9joH0FjVV/category/congelados/hielo-helados-y-postres/pack-helados-individuales.json?categories=congelados&categories=hielo-helados-y-postres&categories=pack-helados-individuales;2026-03-09T19:17:06
1347;Pack Helado Danky mini nogatonga 5 un de 80 ml;Savory;1 un;unidad;5690;5690;;False;;$1.138 x unidad;$1.138 x unidad;https://www.unimarc.cl/helado-multip-cono-danky-nogat-savory-5u/p;https://unimarc.vtexassets.com/arquivos/ids/228939/000000000000615221-UN-01.jpg?v=637977287033830000;Hielo, helados y postres;Pack helados individuales;https://www.unimarc.cl/category/congelados/hielo-helados-y-postres/pack-helados-individuales;https://www.unimarc.cl/_next/data/0ucQ92dO_m9T9joH0FjVV/category/congelados/hielo-helados-y-postres/pack-helados-individuales.json?categories=congelados&categories=hielo-helados-y-postres&categories=pack-helados-individuales;2026-03-09T19:17:06
1348;Pack Helado Sahne Nuss mini paleta 5 un de 60 ml;Savory;1 un;unidad;5690;5690;;False;;$1.138 x unidad;$1.138 x unidad;https://www.unimarc.cl/helado-multip-pal-mini-savory-5u-sahne/p;https://unimarc.vtexassets.com/arquivos/ids/228941/000000000000615222-UN-01.jpg?v=637977287924370000;Hielo, helados y postres;Pack helados individuales;https://www.unimarc.cl/category/congelados/hielo-helados-y-postres/pack-helados-individuales;https://www.unimarc.cl/_next/data/0ucQ92dO_m9T9joH0FjVV/category/congelados/hielo-helados-y-postres/pack-helados-individuales.json?categories=congelados&categories=hielo-helados-y-postres&categories=pack-helados-individuales;2026-03-09T19:17:06
78187;Paleta helado San Francisco 0% azúcar vainilla almendras 5 un;San Francisco;1 un;unidad;5590;5590;;False;;$1.118 x unidad;$1.118 x unidad;https://www.unimarc.cl/helado-mp-0-azucar-sn-fran-5u-vainilla/p;https://unimarc.vtexassets.com/arquivos/ids/255132/000000000652332002-UN-01.jpg?v=639039300647230000;Hielo, helados y postres;Pack helados individuales;https://www.unimarc.cl/category/congelados/hielo-helados-y-postres/pack-helados-individuales;https://www.unimarc.cl/_next/data/0ucQ92dO_m9T9joH0FjVV/category/congelados/hielo-helados-y-postres/pack-helados-individuales.json?categories=congelados&categories=hielo-helados-y-postres&categories=pack-helados-individuales;2026-03-09T19:17:06
9992;Pack Helado Crocanty Savory mini multipack 8 un de 50 ml;Savory;1 un;unidad;4990;4990;;False;;$624 x unidad;$624 x unidad;https://www.unimarc.cl/multipack-mini-crocanty-8x50-ml/p;https://unimarc.vtexassets.com/arquivos/ids/228954/000000000000743788-UN-01.jpg?v=637977293318830000;Hielo, helados y postres;Pack helados individuales;https://www.unimarc.cl/category/congelados/hielo-helados-y-postres/pack-helados-individuales;https://www.unimarc.cl/_next/data/0ucQ92dO_m9T9joH0FjVV/category/congelados/hielo-helados-y-postres/pack-helados-individuales.json?categories=congelados&categories=hielo-helados-y-postres&categories=pack-helados-individuales;2026-03-09T19:17:06
78186;Paleta helado San Francisco 0% azúcar chocolate nuss 5 un;San Francisco;1 un;unidad;5590;5590;;False;;$1.118 x unidad;$1.118 x unidad;https://www.unimarc.cl/helado-mp-0-azuc-sn-fran-5u-choco-nuss/p;https://unimarc.vtexassets.com/arquivos/ids/255135/000000000652332001-UN-01.jpg?v=639039301028270000;Hielo, helados y postres;Pack helados individuales;https://www.unimarc.cl/category/congelados/hielo-helados-y-postres/pack-helados-individuales;https://www.unimarc.cl/_next/data/0ucQ92dO_m9T9joH0FjVV/category/congelados/hielo-helados-y-postres/pack-helados-individuales.json?categories=congelados&categories=hielo-helados-y-postres&categories=pack-helados-individuales;2026-03-09T19:17:06
90316;Pack Helado Trendy mini cono manjar 8 un;Trendy;1 un;Kg;5490;5490;;False;;$14.918 x Kg;$14.918 x Kg;https://www.unimarc.cl/helado-mp-mini-cono-manjar-trendy-8un/p;https://unimarc.vtexassets.com/arquivos/ids/246479/000000000000673597-UN-01.jpg?v=638737717825530000;Hielo, helados y postres;Pack helados individuales;https://www.unimarc.cl/category/congelados/hielo-helados-y-postres/pack-helados-individuales;https://www.unimarc.cl/_next/data/0ucQ92dO_m9T9joH0FjVV/category/congelados/hielo-helados-y-postres/pack-helados-individuales.json?categories=congelados&categories=hielo-helados-y-postres&categories=pack-helados-individuales;2026-03-09T19:17:06
83315;Pack helado paleta San Francisco 0% azúcar frutos del bosque 5 un;San Francisco;1 un;unidad;5590;5590;;False;;$1.118 x unidad;$1.118 x unidad;https://www.unimarc.cl/helado-mp-0-azuc-sn-fran-5u-frutos-bos/p;https://unimarc.vtexassets.com/arquivos/ids/252090/000000000652332003-UN-01.jpg?v=639039300746130000;Hielo, helados y postres;Pack helados individuales;https://www.unimarc.cl/category/congelados/hielo-helados-y-postres/pack-helados-individuales;https://www.unimarc.cl/_next/data/0ucQ92dO_m9T9joH0FjVV/category/congelados/hielo-helados-y-postres/pack-helados-individuales.json?categories=congelados&categories=hielo-helados-y-postres&categories=pack-helados-individuales;2026-03-09T19:17:06
1733;Pack Helado Lolly Pop Savory 10 un de 50 ml;Savory;1 un;unidad;4990;4990;;False;;$499 x unidad;$499 x unidad;https://www.unimarc.cl/helado-lolly-pop-savory-multipack-500ml-10u/p;https://unimarc.vtexassets.com/arquivos/ids/228958/000000000400199003-UN-01.jpg?v=637977295068770000;Hielo, helados y postres;Pack helados individuales;https://www.unimarc.cl/category/congelados/hielo-helados-y-postres/pack-helados-individuales;https://www.unimarc.cl/_next/data/0ucQ92dO_m9T9joH0FjVV/category/congelados/hielo-helados-y-postres/pack-helados-individuales.json?categories=congelados&categories=hielo-helados-y-postres&categories=pack-helados-individuales;2026-03-09T19:17:06
74194;Pack paleta helado Kitkat Savory 5 un;Savory;1 un;unidad;5690;5690;;False;;$1.138 x unidad;$1.138 x unidad;https://www.unimarc.cl/helado-mp-kitkat-paleta-5-un/p;https://unimarc.vtexassets.com/arquivos/ids/228945/000000000000648606-UN-01.jpg?v=637977289626070000;Hielo, helados y postres;Pack helados individuales;https://www.unimarc.cl/category/congelados/hielo-helados-y-postres/pack-helados-individuales;https://www.unimarc.cl/_next/data/0ucQ92dO_m9T9joH0FjVV/category/congelados/hielo-helados-y-postres/pack-helados-individuales.json?categories=congelados&categories=hielo-helados-y-postres&categories=pack-helados-individuales;2026-03-09T19:17:06
59436;Helado Magnum mini cookies&cream 300 ml;Magnum;1 un;litro;5750;5750;;False;;$19.167 x litro;$19.167 x litro;https://www.unimarc.cl/multip-mini-magnum-300ml-cookies-cream/p;https://unimarc.vtexassets.com/arquivos/ids/253984/000000000638559003-UN-01.jpg?v=639009023690800000;Hielo, helados y postres;Pack helados individuales;https://www.unimarc.cl/category/congelados/hielo-helados-y-postres/pack-helados-individuales;https://www.unimarc.cl/_next/data/0ucQ92dO_m9T9joH0FjVV/category/congelados/hielo-helados-y-postres/pack-helados-individuales.json?categories=congelados&categories=hielo-helados-y-postres&categories=pack-helados-individuales;2026-03-09T19:17:06
59434;Helado Magnum mini almendra 300 ml;Magnum;1 un;litro;5750;5750;;False;;$19.167 x litro;$19.167 x litro;https://www.unimarc.cl/multip-mini-magnum-300ml-almendra/p;https://unimarc.vtexassets.com/arquivos/ids/253985/000000000638559001-UN-01.jpg?v=639009024263700000;Hielo, helados y postres;Pack helados individuales;https://www.unimarc.cl/category/congelados/hielo-helados-y-postres/pack-helados-individuales;https://www.unimarc.cl/_next/data/0ucQ92dO_m9T9joH0FjVV/category/congelados/hielo-helados-y-postres/pack-helados-individuales.json?categories=congelados&categories=hielo-helados-y-postres&categories=pack-helados-individuales;2026-03-09T19:17:06
89352;Pack helado paleta Orly Bresler berries 4 un de 70 ml;Bresler;1 un;litro;4290;4290;;False;;$15.321 x litro;$15.321 x litro;https://www.unimarc.cl/helado-mp-orly-bresler-4x70ml-berries/p;https://unimarc.vtexassets.com/arquivos/ids/253967/000000000671619001-UN-01.jpg?v=639009010199270000;Hielo, helados y postres;Pack helados individuales;https://www.unimarc.cl/category/congelados/hielo-helados-y-postres/pack-helados-individuales;https://www.unimarc.cl/_next/data/0ucQ92dO_m9T9joH0FjVV/category/congelados/hielo-helados-y-postres/pack-helados-individuales.json?categories=congelados&categories=hielo-helados-y-postres&categories=pack-helados-individuales;2026-03-09T19:17:06
96499;Helado de agua Ambrosito sabores caja 18 un de 54 gr;Bresler;1 un;litro;5190;5190;;False;;$5.340 x litro;$5.340 x litro;https://www.unimarc.cl/helado-mp-ambrositos-bresler-18x54gr/p;https://unimarc.vtexassets.com/arquivos/ids/255177/000000000000697815-UN-01.jpg?v=639040780360100000;Hielo, helados y postres;Pack helados individuales;https://www.unimarc.cl/category/congelados/hielo-helados-y-postres/pack-helados-individuales;https://www.unimarc.cl/_next/data/0ucQ92dO_m9T9joH0FjVV/category/congelados/hielo-helados-y-postres/pack-helados-individuales.json?categories=congelados&categories=hielo-helados-y-postres&categories=pack-helados-individuales;2026-03-09T19:17:06
93954;Pack helado de agua Trenndy Sonic 18 un de 54 gr;Trendy;1 un;Kg;5990;5990;;False;;$6.163 x Kg;$6.163 x Kg;https://www.unimarc.cl/helado-mp-sonic-trendy-18-x-54-gr/p;https://unimarc.vtexassets.com/arquivos/ids/255020/000000000000694259-UN-01.jpg?v=639035721212230000;Hielo, helados y postres;Pack helados individuales;https://www.unimarc.cl/category/congelados/hielo-helados-y-postres/pack-helados-individuales;https://www.unimarc.cl/_next/data/0ucQ92dO_m9T9joH0FjVV/category/congelados/hielo-helados-y-postres/pack-helados-individuales.json?categories=congelados&categories=hielo-helados-y-postres&categories=pack-helados-individuales;2026-03-09T19:17:06
75375;Pack Helado paleta Not Ice Cream cremoso vainilla notco 4 un;Not Ice Cream;1 un;Kg;5190;5190;;False;;$19.962 x Kg;$19.962 x Kg;https://www.unimarc.cl/helado-mult-crem-vain-not-ice-cream-260g/p;https://unimarc.vtexassets.com/arquivos/ids/245840/000000000000650003-UN-01.jpg?v=638694473384200000;Hielo, helados y postres;Pack helados individuales;https://www.unimarc.cl/category/congelados/hielo-helados-y-postres/pack-helados-individuales;https://www.unimarc.cl/_next/data/0ucQ92dO_m9T9joH0FjVV/category/congelados/hielo-helados-y-postres/pack-helados-individuales.json?categories=congelados&categories=hielo-helados-y-postres&categories=pack-helados-individuales;2026-03-09T19:17:06
96497;Helado San Francisco suspiro limeño vaso 140 ml;San Francisco;1 un;litro;1890;1890;;False;;$13.500 x litro;$13.500 x litro;https://www.unimarc.cl/helado-vaso-sf-140-ml-suspiro-limeno/p;https://unimarc.vtexassets.com/arquivos/ids/255307/000000000697779001-UN-01.jpg?v=639041749006370000;Hielo, helados y postres;Pack helados individuales;https://www.unimarc.cl/category/congelados/hielo-helados-y-postres/pack-helados-individuales;https://www.unimarc.cl/_next/data/0ucQ92dO_m9T9joH0FjVV/category/congelados/hielo-helados-y-postres/pack-helados-individuales.json?categories=congelados&categories=hielo-helados-y-postres&categories=pack-helados-individuales;2026-03-09T19:17:06
96498;Helado San Francisco papayas a la crema vaso 140 ml;San Francisco;1 un;litro;1890;1890;;False;;$13.500 x litro;$13.500 x litro;https://www.unimarc.cl/helado-vaso-sf-140-m-papayas-a-la-crema/p;https://unimarc.vtexassets.com/arquivos/ids/255308/000000000697779002-UN-01.jpg?v=639041749008570000;Hielo, helados y postres;Pack helados individuales;https://www.unimarc.cl/category/congelados/hielo-helados-y-postres/pack-helados-individuales;https://www.unimarc.cl/_next/data/0ucQ92dO_m9T9joH0FjVV/category/congelados/hielo-helados-y-postres/pack-helados-individuales.json?categories=congelados&categories=hielo-helados-y-postres&categories=pack-helados-individuales;2026-03-09T19:17:06
93943;Helado Freddo tableta cookies and cream 6 un de 50 gr;Freddo;1 un;Kg;9990;9990;;False;;$33.300 x Kg;$33.300 x Kg;https://www.unimarc.cl/hel-tableta-freddo-300g-cookies-cream/p;https://unimarc.vtexassets.com/arquivos/ids/254301/000000000674982003-UN-01.jpg?v=639015658007700000;Hielo, helados y postres;Pack helados individuales;https://www.unimarc.cl/category/congelados/hielo-helados-y-postres/pack-helados-individuales;https://www.unimarc.cl/_next/data/0ucQ92dO_m9T9joH0FjVV/category/congelados/hielo-helados-y-postres/pack-helados-individuales.json?categories=congelados&categories=hielo-helados-y-postres&categories=pack-helados-individuales;2026-03-09T19:17:06
75376;Pack Helado paleta Not Ice Cream cremoso frambuesa 4 un;Not Ice Cream;1 un;Kg;5190;5190;;False;;$19.081 x Kg;$19.081 x Kg;https://www.unimarc.cl/helado-mult-crem-fram-not-ice-cream-272g/p;https://unimarc.vtexassets.com/arquivos/ids/213245/000000000000650004-UN-01.jpg?v=637533985558830000;Hielo, helados y postres;Pack helados individuales;https://www.unimarc.cl/category/congelados/hielo-helados-y-postres/pack-helados-individuales;https://www.unimarc.cl/_next/data/0ucQ92dO_m9T9joH0FjVV/category/congelados/hielo-helados-y-postres/pack-helados-individuales.json?categories=congelados&categories=hielo-helados-y-postres&categories=pack-helados-individuales;2026-03-09T19:17:06
83279;Pack helado paleta mini Magnum blanco frambuesa 5 un;Magnum;1 un;litro;5750;5750;;False;;$19.167 x litro;$19.167 x litro;https://www.unimarc.cl/helado-mp-mini-magnum-300ml-bco-framb/p;https://unimarc.vtexassets.com/arquivos/ids/253961/000000000638559004-UN-01.jpg?v=639009005892770000;Hielo, helados y postres;Pack helados individuales;https://www.unimarc.cl/category/congelados/hielo-helados-y-postres/pack-helados-individuales;https://www.unimarc.cl/_next/data/0ucQ92dO_m9T9joH0FjVV/category/congelados/hielo-helados-y-postres/pack-helados-individuales.json?categories=congelados&categories=hielo-helados-y-postres&categories=pack-helados-individuales;2026-03-09T19:17:06
86414;Pack helado Bresler mecano mini 5 un de 70 ml;Bresler;1 un;litro;4850;4850;;False;;$13.857 x litro;$13.857 x litro;https://www.unimarc.cl/helado-mecano-mp-bresler-5x70-ml/p;https://unimarc.vtexassets.com/arquivos/ids/253968/000000000000666264-UN-01.jpg?v=639009011977970000;Hielo, helados y postres;Pack helados individuales;https://www.unimarc.cl/category/congelados/hielo-helados-y-postres/pack-helados-individuales;https://www.unimarc.cl/_next/data/0ucQ92dO_m9T9joH0FjVV/category/congelados/hielo-helados-y-postres/pack-helados-individuales.json?categories=congelados&categories=hielo-helados-y-postres&categories=pack-helados-individuales;2026-03-09T19:17:06
78898;Pack helado Not Ice Cream crocante de chocolate 4 un de 70 g;Not Ice Cream;1 un;Kg;5190;5190;;False;;$18.536 x Kg;$18.536 x Kg;https://www.unimarc.cl/helado-mp-choco-crocant-noticecream-280g/p;https://unimarc.vtexassets.com/arquivos/ids/245843/000000000000652945-UN-01.jpg?v=638694476603470000;Hielo, helados y postres;Pack helados individuales;https://www.unimarc.cl/category/congelados/hielo-helados-y-postres/pack-helados-individuales;https://www.unimarc.cl/_next/data/0ucQ92dO_m9T9joH0FjVV/category/congelados/hielo-helados-y-postres/pack-helados-individuales.json?categories=congelados&categories=hielo-helados-y-postres&categories=pack-helados-individuales;2026-03-09T19:17:06
82726;Helado La Cremería fudge brownie 1 L;La Cremeria;1 un;litro;5190;6190;5190;True;Ahorras $1.000;$5.190 x litro;$6.190 x litro;https://www.unimarc.cl/helado-la-cremeria-1l-fudge-brownie/p;https://unimarc.vtexassets.com/arquivos/ids/230626/000000000400159033-UN-01.jpg?v=638042058217670000;Hielo, helados y postres;Helados premium;https://www.unimarc.cl/category/congelados/hielo-helados-y-postres/helados-premium;https://www.unimarc.cl/_next/data/0ucQ92dO_m9T9joH0FjVV/category/congelados/hielo-helados-y-postres/helados-premium.json?categories=congelados&categories=hielo-helados-y-postres&categories=helados-premium;2026-03-09T19:17:21
82725;Helado La Cremería crunchy 3 leches 1 L;La Cremeria;1 un;litro;5190;6190;5190;True;Ahorras $1.000;$5.190 x litro;$6.190 x litro;https://www.unimarc.cl/helado-la-cremeria-1l-crunchy-3-leches/p;https://unimarc.vtexassets.com/arquivos/ids/230624/000000000400159032-UN-01.jpg?v=638042057205630000;Hielo, helados y postres;Helados premium;https://www.unimarc.cl/category/congelados/hielo-helados-y-postres/helados-premium;https://www.unimarc.cl/_next/data/0ucQ92dO_m9T9joH0FjVV/category/congelados/hielo-helados-y-postres/helados-premium.json?categories=congelados&categories=hielo-helados-y-postres&categories=helados-premium;2026-03-09T19:17:21
92832;Helado bites Frutos del Maipo frambuesa doypack 250 g;Frutos Del Maipo;1 un;Kg;7990;7990;;False;;$31.960 x Kg;$31.960 x Kg;https://www.unimarc.cl/bom-bom-bites-f-maipo-dp-250g-frambuesa/p;https://unimarc.vtexassets.com/arquivos/ids/251299/000000000687031001-UN-01.jpg?v=638929580396400000;Hielo, helados y postres;Helados premium;https://www.unimarc.cl/category/congelados/hielo-helados-y-postres/helados-premium;https://www.unimarc.cl/_next/data/0ucQ92dO_m9T9joH0FjVV/category/congelados/hielo-helados-y-postres/helados-premium.json?categories=congelados&categories=hielo-helados-y-postres&categories=helados-premium;2026-03-09T19:17:21
82724;Helado La Cremería crunch raspberry 1 L;La Cremeria;1 un;litro;5190;6190;5190;True;Ahorras $1.000;$5.190 x litro;$6.190 x litro;https://www.unimarc.cl/helado-la-cremeria-1l-crunch-raspberry/p;https://unimarc.vtexassets.com/arquivos/ids/230622/000000000400159031-UN-01.jpg?v=638042056165000000;Hielo, helados y postres;Helados premium;https://www.unimarc.cl/category/congelados/hielo-helados-y-postres/helados-premium;https://www.unimarc.cl/_next/data/0ucQ92dO_m9T9joH0FjVV/category/congelados/hielo-helados-y-postres/helados-premium.json?categories=congelados&categories=hielo-helados-y-postres&categories=helados-premium;2026-03-09T19:17:21
82723;Helado La Cremería cookies and cream caramelo 1 L;La Cremeria;1 un;litro;5190;6190;5190;True;Ahorras $1.000;$5.190 x litro;$6.190 x litro;https://www.unimarc.cl/helado-la-cremeria-1l-cook-cream-caram/p;https://unimarc.vtexassets.com/arquivos/ids/230619/000000000400159030-UN-01.jpg?v=638042031305830000;Hielo, helados y postres;Helados premium;https://www.unimarc.cl/category/congelados/hielo-helados-y-postres/helados-premium;https://www.unimarc.cl/_next/data/0ucQ92dO_m9T9joH0FjVV/category/congelados/hielo-helados-y-postres/helados-premium.json?categories=congelados&categories=hielo-helados-y-postres&categories=helados-premium;2026-03-09T19:17:21
82764;Helado La Cremería passion fruit y mango 1 L;La Cremeria;1 un;litro;5190;6190;5190;True;Ahorras $1.000;$5.190 x litro;$6.190 x litro;https://www.unimarc.cl/helado-la-cremeria-1l-pasion-frui-mango/p;https://unimarc.vtexassets.com/arquivos/ids/230632/000000000400159036-UN-01.jpg?v=638042061191030000;Hielo, helados y postres;Helados premium;https://www.unimarc.cl/category/congelados/hielo-helados-y-postres/helados-premium;https://www.unimarc.cl/_next/data/0ucQ92dO_m9T9joH0FjVV/category/congelados/hielo-helados-y-postres/helados-premium.json?categories=congelados&categories=hielo-helados-y-postres&categories=helados-premium;2026-03-09T19:17:21
83294;Helado San Francisco sabor volcán de chocolate 1 L;San Francisco;1 un;litro;7190;7190;;False;;$7.190 x litro;$7.190 x litro;https://www.unimarc.cl/postre-hela-s-francisco-1l-volcan-choc/p;https://unimarc.vtexassets.com/arquivos/ids/255124/000000000401677030-UN-01.jpg?v=639039291332770000;Hielo, helados y postres;Helados premium;https://www.unimarc.cl/category/congelados/hielo-helados-y-postres/helados-premium;https://www.unimarc.cl/_next/data/0ucQ92dO_m9T9joH0FjVV/category/congelados/hielo-helados-y-postres/helados-premium.json?categories=congelados&categories=hielo-helados-y-postres&categories=helados-premium;2026-03-09T19:17:21
89129;Frambuesa Franuí bañada en chocolate con leche y blanco pote 150 g;Franui;1 un;Kg;5490;5490;;False;;$36.600 x Kg;$36.600 x Kg;https://www.unimarc.cl/framb-cong-bana-franui-150g-choco-leche/p;https://unimarc.vtexassets.com/arquivos/ids/244588/000000000671207002-UN-01.jpg?v=638663482295900000;Hielo, helados y postres;Helados premium;https://www.unimarc.cl/category/congelados/hielo-helados-y-postres/helados-premium;https://www.unimarc.cl/_next/data/0ucQ92dO_m9T9joH0FjVV/category/congelados/hielo-helados-y-postres/helados-premium.json?categories=congelados&categories=hielo-helados-y-postres&categories=helados-premium;2026-03-09T19:17:21
92830;Helado bites Frutos del Maipo frambuesa pote 150 g;Frutos Del Maipo;1 un;Kg;4990;4990;;False;;$33.267 x Kg;$33.267 x Kg;https://www.unimarc.cl/bom-bom-bites-f-maipo-150gr-frambuesa/p;https://unimarc.vtexassets.com/arquivos/ids/251302/000000000687032002-UN-01.jpg?v=639059922068000000;Hielo, helados y postres;Helados premium;https://www.unimarc.cl/category/congelados/hielo-helados-y-postres/helados-premium;https://www.unimarc.cl/_next/data/0ucQ92dO_m9T9joH0FjVV/category/congelados/hielo-helados-y-postres/helados-premium.json?categories=congelados&categories=hielo-helados-y-postres&categories=helados-premium;2026-03-09T19:17:21
82763;Helado La Cremería papaya cream sparkle 1 L;La Cremeria;1 un;litro;5190;6190;5190;True;Ahorras $1.000;$5.190 x litro;$6.190 x litro;https://www.unimarc.cl/helado-la-cremeria-1l-papaya-cream-spar/p;https://unimarc.vtexassets.com/arquivos/ids/230630/000000000400159035-UN-01.jpg?v=638042060270130000;Hielo, helados y postres;Helados premium;https://www.unimarc.cl/category/congelados/hielo-helados-y-postres/helados-premium;https://www.unimarc.cl/_next/data/0ucQ92dO_m9T9joH0FjVV/category/congelados/hielo-helados-y-postres/helados-premium.json?categories=congelados&categories=hielo-helados-y-postres&categories=helados-premium;2026-03-09T19:17:21
89244;Frambuesa Franuí bañada en chocolate negro y blanco pote 150 g;Franui;1 un;Kg;5490;5490;;False;;$36.600 x Kg;$36.600 x Kg;https://www.unimarc.cl/framb-cong-bana-franui-150g-choco-amarg/p;https://unimarc.vtexassets.com/arquivos/ids/244587/000000000671207001-UN-01.jpg?v=638663482293870000;Hielo, helados y postres;Helados premium;https://www.unimarc.cl/category/congelados/hielo-helados-y-postres/helados-premium;https://www.unimarc.cl/_next/data/0ucQ92dO_m9T9joH0FjVV/category/congelados/hielo-helados-y-postres/helados-premium.json?categories=congelados&categories=hielo-helados-y-postres&categories=helados-premium;2026-03-09T19:17:21
11630;Helado San Francisco sabor tronco de castañas 1 L;San Francisco;1 un;litro;7190;7190;;False;;$7.190 x litro;$7.190 x litro;https://www.unimarc.cl/postre-helado-san-fr-tronco-de-castanas/p;https://unimarc.vtexassets.com/arquivos/ids/255105/000000000401677011-UN-01.jpg?v=639039275764600000;Hielo, helados y postres;Helados premium;https://www.unimarc.cl/category/congelados/hielo-helados-y-postres/helados-premium;https://www.unimarc.cl/_next/data/0ucQ92dO_m9T9joH0FjVV/category/congelados/hielo-helados-y-postres/helados-premium.json?categories=congelados&categories=hielo-helados-y-postres&categories=helados-premium;2026-03-09T19:17:21
1775;Helado San Francisco sabor suspiro limeño 1 L;San Francisco;1 un;litro;7190;7190;;False;;$7.190 x litro;$7.190 x litro;https://www.unimarc.cl/helado-suspiro-limeno-1-l/p;https://unimarc.vtexassets.com/arquivos/ids/255100/000000000401677009-UN-01.jpg?v=639039273736530000;Hielo, helados y postres;Helados premium;https://www.unimarc.cl/category/congelados/hielo-helados-y-postres/helados-premium;https://www.unimarc.cl/_next/data/0ucQ92dO_m9T9joH0FjVV/category/congelados/hielo-helados-y-postres/helados-premium.json?categories=congelados&categories=hielo-helados-y-postres&categories=helados-premium;2026-03-09T19:17:21
11626;Helado San Francisco sabor lúcuma manjar 1 L;San Francisco;1 un;litro;7190;7190;;False;;$7.190 x litro;$7.190 x litro;https://www.unimarc.cl/postre-helado-san-francis-lucuma-manjar/p;https://unimarc.vtexassets.com/arquivos/ids/255085/000000000401677004-UN-01.jpg?v=639039264506000000;Hielo, helados y postres;Helados premium;https://www.unimarc.cl/category/congelados/hielo-helados-y-postres/helados-premium;https://www.unimarc.cl/_next/data/0ucQ92dO_m9T9joH0FjVV/category/congelados/hielo-helados-y-postres/helados-premium.json?categories=congelados&categories=hielo-helados-y-postres&categories=helados-premium;2026-03-09T19:17:21
11635;Helado San Francisco sabor chocolate nuss 1 L;San Francisco;1 un;litro;7190;7190;;False;;$7.190 x litro;$7.190 x litro;https://www.unimarc.cl/postre-helado-san-franci-chocolate-nuss/p;https://unimarc.vtexassets.com/arquivos/ids/255115/000000000401677026-UN-01.jpg?v=639039280463400000;Hielo, helados y postres;Helados premium;https://www.unimarc.cl/category/congelados/hielo-helados-y-postres/helados-premium;https://www.unimarc.cl/_next/data/0ucQ92dO_m9T9joH0FjVV/category/congelados/hielo-helados-y-postres/helados-premium.json?categories=congelados&categories=hielo-helados-y-postres&categories=helados-premium;2026-03-09T19:17:21
11632;Helado San Francisco sabor frambuesa a la crema 1 L;San Francisco;1 un;litro;7190;7190;;False;;$7.190 x litro;$7.190 x litro;https://www.unimarc.cl/postre-helado-san-fr-frambuesa-al-crema/p;https://unimarc.vtexassets.com/arquivos/ids/255079/000000000401677016-UN-01.jpg?v=639039261393570000;Hielo, helados y postres;Helados premium;https://www.unimarc.cl/category/congelados/hielo-helados-y-postres/helados-premium;https://www.unimarc.cl/_next/data/0ucQ92dO_m9T9joH0FjVV/category/congelados/hielo-helados-y-postres/helados-premium.json?categories=congelados&categories=hielo-helados-y-postres&categories=helados-premium;2026-03-09T19:17:21
1776;Helado San Francisco sabor tres leches 1 L;San Francisco;1 un;litro;7190;7190;;False;;$7.190 x litro;$7.190 x litro;https://www.unimarc.cl/helado-tres-leches-1-l/p;https://unimarc.vtexassets.com/arquivos/ids/255110/000000000401677015-UN-01.jpg?v=639039277969130000;Hielo, helados y postres;Helados premium;https://www.unimarc.cl/category/congelados/hielo-helados-y-postres/helados-premium;https://www.unimarc.cl/_next/data/0ucQ92dO_m9T9joH0FjVV/category/congelados/hielo-helados-y-postres/helados-premium.json?categories=congelados&categories=hielo-helados-y-postres&categories=helados-premium;2026-03-09T19:17:21
91529;Frambuesa Franuí bañada pink pote 150 g;Franui;1 un;Kg;5490;5490;;False;;$36.600 x Kg;$36.600 x Kg;https://www.unimarc.cl/framb-cong-bana-franui-150g-choco-pink/p;https://unimarc.vtexassets.com/arquivos/ids/249056/000000000671207003-UN-01.jpg?v=638840406630900000;Hielo, helados y postres;Helados premium;https://www.unimarc.cl/category/congelados/hielo-helados-y-postres/helados-premium;https://www.unimarc.cl/_next/data/0ucQ92dO_m9T9joH0FjVV/category/congelados/hielo-helados-y-postres/helados-premium.json?categories=congelados&categories=hielo-helados-y-postres&categories=helados-premium;2026-03-09T19:17:21
92831;Helado bites Frutos del Maipo arándano doypack 250 g;Frutos Del Maipo;1 un;Kg;7990;7990;;False;;$31.960 x Kg;$31.960 x Kg;https://www.unimarc.cl/bom-bom-bites-f-maipo-dp-250gr-arandano/p;https://unimarc.vtexassets.com/arquivos/ids/251300/000000000687031002-UN-01.jpg?v=638929580400300000;Hielo, helados y postres;Helados premium;https://www.unimarc.cl/category/congelados/hielo-helados-y-postres/helados-premium;https://www.unimarc.cl/_next/data/0ucQ92dO_m9T9joH0FjVV/category/congelados/hielo-helados-y-postres/helados-premium.json?categories=congelados&categories=hielo-helados-y-postres&categories=helados-premium;2026-03-09T19:17:21
11628;Helado San Francisco sabor papayas a la crema 1 L;San Francisco;1 un;litro;7190;7190;;False;;$7.190 x litro;$7.190 x litro;https://www.unimarc.cl/postre-helado-san-fr-papayas-a-la-crema/p;https://unimarc.vtexassets.com/arquivos/ids/255095/000000000401677008-UN-01.jpg?v=639039271230230000;Hielo, helados y postres;Helados premium;https://www.unimarc.cl/category/congelados/hielo-helados-y-postres/helados-premium;https://www.unimarc.cl/_next/data/0ucQ92dO_m9T9joH0FjVV/category/congelados/hielo-helados-y-postres/helados-premium.json?categories=congelados&categories=hielo-helados-y-postres&categories=helados-premium;2026-03-09T19:17:21
11627;Helado San Francisco sabor plátano manjar 1 L;San Francisco;1 un;litro;7190;7190;;False;;$7.190 x litro;$7.190 x litro;https://www.unimarc.cl/postre-helado-san-franc-platano-manajar/p;https://unimarc.vtexassets.com/arquivos/ids/255090/000000000401677007-UN-01.jpg?v=639039267491500000;Hielo, helados y postres;Helados premium;https://www.unimarc.cl/category/congelados/hielo-helados-y-postres/helados-premium;https://www.unimarc.cl/_next/data/0ucQ92dO_m9T9joH0FjVV/category/congelados/hielo-helados-y-postres/helados-premium.json?categories=congelados&categories=hielo-helados-y-postres&categories=helados-premium;2026-03-09T19:17:21
78920;Helado Bravissimo menta chips pote 563 g;Bravissimo;1 un;Kg;6490;6490;;False;;$11.528 x Kg;$11.528 x Kg;https://www.unimarc.cl/helado-bravissimo-563gr-menta-chips/p;https://unimarc.vtexassets.com/arquivos/ids/223622/000000000650104004-UN-01.jpg?v=637788988145900000;Hielo, helados y postres;Helados premium;https://www.unimarc.cl/category/congelados/hielo-helados-y-postres/helados-premium;https://www.unimarc.cl/_next/data/0ucQ92dO_m9T9joH0FjVV/category/congelados/hielo-helados-y-postres/helados-premium.json?categories=congelados&categories=hielo-helados-y-postres&categories=helados-premium;2026-03-09T19:17:21
93175;Helado tropical Guallarauco 600 gr;Guallarauco;1 un;Kg;6590;6590;;False;;$10.983 x Kg;$10.983 x Kg;https://www.unimarc.cl/helado-tropical-guallarauco-600gr/p;https://unimarc.vtexassets.com/arquivos/ids/252471/000000000000686428-UN-01.jpg?v=638973455438330000;Hielo, helados y postres;Helados premium;https://www.unimarc.cl/category/congelados/hielo-helados-y-postres/helados-premium;https://www.unimarc.cl/_next/data/0ucQ92dO_m9T9joH0FjVV/category/congelados/hielo-helados-y-postres/helados-premium.json?categories=congelados&categories=hielo-helados-y-postres&categories=helados-premium;2026-03-09T19:17:21
14361;Helado Coppelia sin lactosa vainilla chips 800 ml;Coppelia;1 un;litro;6690;6690;;False;;$8.363 x litro;$8.363 x litro;https://www.unimarc.cl/helado-s-l-coppelia-800ml-vainilla/p;https://unimarc.vtexassets.com/arquivos/ids/213795/000000000615928001-UN-01.jpg?v=637553041105170000;Hielo, helados y postres;Helados premium;https://www.unimarc.cl/category/congelados/hielo-helados-y-postres/helados-premium;https://www.unimarc.cl/_next/data/0ucQ92dO_m9T9joH0FjVV/category/congelados/hielo-helados-y-postres/helados-premium.json?categories=congelados&categories=hielo-helados-y-postres&categories=helados-premium;2026-03-09T19:17:21
93176;Helado chirimoya Guallarauco 580 gr;Guallarauco;1 un;Kg;5990;5990;;False;;$10.328 x Kg;$10.328 x Kg;https://www.unimarc.cl/helado-guallarauco-580gr-chirimoya/p;https://unimarc.vtexassets.com/arquivos/ids/252492/000000000686097001-UN-01.jpg?v=638973471043470000;Hielo, helados y postres;Helados premium;https://www.unimarc.cl/category/congelados/hielo-helados-y-postres/helados-premium;https://www.unimarc.cl/_next/data/0ucQ92dO_m9T9joH0FjVV/category/congelados/hielo-helados-y-postres/helados-premium.json?categories=congelados&categories=hielo-helados-y-postres&categories=helados-premium;2026-03-09T19:17:21
978;Helado Emporio La Rosa sabor vainilla 550 g;Emporio La Rosa;1 un;Kg;8990;8990;;False;;$16.345 x Kg;$16.345 x Kg;https://www.unimarc.cl/helado-emporio-la-rosa-vainilla-800-ml/p;https://unimarc.vtexassets.com/arquivos/ids/211125/000000000000345755-UN-01.jpg?v=637522976395230000;Hielo, helados y postres;Helados premium;https://www.unimarc.cl/category/congelados/hielo-helados-y-postres/helados-premium;https://www.unimarc.cl/_next/data/0ucQ92dO_m9T9joH0FjVV/category/congelados/hielo-helados-y-postres/helados-premium.json?categories=congelados&categories=hielo-helados-y-postres&categories=helados-premium;2026-03-09T19:17:21
86445;Helado varsovienne chocolate almendra 450ml;Varsovienne;1 un;litro;7550;7550;;False;;$16.778 x litro;$16.778 x litro;https://www.unimarc.cl/helado-varsovienne-450m-choc-almendra/p;https://unimarc.vtexassets.com/arquivos/ids/236890/000000000666260002-UN-01.jpg?v=638387814385930000;Hielo, helados y postres;Helados premium;https://www.unimarc.cl/category/congelados/hielo-helados-y-postres/helados-premium;https://www.unimarc.cl/_next/data/0ucQ92dO_m9T9joH0FjVV/category/congelados/hielo-helados-y-postres/helados-premium.json?categories=congelados&categories=hielo-helados-y-postres&categories=helados-premium;2026-03-09T19:17:21
92828;Helado bites Frutos del Maipo arándano pote 150 g;Frutos Del Maipo;1 un;Kg;4990;4990;;False;;$33.267 x Kg;$33.267 x Kg;https://www.unimarc.cl/bom-bom-bites-f-maipo-150gr-arandano/p;https://unimarc.vtexassets.com/arquivos/ids/251301/000000000687032001-UN-01.jpg?v=638929580402970000;Hielo, helados y postres;Helados premium;https://www.unimarc.cl/category/congelados/hielo-helados-y-postres/helados-premium;https://www.unimarc.cl/_next/data/0ucQ92dO_m9T9joH0FjVV/category/congelados/hielo-helados-y-postres/helados-premium.json?categories=congelados&categories=hielo-helados-y-postres&categories=helados-premium;2026-03-09T19:17:21
75252;Helado Not Ice Cream cookies&dreams pote 284 g;Not Ice Cream;1 un;Kg;4390;4390;;False;;$15.458 x Kg;$15.458 x Kg;https://www.unimarc.cl/not-ice-cream-cookies-cream-328gr/p;https://unimarc.vtexassets.com/arquivos/ids/245842/000000000000649898-UN-01.jpg?v=638694475800870000;Hielo, helados y postres;Helados premium;https://www.unimarc.cl/category/congelados/hielo-helados-y-postres/helados-premium;https://www.unimarc.cl/_next/data/0ucQ92dO_m9T9joH0FjVV/category/congelados/hielo-helados-y-postres/helados-premium.json?categories=congelados&categories=hielo-helados-y-postres&categories=helados-premium;2026-03-09T19:17:21
78896;Helado Not Ice Cream sabor cheesecake de frambuesa pote 298 g;Not Ice Cream;1 un;Kg;4390;4390;;False;;$14.732 x Kg;$14.732 x Kg;https://www.unimarc.cl/helado-cheese-frambuesa-noticecream-298g/p;https://unimarc.vtexassets.com/arquivos/ids/245841/000000000000652943-UN-01.jpg?v=638694475344870000;Hielo, helados y postres;Helados premium;https://www.unimarc.cl/category/congelados/hielo-helados-y-postres/helados-premium;https://www.unimarc.cl/_next/data/0ucQ92dO_m9T9joH0FjVV/category/congelados/hielo-helados-y-postres/helados-premium.json?categories=congelados&categories=hielo-helados-y-postres&categories=helados-premium;2026-03-09T19:17:21
93179;Helado lúcuma manjar Guallarauco 580 gr;Guallarauco;1 un;Kg;5990;5990;;False;;$10.328 x Kg;$10.328 x Kg;https://www.unimarc.cl/helado-guallarauco-580gr-lucuma-manjar/p;https://unimarc.vtexassets.com/arquivos/ids/252500/000000000686097004-UN-01.jpg?v=638973508334370000;Hielo, helados y postres;Helados premium;https://www.unimarc.cl/category/congelados/hielo-helados-y-postres/helados-premium;https://www.unimarc.cl/_next/data/0ucQ92dO_m9T9joH0FjVV/category/congelados/hielo-helados-y-postres/helados-premium.json?categories=congelados&categories=hielo-helados-y-postres&categories=helados-premium;2026-03-09T19:17:21
76504;Helado Bravissimo mousse de chocolate 900ml;Bravissimo;1 un;Kg;6490;6490;;False;;$11.528 x Kg;$11.528 x Kg;https://www.unimarc.cl/helado-bravissimo-900ml-mousse-chocolate/p;https://unimarc.vtexassets.com/arquivos/ids/215611/000000000650104002-UN-01.jpg?v=637580938537200000;Hielo, helados y postres;Helados premium;https://www.unimarc.cl/category/congelados/hielo-helados-y-postres/helados-premium;https://www.unimarc.cl/_next/data/0ucQ92dO_m9T9joH0FjVV/category/congelados/hielo-helados-y-postres/helados-premium.json?categories=congelados&categories=hielo-helados-y-postres&categories=helados-premium;2026-03-09T19:17:21
93177;Helado frambuesa Guallarauco 580 gr;Guallarauco;1 un;Kg;5990;5990;;False;;$10.328 x Kg;$10.328 x Kg;https://www.unimarc.cl/helado-guallarauco-580gr-frambuesa/p;https://unimarc.vtexassets.com/arquivos/ids/252493/000000000686097002-UN-01.jpg?v=638973471706470000;Hielo, helados y postres;Helados premium;https://www.unimarc.cl/category/congelados/hielo-helados-y-postres/helados-premium;https://www.unimarc.cl/_next/data/0ucQ92dO_m9T9joH0FjVV/category/congelados/hielo-helados-y-postres/helados-premium.json?categories=congelados&categories=hielo-helados-y-postres&categories=helados-premium;2026-03-09T19:17:21
86444;Helado varsovienne chocolate naranja 450ml;Varsovienne;1 un;litro;7550;7550;;False;;$16.778 x litro;$16.778 x litro;https://www.unimarc.cl/helado-varsovienne-450m-choc-naranja/p;https://unimarc.vtexassets.com/arquivos/ids/236889/000000000666260001-UN-01.jpg?v=638387814382800000;Hielo, helados y postres;Helados premium;https://www.unimarc.cl/category/congelados/hielo-helados-y-postres/helados-premium;https://www.unimarc.cl/_next/data/0ucQ92dO_m9T9joH0FjVV/category/congelados/hielo-helados-y-postres/helados-premium.json?categories=congelados&categories=hielo-helados-y-postres&categories=helados-premium;2026-03-09T19:17:21
96496;Helado postre San Francisco tiramisú 900 ml;San Francisco;1 un;litro;7190;7190;;False;;$7.989 x litro;$7.989 x litro;https://www.unimarc.cl/helado-postre-sf-900ml-tiramisu/p;https://unimarc.vtexassets.com/arquivos/ids/255126/000000000697736002-UN-01.jpg?v=639039294257830000;Hielo, helados y postres;Helados premium;https://www.unimarc.cl/category/congelados/hielo-helados-y-postres/helados-premium;https://www.unimarc.cl/_next/data/0ucQ92dO_m9T9joH0FjVV/category/congelados/hielo-helados-y-postres/helados-premium.json?categories=congelados&categories=hielo-helados-y-postres&categories=helados-premium;2026-03-09T19:17:21
96495;Helado postre San Francisco pie de limón 900 ml;San Francisco;1 un;litro;7190;7190;;False;;$7.989 x litro;$7.989 x litro;https://www.unimarc.cl/helado-postre-sf-900ml-pie-de-limon/p;https://unimarc.vtexassets.com/arquivos/ids/255076/000000000697736001-UN-01.jpg?v=639039252284400000;Hielo, helados y postres;Helados premium;https://www.unimarc.cl/category/congelados/hielo-helados-y-postres/helados-premium;https://www.unimarc.cl/_next/data/0ucQ92dO_m9T9joH0FjVV/category/congelados/hielo-helados-y-postres/helados-premium.json?categories=congelados&categories=hielo-helados-y-postres&categories=helados-premium;2026-03-09T19:17:21
93178;Helado mango Guallarauco 580 gr;Guallarauco;1 un;Kg;5990;5990;;False;;$10.328 x Kg;$10.328 x Kg;https://www.unimarc.cl/helado-guallarauco-580gr-mango/p;https://unimarc.vtexassets.com/arquivos/ids/252494/000000000686097003-UN-01.jpg?v=638973472365470000;Hielo, helados y postres;Helados premium;https://www.unimarc.cl/category/congelados/hielo-helados-y-postres/helados-premium;https://www.unimarc.cl/_next/data/0ucQ92dO_m9T9joH0FjVV/category/congelados/hielo-helados-y-postres/helados-premium.json?categories=congelados&categories=hielo-helados-y-postres&categories=helados-premium;2026-03-09T19:17:21
76501;Helado Bravissimo banana split 900ml;Bravissimo;1 un;Kg;6490;6490;;False;;$11.170 x Kg;$11.170 x Kg;https://www.unimarc.cl/helado-bravissimo-900ml-banana-split/p;https://unimarc.vtexassets.com/arquivos/ids/215608/000000000650103001-UN-01.jpg?v=637580936780370000;Hielo, helados y postres;Helados premium;https://www.unimarc.cl/category/congelados/hielo-helados-y-postres/helados-premium;https://www.unimarc.cl/_next/data/0ucQ92dO_m9T9joH0FjVV/category/congelados/hielo-helados-y-postres/helados-premium.json?categories=congelados&categories=hielo-helados-y-postres&categories=helados-premium;2026-03-09T19:17:21
60832;Helado Emporio la Rosa chocolate araucano 550 g;Emporio La Rosa;1 un;Kg;8990;8990;;False;;$16.345 x Kg;$16.345 x Kg;https://www.unimarc.cl/helado-emporio-la-rosa-chocolate-araucano-550-g/p;https://unimarc.vtexassets.com/arquivos/ids/211126/000000000639085002-UN-01.jpg?v=637522977020430000;Hielo, helados y postres;Helados premium;https://www.unimarc.cl/category/congelados/hielo-helados-y-postres/helados-premium;https://www.unimarc.cl/_next/data/0ucQ92dO_m9T9joH0FjVV/category/congelados/hielo-helados-y-postres/helados-premium.json?categories=congelados&categories=hielo-helados-y-postres&categories=helados-premium;2026-03-09T19:17:21
14362;Helado S/Lac Coppelia Chocolate/Naranja;Coppelia;1 un;litro;6690;6690;;False;;$8.363 x litro;$8.363 x litro;https://www.unimarc.cl/helado-s-l-coppelia-800m-naranja-morena/p;https://unimarc.vtexassets.com/arquivos/ids/174334/000000000615928002-UN.jpg?v=636644262207830000;Hielo, helados y postres;Helados premium;https://www.unimarc.cl/category/congelados/hielo-helados-y-postres/helados-premium;https://www.unimarc.cl/_next/data/0ucQ92dO_m9T9joH0FjVV/category/congelados/hielo-helados-y-postres/helados-premium.json?categories=congelados&categories=hielo-helados-y-postres&categories=helados-premium;2026-03-09T19:17:21
86446;Helado varsovienne caluga de leche 450ml;Varsovienne;1 un;litro;7550;7550;;False;;$16.778 x litro;$16.778 x litro;https://www.unimarc.cl/helado-varsovienne-450m-caluga-de-leche/p;https://unimarc.vtexassets.com/arquivos/ids/236891/000000000666260003-UN-01.jpg?v=638387814387670000;Hielo, helados y postres;Helados premium;https://www.unimarc.cl/category/congelados/hielo-helados-y-postres/helados-premium;https://www.unimarc.cl/_next/data/0ucQ92dO_m9T9joH0FjVV/category/congelados/hielo-helados-y-postres/helados-premium.json?categories=congelados&categories=hielo-helados-y-postres&categories=helados-premium;2026-03-09T19:17:21
93944;Helado Freddo chocolate doble pote 320 gr;Freddo;1 un;Kg;7690;7690;;False;;$24.031 x Kg;$24.031 x Kg;https://www.unimarc.cl/helado-freddo-320gr-chocolate-doble/p;https://unimarc.vtexassets.com/arquivos/ids/254302/000000000688008001-UN-01.jpg?v=639015658009570000;Hielo, helados y postres;Helados premium;https://www.unimarc.cl/category/congelados/hielo-helados-y-postres/helados-premium;https://www.unimarc.cl/_next/data/0ucQ92dO_m9T9joH0FjVV/category/congelados/hielo-helados-y-postres/helados-premium.json?categories=congelados&categories=hielo-helados-y-postres&categories=helados-premium;2026-03-09T19:17:21
93945;Helado Freddo frutilla pote 320 gr;Freddo;1 un;Kg;7690;7690;;False;;$24.031 x Kg;$24.031 x Kg;https://www.unimarc.cl/helado-freddo-320gr-frutilla/p;https://unimarc.vtexassets.com/arquivos/ids/254303/000000000688008002-UN-01.jpg?v=639015658012530000;Hielo, helados y postres;Helados premium;https://www.unimarc.cl/category/congelados/hielo-helados-y-postres/helados-premium;https://www.unimarc.cl/_next/data/0ucQ92dO_m9T9joH0FjVV/category/congelados/hielo-helados-y-postres/helados-premium.json?categories=congelados&categories=hielo-helados-y-postres&categories=helados-premium;2026-03-09T19:17:21
1810;Helado Häagen Dazs chocolate belga 473 ml;Hagen Dazs;1 un;litro;8490;8490;;False;;$17.949 x litro;$17.949 x litro;https://www.unimarc.cl/helado-hagen-dazs-crema-chocolate-473-ml/p;https://unimarc.vtexassets.com/arquivos/ids/232708/000000000402318013-UN-01.jpg?v=638173446626230000;Hielo, helados y postres;Helados premium;https://www.unimarc.cl/category/congelados/hielo-helados-y-postres/helados-premium;https://www.unimarc.cl/_next/data/0ucQ92dO_m9T9joH0FjVV/category/congelados/hielo-helados-y-postres/helados-premium.json?categories=congelados&categories=hielo-helados-y-postres&categories=helados-premium;2026-03-09T19:17:21
979;Helado Emporio La Rosa sabor dulce de leche 550 g;Emporio La Rosa;1 un;Kg;8990;8990;;False;;$16.345 x Kg;$16.345 x Kg;https://www.unimarc.cl/helado-emporio-la-rosa-dulce-de-leche-800-ml/p;https://unimarc.vtexassets.com/arquivos/ids/211127/000000000000345756-UN-01.jpg?v=637522977625930000;Hielo, helados y postres;Helados premium;https://www.unimarc.cl/category/congelados/hielo-helados-y-postres/helados-premium;https://www.unimarc.cl/_next/data/0ucQ92dO_m9T9joH0FjVV/category/congelados/hielo-helados-y-postres/helados-premium.json?categories=congelados&categories=hielo-helados-y-postres&categories=helados-premium;2026-03-09T19:17:21
93946;Helado Freddo dulce de leche pote 320 gr;Freddo;1 un;Kg;7690;7690;;False;;$24.031 x Kg;$24.031 x Kg;https://www.unimarc.cl/helado-freddo-320gr-dulce-de-leche/p;https://unimarc.vtexassets.com/arquivos/ids/254304/000000000688008003-UN-01.jpg?v=639015658014730000;Hielo, helados y postres;Helados premium;https://www.unimarc.cl/category/congelados/hielo-helados-y-postres/helados-premium;https://www.unimarc.cl/_next/data/0ucQ92dO_m9T9joH0FjVV/category/congelados/hielo-helados-y-postres/helados-premium.json?categories=congelados&categories=hielo-helados-y-postres&categories=helados-premium;2026-03-09T19:17:21
1806;Helado Häagen Dazs frutilla leche pote 474 ml;Hagen Dazs;1 un;litro;8490;8490;;False;;$17.949 x litro;$17.949 x litro;https://www.unimarc.cl/helado-hagen-dazs-frutilla-leche-pote-474-ml/p;https://unimarc.vtexassets.com/arquivos/ids/194641/000000000402318001-UN-01.jpg?v=637248078562430000;Hielo, helados y postres;Helados premium;https://www.unimarc.cl/category/congelados/hielo-helados-y-postres/helados-premium;https://www.unimarc.cl/_next/data/0ucQ92dO_m9T9joH0FjVV/category/congelados/hielo-helados-y-postres/helados-premium.json?categories=congelados&categories=hielo-helados-y-postres&categories=helados-premium;2026-03-09T19:17:21
1808;Helado Häagen Dazs crema dulce de leche 473 ml;Hagen Dazs;1 un;litro;8490;8490;;False;;$17.949 x litro;$17.949 x litro;https://www.unimarc.cl/helado-hagen-dazs-crema-dulce-de-leche-473-ml/p;https://unimarc.vtexassets.com/arquivos/ids/194637/000000000402318011-UN-01.jpg?v=637248076410730000;Hielo, helados y postres;Helados premium;https://www.unimarc.cl/category/congelados/hielo-helados-y-postres/helados-premium;https://www.unimarc.cl/_next/data/0ucQ92dO_m9T9joH0FjVV/category/congelados/hielo-helados-y-postres/helados-premium.json?categories=congelados&categories=hielo-helados-y-postres&categories=helados-premium;2026-03-09T19:17:21
1807;Helado Häagen Dazs vainilla pote 474 ml;Hagen Dazs;1 un;litro;8490;8490;;False;;$17.949 x litro;$17.949 x litro;https://www.unimarc.cl/helado-hagen-dazs-vainilla-pote-474-ml/p;https://unimarc.vtexassets.com/arquivos/ids/194639/000000000402318002-UN-01.jpg?v=637248078033700000;Hielo, helados y postres;Helados premium;https://www.unimarc.cl/category/congelados/hielo-helados-y-postres/helados-premium;https://www.unimarc.cl/_next/data/0ucQ92dO_m9T9joH0FjVV/category/congelados/hielo-helados-y-postres/helados-premium.json?categories=congelados&categories=hielo-helados-y-postres&categories=helados-premium;2026-03-09T19:17:21
96764;Frambuesa bite dark Frutos del Maipo 250 gr;Frutos Del Maipo;1 un;Kg;7150;7150;;False;;$28.600 x Kg;$28.600 x Kg;https://www.unimarc.cl/frambuesa-bite-dark-fdm-250g/p;https://unimarc.vtexassets.com/arquivos/ids/256380/000000000000699369-UN-01.jpg?v=639080632433230000;Hielo, helados y postres;Helados premium;https://www.unimarc.cl/category/congelados/hielo-helados-y-postres/helados-premium;https://www.unimarc.cl/_next/data/0ucQ92dO_m9T9joH0FjVV/category/congelados/hielo-helados-y-postres/helados-premium.json?categories=congelados&categories=hielo-helados-y-postres&categories=helados-premium;2026-03-09T19:17:21
96763;Frambuesa bite dark Frutos del Maipo 150 gr;Frutos Del Maipo;1 un;Kg;4650;4650;;False;;$31.000 x Kg;$31.000 x Kg;https://www.unimarc.cl/frambuesa-bite-dark-fdm-150g/p;https://unimarc.vtexassets.com/arquivos/ids/256379/000000000000699368-UN-01.jpg?v=639080632427170000;Hielo, helados y postres;Helados premium;https://www.unimarc.cl/category/congelados/hielo-helados-y-postres/helados-premium;https://www.unimarc.cl/_next/data/0ucQ92dO_m9T9joH0FjVV/category/congelados/hielo-helados-y-postres/helados-premium.json?page=2&categories=congelados&categories=hielo-helados-y-postres&categories=helados-premium;2026-03-09T19:17:28
1743;Helado Savory piña cassata 1 L;Savory;1 un;litro;2890;3690;2890;True;Ahorras $800;$2.890 x litro;$3.690 x litro;https://www.unimarc.cl/helado-savory-pina-1-l/p;https://unimarc.vtexassets.com/arquivos/ids/210369/000000000400273008-UN-01.jpg?v=637503963565100000;Hielo, helados y postres;Helados agua y fruta;https://www.unimarc.cl/category/congelados/hielo-helados-y-postres/helados-agua-y-fruta;https://www.unimarc.cl/_next/data/0ucQ92dO_m9T9joH0FjVV/category/congelados/hielo-helados-y-postres/helados-agua-y-fruta.json?categories=congelados&categories=hielo-helados-y-postres&categories=helados-agua-y-fruta;2026-03-09T19:17:42
11667;Helado Panda sabor piña 2.5 L;Panda;1 un;litro;4690;5490;4690;True;Ahorras $800;$1.876 x litro;$2.196 x litro;https://www.unimarc.cl/helado-panda-2-5-lt-pina/p;https://unimarc.vtexassets.com/arquivos/ids/255062/000000000544382002-UN-01.jpg?v=639039079610100000;Hielo, helados y postres;Helados agua y fruta;https://www.unimarc.cl/category/congelados/hielo-helados-y-postres/helados-agua-y-fruta;https://www.unimarc.cl/_next/data/0ucQ92dO_m9T9joH0FjVV/category/congelados/hielo-helados-y-postres/helados-agua-y-fruta.json?categories=congelados&categories=hielo-helados-y-postres&categories=helados-agua-y-fruta;2026-03-09T19:17:42
7642;Pack helado Guallarauco sabor frambuesa con chocolate 8 un;Guallarauco;1 un;Kg;5790;5790;;False;;$13.159 x Kg;$13.159 x Kg;https://www.unimarc.cl/barra-c-choco-guallarauco-440-frambuesa/p;https://unimarc.vtexassets.com/arquivos/ids/252470/000000000908106001-UN-01.jpg?v=638973454045130000;Hielo, helados y postres;Helados agua y fruta;https://www.unimarc.cl/category/congelados/hielo-helados-y-postres/helados-agua-y-fruta;https://www.unimarc.cl/_next/data/0ucQ92dO_m9T9joH0FjVV/category/congelados/hielo-helados-y-postres/helados-agua-y-fruta.json?categories=congelados&categories=hielo-helados-y-postres&categories=helados-agua-y-fruta;2026-03-09T19:17:42
1012;Helado Guallarauco sabor frambuesa 6 un;Guallarauco;1 un;litro;5190;5190;;False;;$14.417 x litro;$14.417 x litro;https://www.unimarc.cl/helado-guallarauco-de-fruta-frambuesa-caja-6-u/p;https://unimarc.vtexassets.com/arquivos/ids/252468/000000000000356426-UN-01.jpg?v=638973452522270000;Hielo, helados y postres;Helados agua y fruta;https://www.unimarc.cl/category/congelados/hielo-helados-y-postres/helados-agua-y-fruta;https://www.unimarc.cl/_next/data/0ucQ92dO_m9T9joH0FjVV/category/congelados/hielo-helados-y-postres/helados-agua-y-fruta.json?categories=congelados&categories=hielo-helados-y-postres&categories=helados-agua-y-fruta;2026-03-09T19:17:42
11640;Helado San Francisco sabor agua frambuesa 1 L;San Francisco;1 un;litro;4690;4690;;False;;$4.690 x litro;$4.690 x litro;https://www.unimarc.cl/helado-agua-loncomilla-1-lt-frambuesa/p;https://unimarc.vtexassets.com/arquivos/ids/255128/000000000401679001-UN-01.jpg?v=639039299702630000;Hielo, helados y postres;Helados agua y fruta;https://www.unimarc.cl/category/congelados/hielo-helados-y-postres/helados-agua-y-fruta;https://www.unimarc.cl/_next/data/0ucQ92dO_m9T9joH0FjVV/category/congelados/hielo-helados-y-postres/helados-agua-y-fruta.json?categories=congelados&categories=hielo-helados-y-postres&categories=helados-agua-y-fruta;2026-03-09T19:17:42
1813;Pack helado Guallarauco sabor mango 6 un;Guallarauco;1 un;litro;5190;5190;;False;;$14.417 x litro;$14.417 x litro;https://www.unimarc.cl/helado-guallarauco-de-fruta-mango-6-u/p;https://unimarc.vtexassets.com/arquivos/ids/252469/000000000557923001-UN-01.jpg?v=638973452843730000;Hielo, helados y postres;Helados agua y fruta;https://www.unimarc.cl/category/congelados/hielo-helados-y-postres/helados-agua-y-fruta;https://www.unimarc.cl/_next/data/0ucQ92dO_m9T9joH0FjVV/category/congelados/hielo-helados-y-postres/helados-agua-y-fruta.json?categories=congelados&categories=hielo-helados-y-postres&categories=helados-agua-y-fruta;2026-03-09T19:17:42
59427;Helado Yogen Fruz mango maracuyá 800 ml;Yogen Fruz;1 un;litro;6990;6990;;False;;$8.738 x litro;$8.738 x litro;https://www.unimarc.cl/helado-yogen-fruz-800g-mango-maracuya/p;https://unimarc.vtexassets.com/arquivos/ids/205725/000000000630698007-UN-01.jpg?v=637429707227800000;Hielo, helados y postres;Helados agua y fruta;https://www.unimarc.cl/category/congelados/hielo-helados-y-postres/helados-agua-y-fruta;https://www.unimarc.cl/_next/data/0ucQ92dO_m9T9joH0FjVV/category/congelados/hielo-helados-y-postres/helados-agua-y-fruta.json?categories=congelados&categories=hielo-helados-y-postres&categories=helados-agua-y-fruta;2026-03-09T19:17:42
96865;Casata de chirimoya alegre Chamonix 2.5lt;Chamonix;1 un;litro;5790;5790;;False;;$2 x litro;$2 x litro;https://www.unimarc.cl/casata-chirimoya-alegre-chamonix-2-5lt/p;https://unimarc.vtexassets.com/arquivos/ids/256336/000000000000699275-UN-01.jpg?v=639077695481200000;Hielo, helados y postres;Helados agua y fruta;https://www.unimarc.cl/category/congelados/hielo-helados-y-postres/helados-agua-y-fruta;https://www.unimarc.cl/_next/data/0ucQ92dO_m9T9joH0FjVV/category/congelados/hielo-helados-y-postres/helados-agua-y-fruta.json?categories=congelados&categories=hielo-helados-y-postres&categories=helados-agua-y-fruta;2026-03-09T19:17:42
78175;Helado San Francisco 0% azúcar chocolate nuss 680 g;San Francisco;1 un;Kg;5850;6550;5850;True;Ahorras $700;$8.603 x Kg;$9.632 x Kg;https://www.unimarc.cl/helado-0-azucar-san-fran-680-chocolate/p;https://unimarc.vtexassets.com/arquivos/ids/252072/000000000652333001-UN-01.jpg.jpg?v=639039300078700000;Hielo, helados y postres;Helados light;https://www.unimarc.cl/category/congelados/hielo-helados-y-postres/helados-light;https://www.unimarc.cl/_next/data/0ucQ92dO_m9T9joH0FjVV/category/congelados/hielo-helados-y-postres/helados-light.json?categories=congelados&categories=hielo-helados-y-postres&categories=helados-light;2026-03-09T19:17:55
78176;Helado San Francisco 0% azúcar vainilla 680 g;San Francisco;1 un;Kg;5850;6550;5850;True;Ahorras $700;$8.603 x Kg;$9.632 x Kg;https://www.unimarc.cl/helado-0-azucar-san-fran-680g-vainilla/p;https://unimarc.vtexassets.com/arquivos/ids/252076/000000000652333002-UN-01.jpg.jpg?v=639039300252670000;Hielo, helados y postres;Helados light;https://www.unimarc.cl/category/congelados/hielo-helados-y-postres/helados-light;https://www.unimarc.cl/_next/data/0ucQ92dO_m9T9joH0FjVV/category/congelados/hielo-helados-y-postres/helados-light.json?categories=congelados&categories=hielo-helados-y-postres&categories=helados-light;2026-03-09T19:17:55
87132;Helado Savory chocolate 0% azúcar 1 L;Savory;1 un;litro;4590;5690;4590;True;Ahorras $1.100;$4.590 x litro;$5.690 x litro;https://www.unimarc.cl/helado-0-azucar-savory-1lt-chocolate/p;https://unimarc.vtexassets.com/arquivos/ids/239099/000000000668342001-UN-01.jpg?v=638501087610700000;Hielo, helados y postres;Helados light;https://www.unimarc.cl/category/congelados/hielo-helados-y-postres/helados-light;https://www.unimarc.cl/_next/data/0ucQ92dO_m9T9joH0FjVV/category/congelados/hielo-helados-y-postres/helados-light.json?categories=congelados&categories=hielo-helados-y-postres&categories=helados-light;2026-03-09T19:17:55
87133;Helado Savory vainilla 0% azúcar 1 L;Savory;1 un;litro;4590;5690;4590;True;Ahorras $1.100;$4.590 x litro;$5.690 x litro;https://www.unimarc.cl/helado-0-azucar-savory-1lt-vainilla/p;https://unimarc.vtexassets.com/arquivos/ids/239100/000000000668342002-UN-01.jpg?v=638501087960600000;Hielo, helados y postres;Helados light;https://www.unimarc.cl/category/congelados/hielo-helados-y-postres/helados-light;https://www.unimarc.cl/_next/data/0ucQ92dO_m9T9joH0FjVV/category/congelados/hielo-helados-y-postres/helados-light.json?categories=congelados&categories=hielo-helados-y-postres&categories=helados-light;2026-03-09T19:17:55
78184;Helado San Francisco 0% azúcar frutos del bosque 680 g;San Francisco;1 un;Kg;5850;6550;5850;True;Ahorras $700;$8.603 x Kg;$9.632 x Kg;https://www.unimarc.cl/helado-0-azucar-san-fran-6-frut-bosque/p;https://unimarc.vtexassets.com/arquivos/ids/246933/000000000652333003-UN-01.jpg.jpg?v=638755091787730000;Hielo, helados y postres;Helados light;https://www.unimarc.cl/category/congelados/hielo-helados-y-postres/helados-light;https://www.unimarc.cl/_next/data/0ucQ92dO_m9T9joH0FjVV/category/congelados/hielo-helados-y-postres/helados-light.json?categories=congelados&categories=hielo-helados-y-postres&categories=helados-light;2026-03-09T19:17:55
14288;Helado Viennetta clásica 1 L;Viennetta;1 un;litro;4350;4850;4350;True;Ahorras $500;$4.350 x litro;$4.850 x litro;https://www.unimarc.cl/postre-helado-viennetta-1-lt-clasica/p;https://unimarc.vtexassets.com/arquivos/ids/253981/000000000400547001-UN-01.jpg?v=639009021173700000;Hielo, helados y postres;Postres helados;https://www.unimarc.cl/category/congelados/hielo-helados-y-postres/postres-helados;https://www.unimarc.cl/_next/data/0ucQ92dO_m9T9joH0FjVV/category/congelados/hielo-helados-y-postres/postres-helados.json?categories=congelados&categories=hielo-helados-y-postres&categories=postres-helados;2026-03-09T19:18:08
12903;Helado Viennetta lúcuma 1 L;Viennetta;1 un;litro;4140;4850;4140;True;Ahorras $710;$4.140 x litro;$4.850 x litro;https://www.unimarc.cl/postre-helado-viennetta-1-lt-lucuma/p;https://unimarc.vtexassets.com/arquivos/ids/253982/000000000400547015-UN-01.jpg?v=639009021850330000;Hielo, helados y postres;Postres helados;https://www.unimarc.cl/category/congelados/hielo-helados-y-postres/postres-helados;https://www.unimarc.cl/_next/data/0ucQ92dO_m9T9joH0FjVV/category/congelados/hielo-helados-y-postres/postres-helados.json?categories=congelados&categories=hielo-helados-y-postres&categories=postres-helados;2026-03-09T19:18:08
13371;Postre Helado Viennetta sabor capuccino 1 L;Viennetta;1 un;litro;4140;4850;4140;True;Ahorras $710;$4.140 x litro;$4.850 x litro;https://www.unimarc.cl/postre-helado-viennetta-1-lt-capuccino/p;https://unimarc.vtexassets.com/arquivos/ids/253983/000000000400547013-UN-01.jpg?v=639009022501800000;Hielo, helados y postres;Postres helados;https://www.unimarc.cl/category/congelados/hielo-helados-y-postres/postres-helados;https://www.unimarc.cl/_next/data/0ucQ92dO_m9T9joH0FjVV/category/congelados/hielo-helados-y-postres/postres-helados.json?categories=congelados&categories=hielo-helados-y-postres&categories=postres-helados;2026-03-09T19:18:08
86415;Helado crazy sangurucho sabor vainilla savory 125ml x 4;Savory;1 un;litro;6190;6190;;False;;$12.380 x litro;$12.380 x litro;https://www.unimarc.cl/hel-crazy-sanguru-vain-mp-savory-4x125ml/p;https://unimarc.vtexassets.com/arquivos/ids/236876/000000000000666266-UN-01.jpg?v=638392221411400000;Hielo, helados y postres;Postres helados;https://www.unimarc.cl/category/congelados/hielo-helados-y-postres/postres-helados;https://www.unimarc.cl/_next/data/0ucQ92dO_m9T9joH0FjVV/category/congelados/hielo-helados-y-postres/postres-helados.json?categories=congelados&categories=hielo-helados-y-postres&categories=postres-helados;2026-03-09T19:18:08
32284;Postre helado San Francisco cookies & cream 1 L;San Francisco;1 un;litro;7190;7190;;False;;$7.190 x litro;$7.190 x litro;https://www.unimarc.cl/postre-helado-san-francisco-1-lt-miel-2/p;https://unimarc.vtexassets.com/arquivos/ids/255120/000000000401677014-UN-01.jpg?v=639039288690570000;Hielo, helados y postres;Postres helados;https://www.unimarc.cl/category/congelados/hielo-helados-y-postres/postres-helados;https://www.unimarc.cl/_next/data/0ucQ92dO_m9T9joH0FjVV/category/congelados/hielo-helados-y-postres/postres-helados.json?categories=congelados&categories=hielo-helados-y-postres&categories=postres-helados;2026-03-09T19:18:08
11668;Postre Helado Cartedor sabor almendrado 1 L;Carte D Or;1 un;litro;5690;5690;;False;;$5.690 x litro;$5.690 x litro;https://www.unimarc.cl/postre-hel-cartedor-1-lt-almendrado/p;https://unimarc.vtexassets.com/arquivos/ids/210584/000000000544389001-UN-01.jpg?v=637508034415600000;Hielo, helados y postres;Postres helados;https://www.unimarc.cl/category/congelados/hielo-helados-y-postres/postres-helados;https://www.unimarc.cl/_next/data/0ucQ92dO_m9T9joH0FjVV/category/congelados/hielo-helados-y-postres/postres-helados.json?categories=congelados&categories=hielo-helados-y-postres&categories=postres-helados;2026-03-09T19:18:08
1745;Helado Sahne Nuss 1 L;Charlot;1 un;litro;5150;5150;;False;;$5.150 x litro;$5.150 x litro;https://www.unimarc.cl/helado-charlot-sahne-nuss-savory-1-l/p;https://unimarc.vtexassets.com/arquivos/ids/229594/000000000400292007-UN-01.jpg?v=638000609272600000;Hielo, helados y postres;Postres helados;https://www.unimarc.cl/category/congelados/hielo-helados-y-postres/postres-helados;https://www.unimarc.cl/_next/data/0ucQ92dO_m9T9joH0FjVV/category/congelados/hielo-helados-y-postres/postres-helados.json?categories=congelados&categories=hielo-helados-y-postres&categories=postres-helados;2026-03-09T19:18:08
83291;Postre helado Mega delta sabor frambuesa 650 ml;Savory;1 un;litro;6290;6290;;False;;$9.677 x litro;$9.677 x litro;https://www.unimarc.cl/helado-mega-delta-frambuesa-savory-650ml/p;https://unimarc.vtexassets.com/arquivos/ids/231394/000000000000662854-UN-01.jpg?v=638065597957830000;Hielo, helados y postres;Postres helados;https://www.unimarc.cl/category/congelados/hielo-helados-y-postres/postres-helados;https://www.unimarc.cl/_next/data/0ucQ92dO_m9T9joH0FjVV/category/congelados/hielo-helados-y-postres/postres-helados.json?categories=congelados&categories=hielo-helados-y-postres&categories=postres-helados;2026-03-09T19:18:08
86413;Helado baileys trendy 1L;Trendy;1 un;litro;5990;5990;;False;;$5.990 x litro;$5.990 x litro;https://www.unimarc.cl/helado-baileys-trendy-1lt/p;https://unimarc.vtexassets.com/arquivos/ids/246786/000000000000666261-UN-01.jpg.jpg?v=638750539255030000;Hielo, helados y postres;Postres helados;https://www.unimarc.cl/category/congelados/hielo-helados-y-postres/postres-helados;https://www.unimarc.cl/_next/data/0ucQ92dO_m9T9joH0FjVV/category/congelados/hielo-helados-y-postres/postres-helados.json?categories=congelados&categories=hielo-helados-y-postres&categories=postres-helados;2026-03-09T19:18:08
74326;Cheesecake Emporio La Rosa tiramisú 1.1 Kg;Emporio La Rosa;1 un;Kg;16390;16390;;False;;$14.900 x Kg;$14.900 x Kg;https://www.unimarc.cl/cheesecake-emporio-1-1kg-tiramisu/p;https://unimarc.vtexassets.com/arquivos/ids/211130/000000000648491002-UN-01.jpg?v=637522979686330000;Hielo, helados y postres;Postres helados;https://www.unimarc.cl/category/congelados/hielo-helados-y-postres/postres-helados;https://www.unimarc.cl/_next/data/0ucQ92dO_m9T9joH0FjVV/category/congelados/hielo-helados-y-postres/postres-helados.json?categories=congelados&categories=hielo-helados-y-postres&categories=postres-helados;2026-03-09T19:18:08
7229;Postre helado Charlot vainilla 1 L;Charlot;1 un;litro;5150;5150;;False;;$5.150 x litro;$5.150 x litro;https://www.unimarc.cl/postre-helado-charlot-clasica-vainilla/p;https://unimarc.vtexassets.com/arquivos/ids/229583/000000000400225003-UN-01.jpg?v=638000585414800000;Hielo, helados y postres;Postres helados;https://www.unimarc.cl/category/congelados/hielo-helados-y-postres/postres-helados;https://www.unimarc.cl/_next/data/0ucQ92dO_m9T9joH0FjVV/category/congelados/hielo-helados-y-postres/postres-helados.json?categories=congelados&categories=hielo-helados-y-postres&categories=postres-helados;2026-03-09T19:18:08
89778;Postre helado Mega delta sabor almendras 650 ml;Savory;1 un;litro;6290;6290;;False;;$9.677 x litro;$9.677 x litro;https://www.unimarc.cl/helado-mega-delta-almendras-savory-650ml/p;https://unimarc.vtexassets.com/arquivos/ids/246093/000000000000672378-UN-01.jpg?v=638714212128130000;Hielo, helados y postres;Postres helados;https://www.unimarc.cl/category/congelados/hielo-helados-y-postres/postres-helados;https://www.unimarc.cl/_next/data/0ucQ92dO_m9T9joH0FjVV/category/congelados/hielo-helados-y-postres/postres-helados.json?categories=congelados&categories=hielo-helados-y-postres&categories=postres-helados;2026-03-09T19:18:08
74325;Cheesecake Emporio La Rosa frambuesa 1.1 Kg;Emporio La Rosa;1 un;Kg;16390;16390;;False;;$14.900 x Kg;$14.900 x Kg;https://www.unimarc.cl/cheesecake-emporio-1-1kg-frambuesa/p;https://unimarc.vtexassets.com/arquivos/ids/211128/000000000648491001-UN-01.jpg?v=637522978483400000;Hielo, helados y postres;Postres helados;https://www.unimarc.cl/category/congelados/hielo-helados-y-postres/postres-helados;https://www.unimarc.cl/_next/data/0ucQ92dO_m9T9joH0FjVV/category/congelados/hielo-helados-y-postres/postres-helados.json?categories=congelados&categories=hielo-helados-y-postres&categories=postres-helados;2026-03-09T19:18:08
93942;Postre helado lúcuma manjar Emporio la Rosa 1.1kg;Emporio La Rosa;1 un;Kg;16390;16390;;False;;$14.900 x Kg;$14.900 x Kg;https://www.unimarc.cl/post-hel-emp-la-rosa-1-1k-lucuma-manj/p;https://unimarc.vtexassets.com/arquivos/ids/254095/000000000648491003-UN-01.jpg?v=639013961283000000;Hielo, helados y postres;Postres helados;https://www.unimarc.cl/category/congelados/hielo-helados-y-postres/postres-helados;https://www.unimarc.cl/_next/data/0ucQ92dO_m9T9joH0FjVV/category/congelados/hielo-helados-y-postres/postres-helados.json?categories=congelados&categories=hielo-helados-y-postres&categories=postres-helados;2026-03-09T19:18:08
84313;Hielo Nuestra Cocina bolsa 2 Kg;Nuestra Cocina;1 un;Kg;1590;1590;;False;;$795 x Kg;$795 x Kg;https://www.unimarc.cl/hielo-nuestra-cocina-hp-2-kg/p;https://unimarc.vtexassets.com/arquivos/ids/232996/000000000000658719-UN-01.jpg?v=638181182488730000;Hielo, helados y postres;Hielo;https://www.unimarc.cl/category/congelados/hielo-helados-y-postres/hielo;https://www.unimarc.cl/_next/data/0ucQ92dO_m9T9joH0FjVV/category/congelados/hielo-helados-y-postres/hielo.json?categories=congelados&categories=hielo-helados-y-postres&categories=hielo;2026-03-09T19:18:22
84314;Hielo Nuestra Cocina bolsa 1 Kg;Nuestra Cocina;1 un;Kg;950;950;;False;;$950 x Kg;$950 x Kg;https://www.unimarc.cl/hielo-nuestra-cocina-hp-1-kg/p;https://unimarc.vtexassets.com/arquivos/ids/232995/000000000000658720-UN-01.jpg?v=638181179448830000;Hielo, helados y postres;Hielo;https://www.unimarc.cl/category/congelados/hielo-helados-y-postres/hielo;https://www.unimarc.cl/_next/data/0ucQ92dO_m9T9joH0FjVV/category/congelados/hielo-helados-y-postres/hielo.json?categories=congelados&categories=hielo-helados-y-postres&categories=hielo;2026-03-09T19:18:22
90162;Hielo Nuestra Cocina cubo bolsa 2 Kg;Nuestra Cocina;1 un;Kg;1590;1590;;False;;$795 x Kg;$795 x Kg;https://www.unimarc.cl/hielo-cubo-nuestra-cocina-2-kg/p;https://unimarc.vtexassets.com/arquivos/ids/246013/000000000000671886-UN-01.jpg?v=638705812364470000;Hielo, helados y postres;Hielo;https://www.unimarc.cl/category/congelados/hielo-helados-y-postres/hielo;https://www.unimarc.cl/_next/data/0ucQ92dO_m9T9joH0FjVV/category/congelados/hielo-helados-y-postres/hielo.json?categories=congelados&categories=hielo-helados-y-postres&categories=hielo;2026-03-09T19:18:22
80147;Hielo Nuestra Cocina 2 Kg;Nuestra Cocina;1 un;Kg;1590;1590;;False;;$795 x Kg;$795 x Kg;https://www.unimarc.cl/hielo-nuestra-cocina-2-kg/p;https://unimarc.vtexassets.com/arquivos/ids/228297/000000000000653700-UN-01.jpg?v=637944583894600000;Hielo, helados y postres;Hielo;https://www.unimarc.cl/category/congelados/hielo-helados-y-postres/hielo;https://www.unimarc.cl/_next/data/0ucQ92dO_m9T9joH0FjVV/category/congelados/hielo-helados-y-postres/hielo.json?categories=congelados&categories=hielo-helados-y-postres&categories=hielo;2026-03-09T19:18:22
90036;Hielo Nuestra Cocina cubo bolsa 1 Kg;Nuestra Cocina;1 un;Kg;960;960;;False;;$960 x Kg;$960 x Kg;https://www.unimarc.cl/hielo-cubo-nuestra-cocina-1-kg/p;https://unimarc.vtexassets.com/arquivos/ids/246012/000000000000671885-UN-01.jpg?v=638705812362030000;Hielo, helados y postres;Hielo;https://www.unimarc.cl/category/congelados/hielo-helados-y-postres/hielo;https://www.unimarc.cl/_next/data/0ucQ92dO_m9T9joH0FjVV/category/congelados/hielo-helados-y-postres/hielo.json?categories=congelados&categories=hielo-helados-y-postres&categories=hielo;2026-03-09T19:18:22
80570;Hielo Holidays 2 Kg;Holidays;1 un;Kg;1990;1990;;False;;$995 x Kg;$995 x Kg;https://www.unimarc.cl/hielo-holidays-2-kg/p;https://unimarc.vtexassets.com/arquivos/ids/234532/000000000000595543-UN-01.jpg?v=638247799393700000;Hielo, helados y postres;Hielo;https://www.unimarc.cl/category/congelados/hielo-helados-y-postres/hielo;https://www.unimarc.cl/_next/data/0ucQ92dO_m9T9joH0FjVV/category/congelados/hielo-helados-y-postres/hielo.json?categories=congelados&categories=hielo-helados-y-postres&categories=hielo;2026-03-09T19:18:22
802;Choclo grano Minuto Verde 500 g;Minuto Verde;1 un;Kg;1790;1990;1790;True;Ahorras $200;$3.580 x Kg;$3.980 x Kg;https://www.unimarc.cl/choclo-grano-minuto-verde-500-g/p;https://unimarc.vtexassets.com/arquivos/ids/231376/000000000000190915-UN-01.jpg?v=638065312130230000;Frutas y verduras congeladas;Verduras congeladas;https://www.unimarc.cl/category/congelados/frutas-y-verduras-congeladas/verduras-congeladas;https://www.unimarc.cl/_next/data/0ucQ92dO_m9T9joH0FjVV/category/congelados/frutas-y-verduras-congeladas/verduras-congeladas.json?categories=congelados&categories=frutas-y-verduras-congeladas&categories=verduras-congeladas;2026-03-09T19:18:36
92012;Choclo grano Nuestra Cocina 500 g;Nuestra Cocina;1 un;Kg;1390;1660;1390;True;Ahorras $270;$2.780 x Kg;$3.320 x Kg;https://www.unimarc.cl/choclo-congelado-nuestra-cocina-500gr/p;https://unimarc.vtexassets.com/arquivos/ids/250681/000000000000672000-UN-01.jpg?v=638906258810300000;Frutas y verduras congeladas;Verduras congeladas;https://www.unimarc.cl/category/congelados/frutas-y-verduras-congeladas/verduras-congeladas;https://www.unimarc.cl/_next/data/0ucQ92dO_m9T9joH0FjVV/category/congelados/frutas-y-verduras-congeladas/verduras-congeladas.json?categories=congelados&categories=frutas-y-verduras-congeladas&categories=verduras-congeladas;2026-03-09T19:18:36
698;Choclo grano Frutos del Maipo 500 g;Frutos Del Maipo;1 un;Kg;1790;2190;1790;True;Ahorras $400;$3.580 x Kg;$4.380 x Kg;https://www.unimarc.cl/choclo-grano-frutos-del-maipo-500-g/p;https://unimarc.vtexassets.com/arquivos/ids/250588/000000000000179959-UN-01.jpg?v=638902708407070000;Frutas y verduras congeladas;Verduras congeladas;https://www.unimarc.cl/category/congelados/frutas-y-verduras-congeladas/verduras-congeladas;https://www.unimarc.cl/_next/data/0ucQ92dO_m9T9joH0FjVV/category/congelados/frutas-y-verduras-congeladas/verduras-congeladas.json?categories=congelados&categories=frutas-y-verduras-congeladas&categories=verduras-congeladas;2026-03-09T19:18:36
801;Papas prefritas Minuto Verde bolsa 1 Kg;Minuto Verde;1 un;Kg;4190;5090;4190;True;Ahorras $900;$4.190 x Kg;$5.090 x Kg;https://www.unimarc.cl/papas-prefritas-minuto-verde-7-8-porc-1kg/p;https://unimarc.vtexassets.com/arquivos/ids/250883/000000000000190471-UN-01.jpg?v=638913164115970000;Frutas y verduras congeladas;Verduras congeladas;https://www.unimarc.cl/category/congelados/frutas-y-verduras-congeladas/verduras-congeladas;https://www.unimarc.cl/_next/data/0ucQ92dO_m9T9joH0FjVV/category/congelados/frutas-y-verduras-congeladas/verduras-congeladas.json?categories=congelados&categories=frutas-y-verduras-congeladas&categories=verduras-congeladas;2026-03-09T19:18:36
960;Papas prefritas Frutos Del Maipo bolsa 1 Kg;Frutos Del Maipo;1 un;Kg;3990;4890;3990;True;Ahorras $900;$3.990 x Kg;$4.890 x Kg;https://www.unimarc.cl/papas-prefritas-frutos-del-maipo-bolsa-1-kg/p;https://unimarc.vtexassets.com/arquivos/ids/250592/000000000000335514-UN-01.jpg?v=638902719219070000;Frutas y verduras congeladas;Verduras congeladas;https://www.unimarc.cl/category/congelados/frutas-y-verduras-congeladas/verduras-congeladas;https://www.unimarc.cl/_next/data/0ucQ92dO_m9T9joH0FjVV/category/congelados/frutas-y-verduras-congeladas/verduras-congeladas.json?categories=congelados&categories=frutas-y-verduras-congeladas&categories=verduras-congeladas;2026-03-09T19:18:36
91911;Arvejas Nuestra Cocina 500 g;Nuestra Cocina;1 un;Kg;1490;1890;1490;True;Ahorras $400;$2.980 x Kg;$3.780 x Kg;https://www.unimarc.cl/arvejas-congeladas-nuestra-cocina-500-gr/p;https://unimarc.vtexassets.com/arquivos/ids/250729/000000000000673917-UN-01.jpg?v=638906983518000000;Frutas y verduras congeladas;Verduras congeladas;https://www.unimarc.cl/category/congelados/frutas-y-verduras-congeladas/verduras-congeladas;https://www.unimarc.cl/_next/data/0ucQ92dO_m9T9joH0FjVV/category/congelados/frutas-y-verduras-congeladas/verduras-congeladas.json?categories=congelados&categories=frutas-y-verduras-congeladas&categories=verduras-congeladas;2026-03-09T19:18:36
800;Papas duquesa Minuto Verde bolsa 1 Kg;Minuto Verde;1 un;Kg;4190;5090;4190;True;Ahorras $900;$4.190 x Kg;$5.090 x Kg;https://www.unimarc.cl/papas-duquesa-minuto-verde-1kg/p;https://unimarc.vtexassets.com/arquivos/ids/250880/000000000000190468-UN-01.jpg?v=638913159881470000;Frutas y verduras congeladas;Verduras congeladas;https://www.unimarc.cl/category/congelados/frutas-y-verduras-congeladas/verduras-congeladas;https://www.unimarc.cl/_next/data/0ucQ92dO_m9T9joH0FjVV/category/congelados/frutas-y-verduras-congeladas/verduras-congeladas.json?categories=congelados&categories=frutas-y-verduras-congeladas&categories=verduras-congeladas;2026-03-09T19:18:36
714;Pasta de choclo Frutos del Maipo 1 Kg;Frutos Del Maipo;1 un;Kg;4790;4790;;False;;$4.790 x Kg;$4.790 x Kg;https://www.unimarc.cl/pasta-de-choclo-frutos-del-maipo-1-kg/p;https://unimarc.vtexassets.com/arquivos/ids/214203/000000000000180086-UN-01.jpg?v=637562755394930000;Frutas y verduras congeladas;Verduras congeladas;https://www.unimarc.cl/category/congelados/frutas-y-verduras-congeladas/verduras-congeladas;https://www.unimarc.cl/_next/data/0ucQ92dO_m9T9joH0FjVV/category/congelados/frutas-y-verduras-congeladas/verduras-congeladas.json?categories=congelados&categories=frutas-y-verduras-congeladas&categories=verduras-congeladas;2026-03-09T19:18:36
91839;Ensalada primavera Nuestra Cocina congelada 500 g;Nuestra Cocina;1 un;Kg;1490;1790;1490;True;Ahorras $300;$2.980 x Kg;$3.580 x Kg;https://www.unimarc.cl/ensalada-primavera-cong-nues-cocina-500g/p;https://unimarc.vtexassets.com/arquivos/ids/250195/000000000000672562-UN-01.jpg?v=638888755679370000;Frutas y verduras congeladas;Verduras congeladas;https://www.unimarc.cl/category/congelados/frutas-y-verduras-congeladas/verduras-congeladas;https://www.unimarc.cl/_next/data/0ucQ92dO_m9T9joH0FjVV/category/congelados/frutas-y-verduras-congeladas/verduras-congeladas.json?categories=congelados&categories=frutas-y-verduras-congeladas&categories=verduras-congeladas;2026-03-09T19:18:36
715;Porotos verdes francés Frutos del Maipo 350 g;Frutos Del Maipo;1 un;Kg;1590;1890;1590;True;Ahorras $300;$4.543 x Kg;$5.400 x Kg;https://www.unimarc.cl/porotos-verdes-frances-frutos-del-maipo-350-g/p;https://unimarc.vtexassets.com/arquivos/ids/223519/000000000000180087-UN-01.jpg?v=637787231894330000;Frutas y verduras congeladas;Verduras congeladas;https://www.unimarc.cl/category/congelados/frutas-y-verduras-congeladas/verduras-congeladas;https://www.unimarc.cl/_next/data/0ucQ92dO_m9T9joH0FjVV/category/congelados/frutas-y-verduras-congeladas/verduras-congeladas.json?categories=congelados&categories=frutas-y-verduras-congeladas&categories=verduras-congeladas;2026-03-09T19:18:36
864;Pasta de choclo Minuto Verde bolsa 1 Kg;Minuto Verde;1 un;Kg;4590;4590;;False;;$4.590 x Kg;$4.590 x Kg;https://www.unimarc.cl/pasta-de-choclo-congelado-bolsa-1-kg/p;https://unimarc.vtexassets.com/arquivos/ids/235589/000000000000209965-UN-01.jpg?v=638321946323130000;Frutas y verduras congeladas;Verduras congeladas;https://www.unimarc.cl/category/congelados/frutas-y-verduras-congeladas/verduras-congeladas;https://www.unimarc.cl/_next/data/0ucQ92dO_m9T9joH0FjVV/category/congelados/frutas-y-verduras-congeladas/verduras-congeladas.json?categories=congelados&categories=frutas-y-verduras-congeladas&categories=verduras-congeladas;2026-03-09T19:18:36
93679;Papas duquesas Como en Casa bolsa 1 Kg;Como En Casa;1 un;Kg;3690;4350;3690;True;Ahorras $660;$3.690 x Kg;$4.350 x Kg;https://www.unimarc.cl/papas-duquesas-como-en-casa-1-kg-2/p;https://unimarc.vtexassets.com/arquivos/ids/253155/000000000000674638-UN-01.jpg?v=638991534557470000;Frutas y verduras congeladas;Verduras congeladas;https://www.unimarc.cl/category/congelados/frutas-y-verduras-congeladas/verduras-congeladas;https://www.unimarc.cl/_next/data/0ucQ92dO_m9T9joH0FjVV/category/congelados/frutas-y-verduras-congeladas/verduras-congeladas.json?categories=congelados&categories=frutas-y-verduras-congeladas&categories=verduras-congeladas;2026-03-09T19:18:36
91837;Porotos verdes Nuestra Cocina congeladas 350 g;Nuestra Cocina;1 un;Kg;1190;1490;1190;True;Ahorras $300;$3.400 x Kg;$4.257 x Kg;https://www.unimarc.cl/porotos-verdes-cong-nuestra-cocina-350gr/p;https://unimarc.vtexassets.com/arquivos/ids/250193/000000000000672547-UN-01.jpg?v=638888755674070000;Frutas y verduras congeladas;Verduras congeladas;https://www.unimarc.cl/category/congelados/frutas-y-verduras-congeladas/verduras-congeladas;https://www.unimarc.cl/_next/data/0ucQ92dO_m9T9joH0FjVV/category/congelados/frutas-y-verduras-congeladas/verduras-congeladas.json?categories=congelados&categories=frutas-y-verduras-congeladas&categories=verduras-congeladas;2026-03-09T19:18:36
91905;Cebolla picada Nuestra Cocina congelada 250 g;Nuestra Cocina;1 un;Kg;1000;1410;1000;True;Ahorras $410;$4.000 x Kg;$5.640 x Kg;https://www.unimarc.cl/cebolla-picada-cong-nuestra-cocina-250gr/p;https://unimarc.vtexassets.com/arquivos/ids/250236/000000000000672550-UN-01.jpg?v=638890496093400000;Frutas y verduras congeladas;Verduras congeladas;https://www.unimarc.cl/category/congelados/frutas-y-verduras-congeladas/verduras-congeladas;https://www.unimarc.cl/_next/data/0ucQ92dO_m9T9joH0FjVV/category/congelados/frutas-y-verduras-congeladas/verduras-congeladas.json?categories=congelados&categories=frutas-y-verduras-congeladas&categories=verduras-congeladas;2026-03-09T19:18:36
91838;Chapsui Nuestra Cocina congelado 500 g;Nuestra Cocina;1 un;Kg;2000;2590;2000;True;Ahorras $590;$4.000 x Kg;$5.180 x Kg;https://www.unimarc.cl/chapsui-congelado-nuestra-cocina-500-gr-2/p;https://unimarc.vtexassets.com/arquivos/ids/250194/000000000000672561-UN-01.jpg?v=638888755676700000;Frutas y verduras congeladas;Verduras congeladas;https://www.unimarc.cl/category/congelados/frutas-y-verduras-congeladas/verduras-congeladas;https://www.unimarc.cl/_next/data/0ucQ92dO_m9T9joH0FjVV/category/congelados/frutas-y-verduras-congeladas/verduras-congeladas.json?categories=congelados&categories=frutas-y-verduras-congeladas&categories=verduras-congeladas;2026-03-09T19:18:36
92013;Zapallo en cubo Nuestra Cocina 500 g;Nuestra Cocina;1 un;Kg;1190;1390;1190;True;Ahorras $200;$2.380 x Kg;$2.780 x Kg;https://www.unimarc.cl/zapallo-cong-en-cubo-nuestra-cocina-500g/p;https://unimarc.vtexassets.com/arquivos/ids/250682/000000000000672549-UN-01.jpg?v=638906258813270000;Frutas y verduras congeladas;Verduras congeladas;https://www.unimarc.cl/category/congelados/frutas-y-verduras-congeladas/verduras-congeladas;https://www.unimarc.cl/_next/data/0ucQ92dO_m9T9joH0FjVV/category/congelados/frutas-y-verduras-congeladas/verduras-congeladas.json?categories=congelados&categories=frutas-y-verduras-congeladas&categories=verduras-congeladas;2026-03-09T19:18:36
795;Arvejas Minuto Verde 500 g;Minuto Verde;1 un;Kg;1890;1890;;False;;$3.780 x Kg;$3.780 x Kg;https://www.unimarc.cl/arvejas-minuto-verde-500-g/p;https://unimarc.vtexassets.com/arquivos/ids/231378/000000000000190450-UN-01.jpg?v=638065313635200000;Frutas y verduras congeladas;Verduras congeladas;https://www.unimarc.cl/category/congelados/frutas-y-verduras-congeladas/verduras-congeladas;https://www.unimarc.cl/_next/data/0ucQ92dO_m9T9joH0FjVV/category/congelados/frutas-y-verduras-congeladas/verduras-congeladas.json?categories=congelados&categories=frutas-y-verduras-congeladas&categories=verduras-congeladas;2026-03-09T19:18:36
91836;Habas con piel Nuestra Cocina congeladas 500 g;Nuestra Cocina;1 un;Kg;1890;2240;1890;True;Ahorras $350;$3.780 x Kg;$4.480 x Kg;https://www.unimarc.cl/habas-con-piel-cong-nuestra-cocina-500gr-2/p;https://unimarc.vtexassets.com/arquivos/ids/250192/000000000000672545-UN-01.jpg?v=638888755671570000;Frutas y verduras congeladas;Verduras congeladas;https://www.unimarc.cl/category/congelados/frutas-y-verduras-congeladas/verduras-congeladas;https://www.unimarc.cl/_next/data/0ucQ92dO_m9T9joH0FjVV/category/congelados/frutas-y-verduras-congeladas/verduras-congeladas.json?categories=congelados&categories=frutas-y-verduras-congeladas&categories=verduras-congeladas;2026-03-09T19:18:36
699;Choclo tierno La Crianza 400 g;La Crianza;1 un;Kg;2350;2350;;False;;$5.875 x Kg;$5.875 x Kg;https://www.unimarc.cl/choclo-tierno-la-crianza-400-g/p;https://unimarc.vtexassets.com/arquivos/ids/231656/000000000000179961-UN-01.jpg?v=638074221892770000;Frutas y verduras congeladas;Verduras congeladas;https://www.unimarc.cl/category/congelados/frutas-y-verduras-congeladas/verduras-congeladas;https://www.unimarc.cl/_next/data/0ucQ92dO_m9T9joH0FjVV/category/congelados/frutas-y-verduras-congeladas/verduras-congeladas.json?categories=congelados&categories=frutas-y-verduras-congeladas&categories=verduras-congeladas;2026-03-09T19:18:36
54615;Habas Frutos del Maipo 500 g;Frutos Del Maipo;1 un;Kg;2190;2660;2190;True;Ahorras $470;$4.380 x Kg;$5.320 x Kg;https://www.unimarc.cl/habas-frutos-del-maipo-500-gr/p;https://unimarc.vtexassets.com/arquivos/ids/250596/000000000000635961-UN-01.jpg?v=638902720828530000;Frutas y verduras congeladas;Verduras congeladas;https://www.unimarc.cl/category/congelados/frutas-y-verduras-congeladas/verduras-congeladas;https://www.unimarc.cl/_next/data/0ucQ92dO_m9T9joH0FjVV/category/congelados/frutas-y-verduras-congeladas/verduras-congeladas.json?categories=congelados&categories=frutas-y-verduras-congeladas&categories=verduras-congeladas;2026-03-09T19:18:36
4506;Habas Minuto Verde 500 g;Minuto Verde;1 un;Kg;2390;2670;2390;True;Ahorras $280;$4.780 x Kg;$5.340 x Kg;https://www.unimarc.cl/habas-minuto-verde-500-gr/p;https://unimarc.vtexassets.com/arquivos/ids/231380/000000000000190917-UN-01.jpg?v=638065314592500000;Frutas y verduras congeladas;Verduras congeladas;https://www.unimarc.cl/category/congelados/frutas-y-verduras-congeladas/verduras-congeladas;https://www.unimarc.cl/_next/data/0ucQ92dO_m9T9joH0FjVV/category/congelados/frutas-y-verduras-congeladas/verduras-congeladas.json?categories=congelados&categories=frutas-y-verduras-congeladas&categories=verduras-congeladas;2026-03-09T19:18:36
4261;Arvejas Frutos del Maipo 500 g;Frutos Del Maipo;1 un;Kg;2390;2390;;False;;$4.780 x Kg;$4.780 x Kg;https://www.unimarc.cl/arvejas-frutos-del-maipo-500-gr/p;https://unimarc.vtexassets.com/arquivos/ids/223518/000000000000179957-UN-01.jpg?v=637787230150930000;Frutas y verduras congeladas;Verduras congeladas;https://www.unimarc.cl/category/congelados/frutas-y-verduras-congeladas/verduras-congeladas;https://www.unimarc.cl/_next/data/0ucQ92dO_m9T9joH0FjVV/category/congelados/frutas-y-verduras-congeladas/verduras-congeladas.json?categories=congelados&categories=frutas-y-verduras-congeladas&categories=verduras-congeladas;2026-03-09T19:18:36
36993;Choclo en trozos Frutos del Maipo 350 g;Frutos Del Maipo;1 un;Kg;2490;2490;;False;;$7.114 x Kg;$7.114 x Kg;https://www.unimarc.cl/choclo-trozo-frutos-del-maipo-350-gr/p;https://unimarc.vtexassets.com/arquivos/ids/250594/000000000000618282-UN-01.jpg?v=638902720374670000;Frutas y verduras congeladas;Verduras congeladas;https://www.unimarc.cl/category/congelados/frutas-y-verduras-congeladas/verduras-congeladas;https://www.unimarc.cl/_next/data/0ucQ92dO_m9T9joH0FjVV/category/congelados/frutas-y-verduras-congeladas/verduras-congeladas.json?categories=congelados&categories=frutas-y-verduras-congeladas&categories=verduras-congeladas;2026-03-09T19:18:36
87557;Papas prefritas finas Minuto Verde 800 g;Minuto Verde;1 un;Kg;4390;4390;;False;;$5.488 x Kg;$5.488 x Kg;https://www.unimarc.cl/papa-fina-prefrita-minuto-verde-800-gr/p;https://unimarc.vtexassets.com/arquivos/ids/250879/000000000000669299-UN-01.jpg?v=638913158434100000;Frutas y verduras congeladas;Verduras congeladas;https://www.unimarc.cl/category/congelados/frutas-y-verduras-congeladas/verduras-congeladas;https://www.unimarc.cl/_next/data/0ucQ92dO_m9T9joH0FjVV/category/congelados/frutas-y-verduras-congeladas/verduras-congeladas.json?categories=congelados&categories=frutas-y-verduras-congeladas&categories=verduras-congeladas;2026-03-09T19:18:36
804;Porotos verdes francés Minuto Verde 350 g;Minuto Verde;1 un;Kg;1890;1890;;False;;$5.400 x Kg;$5.400 x Kg;https://www.unimarc.cl/porotos-verdes-frances-minuto-verde-350-g/p;https://unimarc.vtexassets.com/arquivos/ids/231379/000000000000191797-UN-01.jpg?v=638065314141800000;Frutas y verduras congeladas;Verduras congeladas;https://www.unimarc.cl/category/congelados/frutas-y-verduras-congeladas/verduras-congeladas;https://www.unimarc.cl/_next/data/0ucQ92dO_m9T9joH0FjVV/category/congelados/frutas-y-verduras-congeladas/verduras-congeladas.json?categories=congelados&categories=frutas-y-verduras-congeladas&categories=verduras-congeladas;2026-03-09T19:18:36
11528;Zapallo Minuto Verde en Cubitos 500 g;Minuto Verde;1 un;Kg;1690;1690;;False;;$3.380 x Kg;$3.380 x Kg;https://www.unimarc.cl/zapallo-cubo-minuto-verde-500-gr/p;https://unimarc.vtexassets.com/arquivos/ids/184099/ZAPALLO-EN-CUBOS-500GR--7801220003689.jpg?v=636947550327400000;Frutas y verduras congeladas;Verduras congeladas;https://www.unimarc.cl/category/congelados/frutas-y-verduras-congeladas/verduras-congeladas;https://www.unimarc.cl/_next/data/0ucQ92dO_m9T9joH0FjVV/category/congelados/frutas-y-verduras-congeladas/verduras-congeladas.json?categories=congelados&categories=frutas-y-verduras-congeladas&categories=verduras-congeladas;2026-03-09T19:18:36
798;Porotos granados Minuto Verde bolsa 500 g;Minuto Verde;1 un;Kg;3590;3590;;False;;$7.180 x Kg;$7.180 x Kg;https://www.unimarc.cl/porotos-granados-mix-bolsa-500-g/p;https://unimarc.vtexassets.com/arquivos/ids/235586/000000000000190465-UN-01.jpg?v=638303168840400000;Frutas y verduras congeladas;Verduras congeladas;https://www.unimarc.cl/category/congelados/frutas-y-verduras-congeladas/verduras-congeladas;https://www.unimarc.cl/_next/data/0ucQ92dO_m9T9joH0FjVV/category/congelados/frutas-y-verduras-congeladas/verduras-congeladas.json?categories=congelados&categories=frutas-y-verduras-congeladas&categories=verduras-congeladas;2026-03-09T19:18:36
86598;Champiñon laminado congelado Frutos del Maipo 350 g;Frutos Del Maipo;1 un;Kg;2290;2290;;False;;$6.543 x Kg;$6.543 x Kg;https://www.unimarc.cl/champinon-cong-frutos-del-maipo-350-gr/p;https://unimarc.vtexassets.com/arquivos/ids/250601/000000000000667590-UN-01.jpg?v=638902757729300000;Frutas y verduras congeladas;Verduras congeladas;https://www.unimarc.cl/category/congelados/frutas-y-verduras-congeladas/verduras-congeladas;https://www.unimarc.cl/_next/data/0ucQ92dO_m9T9joH0FjVV/category/congelados/frutas-y-verduras-congeladas/verduras-congeladas.json?categories=congelados&categories=frutas-y-verduras-congeladas&categories=verduras-congeladas;2026-03-09T19:18:36
13784;Brocoli congelado Minuto Verde 350 g;Minuto Verde;1 un;Kg;1890;1890;;False;;$5.400 x Kg;$5.400 x Kg;https://www.unimarc.cl/brocoli-minuto-verde-350-gr/p;https://unimarc.vtexassets.com/arquivos/ids/184054/BROCOLI-350GR-7801220511108.jpg?v=636947513389170000;Frutas y verduras congeladas;Verduras congeladas;https://www.unimarc.cl/category/congelados/frutas-y-verduras-congeladas/verduras-congeladas;https://www.unimarc.cl/_next/data/0ucQ92dO_m9T9joH0FjVV/category/congelados/frutas-y-verduras-congeladas/verduras-congeladas.json?categories=congelados&categories=frutas-y-verduras-congeladas&categories=verduras-congeladas;2026-03-09T19:18:36
4494;Espinaca Minuto Verde 350 g;Minuto Verde;1 un;Kg;1790;1790;;False;;$5.114 x Kg;$5.114 x Kg;https://www.unimarc.cl/espinacas-minuto-verde-350-gr/p;https://unimarc.vtexassets.com/arquivos/ids/242882/000000000000190461-UN-01.jpg?v=638563992610830000;Frutas y verduras congeladas;Verduras congeladas;https://www.unimarc.cl/category/congelados/frutas-y-verduras-congeladas/verduras-congeladas;https://www.unimarc.cl/_next/data/0ucQ92dO_m9T9joH0FjVV/category/congelados/frutas-y-verduras-congeladas/verduras-congeladas.json?categories=congelados&categories=frutas-y-verduras-congeladas&categories=verduras-congeladas;2026-03-09T19:18:36
54639;Cebolla en cubos Frutos de Maipo congelado 150 g;Frutos Del Maipo;1 un;Kg;940;940;;False;;$6.267 x Kg;$6.267 x Kg;https://www.unimarc.cl/cebolla-cubo-frutos-del-maipo-150-gr/p;https://unimarc.vtexassets.com/arquivos/ids/214223/000000000000635962-UN-01.jpg?v=637562769903530000;Frutas y verduras congeladas;Verduras congeladas;https://www.unimarc.cl/category/congelados/frutas-y-verduras-congeladas/verduras-congeladas;https://www.unimarc.cl/_next/data/0ucQ92dO_m9T9joH0FjVV/category/congelados/frutas-y-verduras-congeladas/verduras-congeladas.json?categories=congelados&categories=frutas-y-verduras-congeladas&categories=verduras-congeladas;2026-03-09T19:18:36
92187;Aros de cebolla Minuto Verde 500 g;Minuto Verde;1 un;Kg;3990;3990;;False;;$7.980 x Kg;$7.980 x Kg;https://www.unimarc.cl/aros-de-cebolla-minuto-verde-500gr/p;https://unimarc.vtexassets.com/arquivos/ids/251288/000000000000686315-UN-01.jpg?v=638929580367600000;Frutas y verduras congeladas;Verduras congeladas;https://www.unimarc.cl/category/congelados/frutas-y-verduras-congeladas/verduras-congeladas;https://www.unimarc.cl/_next/data/0ucQ92dO_m9T9joH0FjVV/category/congelados/frutas-y-verduras-congeladas/verduras-congeladas.json?categories=congelados&categories=frutas-y-verduras-congeladas&categories=verduras-congeladas;2026-03-09T19:18:36
87517;Choclo peruano Minuto Verde 400 g;Minuto Verde;1 un;Kg;3850;3850;;False;;$9.625 x Kg;$9.625 x Kg;https://www.unimarc.cl/choclo-peruano-minuto-verde-400-gr/p;https://unimarc.vtexassets.com/arquivos/ids/255837/000000000000669051-UN-01.jpg?v=639050328394470000;Frutas y verduras congeladas;Verduras congeladas;https://www.unimarc.cl/category/congelados/frutas-y-verduras-congeladas/verduras-congeladas;https://www.unimarc.cl/_next/data/0ucQ92dO_m9T9joH0FjVV/category/congelados/frutas-y-verduras-congeladas/verduras-congeladas.json?categories=congelados&categories=frutas-y-verduras-congeladas&categories=verduras-congeladas;2026-03-09T19:18:36
91190;Papas prefritas Frutos del Maipo gajos 500 g;Frutos Del Maipo;1 un;Kg;3390;3390;;False;;$6.780 x Kg;$6.780 x Kg;https://www.unimarc.cl/papas-prefrita-gajo-f-del-maipo-500g/p;https://unimarc.vtexassets.com/arquivos/ids/247989/000000000000675419-UN-01.jpg.jpg?v=638798269005630000;Frutas y verduras congeladas;Verduras congeladas;https://www.unimarc.cl/category/congelados/frutas-y-verduras-congeladas/verduras-congeladas;https://www.unimarc.cl/_next/data/0ucQ92dO_m9T9joH0FjVV/category/congelados/frutas-y-verduras-congeladas/verduras-congeladas.json?categories=congelados&categories=frutas-y-verduras-congeladas&categories=verduras-congeladas;2026-03-09T19:18:36
953;Cebolla Minuto Verde picada 250 g;Minuto Verde;1 un;Kg;1590;1590;;False;;$6.360 x Kg;$6.360 x Kg;https://www.unimarc.cl/cebolla-picada-minuto-verde-250-g/p;https://unimarc.vtexassets.com/arquivos/ids/235593/000000000000324465-UN-01.jpg?v=638303168865900000;Frutas y verduras congeladas;Verduras congeladas;https://www.unimarc.cl/category/congelados/frutas-y-verduras-congeladas/verduras-congeladas;https://www.unimarc.cl/_next/data/0ucQ92dO_m9T9joH0FjVV/category/congelados/frutas-y-verduras-congeladas/verduras-congeladas.json?categories=congelados&categories=frutas-y-verduras-congeladas&categories=verduras-congeladas;2026-03-09T19:18:36
716;Porotos granados Frutos del Maipo 500 g;Frutos Del Maipo;1 un;Kg;3990;3990;;False;;$7.980 x Kg;$7.980 x Kg;https://www.unimarc.cl/porotos-granados-frutos-del-maipo-500-g/p;https://unimarc.vtexassets.com/arquivos/ids/216044/000000000000180089-UN-01.jpg?v=637586924923670000;Frutas y verduras congeladas;Verduras congeladas;https://www.unimarc.cl/category/congelados/frutas-y-verduras-congeladas/verduras-congeladas;https://www.unimarc.cl/_next/data/0ucQ92dO_m9T9joH0FjVV/category/congelados/frutas-y-verduras-congeladas/verduras-congeladas.json?categories=congelados&categories=frutas-y-verduras-congeladas&categories=verduras-congeladas;2026-03-09T19:18:36
42162;Choclo trozado Minuto Verde 680 g;Minuto Verde;1 un;Kg;4950;4950;;False;;$7.279 x Kg;$7.279 x Kg;https://www.unimarc.cl/choclo-trozo-minuto-verde-680-gr/p;https://unimarc.vtexassets.com/arquivos/ids/235596/000000000000629302-UN-01.jpg?v=638303168877170000;Frutas y verduras congeladas;Verduras congeladas;https://www.unimarc.cl/category/congelados/frutas-y-verduras-congeladas/verduras-congeladas;https://www.unimarc.cl/_next/data/0ucQ92dO_m9T9joH0FjVV/category/congelados/frutas-y-verduras-congeladas/verduras-congeladas.json?categories=congelados&categories=frutas-y-verduras-congeladas&categories=verduras-congeladas;2026-03-09T19:18:36
86596;Edamame minuto verde 400 G;Minuto Verde;1 un;Kg;3790;3790;;False;;$9.475 x Kg;$9.475 x Kg;https://www.unimarc.cl/edamame-minuto-verde-400-gr/p;https://unimarc.vtexassets.com/arquivos/ids/239913/000000000000667437-UN-01.jpg?v=638526118914800000;Frutas y verduras congeladas;Verduras congeladas;https://www.unimarc.cl/category/congelados/frutas-y-verduras-congeladas/verduras-congeladas;https://www.unimarc.cl/_next/data/0ucQ92dO_m9T9joH0FjVV/category/congelados/frutas-y-verduras-congeladas/verduras-congeladas.json?categories=congelados&categories=frutas-y-verduras-congeladas&categories=verduras-congeladas;2026-03-09T19:18:36
697;Arvejas tiernas La Crianza 400 g;La Crianza;1 un;Kg;2290;2290;;False;;$5.725 x Kg;$5.725 x Kg;https://www.unimarc.cl/arvejas-tiernas-la-crianza-400-grs/p;https://unimarc.vtexassets.com/arquivos/ids/231658/000000000000179958-UN-01.jpg?v=638074223107830000;Frutas y verduras congeladas;Verduras congeladas;https://www.unimarc.cl/category/congelados/frutas-y-verduras-congeladas/verduras-congeladas;https://www.unimarc.cl/_next/data/0ucQ92dO_m9T9joH0FjVV/category/congelados/frutas-y-verduras-congeladas/verduras-congeladas.json?categories=congelados&categories=frutas-y-verduras-congeladas&categories=verduras-congeladas;2026-03-09T19:18:36
4496;Papas duquesa Minuto Verde bolsa 500 g;Minuto Verde;1 un;Kg;3150;3150;;False;;$6.300 x Kg;$6.300 x Kg;https://www.unimarc.cl/papas-duquesa-minuto-verde-500-gr/p;https://unimarc.vtexassets.com/arquivos/ids/250881/000000000000190469-UN-01.jpg?v=638913160918600000;Frutas y verduras congeladas;Verduras congeladas;https://www.unimarc.cl/category/congelados/frutas-y-verduras-congeladas/verduras-congeladas;https://www.unimarc.cl/_next/data/0ucQ92dO_m9T9joH0FjVV/category/congelados/frutas-y-verduras-congeladas/verduras-congeladas.json?categories=congelados&categories=frutas-y-verduras-congeladas&categories=verduras-congeladas;2026-03-09T19:18:36
703;Habas tiernas La Crianza 400 g;La Crianza;1 un;Kg;2850;2850;;False;;$7.125 x Kg;$7.125 x Kg;https://www.unimarc.cl/habas-tiernas-la-crianza-400-g/p;https://unimarc.vtexassets.com/arquivos/ids/231657/000000000000179975-UN-01.jpg?v=638074222530000000;Frutas y verduras congeladas;Verduras congeladas;https://www.unimarc.cl/category/congelados/frutas-y-verduras-congeladas/verduras-congeladas;https://www.unimarc.cl/_next/data/0ucQ92dO_m9T9joH0FjVV/category/congelados/frutas-y-verduras-congeladas/verduras-congeladas.json?categories=congelados&categories=frutas-y-verduras-congeladas&categories=verduras-congeladas;2026-03-09T19:18:36
11511;Champiñón Minuto Verde laminado premium 350 g;Minuto Verde;1 un;Kg;2590;2590;;False;;$7.400 x Kg;$7.400 x Kg;https://www.unimarc.cl/champinon-lam-premium-minu-verde-350-gr/p;https://unimarc.vtexassets.com/arquivos/ids/184169/Frontal-22808.jpg?v=636955227302400000;Frutas y verduras congeladas;Verduras congeladas;https://www.unimarc.cl/category/congelados/frutas-y-verduras-congeladas/verduras-congeladas;https://www.unimarc.cl/_next/data/0ucQ92dO_m9T9joH0FjVV/category/congelados/frutas-y-verduras-congeladas/verduras-congeladas.json?categories=congelados&categories=frutas-y-verduras-congeladas&categories=verduras-congeladas;2026-03-09T19:18:36
4497;Papas prefritas Minuto Verde bolsa 500 g;Minuto Verde;1 un;Kg;3290;3290;;False;;$6.580 x Kg;$6.580 x Kg;https://www.unimarc.cl/papas-prefritas-minuto-verde-500-gr/p;https://unimarc.vtexassets.com/arquivos/ids/250882/000000000000190470-UN-01.jpg?v=638913162253400000;Frutas y verduras congeladas;Verduras congeladas;https://www.unimarc.cl/category/congelados/frutas-y-verduras-congeladas/verduras-congeladas;https://www.unimarc.cl/_next/data/0ucQ92dO_m9T9joH0FjVV/category/congelados/frutas-y-verduras-congeladas/verduras-congeladas.json?categories=congelados&categories=frutas-y-verduras-congeladas&categories=verduras-congeladas;2026-03-09T19:18:36
60323;Zapallo cubo Frutos del Maipo 350 g;Frutos Del Maipo;1 un;Kg;1690;1690;;False;;$4.829 x Kg;$4.829 x Kg;https://www.unimarc.cl/zapallo-cubo-f-del-maipo-350-gr/p;https://unimarc.vtexassets.com/arquivos/ids/221439/000000000000636308-UN-01.jpg?v=637716353068830000;Frutas y verduras congeladas;Verduras congeladas;https://www.unimarc.cl/category/congelados/frutas-y-verduras-congeladas/verduras-congeladas;https://www.unimarc.cl/_next/data/0ucQ92dO_m9T9joH0FjVV/category/congelados/frutas-y-verduras-congeladas/verduras-congeladas.json?categories=congelados&categories=frutas-y-verduras-congeladas&categories=verduras-congeladas;2026-03-09T19:18:36
15785;Fondos de alcachofa Minuto Verde 400 g;Minuto Verde;1 un;Kg;5790;5790;;False;;$14.475 x Kg;$14.475 x Kg;https://www.unimarc.cl/fondos-de-alcachofa-prem-minuto-ver-400g/p;https://unimarc.vtexassets.com/arquivos/ids/183423/615092.jpg?v=636875582055170000;Frutas y verduras congeladas;Verduras congeladas;https://www.unimarc.cl/category/congelados/frutas-y-verduras-congeladas/verduras-congeladas;https://www.unimarc.cl/_next/data/0ucQ92dO_m9T9joH0FjVV/category/congelados/frutas-y-verduras-congeladas/verduras-congeladas.json?categories=congelados&categories=frutas-y-verduras-congeladas&categories=verduras-congeladas;2026-03-09T19:18:36
1079;Habas Minuto Verde peladas premium 400 g;Minuto Verde;1 un;Kg;4990;4990;;False;;$12.475 x Kg;$12.475 x Kg;https://www.unimarc.cl/habas-peladas-minuto-verde-premium-400-g/p;https://unimarc.vtexassets.com/arquivos/ids/250733/000000000000540610-UN-01.jpg?v=638907962082300000;Frutas y verduras congeladas;Verduras congeladas;https://www.unimarc.cl/category/congelados/frutas-y-verduras-congeladas/verduras-congeladas;https://www.unimarc.cl/_next/data/0ucQ92dO_m9T9joH0FjVV/category/congelados/frutas-y-verduras-congeladas/verduras-congeladas.json?categories=congelados&categories=frutas-y-verduras-congeladas&categories=verduras-congeladas;2026-03-09T19:18:36
91189;Papas prefritas Frutos del Maipo rodajas 500 g;Frutos Del Maipo;1 un;Kg;3390;3390;;False;;$6.780 x Kg;$6.780 x Kg;https://www.unimarc.cl/papas-prefrita-rodaja-f-del-maipo-500g/p;https://unimarc.vtexassets.com/arquivos/ids/247988/000000000000675418-UN-01.jpg.jpg?v=638798268861200000;Frutas y verduras congeladas;Verduras congeladas;https://www.unimarc.cl/category/congelados/frutas-y-verduras-congeladas/verduras-congeladas;https://www.unimarc.cl/_next/data/0ucQ92dO_m9T9joH0FjVV/category/congelados/frutas-y-verduras-congeladas/verduras-congeladas.json?categories=congelados&categories=frutas-y-verduras-congeladas&categories=verduras-congeladas;2026-03-09T19:18:36
67461;Espárrago La Crianza 350 g;La Crianza;1 un;Kg;4290;4290;;False;;$12.257 x Kg;$12.257 x Kg;https://www.unimarc.cl/esparrago-la-crianza-350-gr/p;https://unimarc.vtexassets.com/arquivos/ids/231620/000000000000643458-UN-01.jpg?v=638074179035330000;Frutas y verduras congeladas;Verduras congeladas;https://www.unimarc.cl/category/congelados/frutas-y-verduras-congeladas/verduras-congeladas;https://www.unimarc.cl/_next/data/0ucQ92dO_m9T9joH0FjVV/category/congelados/frutas-y-verduras-congeladas/verduras-congeladas.json?categories=congelados&categories=frutas-y-verduras-congeladas&categories=verduras-congeladas;2026-03-09T19:18:36
74687;Papas en cubos Frutos del Maipo prefritas 750 g;Frutos Del Maipo;1 un;Kg;4990;4990;;False;;$6.653 x Kg;$6.653 x Kg;https://www.unimarc.cl/papa-prefrita-cubo-frutos-de-maipo-750gr/p;https://unimarc.vtexassets.com/arquivos/ids/250599/000000000000649219-UN-01.jpg?v=638902753229000000;Frutas y verduras congeladas;Verduras congeladas;https://www.unimarc.cl/category/congelados/frutas-y-verduras-congeladas/verduras-congeladas;https://www.unimarc.cl/_next/data/0ucQ92dO_m9T9joH0FjVV/category/congelados/frutas-y-verduras-congeladas/verduras-congeladas.json?categories=congelados&categories=frutas-y-verduras-congeladas&categories=verduras-congeladas;2026-03-09T19:18:36
91904;Sofrito Nuestra Cocina congelado 150 g;Nuestra Cocina;1 un;Kg;820;820;;False;;$5.467 x Kg;$5.467 x Kg;https://www.unimarc.cl/sofrito-congelado-nuestra-cocina-150-gr/p;https://unimarc.vtexassets.com/arquivos/ids/250235/000000000000672548-UN-01.jpg?v=638890496087970000;Frutas y verduras congeladas;Mix de verduras;https://www.unimarc.cl/category/congelados/frutas-y-verduras-congeladas/mix-de-verduras;https://www.unimarc.cl/_next/data/0ucQ92dO_m9T9joH0FjVV/category/congelados/frutas-y-verduras-congeladas/mix-de-verduras.json?categories=congelados&categories=frutas-y-verduras-congeladas&categories=mix-de-verduras;2026-03-09T19:18:52
799;Ensalada primavera Minuto Verde 500 g;Minuto Verde;1 un;Kg;1890;2150;1890;True;Ahorras $260;$3.780 x Kg;$4.300 x Kg;https://www.unimarc.cl/ensalada-primavera-minuto-verde-500-g/p;https://unimarc.vtexassets.com/arquivos/ids/231377/000000000000190466-UN-01.jpg?v=638303164189770000;Frutas y verduras congeladas;Mix de verduras;https://www.unimarc.cl/category/congelados/frutas-y-verduras-congeladas/mix-de-verduras;https://www.unimarc.cl/_next/data/0ucQ92dO_m9T9joH0FjVV/category/congelados/frutas-y-verduras-congeladas/mix-de-verduras.json?categories=congelados&categories=frutas-y-verduras-congeladas&categories=mix-de-verduras;2026-03-09T19:18:52
91903;Mix pimentones Nuestra Cocina congelado 150 g;Nuestra Cocina;1 un;Kg;1000;1230;1000;True;Ahorras $230;$6.667 x Kg;$8.200 x Kg;https://www.unimarc.cl/mix-pimentones-cong-nuestra-cocina-150gr/p;https://unimarc.vtexassets.com/arquivos/ids/250234/000000000000672546-UN-01.jpg?v=638890494063430000;Frutas y verduras congeladas;Mix de verduras;https://www.unimarc.cl/category/congelados/frutas-y-verduras-congeladas/mix-de-verduras;https://www.unimarc.cl/_next/data/0ucQ92dO_m9T9joH0FjVV/category/congelados/frutas-y-verduras-congeladas/mix-de-verduras.json?categories=congelados&categories=frutas-y-verduras-congeladas&categories=mix-de-verduras;2026-03-09T19:18:52
920;Sofrito Frutos del Maipo 150 g;Frutos Del Maipo;1 un;Kg;940;940;;False;;$6.267 x Kg;$6.267 x Kg;https://www.unimarc.cl/sofrito-frutos-del-maipo-150-g/p;https://unimarc.vtexassets.com/arquivos/ids/214209/000000000000283575-UN-01.jpg?v=637562758456330000;Frutas y verduras congeladas;Mix de verduras;https://www.unimarc.cl/category/congelados/frutas-y-verduras-congeladas/mix-de-verduras;https://www.unimarc.cl/_next/data/0ucQ92dO_m9T9joH0FjVV/category/congelados/frutas-y-verduras-congeladas/mix-de-verduras.json?categories=congelados&categories=frutas-y-verduras-congeladas&categories=mix-de-verduras;2026-03-09T19:18:52
11091;Sofrito ajo Minuto Verde 150 g;Minuto Verde;1 un;Kg;890;890;;False;;$5.933 x Kg;$5.933 x Kg;https://www.unimarc.cl/sofrito-con-ajo-minuto-verde-150-gr/p;https://unimarc.vtexassets.com/arquivos/ids/235594/000000000000606510-UN-01.jpg?v=638321946349570000;Frutas y verduras congeladas;Mix de verduras;https://www.unimarc.cl/category/congelados/frutas-y-verduras-congeladas/mix-de-verduras;https://www.unimarc.cl/_next/data/0ucQ92dO_m9T9joH0FjVV/category/congelados/frutas-y-verduras-congeladas/mix-de-verduras.json?categories=congelados&categories=frutas-y-verduras-congeladas&categories=mix-de-verduras;2026-03-09T19:18:52
700;Ensalada primavera Frutos del Maipo 500 g;Frutos Del Maipo;1 un;Kg;2350;2350;;False;;$4.700 x Kg;$4.700 x Kg;https://www.unimarc.cl/ensalada-primavera-frutos-del-maipo-500-g/p;https://unimarc.vtexassets.com/arquivos/ids/223517/000000000000179965-UN-01.jpg?v=637787229539270000;Frutas y verduras congeladas;Mix de verduras;https://www.unimarc.cl/category/congelados/frutas-y-verduras-congeladas/mix-de-verduras;https://www.unimarc.cl/_next/data/0ucQ92dO_m9T9joH0FjVV/category/congelados/frutas-y-verduras-congeladas/mix-de-verduras.json?categories=congelados&categories=frutas-y-verduras-congeladas&categories=mix-de-verduras;2026-03-09T19:18:52
6466;Mix de pimentones Frutos del Maipo 150 g;Frutos Del Maipo;1 un;Kg;1290;1290;;False;;$8.600 x Kg;$8.600 x Kg;https://www.unimarc.cl/mix-de-pimentones-f-maipo-150-gr/p;https://unimarc.vtexassets.com/arquivos/ids/250602/000000000000759278-UN-01.jpg?v=638902758285070000;Frutas y verduras congeladas;Mix de verduras;https://www.unimarc.cl/category/congelados/frutas-y-verduras-congeladas/mix-de-verduras;https://www.unimarc.cl/_next/data/0ucQ92dO_m9T9joH0FjVV/category/congelados/frutas-y-verduras-congeladas/mix-de-verduras.json?categories=congelados&categories=frutas-y-verduras-congeladas&categories=mix-de-verduras;2026-03-09T19:18:52
6464;Salteado Frutos del Maipo Chapsui Wok 500 g;Frutos Del Maipo;1 un;Kg;2990;2990;;False;;$5.980 x Kg;$5.980 x Kg;https://www.unimarc.cl/salteado-chapsui-wok-frutos-maipo-500-gr/p;https://unimarc.vtexassets.com/arquivos/ids/214214/000000000000759276-UN-01.jpg?v=637562765242200000;Frutas y verduras congeladas;Mix de verduras;https://www.unimarc.cl/category/congelados/frutas-y-verduras-congeladas/mix-de-verduras;https://www.unimarc.cl/_next/data/0ucQ92dO_m9T9joH0FjVV/category/congelados/frutas-y-verduras-congeladas/mix-de-verduras.json?categories=congelados&categories=frutas-y-verduras-congeladas&categories=mix-de-verduras;2026-03-09T19:18:52
797;Mix para porotos granados Minuto Verde 500 g;Minuto Verde;1 un;Kg;3650;3650;;False;;$7.300 x Kg;$7.300 x Kg;https://www.unimarc.cl/mix-porotos-granados-minuto-verde-500-g/p;https://unimarc.vtexassets.com/arquivos/ids/235585/000000000000190464-UN-01.jpg?v=638303168837400000;Frutas y verduras congeladas;Mix de verduras;https://www.unimarc.cl/category/congelados/frutas-y-verduras-congeladas/mix-de-verduras;https://www.unimarc.cl/_next/data/0ucQ92dO_m9T9joH0FjVV/category/congelados/frutas-y-verduras-congeladas/mix-de-verduras.json?categories=congelados&categories=frutas-y-verduras-congeladas&categories=mix-de-verduras;2026-03-09T19:18:52
73408;Sofrito Frutos del Maipo tomate y apio 150 g;Frutos Del Maipo;1 un;Kg;940;940;;False;;$6.267 x Kg;$6.267 x Kg;https://www.unimarc.cl/sofrito-apio-y-tomate-f-del-maipo-150-gr/p;https://unimarc.vtexassets.com/arquivos/ids/202888/000000000000646737-UN-01.jpg?v=637383937085130000;Frutas y verduras congeladas;Mix de verduras;https://www.unimarc.cl/category/congelados/frutas-y-verduras-congeladas/mix-de-verduras;https://www.unimarc.cl/_next/data/0ucQ92dO_m9T9joH0FjVV/category/congelados/frutas-y-verduras-congeladas/mix-de-verduras.json?categories=congelados&categories=frutas-y-verduras-congeladas&categories=mix-de-verduras;2026-03-09T19:18:52
4691;Mix Carbonada Minuto Verde 500 g;Minuto Verde;1 un;Kg;2890;2890;;False;;$5.780 x Kg;$5.780 x Kg;https://www.unimarc.cl/mix-carbonada-min-verde-500-gr/p;https://unimarc.vtexassets.com/arquivos/ids/235590/000000000000209966-UN-01.jpg?v=638303168854470000;Frutas y verduras congeladas;Mix de verduras;https://www.unimarc.cl/category/congelados/frutas-y-verduras-congeladas/mix-de-verduras;https://www.unimarc.cl/_next/data/0ucQ92dO_m9T9joH0FjVV/category/congelados/frutas-y-verduras-congeladas/mix-de-verduras.json?categories=congelados&categories=frutas-y-verduras-congeladas&categories=mix-de-verduras;2026-03-09T19:18:52
54638;Jardinera Frutos del Maipo 500 g;Frutos Del Maipo;1 un;Kg;2390;2390;;False;;$4.780 x Kg;$4.780 x Kg;https://www.unimarc.cl/jardinera-frutos-del-maipo-500-gr/p;https://unimarc.vtexassets.com/arquivos/ids/250595/000000000000635960-UN-01.jpg?v=638902720576800000;Frutas y verduras congeladas;Mix de verduras;https://www.unimarc.cl/category/congelados/frutas-y-verduras-congeladas/mix-de-verduras;https://www.unimarc.cl/_next/data/0ucQ92dO_m9T9joH0FjVV/category/congelados/frutas-y-verduras-congeladas/mix-de-verduras.json?categories=congelados&categories=frutas-y-verduras-congeladas&categories=mix-de-verduras;2026-03-09T19:18:52
6465;Salteado Frutos del Maipo Thai Wok 500 g;Frutos Del Maipo;1 un;Kg;2990;2990;;False;;$5.980 x Kg;$5.980 x Kg;https://www.unimarc.cl/salteado-thai-wok-f-maipo-500-gr/p;https://unimarc.vtexassets.com/arquivos/ids/214215/000000000000759277-UN-01.jpg?v=637562766107070000;Frutas y verduras congeladas;Mix de verduras;https://www.unimarc.cl/category/congelados/frutas-y-verduras-congeladas/mix-de-verduras;https://www.unimarc.cl/_next/data/0ucQ92dO_m9T9joH0FjVV/category/congelados/frutas-y-verduras-congeladas/mix-de-verduras.json?categories=congelados&categories=frutas-y-verduras-congeladas&categories=mix-de-verduras;2026-03-09T19:18:52
4493;Ensalada jardinera Minuto Verde 500 g;Minuto Verde;1 un;Kg;2490;2490;;False;;$4.980 x Kg;$4.980 x Kg;https://www.unimarc.cl/ensalada-jardinera-minuto-verde-500-gr/p;https://unimarc.vtexassets.com/arquivos/ids/235583/000000000000190459-UN-01.jpg?v=638303168826530000;Frutas y verduras congeladas;Mix de verduras;https://www.unimarc.cl/category/congelados/frutas-y-verduras-congeladas/mix-de-verduras;https://www.unimarc.cl/_next/data/0ucQ92dO_m9T9joH0FjVV/category/congelados/frutas-y-verduras-congeladas/mix-de-verduras.json?categories=congelados&categories=frutas-y-verduras-congeladas&categories=mix-de-verduras;2026-03-09T19:18:52
14197;Base para arvejado Frutos del Maipo 400 g;Frutos Del Maipo;1 un;Kg;2390;2390;;False;;$5.975 x Kg;$5.975 x Kg;https://www.unimarc.cl/base-arvejado-frutos-del-maipo-400-gr/p;https://unimarc.vtexassets.com/arquivos/ids/221440/000000000000829166-UN-01.jpg?v=637716353997770000;Frutas y verduras congeladas;Mix de verduras;https://www.unimarc.cl/category/congelados/frutas-y-verduras-congeladas/mix-de-verduras;https://www.unimarc.cl/_next/data/0ucQ92dO_m9T9joH0FjVV/category/congelados/frutas-y-verduras-congeladas/mix-de-verduras.json?categories=congelados&categories=frutas-y-verduras-congeladas&categories=mix-de-verduras;2026-03-09T19:18:52
13964;Salteado mediterráneo Frutos del Maipo 500 g;Frutos Del Maipo;1 un;Kg;2990;2990;;False;;$5.980 x Kg;$5.980 x Kg;https://www.unimarc.cl/salteado-mediterraneo-frutos-del-m-500gr/p;https://unimarc.vtexassets.com/arquivos/ids/214219/000000000000614181-UN-01.jpg?v=637562767997070000;Frutas y verduras congeladas;Mix de verduras;https://www.unimarc.cl/category/congelados/frutas-y-verduras-congeladas/mix-de-verduras;https://www.unimarc.cl/_next/data/0ucQ92dO_m9T9joH0FjVV/category/congelados/frutas-y-verduras-congeladas/mix-de-verduras.json?categories=congelados&categories=frutas-y-verduras-congeladas&categories=mix-de-verduras;2026-03-09T19:18:52
71727;Mix oriental Frutos del Maipo 350 g;Frutos Del Maipo;1 un;Kg;2190;2190;;False;;$6.257 x Kg;$6.257 x Kg;https://www.unimarc.cl/mix-oriental-frutos-del-maipo-350-gr/p;https://unimarc.vtexassets.com/arquivos/ids/250598/000000000000646741-UN-01.jpg?v=638902753001830000;Frutas y verduras congeladas;Mix de verduras;https://www.unimarc.cl/category/congelados/frutas-y-verduras-congeladas/mix-de-verduras;https://www.unimarc.cl/_next/data/0ucQ92dO_m9T9joH0FjVV/category/congelados/frutas-y-verduras-congeladas/mix-de-verduras.json?categories=congelados&categories=frutas-y-verduras-congeladas&categories=mix-de-verduras;2026-03-09T19:18:52
87357;Base lentejas frutos del maipo 500G;Frutos Del Maipo;1 un;Kg;2990;2990;;False;;$5.980 x Kg;$5.980 x Kg;https://www.unimarc.cl/base-lentejas-frutos-del-maipo-500gr/p;https://unimarc.vtexassets.com/arquivos/ids/239643/000000000000655898-UN-01.jpg?v=638514060914430000;Frutas y verduras congeladas;Mix de verduras;https://www.unimarc.cl/category/congelados/frutas-y-verduras-congeladas/mix-de-verduras;https://www.unimarc.cl/_next/data/0ucQ92dO_m9T9joH0FjVV/category/congelados/frutas-y-verduras-congeladas/mix-de-verduras.json?categories=congelados&categories=frutas-y-verduras-congeladas&categories=mix-de-verduras;2026-03-09T19:18:52
16011;Base tomatican Frutos del Maipo 400 g;Frutos Del Maipo;1 un;Kg;2390;2390;;False;;$5.975 x Kg;$5.975 x Kg;https://www.unimarc.cl/base-tomatican-frutos-del-maipo-400-gr/p;https://unimarc.vtexassets.com/arquivos/ids/214217/000000000000829165-UN-01.jpg?v=637562767150830000;Frutas y verduras congeladas;Mix de verduras;https://www.unimarc.cl/category/congelados/frutas-y-verduras-congeladas/mix-de-verduras;https://www.unimarc.cl/_next/data/0ucQ92dO_m9T9joH0FjVV/category/congelados/frutas-y-verduras-congeladas/mix-de-verduras.json?categories=congelados&categories=frutas-y-verduras-congeladas&categories=mix-de-verduras;2026-03-09T19:18:52
54640;Ensalada rusa Frutos del Maipo 500 g;Frutos Del Maipo;1 un;Kg;2350;2350;;False;;$4.700 x Kg;$4.700 x Kg;https://www.unimarc.cl/ensalada-rusa-frutos-del-maipo-500-gr/p;https://unimarc.vtexassets.com/arquivos/ids/181509/635963.jpg?v=636784065368200000;Frutas y verduras congeladas;Mix de verduras;https://www.unimarc.cl/category/congelados/frutas-y-verduras-congeladas/mix-de-verduras;https://www.unimarc.cl/_next/data/0ucQ92dO_m9T9joH0FjVV/category/congelados/frutas-y-verduras-congeladas/mix-de-verduras.json?categories=congelados&categories=frutas-y-verduras-congeladas&categories=mix-de-verduras;2026-03-09T19:18:52
84644;Mix Izi mango arandano frutilla 250g;Izi;1 un;Kg;2950;2950;;False;;$11.800 x Kg;$11.800 x Kg;https://www.unimarc.cl/mix-mango-arandano-frutilla-izi-250-gr/p;https://unimarc.vtexassets.com/arquivos/ids/236068/000000000000645409-UN-01.jpg?v=638337542665170000;Frutas y verduras congeladas;Mix de verduras;https://www.unimarc.cl/category/congelados/frutas-y-verduras-congeladas/mix-de-verduras;https://www.unimarc.cl/_next/data/0ucQ92dO_m9T9joH0FjVV/category/congelados/frutas-y-verduras-congeladas/mix-de-verduras.json?categories=congelados&categories=frutas-y-verduras-congeladas&categories=mix-de-verduras;2026-03-09T19:18:52
9720;Plátano granel 500 g;Frutas Y Verduras;500 g;Kg;745;745;;False;;$1.490 x Kg;$1.490 x Kg;https://www.unimarc.cl/platano-kg/p;https://unimarc.vtexassets.com/arquivos/ids/231118/000000000000038087-KG-01.jpg?v=638054313231530000;Frutas y verduras congeladas;Frutas;https://www.unimarc.cl/category/congelados/frutas-y-verduras-congeladas/frutas;https://www.unimarc.cl/_next/data/0ucQ92dO_m9T9joH0FjVV/category/congelados/frutas-y-verduras-congeladas/frutas.json?categories=congelados&categories=frutas-y-verduras-congeladas&categories=frutas;2026-03-09T19:19:05
11513;Mix de berries Frutos Del Maipo congelados 400 g;Frutos Del Maipo;1 un;Kg;4150;4150;;False;;$10.375 x Kg;$10.375 x Kg;https://www.unimarc.cl/mix-de-berries-frutos-del-maipo-400-gr/p;https://unimarc.vtexassets.com/arquivos/ids/250603/000000000000829167-UN-01.jpg?v=638902759378630000;Frutas y verduras congeladas;Frutas;https://www.unimarc.cl/category/congelados/frutas-y-verduras-congeladas/frutas;https://www.unimarc.cl/_next/data/0ucQ92dO_m9T9joH0FjVV/category/congelados/frutas-y-verduras-congeladas/frutas.json?categories=congelados&categories=frutas-y-verduras-congeladas&categories=frutas;2026-03-09T19:19:05
86500;Arándano congelado Nuestra Cocina 400 g;Nuestra Cocina;1 un;Kg;2990;3490;2990;True;Ahorras $500;$7.475 x Kg;$8.725 x Kg;https://www.unimarc.cl/arandano-congelado-nuestra-cocina-400-gr/p;https://unimarc.vtexassets.com/arquivos/ids/237389/000000000000667417-UN-01.jpg?v=638405778940000000;Frutas y verduras congeladas;Frutas;https://www.unimarc.cl/category/congelados/frutas-y-verduras-congeladas/frutas;https://www.unimarc.cl/_next/data/0ucQ92dO_m9T9joH0FjVV/category/congelados/frutas-y-verduras-congeladas/frutas.json?categories=congelados&categories=frutas-y-verduras-congeladas&categories=frutas;2026-03-09T19:19:05
86501;Frutilla congelada Nuestra Cocina 500 g;Nuestra Cocina;1 un;Kg;3190;3850;3190;True;Ahorras $660;$6.380 x Kg;$7.700 x Kg;https://www.unimarc.cl/frutilla-congelada-nuestra-cocina-500-gr/p;https://unimarc.vtexassets.com/arquivos/ids/237390/000000000000667418-UN-01.jpg?v=638405778942400000;Frutas y verduras congeladas;Frutas;https://www.unimarc.cl/category/congelados/frutas-y-verduras-congeladas/frutas;https://www.unimarc.cl/_next/data/0ucQ92dO_m9T9joH0FjVV/category/congelados/frutas-y-verduras-congeladas/frutas.json?categories=congelados&categories=frutas-y-verduras-congeladas&categories=frutas;2026-03-09T19:19:05
11527;Mango Minuto Verde en trozos 500 g;Minuto Verde;1 un;Kg;4250;4830;4250;True;Ahorras $580;$8.500 x Kg;$9.660 x Kg;https://www.unimarc.cl/mango-trozo-minuto-verde-500-gr/p;https://unimarc.vtexassets.com/arquivos/ids/229535/000000000000870421-UN-01.jpg?v=638303164324230000;Frutas y verduras congeladas;Frutas;https://www.unimarc.cl/category/congelados/frutas-y-verduras-congeladas/frutas;https://www.unimarc.cl/_next/data/0ucQ92dO_m9T9joH0FjVV/category/congelados/frutas-y-verduras-congeladas/frutas.json?categories=congelados&categories=frutas-y-verduras-congeladas&categories=frutas;2026-03-09T19:19:05
86498;Frambuesa congelada Nuestra Cocina 250 g;Nuestra Cocina;1 un;Kg;3190;3190;;False;;$12.760 x Kg;$12.760 x Kg;https://www.unimarc.cl/frambuesa-congelada-nuestra-cocina-250gr/p;https://unimarc.vtexassets.com/arquivos/ids/237387/000000000000667415-UN-01.jpg?v=638405778933200000;Frutas y verduras congeladas;Frutas;https://www.unimarc.cl/category/congelados/frutas-y-verduras-congeladas/frutas;https://www.unimarc.cl/_next/data/0ucQ92dO_m9T9joH0FjVV/category/congelados/frutas-y-verduras-congeladas/frutas.json?categories=congelados&categories=frutas-y-verduras-congeladas&categories=frutas;2026-03-09T19:19:05
914;Frutos del bosque Minuto Verde 400 g;Minuto Verde;1 un;Kg;3990;3990;;False;;$9.975 x Kg;$9.975 x Kg;https://www.unimarc.cl/frutos-del-bosque-minuto-verde-400-gr/p;https://unimarc.vtexassets.com/arquivos/ids/235592/000000000000266499-UN-01.jpg?v=638303168862470000;Frutas y verduras congeladas;Frutas;https://www.unimarc.cl/category/congelados/frutas-y-verduras-congeladas/frutas;https://www.unimarc.cl/_next/data/0ucQ92dO_m9T9joH0FjVV/category/congelados/frutas-y-verduras-congeladas/frutas.json?categories=congelados&categories=frutas-y-verduras-congeladas&categories=frutas;2026-03-09T19:19:05
4263;Frambuesa Frutos del Maipo 250 g;Frutos Del Maipo;1 un;Kg;3550;3550;;False;;$14.200 x Kg;$14.200 x Kg;https://www.unimarc.cl/frambuesa-frutos-del-maipo-250-gr/p;https://unimarc.vtexassets.com/arquivos/ids/250587/000000000000179971-UN-01.jpg?v=638902707788970000;Frutas y verduras congeladas;Frutas;https://www.unimarc.cl/category/congelados/frutas-y-verduras-congeladas/frutas;https://www.unimarc.cl/_next/data/0ucQ92dO_m9T9joH0FjVV/category/congelados/frutas-y-verduras-congeladas/frutas.json?categories=congelados&categories=frutas-y-verduras-congeladas&categories=frutas;2026-03-09T19:19:05
86597;Arándano congelado Frutos del Maipo doypack 400 g;Frutos Del Maipo;1 un;Kg;3990;3990;;False;;$9.975 x Kg;$9.975 x Kg;https://www.unimarc.cl/arandano-cong-frutos-del-maipo-400-gr/p;https://unimarc.vtexassets.com/arquivos/ids/237395/000000000000667588-UN-01.jpg?v=638405778956400000;Frutas y verduras congeladas;Frutas;https://www.unimarc.cl/category/congelados/frutas-y-verduras-congeladas/frutas;https://www.unimarc.cl/_next/data/0ucQ92dO_m9T9joH0FjVV/category/congelados/frutas-y-verduras-congeladas/frutas.json?categories=congelados&categories=frutas-y-verduras-congeladas&categories=frutas;2026-03-09T19:19:05
86499;Mix berries congelada Nuestra Cocina 400 g;Nuestra Cocina;1 un;Kg;3890;3890;;False;;$9.725 x Kg;$9.725 x Kg;https://www.unimarc.cl/mix-berries-congelad-nuestra-cocina-400g/p;https://unimarc.vtexassets.com/arquivos/ids/237388/000000000000667416-UN-01.jpg?v=638405778935700000;Frutas y verduras congeladas;Frutas;https://www.unimarc.cl/category/congelados/frutas-y-verduras-congeladas/frutas;https://www.unimarc.cl/_next/data/0ucQ92dO_m9T9joH0FjVV/category/congelados/frutas-y-verduras-congeladas/frutas.json?categories=congelados&categories=frutas-y-verduras-congeladas&categories=frutas;2026-03-09T19:19:05
4495;Frutillas Minuto Verde congeladas 500 g;Minuto Verde;1 un;Kg;3950;3950;;False;;$7.900 x Kg;$7.900 x Kg;https://www.unimarc.cl/frutilla-minuto-verde-500-gr/p;https://unimarc.vtexassets.com/arquivos/ids/229531/000000000000190463-UN-01.jpg?v=637999722225430000;Frutas y verduras congeladas;Frutas;https://www.unimarc.cl/category/congelados/frutas-y-verduras-congeladas/frutas;https://www.unimarc.cl/_next/data/0ucQ92dO_m9T9joH0FjVV/category/congelados/frutas-y-verduras-congeladas/frutas.json?categories=congelados&categories=frutas-y-verduras-congeladas&categories=frutas;2026-03-09T19:19:05
10944;Frutillas Frutos Del Maipo congeladas 450 g;Frutos Del Maipo;1 un;Kg;3190;3190;;False;;$7.089 x Kg;$7.089 x Kg;https://www.unimarc.cl/frutillas-frutos-del-maipo-450-gr/p;https://unimarc.vtexassets.com/arquivos/ids/250589/000000000000204889-UN-01.jpg?v=638902709593870000;Frutas y verduras congeladas;Frutas;https://www.unimarc.cl/category/congelados/frutas-y-verduras-congeladas/frutas;https://www.unimarc.cl/_next/data/0ucQ92dO_m9T9joH0FjVV/category/congelados/frutas-y-verduras-congeladas/frutas.json?categories=congelados&categories=frutas-y-verduras-congeladas&categories=frutas;2026-03-09T19:19:05
1131;Arándanos Minuto Verde congelados 400 g;Minuto Verde;1 un;Kg;4290;4290;;False;;$10.725 x Kg;$10.725 x Kg;https://www.unimarc.cl/arandanos-cong-minuto-verde-400-gr/p;https://unimarc.vtexassets.com/arquivos/ids/229533/000000000000557929-UN-01.jpg?v=638303164239830000;Frutas y verduras congeladas;Frutas;https://www.unimarc.cl/category/congelados/frutas-y-verduras-congeladas/frutas;https://www.unimarc.cl/_next/data/0ucQ92dO_m9T9joH0FjVV/category/congelados/frutas-y-verduras-congeladas/frutas.json?categories=congelados&categories=frutas-y-verduras-congeladas&categories=frutas;2026-03-09T19:19:05
796;Frambuesa Minuto Verde 400 g;Minuto Verde;1 un;Kg;5690;5690;;False;;$14.225 x Kg;$14.225 x Kg;https://www.unimarc.cl/frambuesa-minuto-verde-400-g/p;https://unimarc.vtexassets.com/arquivos/ids/235584/000000000000190462-UN-01.jpg?v=638321946275370000;Frutas y verduras congeladas;Frutas;https://www.unimarc.cl/category/congelados/frutas-y-verduras-congeladas/frutas;https://www.unimarc.cl/_next/data/0ucQ92dO_m9T9joH0FjVV/category/congelados/frutas-y-verduras-congeladas/frutas.json?categories=congelados&categories=frutas-y-verduras-congeladas&categories=frutas;2026-03-09T19:19:05
11724;Smoothie Minuto Verde green desintoxicante 500 g;Minuto Verde;1 un;Kg;3990;3990;;False;;$7.980 x Kg;$7.980 x Kg;https://www.unimarc.cl/smoothie-m-verde-500gr-green-desintoxic/p;https://unimarc.vtexassets.com/arquivos/ids/184094/SMOOTHIE-GREEN-500GR-7801220004426.jpg?v=636947544640870000;Frutas y verduras congeladas;Frutas;https://www.unimarc.cl/category/congelados/frutas-y-verduras-congeladas/frutas;https://www.unimarc.cl/_next/data/0ucQ92dO_m9T9joH0FjVV/category/congelados/frutas-y-verduras-congeladas/frutas.json?categories=congelados&categories=frutas-y-verduras-congeladas&categories=frutas;2026-03-09T19:19:05
75608;Mix frutas Frutos Maipo frutimix 400 g;Frutos Del Maipo;1 un;Kg;3750;3750;;False;;$9.375 x Kg;$9.375 x Kg;https://www.unimarc.cl/mix-frutas-frutos-maipo-400g-frutimix/p;https://unimarc.vtexassets.com/arquivos/ids/250604/000000000650229001-UN-01.jpg?v=638902759790030000;Frutas y verduras congeladas;Frutas;https://www.unimarc.cl/category/congelados/frutas-y-verduras-congeladas/frutas;https://www.unimarc.cl/_next/data/0ucQ92dO_m9T9joH0FjVV/category/congelados/frutas-y-verduras-congeladas/frutas.json?categories=congelados&categories=frutas-y-verduras-congeladas&categories=frutas;2026-03-09T19:19:05
86591;Mango congelado Frutos del Maipo doypack 400 g;Frutos Del Maipo;1 un;Kg;4150;4150;;False;;$10.375 x Kg;$10.375 x Kg;https://www.unimarc.cl/mango-cong-frutos-del-maipo-400-gr/p;https://unimarc.vtexassets.com/arquivos/ids/250600/000000000000667589-UN-01.jpg?v=638902753499300000;Frutas y verduras congeladas;Frutas;https://www.unimarc.cl/category/congelados/frutas-y-verduras-congeladas/frutas;https://www.unimarc.cl/_next/data/0ucQ92dO_m9T9joH0FjVV/category/congelados/frutas-y-verduras-congeladas/frutas.json?categories=congelados&categories=frutas-y-verduras-congeladas&categories=frutas;2026-03-09T19:19:05
11726;Smoothie Minuto Verde yellow passion 500 g;Minuto Verde;1 un;Kg;3990;3990;;False;;$7.980 x Kg;$7.980 x Kg;https://www.unimarc.cl/smoothie-m-verde-500gr-yellow-pasion/p;https://unimarc.vtexassets.com/arquivos/ids/184097/SMOOTHIE-YELLOW-500GR-7801220004457.jpg?v=636947546306830000;Frutas y verduras congeladas;Frutas;https://www.unimarc.cl/category/congelados/frutas-y-verduras-congeladas/frutas;https://www.unimarc.cl/_next/data/0ucQ92dO_m9T9joH0FjVV/category/congelados/frutas-y-verduras-congeladas/frutas.json?categories=congelados&categories=frutas-y-verduras-congeladas&categories=frutas;2026-03-09T19:19:05
11725;Smoothie Minuto Verde red antioxidante 500 g;Minuto Verde;1 un;Kg;3990;3990;;False;;$7.980 x Kg;$7.980 x Kg;https://www.unimarc.cl/smoothie-m-verde-500gr-red-antioxidante/p;https://unimarc.vtexassets.com/arquivos/ids/184096/SMOOTHIE-RED-500GR-7801220004440.jpg?v=636947545783330000;Frutas y verduras congeladas;Frutas;https://www.unimarc.cl/category/congelados/frutas-y-verduras-congeladas/frutas;https://www.unimarc.cl/_next/data/0ucQ92dO_m9T9joH0FjVV/category/congelados/frutas-y-verduras-congeladas/frutas.json?categories=congelados&categories=frutas-y-verduras-congeladas&categories=frutas;2026-03-09T19:19:05
75609;Mix frutas Frutos del Maipo tutimango 400 g;Frutos Del Maipo;1 un;Kg;3750;3750;;False;;$9.375 x Kg;$9.375 x Kg;https://www.unimarc.cl/mix-frutas-frutos-maipo-400g-tutimango/p;https://unimarc.vtexassets.com/arquivos/ids/215655/000000000650229002-UN-01.jpg?v=637581535210430000;Frutas y verduras congeladas;Frutas;https://www.unimarc.cl/category/congelados/frutas-y-verduras-congeladas/frutas;https://www.unimarc.cl/_next/data/0ucQ92dO_m9T9joH0FjVV/category/congelados/frutas-y-verduras-congeladas/frutas.json?categories=congelados&categories=frutas-y-verduras-congeladas&categories=frutas;2026-03-09T19:19:05
10718;Smoothie detox Frutos del Maipo 500 g;Frutos Del Maipo;1 un;Kg;4790;4790;;False;;$9.580 x Kg;$9.580 x Kg;https://www.unimarc.cl/smoothie-fruto-del-maipo-500gr-verde/p;https://unimarc.vtexassets.com/arquivos/ids/216046/000000000632247002-UN-01.jpg?v=637586929218270000;Frutas y verduras congeladas;Frutas;https://www.unimarc.cl/category/congelados/frutas-y-verduras-congeladas/frutas;https://www.unimarc.cl/_next/data/0ucQ92dO_m9T9joH0FjVV/category/congelados/frutas-y-verduras-congeladas/frutas.json?categories=congelados&categories=frutas-y-verduras-congeladas&categories=frutas;2026-03-09T19:19:05
10717;Smoothie vitality Frutos del Maipo 500 g;Frutos Del Maipo;1 un;Kg;4790;4790;;False;;$9.580 x Kg;$9.580 x Kg;https://www.unimarc.cl/smoothie-fruto-del-maipo-500gr-rojo/p;https://unimarc.vtexassets.com/arquivos/ids/216045/000000000632247001-UN-01.jpg?v=637586927506970000;Frutas y verduras congeladas;Frutas;https://www.unimarc.cl/category/congelados/frutas-y-verduras-congeladas/frutas;https://www.unimarc.cl/_next/data/0ucQ92dO_m9T9joH0FjVV/category/congelados/frutas-y-verduras-congeladas/frutas.json?categories=congelados&categories=frutas-y-verduras-congeladas&categories=frutas;2026-03-09T19:19:05
11590;Piña Minuto Verde en trozo 500 g;Minuto Verde;1 un;Kg;4990;4990;;False;;$9.980 x Kg;$9.980 x Kg;https://www.unimarc.cl/pina-en-trozo-minuto-verde-500-grs/p;https://unimarc.vtexassets.com/arquivos/ids/229536/000000000000981268-UN-01.jpg?v=637999733885600000;Frutas y verduras congeladas;Frutas;https://www.unimarc.cl/category/congelados/frutas-y-verduras-congeladas/frutas;https://www.unimarc.cl/_next/data/0ucQ92dO_m9T9joH0FjVV/category/congelados/frutas-y-verduras-congeladas/frutas.json?categories=congelados&categories=frutas-y-verduras-congeladas&categories=frutas;2026-03-09T19:19:05
11277;Mix Tropical Frutos Del Maipo congelado 400 g;Frutos Del Maipo;1 un;Kg;3290;3290;;False;;$8.225 x Kg;$8.225 x Kg;https://www.unimarc.cl/mix-tropical-frutos-del-maipo-400-gr/p;https://unimarc.vtexassets.com/arquivos/ids/214220/000000000000618276-UN-01.jpg?v=637562768557400000;Frutas y verduras congeladas;Frutas;https://www.unimarc.cl/category/congelados/frutas-y-verduras-congeladas/frutas;https://www.unimarc.cl/_next/data/0ucQ92dO_m9T9joH0FjVV/category/congelados/frutas-y-verduras-congeladas/frutas.json?categories=congelados&categories=frutas-y-verduras-congeladas&categories=frutas;2026-03-09T19:19:05
96257;Pulpa maracuyá con pepas Frutos del Maipo 400 gr;Frutos Del Maipo;1 un;Kg;4890;4890;;False;;$12.225 x Kg;$12.225 x Kg;https://www.unimarc.cl/pulpa-maracuya-con-pepas-fmaipo-400gr/p;https://unimarc.vtexassets.com/arquivos/ids/254591/000000000000696363-UN-01.jpg?v=639027299436400000;Frutas y verduras congeladas;Pulpa fruta;https://www.unimarc.cl/category/congelados/frutas-y-verduras-congeladas/pulpa-fruta;https://www.unimarc.cl/_next/data/0ucQ92dO_m9T9joH0FjVV/category/congelados/frutas-y-verduras-congeladas/pulpa-fruta.json?categories=congelados&categories=frutas-y-verduras-congeladas&categories=pulpa-fruta;2026-03-09T19:19:18
39981;Pulpa jugo Minuto Verde mango 335 g;Minuto Verde;1 un;Kg;3890;3890;;False;;$11.612 x Kg;$11.612 x Kg;https://www.unimarc.cl/pulpa-jugo-minuto-verde-335-gr-mango/p;https://unimarc.vtexassets.com/arquivos/ids/239918/000000000402214005-UN-01.jpg?v=638526121232900000;Frutas y verduras congeladas;Pulpa fruta;https://www.unimarc.cl/category/congelados/frutas-y-verduras-congeladas/pulpa-fruta;https://www.unimarc.cl/_next/data/0ucQ92dO_m9T9joH0FjVV/category/congelados/frutas-y-verduras-congeladas/pulpa-fruta.json?categories=congelados&categories=frutas-y-verduras-congeladas&categories=pulpa-fruta;2026-03-09T19:19:18
32594;Smoothie Minuto Verde pink energético 500 g;Minuto Verde;1 un;Kg;3990;3990;;False;;$7.980 x Kg;$7.980 x Kg;https://www.unimarc.cl/smoothie-pink-energetico-minuto-verde-500-gr/p;https://unimarc.vtexassets.com/arquivos/ids/184095/SMOOTHIE-PINK-500GR-7801220004433.jpg?v=636947545181770000;Frutas y verduras congeladas;Pulpa fruta;https://www.unimarc.cl/category/congelados/frutas-y-verduras-congeladas/pulpa-fruta;https://www.unimarc.cl/_next/data/0ucQ92dO_m9T9joH0FjVV/category/congelados/frutas-y-verduras-congeladas/pulpa-fruta.json?categories=congelados&categories=frutas-y-verduras-congeladas&categories=pulpa-fruta;2026-03-09T19:19:18
39979;Pulpa Minuto Verde frambuesa 335 g;Minuto Verde;1 un;Kg;3890;3890;;False;;$11.612 x Kg;$11.612 x Kg;https://www.unimarc.cl/pulpa-jugo-minuto-verde-335-g-frambuesa/p;https://unimarc.vtexassets.com/arquivos/ids/239916/000000000402214003-UN-01.jpg?v=638526120487670000;Frutas y verduras congeladas;Pulpa fruta;https://www.unimarc.cl/category/congelados/frutas-y-verduras-congeladas/pulpa-fruta;https://www.unimarc.cl/_next/data/0ucQ92dO_m9T9joH0FjVV/category/congelados/frutas-y-verduras-congeladas/pulpa-fruta.json?categories=congelados&categories=frutas-y-verduras-congeladas&categories=pulpa-fruta;2026-03-09T19:19:18
39980;Pulpa Minuto Verde frutilla 335 g;Minuto Verde;1 un;Kg;3890;3890;;False;;$11.612 x Kg;$11.612 x Kg;https://www.unimarc.cl/pulpa-jugo-minuto-verde-335-gr-frutilla/p;https://unimarc.vtexassets.com/arquivos/ids/239917/000000000402214004-UN-01.jpg?v=638526120879170000;Frutas y verduras congeladas;Pulpa fruta;https://www.unimarc.cl/category/congelados/frutas-y-verduras-congeladas/pulpa-fruta;https://www.unimarc.cl/_next/data/0ucQ92dO_m9T9joH0FjVV/category/congelados/frutas-y-verduras-congeladas/pulpa-fruta.json?categories=congelados&categories=frutas-y-verduras-congeladas&categories=pulpa-fruta;2026-03-09T19:19:18
78895;Hamburguesa La Crianza plant based 100 g;La Crianza;1 un;Kg;990;1190;990;True;Ahorras $200;$9.900 x Kg;$11.900 x Kg;https://www.unimarc.cl/hamburguesa-meat-free-la-crianza-100gr/p;https://unimarc.vtexassets.com/arquivos/ids/221189/000000000000652952-UN-01.jpg?v=638349841861570000;Hamburguesas, apanados y churrascos;Hamburguesas vegetales;https://www.unimarc.cl/category/congelados/hamburguesas-apanados-y-churrascos/hamburguesas-vegetales;https://www.unimarc.cl/_next/data/0ucQ92dO_m9T9joH0FjVV/category/congelados/hamburguesas-apanados-y-churrascos/hamburguesas-vegetales.json?categories=congelados&categories=hamburguesas-apanados-y-churrascos&categories=hamburguesas-vegetales;2026-03-09T19:19:31
73856;NotBurger vegetal notco 95 g;Not Burger;1 un;Kg;1690;1690;;False;;$17.789 x Kg;$17.789 x Kg;https://www.unimarc.cl/hamburguesa-vegetal-not-burger-100gr/p;https://unimarc.vtexassets.com/arquivos/ids/254538/000000000000647964-UN-01.jpg?v=639026349447570000;Hamburguesas, apanados y churrascos;Hamburguesas vegetales;https://www.unimarc.cl/category/congelados/hamburguesas-apanados-y-churrascos/hamburguesas-vegetales;https://www.unimarc.cl/_next/data/0ucQ92dO_m9T9joH0FjVV/category/congelados/hamburguesas-apanados-y-churrascos/hamburguesas-vegetales.json?categories=congelados&categories=hamburguesas-apanados-y-churrascos&categories=hamburguesas-vegetales;2026-03-09T19:19:31
74271;Hamburguesa Receta del Abuelo vegan burger 100 g;Receta Del Abuelo;1 un;Kg;1150;1150;;False;;$11.500 x Kg;$11.500 x Kg;https://www.unimarc.cl/hamburguesa-vegan-burger-rda-100-gr/p;https://unimarc.vtexassets.com/arquivos/ids/234586/000000000000648556-UN-01.jpg?v=638338451940670000;Hamburguesas, apanados y churrascos;Hamburguesas vegetales;https://www.unimarc.cl/category/congelados/hamburguesas-apanados-y-churrascos/hamburguesas-vegetales;https://www.unimarc.cl/_next/data/0ucQ92dO_m9T9joH0FjVV/category/congelados/hamburguesas-apanados-y-churrascos/hamburguesas-vegetales.json?categories=congelados&categories=hamburguesas-apanados-y-churrascos&categories=hamburguesas-vegetales;2026-03-09T19:19:31
6380;Hamburguesa de Soya Mr Veggie bolsa 100 g;Mr Veggie;1 un;Kg;840;840;;False;;$8.400 x Kg;$8.400 x Kg;https://www.unimarc.cl/hamburguesa-de-soya-mr-veggie-100-gr/p;https://unimarc.vtexassets.com/arquivos/ids/197548/000000000000724574-UN-01.jpg?v=638470757805400000;Hamburguesas, apanados y churrascos;Hamburguesas vegetales;https://www.unimarc.cl/category/congelados/hamburguesas-apanados-y-churrascos/hamburguesas-vegetales;https://www.unimarc.cl/_next/data/0ucQ92dO_m9T9joH0FjVV/category/congelados/hamburguesas-apanados-y-churrascos/hamburguesas-vegetales.json?categories=congelados&categories=hamburguesas-apanados-y-churrascos&categories=hamburguesas-vegetales;2026-03-09T19:19:31
84204;Hamburguesa vegetal Not Chicken burger notco 95 g;Not Burger;1 un;Kg;1690;1690;;False;;$17.789 x Kg;$17.789 x Kg;https://www.unimarc.cl/not-chicken-burger-95gr/p;https://unimarc.vtexassets.com/arquivos/ids/245851/000000000000663950-UN-01.jpg?v=638694486048470000;Hamburguesas, apanados y churrascos;Hamburguesas vegetales;https://www.unimarc.cl/category/congelados/hamburguesas-apanados-y-churrascos/hamburguesas-vegetales;https://www.unimarc.cl/_next/data/0ucQ92dO_m9T9joH0FjVV/category/congelados/hamburguesas-apanados-y-churrascos/hamburguesas-vegetales.json?categories=congelados&categories=hamburguesas-apanados-y-churrascos&categories=hamburguesas-vegetales;2026-03-09T19:19:31
79712;Vegan crispy Receta del Abuelo 120 g;Receta Del Abuelo;1 un;Kg;1390;1390;;False;;$11.583 x Kg;$11.583 x Kg;https://www.unimarc.cl/vegan-crispy-receta-del-abuelo-120-gr/p;https://unimarc.vtexassets.com/arquivos/ids/234590/000000000000652539-UN-01.jpg?v=638507115818700000;Hamburguesas, apanados y churrascos;Hamburguesas vegetales;https://www.unimarc.cl/category/congelados/hamburguesas-apanados-y-churrascos/hamburguesas-vegetales;https://www.unimarc.cl/_next/data/0ucQ92dO_m9T9joH0FjVV/category/congelados/hamburguesas-apanados-y-churrascos/hamburguesas-vegetales.json?categories=congelados&categories=hamburguesas-apanados-y-churrascos&categories=hamburguesas-vegetales;2026-03-09T19:19:31
82372;Vegan burger Receta del Abuelo lenteja 100 g;Receta Del Abuelo;1 un;Kg;1150;1150;;False;;$11.500 x Kg;$11.500 x Kg;https://www.unimarc.cl/vegetal-burger-rda-100g-lenteja/p;https://unimarc.vtexassets.com/arquivos/ids/229800/000000000661656002-UN-01.jpg?v=638338452224730000;Hamburguesas, apanados y churrascos;Hamburguesas vegetales;https://www.unimarc.cl/category/congelados/hamburguesas-apanados-y-churrascos/hamburguesas-vegetales;https://www.unimarc.cl/_next/data/0ucQ92dO_m9T9joH0FjVV/category/congelados/hamburguesas-apanados-y-churrascos/hamburguesas-vegetales.json?categories=congelados&categories=hamburguesas-apanados-y-churrascos&categories=hamburguesas-vegetales;2026-03-09T19:19:31
87450;Medallón lomo centro Super Cerdo 120 g;Super Cerdo;1 un;Kg;1000;1590;1000;True;Ahorras $590;$8.333 x Kg;$13.250 x Kg;https://www.unimarc.cl/lomo-centro-flow-pack-super-cerdo-120-gr/p;https://unimarc.vtexassets.com/arquivos/ids/242880/000000000000668827-UN-01.jpg?v=638563913726330000;Hamburguesas, apanados y churrascos;Churrascos, lomitos y otros;https://www.unimarc.cl/category/congelados/hamburguesas-apanados-y-churrascos/churrascos-lomitos-y-otros;https://www.unimarc.cl/_next/data/0ucQ92dO_m9T9joH0FjVV/category/congelados/hamburguesas-apanados-y-churrascos/churrascos-lomitos-y-otros.json?categories=congelados&categories=hamburguesas-apanados-y-churrascos&categories=churrascos-lomitos-y-otros;2026-03-09T19:19:44
63621;Churrasco de vacuno King 90 g;King;1 un;Kg;890;990;890;True;Ahorras $100;$9.889 x Kg;$11.000 x Kg;https://www.unimarc.cl/churrasco-de-vacuno-king-90-gr/p;https://unimarc.vtexassets.com/arquivos/ids/214952/000000000000877304-UN-01.jpg?v=638409417666970000;Hamburguesas, apanados y churrascos;Churrascos, lomitos y otros;https://www.unimarc.cl/category/congelados/hamburguesas-apanados-y-churrascos/churrascos-lomitos-y-otros;https://www.unimarc.cl/_next/data/0ucQ92dO_m9T9joH0FjVV/category/congelados/hamburguesas-apanados-y-churrascos/churrascos-lomitos-y-otros.json?categories=congelados&categories=hamburguesas-apanados-y-churrascos&categories=churrascos-lomitos-y-otros;2026-03-09T19:19:44
91438;Churrasco vacuno Fundo Río Alegre 120 g;Fundo Rio Alegre;1 un;Kg;1590;1790;1590;True;Ahorras $200;$13.250 x Kg;$14.917 x Kg;https://www.unimarc.cl/churrasco-vacuno-fundo-rio-alegre-120gr/p;https://unimarc.vtexassets.com/arquivos/ids/248655/000000000000674621-UN-01.jpg?v=638822475033700000;Hamburguesas, apanados y churrascos;Churrascos, lomitos y otros;https://www.unimarc.cl/category/congelados/hamburguesas-apanados-y-churrascos/churrascos-lomitos-y-otros;https://www.unimarc.cl/_next/data/0ucQ92dO_m9T9joH0FjVV/category/congelados/hamburguesas-apanados-y-churrascos/churrascos-lomitos-y-otros.json?categories=congelados&categories=hamburguesas-apanados-y-churrascos&categories=churrascos-lomitos-y-otros;2026-03-09T19:19:44
12826;Churrasco de vacuno Receta del Abuelo 3 un bolsa 120 g;Receta Del Abuelo;1 un;Kg;2290;2550;2290;True;Ahorras $260;$19.083 x Kg;$21.250 x Kg;https://www.unimarc.cl/churrasco-vacuno-rda-120-grs/p;https://unimarc.vtexassets.com/arquivos/ids/197509/000000000000607906-UN-01.jpg?v=638338451725970000;Hamburguesas, apanados y churrascos;Churrascos, lomitos y otros;https://www.unimarc.cl/category/congelados/hamburguesas-apanados-y-churrascos/churrascos-lomitos-y-otros;https://www.unimarc.cl/_next/data/0ucQ92dO_m9T9joH0FjVV/category/congelados/hamburguesas-apanados-y-churrascos/churrascos-lomitos-y-otros.json?categories=congelados&categories=hamburguesas-apanados-y-churrascos&categories=churrascos-lomitos-y-otros;2026-03-09T19:19:44
34751;Churrasco vacuno Llanquihue 90 g;Llanquihue;1 un;Kg;1550;1650;1550;True;Ahorras $100;$17.222 x Kg;$18.333 x Kg;https://www.unimarc.cl/churrasco-vacuno-llanquihue-90-gr/p;https://unimarc.vtexassets.com/arquivos/ids/219274/000000000000284163-UN-01.jpg?v=637656711517430000;Hamburguesas, apanados y churrascos;Churrascos, lomitos y otros;https://www.unimarc.cl/category/congelados/hamburguesas-apanados-y-churrascos/churrascos-lomitos-y-otros;https://www.unimarc.cl/_next/data/0ucQ92dO_m9T9joH0FjVV/category/congelados/hamburguesas-apanados-y-churrascos/churrascos-lomitos-y-otros.json?categories=congelados&categories=hamburguesas-apanados-y-churrascos&categories=churrascos-lomitos-y-otros;2026-03-09T19:19:44
44653;Carpaccio de vacuno Procarne caja 195 g;Procarne;1 un;Kg;5950;5950;;False;;$30.513 x Kg;$30.513 x Kg;https://www.unimarc.cl/carpaccio-vacuno-procarne-320-gr/p;https://unimarc.vtexassets.com/arquivos/ids/188532/Carpaccio-de-vacuno-Procarne-320-g-1-9990.jpg?v=637037232687070000;Hamburguesas, apanados y churrascos;Churrascos, lomitos y otros;https://www.unimarc.cl/category/congelados/hamburguesas-apanados-y-churrascos/churrascos-lomitos-y-otros;https://www.unimarc.cl/_next/data/0ucQ92dO_m9T9joH0FjVV/category/congelados/hamburguesas-apanados-y-churrascos/churrascos-lomitos-y-otros.json?categories=congelados&categories=hamburguesas-apanados-y-churrascos&categories=churrascos-lomitos-y-otros;2026-03-09T19:19:44
39296;Lomito fiesta Super Cerdo flowpack 90 g;Super Cerdo;1 un;Kg;1090;1090;;False;;$12.111 x Kg;$12.111 x Kg;https://www.unimarc.cl/lomito-fiesta-flowpack-super-cerdo-90-gr/p;https://unimarc.vtexassets.com/arquivos/ids/231642/000000000000907292-UN-01.jpg?v=638074205046030000;Hamburguesas, apanados y churrascos;Churrascos, lomitos y otros;https://www.unimarc.cl/category/congelados/hamburguesas-apanados-y-churrascos/churrascos-lomitos-y-otros;https://www.unimarc.cl/_next/data/0ucQ92dO_m9T9joH0FjVV/category/congelados/hamburguesas-apanados-y-churrascos/churrascos-lomitos-y-otros.json?categories=congelados&categories=hamburguesas-apanados-y-churrascos&categories=churrascos-lomitos-y-otros;2026-03-09T19:19:44
96055;Lomo de salmón natural La Crianza 85 gr;La Crianza;1 un;Kg;1290;1290;;False;;$15.176 x Kg;$15.176 x Kg;https://www.unimarc.cl/lomo-salmon-natural-la-crianza-85-gr/p;https://unimarc.vtexassets.com/arquivos/ids/254362/000000000000695756-UN-01.jpg?v=639016580659700000;Hamburguesas, apanados y churrascos;Churrascos, lomitos y otros;https://www.unimarc.cl/category/congelados/hamburguesas-apanados-y-churrascos/churrascos-lomitos-y-otros;https://www.unimarc.cl/_next/data/0ucQ92dO_m9T9joH0FjVV/category/congelados/hamburguesas-apanados-y-churrascos/churrascos-lomitos-y-otros.json?categories=congelados&categories=hamburguesas-apanados-y-churrascos&categories=churrascos-lomitos-y-otros;2026-03-09T19:19:44
73636;Churrasco vacuno Super Beef 120 g;Superbeef;1 un;Kg;1950;1950;;False;;$16.250 x Kg;$16.250 x Kg;https://www.unimarc.cl/churrasco-vacuno-superbeef-120-gr/p;https://unimarc.vtexassets.com/arquivos/ids/214924/000000000000648412-UN-01.jpg?v=637574883617930000;Hamburguesas, apanados y churrascos;Churrascos, lomitos y otros;https://www.unimarc.cl/category/congelados/hamburguesas-apanados-y-churrascos/churrascos-lomitos-y-otros;https://www.unimarc.cl/_next/data/0ucQ92dO_m9T9joH0FjVV/category/congelados/hamburguesas-apanados-y-churrascos/churrascos-lomitos-y-otros.json?categories=congelados&categories=hamburguesas-apanados-y-churrascos&categories=churrascos-lomitos-y-otros;2026-03-09T19:19:44
87451;Chuleta centro Super Cerdo 140 g;Super Cerdo;1 un;Kg;1690;1690;;False;;$12.071 x Kg;$12.071 x Kg;https://www.unimarc.cl/chuleta-flow-pack-super-cerdo-140-gr/p;https://unimarc.vtexassets.com/arquivos/ids/242881/000000000000668828-UN-01.jpg?v=638563914712000000;Hamburguesas, apanados y churrascos;Churrascos, lomitos y otros;https://www.unimarc.cl/category/congelados/hamburguesas-apanados-y-churrascos/churrascos-lomitos-y-otros;https://www.unimarc.cl/_next/data/0ucQ92dO_m9T9joH0FjVV/category/congelados/hamburguesas-apanados-y-churrascos/churrascos-lomitos-y-otros.json?categories=congelados&categories=hamburguesas-apanados-y-churrascos&categories=churrascos-lomitos-y-otros;2026-03-09T19:19:44
13352;Lomitos de cerdo PF congelados 3 un 120 g;Pf;1 un;Kg;1550;1550;;False;;$12.917 x Kg;$12.917 x Kg;https://www.unimarc.cl/lomito-de-cerdo-pf120-gr/p;https://unimarc.vtexassets.com/arquivos/ids/234575/000000000000539292-UN-01.jpg?v=638507115565930000;Hamburguesas, apanados y churrascos;Churrascos, lomitos y otros;https://www.unimarc.cl/category/congelados/hamburguesas-apanados-y-churrascos/churrascos-lomitos-y-otros;https://www.unimarc.cl/_next/data/0ucQ92dO_m9T9joH0FjVV/category/congelados/hamburguesas-apanados-y-churrascos/churrascos-lomitos-y-otros.json?categories=congelados&categories=hamburguesas-apanados-y-churrascos&categories=churrascos-lomitos-y-otros;2026-03-09T19:19:44
76781;Churrascos Wagyubeef Mollendo 135 g;Mollendo;1 un;Kg;2990;2990;;False;;$22.148 x Kg;$22.148 x Kg;https://www.unimarc.cl/churrascos-wagyubeef-mollendo-135gr/p;https://unimarc.vtexassets.com/arquivos/ids/216980/000000000000740797-UN-01.jpg?v=637607484813470000;Hamburguesas, apanados y churrascos;Churrascos, lomitos y otros;https://www.unimarc.cl/category/congelados/hamburguesas-apanados-y-churrascos/churrascos-lomitos-y-otros;https://www.unimarc.cl/_next/data/0ucQ92dO_m9T9joH0FjVV/category/congelados/hamburguesas-apanados-y-churrascos/churrascos-lomitos-y-otros.json?categories=congelados&categories=hamburguesas-apanados-y-churrascos&categories=churrascos-lomitos-y-otros;2026-03-09T19:19:44
576;Nuggets pollo Super Pollo bolsa 1 Kg;Super Pollo;1 un;Kg;4990;5990;4990;True;Ahorras $1.000;$4.990 x Kg;$5.990 x Kg;https://www.unimarc.cl/nuggets-pollo-super-pollo-1-kg/p;https://unimarc.vtexassets.com/arquivos/ids/253027/000000000000152688-UN-01.jpg?v=639005434826870000;Hamburguesas, apanados y churrascos;Nuggets y apanados;https://www.unimarc.cl/category/congelados/hamburguesas-apanados-y-churrascos/nuggets-y-apanados;https://www.unimarc.cl/_next/data/0ucQ92dO_m9T9joH0FjVV/category/congelados/hamburguesas-apanados-y-churrascos/nuggets-y-apanados.json?categories=congelados&categories=hamburguesas-apanados-y-churrascos&categories=nuggets-y-apanados;2026-03-09T19:20:02
61118;Apanado de pollo PF bolsa 100 g;Pf;1 un;Kg;720;720;;False;;$7.200 x Kg;$7.200 x Kg;https://www.unimarc.cl/apanado-de-pollo-pf-100-gr/p;https://unimarc.vtexassets.com/arquivos/ids/234583/000000000000639503-UN-01.jpg?v=638507115697800000;Hamburguesas, apanados y churrascos;Nuggets y apanados;https://www.unimarc.cl/category/congelados/hamburguesas-apanados-y-churrascos/nuggets-y-apanados;https://www.unimarc.cl/_next/data/0ucQ92dO_m9T9joH0FjVV/category/congelados/hamburguesas-apanados-y-churrascos/nuggets-y-apanados.json?categories=congelados&categories=hamburguesas-apanados-y-churrascos&categories=nuggets-y-apanados;2026-03-09T19:20:02
91008;Nuggets dino Super Pollo 360 G;Super Pollo;1 un;Kg;1590;2090;1590;True;Ahorras $500;$4.417 x Kg;$5.806 x Kg;https://www.unimarc.cl/nuggets-dino-super-pollo-360gr/p;https://unimarc.vtexassets.com/arquivos/ids/254116/000000000000674582-UN-01.jpg?v=639014073581530000;Hamburguesas, apanados y churrascos;Nuggets y apanados;https://www.unimarc.cl/category/congelados/hamburguesas-apanados-y-churrascos/nuggets-y-apanados;https://www.unimarc.cl/_next/data/0ucQ92dO_m9T9joH0FjVV/category/congelados/hamburguesas-apanados-y-churrascos/nuggets-y-apanados.json?categories=congelados&categories=hamburguesas-apanados-y-churrascos&categories=nuggets-y-apanados;2026-03-09T19:20:02
80765;Nuggets de pollo King bolsa 300 g;King;1 un;Kg;1000;1350;1000;True;Ahorras $350;$3.333 x Kg;$4.500 x Kg;https://www.unimarc.cl/nuggets-pollo-king-300-gr/p;https://unimarc.vtexassets.com/arquivos/ids/252821/000000000000655092-UN-01.jpg?v=638978874867800000;Hamburguesas, apanados y churrascos;Nuggets y apanados;https://www.unimarc.cl/category/congelados/hamburguesas-apanados-y-churrascos/nuggets-y-apanados;https://www.unimarc.cl/_next/data/0ucQ92dO_m9T9joH0FjVV/category/congelados/hamburguesas-apanados-y-churrascos/nuggets-y-apanados.json?categories=congelados&categories=hamburguesas-apanados-y-churrascos&categories=nuggets-y-apanados;2026-03-09T19:20:02
3771;Croqueta pollo Super Pollo bolsa 80 g;Super Pollo;1 un;Kg;530;530;;False;;$6.625 x Kg;$6.625 x Kg;https://www.unimarc.cl/croqueta-pollo-super-pollo-80-gr/p;https://unimarc.vtexassets.com/arquivos/ids/253025/000000000000141128-UN-01.jpg?v=639005436530600000;Hamburguesas, apanados y churrascos;Nuggets y apanados;https://www.unimarc.cl/category/congelados/hamburguesas-apanados-y-churrascos/nuggets-y-apanados;https://www.unimarc.cl/_next/data/0ucQ92dO_m9T9joH0FjVV/category/congelados/hamburguesas-apanados-y-churrascos/nuggets-y-apanados.json?categories=congelados&categories=hamburguesas-apanados-y-churrascos&categories=nuggets-y-apanados;2026-03-09T19:20:02
5526;Crocante de pollo Super Pollo bolsa 100 g;Super Pollo;1 un;Kg;590;700;590;True;Ahorras $110;$5.900 x Kg;$7.000 x Kg;https://www.unimarc.cl/crocante-pollo-super-pollo-100-gr/p;https://unimarc.vtexassets.com/arquivos/ids/253031/000000000000568572-UN-01.jpg?v=639005437541130000;Hamburguesas, apanados y churrascos;Nuggets y apanados;https://www.unimarc.cl/category/congelados/hamburguesas-apanados-y-churrascos/nuggets-y-apanados;https://www.unimarc.cl/_next/data/0ucQ92dO_m9T9joH0FjVV/category/congelados/hamburguesas-apanados-y-churrascos/nuggets-y-apanados.json?categories=congelados&categories=hamburguesas-apanados-y-churrascos&categories=nuggets-y-apanados;2026-03-09T19:20:02
91164;Nuggets de pollo Sadia crocante 400 g;Sadia;1 un;Kg;2850;2850;;False;;$7.125 x Kg;$7.125 x Kg;https://www.unimarc.cl/nuggets-pollo-crocante-sadia-400gr/p;https://unimarc.vtexassets.com/arquivos/ids/247987/000000000000674690-UN-01.jpg.jpg?v=638798267523070000;Hamburguesas, apanados y churrascos;Nuggets y apanados;https://www.unimarc.cl/category/congelados/hamburguesas-apanados-y-churrascos/nuggets-y-apanados;https://www.unimarc.cl/_next/data/0ucQ92dO_m9T9joH0FjVV/category/congelados/hamburguesas-apanados-y-churrascos/nuggets-y-apanados.json?categories=congelados&categories=hamburguesas-apanados-y-churrascos&categories=nuggets-y-apanados;2026-03-09T19:20:02
91706;Crocante de pollo Super Pollo 4 un de 100 g;Super Pollo;1 un;Kg;2000;2590;2000;True;Ahorras $590;$5.000 x Kg;$6.475 x Kg;https://www.unimarc.cl/crocante-pollo-superpollo-4x100gr/p;https://unimarc.vtexassets.com/arquivos/ids/254107/000000000000679992-UN-01.jpg?v=639014068147230000;Hamburguesas, apanados y churrascos;Nuggets y apanados;https://www.unimarc.cl/category/congelados/hamburguesas-apanados-y-churrascos/nuggets-y-apanados;https://www.unimarc.cl/_next/data/0ucQ92dO_m9T9joH0FjVV/category/congelados/hamburguesas-apanados-y-churrascos/nuggets-y-apanados.json?categories=congelados&categories=hamburguesas-apanados-y-churrascos&categories=nuggets-y-apanados;2026-03-09T19:20:02
6052;Rebozado pollo Sadia bolsa 100 g;Sadia;1 un;Kg;570;640;570;True;Ahorras $70;$5.700 x Kg;$6.400 x Kg;https://www.unimarc.cl/rebozado-de-pollo-sadia-100-gr/p;https://unimarc.vtexassets.com/arquivos/ids/243389/000000000000621539-UN-01.jpg?v=638579709023830000;Hamburguesas, apanados y churrascos;Nuggets y apanados;https://www.unimarc.cl/category/congelados/hamburguesas-apanados-y-churrascos/nuggets-y-apanados;https://www.unimarc.cl/_next/data/0ucQ92dO_m9T9joH0FjVV/category/congelados/hamburguesas-apanados-y-churrascos/nuggets-y-apanados.json?categories=congelados&categories=hamburguesas-apanados-y-churrascos&categories=nuggets-y-apanados;2026-03-09T19:20:02
96705;Capinugget Super Pollo bolsa 400 gr;Super Pollo;1 un;Kg;2000;2790;2000;True;Ahorras $790;$5.000 x Kg;$6.975 x Kg;https://www.unimarc.cl/capinugget-super-pollo-400-gr/p;https://unimarc.vtexassets.com/arquivos/ids/256088/000000000000699719-UN-01.jpg?v=639065276904970000;Hamburguesas, apanados y churrascos;Nuggets y apanados;https://www.unimarc.cl/category/congelados/hamburguesas-apanados-y-churrascos/nuggets-y-apanados;https://www.unimarc.cl/_next/data/0ucQ92dO_m9T9joH0FjVV/category/congelados/hamburguesas-apanados-y-churrascos/nuggets-y-apanados.json?categories=congelados&categories=hamburguesas-apanados-y-churrascos&categories=nuggets-y-apanados;2026-03-09T19:20:02
4306;Nuggets Super Pollo bolsa 400 g;Super Pollo;1 un;Kg;2690;2690;;False;;$6.725 x Kg;$6.725 x Kg;https://www.unimarc.cl/nugget-pollo-super-pollo-400-gr/p;https://unimarc.vtexassets.com/arquivos/ids/253029/000000000000180078-UN-01.jpg?v=639005436267600000;Hamburguesas, apanados y churrascos;Nuggets y apanados;https://www.unimarc.cl/category/congelados/hamburguesas-apanados-y-churrascos/nuggets-y-apanados;https://www.unimarc.cl/_next/data/0ucQ92dO_m9T9joH0FjVV/category/congelados/hamburguesas-apanados-y-churrascos/nuggets-y-apanados.json?categories=congelados&categories=hamburguesas-apanados-y-churrascos&categories=nuggets-y-apanados;2026-03-09T19:20:02
92208;Escalopa de cerdo Super Cerdo 400gr;Super Cerdo;1 un;Kg;3000;3290;3000;True;Ahorras $290;$7.500 x Kg;$8.225 x Kg;https://www.unimarc.cl/escalopa-de-cerdo-supercerdo-400-g/p;https://unimarc.vtexassets.com/arquivos/ids/252519/000000000000684720-UN-01.png?v=638973580238370000;Hamburguesas, apanados y churrascos;Nuggets y apanados;https://www.unimarc.cl/category/congelados/hamburguesas-apanados-y-churrascos/nuggets-y-apanados;https://www.unimarc.cl/_next/data/0ucQ92dO_m9T9joH0FjVV/category/congelados/hamburguesas-apanados-y-churrascos/nuggets-y-apanados.json?categories=congelados&categories=hamburguesas-apanados-y-churrascos&categories=nuggets-y-apanados;2026-03-09T19:20:02
14749;Suprema de pollo kayser Receta del Abuelo 120 g;Receta Del Abuelo;1 un;Kg;1390;1390;;False;;$11.583 x Kg;$11.583 x Kg;https://www.unimarc.cl/suprema-pollo-jamon-queso-rda-120-gr/p;https://unimarc.vtexassets.com/arquivos/ids/234577/000000000000619626-UN-01.jpg?v=638507115640400000;Hamburguesas, apanados y churrascos;Nuggets y apanados;https://www.unimarc.cl/category/congelados/hamburguesas-apanados-y-churrascos/nuggets-y-apanados;https://www.unimarc.cl/_next/data/0ucQ92dO_m9T9joH0FjVV/category/congelados/hamburguesas-apanados-y-churrascos/nuggets-y-apanados.json?categories=congelados&categories=hamburguesas-apanados-y-churrascos&categories=nuggets-y-apanados;2026-03-09T19:20:02
13369;Pechuga de pollo apanada Receta del Abuelo 1 un 120 g;Receta Del Abuelo;1 un;Kg;1350;1350;;False;;$11.250 x Kg;$11.250 x Kg;https://www.unimarc.cl/pechuga-de-pollo-apanada-receta-d-a-120g/p;https://unimarc.vtexassets.com/arquivos/ids/234579/000000000000619627-UN-01.jpg?v=638507115650200000;Hamburguesas, apanados y churrascos;Nuggets y apanados;https://www.unimarc.cl/category/congelados/hamburguesas-apanados-y-churrascos/nuggets-y-apanados;https://www.unimarc.cl/_next/data/0ucQ92dO_m9T9joH0FjVV/category/congelados/hamburguesas-apanados-y-churrascos/nuggets-y-apanados.json?categories=congelados&categories=hamburguesas-apanados-y-churrascos&categories=nuggets-y-apanados;2026-03-09T19:20:02
96054;Lomo de salmón empanizado La Crianza 100 gr;La Crianza;1 un;Kg;1800;1990;1800;True;Ahorras $190;$18.000 x Kg;$19.900 x Kg;https://www.unimarc.cl/lomo-salmon-empani-la-crianza-100-gr/p;https://unimarc.vtexassets.com/arquivos/ids/254361/000000000000695755-UN-01.jpg?v=639016580655130000;Hamburguesas, apanados y churrascos;Nuggets y apanados;https://www.unimarc.cl/category/congelados/hamburguesas-apanados-y-churrascos/nuggets-y-apanados;https://www.unimarc.cl/_next/data/0ucQ92dO_m9T9joH0FjVV/category/congelados/hamburguesas-apanados-y-churrascos/nuggets-y-apanados.json?categories=congelados&categories=hamburguesas-apanados-y-churrascos&categories=nuggets-y-apanados;2026-03-09T19:20:02
96056;Nuggets salmón La Crianza bolsa 200 gr;La Crianza;1 un;Kg;2550;2790;2550;True;Ahorras $240;$12.750 x Kg;$13.950 x Kg;https://www.unimarc.cl/nuggets-salmon-la-crianza-200-gr/p;https://unimarc.vtexassets.com/arquivos/ids/254363/000000000000695757-UN-01.jpg?v=639016580671630000;Hamburguesas, apanados y churrascos;Nuggets y apanados;https://www.unimarc.cl/category/congelados/hamburguesas-apanados-y-churrascos/nuggets-y-apanados;https://www.unimarc.cl/_next/data/0ucQ92dO_m9T9joH0FjVV/category/congelados/hamburguesas-apanados-y-churrascos/nuggets-y-apanados.json?categories=congelados&categories=hamburguesas-apanados-y-churrascos&categories=nuggets-y-apanados;2026-03-09T19:20:02
764;Nuggets pollo La Crianza bolsa 400 g;La Crianza;1 un;Kg;3690;3690;;False;;$9.225 x Kg;$9.225 x Kg;https://www.unimarc.cl/nuggets-pollo-la-crianza-400-g/p;https://unimarc.vtexassets.com/arquivos/ids/251431/000000000000185370-UN-01.jpg?v=638935389760270000;Hamburguesas, apanados y churrascos;Nuggets y apanados;https://www.unimarc.cl/category/congelados/hamburguesas-apanados-y-churrascos/nuggets-y-apanados;https://www.unimarc.cl/_next/data/0ucQ92dO_m9T9joH0FjVV/category/congelados/hamburguesas-apanados-y-churrascos/nuggets-y-apanados.json?categories=congelados&categories=hamburguesas-apanados-y-churrascos&categories=nuggets-y-apanados;2026-03-09T19:20:02
17558;Pechuga de pollo rebozadas Sadia 480 g;Sadia;1 un;Kg;3990;3990;;False;;$8.313 x Kg;$8.313 x Kg;https://www.unimarc.cl/pechuga-de-pollo-rebozadas-sadia-480-g/p;https://unimarc.vtexassets.com/arquivos/ids/245989/000000000000186812-UN-01.jpg?v=638702204630230000;Hamburguesas, apanados y churrascos;Nuggets y apanados;https://www.unimarc.cl/category/congelados/hamburguesas-apanados-y-churrascos/nuggets-y-apanados;https://www.unimarc.cl/_next/data/0ucQ92dO_m9T9joH0FjVV/category/congelados/hamburguesas-apanados-y-churrascos/nuggets-y-apanados.json?categories=congelados&categories=hamburguesas-apanados-y-churrascos&categories=nuggets-y-apanados;2026-03-09T19:20:02
4425;Supremitas pollo Sadia rebozadas bolsa 480 g;Sadia;1 un;Kg;4290;4290;;False;;$8.938 x Kg;$8.938 x Kg;https://www.unimarc.cl/rebozados-chicken-fingers-sadia-480-gr/p;https://unimarc.vtexassets.com/arquivos/ids/224249/000000000000186813-UN-01.jpg?v=637807201945200000;Hamburguesas, apanados y churrascos;Nuggets y apanados;https://www.unimarc.cl/category/congelados/hamburguesas-apanados-y-churrascos/nuggets-y-apanados;https://www.unimarc.cl/_next/data/0ucQ92dO_m9T9joH0FjVV/category/congelados/hamburguesas-apanados-y-churrascos/nuggets-y-apanados.json?categories=congelados&categories=hamburguesas-apanados-y-churrascos&categories=nuggets-y-apanados;2026-03-09T19:20:02
69588;Nuggets de pollo Fundo Río Alegre 400 g;Fundo Rio Alegre;1 un;Kg;2290;2290;;False;;$5.725 x Kg;$5.725 x Kg;https://www.unimarc.cl/nugget-de-pollo-fundo-rio-alegre-400-gr/p;https://unimarc.vtexassets.com/arquivos/ids/196228/000000000000641922-UN-01.jpg?v=637269645381730000;Hamburguesas, apanados y churrascos;Nuggets y apanados;https://www.unimarc.cl/category/congelados/hamburguesas-apanados-y-churrascos/nuggets-y-apanados;https://www.unimarc.cl/_next/data/0ucQ92dO_m9T9joH0FjVV/category/congelados/hamburguesas-apanados-y-churrascos/nuggets-y-apanados.json?categories=congelados&categories=hamburguesas-apanados-y-churrascos&categories=nuggets-y-apanados;2026-03-09T19:20:02
89248;Rollitos de salmón La Crianza 400 g;La Crianza;1 un;Kg;4890;4890;;False;;$12.225 x Kg;$12.225 x Kg;https://www.unimarc.cl/rollitos-salmon-la-crianza-400-gr/p;https://unimarc.vtexassets.com/arquivos/ids/244412/000000000000671724-UN-01.jpg?v=638633131336230000;Hamburguesas, apanados y churrascos;Nuggets y apanados;https://www.unimarc.cl/category/congelados/hamburguesas-apanados-y-churrascos/nuggets-y-apanados;https://www.unimarc.cl/_next/data/0ucQ92dO_m9T9joH0FjVV/category/congelados/hamburguesas-apanados-y-churrascos/nuggets-y-apanados.json?categories=congelados&categories=hamburguesas-apanados-y-churrascos&categories=nuggets-y-apanados;2026-03-09T19:20:02
89249;Croqueta de salmón La Crianza 80 g;La Crianza;1 un;Kg;950;950;;False;;$11.875 x Kg;$11.875 x Kg;https://www.unimarc.cl/croqueta-salmon-la-crianza-80-gr/p;https://unimarc.vtexassets.com/arquivos/ids/244404/000000000000671725-UN-01.jpg?v=638633107255470000;Hamburguesas, apanados y churrascos;Nuggets y apanados;https://www.unimarc.cl/category/congelados/hamburguesas-apanados-y-churrascos/nuggets-y-apanados;https://www.unimarc.cl/_next/data/0ucQ92dO_m9T9joH0FjVV/category/congelados/hamburguesas-apanados-y-churrascos/nuggets-y-apanados.json?categories=congelados&categories=hamburguesas-apanados-y-churrascos&categories=nuggets-y-apanados;2026-03-09T19:20:02
67103;Golden chicken Sadia tradicional 300 g;Sadia;1 un;Kg;4190;4190;;False;;$13.967 x Kg;$13.967 x Kg;https://www.unimarc.cl/golden-chicken-sadia-tradicional-300-gr/p;https://unimarc.vtexassets.com/arquivos/ids/224238/000000000000643330-UN-01.jpg?v=637807187805000000;Hamburguesas, apanados y churrascos;Nuggets y apanados;https://www.unimarc.cl/category/congelados/hamburguesas-apanados-y-churrascos/nuggets-y-apanados;https://www.unimarc.cl/_next/data/0ucQ92dO_m9T9joH0FjVV/category/congelados/hamburguesas-apanados-y-churrascos/nuggets-y-apanados.json?categories=congelados&categories=hamburguesas-apanados-y-churrascos&categories=nuggets-y-apanados;2026-03-09T19:20:02
1668;Filetitos de pollo La Crianza bolsa 400 g;La Crianza;1 un;Kg;5390;5390;;False;;$13.475 x Kg;$13.475 x Kg;https://www.unimarc.cl/filetitos-de-pollo-la-crianza-400-gr/p;https://unimarc.vtexassets.com/arquivos/ids/214803/000000000000916721-UN-01.jpg?v=637574726933430000;Hamburguesas, apanados y churrascos;Nuggets y apanados;https://www.unimarc.cl/category/congelados/hamburguesas-apanados-y-churrascos/nuggets-y-apanados;https://www.unimarc.cl/_next/data/0ucQ92dO_m9T9joH0FjVV/category/congelados/hamburguesas-apanados-y-churrascos/nuggets-y-apanados.json?categories=congelados&categories=hamburguesas-apanados-y-churrascos&categories=nuggets-y-apanados;2026-03-09T19:20:02
14751;Escalopa de vacuno kayser Receta del Abuelo 120 g;Receta Del Abuelo;1 un;Kg;1390;1390;;False;;$11.583 x Kg;$11.583 x Kg;https://www.unimarc.cl/escalopa-kayser-vacuno-ja-queso-rda-120g/p;https://unimarc.vtexassets.com/arquivos/ids/234581/000000000000619630-UN-01.jpg?v=638507115658730000;Hamburguesas, apanados y churrascos;Nuggets y apanados;https://www.unimarc.cl/category/congelados/hamburguesas-apanados-y-churrascos/nuggets-y-apanados;https://www.unimarc.cl/_next/data/0ucQ92dO_m9T9joH0FjVV/category/congelados/hamburguesas-apanados-y-churrascos/nuggets-y-apanados.json?categories=congelados&categories=hamburguesas-apanados-y-churrascos&categories=nuggets-y-apanados;2026-03-09T19:20:02
76477;Nuggets La Crianza plant based 300 g;La Crianza;1 un;Kg;3390;3390;;False;;$11.300 x Kg;$11.300 x Kg;https://www.unimarc.cl/nuggets-chicken-free-la-crianza-300gr/p;https://unimarc.vtexassets.com/arquivos/ids/238082/000000000000649743-UN-01.jpg?v=638463631279770000;Hamburguesas, apanados y churrascos;Nuggets y apanados;https://www.unimarc.cl/category/congelados/hamburguesas-apanados-y-churrascos/nuggets-y-apanados;https://www.unimarc.cl/_next/data/0ucQ92dO_m9T9joH0FjVV/category/congelados/hamburguesas-apanados-y-churrascos/nuggets-y-apanados.json?categories=congelados&categories=hamburguesas-apanados-y-churrascos&categories=nuggets-y-apanados;2026-03-09T19:20:02
6378;Milanesa de soya Mr. Veggie bolsa 80 g;Mr Veggie;1 un;Kg;790;790;;False;;$9.875 x Kg;$9.875 x Kg;https://www.unimarc.cl/milanesa-de-soya-mr-veggie-80-gr/p;https://unimarc.vtexassets.com/arquivos/ids/197334/000000000000724572-UN-01.jpg?v=638470757796900000;Hamburguesas, apanados y churrascos;Nuggets y apanados;https://www.unimarc.cl/category/congelados/hamburguesas-apanados-y-churrascos/nuggets-y-apanados;https://www.unimarc.cl/_next/data/0ucQ92dO_m9T9joH0FjVV/category/congelados/hamburguesas-apanados-y-churrascos/nuggets-y-apanados.json?categories=congelados&categories=hamburguesas-apanados-y-churrascos&categories=nuggets-y-apanados;2026-03-09T19:20:02
87502;Alitas de pollo Sadia golden chicken asadas 400 g;Sadia;1 un;Kg;4990;4990;;False;;$12.475 x Kg;$12.475 x Kg;https://www.unimarc.cl/alitas-pollo-golden-sadia-400g-asadas/p;https://unimarc.vtexassets.com/arquivos/ids/239923/000000000668961002-UN-01.jpg?v=638526178848700000;Hamburguesas, apanados y churrascos;Nuggets y apanados;https://www.unimarc.cl/category/congelados/hamburguesas-apanados-y-churrascos/nuggets-y-apanados;https://www.unimarc.cl/_next/data/0ucQ92dO_m9T9joH0FjVV/category/congelados/hamburguesas-apanados-y-churrascos/nuggets-y-apanados.json?categories=congelados&categories=hamburguesas-apanados-y-churrascos&categories=nuggets-y-apanados;2026-03-09T19:20:02
68790;Golden chicken Sadia picante 300 g;Sadia;1 un;Kg;4190;4190;;False;;$13.967 x Kg;$13.967 x Kg;https://www.unimarc.cl/golden-chicken-sadia-picante-300-gr/p;https://unimarc.vtexassets.com/arquivos/ids/224239/000000000000645728-UN-01.jpg?v=637807189446200000;Hamburguesas, apanados y churrascos;Nuggets y apanados;https://www.unimarc.cl/category/congelados/hamburguesas-apanados-y-churrascos/nuggets-y-apanados;https://www.unimarc.cl/_next/data/0ucQ92dO_m9T9joH0FjVV/category/congelados/hamburguesas-apanados-y-churrascos/nuggets-y-apanados.json?categories=congelados&categories=hamburguesas-apanados-y-churrascos&categories=nuggets-y-apanados;2026-03-09T19:20:02
90856;Rollitos de salmón La Crianza 200 g;La Crianza;1 un;Kg;2990;2990;;False;;$14.950 x Kg;$14.950 x Kg;https://www.unimarc.cl/rollito-salmon-la-crianza-200-gr/p;https://unimarc.vtexassets.com/arquivos/ids/254118/000000000000674610-UN-01.jpg?v=639014075181800000;Hamburguesas, apanados y churrascos;Nuggets y apanados;https://www.unimarc.cl/category/congelados/hamburguesas-apanados-y-churrascos/nuggets-y-apanados;https://www.unimarc.cl/_next/data/0ucQ92dO_m9T9joH0FjVV/category/congelados/hamburguesas-apanados-y-churrascos/nuggets-y-apanados.json?categories=congelados&categories=hamburguesas-apanados-y-churrascos&categories=nuggets-y-apanados;2026-03-09T19:20:02
83418;Milanesa vegetales NotMila notco 110 g;Not Mila;1 un;Kg;1850;1850;;False;;$16.818 x Kg;$16.818 x Kg;https://www.unimarc.cl/milanesa-vegetales-not-mila-110-gr/p;https://unimarc.vtexassets.com/arquivos/ids/245850/000000000000662988-UN-01.jpg?v=638694485618300000;Hamburguesas, apanados y churrascos;Nuggets y apanados;https://www.unimarc.cl/category/congelados/hamburguesas-apanados-y-churrascos/nuggets-y-apanados;https://www.unimarc.cl/_next/data/0ucQ92dO_m9T9joH0FjVV/category/congelados/hamburguesas-apanados-y-churrascos/nuggets-y-apanados.json?categories=congelados&categories=hamburguesas-apanados-y-churrascos&categories=nuggets-y-apanados;2026-03-09T19:20:02
91338;Suprema de pollo apanada La Crianza 120 g;La Crianza;1 un;Kg;1490;1490;;False;;$12.417 x Kg;$12.417 x Kg;https://www.unimarc.cl/suprema-de-pollo-la-crianza-120gr/p;https://unimarc.vtexassets.com/arquivos/ids/248315/000000000000676166-UN-01.jpg?v=638810269943930000;Hamburguesas, apanados y churrascos;Nuggets y apanados;https://www.unimarc.cl/category/congelados/hamburguesas-apanados-y-churrascos/nuggets-y-apanados;https://www.unimarc.cl/_next/data/0ucQ92dO_m9T9joH0FjVV/category/congelados/hamburguesas-apanados-y-churrascos/nuggets-y-apanados.json?categories=congelados&categories=hamburguesas-apanados-y-churrascos&categories=nuggets-y-apanados;2026-03-09T19:20:02
93512;Nacho nuggets La Crianza sabor queso 300 gr;La Crianza;1 un;Kg;3790;3790;;False;;$12.633 x Kg;$12.633 x Kg;https://www.unimarc.cl/nacho-nugget-queso-la-crianza-300g/p;https://unimarc.vtexassets.com/arquivos/ids/252820/000000000000691875-UN-01.jpg?v=638978873359800000;Hamburguesas, apanados y churrascos;Nuggets y apanados;https://www.unimarc.cl/category/congelados/hamburguesas-apanados-y-churrascos/nuggets-y-apanados;https://www.unimarc.cl/_next/data/0ucQ92dO_m9T9joH0FjVV/category/congelados/hamburguesas-apanados-y-churrascos/nuggets-y-apanados.json?categories=congelados&categories=hamburguesas-apanados-y-churrascos&categories=nuggets-y-apanados;2026-03-09T19:20:02
93511;Nacho nuggets La Crianza sabor original 300 gr;La Crianza;1 un;Kg;3790;3790;;False;;$12.633 x Kg;$12.633 x Kg;https://www.unimarc.cl/nacho-nugget-original-la-crianza-300g/p;https://unimarc.vtexassets.com/arquivos/ids/252819/000000000000691874-UN-01.jpg?v=638978870370930000;Hamburguesas, apanados y churrascos;Nuggets y apanados;https://www.unimarc.cl/category/congelados/hamburguesas-apanados-y-churrascos/nuggets-y-apanados;https://www.unimarc.cl/_next/data/0ucQ92dO_m9T9joH0FjVV/category/congelados/hamburguesas-apanados-y-churrascos/nuggets-y-apanados.json?categories=congelados&categories=hamburguesas-apanados-y-churrascos&categories=nuggets-y-apanados;2026-03-09T19:20:02
82307;Nugget base vegetales Not Chicken notco 300 g;Not Chicken;1 un;Kg;4490;4490;;False;;$14.967 x Kg;$14.967 x Kg;https://www.unimarc.cl/nugget-base-vegetales-not-chicken-300gr/p;https://unimarc.vtexassets.com/arquivos/ids/245844/000000000000656555-UN-01.jpg?v=638694477666270000;Hamburguesas, apanados y churrascos;Nuggets y apanados;https://www.unimarc.cl/category/congelados/hamburguesas-apanados-y-churrascos/nuggets-y-apanados;https://www.unimarc.cl/_next/data/0ucQ92dO_m9T9joH0FjVV/category/congelados/hamburguesas-apanados-y-churrascos/nuggets-y-apanados.json?categories=congelados&categories=hamburguesas-apanados-y-churrascos&categories=nuggets-y-apanados;2026-03-09T19:20:02
96053;Nuggets salmón La Crianza bolsa 400 gr;La Crianza;1 un;Kg;4790;4790;;False;;$11.975 x Kg;$11.975 x Kg;https://www.unimarc.cl/nuggets-de-salmon-la-crianza-400-gr/p;https://unimarc.vtexassets.com/arquivos/ids/254359/000000000000694366-UN-01.jpg?v=639016580644200000;Hamburguesas, apanados y churrascos;Nuggets y apanados;https://www.unimarc.cl/category/congelados/hamburguesas-apanados-y-churrascos/nuggets-y-apanados;https://www.unimarc.cl/_next/data/0ucQ92dO_m9T9joH0FjVV/category/congelados/hamburguesas-apanados-y-churrascos/nuggets-y-apanados.json?categories=congelados&categories=hamburguesas-apanados-y-churrascos&categories=nuggets-y-apanados;2026-03-09T19:20:02
417;Dinodorados merluza El Golfo bolsa 440 g;El Golfo;1 un;Kg;5390;5390;;False;;$12.250 x Kg;$12.250 x Kg;https://www.unimarc.cl/dinodorados-de-merluza-el-golfo-6u-440-g/p;https://unimarc.vtexassets.com/arquivos/ids/226113/000000000000052953-UN-01.jpg?v=637866702916300000;Hamburguesas, apanados y churrascos;Nuggets y apanados;https://www.unimarc.cl/category/congelados/hamburguesas-apanados-y-churrascos/nuggets-y-apanados;https://www.unimarc.cl/_next/data/0ucQ92dO_m9T9joH0FjVV/category/congelados/hamburguesas-apanados-y-churrascos/nuggets-y-apanados.json?categories=congelados&categories=hamburguesas-apanados-y-churrascos&categories=nuggets-y-apanados;2026-03-09T19:20:02
519;Hamburguesa vacuno La Crianza premium 1 Kg;La Crianza;1 un;Kg;8050;10590;8050;True;Ahorras $2.540;$8.050 x Kg;$10.590 x Kg;https://www.unimarc.cl/hamburguesa-prem-vacuno-la-crianza-10-u/p;https://unimarc.vtexassets.com/arquivos/ids/231623/000000000000138438-UN-01.jpg?v=638074184517230000;Hamburguesas, apanados y churrascos;Hamburguesas;https://www.unimarc.cl/category/congelados/hamburguesas-apanados-y-churrascos/hamburguesas;https://www.unimarc.cl/_next/data/0ucQ92dO_m9T9joH0FjVV/category/congelados/hamburguesas-apanados-y-churrascos/hamburguesas.json?categories=congelados&categories=hamburguesas-apanados-y-churrascos&categories=hamburguesas;2026-03-09T19:20:16
91590;Pack Hamburguesa Super Beef tradicional 2 un de 100 g;Superbeef;1 un;Kg;1000;1490;1000;True;Ahorras $490;$5.000 x Kg;$7.450 x Kg;https://www.unimarc.cl/pack-hamburguesa-super-beef-2x100gr/p;https://unimarc.vtexassets.com/arquivos/ids/249741/000000000000678830-UN-01.jpg?v=638858831182330000;Hamburguesas, apanados y churrascos;Hamburguesas;https://www.unimarc.cl/category/congelados/hamburguesas-apanados-y-churrascos/hamburguesas;https://www.unimarc.cl/_next/data/0ucQ92dO_m9T9joH0FjVV/category/congelados/hamburguesas-apanados-y-churrascos/hamburguesas.json?categories=congelados&categories=hamburguesas-apanados-y-churrascos&categories=hamburguesas;2026-03-09T19:20:16
76885;Hamburguesa de vacuno Receta del Abuelo 10 un de 100 g;Receta Del Abuelo;1 un;unidad;7390;10750;7390;True;Ahorras $3.360;$739 x unidad;$1.075 x unidad;https://www.unimarc.cl/hamburguesa-vacuno-receta-del-abuelo-10u/p;https://unimarc.vtexassets.com/arquivos/ids/216026/000000000000651331-UN-01.jpg?v=638338451963530000;Hamburguesas, apanados y churrascos;Hamburguesas;https://www.unimarc.cl/category/congelados/hamburguesas-apanados-y-churrascos/hamburguesas;https://www.unimarc.cl/_next/data/0ucQ92dO_m9T9joH0FjVV/category/congelados/hamburguesas-apanados-y-churrascos/hamburguesas.json?categories=congelados&categories=hamburguesas-apanados-y-churrascos&categories=hamburguesas;2026-03-09T19:20:16
93509;Hamburguesa tradicional en bolsa Super Beef 900gr;Superbeef;1 un;Kg;6690;6690;;False;;$7.433 x Kg;$7.433 x Kg;https://www.unimarc.cl/hamburguesa-trad-bolsa-super-beef-900gr/p;https://unimarc.vtexassets.com/arquivos/ids/252822/000000000000691627-UN-01.jpg?v=638978875656730000;Hamburguesas, apanados y churrascos;Hamburguesas;https://www.unimarc.cl/category/congelados/hamburguesas-apanados-y-churrascos/hamburguesas;https://www.unimarc.cl/_next/data/0ucQ92dO_m9T9joH0FjVV/category/congelados/hamburguesas-apanados-y-churrascos/hamburguesas.json?categories=congelados&categories=hamburguesas-apanados-y-churrascos&categories=hamburguesas;2026-03-09T19:20:16
556;Hamburguesas vacuno La Crianza 100 gr;La Crianza;1 un;Kg;850;1040;850;True;Ahorras $190;$8.500 x Kg;$10.400 x Kg;https://www.unimarc.cl/hamburguesas-vacuno-la-crianza-100-grs/p;https://unimarc.vtexassets.com/arquivos/ids/231621/000000000000145903-UN-01.jpg?v=638074179923070000;Hamburguesas, apanados y churrascos;Hamburguesas;https://www.unimarc.cl/category/congelados/hamburguesas-apanados-y-churrascos/hamburguesas;https://www.unimarc.cl/_next/data/0ucQ92dO_m9T9joH0FjVV/category/congelados/hamburguesas-apanados-y-churrascos/hamburguesas.json?categories=congelados&categories=hamburguesas-apanados-y-churrascos&categories=hamburguesas;2026-03-09T19:20:16
71296;Hamburguesa vacuno y cerdo San Jorge 10 un bolsa 900 g;San Jorge;1 un;Kg;5290;6660;5290;True;Ahorras $1.370;$5.878 x Kg;$7.400 x Kg;https://www.unimarc.cl/hamb-vacuno-y-cerdo-bolsa-s-jorge-900g/p;https://unimarc.vtexassets.com/arquivos/ids/220209/000000000000646203-UN-01.jpg?v=638479197031430000;Hamburguesas, apanados y churrascos;Hamburguesas;https://www.unimarc.cl/category/congelados/hamburguesas-apanados-y-churrascos/hamburguesas;https://www.unimarc.cl/_next/data/0ucQ92dO_m9T9joH0FjVV/category/congelados/hamburguesas-apanados-y-churrascos/hamburguesas.json?categories=congelados&categories=hamburguesas-apanados-y-churrascos&categories=hamburguesas;2026-03-09T19:20:16
704;Hamburguesa vacuno La Crianza light premium 1 Kg;La Crianza;1 un;Kg;10390;10990;10390;True;Ahorras $600;$10.390 x Kg;$10.990 x Kg;https://www.unimarc.cl/hamburguesa-de-vacuno-light-la-crianza-10-u/p;https://unimarc.vtexassets.com/arquivos/ids/231654/000000000000179980-UN-01.jpg?v=638074220457770000;Hamburguesas, apanados y churrascos;Hamburguesas;https://www.unimarc.cl/category/congelados/hamburguesas-apanados-y-churrascos/hamburguesas;https://www.unimarc.cl/_next/data/0ucQ92dO_m9T9joH0FjVV/category/congelados/hamburguesas-apanados-y-churrascos/hamburguesas.json?categories=congelados&categories=hamburguesas-apanados-y-churrascos&categories=hamburguesas;2026-03-09T19:20:16
92307;Hamburguesa de vacuno PF tradicional 10 un de 90 g;Pf;1 un;Kg;6990;6990;;False;;$7.767 x Kg;$7.767 x Kg;https://www.unimarc.cl/hamburguesa-tradicional-pf-10x90gr/p;https://unimarc.vtexassets.com/arquivos/ids/251292/000000000000686395-UN-01.jpg?v=638929580377830000;Hamburguesas, apanados y churrascos;Hamburguesas;https://www.unimarc.cl/category/congelados/hamburguesas-apanados-y-churrascos/hamburguesas;https://www.unimarc.cl/_next/data/0ucQ92dO_m9T9joH0FjVV/category/congelados/hamburguesas-apanados-y-churrascos/hamburguesas.json?categories=congelados&categories=hamburguesas-apanados-y-churrascos&categories=hamburguesas;2026-03-09T19:20:16
12581;Hamburguesa Vacuno Receta del Abuelo tradicional 100 g;Receta Del Abuelo;1 un;Kg;950;1080;950;True;Ahorras $130;$9.500 x Kg;$10.800 x Kg;https://www.unimarc.cl/hamburguesa-vacuno-rda-100-grs/p;https://unimarc.vtexassets.com/arquivos/ids/197508/000000000000607904-UN-01.jpg?v=638338451717200000;Hamburguesas, apanados y churrascos;Hamburguesas;https://www.unimarc.cl/category/congelados/hamburguesas-apanados-y-churrascos/hamburguesas;https://www.unimarc.cl/_next/data/0ucQ92dO_m9T9joH0FjVV/category/congelados/hamburguesas-apanados-y-churrascos/hamburguesas.json?categories=congelados&categories=hamburguesas-apanados-y-churrascos&categories=hamburguesas;2026-03-09T19:20:16
12041;Hamburguesa de pollo King 185 g;King;1 un;Kg;1000;1190;1000;True;Ahorras $190;$5.405 x Kg;$6.432 x Kg;https://www.unimarc.cl/hamburguesa-pollo-king-185-gr/p;https://unimarc.vtexassets.com/arquivos/ids/238425/000000000000874516-UN-01.jpg?v=638475710201100000;Hamburguesas, apanados y churrascos;Hamburguesas;https://www.unimarc.cl/category/congelados/hamburguesas-apanados-y-churrascos/hamburguesas;https://www.unimarc.cl/_next/data/0ucQ92dO_m9T9joH0FjVV/category/congelados/hamburguesas-apanados-y-churrascos/hamburguesas.json?categories=congelados&categories=hamburguesas-apanados-y-churrascos&categories=hamburguesas;2026-03-09T19:20:16
1403;Hamburguesa vacuno La Crianza mastodonte 185 g;La Crianza;1 un;Kg;1990;1990;;False;;$10.757 x Kg;$10.757 x Kg;https://www.unimarc.cl/hamburguesa-vac-mastodonte-la-crianza-185-g/p;https://unimarc.vtexassets.com/arquivos/ids/231666/000000000000636577-UN-01.jpg?v=638074228206300000;Hamburguesas, apanados y churrascos;Hamburguesas;https://www.unimarc.cl/category/congelados/hamburguesas-apanados-y-churrascos/hamburguesas;https://www.unimarc.cl/_next/data/0ucQ92dO_m9T9joH0FjVV/category/congelados/hamburguesas-apanados-y-churrascos/hamburguesas.json?categories=congelados&categories=hamburguesas-apanados-y-churrascos&categories=hamburguesas;2026-03-09T19:20:16
73292;Hamburguesa de pollo King 50 g;King;1 un;Kg;350;410;350;True;Ahorras $60;$7.000 x Kg;$8.200 x Kg;https://www.unimarc.cl/hamburguesa-de-pollo-king-50-gr/p;https://unimarc.vtexassets.com/arquivos/ids/203595/000000000000585279-UN-01.jpg?v=638409417561670000;Hamburguesas, apanados y churrascos;Hamburguesas;https://www.unimarc.cl/category/congelados/hamburguesas-apanados-y-churrascos/hamburguesas;https://www.unimarc.cl/_next/data/0ucQ92dO_m9T9joH0FjVV/category/congelados/hamburguesas-apanados-y-churrascos/hamburguesas.json?categories=congelados&categories=hamburguesas-apanados-y-churrascos&categories=hamburguesas;2026-03-09T19:20:16
13344;Hamburguesa Angus La Preferida 100 g;La Preferida;1 un;Kg;1000;1250;1000;True;Ahorras $250;$10.000 x Kg;$12.500 x Kg;https://www.unimarc.cl/hamburguesa-angus-la-preferida-100-grs/p;https://unimarc.vtexassets.com/arquivos/ids/238461/000000000000610357-UN-01.jpg?v=638479269362730000;Hamburguesas, apanados y churrascos;Hamburguesas;https://www.unimarc.cl/category/congelados/hamburguesas-apanados-y-churrascos/hamburguesas;https://www.unimarc.cl/_next/data/0ucQ92dO_m9T9joH0FjVV/category/congelados/hamburguesas-apanados-y-churrascos/hamburguesas.json?categories=congelados&categories=hamburguesas-apanados-y-churrascos&categories=hamburguesas;2026-03-09T19:20:16
13366;Hamburguesa de vacuno Receta del Abuelo 185 g;Receta Del Abuelo;1 un;Kg;1690;1990;1690;True;Ahorras $300;$9.135 x Kg;$10.757 x Kg;https://www.unimarc.cl/hamburguesa-vacuno-rda-185-grs/p;https://unimarc.vtexassets.com/arquivos/ids/226478/000000000000603675-UN-01.jpg?v=638338451706500000;Hamburguesas, apanados y churrascos;Hamburguesas;https://www.unimarc.cl/category/congelados/hamburguesas-apanados-y-churrascos/hamburguesas;https://www.unimarc.cl/_next/data/0ucQ92dO_m9T9joH0FjVV/category/congelados/hamburguesas-apanados-y-churrascos/hamburguesas.json?categories=congelados&categories=hamburguesas-apanados-y-churrascos&categories=hamburguesas;2026-03-09T19:20:16
36173;Hamburguesa vacuno Receta del Abuelo bacon 100 g;Receta Del Abuelo;1 un;Kg;950;1080;950;True;Ahorras $130;$9.500 x Kg;$10.800 x Kg;https://www.unimarc.cl/hamburguesa-vacuno-bacon-rda-100-grs/p;https://unimarc.vtexassets.com/arquivos/ids/197512/000000000000607914-UN-01.jpg?v=638338451743270000;Hamburguesas, apanados y churrascos;Hamburguesas;https://www.unimarc.cl/category/congelados/hamburguesas-apanados-y-churrascos/hamburguesas;https://www.unimarc.cl/_next/data/0ucQ92dO_m9T9joH0FjVV/category/congelados/hamburguesas-apanados-y-churrascos/hamburguesas.json?categories=congelados&categories=hamburguesas-apanados-y-churrascos&categories=hamburguesas;2026-03-09T19:20:16
57481;Hamburguesa vacuno San Jorge Bronto 185 g;San Jorge;1 un;Kg;1290;1490;1290;True;Ahorras $200;$6.973 x Kg;$8.054 x Kg;https://www.unimarc.cl/hamburguesa-vacun-bronto-san-jorge-185gr/p;https://unimarc.vtexassets.com/arquivos/ids/226746/000000000000637954-UN-01.jpg?v=638479196973730000;Hamburguesas, apanados y churrascos;Hamburguesas;https://www.unimarc.cl/category/congelados/hamburguesas-apanados-y-churrascos/hamburguesas;https://www.unimarc.cl/_next/data/0ucQ92dO_m9T9joH0FjVV/category/congelados/hamburguesas-apanados-y-churrascos/hamburguesas.json?categories=congelados&categories=hamburguesas-apanados-y-churrascos&categories=hamburguesas;2026-03-09T19:20:16
12053;Hamburguesa de pollo La Crianza 100 g;La Crianza;1 un;Kg;1090;1090;;False;;$10.900 x Kg;$10.900 x Kg;https://www.unimarc.cl/hamburguesa-pollo-crianza-100-gr/p;https://unimarc.vtexassets.com/arquivos/ids/231650/000000000000179977-UN-01.jpg?v=638074217296300000;Hamburguesas, apanados y churrascos;Hamburguesas;https://www.unimarc.cl/category/congelados/hamburguesas-apanados-y-churrascos/hamburguesas;https://www.unimarc.cl/_next/data/0ucQ92dO_m9T9joH0FjVV/category/congelados/hamburguesas-apanados-y-churrascos/hamburguesas.json?categories=congelados&categories=hamburguesas-apanados-y-churrascos&categories=hamburguesas;2026-03-09T19:20:16
91591;Pack Hamburguesa vacuno La Crianza 2 un de 100 g;La Crianza;1 un;Kg;1890;1890;;False;;$9.450 x Kg;$9.450 x Kg;https://www.unimarc.cl/pack-hamburguesa-la-crianza-2x100gr/p;https://unimarc.vtexassets.com/arquivos/ids/250330/000000000000678991-UN-01.jpg?v=638899135576600000;Hamburguesas, apanados y churrascos;Hamburguesas;https://www.unimarc.cl/category/congelados/hamburguesas-apanados-y-churrascos/hamburguesas;https://www.unimarc.cl/_next/data/0ucQ92dO_m9T9joH0FjVV/category/congelados/hamburguesas-apanados-y-churrascos/hamburguesas.json?categories=congelados&categories=hamburguesas-apanados-y-churrascos&categories=hamburguesas;2026-03-09T19:20:16
4589;Hamburguesa vacuno Llanquihue premium 100 g;Llanquihue;1 un;Kg;1090;1090;;False;;$10.900 x Kg;$10.900 x Kg;https://www.unimarc.cl/hamburguesa-premium-llanquihue-100-gr/p;https://unimarc.vtexassets.com/arquivos/ids/219275/000000000000197623-UN-01.jpg?v=637656712550870000;Hamburguesas, apanados y churrascos;Hamburguesas;https://www.unimarc.cl/category/congelados/hamburguesas-apanados-y-churrascos/hamburguesas;https://www.unimarc.cl/_next/data/0ucQ92dO_m9T9joH0FjVV/category/congelados/hamburguesas-apanados-y-churrascos/hamburguesas.json?categories=congelados&categories=hamburguesas-apanados-y-churrascos&categories=hamburguesas;2026-03-09T19:20:16
83038;Hamburguesa Super Beef 100 g;Superbeef;1 un;Kg;750;750;;False;;$7.500 x Kg;$7.500 x Kg;https://www.unimarc.cl/hamburguesa-vacuno-super-beef-100gr/p;https://unimarc.vtexassets.com/arquivos/ids/256453/000000000000662747-UN-01.jpg?v=639082398651500000;Hamburguesas, apanados y churrascos;Hamburguesas;https://www.unimarc.cl/category/congelados/hamburguesas-apanados-y-churrascos/hamburguesas;https://www.unimarc.cl/_next/data/0ucQ92dO_m9T9joH0FjVV/category/congelados/hamburguesas-apanados-y-churrascos/hamburguesas.json?categories=congelados&categories=hamburguesas-apanados-y-churrascos&categories=hamburguesas;2026-03-09T19:20:16
91436;Hamburguesa vacuno Fundo Río Alegre 100 g;Fundo Rio Alegre;1 un;Kg;650;650;;False;;$6.500 x Kg;$6.500 x Kg;https://www.unimarc.cl/hamburgue-vacuno-fundo-rio-alegre-100gr/p;https://unimarc.vtexassets.com/arquivos/ids/248653/000000000000674599-UN-01.jpg?v=638822475026800000;Hamburguesas, apanados y churrascos;Hamburguesas;https://www.unimarc.cl/category/congelados/hamburguesas-apanados-y-churrascos/hamburguesas;https://www.unimarc.cl/_next/data/0ucQ92dO_m9T9joH0FjVV/category/congelados/hamburguesas-apanados-y-churrascos/hamburguesas.json?categories=congelados&categories=hamburguesas-apanados-y-churrascos&categories=hamburguesas;2026-03-09T19:20:16
83041;Hamburguesa extra tasty La Crianza 100 g;La Crianza;1 un;Kg;1090;1090;;False;;$10.900 x Kg;$10.900 x Kg;https://www.unimarc.cl/hamburguesa-extra-tasty-la-crianza-100gr/p;https://unimarc.vtexassets.com/arquivos/ids/230296/000000000000662750-UN-01.jpg?v=638034525898800000;Hamburguesas, apanados y churrascos;Hamburguesas;https://www.unimarc.cl/category/congelados/hamburguesas-apanados-y-churrascos/hamburguesas;https://www.unimarc.cl/_next/data/0ucQ92dO_m9T9joH0FjVV/category/congelados/hamburguesas-apanados-y-churrascos/hamburguesas.json?categories=congelados&categories=hamburguesas-apanados-y-churrascos&categories=hamburguesas;2026-03-09T19:20:16
83039;Hamburguesa vacuno Super Beef 185 g;Superbeef;1 un;Kg;1350;1350;;False;;$7.297 x Kg;$7.297 x Kg;https://www.unimarc.cl/hamburguesa-vacuno-super-beef-185gr/p;https://unimarc.vtexassets.com/arquivos/ids/256454/000000000000662748-UN-01.jpg?v=639082400054070000;Hamburguesas, apanados y churrascos;Hamburguesas;https://www.unimarc.cl/category/congelados/hamburguesas-apanados-y-churrascos/hamburguesas;https://www.unimarc.cl/_next/data/0ucQ92dO_m9T9joH0FjVV/category/congelados/hamburguesas-apanados-y-churrascos/hamburguesas.json?categories=congelados&categories=hamburguesas-apanados-y-churrascos&categories=hamburguesas;2026-03-09T19:20:16
81016;Hamburguesa angus La Preferida caja 10 un de 100 g;La Preferida;1 un;Kg;10390;10390;;False;;$10.390 x Kg;$10.390 x Kg;https://www.unimarc.cl/hamburguesa-angus-la-preferida-10x100g/p;https://unimarc.vtexassets.com/arquivos/ids/224553/000000000000655685-UN-01.jpg?v=638479197263400000;Hamburguesas, apanados y churrascos;Hamburguesas;https://www.unimarc.cl/category/congelados/hamburguesas-apanados-y-churrascos/hamburguesas;https://www.unimarc.cl/_next/data/0ucQ92dO_m9T9joH0FjVV/category/congelados/hamburguesas-apanados-y-churrascos/hamburguesas.json?categories=congelados&categories=hamburguesas-apanados-y-churrascos&categories=hamburguesas;2026-03-09T19:20:16
92306;Hamburguesa de vacuno PF tradicional 90 g;Pf;1 un;Kg;790;790;;False;;$8.778 x Kg;$8.778 x Kg;https://www.unimarc.cl/hamburguesa-tradicional-pf-90gr/p;https://unimarc.vtexassets.com/arquivos/ids/251291/000000000000686394-UN-01.jpg?v=638929580375330000;Hamburguesas, apanados y churrascos;Hamburguesas;https://www.unimarc.cl/category/congelados/hamburguesas-apanados-y-churrascos/hamburguesas;https://www.unimarc.cl/_next/data/0ucQ92dO_m9T9joH0FjVV/category/congelados/hamburguesas-apanados-y-churrascos/hamburguesas.json?categories=congelados&categories=hamburguesas-apanados-y-churrascos&categories=hamburguesas;2026-03-09T19:20:16
86433;Hamburguesa tradicional super beef 100g x 10 un;Superbeef;1 un;Kg;7290;7290;;False;;$7.290 x Kg;$7.290 x Kg;https://www.unimarc.cl/hamburg-tradicional-pack-super-beef-10un/p;https://unimarc.vtexassets.com/arquivos/ids/236886/000000000000667498-UN-01.jpg?v=638387814374300000;Hamburguesas, apanados y churrascos;Hamburguesas;https://www.unimarc.cl/category/congelados/hamburguesas-apanados-y-churrascos/hamburguesas;https://www.unimarc.cl/_next/data/0ucQ92dO_m9T9joH0FjVV/category/congelados/hamburguesas-apanados-y-churrascos/hamburguesas.json?categories=congelados&categories=hamburguesas-apanados-y-churrascos&categories=hamburguesas;2026-03-09T19:20:16
12042;Hamburguesa pollo King 90 g;King;1 un;Kg;690;690;;False;;$7.667 x Kg;$7.667 x Kg;https://www.unimarc.cl/hamburguesa-pollo-king-90-gr/p;https://unimarc.vtexassets.com/arquivos/ids/214943/000000000000813799-UN-01.jpg?v=638409417640230000;Hamburguesas, apanados y churrascos;Hamburguesas;https://www.unimarc.cl/category/congelados/hamburguesas-apanados-y-churrascos/hamburguesas;https://www.unimarc.cl/_next/data/0ucQ92dO_m9T9joH0FjVV/category/congelados/hamburguesas-apanados-y-churrascos/hamburguesas.json?categories=congelados&categories=hamburguesas-apanados-y-churrascos&categories=hamburguesas;2026-03-09T19:20:16
73293;Hamburguesa de vacuno King 50 g;King;1 un;Kg;430;430;;False;;$8.600 x Kg;$8.600 x Kg;https://www.unimarc.cl/hamburguesa-de-vacuno-king-50-gr/p;https://unimarc.vtexassets.com/arquivos/ids/201840/000000000000615133-UN-01.jpg?v=638409417580470000;Hamburguesas, apanados y churrascos;Hamburguesas;https://www.unimarc.cl/category/congelados/hamburguesas-apanados-y-churrascos/hamburguesas;https://www.unimarc.cl/_next/data/0ucQ92dO_m9T9joH0FjVV/category/congelados/hamburguesas-apanados-y-churrascos/hamburguesas.json?categories=congelados&categories=hamburguesas-apanados-y-churrascos&categories=hamburguesas;2026-03-09T19:20:16
4266;Hamburguesa vacuno La Crianza light premium 100 g;La Crianza;1 un;Kg;1190;1190;;False;;$11.900 x Kg;$11.900 x Kg;https://www.unimarc.cl/hamburguesa-de-vacuno-light-la-crianza-100-g/p;https://unimarc.vtexassets.com/arquivos/ids/214676/000000000000179981-UN-01.jpg?v=637571447578430000;Hamburguesas, apanados y churrascos;Hamburguesas;https://www.unimarc.cl/category/congelados/hamburguesas-apanados-y-churrascos/hamburguesas;https://www.unimarc.cl/_next/data/0ucQ92dO_m9T9joH0FjVV/category/congelados/hamburguesas-apanados-y-churrascos/hamburguesas.json?categories=congelados&categories=hamburguesas-apanados-y-churrascos&categories=hamburguesas;2026-03-09T19:20:16
48172;Hamburguesa de wagyu Mollendo 750 g;Mollendo;1 un;Kg;11590;11590;;False;;$15.453 x Kg;$15.453 x Kg;https://www.unimarc.cl/hamburguesas-de-wagyu-mollendo-750-gr/p;https://unimarc.vtexassets.com/arquivos/ids/221686/000000000000704355-UN-01.jpg?v=637727800231930000;Hamburguesas, apanados y churrascos;Hamburguesas;https://www.unimarc.cl/category/congelados/hamburguesas-apanados-y-churrascos/hamburguesas;https://www.unimarc.cl/_next/data/0ucQ92dO_m9T9joH0FjVV/category/congelados/hamburguesas-apanados-y-churrascos/hamburguesas.json?categories=congelados&categories=hamburguesas-apanados-y-churrascos&categories=hamburguesas;2026-03-09T19:20:16
12930;Hamburguesa de pollo Receta del Abuelo 100 g;Receta Del Abuelo;1 un;Kg;1250;1250;;False;;$12.500 x Kg;$12.500 x Kg;https://www.unimarc.cl/hamburguesa-de-pollo-rda-100-grs/p;https://unimarc.vtexassets.com/arquivos/ids/220314/000000000000610364-UN-01.jpg?v=638338451760630000;Hamburguesas, apanados y churrascos;Hamburguesas;https://www.unimarc.cl/category/congelados/hamburguesas-apanados-y-churrascos/hamburguesas;https://www.unimarc.cl/_next/data/0ucQ92dO_m9T9joH0FjVV/category/congelados/hamburguesas-apanados-y-churrascos/hamburguesas.json?categories=congelados&categories=hamburguesas-apanados-y-churrascos&categories=hamburguesas;2026-03-09T19:20:16
83624;Hamburguesa de vacuno A punto brisket 185 g;A Punto;1 un;Kg;2390;2390;;False;;$12.919 x Kg;$12.919 x Kg;https://www.unimarc.cl/hamburg-vacuno-a-punto-185gr-brisket/p;https://unimarc.vtexassets.com/arquivos/ids/232520/000000000663225001-UN-01.jpg?v=638169266360530000;Hamburguesas, apanados y churrascos;Hamburguesas;https://www.unimarc.cl/category/congelados/hamburguesas-apanados-y-churrascos/hamburguesas;https://www.unimarc.cl/_next/data/0ucQ92dO_m9T9joH0FjVV/category/congelados/hamburguesas-apanados-y-churrascos/hamburguesas.json?categories=congelados&categories=hamburguesas-apanados-y-churrascos&categories=hamburguesas;2026-03-09T19:20:16
93507;Hamburguesa vacuno La Crianza american burger 185 gr;La Crianza;1 un;Kg;1990;1990;;False;;$10.757 x Kg;$10.757 x Kg;https://www.unimarc.cl/hamburguesa-american-bg-la-crianza-185gr/p;https://unimarc.vtexassets.com/arquivos/ids/252817/000000000000690224-UN-01.jpg?v=638978868202600000;Hamburguesas, apanados y churrascos;Hamburguesas;https://www.unimarc.cl/category/congelados/hamburguesas-apanados-y-churrascos/hamburguesas;https://www.unimarc.cl/_next/data/0ucQ92dO_m9T9joH0FjVV/category/congelados/hamburguesas-apanados-y-churrascos/hamburguesas.json?categories=congelados&categories=hamburguesas-apanados-y-churrascos&categories=hamburguesas;2026-03-09T19:20:16
78224;Hamburguesa Angus Mollendo blackbeef 185 g;Mollendo;1 un;Kg;2950;2950;;False;;$15.946 x Kg;$15.946 x Kg;https://www.unimarc.cl/hamburguesa-angu-blackbeef-mollendo-185g/p;https://unimarc.vtexassets.com/arquivos/ids/220534/000000000000651866-UN-01.jpg?v=637686400329270000;Hamburguesas, apanados y churrascos;Hamburguesas;https://www.unimarc.cl/category/congelados/hamburguesas-apanados-y-churrascos/hamburguesas;https://www.unimarc.cl/_next/data/0ucQ92dO_m9T9joH0FjVV/category/congelados/hamburguesas-apanados-y-churrascos/hamburguesas.json?categories=congelados&categories=hamburguesas-apanados-y-churrascos&categories=hamburguesas;2026-03-09T19:20:16
91778;Hamburguesa vacuno Sadia 185 g;Sadia;1 un;Kg;1990;1990;;False;;$10.757 x Kg;$10.757 x Kg;https://www.unimarc.cl/hamburguesa-vacuno-sadia-185gr/p;https://unimarc.vtexassets.com/arquivos/ids/249869/000000000000681042-UN-01.jpg?v=638864547454170000;Hamburguesas, apanados y churrascos;Hamburguesas;https://www.unimarc.cl/category/congelados/hamburguesas-apanados-y-churrascos/hamburguesas;https://www.unimarc.cl/_next/data/0ucQ92dO_m9T9joH0FjVV/category/congelados/hamburguesas-apanados-y-churrascos/hamburguesas.json?categories=congelados&categories=hamburguesas-apanados-y-churrascos&categories=hamburguesas;2026-03-09T19:20:16
71295;Hamburguesa vacuno y cerdo san Jorge 90 g;San Jorge;1 un;Kg;790;790;;False;;$8.778 x Kg;$8.778 x Kg;https://www.unimarc.cl/hamburguesa-vacuno-y-cerdo-san-jorge-90g/p;https://unimarc.vtexassets.com/arquivos/ids/220208/000000000000646202-UN-01.jpg?v=638479197021970000;Hamburguesas, apanados y churrascos;Hamburguesas;https://www.unimarc.cl/category/congelados/hamburguesas-apanados-y-churrascos/hamburguesas;https://www.unimarc.cl/_next/data/0ucQ92dO_m9T9joH0FjVV/category/congelados/hamburguesas-apanados-y-churrascos/hamburguesas.json?categories=congelados&categories=hamburguesas-apanados-y-churrascos&categories=hamburguesas;2026-03-09T19:20:16
83625;Hamburguesa de vacuno A punto chuck roll 185 g;A Punto;1 un;Kg;2390;2390;;False;;$12.919 x Kg;$12.919 x Kg;https://www.unimarc.cl/hamburg-vacuno-a-punto-185gr-chuck-roll/p;https://unimarc.vtexassets.com/arquivos/ids/232521/000000000663225002-UN-01.jpg?v=638169269511730000;Hamburguesas, apanados y churrascos;Hamburguesas;https://www.unimarc.cl/category/congelados/hamburguesas-apanados-y-churrascos/hamburguesas;https://www.unimarc.cl/_next/data/0ucQ92dO_m9T9joH0FjVV/category/congelados/hamburguesas-apanados-y-churrascos/hamburguesas.json?categories=congelados&categories=hamburguesas-apanados-y-churrascos&categories=hamburguesas;2026-03-09T19:20:16
83626;Hamburguesa de vacuno A Punto smoked 185 g;A Punto;1 un;Kg;2390;2390;;False;;$12.919 x Kg;$12.919 x Kg;https://www.unimarc.cl/hamburg-vacuno-a-punto-185gr-smoked/p;https://unimarc.vtexassets.com/arquivos/ids/232522/000000000663225003-UN-01.jpg?v=638169279196030000;Hamburguesas, apanados y churrascos;Hamburguesas;https://www.unimarc.cl/category/congelados/hamburguesas-apanados-y-churrascos/hamburguesas;https://www.unimarc.cl/_next/data/0ucQ92dO_m9T9joH0FjVV/category/congelados/hamburguesas-apanados-y-churrascos/hamburguesas.json?categories=congelados&categories=hamburguesas-apanados-y-churrascos&categories=hamburguesas;2026-03-09T19:20:16
84409;Hamburguesa King tradicional 90 g;King;1 un;Kg;750;750;;False;;$8.333 x Kg;$8.333 x Kg;https://www.unimarc.cl/hamburguesa-tradicional-king-90gr/p;https://unimarc.vtexassets.com/arquivos/ids/232982/000000000000664144-UN-01.jpg?v=638409417631500000;Hamburguesas, apanados y churrascos;Hamburguesas;https://www.unimarc.cl/category/congelados/hamburguesas-apanados-y-churrascos/hamburguesas;https://www.unimarc.cl/_next/data/0ucQ92dO_m9T9joH0FjVV/category/congelados/hamburguesas-apanados-y-churrascos/hamburguesas.json?categories=congelados&categories=hamburguesas-apanados-y-churrascos&categories=hamburguesas;2026-03-09T19:20:16
82019;Salmón en trozos Azul Profundo 500 g;Azul Profundo;1 un;Kg;6390;7450;6390;True;Ahorras $1.060;$12.780 x Kg;$14.900 x Kg;https://www.unimarc.cl/salmon-en-trozos-azul-profundo-500-gr/p;https://unimarc.vtexassets.com/arquivos/ids/235608/Salmon-azul-profundo.jpg?v=638310817724700000;Pescados y mariscos;Pescados;https://www.unimarc.cl/category/congelados/pescados-y-mariscos/pescados;https://www.unimarc.cl/_next/data/0ucQ92dO_m9T9joH0FjVV/category/congelados/pescados-y-mariscos/pescados.json?categories=congelados&categories=pescados-y-mariscos&categories=pescados;2026-03-09T19:20:31
76518;Filete de salmón atlántico Aqua Chile con piel entero congelado 500 g;Aqua;1 un;Kg;11990;11990;;False;;$23.980 x Kg;$23.980 x Kg;https://www.unimarc.cl/filete-salmon-atlan-c-p-entero-aqua-500g/p;https://unimarc.vtexassets.com/arquivos/ids/217866/000000000000651147-UN-01.jpg?v=637623127660330000;Pescados y mariscos;Pescados;https://www.unimarc.cl/category/congelados/pescados-y-mariscos/pescados;https://www.unimarc.cl/_next/data/0ucQ92dO_m9T9joH0FjVV/category/congelados/pescados-y-mariscos/pescados.json?categories=congelados&categories=pescados-y-mariscos&categories=pescados;2026-03-09T19:20:31
82020;Kanikama Azul Profundo 300 g;Azul Profundo;1 un;Kg;1790;2390;1790;True;Ahorras $600;$5.967 x Kg;$7.967 x Kg;https://www.unimarc.cl/kanikama-azul-profundo-300-gr/p;https://unimarc.vtexassets.com/arquivos/ids/230116/000000000000654760-UN-01.jpg?v=638024831860900000;Pescados y mariscos;Pescados;https://www.unimarc.cl/category/congelados/pescados-y-mariscos/pescados;https://www.unimarc.cl/_next/data/0ucQ92dO_m9T9joH0FjVV/category/congelados/pescados-y-mariscos/pescados.json?categories=congelados&categories=pescados-y-mariscos&categories=pescados;2026-03-09T19:20:31
84272;Salmón ahumado Azul profundo rebanado y congelado 100 g;Azul Profundo;1 un;Kg;5890;5890;;False;;$58.900 x Kg;$58.900 x Kg;https://www.unimarc.cl/salmon-ahumado-reban-azul-profundo-100g/p;https://unimarc.vtexassets.com/arquivos/ids/233015/000000000000663506-UN-01.jpg?v=638182043734800000;Pescados y mariscos;Pescados;https://www.unimarc.cl/category/congelados/pescados-y-mariscos/pescados;https://www.unimarc.cl/_next/data/0ucQ92dO_m9T9joH0FjVV/category/congelados/pescados-y-mariscos/pescados.json?categories=congelados&categories=pescados-y-mariscos&categories=pescados;2026-03-09T19:20:31
672;Salmón El Golfo en porciones bolsa 500 g;El Golfo;1 un;Kg;8690;8690;;False;;$17.380 x Kg;$17.380 x Kg;https://www.unimarc.cl/salmon-trozo-el-golfo-500-g/p;https://unimarc.vtexassets.com/arquivos/ids/204788/000000000000179182-UN-01.jpg?v=637407461345000000;Pescados y mariscos;Pescados;https://www.unimarc.cl/category/congelados/pescados-y-mariscos/pescados;https://www.unimarc.cl/_next/data/0ucQ92dO_m9T9joH0FjVV/category/congelados/pescados-y-mariscos/pescados.json?categories=congelados&categories=pescados-y-mariscos&categories=pescados;2026-03-09T19:20:31
76519;Filete de salmón atlántico Aqua Chile con piel trozo congelado 500 g;Aqua;1 un;Kg;11990;11990;;False;;$23.980 x Kg;$23.980 x Kg;https://www.unimarc.cl/filete-salmon-atlant-c-p-trozo-aqua-500g/p;https://unimarc.vtexassets.com/arquivos/ids/217867/000000000000651148-UN-01.jpg?v=637623128548900000;Pescados y mariscos;Pescados;https://www.unimarc.cl/category/congelados/pescados-y-mariscos/pescados;https://www.unimarc.cl/_next/data/0ucQ92dO_m9T9joH0FjVV/category/congelados/pescados-y-mariscos/pescados.json?categories=congelados&categories=pescados-y-mariscos&categories=pescados;2026-03-09T19:20:31
3513;Merluza El Golfo con piel sin espinas bolsa 500 g;El Golfo;1 un;Kg;5790;5790;;False;;$11.580 x Kg;$11.580 x Kg;https://www.unimarc.cl/merluza-c-piel-s-esp-el-golfo-500-grs/p;https://unimarc.vtexassets.com/arquivos/ids/226111/000000000000053016-UN-01.jpg?v=637866700961700000;Pescados y mariscos;Pescados;https://www.unimarc.cl/category/congelados/pescados-y-mariscos/pescados;https://www.unimarc.cl/_next/data/0ucQ92dO_m9T9joH0FjVV/category/congelados/pescados-y-mariscos/pescados.json?categories=congelados&categories=pescados-y-mariscos&categories=pescados;2026-03-09T19:20:31
418;Filetes reineta El Golfo sin piel bolsa 500 g;El Golfo;1 un;Kg;8550;8550;;False;;$17.100 x Kg;$17.100 x Kg;https://www.unimarc.cl/filetes-de-reineta-sin-piel-el-golfo-500-g/p;https://unimarc.vtexassets.com/arquivos/ids/226112/000000000000053013-UN-01.jpg?v=637866701831000000;Pescados y mariscos;Pescados;https://www.unimarc.cl/category/congelados/pescados-y-mariscos/pescados;https://www.unimarc.cl/_next/data/0ucQ92dO_m9T9joH0FjVV/category/congelados/pescados-y-mariscos/pescados.json?categories=congelados&categories=pescados-y-mariscos&categories=pescados;2026-03-09T19:20:31
86423;Carpaccio de salmón Azul Profundo congelado 100 g;Azul Profundo;1 un;Kg;5890;5890;;False;;$58.900 x Kg;$58.900 x Kg;https://www.unimarc.cl/carpaccio-salmon-cong-azul-profundo-100g/p;https://unimarc.vtexassets.com/arquivos/ids/236834/000000000000665062-UN-01.jpg?v=638386099017870000;Pescados y mariscos;Pescados;https://www.unimarc.cl/category/congelados/pescados-y-mariscos/pescados;https://www.unimarc.cl/_next/data/0ucQ92dO_m9T9joH0FjVV/category/congelados/pescados-y-mariscos/pescados.json?categories=congelados&categories=pescados-y-mariscos&categories=pescados;2026-03-09T19:20:31
86693;ATUN EN TROZO AZUL PROFUNDO 400G;Azul Profundo;1 un;Kg;8690;8690;;False;;$21.725 x Kg;$21.725 x Kg;https://www.unimarc.cl/atun-en-trozo-azul-profundo-400gr/p;https://unimarc.vtexassets.com/arquivos/ids/237541/000000000000665404-UN-01.jpg?v=638430176345800000;Pescados y mariscos;Pescados;https://www.unimarc.cl/category/congelados/pescados-y-mariscos/pescados;https://www.unimarc.cl/_next/data/0ucQ92dO_m9T9joH0FjVV/category/congelados/pescados-y-mariscos/pescados.json?categories=congelados&categories=pescados-y-mariscos&categories=pescados;2026-03-09T19:20:31
25047;Filetes de merluza hoki San José 500 g;San Jose;1 un;Kg;6990;6990;;False;;$13.980 x Kg;$13.980 x Kg;https://www.unimarc.cl/filetes-de-merluza-hoki-san-jose-500-g/p;https://unimarc.vtexassets.com/arquivos/ids/249740/000000000000625672-UN-01.jpg?v=638858812703700000;Pescados y mariscos;Pescados;https://www.unimarc.cl/category/congelados/pescados-y-mariscos/pescados;https://www.unimarc.cl/_next/data/0ucQ92dO_m9T9joH0FjVV/category/congelados/pescados-y-mariscos/pescados.json?categories=congelados&categories=pescados-y-mariscos&categories=pescados;2026-03-09T19:20:31
79713;Salmón atlántico Aqua bits & pieces 350 g;Aqua;1 un;Kg;6990;6990;;False;;$19.971 x Kg;$19.971 x Kg;https://www.unimarc.cl/salmon-atlan-bits-pieces-aqua-350-grs/p;https://unimarc.vtexassets.com/arquivos/ids/256465/000000000000653325-UN-01.jpg?v=639083144927370000;Pescados y mariscos;Pescados;https://www.unimarc.cl/category/congelados/pescados-y-mariscos/pescados;https://www.unimarc.cl/_next/data/0ucQ92dO_m9T9joH0FjVV/category/congelados/pescados-y-mariscos/pescados.json?categories=congelados&categories=pescados-y-mariscos&categories=pescados;2026-03-09T19:20:31
86981;Salmón filete Alimex bandeja 300 g;Alimex;1 un;Kg;8590;8590;;False;;$28.633 x Kg;$28.633 x Kg;https://www.unimarc.cl/salmon-filete-alimex-300-gr/p;https://unimarc.vtexassets.com/arquivos/ids/238315/000000000000667755-UN-01.jpg?v=638465356900800000;Pescados y mariscos;Pescados;https://www.unimarc.cl/category/congelados/pescados-y-mariscos/pescados;https://www.unimarc.cl/_next/data/0ucQ92dO_m9T9joH0FjVV/category/congelados/pescados-y-mariscos/pescados.json?categories=congelados&categories=pescados-y-mariscos&categories=pescados;2026-03-09T19:20:31
830;Salmón ahumado en frío South Wind congelado 200 g;South Wind;1 un;Kg;11990;11990;;False;;$59.950 x Kg;$59.950 x Kg;https://www.unimarc.cl/salmon-ahum-fri-pre-south-wind-200-gr/p;https://unimarc.vtexassets.com/arquivos/ids/195475/000000000000197573-UN-01.jpg?v=637261423978270000;Pescados y mariscos;Pescados;https://www.unimarc.cl/category/congelados/pescados-y-mariscos/pescados;https://www.unimarc.cl/_next/data/0ucQ92dO_m9T9joH0FjVV/category/congelados/pescados-y-mariscos/pescados.json?categories=congelados&categories=pescados-y-mariscos&categories=pescados;2026-03-09T19:20:31
81409;Merluza austral Congelados Austral 400 g;Congelados Austral;1 un;Kg;7150;7150;;False;;$17.875 x Kg;$17.875 x Kg;https://www.unimarc.cl/merluza-austral-congelados-austral-400g/p;https://unimarc.vtexassets.com/arquivos/ids/230443/000000000000655901-UN-01.jpg?v=638040527567070000;Pescados y mariscos;Pescados;https://www.unimarc.cl/category/congelados/pescados-y-mariscos/pescados;https://www.unimarc.cl/_next/data/0ucQ92dO_m9T9joH0FjVV/category/congelados/pescados-y-mariscos/pescados.json?categories=congelados&categories=pescados-y-mariscos&categories=pescados;2026-03-09T19:20:31
81509;Trucha Entre ríos arcoíris filete 500 g;Entre Rios;1 un;Kg;8990;8990;;False;;$17.980 x Kg;$17.980 x Kg;https://www.unimarc.cl/trucha-arcoiris-entre-rios-500gr/p;https://unimarc.vtexassets.com/arquivos/ids/225755/000000000000655842-UN-01.jpg?v=637852838317170000;Pescados y mariscos;Pescados;https://www.unimarc.cl/category/congelados/pescados-y-mariscos/pescados;https://www.unimarc.cl/_next/data/0ucQ92dO_m9T9joH0FjVV/category/congelados/pescados-y-mariscos/pescados.json?categories=congelados&categories=pescados-y-mariscos&categories=pescados;2026-03-09T19:20:31
79741;Filete salmón atlántico Aqua sin piel 1.2 Kg;Aqua;1 un;Kg;30290;30290;;False;;$25.242 x Kg;$25.242 x Kg;https://www.unimarc.cl/salmon-atlan-filete-sin-piel-aqua-1-2kg/p;https://unimarc.vtexassets.com/arquivos/ids/256466/000000000000653327-UN-01.jpg?v=639083151019870000;Pescados y mariscos;Pescados;https://www.unimarc.cl/category/congelados/pescados-y-mariscos/pescados;https://www.unimarc.cl/_next/data/0ucQ92dO_m9T9joH0FjVV/category/congelados/pescados-y-mariscos/pescados.json?categories=congelados&categories=pescados-y-mariscos&categories=pescados;2026-03-09T19:20:31
81410;Reineta Congelados Austral filete 400 g;Congelados Austral;1 un;Kg;7990;7990;;False;;$19.975 x Kg;$19.975 x Kg;https://www.unimarc.cl/reineta-filete-congelados-austral-400gr/p;https://unimarc.vtexassets.com/arquivos/ids/230444/000000000000655902-UN-01.jpg?v=638040528072570000;Pescados y mariscos;Pescados;https://www.unimarc.cl/category/congelados/pescados-y-mariscos/pescados;https://www.unimarc.cl/_next/data/0ucQ92dO_m9T9joH0FjVV/category/congelados/pescados-y-mariscos/pescados.json?categories=congelados&categories=pescados-y-mariscos&categories=pescados;2026-03-09T19:20:31
82119;Hamburguesa jurel San José 100 g;San Jose;1 un;Kg;990;990;;False;;$9.900 x Kg;$9.900 x Kg;https://www.unimarc.cl/hamburguesa-jurel-san-jose-100gr/p;https://unimarc.vtexassets.com/arquivos/ids/228618/000000000000661109-UN-01.jpg?v=637965146605300000;Pescados y mariscos;Pescados;https://www.unimarc.cl/category/congelados/pescados-y-mariscos/pescados;https://www.unimarc.cl/_next/data/0ucQ92dO_m9T9joH0FjVV/category/congelados/pescados-y-mariscos/pescados.json?categories=congelados&categories=pescados-y-mariscos&categories=pescados;2026-03-09T19:20:31
81412;Congrio dorado Congelados Austral 400 g;Congelados Austral;1 un;Kg;10990;10990;;False;;$27.475 x Kg;$27.475 x Kg;https://www.unimarc.cl/congrio-dorado-congelados-austral-400g/p;https://unimarc.vtexassets.com/arquivos/ids/225779/000000000000655904-UN-01.jpg?v=637853102235600000;Pescados y mariscos;Pescados;https://www.unimarc.cl/category/congelados/pescados-y-mariscos/pescados;https://www.unimarc.cl/_next/data/0ucQ92dO_m9T9joH0FjVV/category/congelados/pescados-y-mariscos/pescados.json?categories=congelados&categories=pescados-y-mariscos&categories=pescados;2026-03-09T19:20:31
831;Carpaccio de salmón South Wind congelado 200 g;South Wind;1 un;Kg;11890;11890;;False;;$59.450 x Kg;$59.450 x Kg;https://www.unimarc.cl/carpaccio-salmon-south-wind-200-gr/p;https://unimarc.vtexassets.com/arquivos/ids/195470/000000000000198063-UN-01.jpg?v=637261414144830000;Pescados y mariscos;Pescados;https://www.unimarc.cl/category/congelados/pescados-y-mariscos/pescados;https://www.unimarc.cl/_next/data/0ucQ92dO_m9T9joH0FjVV/category/congelados/pescados-y-mariscos/pescados.json?categories=congelados&categories=pescados-y-mariscos&categories=pescados;2026-03-09T19:20:31
81417;Salmón Congelados premium cubitos 400 g;Congelados Premium;1 un;Kg;10990;10990;;False;;$27.475 x Kg;$27.475 x Kg;https://www.unimarc.cl/salmon-cubitos-congelados-premium-400gr/p;https://unimarc.vtexassets.com/arquivos/ids/225775/000000000000655981-UN-01.jpg?v=637853070976500000;Pescados y mariscos;Pescados;https://www.unimarc.cl/category/congelados/pescados-y-mariscos/pescados;https://www.unimarc.cl/_next/data/0ucQ92dO_m9T9joH0FjVV/category/congelados/pescados-y-mariscos/pescados.json?categories=congelados&categories=pescados-y-mariscos&categories=pescados;2026-03-09T19:20:31
92333;Salmón ahumado en caliente trozo South Wind 300 gr;South Wind;1 un;Kg;13490;13490;;False;;$44.967 x Kg;$44.967 x Kg;https://www.unimarc.cl/salmon-ahumado-trozo-south-wind-300-gr/p;https://unimarc.vtexassets.com/arquivos/ids/255033/000000000000681354-UN-01.jpg?v=639038315721970000;Pescados y mariscos;Pescados;https://www.unimarc.cl/category/congelados/pescados-y-mariscos/pescados;https://www.unimarc.cl/_next/data/0ucQ92dO_m9T9joH0FjVV/category/congelados/pescados-y-mariscos/pescados.json?categories=congelados&categories=pescados-y-mariscos&categories=pescados;2026-03-09T19:20:31
81416;Salmón Congelados premium 400 g;Congelados Premium;1 un;Kg;10990;10990;;False;;$27.475 x Kg;$27.475 x Kg;https://www.unimarc.cl/salmon-porcion-congelados-premium-400gr/p;https://unimarc.vtexassets.com/arquivos/ids/230446/000000000000655980-UN-01.jpg?v=638040529175730000;Pescados y mariscos;Pescados;https://www.unimarc.cl/category/congelados/pescados-y-mariscos/pescados;https://www.unimarc.cl/_next/data/0ucQ92dO_m9T9joH0FjVV/category/congelados/pescados-y-mariscos/pescados.json?categories=congelados&categories=pescados-y-mariscos&categories=pescados;2026-03-09T19:20:31
86984;Trucha filete Alimex bandeja 300 g;Alimex;1 un;Kg;9190;9190;;False;;$30.633 x Kg;$30.633 x Kg;https://www.unimarc.cl/trucha-filete-alimex-300-gr/p;https://unimarc.vtexassets.com/arquivos/ids/238321/000000000000667758-UN-01.jpg?v=638465358451830000;Pescados y mariscos;Pescados;https://www.unimarc.cl/category/congelados/pescados-y-mariscos/pescados;https://www.unimarc.cl/_next/data/0ucQ92dO_m9T9joH0FjVV/category/congelados/pescados-y-mariscos/pescados.json?categories=congelados&categories=pescados-y-mariscos&categories=pescados;2026-03-09T19:20:31
86982;Atún porción Alimex bandeja 300 g;Alimex;1 un;Kg;7790;7790;;False;;$25.967 x Kg;$25.967 x Kg;https://www.unimarc.cl/atun-porcion-alimex-300-gr/p;https://unimarc.vtexassets.com/arquivos/ids/238317/000000000000667756-UN-01.jpg?v=638465357387670000;Pescados y mariscos;Pescados;https://www.unimarc.cl/category/congelados/pescados-y-mariscos/pescados;https://www.unimarc.cl/_next/data/0ucQ92dO_m9T9joH0FjVV/category/congelados/pescados-y-mariscos/pescados.json?categories=congelados&categories=pescados-y-mariscos&categories=pescados;2026-03-09T19:20:31
1677;Salmón ahumado en caliente South Wind congelado 200 g;South Wind;1 un;Kg;9590;9590;;False;;$47.950 x Kg;$47.950 x Kg;https://www.unimarc.cl/salmon-ahum-en-caliente-south-wind-200gr/p;https://unimarc.vtexassets.com/arquivos/ids/195352/000000000000928842-UN-01.jpg?v=637260952097770000;Pescados y mariscos;Pescados;https://www.unimarc.cl/category/congelados/pescados-y-mariscos/pescados;https://www.unimarc.cl/_next/data/0ucQ92dO_m9T9joH0FjVV/category/congelados/pescados-y-mariscos/pescados.json?categories=congelados&categories=pescados-y-mariscos&categories=pescados;2026-03-09T19:20:31
86979;Merluza austral filete Alimex bandeja 300 g;Alimex;1 un;Kg;5490;5490;;False;;$18.300 x Kg;$18.300 x Kg;https://www.unimarc.cl/merluza-austral-filete-alimex-300-gr/p;https://unimarc.vtexassets.com/arquivos/ids/238311/000000000000667753-UN-01.jpg?v=638465355882430000;Pescados y mariscos;Pescados;https://www.unimarc.cl/category/congelados/pescados-y-mariscos/pescados;https://www.unimarc.cl/_next/data/0ucQ92dO_m9T9joH0FjVV/category/congelados/pescados-y-mariscos/pescados.json?categories=congelados&categories=pescados-y-mariscos&categories=pescados;2026-03-09T19:20:31
86980;Reineta filete Alimex bandeja 300 g;Alimex;1 un;Kg;6790;6790;;False;;$22.633 x Kg;$22.633 x Kg;https://www.unimarc.cl/reineta-filete-alimex-300-gr/p;https://unimarc.vtexassets.com/arquivos/ids/238313/000000000000667754-UN-01.jpg?v=638465356433800000;Pescados y mariscos;Pescados;https://www.unimarc.cl/category/congelados/pescados-y-mariscos/pescados;https://www.unimarc.cl/_next/data/0ucQ92dO_m9T9joH0FjVV/category/congelados/pescados-y-mariscos/pescados.json?categories=congelados&categories=pescados-y-mariscos&categories=pescados;2026-03-09T19:20:31
81414;Trucha Congelados Austral filete 400 g;Congelados Austral;1 un;Kg;11290;11290;;False;;$28.225 x Kg;$28.225 x Kg;https://www.unimarc.cl/trucha-filete-congelados-austral-400gr/p;https://unimarc.vtexassets.com/arquivos/ids/225754/000000000000655906-UN-01.jpg?v=637852822877130000;Pescados y mariscos;Pescados;https://www.unimarc.cl/category/congelados/pescados-y-mariscos/pescados;https://www.unimarc.cl/_next/data/0ucQ92dO_m9T9joH0FjVV/category/congelados/pescados-y-mariscos/pescados.json?categories=congelados&categories=pescados-y-mariscos&categories=pescados;2026-03-09T19:20:31
81411;Albacora Congelados Austral 400 g;Congelados Austral;1 un;Kg;10690;10690;;False;;$26.725 x Kg;$26.725 x Kg;https://www.unimarc.cl/albacora-congelados-austral-400g/p;https://unimarc.vtexassets.com/arquivos/ids/225767/000000000000655903-UN-01.jpg?v=637853003532470000;Pescados y mariscos;Pescados;https://www.unimarc.cl/category/congelados/pescados-y-mariscos/pescados;https://www.unimarc.cl/_next/data/0ucQ92dO_m9T9joH0FjVV/category/congelados/pescados-y-mariscos/pescados.json?categories=congelados&categories=pescados-y-mariscos&categories=pescados;2026-03-09T19:20:31
86976;Albacora filete Alimex bandeja 300 g;Alimex;1 un;Kg;7290;7290;;False;;$24.300 x Kg;$24.300 x Kg;https://www.unimarc.cl/albacora-filete-alimex-300-gr/p;https://unimarc.vtexassets.com/arquivos/ids/238308/000000000000667750-UN-01.jpg?v=638465350408970000;Pescados y mariscos;Pescados;https://www.unimarc.cl/category/congelados/pescados-y-mariscos/pescados;https://www.unimarc.cl/_next/data/0ucQ92dO_m9T9joH0FjVV/category/congelados/pescados-y-mariscos/pescados.json?categories=congelados&categories=pescados-y-mariscos&categories=pescados;2026-03-09T19:20:31
1153;Carpaccio de atún South Wind congelado 100 g;South Wind;1 un;Kg;7550;7550;;False;;$75.500 x Kg;$75.500 x Kg;https://www.unimarc.cl/carpaccio-atun-cong-south-wind-100-gr/p;https://unimarc.vtexassets.com/arquivos/ids/230437/000000000000566085-UN-01.jpg?v=638040524169900000;Pescados y mariscos;Pescados;https://www.unimarc.cl/category/congelados/pescados-y-mariscos/pescados;https://www.unimarc.cl/_next/data/0ucQ92dO_m9T9joH0FjVV/category/congelados/pescados-y-mariscos/pescados.json?categories=congelados&categories=pescados-y-mariscos&categories=pescados;2026-03-09T19:20:31
86977;Congrio filete dorado Alimex bandeja 300 g;Alimex;1 un;Kg;8190;8190;;False;;$27.300 x Kg;$27.300 x Kg;https://www.unimarc.cl/congrio-filete-dorado-alimex-300-gr/p;https://unimarc.vtexassets.com/arquivos/ids/238309/000000000000667751-UN-01.jpg?v=638465351148200000;Pescados y mariscos;Pescados;https://www.unimarc.cl/category/congelados/pescados-y-mariscos/pescados;https://www.unimarc.cl/_next/data/0ucQ92dO_m9T9joH0FjVV/category/congelados/pescados-y-mariscos/pescados.json?categories=congelados&categories=pescados-y-mariscos&categories=pescados;2026-03-09T19:20:31
581;Kanikama centolla El Golfo bolsa 8 un;El Golfo;1 un;Kg;1890;1890;;False;;$9.450 x Kg;$9.450 x Kg;https://www.unimarc.cl/kanikama-sabor-a-centolla-el-golfo-8-u/p;https://unimarc.vtexassets.com/arquivos/ids/204787/000000000000154576-UN-01.jpg?v=637407457627430000;Pescados y mariscos;Mariscos;https://www.unimarc.cl/category/congelados/pescados-y-mariscos/mariscos;https://www.unimarc.cl/_next/data/0ucQ92dO_m9T9joH0FjVV/category/congelados/pescados-y-mariscos/mariscos.json?categories=congelados&categories=pescados-y-mariscos&categories=mariscos;2026-03-09T19:20:43
11383;Choritos San José con concha 454 g;San Jose;1 un;Kg;3290;3290;;False;;$7.247 x Kg;$7.247 x Kg;https://www.unimarc.cl/choritos-con-concha-san-jose-454-gr/p;https://unimarc.vtexassets.com/arquivos/ids/249738/000000000000625659-UN-01.jpg?v=638858808705700000;Pescados y mariscos;Mariscos;https://www.unimarc.cl/category/congelados/pescados-y-mariscos/mariscos;https://www.unimarc.cl/_next/data/0ucQ92dO_m9T9joH0FjVV/category/congelados/pescados-y-mariscos/mariscos.json?categories=congelados&categories=pescados-y-mariscos&categories=mariscos;2026-03-09T19:20:43
69261;Choritos sin concha San Jose congelados 300 g;San Jose;1 un;Kg;3190;3190;;False;;$10.633 x Kg;$10.633 x Kg;https://www.unimarc.cl/choritos-sin-concha-san-jose-300-gr/p;https://unimarc.vtexassets.com/arquivos/ids/193846/000000000000642044-UN-01.jpg?v=637225746609230000;Pescados y mariscos;Mariscos;https://www.unimarc.cl/category/congelados/pescados-y-mariscos/mariscos;https://www.unimarc.cl/_next/data/0ucQ92dO_m9T9joH0FjVV/category/congelados/pescados-y-mariscos/mariscos.json?categories=congelados&categories=pescados-y-mariscos&categories=mariscos;2026-03-09T19:20:43
96597;Camarón cocido Azul Profundo pelado sin cola 100/200 bolsa 100 g;Azul Profundo;1 un;Kg;1000;1490;1000;True;Ahorras $490;$10.000 x Kg;$14.900 x Kg;https://www.unimarc.cl/camaron-coc-pel-desv-azul-profundo-100gr/p;https://unimarc.vtexassets.com/arquivos/ids/255773/000000000000689573-UN-01.jpg?v=639047040583730000;Pescados y mariscos;Camarones;https://www.unimarc.cl/category/congelados/pescados-y-mariscos/camarones;https://www.unimarc.cl/_next/data/0ucQ92dO_m9T9joH0FjVV/category/congelados/pescados-y-mariscos/camarones.json?categories=congelados&categories=pescados-y-mariscos&categories=camarones;2026-03-09T19:20:58
80178;Camarón cocido Azul Profundo pelado sin cola 100/200 bolsa 500 g;Azul Profundo;1 un;Kg;7690;7690;;False;;$15.380 x Kg;$15.380 x Kg;https://www.unimarc.cl/camaron-coc-pel-100-200-azul-profun-500g-2/p;https://unimarc.vtexassets.com/arquivos/ids/228054/000000000000653720-UN-01.jpg?v=637932412977330000;Pescados y mariscos;Camarones;https://www.unimarc.cl/category/congelados/pescados-y-mariscos/camarones;https://www.unimarc.cl/_next/data/0ucQ92dO_m9T9joH0FjVV/category/congelados/pescados-y-mariscos/camarones.json?categories=congelados&categories=pescados-y-mariscos&categories=camarones;2026-03-09T19:20:58
82024;Camarón ecuatoriano grande Azul Profundo 500 g;Azul Profundo;1 un;Kg;10990;10990;;False;;$21.980 x Kg;$21.980 x Kg;https://www.unimarc.cl/camaron-ecuat-grande-azul-profundo-500g-2/p;https://unimarc.vtexassets.com/arquivos/ids/228311/000000000000654927-UN-01.jpg?v=637944708666800000;Pescados y mariscos;Camarones;https://www.unimarc.cl/category/congelados/pescados-y-mariscos/camarones;https://www.unimarc.cl/_next/data/0ucQ92dO_m9T9joH0FjVV/category/congelados/pescados-y-mariscos/camarones.json?categories=congelados&categories=pescados-y-mariscos&categories=camarones;2026-03-09T19:20:58
80177;Camarón cocido Azul Profundo pelado 100/200 bolsa 200 g;Azul Profundo;1 un;Kg;3450;3450;;False;;$17.250 x Kg;$17.250 x Kg;https://www.unimarc.cl/camaron-coc-pel-100-200-azul-profun-200g-2/p;https://unimarc.vtexassets.com/arquivos/ids/251420/000000000000653719-UN-01.jpg?v=638932810571270000;Pescados y mariscos;Camarones;https://www.unimarc.cl/category/congelados/pescados-y-mariscos/camarones;https://www.unimarc.cl/_next/data/0ucQ92dO_m9T9joH0FjVV/category/congelados/pescados-y-mariscos/camarones.json?categories=congelados&categories=pescados-y-mariscos&categories=camarones;2026-03-09T19:20:58
82016;Camarón mariposa Azul Profundo apanado bolsa 500 g;Azul Profundo;1 un;Kg;6990;6990;;False;;$13.980 x Kg;$13.980 x Kg;https://www.unimarc.cl/camaron-mariposa-azul-profundo-500-gr-2/p;https://unimarc.vtexassets.com/arquivos/ids/228058/000000000000652965-UN-01.jpg?v=637932454075870000;Pescados y mariscos;Camarones;https://www.unimarc.cl/category/congelados/pescados-y-mariscos/camarones;https://www.unimarc.cl/_next/data/0ucQ92dO_m9T9joH0FjVV/category/congelados/pescados-y-mariscos/camarones.json?categories=congelados&categories=pescados-y-mariscos&categories=camarones;2026-03-09T19:20:58
533;Camarones El Golfo bolsa 200 g;El Golfo;1 un;Kg;4190;4190;;False;;$20.950 x Kg;$20.950 x Kg;https://www.unimarc.cl/camarones-el-golfo-200-g/p;https://unimarc.vtexassets.com/arquivos/ids/204784/000000000000141678-UN-01.jpg?v=637407408686570000;Pescados y mariscos;Camarones;https://www.unimarc.cl/category/congelados/pescados-y-mariscos/camarones;https://www.unimarc.cl/_next/data/0ucQ92dO_m9T9joH0FjVV/category/congelados/pescados-y-mariscos/camarones.json?categories=congelados&categories=pescados-y-mariscos&categories=camarones;2026-03-09T19:20:58
82025;Camarón ecuatoriano extra grande Azul Profundo 500 g;Azul Profundo;1 un;Kg;12590;12590;;False;;$25.180 x Kg;$25.180 x Kg;https://www.unimarc.cl/camaron-ecuat-ext-gde-azul-profundo-500g-2/p;https://unimarc.vtexassets.com/arquivos/ids/228616/000000000000654928-UN-01.jpg?v=637965135997530000;Pescados y mariscos;Camarones;https://www.unimarc.cl/category/congelados/pescados-y-mariscos/camarones;https://www.unimarc.cl/_next/data/0ucQ92dO_m9T9joH0FjVV/category/congelados/pescados-y-mariscos/camarones.json?categories=congelados&categories=pescados-y-mariscos&categories=camarones;2026-03-09T19:20:58
34635;Camarón ecuatoriano Mar Verde medium pelados y precocidos 500 g;Mar Verde;1 un;Kg;10790;10790;;False;;$21.580 x Kg;$21.580 x Kg;https://www.unimarc.cl/camaron-ecuat-med-cocido-mar-verde-500-g/p;https://unimarc.vtexassets.com/arquivos/ids/199493/000000000000216752-UN-01.jpg?v=637311314630330000;Pescados y mariscos;Camarones;https://www.unimarc.cl/category/congelados/pescados-y-mariscos/camarones;https://www.unimarc.cl/_next/data/0ucQ92dO_m9T9joH0FjVV/category/congelados/pescados-y-mariscos/camarones.json?categories=congelados&categories=pescados-y-mariscos&categories=camarones;2026-03-09T19:20:58
82018;Camarón crocante Azul Profundo apanado bolsa 500 g;Azul Profundo;1 un;Kg;6990;6990;;False;;$13.980 x Kg;$13.980 x Kg;https://www.unimarc.cl/camaron-crocante-azul-profundo-500-gr-2/p;https://unimarc.vtexassets.com/arquivos/ids/228056/000000000000652967-UN-01.jpg?v=637932435874970000;Pescados y mariscos;Camarones;https://www.unimarc.cl/category/congelados/pescados-y-mariscos/camarones;https://www.unimarc.cl/_next/data/0ucQ92dO_m9T9joH0FjVV/category/congelados/pescados-y-mariscos/camarones.json?categories=congelados&categories=pescados-y-mariscos&categories=camarones;2026-03-09T19:20:58
18038;Camarón ecuatoriano Mar Verde medium pelados y precocidos 250 g;Mar Verde;1 un;Kg;6250;6250;;False;;$25.000 x Kg;$25.000 x Kg;https://www.unimarc.cl/camarones-cocidos-medium-mar-verde-250-g-2/p;https://unimarc.vtexassets.com/arquivos/ids/204713/000000000000216753-UN-01.jpg?v=637406156710100000;Pescados y mariscos;Camarones;https://www.unimarc.cl/category/congelados/pescados-y-mariscos/camarones;https://www.unimarc.cl/_next/data/0ucQ92dO_m9T9joH0FjVV/category/congelados/pescados-y-mariscos/camarones.json?categories=congelados&categories=pescados-y-mariscos&categories=camarones;2026-03-09T19:20:58
18037;Camarón ecuatoriano Mar Verde medium crudo y pelado 500 g;Mar Verde;1 un;Kg;10790;10790;;False;;$21.580 x Kg;$21.580 x Kg;https://www.unimarc.cl/camarones-ecuator-crudo-medium-mar-verde-500-g-2/p;https://unimarc.vtexassets.com/arquivos/ids/199492/000000000000216751-UN-01.jpg?v=637311308909800000;Pescados y mariscos;Camarones;https://www.unimarc.cl/category/congelados/pescados-y-mariscos/camarones;https://www.unimarc.cl/_next/data/0ucQ92dO_m9T9joH0FjVV/category/congelados/pescados-y-mariscos/camarones.json?categories=congelados&categories=pescados-y-mariscos&categories=camarones;2026-03-09T19:20:58
18246;Camarón nacional Mar Verde pelados y precocidos 500 g;Mar Verde;1 un;Kg;10790;10790;;False;;$21.580 x Kg;$21.580 x Kg;https://www.unimarc.cl/camarones-nacionales-mar-verde-500-g-2/p;https://unimarc.vtexassets.com/arquivos/ids/199499/000000000000284450-UN-01.jpg?v=637311370896800000;Pescados y mariscos;Camarones;https://www.unimarc.cl/category/congelados/pescados-y-mariscos/camarones;https://www.unimarc.cl/_next/data/0ucQ92dO_m9T9joH0FjVV/category/congelados/pescados-y-mariscos/camarones.json?categories=congelados&categories=pescados-y-mariscos&categories=camarones;2026-03-09T19:20:58
80174;Camarón cocido con cáscara y cola Azul Profundo calibre 26/30 500 g;Azul Profundo;1 un;Kg;8990;8990;;False;;$17.980 x Kg;$17.980 x Kg;https://www.unimarc.cl/camaron-coc-cas-cola-26-30-azul-pro-500g-2/p;https://unimarc.vtexassets.com/arquivos/ids/228305/000000000000653716-UN-01.jpg?v=637944674746800000;Pescados y mariscos;Camarones;https://www.unimarc.cl/category/congelados/pescados-y-mariscos/camarones;https://www.unimarc.cl/_next/data/0ucQ92dO_m9T9joH0FjVV/category/congelados/pescados-y-mariscos/camarones.json?categories=congelados&categories=pescados-y-mariscos&categories=camarones;2026-03-09T19:20:58
82017;Camarón apanado Azul Profundo con cola bolsa 500 g;Azul Profundo;1 un;Kg;6290;6290;;False;;$12.580 x Kg;$12.580 x Kg;https://www.unimarc.cl/camaron-c-cola-apana-azul-profundo-500gr-2/p;https://unimarc.vtexassets.com/arquivos/ids/228057/000000000000652966-UN-01.jpg?v=637932441495430000;Pescados y mariscos;Camarones;https://www.unimarc.cl/category/congelados/pescados-y-mariscos/camarones;https://www.unimarc.cl/_next/data/0ucQ92dO_m9T9joH0FjVV/category/congelados/pescados-y-mariscos/camarones.json?categories=congelados&categories=pescados-y-mariscos&categories=camarones;2026-03-09T19:20:58
82518;Croqueta de merluza El Golfo 100 g;El Golfo;1 un;Kg;1150;1350;1150;True;Ahorras $200;$11.500 x Kg;$13.500 x Kg;https://www.unimarc.cl/croqueta-de-merluza-el-golfo-100gr/p;https://unimarc.vtexassets.com/arquivos/ids/237835/000000000000662014-UN-01.jpg?v=638439717094030000;Pescados y mariscos;Pescados Apanados;https://www.unimarc.cl/category/congelados/pescados-y-mariscos/pescados-apanados;https://www.unimarc.cl/_next/data/0ucQ92dO_m9T9joH0FjVV/category/congelados/pescados-y-mariscos/pescados-apanados.json?categories=congelados&categories=pescados-y-mariscos&categories=pescados-apanados;2026-03-09T19:21:14
82519;Nuggets de merluza El Golfo 400 g;El Golfo;1 un;Kg;3000;3250;3000;True;Ahorras $250;$7.500 x Kg;$8.125 x Kg;https://www.unimarc.cl/nuggets-de-merluza-el-golfo-400gr/p;https://unimarc.vtexassets.com/arquivos/ids/228690/000000000000662015-UN-01.jpg?v=637970429164230000;Pescados y mariscos;Pescados Apanados;https://www.unimarc.cl/category/congelados/pescados-y-mariscos/pescados-apanados;https://www.unimarc.cl/_next/data/0ucQ92dO_m9T9joH0FjVV/category/congelados/pescados-y-mariscos/pescados-apanados.json?categories=congelados&categories=pescados-y-mariscos&categories=pescados-apanados;2026-03-09T19:21:14
8428;Hamburguesa merluza dorada El Golfo bolsa 200 g;El Golfo;1 un;Kg;1950;2290;1950;True;Ahorras $340;$9.750 x Kg;$11.450 x Kg;https://www.unimarc.cl/hambur-dorada-merluza-el-golfo-200-gr/p;https://unimarc.vtexassets.com/arquivos/ids/204781/000000000000062051-UN-01.jpg?v=637407284334400000;Pescados y mariscos;Pescados Apanados;https://www.unimarc.cl/category/congelados/pescados-y-mariscos/pescados-apanados;https://www.unimarc.cl/_next/data/0ucQ92dO_m9T9joH0FjVV/category/congelados/pescados-y-mariscos/pescados-apanados.json?categories=congelados&categories=pescados-y-mariscos&categories=pescados-apanados;2026-03-09T19:21:14
3888;Filete de Merluza El Golfo apanada 500 g;El Golfo;1 un;Kg;6990;6990;;False;;$13.980 x Kg;$13.980 x Kg;https://www.unimarc.cl/filetes-merluza-apanados-el-golfo-500-gr/p;https://unimarc.vtexassets.com/arquivos/ids/226107/000000000000151581-UN-01.jpg?v=637866697191000000;Pescados y mariscos;Pescados Apanados;https://www.unimarc.cl/category/congelados/pescados-y-mariscos/pescados-apanados;https://www.unimarc.cl/_next/data/0ucQ92dO_m9T9joH0FjVV/category/congelados/pescados-y-mariscos/pescados-apanados.json?categories=congelados&categories=pescados-y-mariscos&categories=pescados-apanados;2026-03-09T19:21:14
85615;Filete merluza con piel azul profundo 500g;Azul Profundo;1 un;Kg;4990;4990;;False;;$9.980 x Kg;$9.980 x Kg;https://www.unimarc.cl/filete-merluza-c-p-azul-profundo-500gr/p;https://unimarc.vtexassets.com/arquivos/ids/235807/000000000000665784-UN-01.jpg?v=638321948732930000;Pescados y mariscos;Pescados Apanados;https://www.unimarc.cl/category/congelados/pescados-y-mariscos/pescados-apanados;https://www.unimarc.cl/_next/data/0ucQ92dO_m9T9joH0FjVV/category/congelados/pescados-y-mariscos/pescados-apanados.json?categories=congelados&categories=pescados-y-mariscos&categories=pescados-apanados;2026-03-09T19:21:14
89096;Hamburguesa de merluza El Golfo 100 g;El Golfo;1 un;Kg;970;970;;False;;$9.700 x Kg;$9.700 x Kg;https://www.unimarc.cl/hamburguesa-merluza-el-golfo-100gr/p;https://unimarc.vtexassets.com/arquivos/ids/244030/000000000000669683-UN-01.jpg?v=638617517912200000;Pescados y mariscos;Pescados Apanados;https://www.unimarc.cl/category/congelados/pescados-y-mariscos/pescados-apanados;https://www.unimarc.cl/_next/data/0ucQ92dO_m9T9joH0FjVV/category/congelados/pescados-y-mariscos/pescados-apanados.json?categories=congelados&categories=pescados-y-mariscos&categories=pescados-apanados;2026-03-09T19:21:14
87731;Varitas de merluza El Golfo 500 g;El Golfo;1 un;Kg;5990;5990;;False;;$11.980 x Kg;$11.980 x Kg;https://www.unimarc.cl/varitas-de-merluza-el-golfo-500gr/p;https://unimarc.vtexassets.com/arquivos/ids/243003/000000000000669586-UN-01.jpg?v=638570077885100000;Pescados y mariscos;Pescados Apanados;https://www.unimarc.cl/category/congelados/pescados-y-mariscos/pescados-apanados;https://www.unimarc.cl/_next/data/0ucQ92dO_m9T9joH0FjVV/category/congelados/pescados-y-mariscos/pescados-apanados.json?categories=congelados&categories=pescados-y-mariscos&categories=pescados-apanados;2026-03-09T19:21:14
88987;Filete merluza tempura El Golfo 500 g;El Golfo;1 un;Kg;6190;6190;;False;;$12.380 x Kg;$12.380 x Kg;https://www.unimarc.cl/filete-merluza-tempura-el-golfo-500gr/p;https://unimarc.vtexassets.com/arquivos/ids/244091/000000000000669682-UN-01.jpg?v=638617617671570000;Pescados y mariscos;Pescados Apanados;https://www.unimarc.cl/category/congelados/pescados-y-mariscos/pescados-apanados;https://www.unimarc.cl/_next/data/0ucQ92dO_m9T9joH0FjVV/category/congelados/pescados-y-mariscos/pescados-apanados.json?categories=congelados&categories=pescados-y-mariscos&categories=pescados-apanados;2026-03-09T19:21:14
89097;Deditos de merluza El Golfo 320 g;El Golfo;1 un;Kg;4690;4690;;False;;$14.656 x Kg;$14.656 x Kg;https://www.unimarc.cl/fish-finger-merluza-el-golfo-320gr/p;https://unimarc.vtexassets.com/arquivos/ids/244031/000000000000669684-UN-01.jpg?v=638617517914700000;Pescados y mariscos;Pescados Apanados;https://www.unimarc.cl/category/congelados/pescados-y-mariscos/pescados-apanados;https://www.unimarc.cl/_next/data/0ucQ92dO_m9T9joH0FjVV/category/congelados/pescados-y-mariscos/pescados-apanados.json?categories=congelados&categories=pescados-y-mariscos&categories=pescados-apanados;2026-03-09T19:21:14
87702;Coctelitos de merluza El Golfo 400 g;El Golfo;1 un;Kg;5890;5890;;False;;$14.725 x Kg;$14.725 x Kg;https://www.unimarc.cl/coctelitos-de-merluza-el-golfo-400gr/p;https://unimarc.vtexassets.com/arquivos/ids/243007/000000000000669544-UN-01.jpg?v=638576079511000000;Pescados y mariscos;Pescados Apanados;https://www.unimarc.cl/category/congelados/pescados-y-mariscos/pescados-apanados;https://www.unimarc.cl/_next/data/0ucQ92dO_m9T9joH0FjVV/category/congelados/pescados-y-mariscos/pescados-apanados.json?categories=congelados&categories=pescados-y-mariscos&categories=pescados-apanados;2026-03-09T19:21:14
97128;Croquetas de marisco Foga Food 12 un;Foga Foods;1 un;Kg;0;0;;False;;$0 x Kg;$0 x Kg;https://www.unimarc.cl/croquetas-de-marisco-foga-food-12un/p;https://unimarc.vtexassets.com/arquivos/ids/256377/000000000000692241-UN-01.jpg?v=639080632415430000;Pescados y mariscos;Pescados Apanados;https://www.unimarc.cl/category/congelados/pescados-y-mariscos/pescados-apanados;https://www.unimarc.cl/_next/data/0ucQ92dO_m9T9joH0FjVV/category/congelados/pescados-y-mariscos/pescados-apanados.json?categories=congelados&categories=pescados-y-mariscos&categories=pescados-apanados;2026-03-09T19:21:14
58721;Pizza PF Listo congelada jamón queso 250 g;Pf Listo;1 un;Kg;2350;2790;2350;True;Ahorras $440;$9.400 x Kg;$11.160 x Kg;https://www.unimarc.cl/pizza-jamon-queso-cong-pf-listo-250-gr/p;https://unimarc.vtexassets.com/arquivos/ids/238408/000000000000638083-UN-01.jpg?v=638470767197300000;Platos congelados;Pizza;https://www.unimarc.cl/category/congelados/platos-congelados/pizza;https://www.unimarc.cl/_next/data/0ucQ92dO_m9T9joH0FjVV/category/congelados/platos-congelados/pizza.json?categories=congelados&categories=platos-congelados&categories=pizza;2026-03-09T19:21:29
75889;Pizza artesanal Take a Break margarita 600 g;Take A Break;1 un;Kg;5990;6990;5990;True;Ahorras $1.000;$9.983 x Kg;$11.650 x Kg;https://www.unimarc.cl/pizza-art-margarita-take-a-break-600g/p;https://unimarc.vtexassets.com/arquivos/ids/210918/000000000000650146-UN-01.jpg?v=638507115763970000;Platos congelados;Pizza;https://www.unimarc.cl/category/congelados/platos-congelados/pizza;https://www.unimarc.cl/_next/data/0ucQ92dO_m9T9joH0FjVV/category/congelados/platos-congelados/pizza.json?categories=congelados&categories=platos-congelados&categories=pizza;2026-03-09T19:21:29
75890;Pizza artesanal Take a Break mechada 700 g;Take A Break;1 un;Kg;5990;6990;5990;True;Ahorras $1.000;$8.557 x Kg;$9.986 x Kg;https://www.unimarc.cl/pizza-art-la-con-todo-take-a-break-700g/p;https://unimarc.vtexassets.com/arquivos/ids/210920/000000000000650147-UN-01.jpg?v=638507115773500000;Platos congelados;Pizza;https://www.unimarc.cl/category/congelados/platos-congelados/pizza;https://www.unimarc.cl/_next/data/0ucQ92dO_m9T9joH0FjVV/category/congelados/platos-congelados/pizza.json?categories=congelados&categories=platos-congelados&categories=pizza;2026-03-09T19:21:29
58722;Pizza PF Listo congelada pepperoni 230 g;Pf Listo;1 un;Kg;2350;2790;2350;True;Ahorras $440;$10.217 x Kg;$12.130 x Kg;https://www.unimarc.cl/pizza-pepperoni-cong-pf-listo-230-gr/p;https://unimarc.vtexassets.com/arquivos/ids/214122/000000000000638084-UN-01.jpg?v=638470757772530000;Platos congelados;Pizza;https://www.unimarc.cl/category/congelados/platos-congelados/pizza;https://www.unimarc.cl/_next/data/0ucQ92dO_m9T9joH0FjVV/category/congelados/platos-congelados/pizza.json?categories=congelados&categories=platos-congelados&categories=pizza;2026-03-09T19:21:29
75888;Pizza artesanal Take a Break caprichosa 700 g;Take A Break;1 un;Kg;5990;6990;5990;True;Ahorras $1.000;$8.557 x Kg;$9.986 x Kg;https://www.unimarc.cl/pizza-art-caprichosa-take-a-break-700g/p;https://unimarc.vtexassets.com/arquivos/ids/230439/000000000000650145-UN-01.jpg?v=638040525373500000;Platos congelados;Pizza;https://www.unimarc.cl/category/congelados/platos-congelados/pizza;https://www.unimarc.cl/_next/data/0ucQ92dO_m9T9joH0FjVV/category/congelados/platos-congelados/pizza.json?categories=congelados&categories=platos-congelados&categories=pizza;2026-03-09T19:21:29
80105;Pizza artesanal Take a Break pepperoni 600 g;Take A Break;1 un;Kg;5990;6990;5990;True;Ahorras $1.000;$9.983 x Kg;$11.650 x Kg;https://www.unimarc.cl/pizza-artesanal-tio-pepe-take-break-600g/p;https://unimarc.vtexassets.com/arquivos/ids/230441/000000000000652327-UN-01.jpg?v=638507115781530000;Platos congelados;Pizza;https://www.unimarc.cl/category/congelados/platos-congelados/pizza;https://www.unimarc.cl/_next/data/0ucQ92dO_m9T9joH0FjVV/category/congelados/platos-congelados/pizza.json?categories=congelados&categories=platos-congelados&categories=pizza;2026-03-09T19:21:29
9957;Pizza PF Listo jamón queso congelada caja 465 g;Pf Listo;1 un;Kg;4990;4990;;False;;$10.731 x Kg;$10.731 x Kg;https://www.unimarc.cl/pizza-jamon-queso-pf-listo-465-g/p;https://unimarc.vtexassets.com/arquivos/ids/238407/000000000000619638-UN-01.jpg?v=638470766082730000;Platos congelados;Pizza;https://www.unimarc.cl/category/congelados/platos-congelados/pizza;https://www.unimarc.cl/_next/data/0ucQ92dO_m9T9joH0FjVV/category/congelados/platos-congelados/pizza.json?categories=congelados&categories=platos-congelados&categories=pizza;2026-03-09T19:21:29
67553;Pizza PF listo pepperoni congelada 430 g;Pf Listo;1 un;Kg;4990;4990;;False;;$11.605 x Kg;$11.605 x Kg;https://www.unimarc.cl/pizza-cong-pf-listo-430-gr-pepperoni/p;https://unimarc.vtexassets.com/arquivos/ids/231693/000000000643761001-UN-01.jpg?v=638470757813270000;Platos congelados;Pizza;https://www.unimarc.cl/category/congelados/platos-congelados/pizza;https://www.unimarc.cl/_next/data/0ucQ92dO_m9T9joH0FjVV/category/congelados/platos-congelados/pizza.json?categories=congelados&categories=platos-congelados&categories=pizza;2026-03-09T19:21:29
3564;Pizza Sadia Calabresa caja 440 g;Sadia;1 un;Kg;3990;3990;;False;;$8.674 x Kg;$8.674 x Kg;https://www.unimarc.cl/pizza-calabresa-sadia-460-gr/p;https://unimarc.vtexassets.com/arquivos/ids/224258/000000000000057903-UN-01.jpg?v=637807213350800000;Platos congelados;Pizza;https://www.unimarc.cl/category/congelados/platos-congelados/pizza;https://www.unimarc.cl/_next/data/0ucQ92dO_m9T9joH0FjVV/category/congelados/platos-congelados/pizza.json?categories=congelados&categories=platos-congelados&categories=pizza;2026-03-09T19:21:29
11963;Pizza jamón champiñon Sadia caja 460 g;Sadia;1 un;Kg;3990;3990;;False;;$8.674 x Kg;$8.674 x Kg;https://www.unimarc.cl/pizza-jamon-mozzarella-champ-sadia-460gr/p;https://unimarc.vtexassets.com/arquivos/ids/224257/000000000000057905-UN-01.jpg?v=637807212094230000;Platos congelados;Pizza;https://www.unimarc.cl/category/congelados/platos-congelados/pizza;https://www.unimarc.cl/_next/data/0ucQ92dO_m9T9joH0FjVV/category/congelados/platos-congelados/pizza.json?categories=congelados&categories=platos-congelados&categories=pizza;2026-03-09T19:21:29
971;Papas Duquesa Frutos Del Maipo bolsa 1 Kg;Frutos Del Maipo;1 un;Kg;3990;4890;3990;True;Ahorras $900;$3.990 x Kg;$4.890 x Kg;https://www.unimarc.cl/papas-duquesa-frutos-del-maipo-1kg/p;https://unimarc.vtexassets.com/arquivos/ids/250593/000000000000344657-UN-01.jpg?v=638902719483300000;Platos congelados;Platos preparados;https://www.unimarc.cl/category/congelados/platos-congelados/platos-preparados;https://www.unimarc.cl/_next/data/0ucQ92dO_m9T9joH0FjVV/category/congelados/platos-congelados/platos-preparados.json?categories=congelados&categories=platos-congelados&categories=platos-preparados;2026-03-09T19:21:44
88728;Albóndigas de vacuno Super Beef 150 g;Superbeef;1 un;Kg;1250;1390;1250;True;Ahorras $140;$8.333 x Kg;$9.267 x Kg;https://www.unimarc.cl/albondigas-de-vacuno-super-beef-150-gr/p;https://unimarc.vtexassets.com/arquivos/ids/243663/000000000000669518-UN-01.jpg?v=638599390714570000;Platos congelados;Platos preparados;https://www.unimarc.cl/category/congelados/platos-congelados/platos-preparados;https://www.unimarc.cl/_next/data/0ucQ92dO_m9T9joH0FjVV/category/congelados/platos-congelados/platos-preparados.json?categories=congelados&categories=platos-congelados&categories=platos-preparados;2026-03-09T19:21:44
712;Papas duquesa Frutos del Maipo bolsa 500 g;Frutos Del Maipo;1 un;Kg;2790;3390;2790;True;Ahorras $600;$5.580 x Kg;$6.780 x Kg;https://www.unimarc.cl/papas-duquesa-frutos-del-maipo-500-g/p;https://unimarc.vtexassets.com/arquivos/ids/214225/000000000000180084-UN-01.jpg?v=637562771133700000;Platos congelados;Platos preparados;https://www.unimarc.cl/category/congelados/platos-congelados/platos-preparados;https://www.unimarc.cl/_next/data/0ucQ92dO_m9T9joH0FjVV/category/congelados/platos-congelados/platos-preparados.json?categories=congelados&categories=platos-congelados&categories=platos-preparados;2026-03-09T19:21:44
713;Papas prefritas Frutos del Maipo bolsa 500 g;Frutos Del Maipo;1 un;Kg;2790;3390;2790;True;Ahorras $600;$5.580 x Kg;$6.780 x Kg;https://www.unimarc.cl/papas-prefritas-frutos-del-maipo-500-g/p;https://unimarc.vtexassets.com/arquivos/ids/250591/000000000000180085-UN-01.jpg?v=638902718985730000;Platos congelados;Platos preparados;https://www.unimarc.cl/category/congelados/platos-congelados/platos-preparados;https://www.unimarc.cl/_next/data/0ucQ92dO_m9T9joH0FjVV/category/congelados/platos-congelados/platos-preparados.json?categories=congelados&categories=platos-congelados&categories=platos-preparados;2026-03-09T19:21:44
92304;Albondiga de vacuno Llanquihue congelado 200 g;Llanquihue;1 un;Kg;1890;2090;1890;True;Ahorras $200;$9.450 x Kg;$10.450 x Kg;https://www.unimarc.cl/albondiga-vacuno-llanquihue-200gr/p;https://unimarc.vtexassets.com/arquivos/ids/251377/000000000000686064-UN-01.jpg?v=638931149004230000;Platos congelados;Platos preparados;https://www.unimarc.cl/category/congelados/platos-congelados/platos-preparados;https://www.unimarc.cl/_next/data/0ucQ92dO_m9T9joH0FjVV/category/congelados/platos-congelados/platos-preparados.json?categories=congelados&categories=platos-congelados&categories=platos-preparados;2026-03-09T19:21:44
52951;Lasagna Bolognesa Sadia bolsa 600 g;Sadia;1 un;Kg;5190;5790;5190;True;Ahorras $600;$8.650 x Kg;$9.650 x Kg;https://www.unimarc.cl/lasagna-sadia-600-gr-bolognesa/p;https://unimarc.vtexassets.com/arquivos/ids/224242/000000000634627003-UN-01.jpg?v=637807193140570000;Platos congelados;Platos preparados;https://www.unimarc.cl/category/congelados/platos-congelados/platos-preparados;https://www.unimarc.cl/_next/data/0ucQ92dO_m9T9joH0FjVV/category/congelados/platos-congelados/platos-preparados.json?categories=congelados&categories=platos-congelados&categories=platos-preparados;2026-03-09T19:21:44
87035;Pastel de choclo Take a Break 600 g;Take A Break;1 un;Kg;7990;8990;7990;True;Ahorras $1.000;$13.317 x Kg;$14.983 x Kg;https://www.unimarc.cl/pastel-de-choclo-take-a-break-600-gr/p;https://unimarc.vtexassets.com/arquivos/ids/239321/000000000000668216-UN-01.jpg?v=638507980241130000;Platos congelados;Platos preparados;https://www.unimarc.cl/category/congelados/platos-congelados/platos-preparados;https://www.unimarc.cl/_next/data/0ucQ92dO_m9T9joH0FjVV/category/congelados/platos-congelados/platos-preparados.json?categories=congelados&categories=platos-congelados&categories=platos-preparados;2026-03-09T19:21:44
90890;Duquesas pastelera Frutos del Maipo 350 g;Frutos Del Maipo;1 un;Kg;3990;3990;;False;;$11.400 x Kg;$11.400 x Kg;https://www.unimarc.cl/duquesas-de-pastelera-fr-del-maipo-350gr/p;https://unimarc.vtexassets.com/arquivos/ids/247480/000000000000674823-UN-01.jpg?v=638775643052370000;Platos congelados;Platos preparados;https://www.unimarc.cl/category/congelados/platos-congelados/platos-preparados;https://www.unimarc.cl/_next/data/0ucQ92dO_m9T9joH0FjVV/category/congelados/platos-congelados/platos-preparados.json?categories=congelados&categories=platos-congelados&categories=platos-preparados;2026-03-09T19:21:44
2986;Charquicán Frutos de Maipo bolsa 750 g;Frutos Del Maipo;1 un;Kg;4350;4350;;False;;$5.800 x Kg;$5.800 x Kg;https://www.unimarc.cl/charquican-frutos-del-maipo-750-gr/p;https://unimarc.vtexassets.com/arquivos/ids/214213/000000000000643028-UN-01.jpg?v=637562764553070000;Platos congelados;Platos preparados;https://www.unimarc.cl/category/congelados/platos-congelados/platos-preparados;https://www.unimarc.cl/_next/data/0ucQ92dO_m9T9joH0FjVV/category/congelados/platos-congelados/platos-preparados.json?categories=congelados&categories=platos-congelados&categories=platos-preparados;2026-03-09T19:21:44
73407;Base porotos granados Frutos del Maipo 500 g;Frutos Del Maipo;1 un;Kg;3550;3550;;False;;$7.100 x Kg;$7.100 x Kg;https://www.unimarc.cl/base-porotos-granados-f-del-maipo-500-gr/p;https://unimarc.vtexassets.com/arquivos/ids/250597/000000000000646736-UN-01.jpg?v=638902752020170000;Platos congelados;Platos preparados;https://www.unimarc.cl/category/congelados/platos-congelados/platos-preparados;https://www.unimarc.cl/_next/data/0ucQ92dO_m9T9joH0FjVV/category/congelados/platos-congelados/platos-preparados.json?categories=congelados&categories=platos-congelados&categories=platos-preparados;2026-03-09T19:21:44
87500;Papas rellenas Frutos del Maipo queso 220 g;Frutos Del Maipo;1 un;Kg;3550;3550;;False;;$16.136 x Kg;$16.136 x Kg;https://www.unimarc.cl/papa-rellena-fr-d-maipo-220g-queso/p;https://unimarc.vtexassets.com/arquivos/ids/239920/000000000668812002-UN-01.jpg?v=638526121870830000;Platos congelados;Platos preparados;https://www.unimarc.cl/category/congelados/platos-congelados/platos-preparados;https://www.unimarc.cl/_next/data/0ucQ92dO_m9T9joH0FjVV/category/congelados/platos-congelados/platos-preparados.json?categories=congelados&categories=platos-congelados&categories=platos-preparados;2026-03-09T19:21:44
1616;Pan de queso Forno de Minas congelado 400 g;Forno De Minas;1 un;Kg;6190;6190;;False;;$15.475 x Kg;$15.475 x Kg;https://www.unimarc.cl/pan-de-queso-forno-de-minas-400-grs/p;https://unimarc.vtexassets.com/arquivos/ids/162650/859851.jpg?v=636499042599070000;Platos congelados;Platos preparados;https://www.unimarc.cl/category/congelados/platos-congelados/platos-preparados;https://www.unimarc.cl/_next/data/0ucQ92dO_m9T9joH0FjVV/category/congelados/platos-congelados/platos-preparados.json?categories=congelados&categories=platos-congelados&categories=platos-preparados;2026-03-09T19:21:44
52952;Lasagna Sadía 4 quesos 600 g;Sadia;1 un;Kg;5790;5790;;False;;$9.650 x Kg;$9.650 x Kg;https://www.unimarc.cl/lasagna-sadia-600-gr-4-quesos/p;https://unimarc.vtexassets.com/arquivos/ids/182136/000000000634627004-UN.jpg?v=636822046734730000;Platos congelados;Platos preparados;https://www.unimarc.cl/category/congelados/platos-congelados/platos-preparados;https://www.unimarc.cl/_next/data/0ucQ92dO_m9T9joH0FjVV/category/congelados/platos-congelados/platos-preparados.json?categories=congelados&categories=platos-congelados&categories=platos-preparados;2026-03-09T19:21:44
13914;Tapas para empanadas Degustar para freír caja 12 un;Degustar;1 un;unidad;2790;2790;;False;;$233 x unidad;$233 x unidad;https://www.unimarc.cl/tapa-empanada-p-freir-degustar-12-un/p;https://unimarc.vtexassets.com/arquivos/ids/188612/Tapa-Empanada-P-Freir-Degustar-12-Un-2-14446.jpg?v=637037235633870000;Platos congelados;Platos preparados;https://www.unimarc.cl/category/congelados/platos-congelados/platos-preparados;https://www.unimarc.cl/_next/data/0ucQ92dO_m9T9joH0FjVV/category/congelados/platos-congelados/platos-preparados.json?categories=congelados&categories=platos-congelados&categories=platos-preparados;2026-03-09T19:21:44
87499;Papas rellenas Frutos del Maipo champiñón cebolla 220 g;Frutos Del Maipo;1 un;Kg;3550;3550;;False;;$16.136 x Kg;$16.136 x Kg;https://www.unimarc.cl/papa-rellena-fr-d-maipo-220g-cham-cebol/p;https://unimarc.vtexassets.com/arquivos/ids/239919/000000000668812001-UN-01.jpg?v=638526121568370000;Platos congelados;Platos preparados;https://www.unimarc.cl/category/congelados/platos-congelados/platos-preparados;https://www.unimarc.cl/_next/data/0ucQ92dO_m9T9joH0FjVV/category/congelados/platos-congelados/platos-preparados.json?categories=congelados&categories=platos-congelados&categories=platos-preparados;2026-03-09T19:21:44
87037;Lasaña boloñesa Take a Break 600 g;Take A Break;1 un;Kg;5990;5990;;False;;$9.983 x Kg;$9.983 x Kg;https://www.unimarc.cl/lasana-bolonesa-take-a-break-600-gr/p;https://unimarc.vtexassets.com/arquivos/ids/239323/000000000000668218-UN-01.jpg?v=638507980249570000;Platos congelados;Platos preparados;https://www.unimarc.cl/category/congelados/platos-congelados/platos-preparados;https://www.unimarc.cl/_next/data/0ucQ92dO_m9T9joH0FjVV/category/congelados/platos-congelados/platos-preparados.json?categories=congelados&categories=platos-congelados&categories=platos-preparados;2026-03-09T19:21:44
5613;Lasagna a la bolognesa Sadia congelada tamaño familiar 1.4 Kg;Sadia;1 un;Kg;13990;13990;;False;;$9.993 x Kg;$9.993 x Kg;https://www.unimarc.cl/lasagna-bolognesa-sadia-1-4-kg/p;https://unimarc.vtexassets.com/arquivos/ids/224253/000000000000578671-UN-01.jpg?v=637807206296770000;Platos congelados;Platos preparados;https://www.unimarc.cl/category/congelados/platos-congelados/platos-preparados;https://www.unimarc.cl/_next/data/0ucQ92dO_m9T9joH0FjVV/category/congelados/platos-congelados/platos-preparados.json?categories=congelados&categories=platos-congelados&categories=platos-preparados;2026-03-09T19:21:44
91484;Papas rellenas Martino Phillippi pino 2 un;Martino Phillippi;1 un;unidad;2790;2790;;False;;$1.395 x unidad;$1.395 x unidad;https://www.unimarc.cl/papas-rellenas-martino-philli-2un-pino/p;https://unimarc.vtexassets.com/arquivos/ids/250001/000000000676530002-UN-01.jpg?v=638878356842030000;Platos congelados;Platos preparados;https://www.unimarc.cl/category/congelados/platos-congelados/platos-preparados;https://www.unimarc.cl/_next/data/0ucQ92dO_m9T9joH0FjVV/category/congelados/platos-congelados/platos-preparados.json?categories=congelados&categories=platos-congelados&categories=platos-preparados;2026-03-09T19:21:44
91483;Papas rellenas Martino Phillippi queso 2 un;Martino Phillippi;1 un;unidad;2790;2790;;False;;$1.395 x unidad;$1.395 x unidad;https://www.unimarc.cl/papas-rellenas-martino-philli-2un-queso/p;https://unimarc.vtexassets.com/arquivos/ids/250000/000000000676530001-UN-01.jpg?v=638878356839970000;Platos congelados;Platos preparados;https://www.unimarc.cl/category/congelados/platos-congelados/platos-preparados;https://www.unimarc.cl/_next/data/0ucQ92dO_m9T9joH0FjVV/category/congelados/platos-congelados/platos-preparados.json?categories=congelados&categories=platos-congelados&categories=platos-preparados;2026-03-09T19:21:44
93527;Lasagna de carne mechada TAKE A BREAK 600gr;Take A Break;1 un;Kg;5990;5990;;False;;$9.983 x Kg;$9.983 x Kg;https://www.unimarc.cl/lasana-carne-mechada-take-a-break-600gr/p;https://unimarc.vtexassets.com/arquivos/ids/252364/000000000000690729-UN-01.jpg?v=638972453537370000;Platos congelados;Platos preparados;https://www.unimarc.cl/category/congelados/platos-congelados/platos-preparados;https://www.unimarc.cl/_next/data/0ucQ92dO_m9T9joH0FjVV/category/congelados/platos-congelados/platos-preparados.json?categories=congelados&categories=platos-congelados&categories=platos-preparados;2026-03-09T19:21:44
97112;Lasagna de ricota y espinaca congelada Carozzi 320gr;Carozzi;1 un;Kg;3990;3990;;False;;$12.469 x Kg;$12.469 x Kg;https://www.unimarc.cl/lasagna-ricota-espina-cong-carozzi-320gr/p;https://unimarc.vtexassets.com/arquivos/ids/256335/000000000000698971-UN-01.jpg?v=639077695476830000;Platos congelados;Platos preparados;https://www.unimarc.cl/category/congelados/platos-congelados/platos-preparados;https://www.unimarc.cl/_next/data/0ucQ92dO_m9T9joH0FjVV/category/congelados/platos-congelados/platos-preparados.json?categories=congelados&categories=platos-congelados&categories=platos-preparados;2026-03-09T19:21:44
59566;Suspiro frambuesa Cuk familiar 1.3 Kg;Cuk;1 un;Kg;18290;20490;18290;True;Ahorras $2.200;$14.069 x Kg;$15.762 x Kg;https://www.unimarc.cl/suspiro-frambuesa-cuk-1-3-kg/p;https://unimarc.vtexassets.com/arquivos/ids/221706/000000000000636452-UN-01.jpg?v=637728594768370000;Platos congelados;Postres congelados;https://www.unimarc.cl/category/congelados/platos-congelados/postres-congelados;https://www.unimarc.cl/_next/data/0ucQ92dO_m9T9joH0FjVV/category/congelados/platos-congelados/postres-congelados.json?categories=congelados&categories=platos-congelados&categories=postres-congelados;2026-03-09T19:21:58
75180;Postre suspiro manjar Cuk congelado 1.3 Kg;Cuk;1 un;Kg;18290;20490;18290;True;Ahorras $2.200;$14.069 x Kg;$15.762 x Kg;https://www.unimarc.cl/suspiro-cong-cuk-1-3-kg-manjar/p;https://unimarc.vtexassets.com/arquivos/ids/209960/000000000649844001-UN-01.jpg?v=637491923918800000;Platos congelados;Postres congelados;https://www.unimarc.cl/category/congelados/platos-congelados/postres-congelados;https://www.unimarc.cl/_next/data/0ucQ92dO_m9T9joH0FjVV/category/congelados/platos-congelados/postres-congelados.json?categories=congelados&categories=platos-congelados&categories=postres-congelados;2026-03-09T19:21:58
59534;Suspiro frambuesa Cuk 140 g;Cuk;1 un;Kg;2950;3490;2950;True;Ahorras $540;$21.071 x Kg;$24.929 x Kg;https://www.unimarc.cl/suspiro-frambuesa-cuk-140-gr/p;https://unimarc.vtexassets.com/arquivos/ids/221709/000000000000631111-UN-01.jpg?v=637728598349870000;Platos congelados;Postres congelados;https://www.unimarc.cl/category/congelados/platos-congelados/postres-congelados;https://www.unimarc.cl/_next/data/0ucQ92dO_m9T9joH0FjVV/category/congelados/platos-congelados/postres-congelados.json?categories=congelados&categories=platos-congelados&categories=postres-congelados;2026-03-09T19:21:58
61318;Suspiro limeño Cuk 140 g;Cuk;1 un;Kg;2950;3490;2950;True;Ahorras $540;$21.071 x Kg;$24.929 x Kg;https://www.unimarc.cl/suspiro-cuk-140-gr-limeno/p;https://unimarc.vtexassets.com/arquivos/ids/221719/000000000639524001-UN-01.jpg?v=637728618842170000;Platos congelados;Postres congelados;https://www.unimarc.cl/category/congelados/platos-congelados/postres-congelados;https://www.unimarc.cl/_next/data/0ucQ92dO_m9T9joH0FjVV/category/congelados/platos-congelados/postres-congelados.json?categories=congelados&categories=platos-congelados&categories=postres-congelados;2026-03-09T19:21:58
75181;Postre suspiro limeño Cuk congelado 1.3 Kg;Cuk;1 un;Kg;18290;20490;18290;True;Ahorras $2.200;$14.069 x Kg;$15.762 x Kg;https://www.unimarc.cl/suspiro-cong-cuk-1-3-kg-limeno/p;https://unimarc.vtexassets.com/arquivos/ids/209961/000000000649844002-UN-01.jpg?v=637491927009870000;Platos congelados;Postres congelados;https://www.unimarc.cl/category/congelados/platos-congelados/postres-congelados;https://www.unimarc.cl/_next/data/0ucQ92dO_m9T9joH0FjVV/category/congelados/platos-congelados/postres-congelados.json?categories=congelados&categories=platos-congelados&categories=postres-congelados;2026-03-09T19:21:58
86645;Empanadas con queso congeladas como en casa 24u;Como En Casa;1 un;Kg;3450;3450;;False;;$6.900 x Kg;$6.900 x Kg;https://www.unimarc.cl/empanadas-c-queso-cong-como-en-casa-24un/p;https://unimarc.vtexassets.com/arquivos/ids/237671/000000000000667412-UN-01.jpg?v=638434288195870000;Platos congelados;Cocktail;https://www.unimarc.cl/category/congelados/platos-congelados/cocktail;https://www.unimarc.cl/_next/data/0ucQ92dO_m9T9joH0FjVV/category/congelados/platos-congelados/cocktail.json?categories=congelados&categories=platos-congelados&categories=cocktail;2026-03-09T19:22:12
91847;Gyozas de cerdo Frutos del Maipo 200 g;Frutos Del Maipo;1 un;Kg;3990;3990;;False;;$19.950 x Kg;$19.950 x Kg;https://www.unimarc.cl/gyozas-de-cerdo-frutos-del-maipo-200gr/p;https://unimarc.vtexassets.com/arquivos/ids/250174/000000000000682195-UN-01.jpg?v=638886993706000000;Platos congelados;Cocktail;https://www.unimarc.cl/category/congelados/platos-congelados/cocktail;https://www.unimarc.cl/_next/data/0ucQ92dO_m9T9joH0FjVV/category/congelados/platos-congelados/cocktail.json?categories=congelados&categories=platos-congelados&categories=cocktail;2026-03-09T19:22:12
91848;Arrollado primavera Frutos del Maipo 320 g;Frutos Del Maipo;1 un;Kg;4390;4390;;False;;$13.719 x Kg;$13.719 x Kg;https://www.unimarc.cl/arrollado-primavera-fruto-de-maipo-320gr/p;https://unimarc.vtexassets.com/arquivos/ids/250175/000000000000682432-UN-01.jpg?v=638886993708330000;Platos congelados;Cocktail;https://www.unimarc.cl/category/congelados/platos-congelados/cocktail;https://www.unimarc.cl/_next/data/0ucQ92dO_m9T9joH0FjVV/category/congelados/platos-congelados/cocktail.json?categories=congelados&categories=platos-congelados&categories=cocktail;2026-03-09T19:22:12
11746;Empanadas La Crianza mechada queso caja 460 g;La Crianza;1 un;Kg;6190;6190;;False;;$13.457 x Kg;$13.457 x Kg;https://www.unimarc.cl/empanada-la-crianza-460g-mechada-queso/p;https://unimarc.vtexassets.com/arquivos/ids/231712/000000000627494005-UN-01.jpg?v=638078254526700000;Platos congelados;Cocktail;https://www.unimarc.cl/category/congelados/platos-congelados/cocktail;https://www.unimarc.cl/_next/data/0ucQ92dO_m9T9joH0FjVV/category/congelados/platos-congelados/cocktail.json?categories=congelados&categories=platos-congelados&categories=cocktail;2026-03-09T19:22:12
80213;Empanadas Como en Casa mechada queso 10 un caja 300 g;Como En Casa;1 un;unidad;3990;3990;;False;;$399 x unidad;$399 x unidad;https://www.unimarc.cl/empanada-como-en-casa-10u-mechada-queso/p;https://unimarc.vtexassets.com/arquivos/ids/225054/000000000653731001-UN-01.jpg?v=637836640808030000;Platos congelados;Cocktail;https://www.unimarc.cl/category/congelados/platos-congelados/cocktail;https://www.unimarc.cl/_next/data/0ucQ92dO_m9T9joH0FjVV/category/congelados/platos-congelados/cocktail.json?categories=congelados&categories=platos-congelados&categories=cocktail;2026-03-09T19:22:12
80214;Empanadas Como en Casa mix 10 un caja 300 g;Como En Casa;1 un;unidad;3990;3990;;False;;$399 x unidad;$399 x unidad;https://www.unimarc.cl/empanada-como-en-casa-10u-mix/p;https://unimarc.vtexassets.com/arquivos/ids/225055/000000000653731002-UN-01.jpg?v=637836657212130000;Platos congelados;Cocktail;https://www.unimarc.cl/category/congelados/platos-congelados/cocktail;https://www.unimarc.cl/_next/data/0ucQ92dO_m9T9joH0FjVV/category/congelados/platos-congelados/cocktail.json?categories=congelados&categories=platos-congelados&categories=cocktail;2026-03-09T19:22:12
80209;Quiche cocktail Como en Casa pollo ciboulette 10 un caja 350 g;Como En Casa;1 un;unidad;4290;4290;;False;;$429 x unidad;$429 x unidad;https://www.unimarc.cl/m-quiche-como-en-casa-10u-pollo-ciboul/p;https://unimarc.vtexassets.com/arquivos/ids/225052/000000000653730001-UN-01.jpg?v=637836614492370000;Platos congelados;Cocktail;https://www.unimarc.cl/category/congelados/platos-congelados/cocktail;https://www.unimarc.cl/_next/data/0ucQ92dO_m9T9joH0FjVV/category/congelados/platos-congelados/cocktail.json?categories=congelados&categories=platos-congelados&categories=cocktail;2026-03-09T19:22:12
86647;Sopaipillas cocktail Como en Casa con zapallo congeladas 30 un;Como En Casa;1 un;Kg;2890;2890;;False;;$9.633 x Kg;$9.633 x Kg;https://www.unimarc.cl/sopaipillas-cockt-c-zapallo-cong-cec-30u/p;https://unimarc.vtexassets.com/arquivos/ids/237673/000000000000667414-UN-01.jpg?v=638434288246870000;Platos congelados;Cocktail;https://www.unimarc.cl/category/congelados/platos-congelados/cocktail;https://www.unimarc.cl/_next/data/0ucQ92dO_m9T9joH0FjVV/category/congelados/platos-congelados/cocktail.json?categories=congelados&categories=platos-congelados&categories=cocktail;2026-03-09T19:22:12
80212;Pizzetas Como en Casa mediterránea 8 un caja 320 g;Como En Casa;1 un;unidad;4990;4990;;False;;$624 x unidad;$624 x unidad;https://www.unimarc.cl/pizzeta-como-en-casa-8un-mediterranea/p;https://unimarc.vtexassets.com/arquivos/ids/225051/000000000653729002-UN-01.jpg?v=637836611230030000;Platos congelados;Cocktail;https://www.unimarc.cl/category/congelados/platos-congelados/cocktail;https://www.unimarc.cl/_next/data/0ucQ92dO_m9T9joH0FjVV/category/congelados/platos-congelados/cocktail.json?categories=congelados&categories=platos-congelados&categories=cocktail;2026-03-09T19:22:12
80215;Empanadas Como en Casa aceituna queso 10 un caja 300 g;Como En Casa;1 un;unidad;3990;3990;;False;;$399 x unidad;$399 x unidad;https://www.unimarc.cl/empanada-como-en-casa-10-aceituna-queso/p;https://unimarc.vtexassets.com/arquivos/ids/225056/000000000653731003-UN-01.jpg?v=637836659529500000;Platos congelados;Cocktail;https://www.unimarc.cl/category/congelados/platos-congelados/cocktail;https://www.unimarc.cl/_next/data/0ucQ92dO_m9T9joH0FjVV/category/congelados/platos-congelados/cocktail.json?categories=congelados&categories=platos-congelados&categories=cocktail;2026-03-09T19:22:12
86646;Sopaipillas cocktail Como en Casa con zapallo congeladas 8 un;Como En Casa;1 un;Kg;2190;2190;;False;;$5.475 x Kg;$5.475 x Kg;https://www.unimarc.cl/sopaipillas-c-zapapall-cong-c-en-casa-8u/p;https://unimarc.vtexassets.com/arquivos/ids/237672/000000000000667413-UN-01.jpg?v=638434288222670000;Platos congelados;Cocktail;https://www.unimarc.cl/category/congelados/platos-congelados/cocktail;https://www.unimarc.cl/_next/data/0ucQ92dO_m9T9joH0FjVV/category/congelados/platos-congelados/cocktail.json?categories=congelados&categories=platos-congelados&categories=cocktail;2026-03-09T19:22:12
80211;Pizzetas Como en Casa mix 8 un caja 320 g;Como En Casa;1 un;unidad;4990;4990;;False;;$624 x unidad;$624 x unidad;https://www.unimarc.cl/pizzeta-como-en-casa-8un-mix/p;https://unimarc.vtexassets.com/arquivos/ids/225050/000000000653729001-UN-01.jpg?v=637836606974370000;Platos congelados;Cocktail;https://www.unimarc.cl/category/congelados/platos-congelados/cocktail;https://www.unimarc.cl/_next/data/0ucQ92dO_m9T9joH0FjVV/category/congelados/platos-congelados/cocktail.json?categories=congelados&categories=platos-congelados&categories=cocktail;2026-03-09T19:22:12
80210;Quiche cocktail Como en Casa espinaca queso 10 un caja 350 g;Como En Casa;1 un;unidad;4290;4290;;False;;$429 x unidad;$429 x unidad;https://www.unimarc.cl/m-quiche-como-en-casa-10-espinaca-queso/p;https://unimarc.vtexassets.com/arquivos/ids/225053/000000000653730002-UN-01.jpg?v=637836620406970000;Platos congelados;Cocktail;https://www.unimarc.cl/category/congelados/platos-congelados/cocktail;https://www.unimarc.cl/_next/data/0ucQ92dO_m9T9joH0FjVV/category/congelados/platos-congelados/cocktail.json?categories=congelados&categories=platos-congelados&categories=cocktail;2026-03-09T19:22:12
80216;Empanadas Como en Casa napolitana 10 un caja 300 g;Como En Casa;1 un;unidad;3990;3990;;False;;$399 x unidad;$399 x unidad;https://www.unimarc.cl/empanada-como-en-casa-10u-napolitana/p;https://unimarc.vtexassets.com/arquivos/ids/225057/000000000653731004-UN-01.jpg?v=637836662953700000;Platos congelados;Cocktail;https://www.unimarc.cl/category/congelados/platos-congelados/cocktail;https://www.unimarc.cl/_next/data/0ucQ92dO_m9T9joH0FjVV/category/congelados/platos-congelados/cocktail.json?categories=congelados&categories=platos-congelados&categories=cocktail;2026-03-09T19:22:12
89194;Cóctel La Pizka piña colada 350 cc;La Pizka;1 un;litro;7490;7490;;False;;$21.400 x litro;$21.400 x litro;https://www.unimarc.cl/coctel-pina-colada-cong-la-pizka-350-bot/p;https://unimarc.vtexassets.com/arquivos/ids/244610/000000000000671164-UN-01.jpg?v=638640837677030000;Platos congelados;Cocktail;https://www.unimarc.cl/category/congelados/platos-congelados/cocktail;https://www.unimarc.cl/_next/data/0ucQ92dO_m9T9joH0FjVV/category/congelados/platos-congelados/cocktail.json?categories=congelados&categories=platos-congelados&categories=cocktail;2026-03-09T19:22:12
89198;Cóctel La Pizka piña colada 1 L;La Pizka;1 un;litro;14990;14990;;False;;$14.990 x litro;$14.990 x litro;https://www.unimarc.cl/coctel-pina-colada-cong-la-pizka-1lt-bot/p;https://unimarc.vtexassets.com/arquivos/ids/244601/000000000000671215-UN-01.jpg?v=638640832860630000;Platos congelados;Cocktail;https://www.unimarc.cl/category/congelados/platos-congelados/cocktail;https://www.unimarc.cl/_next/data/0ucQ92dO_m9T9joH0FjVV/category/congelados/platos-congelados/cocktail.json?categories=congelados&categories=platos-congelados&categories=cocktail;2026-03-09T19:22:12
89199;Cóctel La Pizka moscow mule 1 L;La Pizka;1 un;litro;14990;14990;;False;;$14.990 x litro;$14.990 x litro;https://www.unimarc.cl/coctel-moscow-mule-cong-la-pizka-1lt-bot/p;https://unimarc.vtexassets.com/arquivos/ids/244599/000000000000671216-UN-01.jpg?v=638640831359530000;Platos congelados;Cocktail;https://www.unimarc.cl/category/congelados/platos-congelados/cocktail;https://www.unimarc.cl/_next/data/0ucQ92dO_m9T9joH0FjVV/category/congelados/platos-congelados/cocktail.json?categories=congelados&categories=platos-congelados&categories=cocktail;2026-03-09T19:22:12
89196;Cóctel La Pizka cosmopolitan 350 cc;La Pizka;1 un;litro;7490;7490;;False;;$21.400 x litro;$21.400 x litro;https://www.unimarc.cl/coctel-cosmopolitan-cong-la-pizka-350bot/p;https://unimarc.vtexassets.com/arquivos/ids/244605/000000000000671166-UN-01.jpg?v=638640834877800000;Platos congelados;Cocktail;https://www.unimarc.cl/category/congelados/platos-congelados/cocktail;https://www.unimarc.cl/_next/data/0ucQ92dO_m9T9joH0FjVV/category/congelados/platos-congelados/cocktail.json?categories=congelados&categories=platos-congelados&categories=cocktail;2026-03-09T19:22:12
89197;Cóctel La Pizka pomelo spritz 350 cc;La Pizka;1 un;litro;7490;7490;;False;;$21.400 x litro;$21.400 x litro;https://www.unimarc.cl/coctel-pomelo-spritz-cng-la-pizka-350bot/p;https://unimarc.vtexassets.com/arquivos/ids/244603/000000000000671167-UN-01.jpg?v=638640833872100000;Platos congelados;Cocktail;https://www.unimarc.cl/category/congelados/platos-congelados/cocktail;https://www.unimarc.cl/_next/data/0ucQ92dO_m9T9joH0FjVV/category/congelados/platos-congelados/cocktail.json?categories=congelados&categories=platos-congelados&categories=cocktail;2026-03-09T19:22:12
89195;Cóctel La Pizka moscow mule 350 cc;La Pizka;1 un;litro;7490;7490;;False;;$21.400 x litro;$21.400 x litro;https://www.unimarc.cl/coctel-moscow-mule-cong-la-pizka-350-bot/p;https://unimarc.vtexassets.com/arquivos/ids/244607/000000000000671165-UN-01.jpg?v=638640836032730000;Platos congelados;Cocktail;https://www.unimarc.cl/category/congelados/platos-congelados/cocktail;https://www.unimarc.cl/_next/data/0ucQ92dO_m9T9joH0FjVV/category/congelados/platos-congelados/cocktail.json?categories=congelados&categories=platos-congelados&categories=cocktail;2026-03-09T19:22:12
